exporter,importer,SWHE,DWHE,BARL,CORN,OCER,RAPE,SUNF,SOYA,OOIL,SUGB,SUGR,POTA,PULS,TOMA,OVEG,APPL,OFRU,CITR,WINE,OLIV,MILK,BUTR,SKIM,CHES,WHEY,BEEF,PORK,POUL,SHGM,EGGS,FATS,OFOD_M
EU27,EU27,0.0,0.0,0.0,0.0,0.0,0.0,0.0,0.0,0.0,0.0,0.0,0.0,0.0,0.0,0.0,0.0,0.0,0.0,0.0,0.0,0.0,0.0,0.0,0.0,0.0,0.0,0.0,0.0,0.0,0.0,0.0,0.0
EU27,USA,121.01567,0.0,158.02602,13.262360000000001,0.0,0.6718,52.05716,0.04993,0.0,0.0,0.11597,377.40175,0.0,0.0,0.0,0.0,0.0,0.0,0.0,0.0,1449.3216100000002,0.0,0.0,0.0,0.0,7.32336,125.59077,0.8530800000000001,0.0,7.95964,0.0,0.0
EU27,CAN,16.6645,0.0,31.800759999999997,0.74788,0.0,0.16366,9.94248,0.06636,0.0,0.0,1e-05,29.02259,0.0,0.0,0.0,0.0,0.0,0.0,0.0,0.0,152.94034,0.0,0.0,0.0,0.0,17.1531,32.77169,12.02669,0.0,0.54673,0.0,0.0
EU27,BRA,17.94291,0.0,419.3134,0.7028300000000001,0.0,0.041,1.7718699999999998,0.00057,0.0,0.0,0.0,269.83156,0.0,0.0,0.0,0.0,0.0,0.0,0.0,0.0,23.93994,0.0,0.0,0.0,0.0,0.03575,2.86558,0.07694,0.0,0.255,0.0,0.0
EU27,ARG,1.5676199999999998,0.0,3.1285700000000003,0.08834,0.0,0.046869999999999995,0.05837,0.00031,0.0,0.0,0.0,3.34192,0.0,0.0,0.0,0.0,0.0,0.0,0.0,0.0,2.09534,0.0,0.0,0.0,0.0,0.42283,0.93184,0.043840000000000004,0.0,0.15535,0.0,0.0
EU27,AUS,52.245290000000004,0.0,5.432060000000001,0.49713,0.0,0.12095,4.38001,0.10086,0.0,0.0,0.0269,61.725379999999994,0.0,0.0,0.0,0.0,0.0,0.0,0.0,0.0,283.0172,0.0,0.0,0.0,0.0,0.28539,91.21378,0.45343,0.0,1.83009,0.0,0.0
EU27,NZL,4.90694,0.0,1.55862,78.26417,0.0,0.060090000000000005,1.58995,0.01132,0.0,0.0,0.0,6.906689999999999,0.0,0.0,0.0,0.0,0.0,0.0,0.0,0.0,41.76146,0.0,0.0,0.0,0.0,0.1641,48.0824,0.054369999999999995,0.0,2.0841,0.0,0.0
EU27,CHN,3270.49699,0.0,7314.2103,357.51356,0.0,2e-05,67.08630000000001,0.011890000000000001,0.0,0.0,0.0,112.82619,0.0,0.0,0.0,0.0,0.0,0.0,0.0,0.0,5098.5244,0.0,0.0,0.0,0.0,26.63418,3839.99181,18.25816,0.0,3.2484,0.0,0.0
EU27,IND,1.90679,0.0,19.69293,0.96678,0.0,0.00103,0.54689,0.0,0.0,0.0,0.0,0.14047,0.0,0.0,0.0,0.0,0.0,0.0,0.0,0.0,7.74923,0.0,0.0,0.0,0.0,0.00041999999999999996,0.7410599999999999,0.00789,0.0,0.08033,0.0,0.0
EU27,RUS,56.355959999999996,0.0,64.06199,83.93683999999999,0.0,5.45254,10.193370000000002,120.72527000000001,0.0,0.0,0.45556,150.09510999999998,0.0,0.0,0.0,0.0,0.0,0.0,0.0,0.0,8.74627,0.0,0.0,0.0,0.0,1.5485499999999999,0.47187,1.7452999999999999,0.0,32.14813,0.0,0.0
EU27,UKR,31.25477,0.0,15.62482,20.067310000000003,0.0,3.16211,9.59958,0.39171,0.0,0.0,0.02714,181.71143,0.0,0.0,0.0,0.0,0.0,0.0,0.0,0.0,446.76999,0.0,0.0,0.0,0.0,9.1921,39.65342,64.50565,0.0,1.72857,0.0,0.0
EU27,TUR,0.0,0.0,0.0,0.0,0.0,0.0,0.0,0.0,0.0,0.0,0.0,0.0,0.0,0.0,0.0,0.0,0.0,0.0,0.0,0.0,0.0,0.0,0.0,0.0,0.0,0.0,0.0,0.0,0.0,0.0,0.0,0.0
EU27,MEX,82.78994,0.0,172.68867,0.22713,0.0,0.00124,2.55351,0.00027,0.0,0.0,0.0,45.706019999999995,0.0,0.0,0.0,0.0,0.0,0.0,0.0,0.0,44.67694,0.0,0.0,0.0,0.0,0.21621,5.32778,0.06558,0.0,1.07292,0.0,0.0
EU27,IDN,236.6008,0.0,23.60494,0.0035499999999999998,0.0,0.00013000000000000002,0.25456,0.08056999999999999,0.0,0.0,0.0,115.58787,0.0,0.0,0.0,0.0,0.0,0.0,0.0,0.0,709.56415,0.0,0.0,0.0,0.0,3.81533,2.02061,0.00534,0.0,0.09445,0.0,0.0
EU27,JPN,26.466990000000003,0.0,191.70345,9.61732,0.0,0.30505,0.34646,0.00802,0.0,0.0,0.0,101.22061,0.0,0.0,0.0,0.0,0.0,0.0,0.0,0.0,631.24145,0.0,0.0,0.0,0.0,23.16471,291.6132,2.77556,0.0,6.20237,0.0,0.0
EU27,KOR,0.0,0.0,0.0,0.0,0.0,0.0,0.0,0.0,0.0,0.0,0.0,0.0,0.0,0.0,0.0,0.0,0.0,0.0,0.0,0.0,0.0,0.0,0.0,0.0,0.0,0.0,0.0,0.0,0.0,0.0,0.0,0.0
EU27,THA,232.65716,0.0,42.71482,4.253229999999999,0.0,0.00133,0.08879000000000001,2.81112,0.0,0.0,0.68008,51.48845,0.0,0.0,0.0,0.0,0.0,0.0,0.0,0.0,339.33961,0.0,0.0,0.0,0.0,0.27479000000000003,0.45708,0.60902,0.0,2.8433,0.0,0.0
EU27,VNM,543.68535,0.0,100.20811,69.11831,0.0,0.02418,0.05017,0.01765,0.0,0.0,0.0,22.19425,0.0,0.0,0.0,0.0,0.0,0.0,0.0,0.0,237.77031,0.0,0.0,0.0,0.0,5.86253,68.86719000000001,15.231219999999999,0.0,0.18788999999999997,0.0,0.0
EU27,PAK,473.5843,0.0,0.0,0.18531,0.0,0.0,0.07973999999999999,0.0,0.0,0.0,0.0,9.79935,0.0,0.0,0.0,0.0,0.0,0.0,0.0,0.0,103.11765,0.0,0.0,0.0,0.0,0.01095,0.00020999999999999998,0.00017,0.0,0.37033,0.0,0.0
EU27,BGD,31.03004,0.0,0.28616,0.50327,0.0,0.29946,0.01091,0.0,0.0,0.0,0.0,14.276909999999999,0.0,0.0,0.0,0.0,0.0,0.0,0.0,0.0,164.24664,0.0,0.0,0.0,0.0,0.0,0.19205,0.00265,0.0,0.0,0.0,0.0
EU27,NGA,2536.77225,0.0,341.38286999999997,0.04804,0.0,0.0,0.0,0.0,0.0,0.0,0.0,12.75726,0.0,0.0,0.0,0.0,0.0,0.0,0.0,0.0,465.09015000000005,0.0,0.0,0.0,0.0,0.03473,0.22718,0.06173,0.0,0.11328,0.0,0.0
EU27,ZAF,893.6938100000001,0.0,121.75796000000001,7.88866,0.0,0.5378200000000001,0.61285,0.0015400000000000001,0.0,0.0,0.0,54.22312,0.0,0.0,0.0,0.0,0.0,0.0,0.0,0.0,195.84995,0.0,0.0,0.0,0.0,0.48678,10.67568,33.20556,0.0,2.26402,0.0,0.0
EU27,ETH,0.0,0.0,0.0,0.0,0.0,0.0,0.0,0.0,0.0,0.0,0.0,0.0,0.0,0.0,0.0,0.0,0.0,0.0,0.0,0.0,0.0,0.0,0.0,0.0,0.0,0.0,0.0,0.0,0.0,0.0,0.0,0.0
EU27,EGY,1723.8378300000002,0.0,0.1018,479.89858000000004,0.0,0.00019,0.43539999999999995,11.64227,0.0,0.0,1.97238,47.9107,0.0,0.0,0.0,0.0,0.0,0.0,0.0,0.0,492.60765000000004,0.0,0.0,0.0,0.0,0.5378200000000001,0.00145,0.02025,0.0,0.62654,0.0,0.0
EU27,MAR,0.0,0.0,0.0,0.0,0.0,0.0,0.0,0.0,0.0,0.0,0.0,0.0,0.0,0.0,0.0,0.0,0.0,0.0,0.0,0.0,0.0,0.0,0.0,0.0,0.0,0.0,0.0,0.0,0.0,0.0,0.0,0.0
EU27,DZA,0.0,0.0,0.0,0.0,0.0,0.0,0.0,0.0,0.0,0.0,0.0,0.0,0.0,0.0,0.0,0.0,0.0,0.0,0.0,0.0,0.0,0.0,0.0,0.0,0.0,0.0,0.0,0.0,0.0,0.0,0.0,0.0
EU27,SAU,0.0,0.0,0.0,0.0,0.0,0.0,0.0,0.0,0.0,0.0,0.0,0.0,0.0,0.0,0.0,0.0,0.0,0.0,0.0,0.0,0.0,0.0,0.0,0.0,0.0,0.0,0.0,0.0,0.0,0.0,0.0,0.0
EU27,IRN,0.0,0.0,0.0,0.0,0.0,0.0,0.0,0.0,0.0,0.0,0.0,0.0,0.0,0.0,0.0,0.0,0.0,0.0,0.0,0.0,0.0,0.0,0.0,0.0,0.0,0.0,0.0,0.0,0.0,0.0,0.0,0.0
EU27,ROW,0.0,0.0,0.0,0.0,0.0,0.0,0.0,0.0,0.0,0.0,0.0,0.0,0.0,0.0,0.0,0.0,0.0,0.0,0.0,0.0,0.0,0.0,0.0,0.0,0.0,0.0,0.0,0.0,0.0,0.0,0.0,0.0
USA,EU27,340.11694,0.0,0.09898,21.44162,0.0,0.82411,27.431720000000002,3158.71295,0.0,0.0,0.0,1.78249,0.0,0.0,0.0,0.0,0.0,0.0,0.0,0.0,68.26482,0.0,0.0,0.0,0.0,4.16701,0.61407,1.17067,0.0,7.93501,0.0,0.0
USA,USA,0.0,0.0,0.0,0.0,0.0,0.0,0.0,0.0,0.0,0.0,0.0,0.0,0.0,0.0,0.0,0.0,0.0,0.0,0.0,0.0,0.0,0.0,0.0,0.0,0.0,0.0,0.0,0.0,0.0,0.0,0.0,0.0
USA,CAN,1456.0130800000002,0.0,294.33757,4716.68682,0.0,119.19452,23.82513,440.36068,0.0,0.0,0.08684,408.53699,0.0,0.0,0.0,0.0,0.0,0.0,0.0,0.0,573.46893,0.0,0.0,0.0,0.0,144.13134,306.95041,165.82898,0.0,78.06298,0.0,0.0
USA,BRA,90.4932,0.0,0.16906000000000002,26.66505,0.0,0.06678,0.0,24.052419999999998,0.0,0.0,0.0,0.5139199999999999,0.0,0.0,0.0,0.0,0.0,0.0,0.0,0.0,6.493399999999999,0.0,0.0,0.0,0.0,0.4235,0.019370000000000002,0.0,0.0,0.57155,0.0,0.0
USA,ARG,0.66459,0.0,0.0,7.616779999999999,0.0,0.023780000000000003,0.12521,4.18882,0.0,0.0,0.0,0.00926,0.0,0.0,0.0,0.0,0.0,0.0,0.0,0.0,0.6739700000000001,0.0,0.0,0.0,0.0,0.00777,0.01567,0.0,0.0,0.24667,0.0,0.0
USA,AUS,7.48945,0.0,0.33401,44.094550000000005,0.0,0.70962,0.002,0.07557,0.0,0.0,0.0,43.09578,0.0,0.0,0.0,0.0,0.0,0.0,0.0,0.0,193.59158,0.0,0.0,0.0,0.0,0.20904,89.92272,0.40258999999999995,0.0,0.9489,0.0,0.0
USA,NZL,1.49953,0.0,0.0037099999999999998,37.03582,0.0,0.06667000000000001,0.01838,0.06456999999999999,0.0,0.0,0.0,6.13689,0.0,0.0,0.0,0.0,0.0,0.0,0.0,0.0,66.37827,0.0,0.0,0.0,0.0,0.19827,15.73846,0.35929,0.0,0.12783,0.0,0.0
USA,CHN,5480.4314699999995,0.0,0.63173,38626.86129,0.0,0.9982000000000001,0.20042,58825.244490000005,0.0,0.0,0.0,176.0214,0.0,0.0,0.0,0.0,0.0,0.0,0.0,0.0,1313.27643,0.0,0.0,0.0,0.0,449.64301,984.55952,952.1230899999999,0.0,43.11466,0.0,0.0
USA,IND,0.59539,0.0,0.09487000000000001,8.51466,0.0,0.0033599999999999997,0.0,0.14703,0.0,0.0,0.0,0.15952000000000002,0.0,0.0,0.0,0.0,0.0,0.0,0.0,0.0,2.55043,0.0,0.0,0.0,0.0,0.062200000000000005,4e-05,0.02678,0.0,0.08776,0.0,0.0
USA,RUS,0.0935,0.0,0.0,0.027219999999999998,0.0,0.00378,4.02192,0.0075899999999999995,0.0,0.0,0.0,0.17261,0.0,0.0,0.0,0.0,0.0,0.0,0.0,0.0,0.03731,0.0,0.0,0.0,0.0,0.0,0.0,0.0,0.0,0.36448,0.0,0.0
USA,UKR,0.17145,0.0,0.0,0.45763,0.0,0.0,6.78395,0.13071000000000002,0.0,0.0,0.0,0.0,0.0,0.0,0.0,0.0,0.0,0.0,0.0,0.0,1.8073800000000002,0.0,0.0,0.0,0.0,0.23953,0.01264,0.18466,0.0,0.00094,0.0,0.0
USA,TUR,0.0,0.0,0.0,0.0,0.0,0.0,0.0,0.0,0.0,0.0,0.0,0.0,0.0,0.0,0.0,0.0,0.0,0.0,0.0,0.0,0.0,0.0,0.0,0.0,0.0,0.0,0.0,0.0,0.0,0.0,0.0,0.0
USA,MEX,4400.75338,0.0,560.8521999999999,17004.594820000002,0.0,0.31644,10.526819999999999,4513.31761,0.0,0.0,0.013439999999999999,476.85331,0.0,0.0,0.0,0.0,0.0,0.0,0.0,0.0,3461.2742200000002,0.0,0.0,0.0,0.0,118.39693,993.4162,940.33979,0.0,101.11966000000001,0.0,0.0
USA,IDN,376.33820000000003,0.0,0.0,151.53909,0.0,0.0,0.0,2092.02427,0.0,0.0,0.0,31.90953,0.0,0.0,0.0,0.0,0.0,0.0,0.0,0.0,807.33639,0.0,0.0,0.0,0.0,16.23204,0.5267200000000001,0.19041999999999998,0.0,0.02974,0.0,0.0
USA,JPN,2268.49094,0.0,21.16967,11407.63465,0.0,0.56178,0.94874,2414.4656400000003,0.0,0.0,0.0,587.93629,0.0,0.0,0.0,0.0,0.0,0.0,0.0,0.0,335.42226,0.0,0.0,0.0,0.0,306.88953999999995,557.08825,19.45533,0.0,28.4403,0.0,0.0
USA,KOR,0.0,0.0,0.0,0.0,0.0,0.0,0.0,0.0,0.0,0.0,0.0,0.0,0.0,0.0,0.0,0.0,0.0,0.0,0.0,0.0,0.0,0.0,0.0,0.0,0.0,0.0,0.0,0.0,0.0,0.0,0.0,0.0
USA,THA,632.12547,0.0,0.0,36.10551,0.0,0.91872,0.00725,979.10962,0.0,0.0,0.0,12.164069999999999,0.0,0.0,0.0,0.0,0.0,0.0,0.0,0.0,163.60828,0.0,0.0,0.0,0.0,1.6052899999999999,0.0005899999999999999,0.19747,0.0,0.08617,0.0,0.0
USA,VNM,245.43873000000002,0.0,0.0,520.87486,0.0,0.0,0.0,749.2220699999999,0.0,0.0,0.036289999999999996,14.99926,0.0,0.0,0.0,0.0,0.0,0.0,0.0,0.0,736.17336,0.0,0.0,0.0,0.0,7.78509,6.4334,99.08708,0.0,0.8314,0.0,0.0
USA,PAK,0.19825,0.0,0.0,23.305790000000002,0.0,0.0,0.0,777.5155699999999,0.0,0.0,0.0,0.49945999999999996,0.0,0.0,0.0,0.0,0.0,0.0,0.0,0.0,64.18303,0.0,0.0,0.0,0.0,1e-05,0.01452,0.00417,0.0,0.16578,0.0,0.0
USA,BGD,214.29185,0.0,0.0,1.07366,0.0,0.0,0.0,966.02577,0.0,0.0,0.0,0.56174,0.0,0.0,0.0,0.0,0.0,0.0,0.0,0.0,4.85979,0.0,0.0,0.0,0.0,0.0041600000000000005,0.0023799999999999997,0.0,0.0,1e-05,0.0,0.0
USA,NGA,1690.4818400000001,0.0,0.0,0.90615,0.0,0.0,0.0,0.13928000000000001,0.0,0.0,0.0,0.11261,0.0,0.0,0.0,0.0,0.0,0.0,0.0,0.0,8.67068,0.0,0.0,0.0,0.0,0.0033599999999999997,0.0,0.0008900000000000001,0.0,0.01284,0.0,0.0
USA,ZAF,34.20324,0.0,0.00214,33.22589,0.0,0.02577,0.00531,44.65644,0.0,0.0,0.0,0.8839600000000001,0.0,0.0,0.0,0.0,0.0,0.0,0.0,0.0,7.09404,0.0,0.0,0.0,0.0,0.07947,0.011710000000000002,72.28784,0.0,0.28822000000000003,0.0,0.0
USA,ETH,0.0,0.0,0.0,0.0,0.0,0.0,0.0,0.0,0.0,0.0,0.0,0.0,0.0,0.0,0.0,0.0,0.0,0.0,0.0,0.0,0.0,0.0,0.0,0.0,0.0,0.0,0.0,0.0,0.0,0.0,0.0,0.0
USA,EGY,86.52846000000001,0.0,0.0,1239.07297,0.0,0.0,0.30951,2454.16109,0.0,0.0,0.0,0.11156999999999999,0.0,0.0,0.0,0.0,0.0,0.0,0.0,0.0,243.61133999999998,0.0,0.0,0.0,0.0,0.59675,0.00157,0.03686,0.0,0.0,0.0,0.0
USA,MAR,0.0,0.0,0.0,0.0,0.0,0.0,0.0,0.0,0.0,0.0,0.0,0.0,0.0,0.0,0.0,0.0,0.0,0.0,0.0,0.0,0.0,0.0,0.0,0.0,0.0,0.0,0.0,0.0,0.0,0.0,0.0,0.0
USA,DZA,0.0,0.0,0.0,0.0,0.0,0.0,0.0,0.0,0.0,0.0,0.0,0.0,0.0,0.0,0.0,0.0,0.0,0.0,0.0,0.0,0.0,0.0,0.0,0.0,0.0,0.0,0.0,0.0,0.0,0.0,0.0,0.0
USA,SAU,0.0,0.0,0.0,0.0,0.0,0.0,0.0,0.0,0.0,0.0,0.0,0.0,0.0,0.0,0.0,0.0,0.0,0.0,0.0,0.0,0.0,0.0,0.0,0.0,0.0,0.0,0.0,0.0,0.0,0.0,0.0,0.0
USA,IRN,0.0,0.0,0.0,0.0,0.0,0.0,0.0,0.0,0.0,0.0,0.0,0.0,0.0,0.0,0.0,0.0,0.0,0.0,0.0,0.0,0.0,0.0,0.0,0.0,0.0,0.0,0.0,0.0,0.0,0.0,0.0,0.0
USA,ROW,0.0,0.0,0.0,0.0,0.0,0.0,0.0,0.0,0.0,0.0,0.0,0.0,0.0,0.0,0.0,0.0,0.0,0.0,0.0,0.0,0.0,0.0,0.0,0.0,0.0,0.0,0.0,0.0,0.0,0.0,0.0,0.0
CAN,EU27,1401.18327,0.0,0.60922,1002.33136,0.0,996.75888,0.04881,808.12243,0.0,0.0,0.0,0.08574,0.0,0.0,0.0,0.0,0.0,0.0,0.0,0.0,1.63536,0.0,0.0,0.0,0.0,2.1161999999999996,0.33691000000000004,0.11156999999999999,0.0,0.15005000000000002,0.0,0.0
CAN,USA,2268.93681,0.0,589.49951,791.5676500000001,0.0,463.43071999999995,47.10771,159.79653,0.0,0.0,0.0,2253.49005,0.0,0.0,0.0,0.0,0.0,0.0,0.0,0.0,88.0578,0.0,0.0,0.0,0.0,411.39678999999995,465.98482,86.10176,0.0,16.55797,0.0,0.0
CAN,CAN,0.0,0.0,0.0,0.0,0.0,0.0,0.0,0.0,0.0,0.0,0.0,0.0,0.0,0.0,0.0,0.0,0.0,0.0,0.0,0.0,0.0,0.0,0.0,0.0,0.0,0.0,0.0,0.0,0.0,0.0,0.0,0.0
CAN,BRA,31.3334,0.0,22.569470000000003,0.0,0.0,2.3609400000000003,0.0,0.00109,0.0,0.0,0.0,0.0,0.0,0.0,0.0,0.0,0.0,0.0,0.0,0.0,1.2590999999999999,0.0,0.0,0.0,0.0,0.0,0.0,0.0,0.0,0.13941,0.0,0.0
CAN,ARG,0.0,0.0,8.53796,0.0,0.0,0.60617,0.0,0.00985,0.0,0.0,0.0,0.0,0.0,0.0,0.0,0.0,0.0,0.0,0.0,0.0,0.06358,0.0,0.0,0.0,0.0,0.0,0.0,0.0,0.0,0.0,0.0,0.0
CAN,AUS,0.49813,0.0,0.6152000000000001,0.00204,0.0,1.28713,0.00016,0.43897,0.0,0.0,0.0,4.35746,0.0,0.0,0.0,0.0,0.0,0.0,0.0,0.0,1.8528699999999998,0.0,0.0,0.0,0.0,0.01091,7.39902,0.0,0.0,0.72233,0.0,0.0
CAN,NZL,0.04355,0.0,0.0,0.0,0.0,0.0,0.0,1.75226,0.0,0.0,0.0,0.0015,0.0,0.0,0.0,0.0,0.0,0.0,0.0,0.0,0.07770999999999999,0.0,0.0,0.0,0.0,0.0009,4.68456,0.0,0.0,0.01235,0.0,0.0
CAN,CHN,4823.22326,0.0,6886.51491,0.12344,0.0,4742.16187,0.0,1180.2443500000002,0.0,0.0,0.0,6.99123,0.0,0.0,0.0,0.0,0.0,0.0,0.0,0.0,5.35459,0.0,0.0,0.0,0.0,56.193870000000004,528.8733100000001,1.60148,0.0,0.53398,0.0,0.0
CAN,IND,0.0,0.0,0.0,0.0,0.0,0.0,0.0,0.04503,0.0,0.0,0.0,0.0,0.0,0.0,0.0,0.0,0.0,0.0,0.0,0.0,0.0,0.0,0.0,0.0,0.0,0.0,0.00031,0.0,0.0,0.0,0.0,0.0
CAN,RUS,2e-05,0.0,0.0019,0.0,0.0,0.12079999999999999,0.0,1.38252,0.0,0.0,0.0,0.00731,0.0,0.0,0.0,0.0,0.0,0.0,0.0,0.0,0.0,0.0,0.0,0.0,0.0,0.0,0.0,0.0,0.0,0.8659,0.0,0.0
CAN,UKR,0.055439999999999996,0.0,0.13868,0.04134,0.0,0.00073,0.0,0.5066,0.0,0.0,0.0,0.0,0.0,0.0,0.0,0.0,0.0,0.0,0.0,0.0,0.0,0.0,0.0,0.0,0.0,0.0,2.32715,0.03506,0.0,0.0,0.0,0.0
CAN,TUR,0.0,0.0,0.0,0.0,0.0,0.0,0.0,0.0,0.0,0.0,0.0,0.0,0.0,0.0,0.0,0.0,0.0,0.0,0.0,0.0,0.0,0.0,0.0,0.0,0.0,0.0,0.0,0.0,0.0,0.0,0.0,0.0
CAN,MEX,520.40681,0.0,132.01858,0.0,0.0,1328.55992,0.06944,7.69154,0.0,0.0,0.0,85.32871,0.0,0.0,0.0,0.0,0.0,0.0,0.0,0.0,1.63756,0.0,0.0,0.0,0.0,17.91121,155.52387,0.28426999999999997,0.0,0.00513,0.0,0.0
CAN,IDN,1786.72146,0.0,0.0,0.0,0.0,0.31209,0.0,280.37926,0.0,0.0,0.0,8.198649999999999,0.0,0.0,0.0,0.0,0.0,0.0,0.0,0.0,11.35188,0.0,0.0,0.0,0.0,0.0,0.0,0.0,0.0,0.0,0.0,0.0
CAN,JPN,1725.67771,0.0,195.65901000000002,30.12266,0.0,2068.61617,0.64808,280.82453000000004,0.0,0.0,0.0,63.72808,0.0,0.0,0.0,0.0,0.0,0.0,0.0,0.0,2.89477,0.0,0.0,0.0,0.0,57.89237,344.62952,0.0018,0.0,2.19727,0.0,0.0
CAN,KOR,0.0,0.0,0.0,0.0,0.0,0.0,0.0,0.0,0.0,0.0,0.0,0.0,0.0,0.0,0.0,0.0,0.0,0.0,0.0,0.0,0.0,0.0,0.0,0.0,0.0,0.0,0.0,0.0,0.0,0.0,0.0,0.0
CAN,THA,160.19656,0.0,0.0,0.0,0.0,2.8315799999999998,0.0,43.77482,0.0,0.0,0.0,8.2136,0.0,0.0,0.0,0.0,0.0,0.0,0.0,0.0,3.58119,0.0,0.0,0.0,0.0,0.0,0.0,0.0,0.0,0.0,0.0,0.0
CAN,VNM,22.78744,0.0,0.0,0.0,0.0,0.0846,0.0,90.94722,0.0,0.0,0.0,1.05925,0.0,0.0,0.0,0.0,0.0,0.0,0.0,0.0,5.59229,0.0,0.0,0.0,0.0,12.51193,27.834580000000003,0.44949,0.0,0.0,0.0,0.0
CAN,PAK,0.5163,0.0,0.0,0.0,0.0,402.71263,0.0029300000000000003,86.09549000000001,0.0,0.0,0.0,0.0,0.0,0.0,0.0,0.0,0.0,0.0,0.0,0.0,1.8988399999999999,0.0,0.0,0.0,0.0,0.0,0.0013700000000000001,1e-05,0.0,0.0,0.0,0.0
CAN,BGD,875.9105999999999,0.0,0.0,0.0,0.0,115.40088,0.0,260.69794,0.0,0.0,0.0,0.0,0.0,0.0,0.0,0.0,0.0,0.0,0.0,0.0,0.0,0.0,0.0,0.0,0.0,0.0,0.0,0.0,0.0,0.0,0.0,0.0
CAN,NGA,877.93403,0.0,0.0,0.0,0.0,0.00017999999999999998,0.0,0.0,0.0,0.0,0.0,0.0,0.0,0.0,0.0,0.0,0.0,0.0,0.0,0.0,0.0,0.0,0.0,0.0,0.0,0.0,0.0,0.0,0.0,0.0,0.0,0.0
CAN,ZAF,78.85713,0.0,0.30412,0.0,0.0,0.6509299999999999,0.0,0.0,0.0,0.0,0.0,0.00068,0.0,0.0,0.0,0.0,0.0,0.0,0.0,0.0,1.57354,0.0,0.0,0.0,0.0,0.0,0.58037,6.75771,0.0,0.0,0.0,0.0
CAN,ETH,0.0,0.0,0.0,0.0,0.0,0.0,0.0,0.0,0.0,0.0,0.0,0.0,0.0,0.0,0.0,0.0,0.0,0.0,0.0,0.0,0.0,0.0,0.0,0.0,0.0,0.0,0.0,0.0,0.0,0.0,0.0,0.0
CAN,EGY,4.76081,0.0,0.0,0.61529,0.0,0.01064,0.0,93.599,0.0,0.0,0.0,0.0,0.0,0.0,0.0,0.0,0.0,0.0,0.0,0.0,37.225190000000005,0.0,0.0,0.0,0.0,0.08306000000000001,0.0,0.0,0.0,0.0,0.0,0.0
CAN,MAR,0.0,0.0,0.0,0.0,0.0,0.0,0.0,0.0,0.0,0.0,0.0,0.0,0.0,0.0,0.0,0.0,0.0,0.0,0.0,0.0,0.0,0.0,0.0,0.0,0.0,0.0,0.0,0.0,0.0,0.0,0.0,0.0
CAN,DZA,0.0,0.0,0.0,0.0,0.0,0.0,0.0,0.0,0.0,0.0,0.0,0.0,0.0,0.0,0.0,0.0,0.0,0.0,0.0,0.0,0.0,0.0,0.0,0.0,0.0,0.0,0.0,0.0,0.0,0.0,0.0,0.0
CAN,SAU,0.0,0.0,0.0,0.0,0.0,0.0,0.0,0.0,0.0,0.0,0.0,0.0,0.0,0.0,0.0,0.0,0.0,0.0,0.0,0.0,0.0,0.0,0.0,0.0,0.0,0.0,0.0,0.0,0.0,0.0,0.0,0.0
CAN,IRN,0.0,0.0,0.0,0.0,0.0,0.0,0.0,0.0,0.0,0.0,0.0,0.0,0.0,0.0,0.0,0.0,0.0,0.0,0.0,0.0,0.0,0.0,0.0,0.0,0.0,0.0,0.0,0.0,0.0,0.0,0.0,0.0
CAN,ROW,0.0,0.0,0.0,0.0,0.0,0.0,0.0,0.0,0.0,0.0,0.0,0.0,0.0,0.0,0.0,0.0,0.0,0.0,0.0,0.0,0.0,0.0,0.0,0.0,0.0,0.0,0.0,0.0,0.0,0.0,0.0,0.0
BRA,EU27,0.66226,0.0,14.27219,2859.13013,0.0,1e-05,0.0,6155.52671,0.0,0.0,0.0014299999999999998,1.17252,0.0,0.0,0.0,0.0,0.0,0.0,0.0,0.0,0.79474,0.0,0.0,0.0,0.0,61.09814,0.41657,35.11751,0.0,0.17466,0.0,0.0
BRA,USA,3.42971,0.0,0.0,91.28972999999999,0.0,0.0,0.0,175.78385999999998,0.0,0.0,0.81376,1.26633,0.0,0.0,0.0,0.0,0.0,0.0,0.0,0.0,5.37453,0.0,0.0,0.0,0.0,164.46582,25.61225,0.51807,0.0,2.02245,0.0,0.0
BRA,CAN,0.16963999999999999,0.0,0.0,0.055560000000000005,0.0,0.0,2e-05,27.599580000000003,0.0,0.0,0.00471,0.00322,0.0,0.0,0.0,0.0,0.0,0.0,0.0,0.0,0.00079,0.0,0.0,0.0,0.0,3.29729,0.00302,17.1078,0.0,0.00019,0.0,0.0
BRA,BRA,0.0,0.0,0.0,0.0,0.0,0.0,0.0,0.0,0.0,0.0,0.0,0.0,0.0,0.0,0.0,0.0,0.0,0.0,0.0,0.0,0.0,0.0,0.0,0.0,0.0,0.0,0.0,0.0,0.0,0.0,0.0,0.0
BRA,ARG,2.5549899999999997,0.0,1.21692,1.94221,0.0,0.0,0.03265,218.06568,0.0,0.0,0.0,6.21734,0.0,0.0,0.0,0.0,0.0,0.0,0.0,0.0,3.36848,0.0,0.0,0.0,0.0,3.9690100000000004,57.621559999999995,10.03239,0.0,0.46796,0.0,0.0
BRA,AUS,0.0458,0.0,0.0,1.8571199999999999,0.0,0.0,0.0,0.0,0.0,0.0,0.0,0.14662,0.0,0.0,0.0,0.0,0.0,0.0,0.0,0.0,0.06518,0.0,0.0,0.0,0.0,0.9096799999999999,0.06713,0.0,0.0,0.0,0.0,0.0
BRA,NZL,0.0079,0.0,0.0,0.00707,0.0,0.0,0.0,0.0,0.0,0.0,0.0,0.01025,0.0,0.0,0.0,0.0,0.0,0.0,0.0,0.0,1.0535999999999999,0.0,0.0,0.0,0.0,0.09053,0.0,0.0,0.0,0.00041999999999999996,0.0,0.0
BRA,CHN,0.05779,0.0,1e-05,0.06736,0.0,0.0,0.0,117300.46985,0.0,0.0,0.00244,0.07456,0.0,0.0,0.0,0.0,0.0,0.0,0.0,0.0,0.17048,0.0,0.0,0.0,0.0,2077.32183,225.47418,1392.84744,0.0,0.07536,0.0,0.0
BRA,IND,0.00252,0.0,0.0,1.22618,0.0,0.0,0.0,0.0,0.0,0.0,0.0,0.00546,0.0,0.0,0.0,0.0,0.0,0.0,0.0,0.0,0.0182,0.0,0.0,0.0,0.0,0.0028399999999999996,0.00131,0.1372,0.0,0.00155,0.0,0.0
BRA,RUS,0.0,0.0,0.0,0.0,0.0,0.0,0.0,869.6286899999999,0.0,0.0,0.0,2.9999999999999997e-05,0.0,0.0,0.0,0.0,0.0,0.0,0.0,0.0,5.28144,0.0,0.0,0.0,0.0,32.09731,12.046959999999999,100.64869,0.0,0.01456,0.0,0.0
BRA,UKR,0.0,0.0,0.0,0.0,0.0,0.0,0.0,0.62879,0.0,0.0,0.0,0.0,0.0,0.0,0.0,0.0,0.0,0.0,0.0,0.0,0.0,0.0,0.0,0.0,0.0,0.00023999999999999998,0.23341,0.06570999999999999,0.0,0.0,0.0,0.0
BRA,TUR,0.0,0.0,0.0,0.0,0.0,0.0,0.0,0.0,0.0,0.0,0.0,0.0,0.0,0.0,0.0,0.0,0.0,0.0,0.0,0.0,0.0,0.0,0.0,0.0,0.0,0.0,0.0,0.0,0.0,0.0,0.0,0.0
BRA,MEX,0.08684,0.0,0.0,420.10844000000003,0.0,0.0,0.0,981.3219200000001,0.0,0.0,0.0,2.50927,0.0,0.0,0.0,0.0,0.0,0.0,0.0,0.0,0.0,0.0,0.0,0.0,0.0,0.0072,0.0,126.33408,0.0,4.115939999999999,0.0,0.0
BRA,IDN,235.80382999999998,0.0,0.0,189.76359,0.0,0.0,0.0,8.54482,0.0,0.0,0.0,0.0,0.0,0.0,0.0,0.0,0.0,0.0,0.0,0.0,0.0,0.0,0.0,0.0,0.0,20.15825,3.51443,0.67103,0.0,0.0,0.0,0.0
BRA,JPN,0.42401,0.0,0.0,1974.47517,0.0,0.0,0.0,503.88692,0.0,0.0,0.0,0.25939999999999996,0.0,0.0,0.0,0.0,0.0,0.0,0.0,0.0,0.07106,0.0,0.0,0.0,0.0,0.037579999999999995,27.15538,444.07075,0.0,1.00057,0.0,0.0
BRA,KOR,0.0,0.0,0.0,0.0,0.0,0.0,0.0,0.0,0.0,0.0,0.0,0.0,0.0,0.0,0.0,0.0,0.0,0.0,0.0,0.0,0.0,0.0,0.0,0.0,0.0,0.0,0.0,0.0,0.0,0.0,0.0,0.0
BRA,THA,59.854169999999996,0.0,0.0,0.015210000000000001,0.0,0.0,0.0,2863.80388,0.0,0.0,0.0,0.00611,0.0,0.0,0.0,0.0,0.0,0.0,0.0,0.0,0.03428,0.0,0.0,0.0,0.0,3.0014499999999997,0.5750700000000001,0.3514,0.0,0.00563,0.0,0.0
BRA,VNM,234.20837,0.0,0.0,968.6161500000001,0.0,0.0,0.0,1098.5146499999998,0.0,0.0,0.0,0.00011999999999999999,0.0,0.0,0.0,0.0,0.0,0.0,0.0,0.0,0.00227,0.0,0.0,0.0,0.0,0.41501,67.19897,34.4037,0.0,0.00035,0.0,0.0
BRA,PAK,61.11205,0.0,0.0,0.9318,0.0,1.58479,0.0,1683.40491,0.0,0.0,0.0,1e-05,0.0,0.0,0.0,0.0,0.0,0.0,0.0,0.0,5.9999999999999995e-05,0.0,0.0,0.0,0.0,0.0,0.0,0.00011,0.0,0.0,0.0,0.0
BRA,BGD,0.0,0.0,0.0,126.25442,0.0,0.0,0.0,1062.51692,0.0,0.0,0.0,0.0,0.0,0.0,0.0,0.0,0.0,0.0,0.0,0.0,0.00115,0.0,0.0,0.0,0.0,0.008,0.16815,0.00498,0.0,0.37551,0.0,0.0
BRA,NGA,0.0,0.0,0.0,0.0,0.0,0.0,0.0,0.0,0.0,0.0,0.0,0.0,0.0,0.0,0.0,0.0,0.0,0.0,0.0,0.0,0.0,0.0,0.0,0.0,0.0,1.11676,7.64788,0.0,0.0,0.0,0.0,0.0
BRA,ZAF,0.02205,0.0,0.0,2.99619,0.0,0.0,0.0,0.01177,0.0,0.0,0.0,0.0,0.0,0.0,0.0,0.0,0.0,0.0,0.0,0.0,0.21300999999999998,0.0,0.0,0.0,0.0,0.00536,11.18318,280.43736,0.0,0.02237,0.0,0.0
BRA,ETH,0.0,0.0,0.0,0.0,0.0,0.0,0.0,0.0,0.0,0.0,0.0,0.0,0.0,0.0,0.0,0.0,0.0,0.0,0.0,0.0,0.0,0.0,0.0,0.0,0.0,0.0,0.0,0.0,0.0,0.0,0.0,0.0
BRA,EGY,0.42348,0.0,0.0,2426.81574,0.0,0.0,0.0,86.01989,0.0,0.0,0.0,1e-05,0.0,0.0,0.0,0.0,0.0,0.0,0.0,0.0,0.02187,0.0,0.0,0.0,0.0,44.29011,0.27882,13.96334,0.0,0.11383,0.0,0.0
BRA,MAR,0.0,0.0,0.0,0.0,0.0,0.0,0.0,0.0,0.0,0.0,0.0,0.0,0.0,0.0,0.0,0.0,0.0,0.0,0.0,0.0,0.0,0.0,0.0,0.0,0.0,0.0,0.0,0.0,0.0,0.0,0.0,0.0
BRA,DZA,0.0,0.0,0.0,0.0,0.0,0.0,0.0,0.0,0.0,0.0,0.0,0.0,0.0,0.0,0.0,0.0,0.0,0.0,0.0,0.0,0.0,0.0,0.0,0.0,0.0,0.0,0.0,0.0,0.0,0.0,0.0,0.0
BRA,SAU,0.0,0.0,0.0,0.0,0.0,0.0,0.0,0.0,0.0,0.0,0.0,0.0,0.0,0.0,0.0,0.0,0.0,0.0,0.0,0.0,0.0,0.0,0.0,0.0,0.0,0.0,0.0,0.0,0.0,0.0,0.0,0.0
BRA,IRN,0.0,0.0,0.0,0.0,0.0,0.0,0.0,0.0,0.0,0.0,0.0,0.0,0.0,0.0,0.0,0.0,0.0,0.0,0.0,0.0,0.0,0.0,0.0,0.0,0.0,0.0,0.0,0.0,0.0,0.0,0.0,0.0
BRA,ROW,0.0,0.0,0.0,0.0,0.0,0.0,0.0,0.0,0.0,0.0,0.0,0.0,0.0,0.0,0.0,0.0,0.0,0.0,0.0,0.0,0.0,0.0,0.0,0.0,0.0,0.0,0.0,0.0,0.0,0.0,0.0,0.0
ARG,EU27,0.31193,0.0,0.03641,108.94177,0.0,3.04539,33.3378,4.65031,0.0,0.0,0.0,5e-05,0.0,0.0,0.0,0.0,0.0,0.0,0.0,0.0,0.08127,0.0,0.0,0.0,0.0,34.643449999999994,0.0,0.39782999999999996,0.0,1.17901,0.0,0.0
ARG,USA,2.29512,0.0,0.0,145.6473,0.0,16.77768,14.84085,99.26835000000001,0.0,0.0,0.0,3.78656,0.0,0.0,0.0,0.0,0.0,0.0,0.0,0.0,4.84637,0.0,0.0,0.0,0.0,25.531290000000002,0.0,0.0,0.0,1.12789,0.0,0.0
ARG,CAN,0.08358,0.0,0.0,0.16813999999999998,0.0,0.0,0.012029999999999999,6.7494,0.0,0.0,0.0,0.0,0.0,0.0,0.0,0.0,0.0,0.0,0.0,0.0,0.0,0.0,0.0,0.0,0.0,0.09334,0.0,0.0305,0.0,0.007719999999999999,0.0,0.0
ARG,BRA,5847.13843,0.0,1130.04142,1381.81396,0.0,0.01584,9.855049999999999,3.94441,0.0,0.0,0.0,318.80296999999996,0.0,0.0,0.0,0.0,0.0,0.0,0.0,0.0,459.88313,0.0,0.0,0.0,0.0,9.9947,0.0,4.227399999999999,0.0,0.09423000000000001,0.0,0.0
ARG,ARG,0.0,0.0,0.0,0.0,0.0,0.0,0.0,0.0,0.0,0.0,0.0,0.0,0.0,0.0,0.0,0.0,0.0,0.0,0.0,0.0,0.0,0.0,0.0,0.0,0.0,0.0,0.0,0.0,0.0,0.0,0.0,0.0
ARG,AUS,0.00085,0.0,0.0,0.31649,0.0,0.0,0.0,0.0,0.0,0.0,0.0,0.13635,0.0,0.0,0.0,0.0,0.0,0.0,0.0,0.0,0.0,0.0,0.0,0.0,0.0,0.0,0.0,0.0,0.0,0.0,0.0,0.0
ARG,NZL,0.0,0.0,0.0,0.0,0.0,0.0,0.0,0.0,0.0,0.0,0.0,0.26404,0.0,0.0,0.0,0.0,0.0,0.0,0.0,0.0,0.10254,0.0,0.0,0.0,0.0,0.0,0.0,0.0,0.0,0.0,0.0,0.0
ARG,CHN,0.08979000000000001,0.0,3649.01044,1.76102,0.0,0.0,0.0,7011.83849,0.0,0.0,0.0,0.00068,0.0,0.0,0.0,0.0,0.0,0.0,0.0,0.0,83.47203,0.0,0.0,0.0,0.0,1038.89539,43.46949,156.8388,0.0,0.023809999999999998,0.0,0.0
ARG,IND,0.0,0.0,0.0,3.86399,0.0,0.0,0.0,0.0,0.0,0.0,0.0,0.0,0.0,0.0,0.0,0.0,0.0,0.0,0.0,0.0,0.0,0.0,0.0,0.0,0.0,0.0,0.0,0.0,0.0,0.02061,0.0,0.0
ARG,RUS,0.0,0.0,0.0,0.0,0.0,0.0,0.15368,19.35995,0.0,0.0,0.0,0.0,0.0,0.0,0.0,0.0,0.0,0.0,0.0,0.0,415.23225,0.0,0.0,0.0,0.0,2.92407,0.47368,4.878100000000001,0.0,0.95412,0.0,0.0
ARG,UKR,0.0,0.0,0.0,0.019469999999999998,0.0,0.0,0.36319999999999997,0.0,0.0,0.0,0.0,0.0,0.0,0.0,0.0,0.0,0.0,0.0,0.0,0.0,0.0,0.0,0.0,0.0,0.0,0.04575,0.0,0.0,0.0,0.0,0.0,0.0
ARG,TUR,0.0,0.0,0.0,0.0,0.0,0.0,0.0,0.0,0.0,0.0,0.0,0.0,0.0,0.0,0.0,0.0,0.0,0.0,0.0,0.0,0.0,0.0,0.0,0.0,0.0,0.0,0.0,0.0,0.0,0.0,0.0,0.0
ARG,MEX,0.0,0.0,0.0,0.047740000000000005,0.0,0.0,13.99424,0.0,0.0,0.0,0.0,0.0,0.0,0.0,0.0,0.0,0.0,0.0,0.0,0.0,0.0,0.0,0.0,0.0,0.0,0.0,0.0,0.0,0.0,0.0,0.0,0.0
ARG,IDN,573.1581600000001,0.0,0.0,629.15527,0.0,0.0,0.16951,31.66291,0.0,0.0,0.0,0.0,0.0,0.0,0.0,0.0,0.0,0.0,0.0,0.0,1.9813900000000002,0.0,0.0,0.0,0.0,0.0,0.0,0.0,0.0,0.0,0.0,0.0
ARG,JPN,0.00926,0.0,0.0,1061.1786200000001,0.0,0.0,0.08818000000000001,0.02484,0.0,0.0,0.0,0.0,0.0,0.0,0.0,0.0,0.0,0.0,0.0,0.0,2.70418,0.0,0.0,0.0,0.0,0.047240000000000004,0.0,0.06423000000000001,0.0,1.4513399999999999,0.0,0.0
ARG,KOR,0.0,0.0,0.0,0.0,0.0,0.0,0.0,0.0,0.0,0.0,0.0,0.0,0.0,0.0,0.0,0.0,0.0,0.0,0.0,0.0,0.0,0.0,0.0,0.0,0.0,0.0,0.0,0.0,0.0,0.0,0.0,0.0
ARG,THA,160.54454,0.0,0.0,0.31974,0.0,0.0,0.046090000000000006,0.0,0.0,0.0,0.0,0.0,0.0,0.0,0.0,0.0,0.0,0.0,0.0,0.0,1.2134500000000001,0.0,0.0,0.0,0.0,1.72154,0.0,0.0,0.0,0.03451,0.0,0.0
ARG,VNM,134.41792,0.0,0.0,6677.4353,0.0,0.0,0.0,0.0,0.0,0.0,0.0,0.0,0.0,0.0,0.0,0.0,0.0,0.0,0.0,0.0,0.0,0.0,0.0,0.0,0.0,0.0,0.0,0.10498,0.0,0.0,0.0,0.0
ARG,PAK,48.24758,0.0,0.0,0.00083,0.0,0.0,0.0,0.0,0.0,0.0,0.0,0.0,0.0,0.0,0.0,0.0,0.0,0.0,0.0,0.0,0.0,0.0,0.0,0.0,0.0,0.0,0.0,0.0,0.0,0.04192,0.0,0.0
ARG,BGD,225.02203,0.0,0.0,265.32370000000003,0.0,0.0,0.0,0.0,0.0,0.0,0.0,0.0,0.0,0.0,0.0,0.0,0.0,0.0,0.0,0.0,0.0,0.0,0.0,0.0,0.0,0.0,0.0,0.0,0.0,0.0,0.0,0.0
ARG,NGA,0.0,0.0,0.0,0.0,0.0,0.0,0.0,0.0,0.0,0.0,0.0,0.0,0.0,0.0,0.0,0.0,0.0,0.0,0.0,0.0,0.0,0.0,0.0,0.0,0.0,0.0,0.0,0.0,0.0,0.0,0.0,0.0
ARG,ZAF,13.99189,0.0,0.0,0.0041600000000000005,0.0,0.0,0.39144,0.07512,0.0,0.0,0.0,0.00123,0.0,0.0,0.0,0.0,0.0,0.0,0.0,0.0,1.30499,0.0,0.0,0.0,0.0,0.0,0.0,23.495900000000002,0.0,0.18793,0.0,0.0
ARG,ETH,0.0,0.0,0.0,0.0,0.0,0.0,0.0,0.0,0.0,0.0,0.0,0.0,0.0,0.0,0.0,0.0,0.0,0.0,0.0,0.0,0.0,0.0,0.0,0.0,0.0,0.0,0.0,0.0,0.0,0.0,0.0,0.0
ARG,EGY,0.80736,0.0,0.0,2865.5147,0.0,0.0,0.010960000000000001,616.81557,0.0,0.0,0.0,0.0,0.0,0.0,0.0,0.0,0.0,0.0,0.0,0.0,9.27654,0.0,0.0,0.0,0.0,0.057229999999999996,0.0,0.0,0.0,0.008400000000000001,0.0,0.0
ARG,MAR,0.0,0.0,0.0,0.0,0.0,0.0,0.0,0.0,0.0,0.0,0.0,0.0,0.0,0.0,0.0,0.0,0.0,0.0,0.0,0.0,0.0,0.0,0.0,0.0,0.0,0.0,0.0,0.0,0.0,0.0,0.0,0.0
ARG,DZA,0.0,0.0,0.0,0.0,0.0,0.0,0.0,0.0,0.0,0.0,0.0,0.0,0.0,0.0,0.0,0.0,0.0,0.0,0.0,0.0,0.0,0.0,0.0,0.0,0.0,0.0,0.0,0.0,0.0,0.0,0.0,0.0
ARG,SAU,0.0,0.0,0.0,0.0,0.0,0.0,0.0,0.0,0.0,0.0,0.0,0.0,0.0,0.0,0.0,0.0,0.0,0.0,0.0,0.0,0.0,0.0,0.0,0.0,0.0,0.0,0.0,0.0,0.0,0.0,0.0,0.0
ARG,IRN,0.0,0.0,0.0,0.0,0.0,0.0,0.0,0.0,0.0,0.0,0.0,0.0,0.0,0.0,0.0,0.0,0.0,0.0,0.0,0.0,0.0,0.0,0.0,0.0,0.0,0.0,0.0,0.0,0.0,0.0,0.0,0.0
ARG,ROW,0.0,0.0,0.0,0.0,0.0,0.0,0.0,0.0,0.0,0.0,0.0,0.0,0.0,0.0,0.0,0.0,0.0,0.0,0.0,0.0,0.0,0.0,0.0,0.0,0.0,0.0,0.0,0.0,0.0,0.0,0.0,0.0
AUS,EU27,463.39681,0.0,0.01476,0.0115,0.0,2114.39019,0.0011200000000000001,0.005889999999999999,0.0,0.0,0.00163,0.27268000000000003,0.0,0.0,0.0,0.0,0.0,0.0,0.0,0.0,3.51549,0.0,0.0,0.0,0.0,2.39206,0.009550000000000001,0.0,0.0,0.016,0.0,0.0
AUS,USA,0.12445,0.0,0.0,0.0,0.0,0.00816,0.00172,0.00438,0.0,0.0,0.05042,0.0,0.0,0.0,0.0,0.0,0.0,0.0,0.0,0.0,39.69463,0.0,0.0,0.0,0.0,177.42343,0.00615,0.03443,0.0,0.19821,0.0,0.0
AUS,CAN,0.12481999999999999,0.0,0.0,0.0,0.0,0.58866,0.0,0.0,0.0,0.0,0.0,0.00457,0.0,0.0,0.0,0.0,0.0,0.0,0.0,0.0,15.129340000000001,0.0,0.0,0.0,0.0,9.17904,0.0,0.0174,0.0,0.0,0.0,0.0
AUS,BRA,0.00206,0.0,77.15942,0.0,0.0,0.01696,0.0,0.0,0.0,0.0,0.0,0.0,0.0,0.0,0.0,0.0,0.0,0.0,0.0,0.0,0.0,0.0,0.0,0.0,0.0,0.86315,0.0,0.0,0.0,0.0,0.0,0.0
AUS,ARG,0.0,0.0,0.19286,0.00671,0.0,0.0,0.00121,0.0,0.0,0.0,0.0,0.0,0.0,0.0,0.0,0.0,0.0,0.0,0.0,0.0,0.00266,0.0,0.0,0.0,0.0,0.0,0.0,0.0,0.0,0.0,0.0,0.0
AUS,AUS,0.0,0.0,0.0,0.0,0.0,0.0,0.0,0.0,0.0,0.0,0.0,0.0,0.0,0.0,0.0,0.0,0.0,0.0,0.0,0.0,0.0,0.0,0.0,0.0,0.0,0.0,0.0,0.0,0.0,0.0,0.0,0.0
AUS,NZL,704.10345,0.0,60.285,1.70008,0.0,3.7179499999999996,0.06203,0.5558,0.0,0.0,2.9999999999999997e-05,19.50356,0.0,0.0,0.0,0.0,0.0,0.0,0.0,0.0,60.12908,0.0,0.0,0.0,0.0,7.55274,6.06013,0.05736,0.0,1.1705,0.0,0.0
AUS,CHN,5884.66309,0.0,16.93319,1.08971,0.0,41.2311,0.00779,0.0,0.0,0.0,0.0,3.29412,0.0,0.0,0.0,0.0,0.0,0.0,0.0,0.0,2807.57297,0.0,0.0,0.0,0.0,404.88554,2.82408,2.40153,0.0,0.72864,0.0,0.0
AUS,IND,0.17971,0.0,3.7676999999999996,0.00897,0.0,0.00298,0.0,0.0,0.0,0.0,0.0,0.0,0.0,0.0,0.0,0.0,0.0,0.0,0.0,0.0,0.05682,0.0,0.0,0.0,0.0,0.00595,0.0,0.0,0.0,0.0,0.0,0.0
AUS,RUS,0.0,0.0,0.0,0.0,0.0,0.0,0.0,0.0,0.0,0.0,0.0,0.0,0.0,0.0,0.0,0.0,0.0,0.0,0.0,0.0,0.0,0.0,0.0,0.0,0.0,0.0,0.0,0.0,0.0,0.0,0.0,0.0
AUS,UKR,0.0,0.0,0.0,0.0,0.0,64.34569,0.0,0.0,0.0,0.0,0.0,0.0,0.0,0.0,0.0,0.0,0.0,0.0,0.0,0.0,0.0,0.0,0.0,0.0,0.0,0.04368,0.0,0.0,0.0,0.0,0.0,0.0
AUS,TUR,0.0,0.0,0.0,0.0,0.0,0.0,0.0,0.0,0.0,0.0,0.0,0.0,0.0,0.0,0.0,0.0,0.0,0.0,0.0,0.0,0.0,0.0,0.0,0.0,0.0,0.0,0.0,0.0,0.0,0.0,0.0,0.0
AUS,MEX,0.0,0.0,0.6712400000000001,0.0,0.0,0.0,0.0,0.0,0.0,0.0,0.0,0.0,0.0,0.0,0.0,0.0,0.0,0.0,0.0,0.0,3.75063,0.0,0.0,0.0,0.0,0.33720999999999995,0.0,0.0,0.0,0.0,0.0,0.0
AUS,IDN,4859.33853,0.0,10.12347,0.32692,0.0,0.26539999999999997,0.004059999999999999,0.0,0.0,0.0,0.0,4.19737,0.0,0.0,0.0,0.0,0.0,0.0,0.0,0.0,332.30783,0.0,0.0,0.0,0.0,96.51431,0.0,0.0,0.0,0.0022,0.0,0.0
AUS,JPN,1153.42318,0.0,1253.77146,2.73644,0.0,219.10771,0.013720000000000001,0.0,0.0,0.0,0.0,0.14437,0.0,0.0,0.0,0.0,0.0,0.0,0.0,0.0,449.46934000000005,0.0,0.0,0.0,0.0,296.26001,0.59811,0.0,0.0,0.35031,0.0,0.0
AUS,KOR,0.0,0.0,0.0,0.0,0.0,0.0,0.0,0.0,0.0,0.0,0.0,0.0,0.0,0.0,0.0,0.0,0.0,0.0,0.0,0.0,0.0,0.0,0.0,0.0,0.0,0.0,0.0,0.0,0.0,0.0,0.0,0.0
AUS,THA,1065.79053,0.0,1050.0509299999999,2.44803,0.0,0.0,0.0,0.00214,0.0,0.0,0.0,3.3407600000000004,0.0,0.0,0.0,0.0,0.0,0.0,0.0,0.0,209.30244,0.0,0.0,0.0,0.0,11.95035,0.10578,0.07786,0.0,0.0,0.0,0.0
AUS,VNM,3043.8465499999998,0.0,1349.29248,0.0,0.0,0.0011200000000000001,0.0,0.0,0.0,0.0,0.0,1.30806,0.0,0.0,0.0,0.0,0.0,0.0,0.0,0.0,104.8953,0.0,0.0,0.0,0.0,27.79322,3.09794,1.10276,0.0,0.0,0.0,0.0
AUS,PAK,0.20015,0.0,2.48995,0.031030000000000002,0.0,114.25142,0.28806,0.0,0.0,0.0,0.0,0.0,0.0,0.0,0.0,0.0,0.0,0.0,0.0,0.0,0.5741900000000001,0.0,0.0,0.0,0.0,0.0035499999999999998,0.001,0.00792,0.0,0.0,0.0,0.0
AUS,BGD,452.25863,0.0,0.0,0.09715,0.0,192.16060000000002,0.0,0.00046,0.0,0.0,0.0,0.16781000000000001,0.0,0.0,0.0,0.0,0.0,0.0,0.0,0.0,57.45519,0.0,0.0,0.0,0.0,0.019260000000000003,0.0,0.0,0.0,0.0,0.0,0.0
AUS,NGA,115.30601,0.0,0.0,0.0,0.0,0.0,0.0,0.0,0.0,0.0,0.0,0.0,0.0,0.0,0.0,0.0,0.0,0.0,0.0,0.0,0.0,0.0,0.0,0.0,0.0,0.0,0.0,0.0,0.0,0.0,0.0,0.0
AUS,ZAF,557.55741,0.0,30.12582,0.14928999999999998,0.0,0.22347,0.0,0.0,0.0,0.0,0.0,0.0,0.0,0.0,0.0,0.0,0.0,0.0,0.0,0.0,0.84229,0.0,0.0,0.0,0.0,0.8005800000000001,0.0,2.7365399999999998,0.0,0.0,0.0,0.0
AUS,ETH,0.0,0.0,0.0,0.0,0.0,0.0,0.0,0.0,0.0,0.0,0.0,0.0,0.0,0.0,0.0,0.0,0.0,0.0,0.0,0.0,0.0,0.0,0.0,0.0,0.0,0.0,0.0,0.0,0.0,0.0,0.0,0.0
AUS,EGY,294.81025,0.0,0.0,0.00282,0.0,0.0,0.02086,0.0,0.0,0.0,0.0,0.0,0.0,0.0,0.0,0.0,0.0,0.0,0.0,0.0,6.5995,0.0,0.0,0.0,0.0,0.71611,0.0,0.0,0.0,0.0,0.0,0.0
AUS,MAR,0.0,0.0,0.0,0.0,0.0,0.0,0.0,0.0,0.0,0.0,0.0,0.0,0.0,0.0,0.0,0.0,0.0,0.0,0.0,0.0,0.0,0.0,0.0,0.0,0.0,0.0,0.0,0.0,0.0,0.0,0.0,0.0
AUS,DZA,0.0,0.0,0.0,0.0,0.0,0.0,0.0,0.0,0.0,0.0,0.0,0.0,0.0,0.0,0.0,0.0,0.0,0.0,0.0,0.0,0.0,0.0,0.0,0.0,0.0,0.0,0.0,0.0,0.0,0.0,0.0,0.0
AUS,SAU,0.0,0.0,0.0,0.0,0.0,0.0,0.0,0.0,0.0,0.0,0.0,0.0,0.0,0.0,0.0,0.0,0.0,0.0,0.0,0.0,0.0,0.0,0.0,0.0,0.0,0.0,0.0,0.0,0.0,0.0,0.0,0.0
AUS,IRN,0.0,0.0,0.0,0.0,0.0,0.0,0.0,0.0,0.0,0.0,0.0,0.0,0.0,0.0,0.0,0.0,0.0,0.0,0.0,0.0,0.0,0.0,0.0,0.0,0.0,0.0,0.0,0.0,0.0,0.0,0.0,0.0
AUS,ROW,0.0,0.0,0.0,0.0,0.0,0.0,0.0,0.0,0.0,0.0,0.0,0.0,0.0,0.0,0.0,0.0,0.0,0.0,0.0,0.0,0.0,0.0,0.0,0.0,0.0,0.0,0.0,0.0,0.0,0.0,0.0,0.0
NZL,EU27,0.18044,0.0,0.9404,0.19063,0.0,2.52551,0.0318,0.0,0.0,0.0,0.0,0.00956,0.0,0.0,0.0,0.0,0.0,0.0,0.0,0.0,213.63232,0.0,0.0,0.0,0.0,3.03938,0.37757,2e-05,0.0,0.06314,0.0,0.0
NZL,USA,0.20288,0.0,0.009380000000000001,0.00614,0.0,0.3374,0.0,0.0,0.0,0.0,0.0,0.0034,0.0,0.0,0.0,0.0,0.0,0.0,0.0,0.0,318.63791,0.0,0.0,0.0,0.0,255.35582,0.0,0.0,0.0,0.20201,0.0,0.0
NZL,CAN,0.04238,0.0,0.00135,0.0,0.0,0.0,0.0,0.0,0.0,0.0,0.0,0.0,0.0,0.0,0.0,0.0,0.0,0.0,0.0,0.0,254.51059,0.0,0.0,0.0,0.0,22.328349999999997,0.0,0.0,0.0,7.000000000000001e-05,0.0,0.0
NZL,BRA,0.0,0.0,0.0,0.0,0.0,0.0,0.0,0.0,0.0,0.0,0.0,0.0,0.0,0.0,0.0,0.0,0.0,0.0,0.0,0.0,12.653049999999999,0.0,0.0,0.0,0.0,0.00331,0.0,0.0,0.0,0.0,0.0,0.0
NZL,ARG,0.11215,0.0,0.0,0.02834,0.0,0.02184,0.0,0.0,0.0,0.0,0.0,0.0,0.0,0.0,0.0,0.0,0.0,0.0,0.0,0.0,0.0,0.0,0.0,0.0,0.0,0.0,0.0,0.0,0.0,1e-05,0.0,0.0
NZL,AUS,18.64163,0.0,5.0013000000000005,11.19979,0.0,0.79532,0.00045,0.01417,0.0,0.0,0.0,67.81818,0.0,0.0,0.0,0.0,0.0,0.0,0.0,0.0,1918.22469,0.0,0.0,0.0,0.0,19.85883,1.13275,1.67635,0.0,2.70107,0.0,0.0
NZL,NZL,0.0,0.0,0.0,0.0,0.0,0.0,0.0,0.0,0.0,0.0,0.0,0.0,0.0,0.0,0.0,0.0,0.0,0.0,0.0,0.0,0.0,0.0,0.0,0.0,0.0,0.0,0.0,0.0,0.0,0.0,0.0,0.0
NZL,CHN,40.36594,0.0,0.44702,0.31604000000000004,0.0,0.015619999999999998,5e-05,0.03018,0.0,0.0,0.0,1.16304,0.0,0.0,0.0,0.0,0.0,0.0,0.0,0.0,28393.51184,0.0,0.0,0.0,0.0,605.82146,0.01602,0.5648200000000001,0.0,0.64281,0.0,0.0
NZL,IND,0.0008100000000000001,0.0,0.10956,0.0,0.0,0.0,0.0,0.0,0.0,0.0,0.0,0.01057,0.0,0.0,0.0,0.0,0.0,0.0,0.0,0.0,4.06043,0.0,0.0,0.0,0.0,0.0,0.0,0.0,0.0,0.00045,0.0,0.0
NZL,RUS,0.02321,0.0,0.03692,0.01221,0.0,0.0,0.0,0.0,0.0,0.0,0.0,0.0,0.0,0.0,0.0,0.0,0.0,0.0,0.0,0.0,705.1960799999999,0.0,0.0,0.0,0.0,0.0,0.0,0.0,0.0,0.0,0.0,0.0
NZL,UKR,0.0,0.0,0.0,0.00057,0.0,0.03385,0.0,0.0,0.0,0.0,0.0,0.0,0.0,0.0,0.0,0.0,0.0,0.0,0.0,0.0,12.932649999999999,0.0,0.0,0.0,0.0,5e-05,0.0,0.0,0.0,0.0,0.0,0.0
NZL,TUR,0.0,0.0,0.0,0.0,0.0,0.0,0.0,0.0,0.0,0.0,0.0,0.0,0.0,0.0,0.0,0.0,0.0,0.0,0.0,0.0,0.0,0.0,0.0,0.0,0.0,0.0,0.0,0.0,0.0,0.0,0.0,0.0
NZL,MEX,0.0,0.0,0.0,0.0,0.0,0.0,0.0,0.0,0.0,0.0,0.0,0.0,0.0,0.0,0.0,0.0,0.0,0.0,0.0,0.0,510.87046000000004,0.0,0.0,0.0,0.0,0.06944,0.0,0.0,0.0,0.0,0.0,0.0
NZL,IDN,12.83864,0.0,0.00259,0.0,0.0,0.0,0.0,0.0,0.0,0.0,0.0,4.9369,0.0,0.0,0.0,0.0,0.0,0.0,0.0,0.0,1506.1938400000001,0.0,0.0,0.0,0.0,12.651879999999998,0.0,0.0,0.0,0.0,0.0,0.0
NZL,JPN,6.2422200000000005,0.0,0.5376299999999999,0.6182300000000001,0.0,0.00789,0.0,0.0,0.0,0.0,0.0,3.8546199999999997,0.0,0.0,0.0,0.0,0.0,0.0,0.0,0.0,912.79435,0.0,0.0,0.0,0.0,45.15789,0.00125,0.11031,0.0,0.01634,0.0,0.0
NZL,KOR,0.0,0.0,0.0,0.0,0.0,0.0,0.0,0.0,0.0,0.0,0.0,0.0,0.0,0.0,0.0,0.0,0.0,0.0,0.0,0.0,0.0,0.0,0.0,0.0,0.0,0.0,0.0,0.0,0.0,0.0,0.0,0.0
NZL,THA,4.5409,0.0,0.0,0.6039,0.0,0.10532,0.0,0.0013,0.0,0.0,0.0,12.81015,0.0,0.0,0.0,0.0,0.0,0.0,0.0,0.0,1319.29691,0.0,0.0,0.0,0.0,3.54711,0.0,0.0025800000000000003,0.0,0.0,0.0,0.0
NZL,VNM,0.9468,0.0,0.00826,0.022170000000000002,0.0,0.30657999999999996,0.0,0.0,0.0,0.0,0.0,0.23915,0.0,0.0,0.0,0.0,0.0,0.0,0.0,0.0,1323.19458,0.0,0.0,0.0,0.0,1.09425,0.0,0.0,0.0,0.0,0.0,0.0
NZL,PAK,0.40088,0.0,0.0,0.0,0.0,0.0,0.0,0.0,0.0,0.0,0.0,0.09867000000000001,0.0,0.0,0.0,0.0,0.0,0.0,0.0,0.0,2.02568,0.0,0.0,0.0,0.0,0.00079,0.0,0.0,0.0,0.00651,0.0,0.0
NZL,BGD,0.6505299999999999,0.0,0.0,0.0,0.0,0.0,0.0,0.0,0.0,0.0,0.0,0.0,0.0,0.0,0.0,0.0,0.0,0.0,0.0,0.0,853.67248,0.0,0.0,0.0,0.0,0.0,0.0,0.0,0.0,0.0,0.0,0.0
NZL,NGA,0.0,0.0,0.0,0.0,0.0,0.0,0.0,0.0,0.0,0.0,0.0,0.0,0.0,0.0,0.0,0.0,0.0,0.0,0.0,0.0,483.46013,0.0,0.0,0.0,0.0,0.0,0.0,0.0,0.0,0.0,0.0,0.0
NZL,ZAF,0.16162,0.0,0.0,0.0,0.0,0.016980000000000002,0.0,0.0,0.0,0.0,0.0,0.0021000000000000003,0.0,0.0,0.0,0.0,0.0,0.0,0.0,0.0,89.33141,0.0,0.0,0.0,0.0,2.9999999999999997e-05,0.0,0.00522,0.0,0.0,0.0,0.0
NZL,ETH,0.0,0.0,0.0,0.0,0.0,0.0,0.0,0.0,0.0,0.0,0.0,0.0,0.0,0.0,0.0,0.0,0.0,0.0,0.0,0.0,0.0,0.0,0.0,0.0,0.0,0.0,0.0,0.0,0.0,0.0,0.0,0.0
NZL,EGY,0.027460000000000002,0.0,0.0,0.0,0.0,0.0,0.0,0.0,0.0,0.0,0.0,0.0,0.0,0.0,0.0,0.0,0.0,0.0,0.0,0.0,903.22222,0.0,0.0,0.0,0.0,0.22848,0.0,0.0,0.0,0.0,0.0,0.0
NZL,MAR,0.0,0.0,0.0,0.0,0.0,0.0,0.0,0.0,0.0,0.0,0.0,0.0,0.0,0.0,0.0,0.0,0.0,0.0,0.0,0.0,0.0,0.0,0.0,0.0,0.0,0.0,0.0,0.0,0.0,0.0,0.0,0.0
NZL,DZA,0.0,0.0,0.0,0.0,0.0,0.0,0.0,0.0,0.0,0.0,0.0,0.0,0.0,0.0,0.0,0.0,0.0,0.0,0.0,0.0,0.0,0.0,0.0,0.0,0.0,0.0,0.0,0.0,0.0,0.0,0.0,0.0
NZL,SAU,0.0,0.0,0.0,0.0,0.0,0.0,0.0,0.0,0.0,0.0,0.0,0.0,0.0,0.0,0.0,0.0,0.0,0.0,0.0,0.0,0.0,0.0,0.0,0.0,0.0,0.0,0.0,0.0,0.0,0.0,0.0,0.0
NZL,IRN,0.0,0.0,0.0,0.0,0.0,0.0,0.0,0.0,0.0,0.0,0.0,0.0,0.0,0.0,0.0,0.0,0.0,0.0,0.0,0.0,0.0,0.0,0.0,0.0,0.0,0.0,0.0,0.0,0.0,0.0,0.0,0.0
NZL,ROW,0.0,0.0,0.0,0.0,0.0,0.0,0.0,0.0,0.0,0.0,0.0,0.0,0.0,0.0,0.0,0.0,0.0,0.0,0.0,0.0,0.0,0.0,0.0,0.0,0.0,0.0,0.0,0.0,0.0,0.0,0.0,0.0
CHN,EU27,6.69171,0.0,0.09196,1.26615,0.0,0.03422,83.25339,35.88971,0.0,0.0,0.007809999999999999,5.56396,0.0,0.0,0.0,0.0,0.0,0.0,0.0,0.0,0.33659,0.0,0.0,0.0,0.0,0.12468000000000001,0.42394,24.788619999999998,0.0,0.79204,0.0,0.0
CHN,USA,27.64968,0.0,0.08439,2.64827,0.0,0.00491,1.1468800000000001,34.394580000000005,0.0,0.0,0.0038399999999999997,2.2688699999999997,0.0,0.0,0.0,0.0,0.0,0.0,0.0,0.0,0.7825599999999999,0.0,0.0,0.0,0.0,6.692270000000001,0.00029,0.18746000000000002,0.0,4.615069999999999,0.0,0.0
CHN,CAN,6.19491,0.0,0.04811,0.10301,0.0,0.00435,5.1592,5.8135200000000005,0.0,0.0,0.30982,0.07476999999999999,0.0,0.0,0.0,0.0,0.0,0.0,0.0,0.0,0.51432,0.0,0.0,0.0,0.0,0.49959,0.01595,0.25489,0.0,2.3281799999999997,0.0,0.0
CHN,BRA,1.5328199999999998,0.0,28.85141,0.0,0.0,0.0,0.0,0.15446000000000001,0.0,0.0,0.0,0.0,0.0,0.0,0.0,0.0,0.0,0.0,0.0,0.0,0.0,0.0,0.0,0.0,0.0,0.0,0.0,0.0,0.0,0.0,0.0,0.0
CHN,ARG,0.01414,0.0,0.0,0.0,0.0,0.0,0.0,0.08173,0.0,0.0,0.0,0.02708,0.0,0.0,0.0,0.0,0.0,0.0,0.0,0.0,0.02096,0.0,0.0,0.0,0.0,0.0,0.0,0.0,0.0,0.0,0.0,0.0
CHN,AUS,12.66285,0.0,0.6412599999999999,2.5989400000000002,0.0,0.00423,0.9564,8.343969999999999,0.0,0.0,0.0,6.56492,0.0,0.0,0.0,0.0,0.0,0.0,0.0,0.0,7.83364,0.0,0.0,0.0,0.0,0.07295,1.4437200000000001,0.71717,0.0,1.70757,0.0,0.0
CHN,NZL,1.7501300000000002,0.0,0.00281,0.14013,0.0,0.0,0.45027,1.3868099999999999,0.0,0.0,0.0,0.80499,0.0,0.0,0.0,0.0,0.0,0.0,0.0,0.0,2.21137,0.0,0.0,0.0,0.0,0.04524,0.62053,0.14529,0.0,0.26894999999999997,0.0,0.0
CHN,CHN,0.0,0.0,0.0,0.0,0.0,0.0,0.0,0.0,0.0,0.0,0.0,0.0,0.0,0.0,0.0,0.0,0.0,0.0,0.0,0.0,0.0,0.0,0.0,0.0,0.0,0.0,0.0,0.0,0.0,0.0,0.0,0.0
CHN,IND,0.14507,0.0,0.0,2.4690100000000004,0.0,0.0,2.8569400000000003,0.54508,0.0,0.0,0.0,0.0,0.0,0.0,0.0,0.0,0.0,0.0,0.0,0.0,0.0,0.0,0.0,0.0,0.0,0.00038,0.00488,0.00148,0.0,0.0,0.0,0.0
CHN,RUS,1.6001800000000002,0.0,0.0,0.73951,0.0,0.0,40.09092,6.7293,0.0,0.0,0.0,0.9699500000000001,0.0,0.0,0.0,0.0,0.0,0.0,0.0,0.0,0.0,0.0,0.0,0.0,0.0,0.0,0.0,0.39576999999999996,0.0,0.00315,0.0,0.0
CHN,UKR,0.18732,0.0,0.0,0.0,0.0,0.0,0.02996,0.43091,0.0,0.0,0.0,0.0,0.0,0.0,0.0,0.0,0.0,0.0,0.0,0.0,0.0,0.0,0.0,0.0,0.0,0.0,0.0,0.12054000000000001,0.0,0.0,0.0,0.0
CHN,TUR,0.0,0.0,0.0,0.0,0.0,0.0,0.0,0.0,0.0,0.0,0.0,0.0,0.0,0.0,0.0,0.0,0.0,0.0,0.0,0.0,0.0,0.0,0.0,0.0,0.0,0.0,0.0,0.0,0.0,0.0,0.0,0.0
CHN,MEX,0.42591,0.0,0.00019,0.0,0.0,0.0,0.0,0.89739,0.0,0.0,0.0,0.0,0.0,0.0,0.0,0.0,0.0,0.0,0.0,0.0,0.02754,0.0,0.0,0.0,0.0,0.0,0.0,0.0,0.0,0.0,0.0,0.0
CHN,IDN,10.727780000000001,0.0,8.89496,2.56295,0.0,0.00132,12.86507,3.73229,0.0,0.0,0.0,2.28623,0.0,0.0,0.0,0.0,0.0,0.0,0.0,0.0,21.35064,0.0,0.0,0.0,0.0,0.67628,2.97133,0.00376,0.0,0.0,0.0,0.0
CHN,JPN,52.923550000000006,0.0,9.57652,14.385729999999999,0.0,0.14284,0.5925499999999999,40.66798,0.0,0.0,0.0,60.08258,0.0,0.0,0.0,0.0,0.0,0.0,0.0,0.0,0.027899999999999998,0.0,0.0,0.0,0.0,7.975029999999999,44.07869,541.5129599999999,0.0,8.49384,0.0,0.0
CHN,KOR,0.0,0.0,0.0,0.0,0.0,0.0,0.0,0.0,0.0,0.0,0.0,0.0,0.0,0.0,0.0,0.0,0.0,0.0,0.0,0.0,0.0,0.0,0.0,0.0,0.0,0.0,0.0,0.0,0.0,0.0,0.0,0.0
CHN,THA,24.54145,0.0,191.89804999999998,0.9965,0.0,0.01255,28.18348,0.86922,0.0,0.0,0.0,80.32742999999999,0.0,0.0,0.0,0.0,0.0,0.0,0.0,0.0,10.62876,0.0,0.0,0.0,0.0,0.08901,0.17563,0.19141999999999998,0.0,1.01081,0.0,0.0
CHN,VNM,7.5703000000000005,0.0,114.30676,19.819689999999998,0.0,0.00108,38.848949999999995,4.02502,0.0,0.0,0.0,337.91225,0.0,0.0,0.0,0.0,0.0,0.0,0.0,0.0,0.09584000000000001,0.0,0.0,0.0,0.0,14.69308,0.87885,8.81332,0.0,0.00109,0.0,0.0
CHN,PAK,0.28944,0.0,3.89096,0.060399999999999995,0.0,0.8545900000000001,6.19208,0.19775,0.0,0.0,0.0,0.87106,0.0,0.0,0.0,0.0,0.0,0.0,0.0,0.0,0.02224,0.0,0.0,0.0,0.0,0.00215,0.00252,0.14209,0.0,0.00551,0.0,0.0
CHN,BGD,0.07012,0.0,0.030670000000000003,41.55955,0.0,0.0,0.04131,0.040670000000000005,0.0,0.0,0.0,0.0,0.0,0.0,0.0,0.0,0.0,0.0,0.0,0.0,5.589840000000001,0.0,0.0,0.0,0.0,0.0,0.0,0.0,0.0,0.0,0.0,0.0
CHN,NGA,1.46168,0.0,0.0,0.0,0.0,0.0,0.0,0.30945999999999996,0.0,0.0,0.0,0.0,0.0,0.0,0.0,0.0,0.0,0.0,0.0,0.0,0.0,0.0,0.0,0.0,0.0,0.0421,0.00235,0.00269,0.0,0.0030800000000000003,0.0,0.0
CHN,ZAF,0.29485,0.0,29.54025,1e-05,0.0,0.0,0.027870000000000002,0.5007699999999999,0.0,0.0,0.0,0.13163,0.0,0.0,0.0,0.0,0.0,0.0,0.0,0.0,1.6004500000000002,0.0,0.0,0.0,0.0,0.0,0.0116,0.020640000000000002,0.0,0.56135,0.0,0.0
CHN,ETH,0.0,0.0,0.0,0.0,0.0,0.0,0.0,0.0,0.0,0.0,0.0,0.0,0.0,0.0,0.0,0.0,0.0,0.0,0.0,0.0,0.0,0.0,0.0,0.0,0.0,0.0,0.0,0.0,0.0,0.0,0.0,0.0
CHN,EGY,2.04242,0.0,0.0,0.52465,0.0,0.0,93.99717,0.14362,0.0,0.0,0.0,0.0357,0.0,0.0,0.0,0.0,0.0,0.0,0.0,0.0,0.22093000000000002,0.0,0.0,0.0,0.0,0.0,0.0,0.02586,0.0,0.0,0.0,0.0
CHN,MAR,0.0,0.0,0.0,0.0,0.0,0.0,0.0,0.0,0.0,0.0,0.0,0.0,0.0,0.0,0.0,0.0,0.0,0.0,0.0,0.0,0.0,0.0,0.0,0.0,0.0,0.0,0.0,0.0,0.0,0.0,0.0,0.0
CHN,DZA,0.0,0.0,0.0,0.0,0.0,0.0,0.0,0.0,0.0,0.0,0.0,0.0,0.0,0.0,0.0,0.0,0.0,0.0,0.0,0.0,0.0,0.0,0.0,0.0,0.0,0.0,0.0,0.0,0.0,0.0,0.0,0.0
CHN,SAU,0.0,0.0,0.0,0.0,0.0,0.0,0.0,0.0,0.0,0.0,0.0,0.0,0.0,0.0,0.0,0.0,0.0,0.0,0.0,0.0,0.0,0.0,0.0,0.0,0.0,0.0,0.0,0.0,0.0,0.0,0.0,0.0
CHN,IRN,0.0,0.0,0.0,0.0,0.0,0.0,0.0,0.0,0.0,0.0,0.0,0.0,0.0,0.0,0.0,0.0,0.0,0.0,0.0,0.0,0.0,0.0,0.0,0.0,0.0,0.0,0.0,0.0,0.0,0.0,0.0,0.0
CHN,ROW,0.0,0.0,0.0,0.0,0.0,0.0,0.0,0.0,0.0,0.0,0.0,0.0,0.0,0.0,0.0,0.0,0.0,0.0,0.0,0.0,0.0,0.0,0.0,0.0,0.0,0.0,0.0,0.0,0.0,0.0,0.0,0.0
IND,EU27,10.36335,0.0,0.013099999999999999,1.9391500000000002,0.0,0.70227,0.09656,5.78245,0.0,0.0,0.03676,0.63086,0.0,0.0,0.0,0.0,0.0,0.0,0.0,0.0,0.57285,0.0,0.0,0.0,0.0,0.0104,0.0,0.0,0.0,0.17327,0.0,0.0
IND,USA,74.82045,0.0,0.08952,3.00569,0.0,0.90689,0.02258,10.19776,0.0,0.0,0.00526,3.69568,0.0,0.0,0.0,0.0,0.0,0.0,0.0,0.0,23.93241,0.0,0.0,0.0,0.0,0.0,1e-05,0.0,0.0,0.0,0.0,0.0
IND,CAN,16.84402,0.0,0.02334,0.57433,0.0,0.16348,0.0008900000000000001,4.886909999999999,0.0,0.0,5.9999999999999995e-05,0.42441,0.0,0.0,0.0,0.0,0.0,0.0,0.0,0.0,0.38629,0.0,0.0,0.0,0.0,0.00415,0.00086,0.0,0.0,0.0,0.0,0.0
IND,BRA,0.027,0.0,0.0,0.0,0.0,0.11306999999999999,0.0,0.0,0.0,0.0,0.0,0.0,0.0,0.0,0.0,0.0,0.0,0.0,0.0,0.0,0.0,0.0,0.0,0.0,0.0,0.0008900000000000001,0.0,0.0,0.0,0.0,0.0,0.0
IND,ARG,0.0,0.0,0.0,0.0,0.0,0.04822,0.0,0.0,0.0,0.0,0.0,0.0,0.0,0.0,0.0,0.0,0.0,0.0,0.0,0.0,0.0,0.0,0.0,0.0,0.0,0.09924,0.0,0.0,0.0,0.0,0.0,0.0
IND,AUS,16.02705,0.0,5e-05,0.20237,0.0,0.18334,0.0018,0.01769,0.0,0.0,0.00131,1.29563,0.0,0.0,0.0,0.0,0.0,0.0,0.0,0.0,17.06862,0.0,0.0,0.0,0.0,0.004860000000000001,0.0,0.02437,0.0,0.0,0.0,0.0
IND,NZL,5.08502,0.0,0.00041999999999999996,0.10009,0.0,0.04124,0.02475,0.00504,0.0,0.0,0.00062,0.5269199999999999,0.0,0.0,0.0,0.0,0.0,0.0,0.0,0.0,5.20578,0.0,0.0,0.0,0.0,0.02161,0.0,0.0,0.0,0.0,0.0,0.0
IND,CHN,3.05095,0.0,0.00066,3.17819,0.0,0.19757,0.00843,0.0020800000000000003,0.0,0.0,0.0,1.24102,0.0,0.0,0.0,0.0,0.0,0.0,0.0,0.0,1.4924000000000002,0.0,0.0,0.0,0.0,88.35515,0.00272,0.01123,0.0,0.0,0.0,0.0
IND,IND,0.0,0.0,0.0,0.0,0.0,0.0,0.0,0.0,0.0,0.0,0.0,0.0,0.0,0.0,0.0,0.0,0.0,0.0,0.0,0.0,0.0,0.0,0.0,0.0,0.0,0.0,0.0,0.0,0.0,0.0,0.0,0.0
IND,RUS,0.06502,0.0,0.0,0.0,0.0,0.05684,0.00475,0.0,0.0,0.0,0.0,0.00543,0.0,0.0,0.0,0.0,0.0,0.0,0.0,0.0,0.0,0.0,0.0,0.0,0.0,19.39989,0.0,0.0,0.0,4.54551,0.0,0.0
IND,UKR,0.09393000000000001,0.0,0.0,0.00515,0.0,0.0,0.0,0.0,0.0,0.0,0.0,0.0,0.0,0.0,0.0,0.0,0.0,0.0,0.0,0.0,2e-05,0.0,0.0,0.0,0.0,0.024399999999999998,0.0,0.0,0.0,0.0,0.0,0.0
IND,TUR,0.0,0.0,0.0,0.0,0.0,0.0,0.0,0.0,0.0,0.0,0.0,0.0,0.0,0.0,0.0,0.0,0.0,0.0,0.0,0.0,0.0,0.0,0.0,0.0,0.0,0.0,0.0,0.0,0.0,0.0,0.0,0.0
IND,MEX,0.03984,0.0,0.0,0.011349999999999999,0.0,0.0,0.0,0.0,0.0,0.0,0.0,0.0,0.0,0.0,0.0,0.0,0.0,0.0,0.0,0.0,0.0,0.0,0.0,0.0,0.0,0.02555,0.0,0.0,0.0,0.0,0.0,0.0
IND,IDN,376.50696000000005,0.0,0.0,10.64571,0.0,0.00101,0.0,0.054880000000000005,0.0,0.0,0.0,25.50735,0.0,0.0,0.0,0.0,0.0,0.0,0.0,0.0,33.278800000000004,0.0,0.0,0.0,0.0,178.54420000000002,0.0,0.0,0.0,6.37247,0.0,0.0
IND,JPN,0.91206,0.0,0.0,6.49563,0.0,0.03615,0.11351,0.00633,0.0,0.0,0.00015,3.4666900000000003,0.0,0.0,0.0,0.0,0.0,0.0,0.0,0.0,1.3484,0.0,0.0,0.0,0.0,0.0,0.0,0.0,0.0,2.04153,0.0,0.0
IND,KOR,0.0,0.0,0.0,0.0,0.0,0.0,0.0,0.0,0.0,0.0,0.0,0.0,0.0,0.0,0.0,0.0,0.0,0.0,0.0,0.0,0.0,0.0,0.0,0.0,0.0,0.0,0.0,0.0,0.0,0.0,0.0,0.0
IND,THA,12.50305,0.0,0.00038,6.03128,0.0,0.01537,0.02116,0.046310000000000004,0.0,0.0,0.0,44.00115,0.0,0.0,0.0,0.0,0.0,0.0,0.0,0.0,15.30364,0.0,0.0,0.0,0.0,2.40435,0.0,0.00287,0.0,0.49317,0.0,0.0
IND,VNM,8.26079,0.0,0.90484,1270.87539,0.0,0.02165,0.02075,0.0,0.0,0.0,0.0,6.63178,0.0,0.0,0.0,0.0,0.0,0.0,0.0,0.0,0.02889,0.0,0.0,0.0,0.0,123.00628,0.0,0.05489,0.0,4.8959399999999995,0.0,0.0
IND,PAK,0.88661,0.0,0.0,0.10593000000000001,0.0,0.0,0.0,0.0,0.0,0.0,0.0,0.0,0.0,0.0,0.0,0.0,0.0,0.0,0.0,0.0,4.22085,0.0,0.0,0.0,0.0,1.16983,0.0,0.0,0.0,0.0,0.0,0.0
IND,BGD,4372.51688,0.0,0.19216999999999998,1367.49994,0.0,0.0,0.07554999999999999,0.0,0.0,0.0,0.0,0.15463,0.0,0.0,0.0,0.0,0.0,0.0,0.0,0.0,264.15603000000004,0.0,0.0,0.0,0.0,11.53807,0.0,0.0,0.0,0.0414,0.0,0.0
IND,NGA,2.23712,0.0,0.0030800000000000003,5.66371,0.0,0.00412,0.0,0.01781,0.0,0.0,0.0,0.00219,0.0,0.0,0.0,0.0,0.0,0.0,0.0,0.0,0.47333,0.0,0.0,0.0,0.0,0.0,0.0,0.0,0.0,2.57321,0.0,0.0
IND,ZAF,2.19694,0.0,0.01002,0.11561,0.0,0.11537,0.00124,0.00269,0.0,0.0,0.0,2.42222,0.0,0.0,0.0,0.0,0.0,0.0,0.0,0.0,0.00636,0.0,0.0,0.0,0.0,0.0,0.0,0.0,0.0,0.0,0.0,0.0
IND,ETH,0.0,0.0,0.0,0.0,0.0,0.0,0.0,0.0,0.0,0.0,0.0,0.0,0.0,0.0,0.0,0.0,0.0,0.0,0.0,0.0,0.0,0.0,0.0,0.0,0.0,0.0,0.0,0.0,0.0,0.0,0.0,0.0
IND,EGY,0.48339,0.0,0.0,1.9085999999999999,0.0,0.10490000000000001,0.0,0.28238,0.0,0.0,0.0,0.05162,0.0,0.0,0.0,0.0,0.0,0.0,0.0,0.0,1.86222,0.0,0.0,0.0,0.0,346.02991,0.0,0.0,0.0,0.00216,0.0,0.0
IND,MAR,0.0,0.0,0.0,0.0,0.0,0.0,0.0,0.0,0.0,0.0,0.0,0.0,0.0,0.0,0.0,0.0,0.0,0.0,0.0,0.0,0.0,0.0,0.0,0.0,0.0,0.0,0.0,0.0,0.0,0.0,0.0,0.0
IND,DZA,0.0,0.0,0.0,0.0,0.0,0.0,0.0,0.0,0.0,0.0,0.0,0.0,0.0,0.0,0.0,0.0,0.0,0.0,0.0,0.0,0.0,0.0,0.0,0.0,0.0,0.0,0.0,0.0,0.0,0.0,0.0,0.0
IND,SAU,0.0,0.0,0.0,0.0,0.0,0.0,0.0,0.0,0.0,0.0,0.0,0.0,0.0,0.0,0.0,0.0,0.0,0.0,0.0,0.0,0.0,0.0,0.0,0.0,0.0,0.0,0.0,0.0,0.0,0.0,0.0,0.0
IND,IRN,0.0,0.0,0.0,0.0,0.0,0.0,0.0,0.0,0.0,0.0,0.0,0.0,0.0,0.0,0.0,0.0,0.0,0.0,0.0,0.0,0.0,0.0,0.0,0.0,0.0,0.0,0.0,0.0,0.0,0.0,0.0,0.0
IND,ROW,0.0,0.0,0.0,0.0,0.0,0.0,0.0,0.0,0.0,0.0,0.0,0.0,0.0,0.0,0.0,0.0,0.0,0.0,0.0,0.0,0.0,0.0,0.0,0.0,0.0,0.0,0.0,0.0,0.0,0.0,0.0,0.0
RUS,EU27,539.8223,0.0,3.03342,446.55506,0.0,38.38453,5.5166,0.10945,0.0,0.0,0.0,1.9776500000000001,0.0,0.0,0.0,0.0,0.0,0.0,0.0,0.0,1.19391,0.0,0.0,0.0,0.0,0.00967,0.024239999999999998,0.013900000000000001,0.0,0.30239,0.0,0.0
RUS,USA,1.4151099999999999,0.0,0.00368,2.01418,0.0,0.010230000000000001,0.35599000000000003,0.44819,0.0,0.0,0.0,0.00624,0.0,0.0,0.0,0.0,0.0,0.0,0.0,0.0,10.108229999999999,0.0,0.0,0.0,0.0,0.005690000000000001,0.00974,1e-05,0.0,0.00043,0.0,0.0
RUS,CAN,0.10919,0.0,0.0,0.0077,0.0,0.38175,0.0,0.0,0.0,0.0,0.0,0.01142,0.0,0.0,0.0,0.0,0.0,0.0,0.0,0.0,1.3371,0.0,0.0,0.0,0.0,0.0,0.0,0.0,0.0,0.0,0.0,0.0
RUS,BRA,27.97913,0.0,106.23979,0.0,0.0,0.0,0.0,0.0,0.0,0.0,0.0,2.20722,0.0,0.0,0.0,0.0,0.0,0.0,0.0,0.0,0.10407,0.0,0.0,0.0,0.0,0.0,0.0,0.0,0.0,0.0,0.0,0.0
RUS,ARG,0.0,0.0,0.0,0.0,0.0,0.0,0.0,0.0,0.0,0.0,0.0,0.34041000000000005,0.0,0.0,0.0,0.0,0.0,0.0,0.0,0.0,0.0,0.0,0.0,0.0,0.0,0.0,0.0,0.0,0.0,0.0,0.0,0.0
RUS,AUS,0.0416,0.0,0.0,1e-05,0.0,0.0,0.012,0.0,0.0,0.0,0.0,0.0,0.0,0.0,0.0,0.0,0.0,0.0,0.0,0.0,0.0,0.0,0.0,0.0,0.0,0.00074,0.0,5.9999999999999995e-05,0.0,0.0,0.0,0.0
RUS,NZL,0.00396,0.0,0.00141,1e-05,0.0,0.0,0.0,0.0,0.0,0.0,0.0,0.0,0.0,0.0,0.0,0.0,0.0,0.0,0.0,0.0,0.0,0.0,0.0,0.0,0.0,0.0,0.0,0.0,0.0,0.0,0.0,0.0
RUS,CHN,165.97735,0.0,161.51555,195.39992,0.0,79.50158,30.85068,1434.38365,0.0,0.0,0.0,0.38564,0.0,0.0,0.0,0.0,0.0,0.0,0.0,0.0,7.4808900000000005,0.0,0.0,0.0,0.0,49.01419,2.76919,130.88533999999999,0.0,0.007809999999999999,0.0,0.0
RUS,IND,1e-05,0.0,0.0,0.0,0.0,0.0,0.0,0.0,0.0,0.0,0.0,8.999999999999999e-05,0.0,0.0,0.0,0.0,0.0,0.0,0.0,0.0,2.9999999999999997e-05,0.0,0.0,0.0,0.0,0.0,0.00035999999999999997,0.0017900000000000001,0.0,0.0,0.0,0.0
RUS,RUS,0.0,0.0,0.0,0.0,0.0,0.0,0.0,0.0,0.0,0.0,0.0,0.0,0.0,0.0,0.0,0.0,0.0,0.0,0.0,0.0,0.0,0.0,0.0,0.0,0.0,0.0,0.0,0.0,0.0,0.0,0.0,0.0
RUS,UKR,3.03106,0.0,42.74478,0.06487000000000001,0.0,1.74853,0.13658,0.07937999999999999,0.0,0.0,0.00378,24.18774,0.0,0.0,0.0,0.0,0.0,0.0,0.0,0.0,34.616800000000005,0.0,0.0,0.0,0.0,0.21486000000000002,11.74168,4.72102,0.0,0.07726999999999999,0.0,0.0
RUS,TUR,0.0,0.0,0.0,0.0,0.0,0.0,0.0,0.0,0.0,0.0,0.0,0.0,0.0,0.0,0.0,0.0,0.0,0.0,0.0,0.0,0.0,0.0,0.0,0.0,0.0,0.0,0.0,0.0,0.0,0.0,0.0,0.0
RUS,MEX,24.59983,0.0,0.0,0.0,0.0,0.0,0.0,0.0,0.0,0.0,0.0,0.013099999999999999,0.0,0.0,0.0,0.0,0.0,0.0,0.0,0.0,0.0,0.0,0.0,0.0,0.0,0.0,0.0,0.0,0.0,0.0,0.0,0.0
RUS,IDN,0.8056599999999999,0.0,0.0,0.0,0.0,0.0,0.0,0.0,0.0,0.0,0.0,0.00191,0.0,0.0,0.0,0.0,0.0,0.0,0.0,0.0,0.0,0.0,0.0,0.0,0.0,0.00229,0.35712,0.0,0.0,0.08918999999999999,0.0,0.0
RUS,JPN,0.01094,0.0,1e-05,67.72333,0.0,8.999999999999999e-05,0.0058,2.00203,0.0,0.0,0.0,0.07927,0.0,0.0,0.0,0.0,0.0,0.0,0.0,0.0,0.01995,0.0,0.0,0.0,0.0,0.00956,0.26017,0.00242,0.0,0.0,0.0,0.0
RUS,KOR,0.0,0.0,0.0,0.0,0.0,0.0,0.0,0.0,0.0,0.0,0.0,0.0,0.0,0.0,0.0,0.0,0.0,0.0,0.0,0.0,0.0,0.0,0.0,0.0,0.0,0.0,0.0,0.0,0.0,0.0,0.0,0.0
RUS,THA,0.02159,0.0,0.0,0.0,0.0,0.0,0.0,0.0,0.0,0.0,0.0,0.0,0.0,0.0,0.0,0.0,0.0,0.0,0.0,0.0,0.02971,0.0,0.0,0.0,0.0,0.0,0.0,0.0,0.0,0.0,0.0,0.0
RUS,VNM,95.84866000000001,0.0,0.0,110.57934,0.0,0.0,0.0,0.00025,0.0,0.0,0.0,0.0,0.0,0.0,0.0,0.0,0.0,0.0,0.0,0.0,0.13916,0.0,0.0,0.0,0.0,1.60023,65.22026,1.0384200000000001,0.0,0.0,0.0,0.0
RUS,PAK,475.50023999999996,0.0,0.0,0.0,0.0,0.0,0.00025,0.0,0.0,0.0,0.0,0.0,0.0,0.0,0.0,0.0,0.0,0.0,0.0,0.0,0.0,0.0,0.0,0.0,0.0,0.0,0.0,0.0,0.0,0.0,0.0,0.0
RUS,BGD,737.3524100000001,0.0,0.0,0.0,0.0,36.55904,0.0,0.0,0.0,0.0,0.0,0.0,0.0,0.0,0.0,0.0,0.0,0.0,0.0,0.0,0.0,0.0,0.0,0.0,0.0,0.0,0.0,0.0,0.0,0.0,0.0,0.0
RUS,NGA,973.19684,0.0,9.58074,0.0,0.0,0.0,0.0,0.0,0.0,0.0,0.0,0.0,0.0,0.0,0.0,0.0,0.0,0.0,0.0,0.0,0.07587,0.0,0.0,0.0,0.0,0.0,0.0,0.0,0.0,0.0,0.0,0.0
RUS,ZAF,109.72953,0.0,0.0,0.0,0.0,0.0,0.0,0.0,0.0,0.0,0.0,0.0,0.0,0.0,0.0,0.0,0.0,0.0,0.0,0.0,0.0,0.0,0.0,0.0,0.0,0.0,0.0,0.0,0.0,0.0,0.0,0.0
RUS,ETH,0.0,0.0,0.0,0.0,0.0,0.0,0.0,0.0,0.0,0.0,0.0,0.0,0.0,0.0,0.0,0.0,0.0,0.0,0.0,0.0,0.0,0.0,0.0,0.0,0.0,0.0,0.0,0.0,0.0,0.0,0.0,0.0
RUS,EGY,4196.59425,0.0,0.0,10.64508,0.0,0.04501,0.0,5.4593,0.0,0.0,0.0,0.0,0.0,0.0,0.0,0.0,0.0,0.0,0.0,0.0,0.05077,0.0,0.0,0.0,0.0,0.0014,0.0,0.026809999999999997,0.0,0.0,0.0,0.0
RUS,MAR,0.0,0.0,0.0,0.0,0.0,0.0,0.0,0.0,0.0,0.0,0.0,0.0,0.0,0.0,0.0,0.0,0.0,0.0,0.0,0.0,0.0,0.0,0.0,0.0,0.0,0.0,0.0,0.0,0.0,0.0,0.0,0.0
RUS,DZA,0.0,0.0,0.0,0.0,0.0,0.0,0.0,0.0,0.0,0.0,0.0,0.0,0.0,0.0,0.0,0.0,0.0,0.0,0.0,0.0,0.0,0.0,0.0,0.0,0.0,0.0,0.0,0.0,0.0,0.0,0.0,0.0
RUS,SAU,0.0,0.0,0.0,0.0,0.0,0.0,0.0,0.0,0.0,0.0,0.0,0.0,0.0,0.0,0.0,0.0,0.0,0.0,0.0,0.0,0.0,0.0,0.0,0.0,0.0,0.0,0.0,0.0,0.0,0.0,0.0,0.0
RUS,IRN,0.0,0.0,0.0,0.0,0.0,0.0,0.0,0.0,0.0,0.0,0.0,0.0,0.0,0.0,0.0,0.0,0.0,0.0,0.0,0.0,0.0,0.0,0.0,0.0,0.0,0.0,0.0,0.0,0.0,0.0,0.0,0.0
RUS,ROW,0.0,0.0,0.0,0.0,0.0,0.0,0.0,0.0,0.0,0.0,0.0,0.0,0.0,0.0,0.0,0.0,0.0,0.0,0.0,0.0,0.0,0.0,0.0,0.0,0.0,0.0,0.0,0.0,0.0,0.0,0.0,0.0
UKR,EU27,432.47244,0.0,84.31711,5098.43428,0.0,1332.33656,22.51757,258.24838,0.0,0.0,0.0,0.02497,0.0,0.0,0.0,0.0,0.0,0.0,0.0,0.0,19.28339,0.0,0.0,0.0,0.0,0.00912,0.07124,8.956190000000001,0.0,6.64617,0.0,0.0
UKR,USA,1.05345,0.0,1.42536,0.08048000000000001,0.0,1.87948,0.67186,3.38638,0.0,0.0,0.0,1e-05,0.0,0.0,0.0,0.0,0.0,0.0,0.0,0.0,3.31389,0.0,0.0,0.0,0.0,4e-05,0.00054,0.00033,0.0,0.0,0.0,0.0
UKR,CAN,0.02052,0.0,0.0,0.00396,0.0,0.1005,0.00746,3.8145700000000002,0.0,0.0,0.0,0.0014199999999999998,0.0,0.0,0.0,0.0,0.0,0.0,0.0,0.0,0.14854,0.0,0.0,0.0,0.0,0.0,0.0,1e-05,0.0,0.0,0.0,0.0
UKR,BRA,0.043,0.0,0.0,0.0,0.0,0.0,0.0,0.0,0.0,0.0,0.0,0.0,0.0,0.0,0.0,0.0,0.0,0.0,0.0,0.0,0.0,0.0,0.0,0.0,0.0,0.0,0.0,0.0,0.0,0.0,0.0,0.0
UKR,ARG,0.0,0.0,0.0,0.0,0.0,0.0,0.0,0.0,0.0,0.0,0.0,0.0,0.0,0.0,0.0,0.0,0.0,0.0,0.0,0.0,0.0,0.0,0.0,0.0,0.0,0.0,0.0,0.0,0.0,0.0,0.0,0.0
UKR,AUS,0.02205,0.0,0.0,0.0,0.0,0.06240999999999999,0.0,0.0,0.0,0.0,0.0,0.0,0.0,0.0,0.0,0.0,0.0,0.0,0.0,0.0,0.0,0.0,0.0,0.0,0.0,0.00025,0.00234,0.0,0.0,0.0,0.0,0.0
UKR,NZL,0.0,0.0,0.0,0.10454000000000001,0.0,0.0,0.0,0.0,0.0,0.0,0.0,0.0,0.0,0.0,0.0,0.0,0.0,0.0,0.0,0.0,0.0,0.0,0.0,0.0,0.0,0.0,0.0,0.0,0.0,0.0,0.0,0.0
UKR,CHN,1.43506,0.0,5942.53147,16042.51822,0.0,0.0,0.0048200000000000005,91.17412,0.0,0.0,0.0,0.00022,0.0,0.0,0.0,0.0,0.0,0.0,0.0,0.0,20.0876,0.0,0.0,0.0,0.0,28.39502,0.59894,3.528,0.0,0.00793,0.0,0.0
UKR,IND,0.0,0.0,0.0,0.0,0.0,6.05383,0.7298300000000001,0.052039999999999996,0.0,0.0,0.0,0.0,0.0,0.0,0.0,0.0,0.0,0.0,0.0,0.0,0.0,0.0,0.0,0.0,0.0,0.0,0.0,0.0,0.0,0.0,0.0,0.0
UKR,RUS,11.168709999999999,0.0,0.59387,1.4872,0.0,0.21331,0.0,0.00075,0.0,0.0,0.0,0.00157,0.0,0.0,0.0,0.0,0.0,0.0,0.0,0.0,0.75266,0.0,0.0,0.0,0.0,0.00017,0.008199999999999999,0.00095,0.0,0.02668,0.0,0.0
UKR,UKR,0.0,0.0,0.0,0.0,0.0,0.0,0.0,0.0,0.0,0.0,0.0,0.0,0.0,0.0,0.0,0.0,0.0,0.0,0.0,0.0,0.0,0.0,0.0,0.0,0.0,0.0,0.0,0.0,0.0,0.0,0.0,0.0
UKR,TUR,0.0,0.0,0.0,0.0,0.0,0.0,0.0,0.0,0.0,0.0,0.0,0.0,0.0,0.0,0.0,0.0,0.0,0.0,0.0,0.0,0.0,0.0,0.0,0.0,0.0,0.0,0.0,0.0,0.0,0.0,0.0,0.0
UKR,MEX,131.93018,0.0,0.0,0.0,0.0,0.0,0.13772,0.0,0.0,0.0,0.0,0.0,0.0,0.0,0.0,0.0,0.0,0.0,0.0,0.0,0.0,0.0,0.0,0.0,0.0,0.0,0.0,0.0,0.0,0.0,0.0,0.0
UKR,IDN,2946.6392,0.0,0.0,27.96462,0.0,0.37174,0.02275,0.0,0.0,0.0,0.0,0.0,0.0,0.0,0.0,0.0,0.0,0.0,0.0,0.0,0.0,0.0,0.0,0.0,0.0,0.0,0.0,0.0,0.0,0.98399,0.0,0.0
UKR,JPN,0.01227,0.0,0.0,77.29013,0.0,0.0,0.0,0.0,0.0,0.0,0.0,2e-05,0.0,0.0,0.0,0.0,0.0,0.0,0.0,0.0,0.00037,0.0,0.0,0.0,0.0,0.0004,0.00175,0.02264,0.0,0.0,0.0,0.0
UKR,KOR,0.0,0.0,0.0,0.0,0.0,0.0,0.0,0.0,0.0,0.0,0.0,0.0,0.0,0.0,0.0,0.0,0.0,0.0,0.0,0.0,0.0,0.0,0.0,0.0,0.0,0.0,0.0,0.0,0.0,0.0,0.0,0.0
UKR,THA,491.30717,0.0,0.0,0.0,0.0,0.0,0.036090000000000004,0.0,0.0,0.0,0.0,0.0,0.0,0.0,0.0,0.0,0.0,0.0,0.0,0.0,0.10937999999999999,0.0,0.0,0.0,0.0,0.0,0.11517000000000001,0.0522,0.0,0.15344999999999998,0.0,0.0
UKR,VNM,311.16444,0.0,4.10896,0.008919999999999999,0.0,0.0,0.0,0.0,0.0,0.0,0.0,0.0,0.0,0.0,0.0,0.0,0.0,0.0,0.0,0.0,0.00758,0.0,0.0,0.0,0.0,0.0,0.0,2.6031,0.0,0.01889,0.0,0.0
UKR,PAK,1390.8209,0.0,1.05585,5.9999999999999995e-05,0.0,256.02918,0.0,1.02908,0.0,0.0,0.0,0.0,0.0,0.0,0.0,0.0,0.0,0.0,0.0,0.0,1.89738,0.0,0.0,0.0,0.0,0.0,0.0,0.0,0.0,0.09543,0.0,0.0
UKR,BGD,811.1440699999999,0.0,0.0,0.0,0.0,59.09355,0.0,0.0,0.0,0.0,0.0,0.0,0.0,0.0,0.0,0.0,0.0,0.0,0.0,0.0,19.7015,0.0,0.0,0.0,0.0,0.0,0.0,0.0,0.0,0.0,0.0,0.0
UKR,NGA,260.06417,0.0,0.0,0.8895700000000001,0.0,0.0,0.0,0.0,0.0,0.0,0.0,0.0,0.0,0.0,0.0,0.0,0.0,0.0,0.0,0.0,0.0068,0.0,0.0,0.0,0.0,0.0,1.70615,0.0,0.0,0.20407,0.0,0.0
UKR,ZAF,0.08987,0.0,0.05058,0.22228,0.0,0.0,0.0,0.0,0.0,0.0,0.0,0.0,0.0,0.0,0.0,0.0,0.0,0.0,0.0,0.0,1.18595,0.0,0.0,0.0,0.0,0.0,0.0,0.0,0.0,0.0,0.0,0.0
UKR,ETH,0.0,0.0,0.0,0.0,0.0,0.0,0.0,0.0,0.0,0.0,0.0,0.0,0.0,0.0,0.0,0.0,0.0,0.0,0.0,0.0,0.0,0.0,0.0,0.0,0.0,0.0,0.0,0.0,0.0,0.0,0.0,0.0
UKR,EGY,2547.8479199999997,0.0,8.545950000000001,1777.25981,0.0,0.91488,0.13992,60.58568,0.0,0.0,0.0,0.00464,0.0,0.0,0.0,0.0,0.0,0.0,0.0,0.0,3.53881,0.0,0.0,0.0,0.0,0.0,0.0,3.99181,0.0,0.2901,0.0,0.0
UKR,MAR,0.0,0.0,0.0,0.0,0.0,0.0,0.0,0.0,0.0,0.0,0.0,0.0,0.0,0.0,0.0,0.0,0.0,0.0,0.0,0.0,0.0,0.0,0.0,0.0,0.0,0.0,0.0,0.0,0.0,0.0,0.0,0.0
UKR,DZA,0.0,0.0,0.0,0.0,0.0,0.0,0.0,0.0,0.0,0.0,0.0,0.0,0.0,0.0,0.0,0.0,0.0,0.0,0.0,0.0,0.0,0.0,0.0,0.0,0.0,0.0,0.0,0.0,0.0,0.0,0.0,0.0
UKR,SAU,0.0,0.0,0.0,0.0,0.0,0.0,0.0,0.0,0.0,0.0,0.0,0.0,0.0,0.0,0.0,0.0,0.0,0.0,0.0,0.0,0.0,0.0,0.0,0.0,0.0,0.0,0.0,0.0,0.0,0.0,0.0,0.0
UKR,IRN,0.0,0.0,0.0,0.0,0.0,0.0,0.0,0.0,0.0,0.0,0.0,0.0,0.0,0.0,0.0,0.0,0.0,0.0,0.0,0.0,0.0,0.0,0.0,0.0,0.0,0.0,0.0,0.0,0.0,0.0,0.0,0.0
UKR,ROW,0.0,0.0,0.0,0.0,0.0,0.0,0.0,0.0,0.0,0.0,0.0,0.0,0.0,0.0,0.0,0.0,0.0,0.0,0.0,0.0,0.0,0.0,0.0,0.0,0.0,0.0,0.0,0.0,0.0,0.0,0.0,0.0
TUR,EU27,0.0,0.0,0.0,0.0,0.0,0.0,0.0,0.0,0.0,0.0,0.0,0.0,0.0,0.0,0.0,0.0,0.0,0.0,0.0,0.0,0.0,0.0,0.0,0.0,0.0,0.0,0.0,0.0,0.0,0.0,0.0,0.0
TUR,USA,0.0,0.0,0.0,0.0,0.0,0.0,0.0,0.0,0.0,0.0,0.0,0.0,0.0,0.0,0.0,0.0,0.0,0.0,0.0,0.0,0.0,0.0,0.0,0.0,0.0,0.0,0.0,0.0,0.0,0.0,0.0,0.0
TUR,CAN,0.0,0.0,0.0,0.0,0.0,0.0,0.0,0.0,0.0,0.0,0.0,0.0,0.0,0.0,0.0,0.0,0.0,0.0,0.0,0.0,0.0,0.0,0.0,0.0,0.0,0.0,0.0,0.0,0.0,0.0,0.0,0.0
TUR,BRA,0.0,0.0,0.0,0.0,0.0,0.0,0.0,0.0,0.0,0.0,0.0,0.0,0.0,0.0,0.0,0.0,0.0,0.0,0.0,0.0,0.0,0.0,0.0,0.0,0.0,0.0,0.0,0.0,0.0,0.0,0.0,0.0
TUR,ARG,0.0,0.0,0.0,0.0,0.0,0.0,0.0,0.0,0.0,0.0,0.0,0.0,0.0,0.0,0.0,0.0,0.0,0.0,0.0,0.0,0.0,0.0,0.0,0.0,0.0,0.0,0.0,0.0,0.0,0.0,0.0,0.0
TUR,AUS,0.0,0.0,0.0,0.0,0.0,0.0,0.0,0.0,0.0,0.0,0.0,0.0,0.0,0.0,0.0,0.0,0.0,0.0,0.0,0.0,0.0,0.0,0.0,0.0,0.0,0.0,0.0,0.0,0.0,0.0,0.0,0.0
TUR,NZL,0.0,0.0,0.0,0.0,0.0,0.0,0.0,0.0,0.0,0.0,0.0,0.0,0.0,0.0,0.0,0.0,0.0,0.0,0.0,0.0,0.0,0.0,0.0,0.0,0.0,0.0,0.0,0.0,0.0,0.0,0.0,0.0
TUR,CHN,0.0,0.0,0.0,0.0,0.0,0.0,0.0,0.0,0.0,0.0,0.0,0.0,0.0,0.0,0.0,0.0,0.0,0.0,0.0,0.0,0.0,0.0,0.0,0.0,0.0,0.0,0.0,0.0,0.0,0.0,0.0,0.0
TUR,IND,0.0,0.0,0.0,0.0,0.0,0.0,0.0,0.0,0.0,0.0,0.0,0.0,0.0,0.0,0.0,0.0,0.0,0.0,0.0,0.0,0.0,0.0,0.0,0.0,0.0,0.0,0.0,0.0,0.0,0.0,0.0,0.0
TUR,RUS,0.0,0.0,0.0,0.0,0.0,0.0,0.0,0.0,0.0,0.0,0.0,0.0,0.0,0.0,0.0,0.0,0.0,0.0,0.0,0.0,0.0,0.0,0.0,0.0,0.0,0.0,0.0,0.0,0.0,0.0,0.0,0.0
TUR,UKR,0.0,0.0,0.0,0.0,0.0,0.0,0.0,0.0,0.0,0.0,0.0,0.0,0.0,0.0,0.0,0.0,0.0,0.0,0.0,0.0,0.0,0.0,0.0,0.0,0.0,0.0,0.0,0.0,0.0,0.0,0.0,0.0
TUR,TUR,0.0,0.0,0.0,0.0,0.0,0.0,0.0,0.0,0.0,0.0,0.0,0.0,0.0,0.0,0.0,0.0,0.0,0.0,0.0,0.0,0.0,0.0,0.0,0.0,0.0,0.0,0.0,0.0,0.0,0.0,0.0,0.0
TUR,MEX,0.0,0.0,0.0,0.0,0.0,0.0,0.0,0.0,0.0,0.0,0.0,0.0,0.0,0.0,0.0,0.0,0.0,0.0,0.0,0.0,0.0,0.0,0.0,0.0,0.0,0.0,0.0,0.0,0.0,0.0,0.0,0.0
TUR,IDN,0.0,0.0,0.0,0.0,0.0,0.0,0.0,0.0,0.0,0.0,0.0,0.0,0.0,0.0,0.0,0.0,0.0,0.0,0.0,0.0,0.0,0.0,0.0,0.0,0.0,0.0,0.0,0.0,0.0,0.0,0.0,0.0
TUR,JPN,0.0,0.0,0.0,0.0,0.0,0.0,0.0,0.0,0.0,0.0,0.0,0.0,0.0,0.0,0.0,0.0,0.0,0.0,0.0,0.0,0.0,0.0,0.0,0.0,0.0,0.0,0.0,0.0,0.0,0.0,0.0,0.0
TUR,KOR,0.0,0.0,0.0,0.0,0.0,0.0,0.0,0.0,0.0,0.0,0.0,0.0,0.0,0.0,0.0,0.0,0.0,0.0,0.0,0.0,0.0,0.0,0.0,0.0,0.0,0.0,0.0,0.0,0.0,0.0,0.0,0.0
TUR,THA,0.0,0.0,0.0,0.0,0.0,0.0,0.0,0.0,0.0,0.0,0.0,0.0,0.0,0.0,0.0,0.0,0.0,0.0,0.0,0.0,0.0,0.0,0.0,0.0,0.0,0.0,0.0,0.0,0.0,0.0,0.0,0.0
TUR,VNM,0.0,0.0,0.0,0.0,0.0,0.0,0.0,0.0,0.0,0.0,0.0,0.0,0.0,0.0,0.0,0.0,0.0,0.0,0.0,0.0,0.0,0.0,0.0,0.0,0.0,0.0,0.0,0.0,0.0,0.0,0.0,0.0
TUR,PAK,0.0,0.0,0.0,0.0,0.0,0.0,0.0,0.0,0.0,0.0,0.0,0.0,0.0,0.0,0.0,0.0,0.0,0.0,0.0,0.0,0.0,0.0,0.0,0.0,0.0,0.0,0.0,0.0,0.0,0.0,0.0,0.0
TUR,BGD,0.0,0.0,0.0,0.0,0.0,0.0,0.0,0.0,0.0,0.0,0.0,0.0,0.0,0.0,0.0,0.0,0.0,0.0,0.0,0.0,0.0,0.0,0.0,0.0,0.0,0.0,0.0,0.0,0.0,0.0,0.0,0.0
TUR,NGA,0.0,0.0,0.0,0.0,0.0,0.0,0.0,0.0,0.0,0.0,0.0,0.0,0.0,0.0,0.0,0.0,0.0,0.0,0.0,0.0,0.0,0.0,0.0,0.0,0.0,0.0,0.0,0.0,0.0,0.0,0.0,0.0
TUR,ZAF,0.0,0.0,0.0,0.0,0.0,0.0,0.0,0.0,0.0,0.0,0.0,0.0,0.0,0.0,0.0,0.0,0.0,0.0,0.0,0.0,0.0,0.0,0.0,0.0,0.0,0.0,0.0,0.0,0.0,0.0,0.0,0.0
TUR,ETH,0.0,0.0,0.0,0.0,0.0,0.0,0.0,0.0,0.0,0.0,0.0,0.0,0.0,0.0,0.0,0.0,0.0,0.0,0.0,0.0,0.0,0.0,0.0,0.0,0.0,0.0,0.0,0.0,0.0,0.0,0.0,0.0
TUR,EGY,0.0,0.0,0.0,0.0,0.0,0.0,0.0,0.0,0.0,0.0,0.0,0.0,0.0,0.0,0.0,0.0,0.0,0.0,0.0,0.0,0.0,0.0,0.0,0.0,0.0,0.0,0.0,0.0,0.0,0.0,0.0,0.0
TUR,MAR,0.0,0.0,0.0,0.0,0.0,0.0,0.0,0.0,0.0,0.0,0.0,0.0,0.0,0.0,0.0,0.0,0.0,0.0,0.0,0.0,0.0,0.0,0.0,0.0,0.0,0.0,0.0,0.0,0.0,0.0,0.0,0.0
TUR,DZA,0.0,0.0,0.0,0.0,0.0,0.0,0.0,0.0,0.0,0.0,0.0,0.0,0.0,0.0,0.0,0.0,0.0,0.0,0.0,0.0,0.0,0.0,0.0,0.0,0.0,0.0,0.0,0.0,0.0,0.0,0.0,0.0
TUR,SAU,0.0,0.0,0.0,0.0,0.0,0.0,0.0,0.0,0.0,0.0,0.0,0.0,0.0,0.0,0.0,0.0,0.0,0.0,0.0,0.0,0.0,0.0,0.0,0.0,0.0,0.0,0.0,0.0,0.0,0.0,0.0,0.0
TUR,IRN,0.0,0.0,0.0,0.0,0.0,0.0,0.0,0.0,0.0,0.0,0.0,0.0,0.0,0.0,0.0,0.0,0.0,0.0,0.0,0.0,0.0,0.0,0.0,0.0,0.0,0.0,0.0,0.0,0.0,0.0,0.0,0.0
TUR,ROW,0.0,0.0,0.0,0.0,0.0,0.0,0.0,0.0,0.0,0.0,0.0,0.0,0.0,0.0,0.0,0.0,0.0,0.0,0.0,0.0,0.0,0.0,0.0,0.0,0.0,0.0,0.0,0.0,0.0,0.0,0.0,0.0
MEX,EU27,0.09601000000000001,0.0,0.0,2.261,0.0,0.01924,1e-05,0.027350000000000003,0.0,0.0,0.0,0.0,0.0,0.0,0.0,0.0,0.0,0.0,0.0,0.0,4e-05,0.0,0.0,0.0,0.0,0.0678,0.0,0.00054,0.0,0.05762,0.0,0.0
MEX,USA,127.57114,0.0,0.04904,276.30154999999996,0.0,0.0053,0.00722,0.69357,0.0,0.0,1.2353599999999998,0.60917,0.0,0.0,0.0,0.0,0.0,0.0,0.0,0.0,134.93282000000002,0.0,0.0,0.0,0.0,294.05536,60.966449999999995,3.50841,0.0,9.56807,0.0,0.0
MEX,CAN,4.74308,0.0,0.0001,0.08785,0.0,0.0,1e-05,2.9999999999999997e-05,0.0,0.0,0.04924,0.01079,0.0,0.0,0.0,0.0,0.0,0.0,0.0,0.0,11.60718,0.0,0.0,0.0,0.0,7.67083,5.13218,2e-05,0.0,0.00182,0.0,0.0
MEX,BRA,0.01716,0.0,0.0,0.00556,0.0,0.0,0.0,0.0,0.0,0.0,0.0,0.0,0.0,0.0,0.0,0.0,0.0,0.0,0.0,0.0,0.0,0.0,0.0,0.0,0.0,0.0,0.0,0.0,0.0,0.00217,0.0,0.0
MEX,ARG,0.0,0.0,0.0,0.0134,0.0,0.0,0.0,0.0,0.0,0.0,0.0,0.0,0.0,0.0,0.0,0.0,0.0,0.0,0.0,0.0,0.0,0.0,0.0,0.0,0.0,0.02163,0.0,0.0,0.0,0.00027,0.0,0.0
MEX,AUS,0.0,0.0,0.0,1.05471,0.0,0.0,0.0,0.0,0.0,0.0,0.0,0.0,0.0,0.0,0.0,0.0,0.0,0.0,0.0,0.0,3.87026,0.0,0.0,0.0,0.0,0.0,0.0,0.0,0.0,0.00082,0.0,0.0
MEX,NZL,0.05836,0.0,0.0,0.11284999999999999,0.0,0.0,0.0,0.0,0.0,0.0,0.0,0.0,0.0,0.0,0.0,0.0,0.0,0.0,0.0,0.0,0.05262,0.0,0.0,0.0,0.0,0.0,0.052020000000000004,0.0,0.0,0.0,0.0,0.0
MEX,CHN,0.02004,0.0,0.0,5.03571,0.0,0.0,0.0,0.0,0.0,0.0,0.0,0.0,0.0,0.0,0.0,0.0,0.0,0.0,0.0,0.0,0.04771,0.0,0.0,0.0,0.0,4.86165,109.40231,0.01078,0.0,0.0,0.0,0.0
MEX,IND,1e-05,0.0,0.0,0.00073,0.0,0.0,0.0,0.0,0.0,0.0,0.0,0.0,0.0,0.0,0.0,0.0,0.0,0.0,0.0,0.0,0.0,0.0,0.0,0.0,0.0,0.0,0.0,0.0,0.0,0.0,0.0,0.0
MEX,RUS,0.0,0.0,0.0,0.0,0.0,0.0,0.0,0.0,0.0,0.0,0.0,0.0,0.0,0.0,0.0,0.0,0.0,0.0,0.0,0.0,0.0,0.0,0.0,0.0,0.0,0.0,0.0,0.0,0.0,1e-05,0.0,0.0
MEX,UKR,0.0,0.0,0.0,0.00515,0.0,0.0,0.0,0.0,0.0,0.0,0.0,0.0,0.0,0.0,0.0,0.0,0.0,0.0,0.0,0.0,0.0,0.0,0.0,0.0,0.0,0.0,0.0,0.0,0.0,0.0,0.0,0.0
MEX,TUR,0.0,0.0,0.0,0.0,0.0,0.0,0.0,0.0,0.0,0.0,0.0,0.0,0.0,0.0,0.0,0.0,0.0,0.0,0.0,0.0,0.0,0.0,0.0,0.0,0.0,0.0,0.0,0.0,0.0,0.0,0.0,0.0
MEX,MEX,0.0,0.0,0.0,0.0,0.0,0.0,0.0,0.0,0.0,0.0,0.0,0.0,0.0,0.0,0.0,0.0,0.0,0.0,0.0,0.0,0.0,0.0,0.0,0.0,0.0,0.0,0.0,0.0,0.0,0.0,0.0,0.0
MEX,IDN,0.0,0.0,0.0,0.0,0.0,0.0,0.0,0.0,0.0,0.0,0.0,0.0,0.0,0.0,0.0,0.0,0.0,0.0,0.0,0.0,0.0,0.0,0.0,0.0,0.0,0.0,0.0,0.0,0.0,0.0,0.0,0.0
MEX,JPN,0.0,0.0,0.0,0.028640000000000002,0.0,0.0,0.0,0.0,0.0,0.0,0.0,0.0,0.0,0.0,0.0,0.0,0.0,0.0,0.0,0.0,0.0,0.0,0.0,0.0,0.0,21.81353,188.85764,0.0,0.0,0.00176,0.0,0.0
MEX,KOR,0.0,0.0,0.0,0.0,0.0,0.0,0.0,0.0,0.0,0.0,0.0,0.0,0.0,0.0,0.0,0.0,0.0,0.0,0.0,0.0,0.0,0.0,0.0,0.0,0.0,0.0,0.0,0.0,0.0,0.0,0.0,0.0
MEX,THA,0.02081,0.0,0.0,0.00121,0.0,0.0,0.0,0.0,0.0,0.0,0.0,0.0,0.0,0.0,0.0,0.0,0.0,0.0,0.0,0.0,0.0,0.0,0.0,0.0,0.0,0.0,0.0,0.0,0.0,0.0,0.0,0.0
MEX,VNM,0.0,0.0,0.0,0.0,0.0,0.0,0.0,0.0,0.0,0.0,0.0,0.0,0.0,0.0,0.0,0.0,0.0,0.0,0.0,0.0,0.0,0.0,0.0,0.0,0.0,0.0,0.0,0.0,0.0,0.0,0.0,0.0
MEX,PAK,0.00928,0.0,0.0,0.00155,0.0,0.0,0.0,0.0,0.0,0.0,0.0,0.0,0.0,0.0,0.0,0.0,0.0,0.0,0.0,0.0,0.0,0.0,0.0,0.0,0.0,0.0,0.0,0.0,0.0,0.0,0.0,0.0
MEX,BGD,0.0,0.0,0.0,0.0,0.0,0.0,0.0,0.0,0.0,0.0,0.0,0.0,0.0,0.0,0.0,0.0,0.0,0.0,0.0,0.0,0.0,0.0,0.0,0.0,0.0,0.0,0.0,0.0,0.0,0.0,0.0,0.0
MEX,NGA,14.72573,0.0,0.0,0.0,0.0,0.0,0.0,0.0,0.0,0.0,0.0,0.0,0.0,0.0,0.0,0.0,0.0,0.0,0.0,0.0,0.0,0.0,0.0,0.0,0.0,0.0,0.0,0.0,0.0,0.0,0.0,0.0
MEX,ZAF,1e-05,0.0,0.0,0.05392,0.0,0.0,0.0,0.0,0.0,0.0,0.0,0.0,0.0,0.0,0.0,0.0,0.0,0.0,0.0,0.0,0.0,0.0,0.0,0.0,0.0,0.00067,0.0,0.0,0.0,0.0,0.0,0.0
MEX,ETH,0.0,0.0,0.0,0.0,0.0,0.0,0.0,0.0,0.0,0.0,0.0,0.0,0.0,0.0,0.0,0.0,0.0,0.0,0.0,0.0,0.0,0.0,0.0,0.0,0.0,0.0,0.0,0.0,0.0,0.0,0.0,0.0
MEX,EGY,0.00294,0.0,0.0,0.0,0.0,0.0,0.0,0.0,0.0,0.0,0.0,0.04881,0.0,0.0,0.0,0.0,0.0,0.0,0.0,0.0,0.0,0.0,0.0,0.0,0.0,0.0,0.0,0.0,0.0,0.0,0.0,0.0
MEX,MAR,0.0,0.0,0.0,0.0,0.0,0.0,0.0,0.0,0.0,0.0,0.0,0.0,0.0,0.0,0.0,0.0,0.0,0.0,0.0,0.0,0.0,0.0,0.0,0.0,0.0,0.0,0.0,0.0,0.0,0.0,0.0,0.0
MEX,DZA,0.0,0.0,0.0,0.0,0.0,0.0,0.0,0.0,0.0,0.0,0.0,0.0,0.0,0.0,0.0,0.0,0.0,0.0,0.0,0.0,0.0,0.0,0.0,0.0,0.0,0.0,0.0,0.0,0.0,0.0,0.0,0.0
MEX,SAU,0.0,0.0,0.0,0.0,0.0,0.0,0.0,0.0,0.0,0.0,0.0,0.0,0.0,0.0,0.0,0.0,0.0,0.0,0.0,0.0,0.0,0.0,0.0,0.0,0.0,0.0,0.0,0.0,0.0,0.0,0.0,0.0
MEX,IRN,0.0,0.0,0.0,0.0,0.0,0.0,0.0,0.0,0.0,0.0,0.0,0.0,0.0,0.0,0.0,0.0,0.0,0.0,0.0,0.0,0.0,0.0,0.0,0.0,0.0,0.0,0.0,0.0,0.0,0.0,0.0,0.0
MEX,ROW,0.0,0.0,0.0,0.0,0.0,0.0,0.0,0.0,0.0,0.0,0.0,0.0,0.0,0.0,0.0,0.0,0.0,0.0,0.0,0.0,0.0,0.0,0.0,0.0,0.0,0.0,0.0,0.0,0.0,0.0,0.0,0.0
IDN,EU27,0.21394,0.0,0.0,0.00098,0.0,0.0,0.0,0.01748,0.0,0.0,0.00619,0.5933099999999999,0.0,0.0,0.0,0.0,0.0,0.0,0.0,0.0,0.030199999999999998,0.0,0.0,0.0,0.0,0.00739,0.0,0.0,0.0,0.01711,0.0,0.0
IDN,USA,0.43757,0.0,0.0,2e-05,0.0,0.0,0.0,0.35196,0.0,0.0,0.00171,0.00013000000000000002,0.0,0.0,0.0,0.0,0.0,0.0,0.0,0.0,0.75173,0.0,0.0,0.0,0.0,0.0,0.0,0.0,0.0,0.0,0.0,0.0
IDN,CAN,0.01943,0.0,0.0,0.0249,0.0,0.00049,0.0,0.05847,0.0,0.0,0.0,0.0,0.0,0.0,0.0,0.0,0.0,0.0,0.0,0.0,0.0,0.0,0.0,0.0,0.0,0.0,0.0,0.0,0.0,0.0,0.0,0.0
IDN,BRA,0.0,0.0,0.0,0.0,0.0,0.0,0.0,0.0002,0.0,0.0,0.0,0.0,0.0,0.0,0.0,0.0,0.0,0.0,0.0,0.0,0.02655,0.0,0.0,0.0,0.0,0.0,0.0,0.0,0.0,0.0,0.0,0.0
IDN,ARG,0.0,0.0,0.0,0.0,0.0,0.0,0.0,0.0,0.0,0.0,0.0,0.0,0.0,0.0,0.0,0.0,0.0,0.0,0.0,0.0,0.0,0.0,0.0,0.0,0.0,0.0,0.0,0.0,0.0,0.0,0.0,0.0
IDN,AUS,1.74425,0.0,0.0,1e-05,0.0,0.0,0.0,0.7717200000000001,0.0,0.0,0.0,0.015529999999999999,0.0,0.0,0.0,0.0,0.0,0.0,0.0,0.0,0.64534,0.0,0.0,0.0,0.0,0.0028,0.0,0.00066,0.0,0.0,0.0,0.0
IDN,NZL,0.39994999999999997,0.0,0.0,0.00285,0.0,0.0,0.0,0.08106000000000001,0.0,0.0,0.0,0.00346,0.0,0.0,0.0,0.0,0.0,0.0,0.0,0.0,0.1396,0.0,0.0,0.0,0.0,0.00023999999999999998,0.0,0.0008399999999999999,0.0,0.0,0.0,0.0
IDN,CHN,3189.61875,0.0,2e-05,0.04188,0.0,0.0,0.0,0.1272,0.0,0.0,0.0,1.83259,0.0,0.0,0.0,0.0,0.0,0.0,0.0,0.0,1.42845,0.0,0.0,0.0,0.0,0.02898,0.00014000000000000001,0.01107,0.0,7.000000000000001e-05,0.0,0.0
IDN,IND,0.00752,0.0,0.0,26.3212,0.0,0.0,0.0,0.00217,0.0,0.0,0.0,0.0,0.0,0.0,0.0,0.0,0.0,0.0,0.0,0.0,0.00393,0.0,0.0,0.0,0.0,0.0,0.0,0.0,0.0,0.0,0.0,0.0
IDN,RUS,0.13538999999999998,0.0,0.0,0.0,0.0,0.0,0.0,0.0,0.0,0.0,0.0,0.0,0.0,0.0,0.0,0.0,0.0,0.0,0.0,0.0,0.0,0.0,0.0,0.0,0.0,0.0,0.0,0.0,0.0,0.0,0.0,0.0
IDN,UKR,0.0,0.0,0.0,0.0,0.0,0.0,0.0,0.0,0.0,0.0,0.0,0.0,0.0,0.0,0.0,0.0,0.0,0.0,0.0,0.0,0.0,0.0,0.0,0.0,0.0,0.0,0.0,0.0,0.0,0.0,0.0,0.0
IDN,TUR,0.0,0.0,0.0,0.0,0.0,0.0,0.0,0.0,0.0,0.0,0.0,0.0,0.0,0.0,0.0,0.0,0.0,0.0,0.0,0.0,0.0,0.0,0.0,0.0,0.0,0.0,0.0,0.0,0.0,0.0,0.0,0.0
IDN,MEX,0.0,0.0,0.0,0.0,0.0,0.0,0.0,0.0,0.0,0.0,0.0,0.0,0.0,0.0,0.0,0.0,0.0,0.0,0.0,0.0,0.14163,0.0,0.0,0.0,0.0,0.0,0.0,0.0,0.0,0.0,0.0,0.0
IDN,IDN,0.0,0.0,0.0,0.0,0.0,0.0,0.0,0.0,0.0,0.0,0.0,0.0,0.0,0.0,0.0,0.0,0.0,0.0,0.0,0.0,0.0,0.0,0.0,0.0,0.0,0.0,0.0,0.0,0.0,0.0,0.0,0.0
IDN,JPN,84.32766000000001,0.0,0.0,65.36852999999999,0.0,0.0,0.0,0.00057,0.0,0.0,0.06312,0.08957,0.0,0.0,0.0,0.0,0.0,0.0,0.0,0.0,0.02982,0.0,0.0,0.0,0.0,0.0009599999999999999,0.0,0.05878,0.0,0.00057,0.0,0.0
IDN,KOR,0.0,0.0,0.0,0.0,0.0,0.0,0.0,0.0,0.0,0.0,0.0,0.0,0.0,0.0,0.0,0.0,0.0,0.0,0.0,0.0,0.0,0.0,0.0,0.0,0.0,0.0,0.0,0.0,0.0,0.0,0.0,0.0
IDN,THA,114.46339,0.0,0.0,1.9225,0.0,0.0,0.0,0.00023999999999999998,0.0,0.0,0.00307,7.000000000000001e-05,0.0,0.0,0.0,0.0,0.0,0.0,0.0,0.0,2.57981,0.0,0.0,0.0,0.0,0.00085,1e-05,0.0,0.0,0.005730000000000001,0.0,0.0
IDN,VNM,400.21079,0.0,0.0,0.78347,0.0,0.0,0.0,0.00584,0.0,0.0,0.0,0.0,0.0,0.0,0.0,0.0,0.0,0.0,0.0,0.0,2.44876,0.0,0.0,0.0,0.0,0.0,0.0,0.0,0.0,0.0,0.0,0.0
IDN,PAK,0.17557,0.0,0.0,0.40542,0.0,0.37376,0.0,0.0,0.0,0.0,0.0,0.0,0.0,0.0,0.0,0.0,0.0,0.0,0.0,0.0,0.040299999999999996,0.0,0.0,0.0,0.0,0.0,0.0,0.00045,0.0,0.00107,0.0,0.0
IDN,BGD,0.00148,0.0,0.0,0.0,0.0,0.0,0.0,0.0,0.0,0.0,0.0,0.00357,0.0,0.0,0.0,0.0,0.0,0.0,0.0,0.0,0.02035,0.0,0.0,0.0,0.0,0.0,0.00608,0.0,0.0,0.0,0.0,0.0
IDN,NGA,0.08069,0.0,0.00831,0.0,0.0,0.0,0.0,0.0,0.0,0.0,0.0,0.0,0.0,0.0,0.0,0.0,0.0,0.0,0.0,0.0,0.31865,0.0,0.0,0.0,0.0,0.0,0.0,0.0,0.0,0.0,0.0,0.0
IDN,ZAF,0.0255,0.0,0.0,0.0,0.0,0.0,0.0,0.0,0.0,0.0,0.0,0.0,0.0,0.0,0.0,0.0,0.0,0.0,0.0,0.0,0.0,0.0,0.0,0.0,0.0,0.0,0.0,0.0,0.0,0.00163,0.0,0.0
IDN,ETH,0.0,0.0,0.0,0.0,0.0,0.0,0.0,0.0,0.0,0.0,0.0,0.0,0.0,0.0,0.0,0.0,0.0,0.0,0.0,0.0,0.0,0.0,0.0,0.0,0.0,0.0,0.0,0.0,0.0,0.0,0.0,0.0
IDN,EGY,0.00584,0.0,0.0,0.03301,0.0,0.0,0.0,0.00041,0.0,0.0,0.0,0.0,0.0,0.0,0.0,0.0,0.0,0.0,0.0,0.0,0.0,0.0,0.0,0.0,0.0,0.0019199999999999998,0.0,0.0,0.0,0.0,0.0,0.0
IDN,MAR,0.0,0.0,0.0,0.0,0.0,0.0,0.0,0.0,0.0,0.0,0.0,0.0,0.0,0.0,0.0,0.0,0.0,0.0,0.0,0.0,0.0,0.0,0.0,0.0,0.0,0.0,0.0,0.0,0.0,0.0,0.0,0.0
IDN,DZA,0.0,0.0,0.0,0.0,0.0,0.0,0.0,0.0,0.0,0.0,0.0,0.0,0.0,0.0,0.0,0.0,0.0,0.0,0.0,0.0,0.0,0.0,0.0,0.0,0.0,0.0,0.0,0.0,0.0,0.0,0.0,0.0
IDN,SAU,0.0,0.0,0.0,0.0,0.0,0.0,0.0,0.0,0.0,0.0,0.0,0.0,0.0,0.0,0.0,0.0,0.0,0.0,0.0,0.0,0.0,0.0,0.0,0.0,0.0,0.0,0.0,0.0,0.0,0.0,0.0,0.0
IDN,IRN,0.0,0.0,0.0,0.0,0.0,0.0,0.0,0.0,0.0,0.0,0.0,0.0,0.0,0.0,0.0,0.0,0.0,0.0,0.0,0.0,0.0,0.0,0.0,0.0,0.0,0.0,0.0,0.0,0.0,0.0,0.0,0.0
IDN,ROW,0.0,0.0,0.0,0.0,0.0,0.0,0.0,0.0,0.0,0.0,0.0,0.0,0.0,0.0,0.0,0.0,0.0,0.0,0.0,0.0,0.0,0.0,0.0,0.0,0.0,0.0,0.0,0.0,0.0,0.0,0.0,0.0
JPN,EU27,1.84299,0.0,0.0015400000000000001,0.11116,0.0,0.00228,0.01411,4.39645,0.0,0.0,0.01208,0.04142,0.0,0.0,0.0,0.0,0.0,0.0,0.0,0.0,0.46166,0.0,0.0,0.0,0.0,0.36213,0.03494,0.019969999999999998,0.0,0.08837,0.0,0.0
JPN,USA,6.06296,0.0,0.015619999999999998,0.28669,0.0,0.0,0.04672,3.7477600000000004,0.0,0.0,0.0,0.08606,0.0,0.0,0.0,0.0,0.0,0.0,0.0,0.0,1.1277000000000001,0.0,0.0,0.0,0.0,1.94035,0.0,0.0012,0.0,0.02789,0.0,0.0
JPN,CAN,0.26225,0.0,1e-05,0.0031,0.0,0.0,4e-05,0.30857999999999997,0.0,0.0,0.0,0.039909999999999994,0.0,0.0,0.0,0.0,0.0,0.0,0.0,0.0,0.18026,0.0,0.0,0.0,0.0,0.14311000000000001,0.0,0.0,0.0,0.0,0.0,0.0
JPN,BRA,0.02076,0.0,0.0,0.0,0.0,0.0,0.0,0.04231,0.0,0.0,0.0,0.0,0.0,0.0,0.0,0.0,0.0,0.0,0.0,0.0,0.00034,0.0,0.0,0.0,0.0,0.0212,0.0,0.0,0.0,0.03562,0.0,0.0
JPN,ARG,0.0,0.0,0.0,0.0,0.0,0.0,0.0,0.00545,0.0,0.0,0.0,0.0,0.0,0.0,0.0,0.0,0.0,0.0,0.0,0.0,0.0,0.0,0.0,0.0,0.0,0.0,0.0,0.0,0.0,0.0,0.0,0.0
JPN,AUS,1.38619,0.0,0.0018700000000000001,0.0,0.0,0.0,0.0,1.11961,0.0,0.0,0.0045899999999999995,0.07664,0.0,0.0,0.0,0.0,0.0,0.0,0.0,0.0,0.33014,0.0,0.0,0.0,0.0,0.18181999999999998,0.00383,2e-05,0.0,0.027649999999999997,0.0,0.0
JPN,NZL,0.07515000000000001,0.0,0.0,0.0,0.0,0.0016899999999999999,0.0,0.23461,0.0,0.0,0.0,0.00175,0.0,0.0,0.0,0.0,0.0,0.0,0.0,0.0,0.14856,0.0,0.0,0.0,0.0,0.02847,2e-05,0.00017999999999999998,0.0,0.02352,0.0,0.0
JPN,CHN,143.63412,0.0,0.01184,0.09747,0.0,8.64403,0.05826,4.79029,0.0,0.0,0.0,0.84557,0.0,0.0,0.0,0.0,0.0,0.0,0.0,0.0,16.738709999999998,0.0,0.0,0.0,0.0,3.37955,1.76284,4.17814,0.0,19.86431,0.0,0.0
JPN,IND,0.00053,0.0,0.0,0.0,0.0,0.0,0.0,0.05946,0.0,0.0,0.0,0.0,0.0,0.0,0.0,0.0,0.0,0.0,0.0,0.0,0.00065,0.0,0.0,0.0,0.0,0.0,0.0,0.0,0.0,0.0,0.0,0.0
JPN,RUS,0.27199,0.0,0.0,0.0,0.0,0.0,0.0,0.07454999999999999,0.0,0.0,0.0,0.0,0.0,0.0,0.0,0.0,0.0,0.0,0.0,0.0,0.0019,0.0,0.0,0.0,0.0,0.03475,0.0,0.0,0.0,0.0,0.0,0.0
JPN,UKR,0.00277,0.0,0.0,0.0,0.0,0.0,0.0,0.08855,0.0,0.0,0.0,0.0,0.0,0.0,0.0,0.0,0.0,0.0,0.0,0.0,0.01084,0.0,0.0,0.0,0.0,0.00318,0.0,0.0,0.0,0.0,0.0,0.0
JPN,TUR,0.0,0.0,0.0,0.0,0.0,0.0,0.0,0.0,0.0,0.0,0.0,0.0,0.0,0.0,0.0,0.0,0.0,0.0,0.0,0.0,0.0,0.0,0.0,0.0,0.0,0.0,0.0,0.0,0.0,0.0,0.0,0.0
JPN,MEX,0.02162,0.0,0.0,0.0,0.0,0.0,0.0,0.0351,0.0,0.0,0.0,0.0,0.0,0.0,0.0,0.0,0.0,0.0,0.0,0.0,0.0,0.0,0.0,0.0,0.0,0.03524,0.0,0.0,0.0,0.0,0.0,0.0
JPN,IDN,1.3486300000000002,0.0,0.00817,0.01104,0.0,0.00248,0.0,0.09345999999999999,0.0,0.0,0.0,0.0,0.0,0.0,0.0,0.0,0.0,0.0,0.0,0.0,0.08248,0.0,0.0,0.0,0.0,0.06726,0.00076,0.0,0.0,0.0,0.0,0.0
JPN,JPN,0.0,0.0,0.0,0.0,0.0,0.0,0.0,0.0,0.0,0.0,0.0,0.0,0.0,0.0,0.0,0.0,0.0,0.0,0.0,0.0,0.0,0.0,0.0,0.0,0.0,0.0,0.0,0.0,0.0,0.0,0.0,0.0
JPN,KOR,0.0,0.0,0.0,0.0,0.0,0.0,0.0,0.0,0.0,0.0,0.0,0.0,0.0,0.0,0.0,0.0,0.0,0.0,0.0,0.0,0.0,0.0,0.0,0.0,0.0,0.0,0.0,0.0,0.0,0.0,0.0,0.0
JPN,THA,11.46133,0.0,0.00401,0.03243,0.0,0.0,0.00092,1.12699,0.0,0.0,0.0,0.25729,0.0,0.0,0.0,0.0,0.0,0.0,0.0,0.0,0.9599099999999999,0.0,0.0,0.0,0.0,0.7466900000000001,0.04258,0.00092,0.0,0.028489999999999998,0.0,0.0
JPN,VNM,20.28891,0.0,0.0,0.22574,0.0,0.00521,0.28413,0.23537,0.0,0.0,0.0,0.0,0.0,0.0,0.0,0.0,0.0,0.0,0.0,0.0,1.5444,0.0,0.0,0.0,0.0,0.34198,0.02007,0.1032,0.0,0.02997,0.0,0.0
JPN,PAK,0.0,0.0,0.0,0.0,0.0,0.0,0.0,0.00103,0.0,0.0,0.0,0.0,0.0,0.0,0.0,0.0,0.0,0.0,0.0,0.0,0.0,0.0,0.0,0.0,0.0,0.0,0.0,0.0,0.0,0.0019,0.0,0.0
JPN,BGD,0.0,0.0,0.0,0.0,0.0,0.0,0.0,0.0,0.0,0.0,0.0,0.0,0.0,0.0,0.0,0.0,0.0,0.0,0.0,0.0,0.0,0.0,0.0,0.0,0.0,0.02763,0.0,0.0,0.0,0.0,0.0,0.0
JPN,NGA,0.0,0.0,0.0,0.0,0.0,0.0,0.0,0.0,0.0,0.0,0.0,0.0,0.0,0.0,0.0,0.0,0.0,0.0,0.0,0.0,0.0,0.0,0.0,0.0,0.0,0.0,0.0,0.0,0.0,0.0,0.0,0.0
JPN,ZAF,0.05837,0.0,0.0,0.0,0.0,0.0,0.0,0.0304,0.0,0.0,0.0,0.0,0.0,0.0,0.0,0.0,0.0,0.0,0.0,0.0,0.0,0.0,0.0,0.0,0.0,0.0,0.00066,0.0,0.0,0.0,0.0,0.0
JPN,ETH,0.0,0.0,0.0,0.0,0.0,0.0,0.0,0.0,0.0,0.0,0.0,0.0,0.0,0.0,0.0,0.0,0.0,0.0,0.0,0.0,0.0,0.0,0.0,0.0,0.0,0.0,0.0,0.0,0.0,0.0,0.0,0.0
JPN,EGY,0.74001,0.0,0.0,0.0,0.0,0.0,0.0,0.00051,0.0,0.0,0.0,0.0,0.0,0.0,0.0,0.0,0.0,0.0,0.0,0.0,1e-05,0.0,0.0,0.0,0.0,0.0,0.0,0.00063,0.0,0.0,0.0,0.0
JPN,MAR,0.0,0.0,0.0,0.0,0.0,0.0,0.0,0.0,0.0,0.0,0.0,0.0,0.0,0.0,0.0,0.0,0.0,0.0,0.0,0.0,0.0,0.0,0.0,0.0,0.0,0.0,0.0,0.0,0.0,0.0,0.0,0.0
JPN,DZA,0.0,0.0,0.0,0.0,0.0,0.0,0.0,0.0,0.0,0.0,0.0,0.0,0.0,0.0,0.0,0.0,0.0,0.0,0.0,0.0,0.0,0.0,0.0,0.0,0.0,0.0,0.0,0.0,0.0,0.0,0.0,0.0
JPN,SAU,0.0,0.0,0.0,0.0,0.0,0.0,0.0,0.0,0.0,0.0,0.0,0.0,0.0,0.0,0.0,0.0,0.0,0.0,0.0,0.0,0.0,0.0,0.0,0.0,0.0,0.0,0.0,0.0,0.0,0.0,0.0,0.0
JPN,IRN,0.0,0.0,0.0,0.0,0.0,0.0,0.0,0.0,0.0,0.0,0.0,0.0,0.0,0.0,0.0,0.0,0.0,0.0,0.0,0.0,0.0,0.0,0.0,0.0,0.0,0.0,0.0,0.0,0.0,0.0,0.0,0.0
JPN,ROW,0.0,0.0,0.0,0.0,0.0,0.0,0.0,0.0,0.0,0.0,0.0,0.0,0.0,0.0,0.0,0.0,0.0,0.0,0.0,0.0,0.0,0.0,0.0,0.0,0.0,0.0,0.0,0.0,0.0,0.0,0.0,0.0
KOR,EU27,0.0,0.0,0.0,0.0,0.0,0.0,0.0,0.0,0.0,0.0,0.0,0.0,0.0,0.0,0.0,0.0,0.0,0.0,0.0,0.0,0.0,0.0,0.0,0.0,0.0,0.0,0.0,0.0,0.0,0.0,0.0,0.0
KOR,USA,0.0,0.0,0.0,0.0,0.0,0.0,0.0,0.0,0.0,0.0,0.0,0.0,0.0,0.0,0.0,0.0,0.0,0.0,0.0,0.0,0.0,0.0,0.0,0.0,0.0,0.0,0.0,0.0,0.0,0.0,0.0,0.0
KOR,CAN,0.0,0.0,0.0,0.0,0.0,0.0,0.0,0.0,0.0,0.0,0.0,0.0,0.0,0.0,0.0,0.0,0.0,0.0,0.0,0.0,0.0,0.0,0.0,0.0,0.0,0.0,0.0,0.0,0.0,0.0,0.0,0.0
KOR,BRA,0.0,0.0,0.0,0.0,0.0,0.0,0.0,0.0,0.0,0.0,0.0,0.0,0.0,0.0,0.0,0.0,0.0,0.0,0.0,0.0,0.0,0.0,0.0,0.0,0.0,0.0,0.0,0.0,0.0,0.0,0.0,0.0
KOR,ARG,0.0,0.0,0.0,0.0,0.0,0.0,0.0,0.0,0.0,0.0,0.0,0.0,0.0,0.0,0.0,0.0,0.0,0.0,0.0,0.0,0.0,0.0,0.0,0.0,0.0,0.0,0.0,0.0,0.0,0.0,0.0,0.0
KOR,AUS,0.0,0.0,0.0,0.0,0.0,0.0,0.0,0.0,0.0,0.0,0.0,0.0,0.0,0.0,0.0,0.0,0.0,0.0,0.0,0.0,0.0,0.0,0.0,0.0,0.0,0.0,0.0,0.0,0.0,0.0,0.0,0.0
KOR,NZL,0.0,0.0,0.0,0.0,0.0,0.0,0.0,0.0,0.0,0.0,0.0,0.0,0.0,0.0,0.0,0.0,0.0,0.0,0.0,0.0,0.0,0.0,0.0,0.0,0.0,0.0,0.0,0.0,0.0,0.0,0.0,0.0
KOR,CHN,0.0,0.0,0.0,0.0,0.0,0.0,0.0,0.0,0.0,0.0,0.0,0.0,0.0,0.0,0.0,0.0,0.0,0.0,0.0,0.0,0.0,0.0,0.0,0.0,0.0,0.0,0.0,0.0,0.0,0.0,0.0,0.0
KOR,IND,0.0,0.0,0.0,0.0,0.0,0.0,0.0,0.0,0.0,0.0,0.0,0.0,0.0,0.0,0.0,0.0,0.0,0.0,0.0,0.0,0.0,0.0,0.0,0.0,0.0,0.0,0.0,0.0,0.0,0.0,0.0,0.0
KOR,RUS,0.0,0.0,0.0,0.0,0.0,0.0,0.0,0.0,0.0,0.0,0.0,0.0,0.0,0.0,0.0,0.0,0.0,0.0,0.0,0.0,0.0,0.0,0.0,0.0,0.0,0.0,0.0,0.0,0.0,0.0,0.0,0.0
KOR,UKR,0.0,0.0,0.0,0.0,0.0,0.0,0.0,0.0,0.0,0.0,0.0,0.0,0.0,0.0,0.0,0.0,0.0,0.0,0.0,0.0,0.0,0.0,0.0,0.0,0.0,0.0,0.0,0.0,0.0,0.0,0.0,0.0
KOR,TUR,0.0,0.0,0.0,0.0,0.0,0.0,0.0,0.0,0.0,0.0,0.0,0.0,0.0,0.0,0.0,0.0,0.0,0.0,0.0,0.0,0.0,0.0,0.0,0.0,0.0,0.0,0.0,0.0,0.0,0.0,0.0,0.0
KOR,MEX,0.0,0.0,0.0,0.0,0.0,0.0,0.0,0.0,0.0,0.0,0.0,0.0,0.0,0.0,0.0,0.0,0.0,0.0,0.0,0.0,0.0,0.0,0.0,0.0,0.0,0.0,0.0,0.0,0.0,0.0,0.0,0.0
KOR,IDN,0.0,0.0,0.0,0.0,0.0,0.0,0.0,0.0,0.0,0.0,0.0,0.0,0.0,0.0,0.0,0.0,0.0,0.0,0.0,0.0,0.0,0.0,0.0,0.0,0.0,0.0,0.0,0.0,0.0,0.0,0.0,0.0
KOR,JPN,0.0,0.0,0.0,0.0,0.0,0.0,0.0,0.0,0.0,0.0,0.0,0.0,0.0,0.0,0.0,0.0,0.0,0.0,0.0,0.0,0.0,0.0,0.0,0.0,0.0,0.0,0.0,0.0,0.0,0.0,0.0,0.0
KOR,KOR,0.0,0.0,0.0,0.0,0.0,0.0,0.0,0.0,0.0,0.0,0.0,0.0,0.0,0.0,0.0,0.0,0.0,0.0,0.0,0.0,0.0,0.0,0.0,0.0,0.0,0.0,0.0,0.0,0.0,0.0,0.0,0.0
KOR,THA,0.0,0.0,0.0,0.0,0.0,0.0,0.0,0.0,0.0,0.0,0.0,0.0,0.0,0.0,0.0,0.0,0.0,0.0,0.0,0.0,0.0,0.0,0.0,0.0,0.0,0.0,0.0,0.0,0.0,0.0,0.0,0.0
KOR,VNM,0.0,0.0,0.0,0.0,0.0,0.0,0.0,0.0,0.0,0.0,0.0,0.0,0.0,0.0,0.0,0.0,0.0,0.0,0.0,0.0,0.0,0.0,0.0,0.0,0.0,0.0,0.0,0.0,0.0,0.0,0.0,0.0
KOR,PAK,0.0,0.0,0.0,0.0,0.0,0.0,0.0,0.0,0.0,0.0,0.0,0.0,0.0,0.0,0.0,0.0,0.0,0.0,0.0,0.0,0.0,0.0,0.0,0.0,0.0,0.0,0.0,0.0,0.0,0.0,0.0,0.0
KOR,BGD,0.0,0.0,0.0,0.0,0.0,0.0,0.0,0.0,0.0,0.0,0.0,0.0,0.0,0.0,0.0,0.0,0.0,0.0,0.0,0.0,0.0,0.0,0.0,0.0,0.0,0.0,0.0,0.0,0.0,0.0,0.0,0.0
KOR,NGA,0.0,0.0,0.0,0.0,0.0,0.0,0.0,0.0,0.0,0.0,0.0,0.0,0.0,0.0,0.0,0.0,0.0,0.0,0.0,0.0,0.0,0.0,0.0,0.0,0.0,0.0,0.0,0.0,0.0,0.0,0.0,0.0
KOR,ZAF,0.0,0.0,0.0,0.0,0.0,0.0,0.0,0.0,0.0,0.0,0.0,0.0,0.0,0.0,0.0,0.0,0.0,0.0,0.0,0.0,0.0,0.0,0.0,0.0,0.0,0.0,0.0,0.0,0.0,0.0,0.0,0.0
KOR,ETH,0.0,0.0,0.0,0.0,0.0,0.0,0.0,0.0,0.0,0.0,0.0,0.0,0.0,0.0,0.0,0.0,0.0,0.0,0.0,0.0,0.0,0.0,0.0,0.0,0.0,0.0,0.0,0.0,0.0,0.0,0.0,0.0
KOR,EGY,0.0,0.0,0.0,0.0,0.0,0.0,0.0,0.0,0.0,0.0,0.0,0.0,0.0,0.0,0.0,0.0,0.0,0.0,0.0,0.0,0.0,0.0,0.0,0.0,0.0,0.0,0.0,0.0,0.0,0.0,0.0,0.0
KOR,MAR,0.0,0.0,0.0,0.0,0.0,0.0,0.0,0.0,0.0,0.0,0.0,0.0,0.0,0.0,0.0,0.0,0.0,0.0,0.0,0.0,0.0,0.0,0.0,0.0,0.0,0.0,0.0,0.0,0.0,0.0,0.0,0.0
KOR,DZA,0.0,0.0,0.0,0.0,0.0,0.0,0.0,0.0,0.0,0.0,0.0,0.0,0.0,0.0,0.0,0.0,0.0,0.0,0.0,0.0,0.0,0.0,0.0,0.0,0.0,0.0,0.0,0.0,0.0,0.0,0.0,0.0
KOR,SAU,0.0,0.0,0.0,0.0,0.0,0.0,0.0,0.0,0.0,0.0,0.0,0.0,0.0,0.0,0.0,0.0,0.0,0.0,0.0,0.0,0.0,0.0,0.0,0.0,0.0,0.0,0.0,0.0,0.0,0.0,0.0,0.0
KOR,IRN,0.0,0.0,0.0,0.0,0.0,0.0,0.0,0.0,0.0,0.0,0.0,0.0,0.0,0.0,0.0,0.0,0.0,0.0,0.0,0.0,0.0,0.0,0.0,0.0,0.0,0.0,0.0,0.0,0.0,0.0,0.0,0.0
KOR,ROW,0.0,0.0,0.0,0.0,0.0,0.0,0.0,0.0,0.0,0.0,0.0,0.0,0.0,0.0,0.0,0.0,0.0,0.0,0.0,0.0,0.0,0.0,0.0,0.0,0.0,0.0,0.0,0.0,0.0,0.0,0.0,0.0
THA,EU27,6.33701,0.0,0.00292,0.39931,0.0,0.0,0.0,1.06275,0.0,0.0,0.00462,1.40291,0.0,0.0,0.0,0.0,0.0,0.0,0.0,0.0,0.46984,0.0,0.0,0.0,0.0,0.05694,0.00451,32.2451,0.0,0.00762,0.0,0.0
THA,USA,10.0831,0.0,0.0011,0.53737,0.0,0.0,0.01697,2.24485,0.0,0.0,0.0049900000000000005,0.11535,0.0,0.0,0.0,0.0,0.0,0.0,0.0,0.0,1.4976500000000001,0.0,0.0,0.0,0.0,1e-05,0.00467,0.0,0.0,1.5388,0.0,0.0
THA,CAN,0.98724,0.0,0.0,0.0508,0.0,0.0,0.0,0.09631999999999999,0.0,0.0,0.01782,1e-05,0.0,0.0,0.0,0.0,0.0,0.0,0.0,0.0,0.34539,0.0,0.0,0.0,0.0,0.04685,1e-05,10.18618,0.0,0.26064,0.0,0.0
THA,BRA,0.0022,0.0,0.0,0.0,0.0,0.0,0.0,0.0019,0.0,0.0,0.0,0.0,0.0,0.0,0.0,0.0,0.0,0.0,0.0,0.0,0.0,0.0,0.0,0.0,0.0,0.0,0.0,0.0,0.0,0.0,0.0,0.0
THA,ARG,0.00031,0.0,0.0,0.0,0.0,0.0,0.0,0.00035999999999999997,0.0,0.0,0.0,0.0,0.0,0.0,0.0,0.0,0.0,0.0,0.0,0.0,0.0,0.0,0.0,0.0,0.0,0.0,0.0,0.0,0.0,0.0,0.0,0.0
THA,AUS,20.35282,0.0,0.02321,0.05875,0.0,0.0,0.0,0.42583,0.0,0.0,0.0,11.23565,0.0,0.0,0.0,0.0,0.0,0.0,0.0,0.0,0.4773,0.0,0.0,0.0,0.0,0.39392,0.0027400000000000002,0.65507,0.0,0.25833999999999996,0.0,0.0
THA,NZL,2.02169,0.0,0.0,0.00507,0.0,0.00063,0.0,0.06788,0.0,0.0,0.0,0.00926,0.0,0.0,0.0,0.0,0.0,0.0,0.0,0.0,0.19278,0.0,0.0,0.0,0.0,0.00379,0.009980000000000001,0.55962,0.0,0.04854,0.0,0.0
THA,CHN,21.77734,0.0,0.0,0.64673,0.0,0.0,0.03403,0.18269,0.0,0.0,0.0,0.16893,0.0,0.0,0.0,0.0,0.0,0.0,0.0,0.0,33.57633,0.0,0.0,0.0,0.0,20.582669999999997,18.123099999999997,232.86185,0.0,9.42825,0.0,0.0
THA,IND,0.47268,0.0,0.0,0.00647,0.0,0.0,0.0,0.03218,0.0,0.0,0.0,0.00894,0.0,0.0,0.0,0.0,0.0,0.0,0.0,0.0,0.72578,0.0,0.0,0.0,0.0,0.01174,0.0,0.05267,0.0,0.0,0.0,0.0
THA,RUS,0.20155,0.0,0.0,0.00163,0.0,0.0,0.0,0.00509,0.0,0.0,0.0,0.39738,0.0,0.0,0.0,0.0,0.0,0.0,0.0,0.0,0.00064,0.0,0.0,0.0,0.0,0.0,0.0,0.09642,0.0,0.0,0.0,0.0
THA,UKR,0.0017800000000000001,0.0,0.0,0.00813,0.0,0.0,0.0,0.00634,0.0,0.0,0.0,0.012199999999999999,0.0,0.0,0.0,0.0,0.0,0.0,0.0,0.0,0.00749,0.0,0.0,0.0,0.0,0.0,0.0,0.0,0.0,0.0,0.0,0.0
THA,TUR,0.0,0.0,0.0,0.0,0.0,0.0,0.0,0.0,0.0,0.0,0.0,0.0,0.0,0.0,0.0,0.0,0.0,0.0,0.0,0.0,0.0,0.0,0.0,0.0,0.0,0.0,0.0,0.0,0.0,0.0,0.0,0.0
THA,MEX,0.00268,0.0,0.0,0.1025,0.0,0.0,0.0,0.0058,0.0,0.0,0.0,0.43339999999999995,0.0,0.0,0.0,0.0,0.0,0.0,0.0,0.0,0.0,0.0,0.0,0.0,0.0,0.0,0.0,0.0,0.0,0.0,0.0,0.0
THA,IDN,18.79601,0.0,0.0,37.31105,0.0,0.00079,0.00011,0.045090000000000005,0.0,0.0,0.0016899999999999999,0.11278,0.0,0.0,0.0,0.0,0.0,0.0,0.0,0.0,4.03397,0.0,0.0,0.0,0.0,0.00046,0.0,0.0,0.0,0.0,0.0,0.0
THA,JPN,14.601569999999999,0.0,0.0,35.95907,0.0,0.0,0.00422,0.03111,0.0,0.0,0.0033599999999999997,0.7570399999999999,0.0,0.0,0.0,0.0,0.0,0.0,0.0,0.0,32.10006,0.0,0.0,0.0,0.0,8.136,4.2850600000000005,598.82499,0.0,1.9966700000000002,0.0,0.0
THA,KOR,0.0,0.0,0.0,0.0,0.0,0.0,0.0,0.0,0.0,0.0,0.0,0.0,0.0,0.0,0.0,0.0,0.0,0.0,0.0,0.0,0.0,0.0,0.0,0.0,0.0,0.0,0.0,0.0,0.0,0.0,0.0,0.0
THA,THA,0.0,0.0,0.0,0.0,0.0,0.0,0.0,0.0,0.0,0.0,0.0,0.0,0.0,0.0,0.0,0.0,0.0,0.0,0.0,0.0,0.0,0.0,0.0,0.0,0.0,0.0,0.0,0.0,0.0,0.0,0.0,0.0
THA,VNM,13.49061,0.0,0.0,17.14779,0.0,0.0,0.00312,0.60041,0.0,0.0,0.0,0.03031,0.0,0.0,0.0,0.0,0.0,0.0,0.0,0.0,24.754,0.0,0.0,0.0,0.0,8.021279999999999,0.0,0.0,0.0,0.0,0.0,0.0
THA,PAK,1.72117,0.0,0.0,18.39521,0.0,0.0,0.0,0.01548,0.0,0.0,0.0,0.054119999999999994,0.0,0.0,0.0,0.0,0.0,0.0,0.0,0.0,0.0009,0.0,0.0,0.0,0.0,0.00163,0.0,0.0,0.0,0.0,0.0,0.0
THA,BGD,0.2719,0.0,0.0,0.5671,0.0,0.0,0.00937,0.0433,0.0,0.0,0.0,0.0,0.0,0.0,0.0,0.0,0.0,0.0,0.0,0.0,0.07684,0.0,0.0,0.0,0.0,1e-05,0.0,0.00133,0.0,0.0135,0.0,0.0
THA,NGA,0.00401,0.0,0.0,0.00186,0.0,0.0,0.0,0.00405,0.0,0.0,0.0,0.0,0.0,0.0,0.0,0.0,0.0,0.0,0.0,0.0,0.00147,0.0,0.0,0.0,0.0,0.0,0.0,0.0,0.0,1e-05,0.0,0.0
THA,ZAF,0.17778,0.0,0.0,0.038149999999999996,0.0,0.0,0.0,0.038369999999999994,0.0,0.0,0.00919,7.739,0.0,0.0,0.0,0.0,0.0,0.0,0.0,0.0,0.00027,0.0,0.0,0.0,0.0,8.999999999999999e-05,1e-05,4.373399999999999,0.0,0.0,0.0,0.0
THA,ETH,0.0,0.0,0.0,0.0,0.0,0.0,0.0,0.0,0.0,0.0,0.0,0.0,0.0,0.0,0.0,0.0,0.0,0.0,0.0,0.0,0.0,0.0,0.0,0.0,0.0,0.0,0.0,0.0,0.0,0.0,0.0,0.0
THA,EGY,0.17915999999999999,0.0,0.0,1.02826,0.0,0.0,0.0,0.01071,0.0,0.0,0.0,0.030170000000000002,0.0,0.0,0.0,0.0,0.0,0.0,0.0,0.0,0.8706499999999999,0.0,0.0,0.0,0.0,0.0,0.0,0.04342,0.0,0.0,0.0,0.0
THA,MAR,0.0,0.0,0.0,0.0,0.0,0.0,0.0,0.0,0.0,0.0,0.0,0.0,0.0,0.0,0.0,0.0,0.0,0.0,0.0,0.0,0.0,0.0,0.0,0.0,0.0,0.0,0.0,0.0,0.0,0.0,0.0,0.0
THA,DZA,0.0,0.0,0.0,0.0,0.0,0.0,0.0,0.0,0.0,0.0,0.0,0.0,0.0,0.0,0.0,0.0,0.0,0.0,0.0,0.0,0.0,0.0,0.0,0.0,0.0,0.0,0.0,0.0,0.0,0.0,0.0,0.0
THA,SAU,0.0,0.0,0.0,0.0,0.0,0.0,0.0,0.0,0.0,0.0,0.0,0.0,0.0,0.0,0.0,0.0,0.0,0.0,0.0,0.0,0.0,0.0,0.0,0.0,0.0,0.0,0.0,0.0,0.0,0.0,0.0,0.0
THA,IRN,0.0,0.0,0.0,0.0,0.0,0.0,0.0,0.0,0.0,0.0,0.0,0.0,0.0,0.0,0.0,0.0,0.0,0.0,0.0,0.0,0.0,0.0,0.0,0.0,0.0,0.0,0.0,0.0,0.0,0.0,0.0,0.0
THA,ROW,0.0,0.0,0.0,0.0,0.0,0.0,0.0,0.0,0.0,0.0,0.0,0.0,0.0,0.0,0.0,0.0,0.0,0.0,0.0,0.0,0.0,0.0,0.0,0.0,0.0,0.0,0.0,0.0,0.0,0.0,0.0,0.0
VNM,EU27,1.15867,0.0,0.0,0.2955,0.0,0.0,0.00035,0.32476,0.0,0.0,0.22019999999999998,0.95889,0.0,0.0,0.0,0.0,0.0,0.0,0.0,0.0,0.00504,0.0,0.0,0.0,0.0,0.01622,2e-05,0.0030299999999999997,0.0,0.0,0.0,0.0
VNM,USA,11.064020000000001,0.0,0.0,0.19375,0.0,0.0,0.04622,0.19141999999999998,0.0,0.0,1.7621099999999998,0.47011000000000003,0.0,0.0,0.0,0.0,0.0,0.0,0.0,0.0,0.00328,0.0,0.0,0.0,0.0,0.0,0.0,0.0,0.0,0.009130000000000001,0.0,0.0
VNM,CAN,1.03902,0.0,0.0,0.09489,0.0,0.0,0.06931999999999999,0.02767,0.0,0.0,0.05122,0.024399999999999998,0.0,0.0,0.0,0.0,0.0,0.0,0.0,0.0,0.0,0.0,0.0,0.0,0.0,0.0,0.0,0.0,0.0,0.0,0.0,0.0
VNM,BRA,0.0,0.0,0.0,0.0,0.0,0.0,0.0,0.0,0.0,0.0,0.0,0.0,0.0,0.0,0.0,0.0,0.0,0.0,0.0,0.0,0.0,0.0,0.0,0.0,0.0,0.0,0.0,0.0,0.0,0.0,0.0,0.0
VNM,ARG,2e-05,0.0,0.0,0.0,0.0,0.0,0.0,0.0,0.0,0.0,0.0,0.0,0.0,0.0,0.0,0.0,0.0,0.0,0.0,0.0,0.0,0.0,0.0,0.0,0.0,0.0,0.0,0.0,0.0,0.0,0.0,0.0
VNM,AUS,0.4487,0.0,0.0,0.055689999999999996,0.0,0.0,0.0,0.06814,0.0,0.0,0.00571,0.35579,0.0,0.0,0.0,0.0,0.0,0.0,0.0,0.0,2.27583,0.0,0.0,0.0,0.0,0.053130000000000004,0.00868,0.0,0.0,0.0,0.0,0.0
VNM,NZL,0.13369999999999999,0.0,0.0,0.00335,0.0,0.00034,0.0,0.0008100000000000001,0.0,0.0,0.027039999999999998,0.03443,0.0,0.0,0.0,0.0,0.0,0.0,0.0,0.0,0.00027,0.0,0.0,0.0,0.0,0.0,0.00176,0.0,0.0,0.0,0.0,0.0
VNM,CHN,25.7115,0.0,0.19096000000000002,0.0,0.0,0.0,0.0,0.01757,0.0,0.0,1.41411,0.19844,0.0,0.0,0.0,0.0,0.0,0.0,0.0,0.0,11.82386,0.0,0.0,0.0,0.0,5.81825,6.614979999999999,2.03073,0.0,2.19394,0.0,0.0
VNM,IND,1e-05,0.0,0.0,0.0,0.0,0.0,0.0,0.0,0.0,0.0,0.0,0.0,0.0,0.0,0.0,0.0,0.0,0.0,0.0,0.0,0.0,0.0,0.0,0.0,0.0,0.0,0.0,0.0,0.0,0.04127,0.0,0.0
VNM,RUS,0.10218,0.0,0.0,0.0,0.0,0.0,0.0,0.8423999999999999,0.0,0.0,0.07173,0.01587,0.0,0.0,0.0,0.0,0.0,0.0,0.0,0.0,0.0,0.0,0.0,0.0,0.0,0.0,0.0,0.0,0.0,0.0,0.0,0.0
VNM,UKR,0.00026000000000000003,0.0,0.0,0.00428,0.0,0.0,0.0,0.01591,0.0,0.0,0.0,0.0465,0.0,0.0,0.0,0.0,0.0,0.0,0.0,0.0,0.0,0.0,0.0,0.0,0.0,0.0,0.0,0.0,0.0,0.0,0.0,0.0
VNM,TUR,0.0,0.0,0.0,0.0,0.0,0.0,0.0,0.0,0.0,0.0,0.0,0.0,0.0,0.0,0.0,0.0,0.0,0.0,0.0,0.0,0.0,0.0,0.0,0.0,0.0,0.0,0.0,0.0,0.0,0.0,0.0,0.0
VNM,MEX,0.0004,0.0,0.0,0.0,0.0,0.0,0.0,0.0,0.0,0.0,0.0,0.0,0.0,0.0,0.0,0.0,0.0,0.0,0.0,0.0,0.0,0.0,0.0,0.0,0.0,0.0,0.0,0.0,0.0,0.0,0.0,0.0
VNM,IDN,7.26937,0.0,0.037689999999999994,0.0,0.0,0.0,0.0,0.0,0.0,0.0,0.0,0.0,0.0,0.0,0.0,0.0,0.0,0.0,0.0,0.0,0.0020099999999999996,0.0,0.0,0.0,0.0,0.00049,0.0,0.0,0.0,0.0,0.0,0.0
VNM,JPN,6.3055699999999995,0.0,0.0,0.93968,0.0,0.0,0.00141,0.01072,0.0,0.0,0.11215,0.0,0.0,0.0,0.0,0.0,0.0,0.0,0.0,0.0,0.26387,0.0,0.0,0.0,0.0,0.0,0.0,3.7465300000000004,0.0,0.038189999999999995,0.0,0.0
VNM,KOR,0.0,0.0,0.0,0.0,0.0,0.0,0.0,0.0,0.0,0.0,0.0,0.0,0.0,0.0,0.0,0.0,0.0,0.0,0.0,0.0,0.0,0.0,0.0,0.0,0.0,0.0,0.0,0.0,0.0,0.0,0.0,0.0
VNM,THA,98.88208999999999,0.0,0.07087,0.2565,0.0,0.0,0.0,1e-05,0.0,0.0,0.0,1.96154,0.0,0.0,0.0,0.0,0.0,0.0,0.0,0.0,0.02133,0.0,0.0,0.0,0.0,2e-05,0.0,0.0,0.0,0.0,0.0,0.0
VNM,VNM,0.0,0.0,0.0,0.0,0.0,0.0,0.0,0.0,0.0,0.0,0.0,0.0,0.0,0.0,0.0,0.0,0.0,0.0,0.0,0.0,0.0,0.0,0.0,0.0,0.0,0.0,0.0,0.0,0.0,0.0,0.0,0.0
VNM,PAK,0.00043,0.0,0.0,0.0,0.0,0.0,0.0,0.0,0.0,0.0,0.0,0.0,0.0,0.0,0.0,0.0,0.0,0.0,0.0,0.0,0.0,0.0,0.0,0.0,0.0,0.023379999999999998,0.0,0.0,0.0,0.63947,0.0,0.0
VNM,BGD,0.0,0.0,0.0,0.0,0.0,0.0,0.0,0.0,0.0,0.0,0.0,0.0,0.0,0.0,0.0,0.0,0.0,0.0,0.0,0.0,0.0,0.0,0.0,0.0,0.0,0.0,0.0,0.0,0.0,0.0,0.0,0.0
VNM,NGA,0.0,0.0,0.0,0.0,0.0,0.0,0.0,0.0,0.0,0.0,0.0,0.0,0.0,0.0,0.0,0.0,0.0,0.0,0.0,0.0,0.0,0.0,0.0,0.0,0.0,0.0,0.0,0.0,0.0,0.0,0.0,0.0
VNM,ZAF,0.03537,0.0,0.0,0.0,0.0,0.0,0.0,0.0,0.0,0.0,0.0,0.0,0.0,0.0,0.0,0.0,0.0,0.0,0.0,0.0,0.0,0.0,0.0,0.0,0.0,0.0,0.0,0.0,0.0,0.0,0.0,0.0
VNM,ETH,0.0,0.0,0.0,0.0,0.0,0.0,0.0,0.0,0.0,0.0,0.0,0.0,0.0,0.0,0.0,0.0,0.0,0.0,0.0,0.0,0.0,0.0,0.0,0.0,0.0,0.0,0.0,0.0,0.0,0.0,0.0,0.0
VNM,EGY,1e-05,0.0,0.0,0.0,0.0,0.0,0.0,0.0,0.0,0.0,0.0,0.0,0.0,0.0,0.0,0.0,0.0,0.0,0.0,0.0,0.0,0.0,0.0,0.0,0.0,0.03509,0.0,0.0,0.0,0.0,0.0,0.0
VNM,MAR,0.0,0.0,0.0,0.0,0.0,0.0,0.0,0.0,0.0,0.0,0.0,0.0,0.0,0.0,0.0,0.0,0.0,0.0,0.0,0.0,0.0,0.0,0.0,0.0,0.0,0.0,0.0,0.0,0.0,0.0,0.0,0.0
VNM,DZA,0.0,0.0,0.0,0.0,0.0,0.0,0.0,0.0,0.0,0.0,0.0,0.0,0.0,0.0,0.0,0.0,0.0,0.0,0.0,0.0,0.0,0.0,0.0,0.0,0.0,0.0,0.0,0.0,0.0,0.0,0.0,0.0
VNM,SAU,0.0,0.0,0.0,0.0,0.0,0.0,0.0,0.0,0.0,0.0,0.0,0.0,0.0,0.0,0.0,0.0,0.0,0.0,0.0,0.0,0.0,0.0,0.0,0.0,0.0,0.0,0.0,0.0,0.0,0.0,0.0,0.0
VNM,IRN,0.0,0.0,0.0,0.0,0.0,0.0,0.0,0.0,0.0,0.0,0.0,0.0,0.0,0.0,0.0,0.0,0.0,0.0,0.0,0.0,0.0,0.0,0.0,0.0,0.0,0.0,0.0,0.0,0.0,0.0,0.0,0.0
VNM,ROW,0.0,0.0,0.0,0.0,0.0,0.0,0.0,0.0,0.0,0.0,0.0,0.0,0.0,0.0,0.0,0.0,0.0,0.0,0.0,0.0,0.0,0.0,0.0,0.0,0.0,0.0,0.0,0.0,0.0,0.0,0.0,0.0
PAK,EU27,0.14062,0.0,0.0,0.04378,0.0,0.01798,0.0,0.0025099999999999996,0.0,0.0,0.00307,0.27375,0.0,0.0,0.0,0.0,0.0,0.0,0.0,0.0,0.009550000000000001,0.0,0.0,0.0,0.0,0.0048200000000000005,0.0,0.0001,0.0,0.013980000000000001,0.0,0.0
PAK,USA,0.5417799999999999,0.0,0.00604,0.11203,0.0,0.0025499999999999997,0.0,0.0008,0.0,0.0,0.0,0.00026000000000000003,0.0,0.0,0.0,0.0,0.0,0.0,0.0,0.0,0.55759,0.0,0.0,0.0,0.0,0.00017,0.0,0.0,0.0,0.0,0.0,0.0
PAK,CAN,0.21487,0.0,0.0,0.13855,0.0,4e-05,0.00069,0.00549,0.0,0.0,0.0024300000000000003,1e-05,0.0,0.0,0.0,0.0,0.0,0.0,0.0,0.0,0.1189,0.0,0.0,0.0,0.0,0.0,0.0,0.0026,0.0,0.0,0.0,0.0
PAK,BRA,0.0,0.0,0.0,0.0,0.0,0.0,0.0,0.0,0.0,0.0,0.0,0.0,0.0,0.0,0.0,0.0,0.0,0.0,0.0,0.0,0.0,0.0,0.0,0.0,0.0,0.0,0.0,0.0,0.0,0.0,0.0,0.0
PAK,ARG,0.0,0.0,0.0,0.0,0.0,0.0,0.0,0.0,0.0,0.0,0.0,0.0,0.0,0.0,0.0,0.0,0.0,0.0,0.0,0.0,0.0,0.0,0.0,0.0,0.0,0.0,0.0,0.0,0.0,0.0,0.0,0.0
PAK,AUS,0.0386,0.0,0.0,0.00743,0.0,0.0037099999999999998,0.0,0.0017800000000000001,0.0,0.0,0.0,1e-05,0.0,0.0,0.0,0.0,0.0,0.0,0.0,0.0,0.37091,0.0,0.0,0.0,0.0,0.0,0.0,0.011720000000000001,0.0,0.0,0.0,0.0
PAK,NZL,0.0070999999999999995,0.0,0.0,0.0003,0.0,0.0,0.0,0.0,0.0,0.0,0.0,0.0,0.0,0.0,0.0,0.0,0.0,0.0,0.0,0.0,2.9999999999999997e-05,0.0,0.0,0.0,0.0,0.0,0.0,0.0,0.0,0.0,0.0,0.0
PAK,CHN,0.005679999999999999,0.0,0.0,15.05209,0.0,1e-05,0.0,0.00312,0.0,0.0,0.0,0.0,0.0,0.0,0.0,0.0,0.0,0.0,0.0,0.0,0.47093,0.0,0.0,0.0,0.0,0.31087,0.019940000000000003,1.01069,0.0,0.27936,0.0,0.0
PAK,IND,0.0,0.0,0.0,0.0,0.0,0.0,0.0,0.0,0.0,0.0,0.0,0.0,0.0,0.0,0.0,0.0,0.0,0.0,0.0,0.0,0.0,0.0,0.0,0.0,0.0,0.00539,0.0,0.0,0.0,0.0,0.0,0.0
PAK,RUS,0.0,0.0,0.0,0.0,0.0,0.0,0.0,0.0,0.0,0.0,0.0,48.09503,0.0,0.0,0.0,0.0,0.0,0.0,0.0,0.0,0.0,0.0,0.0,0.0,0.0,0.0,0.0,0.0,0.0,0.0,0.0,0.0
PAK,UKR,2e-05,0.0,0.0,0.0,0.0,0.0,0.0,0.0,0.0,0.0,0.0,0.29658,0.0,0.0,0.0,0.0,0.0,0.0,0.0,0.0,0.0,0.0,0.0,0.0,0.0,0.0,0.0,0.0,0.0,0.0,0.0,0.0
PAK,TUR,0.0,0.0,0.0,0.0,0.0,0.0,0.0,0.0,0.0,0.0,0.0,0.0,0.0,0.0,0.0,0.0,0.0,0.0,0.0,0.0,0.0,0.0,0.0,0.0,0.0,0.0,0.0,0.0,0.0,0.0,0.0,0.0
PAK,MEX,0.0,0.0,0.0,0.0,0.0,0.0,0.0,0.0,0.0,0.0,0.0,0.0,0.0,0.0,0.0,0.0,0.0,0.0,0.0,0.0,0.0,0.0,0.0,0.0,0.0,0.0,0.0,0.0,0.0,0.0,0.0,0.0
PAK,IDN,0.0,0.0,0.0,1.01257,0.0,0.0,0.0,0.0,0.0,0.0,0.0,0.0,0.0,0.0,0.0,0.0,0.0,0.0,0.0,0.0,0.0,0.0,0.0,0.0,0.0,0.0,0.0,0.0,0.0,0.0,0.0,0.0
PAK,JPN,0.0030299999999999997,0.0,0.0,0.0,0.0,0.0,0.0,0.0,0.0,0.0,0.0,0.0,0.0,0.0,0.0,0.0,0.0,0.0,0.0,0.0,0.0,0.0,0.0,0.0,0.0,0.00332,0.0,0.01213,0.0,0.0,0.0,0.0
PAK,KOR,0.0,0.0,0.0,0.0,0.0,0.0,0.0,0.0,0.0,0.0,0.0,0.0,0.0,0.0,0.0,0.0,0.0,0.0,0.0,0.0,0.0,0.0,0.0,0.0,0.0,0.0,0.0,0.0,0.0,0.0,0.0,0.0
PAK,THA,0.0,0.0,0.0,0.0,0.0,0.0,0.0,0.0,0.0,0.0,0.0,0.0,0.0,0.0,0.0,0.0,0.0,0.0,0.0,0.0,0.0,0.0,0.0,0.0,0.0,0.018170000000000002,0.0,0.00868,0.0,0.0,0.0,0.0
PAK,VNM,10.64874,0.0,0.0,177.27932,0.0,0.0,0.0,0.0,0.0,0.0,0.0,0.0,0.0,0.0,0.0,0.0,0.0,0.0,0.0,0.0,0.0,0.0,0.0,0.0,0.0,0.08942,0.0,4.56097,0.0,0.0,0.0,0.0
PAK,PAK,0.0,0.0,0.0,0.0,0.0,0.0,0.0,0.0,0.0,0.0,0.0,0.0,0.0,0.0,0.0,0.0,0.0,0.0,0.0,0.0,0.0,0.0,0.0,0.0,0.0,0.0,0.0,0.0,0.0,0.0,0.0,0.0
PAK,BGD,5.69959,0.0,0.0,0.0,0.0,0.0,0.0,1e-05,0.0,0.0,0.0,0.0,0.0,0.0,0.0,0.0,0.0,0.0,0.0,0.0,0.0,0.0,0.0,0.0,0.0,0.00044,0.0,0.0,0.0,0.0,0.0,0.0
PAK,NGA,0.0,0.0,0.0,0.0,0.0,0.0,0.0,0.0,0.0,0.0,0.0,0.0,0.0,0.0,0.0,0.0,0.0,0.0,0.0,0.0,0.0,0.0,0.0,0.0,0.0,0.0,0.0,0.0,0.0,0.0,0.0,0.0
PAK,ZAF,0.00076,0.0,0.0,0.0,0.0,0.0,0.0,0.0,0.0,0.0,0.0,0.0015,0.0,0.0,0.0,0.0,0.0,0.0,0.0,0.0,0.00899,0.0,0.0,0.0,0.0,0.0,0.0,0.0,0.0,0.0,0.0,0.0
PAK,ETH,0.0,0.0,0.0,0.0,0.0,0.0,0.0,0.0,0.0,0.0,0.0,0.0,0.0,0.0,0.0,0.0,0.0,0.0,0.0,0.0,0.0,0.0,0.0,0.0,0.0,0.0,0.0,0.0,0.0,0.0,0.0,0.0
PAK,EGY,0.0,0.0,0.0,0.0,0.0,0.0,0.0,0.0,0.0,0.0,0.0,0.0,0.0,0.0,0.0,0.0,0.0,0.0,0.0,0.0,0.0,0.0,0.0,0.0,0.0,0.0,0.0,0.0,0.0,0.0132,0.0,0.0
PAK,MAR,0.0,0.0,0.0,0.0,0.0,0.0,0.0,0.0,0.0,0.0,0.0,0.0,0.0,0.0,0.0,0.0,0.0,0.0,0.0,0.0,0.0,0.0,0.0,0.0,0.0,0.0,0.0,0.0,0.0,0.0,0.0,0.0
PAK,DZA,0.0,0.0,0.0,0.0,0.0,0.0,0.0,0.0,0.0,0.0,0.0,0.0,0.0,0.0,0.0,0.0,0.0,0.0,0.0,0.0,0.0,0.0,0.0,0.0,0.0,0.0,0.0,0.0,0.0,0.0,0.0,0.0
PAK,SAU,0.0,0.0,0.0,0.0,0.0,0.0,0.0,0.0,0.0,0.0,0.0,0.0,0.0,0.0,0.0,0.0,0.0,0.0,0.0,0.0,0.0,0.0,0.0,0.0,0.0,0.0,0.0,0.0,0.0,0.0,0.0,0.0
PAK,IRN,0.0,0.0,0.0,0.0,0.0,0.0,0.0,0.0,0.0,0.0,0.0,0.0,0.0,0.0,0.0,0.0,0.0,0.0,0.0,0.0,0.0,0.0,0.0,0.0,0.0,0.0,0.0,0.0,0.0,0.0,0.0,0.0
PAK,ROW,0.0,0.0,0.0,0.0,0.0,0.0,0.0,0.0,0.0,0.0,0.0,0.0,0.0,0.0,0.0,0.0,0.0,0.0,0.0,0.0,0.0,0.0,0.0,0.0,0.0,0.0,0.0,0.0,0.0,0.0,0.0,0.0
BGD,EU27,0.7232799999999999,0.0,0.0,0.0014199999999999998,0.0,0.0,0.0,0.00015,0.0,0.0,0.00232,0.12271,0.0,0.0,0.0,0.0,0.0,0.0,0.0,0.0,1e-05,0.0,0.0,0.0,0.0,0.0,0.0,0.0,0.0,0.0,0.0,0.0
BGD,USA,0.86102,0.0,0.0,0.0,0.0,0.0,0.0,0.0,0.0,0.0,0.0,0.0,0.0,0.0,0.0,0.0,0.0,0.0,0.0,0.0,0.75361,0.0,0.0,0.0,0.0,0.0,0.00222,0.0,0.0,0.0,0.0,0.0
BGD,CAN,0.19066,0.0,0.0,0.01479,0.0,0.0,0.0,1e-05,0.0,0.0,0.0,0.01279,0.0,0.0,0.0,0.0,0.0,0.0,0.0,0.0,0.0,0.0,0.0,0.0,0.0,0.0,0.0,0.0,0.0,0.0,0.0,0.0
BGD,BRA,0.0,0.0,0.0,0.0,0.0,0.0,0.0,0.0,0.0,0.0,0.0,0.0,0.0,0.0,0.0,0.0,0.0,0.0,0.0,0.0,0.0,0.0,0.0,0.0,0.0,0.0,0.0,0.0,0.0,0.0,0.0,0.0
BGD,ARG,0.0,0.0,0.0,0.0,0.0,0.0,0.0,0.0,0.0,0.0,0.0,0.0,0.0,0.0,0.0,0.0,0.0,0.0,0.0,0.0,0.0,0.0,0.0,0.0,0.0,0.0,0.0,0.0,0.0,0.0,0.0,0.0
BGD,AUS,0.13798,0.0,0.0,0.0,0.0,0.0,0.0,0.0,0.0,0.0,0.0,0.0,0.0,0.0,0.0,0.0,0.0,0.0,0.0,0.0,0.65496,0.0,0.0,0.0,0.0,0.0,0.0,0.0,0.0,0.0,0.0,0.0
BGD,NZL,0.00537,0.0,0.0,0.0,0.0,0.0,0.0,0.0,0.0,0.0,0.0,0.0,0.0,0.0,0.0,0.0,0.0,0.0,0.0,0.0,0.00464,0.0,0.0,0.0,0.0,0.0,0.0,0.0,0.0,0.0,0.0,0.0
BGD,CHN,0.00445,0.0,0.0,0.0,0.0,0.0,0.0,0.0,0.0,0.0,0.0,0.0,0.0,0.0,0.0,0.0,0.0,0.0,0.0,0.0,0.0,0.0,0.0,0.0,0.0,0.66537,1e-05,0.0,0.0,0.0,0.0,0.0
BGD,IND,0.00763,0.0,0.0,2.1105,0.0,0.01117,0.0,0.0,0.0,0.0,0.0,2.06102,0.0,0.0,0.0,0.0,0.0,0.0,0.0,0.0,0.0,0.0,0.0,0.0,0.0,0.0,0.0,0.0,0.0,0.0,0.0,0.0
BGD,RUS,0.0,0.0,0.0,0.0,0.0,0.0,0.0,0.0,0.0,0.0,0.0,0.0,0.0,0.0,0.0,0.0,0.0,0.0,0.0,0.0,0.0,0.0,0.0,0.0,0.0,0.0,0.00292,0.0,0.0,0.0,0.0,0.0
BGD,UKR,0.0,0.0,0.0,0.0,0.0,0.0,0.0,0.0,0.0,0.0,0.0,0.0,0.0,0.0,0.0,0.0,0.0,0.0,0.0,0.0,0.0,0.0,0.0,0.0,0.0,0.0,0.0,0.0,0.0,0.0,0.0,0.0
BGD,TUR,0.0,0.0,0.0,0.0,0.0,0.0,0.0,0.0,0.0,0.0,0.0,0.0,0.0,0.0,0.0,0.0,0.0,0.0,0.0,0.0,0.0,0.0,0.0,0.0,0.0,0.0,0.0,0.0,0.0,0.0,0.0,0.0
BGD,MEX,0.0,0.0,0.0,0.0,0.0,0.0,0.0,0.0,0.0,0.0,0.0,0.0,0.0,0.0,0.0,0.0,0.0,0.0,0.0,0.0,0.0,0.0,0.0,0.0,0.0,0.0,0.0,0.0,0.0,0.0,0.0,0.0
BGD,IDN,0.0,0.0,0.0,0.0,0.0,0.0,0.0,0.0,0.0,0.0,0.0,0.0,0.0,0.0,0.0,0.0,0.0,0.0,0.0,0.0,0.0,0.0,0.0,0.0,0.0,0.0,0.0,0.0,0.0,0.0,0.0,0.0
BGD,JPN,0.19111,0.0,0.0,0.00037,0.0,0.0,0.0,0.0,0.0,0.0,0.01736,1.69733,0.0,0.0,0.0,0.0,0.0,0.0,0.0,0.0,0.0,0.0,0.0,0.0,0.0,0.0,0.0,0.0,0.0,0.0,0.0,0.0
BGD,KOR,0.0,0.0,0.0,0.0,0.0,0.0,0.0,0.0,0.0,0.0,0.0,0.0,0.0,0.0,0.0,0.0,0.0,0.0,0.0,0.0,0.0,0.0,0.0,0.0,0.0,0.0,0.0,0.0,0.0,0.0,0.0,0.0
BGD,THA,0.0,0.0,0.0,0.0,0.0,0.0,0.0,0.0,0.0,0.0,0.0,0.0,0.0,0.0,0.0,0.0,0.0,0.0,0.0,0.0,0.0,0.0,0.0,0.0,0.0,0.0,0.0,0.0,0.0,0.0,0.0,0.0
BGD,VNM,0.0,0.0,0.0,0.0,0.0,0.0,0.0,0.0,0.0,0.0,0.0,0.0,0.0,0.0,0.0,0.0,0.0,0.0,0.0,0.0,0.0,0.0,0.0,0.0,0.0,0.0,0.0,0.0,0.0,0.0,0.0,0.0
BGD,PAK,0.0,0.0,0.0,0.0,0.0,0.0,0.0,0.0,0.0,0.0,0.0,0.0,0.0,0.0,0.0,0.0,0.0,0.0,0.0,0.0,0.0,0.0,0.0,0.0,0.0,0.0,0.0,0.0,0.0,0.0,0.0,0.0
BGD,BGD,0.0,0.0,0.0,0.0,0.0,0.0,0.0,0.0,0.0,0.0,0.0,0.0,0.0,0.0,0.0,0.0,0.0,0.0,0.0,0.0,0.0,0.0,0.0,0.0,0.0,0.0,0.0,0.0,0.0,0.0,0.0,0.0
BGD,NGA,0.0,0.0,0.0,0.0,0.0,0.0,0.0,0.0,0.0,0.0,0.0,0.0,0.0,0.0,0.0,0.0,0.0,0.0,0.0,0.0,0.0,0.0,0.0,0.0,0.0,0.0,0.0,0.0,0.0,0.0,0.0,0.0
BGD,ZAF,0.13321,0.0,0.0,0.0,0.0,0.0,0.0,0.0,0.0,0.0,0.0,0.0039700000000000004,0.0,0.0,0.0,0.0,0.0,0.0,0.0,0.0,0.00383,0.0,0.0,0.0,0.0,0.0,0.0,0.0,0.0,0.0,0.0,0.0
BGD,ETH,0.0,0.0,0.0,0.0,0.0,0.0,0.0,0.0,0.0,0.0,0.0,0.0,0.0,0.0,0.0,0.0,0.0,0.0,0.0,0.0,0.0,0.0,0.0,0.0,0.0,0.0,0.0,0.0,0.0,0.0,0.0,0.0
BGD,EGY,12.91692,0.0,0.0,0.0,0.0,0.0,0.0,0.0,0.0,0.0,0.0,0.0,0.0,0.0,0.0,0.0,0.0,0.0,0.0,0.0,0.0,0.0,0.0,0.0,0.0,0.0,0.0,0.0,0.0,0.0,0.0,0.0
BGD,MAR,0.0,0.0,0.0,0.0,0.0,0.0,0.0,0.0,0.0,0.0,0.0,0.0,0.0,0.0,0.0,0.0,0.0,0.0,0.0,0.0,0.0,0.0,0.0,0.0,0.0,0.0,0.0,0.0,0.0,0.0,0.0,0.0
BGD,DZA,0.0,0.0,0.0,0.0,0.0,0.0,0.0,0.0,0.0,0.0,0.0,0.0,0.0,0.0,0.0,0.0,0.0,0.0,0.0,0.0,0.0,0.0,0.0,0.0,0.0,0.0,0.0,0.0,0.0,0.0,0.0,0.0
BGD,SAU,0.0,0.0,0.0,0.0,0.0,0.0,0.0,0.0,0.0,0.0,0.0,0.0,0.0,0.0,0.0,0.0,0.0,0.0,0.0,0.0,0.0,0.0,0.0,0.0,0.0,0.0,0.0,0.0,0.0,0.0,0.0,0.0
BGD,IRN,0.0,0.0,0.0,0.0,0.0,0.0,0.0,0.0,0.0,0.0,0.0,0.0,0.0,0.0,0.0,0.0,0.0,0.0,0.0,0.0,0.0,0.0,0.0,0.0,0.0,0.0,0.0,0.0,0.0,0.0,0.0,0.0
BGD,ROW,0.0,0.0,0.0,0.0,0.0,0.0,0.0,0.0,0.0,0.0,0.0,0.0,0.0,0.0,0.0,0.0,0.0,0.0,0.0,0.0,0.0,0.0,0.0,0.0,0.0,0.0,0.0,0.0,0.0,0.0,0.0,0.0
NGA,EU27,0.05137,0.0,2e-05,0.03846,0.0,0.0,0.0,0.0015300000000000001,0.0,0.0,0.0,0.0025299999999999997,0.0,0.0,0.0,0.0,0.0,0.0,0.0,0.0,0.00033,0.0,0.0,0.0,0.0,0.0005600000000000001,0.00041,0.0,0.0,0.00125,0.0,0.0
NGA,USA,186.09397,0.0,0.0,0.16688999999999998,0.0,0.0,0.0,0.0,0.0,0.0,0.0,0.92044,0.0,0.0,0.0,0.0,0.0,0.0,0.0,0.0,0.07981999999999999,0.0,0.0,0.0,0.0,0.0002,0.0,0.0,0.0,0.0,0.0,0.0
NGA,CAN,0.186,0.0,0.0,0.34262,0.0,0.0,0.0,0.00013000000000000002,0.0,0.0,0.0,0.30539,0.0,0.0,0.0,0.0,0.0,0.0,0.0,0.0,0.00020999999999999998,0.0,0.0,0.0,0.0,0.0,0.0,0.0,0.0,0.0,0.0,0.0
NGA,BRA,0.0,0.0,0.0,0.0,0.0,0.0,0.0,0.0,0.0,0.0,0.0,0.0,0.0,0.0,0.0,0.0,0.0,0.0,0.0,0.0,0.0,0.0,0.0,0.0,0.0,0.0,0.0,0.0,0.0,0.0,0.0,0.0
NGA,ARG,0.0,0.0,0.0,0.0,0.0,0.0,0.0,0.0,0.0,0.0,0.0,0.0,0.0,0.0,0.0,0.0,0.0,0.0,0.0,0.0,0.0,0.0,0.0,0.0,0.0,0.0,0.0,0.0,0.0,0.0,0.0,0.0
NGA,AUS,0.00317,0.0,0.0,0.0,0.0,0.0,0.0,0.0,0.0,0.0,0.0,0.005860000000000001,0.0,0.0,0.0,0.0,0.0,0.0,0.0,0.0,0.0,0.0,0.0,0.0,0.0,0.0,0.0,0.0,0.0,0.0,0.0,0.0
NGA,NZL,0.0,0.0,0.0,0.0,0.0,0.0,0.0,0.0,0.0,0.0,0.0,0.0,0.0,0.0,0.0,0.0,0.0,0.0,0.0,0.0,0.0,0.0,0.0,0.0,0.0,0.0,0.0,0.0,0.0,0.0,0.0,0.0
NGA,CHN,0.0,0.0,0.0,0.0,0.0,0.0,0.0,0.0,0.0,0.0,0.0,0.0,0.0,0.0,0.0,0.0,0.0,0.0,0.0,0.0,0.0,0.0,0.0,0.0,0.0,0.00124,0.0,0.0,0.0,0.0,0.0,0.0
NGA,IND,0.00347,0.0,0.0,0.0,0.0,0.0,0.0,0.62818,0.0,0.0,0.0,0.0,0.0,0.0,0.0,0.0,0.0,0.0,0.0,0.0,0.0,0.0,0.0,0.0,0.0,0.0,0.0,0.0,0.0,0.0,0.0,0.0
NGA,RUS,0.0030800000000000003,0.0,0.0,0.0,0.0,0.0,0.0,0.0,0.0,0.0,0.0,0.0,0.0,0.0,0.0,0.0,0.0,0.0,0.0,0.0,4e-05,0.0,0.0,0.0,0.0,0.0,0.0,0.0,0.0,0.0,0.0,0.0
NGA,UKR,0.00392,0.0,0.0,0.00188,0.0,0.0,0.0,0.0,0.0,0.0,0.0,0.0,0.0,0.0,0.0,0.0,0.0,0.0,0.0,0.0,0.0,0.0,0.0,0.0,0.0,0.0,0.0,0.0,0.0,0.0,0.0,0.0
NGA,TUR,0.0,0.0,0.0,0.0,0.0,0.0,0.0,0.0,0.0,0.0,0.0,0.0,0.0,0.0,0.0,0.0,0.0,0.0,0.0,0.0,0.0,0.0,0.0,0.0,0.0,0.0,0.0,0.0,0.0,0.0,0.0,0.0
NGA,MEX,0.0,0.0,0.0,0.0,0.0,0.0,0.0,0.0,0.0,0.0,0.0,0.0,0.0,0.0,0.0,0.0,0.0,0.0,0.0,0.0,0.0,0.0,0.0,0.0,0.0,0.0,0.0,0.0,0.0,0.0,0.0,0.0
NGA,IDN,0.00011999999999999999,0.0,0.0,0.0,0.0,0.0,0.0,0.0,0.0,0.0,0.0,0.0,0.0,0.0,0.0,0.0,0.0,0.0,0.0,0.0,0.0,0.0,0.0,0.0,0.0,0.0,0.0,0.0,0.0,0.0,0.0,0.0
NGA,JPN,0.0,0.0,0.0,0.0,0.0,0.0,0.0,0.0,0.0,0.0,0.0,0.0,0.0,0.0,0.0,0.0,0.0,0.0,0.0,0.0,0.0,0.0,0.0,0.0,0.0,0.0,0.0,0.0,0.0,0.0,0.0,0.0
NGA,KOR,0.0,0.0,0.0,0.0,0.0,0.0,0.0,0.0,0.0,0.0,0.0,0.0,0.0,0.0,0.0,0.0,0.0,0.0,0.0,0.0,0.0,0.0,0.0,0.0,0.0,0.0,0.0,0.0,0.0,0.0,0.0,0.0
NGA,THA,2.9999999999999997e-05,0.0,0.0,0.0,0.0,0.0,0.0,0.0,0.0,0.0,0.0,0.0,0.0,0.0,0.0,0.0,0.0,0.0,0.0,0.0,0.0,0.0,0.0,0.0,0.0,0.0,0.0,0.0,0.0,0.0,0.0,0.0
NGA,VNM,0.0,0.0,0.0,0.0,0.0,0.0,0.0,0.0,0.0,0.0,0.0,0.0,0.0,0.0,0.0,0.0,0.0,0.0,0.0,0.0,0.0,0.0,0.0,0.0,0.0,0.0,0.0,0.0,0.0,0.0,0.0,0.0
NGA,PAK,0.0,0.0,0.0,0.0,0.0,0.0,0.0,0.0,0.0,0.0,0.0,0.0,0.0,0.0,0.0,0.0,0.0,0.0,0.0,0.0,0.0,0.0,0.0,0.0,0.0,0.0,0.0,0.0,0.0,0.0,0.0,0.0
NGA,BGD,0.0,0.0,0.0,0.0,0.0,0.0,0.0,0.0,0.0,0.0,0.0,0.0,0.0,0.0,0.0,0.0,0.0,0.0,0.0,0.0,0.0,0.0,0.0,0.0,0.0,0.0,0.0,0.0,0.0,0.0,0.0,0.0
NGA,NGA,0.0,0.0,0.0,0.0,0.0,0.0,0.0,0.0,0.0,0.0,0.0,0.0,0.0,0.0,0.0,0.0,0.0,0.0,0.0,0.0,0.0,0.0,0.0,0.0,0.0,0.0,0.0,0.0,0.0,0.0,0.0,0.0
NGA,ZAF,0.53547,0.0,0.00134,1e-05,0.0,0.0008100000000000001,0.0,0.0,0.0,0.0,0.0,0.016300000000000002,0.0,0.0,0.0,0.0,0.0,0.0,0.0,0.0,0.00919,0.0,0.0,0.0,0.0,0.0,0.0,0.0,0.0,0.0008900000000000001,0.0,0.0
NGA,ETH,0.0,0.0,0.0,0.0,0.0,0.0,0.0,0.0,0.0,0.0,0.0,0.0,0.0,0.0,0.0,0.0,0.0,0.0,0.0,0.0,0.0,0.0,0.0,0.0,0.0,0.0,0.0,0.0,0.0,0.0,0.0,0.0
NGA,EGY,0.0,0.0,0.0,0.0,0.0,0.0,0.0,0.0,0.0,0.0,0.0,2.9999999999999997e-05,0.0,0.0,0.0,0.0,0.0,0.0,0.0,0.0,0.0,0.0,0.0,0.0,0.0,0.0,0.0,0.0,0.0,0.0,0.0,0.0
NGA,MAR,0.0,0.0,0.0,0.0,0.0,0.0,0.0,0.0,0.0,0.0,0.0,0.0,0.0,0.0,0.0,0.0,0.0,0.0,0.0,0.0,0.0,0.0,0.0,0.0,0.0,0.0,0.0,0.0,0.0,0.0,0.0,0.0
NGA,DZA,0.0,0.0,0.0,0.0,0.0,0.0,0.0,0.0,0.0,0.0,0.0,0.0,0.0,0.0,0.0,0.0,0.0,0.0,0.0,0.0,0.0,0.0,0.0,0.0,0.0,0.0,0.0,0.0,0.0,0.0,0.0,0.0
NGA,SAU,0.0,0.0,0.0,0.0,0.0,0.0,0.0,0.0,0.0,0.0,0.0,0.0,0.0,0.0,0.0,0.0,0.0,0.0,0.0,0.0,0.0,0.0,0.0,0.0,0.0,0.0,0.0,0.0,0.0,0.0,0.0,0.0
NGA,IRN,0.0,0.0,0.0,0.0,0.0,0.0,0.0,0.0,0.0,0.0,0.0,0.0,0.0,0.0,0.0,0.0,0.0,0.0,0.0,0.0,0.0,0.0,0.0,0.0,0.0,0.0,0.0,0.0,0.0,0.0,0.0,0.0
NGA,ROW,0.0,0.0,0.0,0.0,0.0,0.0,0.0,0.0,0.0,0.0,0.0,0.0,0.0,0.0,0.0,0.0,0.0,0.0,0.0,0.0,0.0,0.0,0.0,0.0,0.0,0.0,0.0,0.0,0.0,0.0,0.0,0.0
ZAF,EU27,0.06462999999999999,0.0,0.0016699999999999998,266.77009999999996,0.0,30.01286,0.01201,0.0006,0.0,0.0,0.0,0.11431999999999999,0.0,0.0,0.0,0.0,0.0,0.0,0.0,0.0,0.01579,0.0,0.0,0.0,0.0,0.11968999999999999,0.00032,0.23703,0.0,0.01199,0.0,0.0
ZAF,USA,0.09908,0.0,0.0,0.4938,0.0,0.00016,0.0,0.0,0.0,0.0,0.0,0.0001,0.0,0.0,0.0,0.0,0.0,0.0,0.0,0.0,4.21374,0.0,0.0,0.0,0.0,0.00026000000000000003,0.00106,0.00033,0.0,0.0014399999999999999,0.0,0.0
ZAF,CAN,0.02904,0.0,0.0,0.048960000000000004,0.0,0.0,0.0,1e-05,0.0,0.0,0.0,0.01625,0.0,0.0,0.0,0.0,0.0,0.0,0.0,0.0,0.20368,0.0,0.0,0.0,0.0,0.14837999999999998,0.00034,0.0,0.0,0.0,0.0,0.0
ZAF,BRA,0.0,0.0,0.0,0.07651000000000001,0.0,0.0,0.0,0.0,0.0,0.0,0.0,0.0,0.0,0.0,0.0,0.0,0.0,0.0,0.0,0.0,0.00265,0.0,0.0,0.0,0.0,0.0,0.0,0.0,0.0,0.0,0.0,0.0
ZAF,ARG,0.0,0.0,0.0,0.0,0.0,0.0,0.00289,0.0,0.0,0.0,0.0,0.0,0.0,0.0,0.0,0.0,0.0,0.0,0.0,0.0,0.0,0.0,0.0,0.0,0.0,0.0,0.0,0.05114,0.0,0.0,0.0,0.0
ZAF,AUS,0.90326,0.0,0.0,0.40823000000000004,0.0,0.0,0.0,0.0,0.0,0.0,0.0,0.18943000000000002,0.0,0.0,0.0,0.0,0.0,0.0,0.0,0.0,0.004690000000000001,0.0,0.0,0.0,0.0,0.0,0.0,0.0,0.0,0.0,0.0,0.0
ZAF,NZL,0.05067,0.0,0.0,0.07984000000000001,0.0,0.0,0.0,0.0,0.0,0.0,0.0,0.00562,0.0,0.0,0.0,0.0,0.0,0.0,0.0,0.0,0.00571,0.0,0.0,0.0,0.0,0.00051,2.9999999999999997e-05,0.0,0.0,0.00317,0.0,0.0
ZAF,CHN,0.05002,0.0,0.0,4.485390000000001,0.0,0.0,0.0005899999999999999,0.0,0.0,0.0,0.0,0.0029500000000000004,0.0,0.0,0.0,0.0,0.0,0.0,0.0,0.0,0.12053,0.0,0.0,0.0,0.0,22.24814,0.9101,0.0025299999999999997,0.0,0.0132,0.0,0.0
ZAF,IND,0.02247,0.0,0.0,16.47682,0.0,0.00044,0.0,1e-05,0.0,0.0,0.0,0.0,0.0,0.0,0.0,0.0,0.0,0.0,0.0,0.0,0.0,0.0,0.0,0.0,0.0,0.0,0.0,0.0,0.0,0.0,0.0,0.0
ZAF,RUS,0.0,0.0,0.0,0.41164,0.0,0.0,0.0,0.0,0.0,0.0,0.0,0.0,0.0,0.0,0.0,0.0,0.0,0.0,0.0,0.0,0.0009599999999999999,0.0,0.0,0.0,0.0,0.0,0.0,0.0,0.0,0.0,0.0,0.0
ZAF,UKR,0.00146,0.0,0.0,0.0,0.0,0.0,0.0,0.0,0.0,0.0,0.0,0.0,0.0,0.0,0.0,0.0,0.0,0.0,0.0,0.0,0.0,0.0,0.0,0.0,0.0,0.0,0.0,0.0,0.0,0.0,0.0,0.0
ZAF,TUR,0.0,0.0,0.0,0.0,0.0,0.0,0.0,0.0,0.0,0.0,0.0,0.0,0.0,0.0,0.0,0.0,0.0,0.0,0.0,0.0,0.0,0.0,0.0,0.0,0.0,0.0,0.0,0.0,0.0,0.0,0.0,0.0
ZAF,MEX,0.00138,0.0,0.0,0.0,0.0,0.0,0.0,0.0,0.0,0.0,0.0,0.0,0.0,0.0,0.0,0.0,0.0,0.0,0.0,0.0,0.0,0.0,0.0,0.0,0.0,0.0,0.0,0.0,0.0,0.0,0.0,0.0
ZAF,IDN,0.0,0.0,0.0,1e-05,0.0,0.0,0.0,0.0,0.0,0.0,0.0,0.0,0.0,0.0,0.0,0.0,0.0,0.0,0.0,0.0,1e-05,0.0,0.0,0.0,0.0,0.0,0.0,0.0,0.0,0.0,0.0,0.0
ZAF,JPN,0.0,0.0,0.0,763.46326,0.0,0.0,0.0,0.0,0.0,0.0,0.0,0.0022400000000000002,0.0,0.0,0.0,0.0,0.0,0.0,0.0,0.0,0.03422,0.0,0.0,0.0,0.0,0.0,0.0,0.0,0.0,0.0,0.0,0.0
ZAF,KOR,0.0,0.0,0.0,0.0,0.0,0.0,0.0,0.0,0.0,0.0,0.0,0.0,0.0,0.0,0.0,0.0,0.0,0.0,0.0,0.0,0.0,0.0,0.0,0.0,0.0,0.0,0.0,0.0,0.0,0.0,0.0,0.0
ZAF,THA,0.0,0.0,0.0,4.74002,0.0,0.0,0.0,0.0,0.0,0.0,0.0,0.0,0.0,0.0,0.0,0.0,0.0,0.0,0.0,0.0,0.0,0.0,0.0,0.0,0.0,0.0,0.0,0.0,0.0,0.011789999999999998,0.0,0.0
ZAF,VNM,0.00034,0.0,0.0,271.49154999999996,0.0,0.0,0.0,0.0,0.0,0.0,0.0,0.0,0.0,0.0,0.0,0.0,0.0,0.0,0.0,0.0,0.0,0.0,0.0,0.0,0.0,0.0,0.0,0.0,0.0,0.0,0.0,0.0
ZAF,PAK,0.0022,0.0,0.0,0.0069299999999999995,0.0,0.0,0.19727,0.00062,0.0,0.0,0.0,0.0,0.0,0.0,0.0,0.0,0.0,0.0,0.0,0.0,0.0,0.0,0.0,0.0,0.0,0.0011,0.0,0.0,0.0,0.0,0.0,0.0
ZAF,BGD,0.0,0.0,0.0,0.16906000000000002,0.0,0.0,0.0,0.0,0.0,0.0,0.0,0.0,0.0,0.0,0.0,0.0,0.0,0.0,0.0,0.0,0.0,0.0,0.0,0.0,0.0,0.0,0.0,0.0,0.0,0.0,0.0,0.0
ZAF,NGA,0.18074,0.0,0.0,0.16688,0.0,0.0,0.0020499999999999997,0.0011899999999999999,0.0,0.0,0.0,0.00833,0.0,0.0,0.0,0.0,0.0,0.0,0.0,0.0,0.7390599999999999,0.0,0.0,0.0,0.0,0.13921,0.06778,0.01467,0.0,0.15868000000000002,0.0,0.0
ZAF,ZAF,0.0,0.0,0.0,0.0,0.0,0.0,0.0,0.0,0.0,0.0,0.0,0.0,0.0,0.0,0.0,0.0,0.0,0.0,0.0,0.0,0.0,0.0,0.0,0.0,0.0,0.0,0.0,0.0,0.0,0.0,0.0,0.0
ZAF,ETH,0.0,0.0,0.0,0.0,0.0,0.0,0.0,0.0,0.0,0.0,0.0,0.0,0.0,0.0,0.0,0.0,0.0,0.0,0.0,0.0,0.0,0.0,0.0,0.0,0.0,0.0,0.0,0.0,0.0,0.0,0.0,0.0
ZAF,EGY,0.0,0.0,0.0,0.63428,0.0,0.0,0.0,0.0,0.0,0.0,0.0,0.0,0.0,0.0,0.0,0.0,0.0,0.0,0.0,0.0,0.0,0.0,0.0,0.0,0.0,1.0099099999999999,0.0,0.0,0.0,0.0,0.0,0.0
ZAF,MAR,0.0,0.0,0.0,0.0,0.0,0.0,0.0,0.0,0.0,0.0,0.0,0.0,0.0,0.0,0.0,0.0,0.0,0.0,0.0,0.0,0.0,0.0,0.0,0.0,0.0,0.0,0.0,0.0,0.0,0.0,0.0,0.0
ZAF,DZA,0.0,0.0,0.0,0.0,0.0,0.0,0.0,0.0,0.0,0.0,0.0,0.0,0.0,0.0,0.0,0.0,0.0,0.0,0.0,0.0,0.0,0.0,0.0,0.0,0.0,0.0,0.0,0.0,0.0,0.0,0.0,0.0
ZAF,SAU,0.0,0.0,0.0,0.0,0.0,0.0,0.0,0.0,0.0,0.0,0.0,0.0,0.0,0.0,0.0,0.0,0.0,0.0,0.0,0.0,0.0,0.0,0.0,0.0,0.0,0.0,0.0,0.0,0.0,0.0,0.0,0.0
ZAF,IRN,0.0,0.0,0.0,0.0,0.0,0.0,0.0,0.0,0.0,0.0,0.0,0.0,0.0,0.0,0.0,0.0,0.0,0.0,0.0,0.0,0.0,0.0,0.0,0.0,0.0,0.0,0.0,0.0,0.0,0.0,0.0,0.0
ZAF,ROW,0.0,0.0,0.0,0.0,0.0,0.0,0.0,0.0,0.0,0.0,0.0,0.0,0.0,0.0,0.0,0.0,0.0,0.0,0.0,0.0,0.0,0.0,0.0,0.0,0.0,0.0,0.0,0.0,0.0,0.0,0.0,0.0
ETH,EU27,0.0,0.0,0.0,0.0,0.0,0.0,0.0,0.0,0.0,0.0,0.0,0.0,0.0,0.0,0.0,0.0,0.0,0.0,0.0,0.0,0.0,0.0,0.0,0.0,0.0,0.0,0.0,0.0,0.0,0.0,0.0,0.0
ETH,USA,0.0,0.0,0.0,0.0,0.0,0.0,0.0,0.0,0.0,0.0,0.0,0.0,0.0,0.0,0.0,0.0,0.0,0.0,0.0,0.0,0.0,0.0,0.0,0.0,0.0,0.0,0.0,0.0,0.0,0.0,0.0,0.0
ETH,CAN,0.0,0.0,0.0,0.0,0.0,0.0,0.0,0.0,0.0,0.0,0.0,0.0,0.0,0.0,0.0,0.0,0.0,0.0,0.0,0.0,0.0,0.0,0.0,0.0,0.0,0.0,0.0,0.0,0.0,0.0,0.0,0.0
ETH,BRA,0.0,0.0,0.0,0.0,0.0,0.0,0.0,0.0,0.0,0.0,0.0,0.0,0.0,0.0,0.0,0.0,0.0,0.0,0.0,0.0,0.0,0.0,0.0,0.0,0.0,0.0,0.0,0.0,0.0,0.0,0.0,0.0
ETH,ARG,0.0,0.0,0.0,0.0,0.0,0.0,0.0,0.0,0.0,0.0,0.0,0.0,0.0,0.0,0.0,0.0,0.0,0.0,0.0,0.0,0.0,0.0,0.0,0.0,0.0,0.0,0.0,0.0,0.0,0.0,0.0,0.0
ETH,AUS,0.0,0.0,0.0,0.0,0.0,0.0,0.0,0.0,0.0,0.0,0.0,0.0,0.0,0.0,0.0,0.0,0.0,0.0,0.0,0.0,0.0,0.0,0.0,0.0,0.0,0.0,0.0,0.0,0.0,0.0,0.0,0.0
ETH,NZL,0.0,0.0,0.0,0.0,0.0,0.0,0.0,0.0,0.0,0.0,0.0,0.0,0.0,0.0,0.0,0.0,0.0,0.0,0.0,0.0,0.0,0.0,0.0,0.0,0.0,0.0,0.0,0.0,0.0,0.0,0.0,0.0
ETH,CHN,0.0,0.0,0.0,0.0,0.0,0.0,0.0,0.0,0.0,0.0,0.0,0.0,0.0,0.0,0.0,0.0,0.0,0.0,0.0,0.0,0.0,0.0,0.0,0.0,0.0,0.0,0.0,0.0,0.0,0.0,0.0,0.0
ETH,IND,0.0,0.0,0.0,0.0,0.0,0.0,0.0,0.0,0.0,0.0,0.0,0.0,0.0,0.0,0.0,0.0,0.0,0.0,0.0,0.0,0.0,0.0,0.0,0.0,0.0,0.0,0.0,0.0,0.0,0.0,0.0,0.0
ETH,RUS,0.0,0.0,0.0,0.0,0.0,0.0,0.0,0.0,0.0,0.0,0.0,0.0,0.0,0.0,0.0,0.0,0.0,0.0,0.0,0.0,0.0,0.0,0.0,0.0,0.0,0.0,0.0,0.0,0.0,0.0,0.0,0.0
ETH,UKR,0.0,0.0,0.0,0.0,0.0,0.0,0.0,0.0,0.0,0.0,0.0,0.0,0.0,0.0,0.0,0.0,0.0,0.0,0.0,0.0,0.0,0.0,0.0,0.0,0.0,0.0,0.0,0.0,0.0,0.0,0.0,0.0
ETH,TUR,0.0,0.0,0.0,0.0,0.0,0.0,0.0,0.0,0.0,0.0,0.0,0.0,0.0,0.0,0.0,0.0,0.0,0.0,0.0,0.0,0.0,0.0,0.0,0.0,0.0,0.0,0.0,0.0,0.0,0.0,0.0,0.0
ETH,MEX,0.0,0.0,0.0,0.0,0.0,0.0,0.0,0.0,0.0,0.0,0.0,0.0,0.0,0.0,0.0,0.0,0.0,0.0,0.0,0.0,0.0,0.0,0.0,0.0,0.0,0.0,0.0,0.0,0.0,0.0,0.0,0.0
ETH,IDN,0.0,0.0,0.0,0.0,0.0,0.0,0.0,0.0,0.0,0.0,0.0,0.0,0.0,0.0,0.0,0.0,0.0,0.0,0.0,0.0,0.0,0.0,0.0,0.0,0.0,0.0,0.0,0.0,0.0,0.0,0.0,0.0
ETH,JPN,0.0,0.0,0.0,0.0,0.0,0.0,0.0,0.0,0.0,0.0,0.0,0.0,0.0,0.0,0.0,0.0,0.0,0.0,0.0,0.0,0.0,0.0,0.0,0.0,0.0,0.0,0.0,0.0,0.0,0.0,0.0,0.0
ETH,KOR,0.0,0.0,0.0,0.0,0.0,0.0,0.0,0.0,0.0,0.0,0.0,0.0,0.0,0.0,0.0,0.0,0.0,0.0,0.0,0.0,0.0,0.0,0.0,0.0,0.0,0.0,0.0,0.0,0.0,0.0,0.0,0.0
ETH,THA,0.0,0.0,0.0,0.0,0.0,0.0,0.0,0.0,0.0,0.0,0.0,0.0,0.0,0.0,0.0,0.0,0.0,0.0,0.0,0.0,0.0,0.0,0.0,0.0,0.0,0.0,0.0,0.0,0.0,0.0,0.0,0.0
ETH,VNM,0.0,0.0,0.0,0.0,0.0,0.0,0.0,0.0,0.0,0.0,0.0,0.0,0.0,0.0,0.0,0.0,0.0,0.0,0.0,0.0,0.0,0.0,0.0,0.0,0.0,0.0,0.0,0.0,0.0,0.0,0.0,0.0
ETH,PAK,0.0,0.0,0.0,0.0,0.0,0.0,0.0,0.0,0.0,0.0,0.0,0.0,0.0,0.0,0.0,0.0,0.0,0.0,0.0,0.0,0.0,0.0,0.0,0.0,0.0,0.0,0.0,0.0,0.0,0.0,0.0,0.0
ETH,BGD,0.0,0.0,0.0,0.0,0.0,0.0,0.0,0.0,0.0,0.0,0.0,0.0,0.0,0.0,0.0,0.0,0.0,0.0,0.0,0.0,0.0,0.0,0.0,0.0,0.0,0.0,0.0,0.0,0.0,0.0,0.0,0.0
ETH,NGA,0.0,0.0,0.0,0.0,0.0,0.0,0.0,0.0,0.0,0.0,0.0,0.0,0.0,0.0,0.0,0.0,0.0,0.0,0.0,0.0,0.0,0.0,0.0,0.0,0.0,0.0,0.0,0.0,0.0,0.0,0.0,0.0
ETH,ZAF,0.0,0.0,0.0,0.0,0.0,0.0,0.0,0.0,0.0,0.0,0.0,0.0,0.0,0.0,0.0,0.0,0.0,0.0,0.0,0.0,0.0,0.0,0.0,0.0,0.0,0.0,0.0,0.0,0.0,0.0,0.0,0.0
ETH,ETH,0.0,0.0,0.0,0.0,0.0,0.0,0.0,0.0,0.0,0.0,0.0,0.0,0.0,0.0,0.0,0.0,0.0,0.0,0.0,0.0,0.0,0.0,0.0,0.0,0.0,0.0,0.0,0.0,0.0,0.0,0.0,0.0
ETH,EGY,0.0,0.0,0.0,0.0,0.0,0.0,0.0,0.0,0.0,0.0,0.0,0.0,0.0,0.0,0.0,0.0,0.0,0.0,0.0,0.0,0.0,0.0,0.0,0.0,0.0,0.0,0.0,0.0,0.0,0.0,0.0,0.0
ETH,MAR,0.0,0.0,0.0,0.0,0.0,0.0,0.0,0.0,0.0,0.0,0.0,0.0,0.0,0.0,0.0,0.0,0.0,0.0,0.0,0.0,0.0,0.0,0.0,0.0,0.0,0.0,0.0,0.0,0.0,0.0,0.0,0.0
ETH,DZA,0.0,0.0,0.0,0.0,0.0,0.0,0.0,0.0,0.0,0.0,0.0,0.0,0.0,0.0,0.0,0.0,0.0,0.0,0.0,0.0,0.0,0.0,0.0,0.0,0.0,0.0,0.0,0.0,0.0,0.0,0.0,0.0
ETH,SAU,0.0,0.0,0.0,0.0,0.0,0.0,0.0,0.0,0.0,0.0,0.0,0.0,0.0,0.0,0.0,0.0,0.0,0.0,0.0,0.0,0.0,0.0,0.0,0.0,0.0,0.0,0.0,0.0,0.0,0.0,0.0,0.0
ETH,IRN,0.0,0.0,0.0,0.0,0.0,0.0,0.0,0.0,0.0,0.0,0.0,0.0,0.0,0.0,0.0,0.0,0.0,0.0,0.0,0.0,0.0,0.0,0.0,0.0,0.0,0.0,0.0,0.0,0.0,0.0,0.0,0.0
ETH,ROW,0.0,0.0,0.0,0.0,0.0,0.0,0.0,0.0,0.0,0.0,0.0,0.0,0.0,0.0,0.0,0.0,0.0,0.0,0.0,0.0,0.0,0.0,0.0,0.0,0.0,0.0,0.0,0.0,0.0,0.0,0.0,0.0
EGY,EU27,1.35468,0.0,0.08926,2.37912,0.0,0.0,1.1282,0.00366,0.0,0.0,0.00445,139.10238,0.0,0.0,0.0,0.0,0.0,0.0,0.0,0.0,0.01575,0.0,0.0,0.0,0.0,0.0,0.00505,0.0,0.0,0.026670000000000003,0.0,0.0
EGY,USA,0.14303,0.0,0.0,0.0,0.0,0.0,0.0,0.02095,0.0,0.0,0.0,0.13927,0.0,0.0,0.0,0.0,0.0,0.0,0.0,0.0,4.8144,0.0,0.0,0.0,0.0,0.0,0.0,0.0,0.0,0.0,0.0,0.0
EGY,CAN,0.07881,0.0,0.0,0.00863,0.0,0.02126,0.00923,0.02487,0.0,0.0,0.009550000000000001,0.01285,0.0,0.0,0.0,0.0,0.0,0.0,0.0,0.0,0.33491000000000004,0.0,0.0,0.0,0.0,0.0,0.0,0.0,0.0,0.0,0.0,0.0
EGY,BRA,0.0,0.0,0.0,0.0,0.0,0.0,0.056240000000000005,0.0,0.0,0.0,0.0,0.0,0.0,0.0,0.0,0.0,0.0,0.0,0.0,0.0,0.0,0.0,0.0,0.0,0.0,0.0,0.0,0.0,0.0,0.0,0.0,0.0
EGY,ARG,0.0,0.0,0.0,0.0,0.0,0.0,0.0,0.0,0.0,0.0,0.0,0.0,0.0,0.0,0.0,0.0,0.0,0.0,0.0,0.0,0.0,0.0,0.0,0.0,0.0,0.0,0.0,0.0,0.0,0.0,0.0,0.0
EGY,AUS,0.20698,0.0,0.0,0.0,0.0,0.00087,0.0,0.0,0.0,0.0,0.0,0.0,0.0,0.0,0.0,0.0,0.0,0.0,0.0,0.0,0.11014,0.0,0.0,0.0,0.0,0.0,0.0,0.0,0.0,0.0,0.0,0.0
EGY,NZL,0.027239999999999997,0.0,0.0,0.0,0.0,0.0,0.0,0.0,0.0,0.0,0.0,0.0,0.0,0.0,0.0,0.0,0.0,0.0,0.0,0.0,0.0,0.0,0.0,0.0,0.0,0.0,0.0,0.0,0.0,0.0,0.0,0.0
EGY,CHN,0.03254,0.0,0.0,0.0,0.0,0.0,0.0,0.0,0.0,0.0,0.0,0.80214,0.0,0.0,0.0,0.0,0.0,0.0,0.0,0.0,0.0,0.0,0.0,0.0,0.0,0.08868000000000001,0.0035800000000000003,0.006059999999999999,0.0,0.0,0.0,0.0
EGY,IND,0.0,0.0,0.00188,0.0,0.0,0.0,0.0,0.0,0.0,0.0,0.0,0.0,0.0,0.0,0.0,0.0,0.0,0.0,0.0,0.0,0.0,0.0,0.0,0.0,0.0,0.030940000000000002,0.0,0.0,0.0,0.0,0.0,0.0
EGY,RUS,0.36569,0.0,0.0,0.0,0.0,0.0,0.0,0.0,0.0,0.0,0.0,227.07326,0.0,0.0,0.0,0.0,0.0,0.0,0.0,0.0,2.6648,0.0,0.0,0.0,0.0,0.0,0.0,0.0,0.0,0.21315,0.0,0.0
EGY,UKR,0.0,0.0,0.0,0.0,0.0,0.0,0.0,0.0,0.0,0.0,0.0,3.5729499999999996,0.0,0.0,0.0,0.0,0.0,0.0,0.0,0.0,0.0,0.0,0.0,0.0,0.0,0.0,0.0,0.0,0.0,0.0,0.0,0.0
EGY,TUR,0.0,0.0,0.0,0.0,0.0,0.0,0.0,0.0,0.0,0.0,0.0,0.0,0.0,0.0,0.0,0.0,0.0,0.0,0.0,0.0,0.0,0.0,0.0,0.0,0.0,0.0,0.0,0.0,0.0,0.0,0.0,0.0
EGY,MEX,0.0,0.0,0.0,0.0,0.0,0.0,0.0,0.0,0.0,0.0,0.0,0.0,0.0,0.0,0.0,0.0,0.0,0.0,0.0,0.0,0.0,0.0,0.0,0.0,0.0,0.0,0.0,0.0,0.0,0.0,0.0,0.0
EGY,IDN,0.0,0.0,0.0,0.0,0.0,0.0,0.0,0.0,0.0,0.0,0.0,4.94817,0.0,0.0,0.0,0.0,0.0,0.0,0.0,0.0,0.0,0.0,0.0,0.0,0.0,0.0,0.0,0.0,0.0,0.0,0.0,0.0
EGY,JPN,0.0,0.0,0.0,0.0,0.0,0.0,0.0,0.0,0.0,0.0,0.0,0.0,0.0,0.0,0.0,0.0,0.0,0.0,0.0,0.0,0.0,0.0,0.0,0.0,0.0,0.0,0.0,0.0,0.0,0.0,0.0,0.0
EGY,KOR,0.0,0.0,0.0,0.0,0.0,0.0,0.0,0.0,0.0,0.0,0.0,0.0,0.0,0.0,0.0,0.0,0.0,0.0,0.0,0.0,0.0,0.0,0.0,0.0,0.0,0.0,0.0,0.0,0.0,0.0,0.0,0.0
EGY,THA,0.0,0.0,0.0,0.0,0.0,0.0,0.037,0.0,0.0,0.0,0.0,0.0,0.0,0.0,0.0,0.0,0.0,0.0,0.0,0.0,0.05782,0.0,0.0,0.0,0.0,0.0,0.0,0.03565,0.0,0.0,0.0,0.0
EGY,VNM,0.0,0.0,0.0,0.0,0.0,0.0,0.0,0.0,0.0,0.0,0.0,0.0,0.0,0.0,0.0,0.0,0.0,0.0,0.0,0.0,3.63706,0.0,0.0,0.0,0.0,0.0,0.0,0.01921,0.0,0.0,0.0,0.0
EGY,PAK,0.18894999999999998,0.0,0.0,0.0,0.0,0.0,0.0,0.0,0.0,0.0,0.0,3.15827,0.0,0.0,0.0,0.0,0.0,0.0,0.0,0.0,0.0,0.0,0.0,0.0,0.0,0.02376,0.0,0.013710000000000002,0.0,0.0,0.0,0.0
EGY,BGD,0.0,0.0,0.0,0.0,0.0,0.0,0.0030499999999999998,0.0,0.0,0.0,0.0,0.04082,0.0,0.0,0.0,0.0,0.0,0.0,0.0,0.0,0.0,0.0,0.0,0.0,0.0,0.0,0.0,0.0,0.0,0.0,0.0,0.0
EGY,NGA,0.0,0.0,0.0,0.0,0.0,0.0,0.0,0.0,0.0,0.0,0.0,2.9999999999999997e-05,0.0,0.0,0.0,0.0,0.0,0.0,0.0,0.0,0.2747,0.0,0.0,0.0,0.0,0.00562,0.0,0.0,0.0,0.0,0.0,0.0
EGY,ZAF,0.01283,0.0,0.0,1e-05,0.0,0.0,0.16853,0.0,0.0,0.0,0.0,0.0,0.0,0.0,0.0,0.0,0.0,0.0,0.0,0.0,0.00802,0.0,0.0,0.0,0.0,0.0,0.0,0.0,0.0,0.0,0.0,0.0
EGY,ETH,0.0,0.0,0.0,0.0,0.0,0.0,0.0,0.0,0.0,0.0,0.0,0.0,0.0,0.0,0.0,0.0,0.0,0.0,0.0,0.0,0.0,0.0,0.0,0.0,0.0,0.0,0.0,0.0,0.0,0.0,0.0,0.0
EGY,EGY,0.0,0.0,0.0,0.0,0.0,0.0,0.0,0.0,0.0,0.0,0.0,0.0,0.0,0.0,0.0,0.0,0.0,0.0,0.0,0.0,0.0,0.0,0.0,0.0,0.0,0.0,0.0,0.0,0.0,0.0,0.0,0.0
EGY,MAR,0.0,0.0,0.0,0.0,0.0,0.0,0.0,0.0,0.0,0.0,0.0,0.0,0.0,0.0,0.0,0.0,0.0,0.0,0.0,0.0,0.0,0.0,0.0,0.0,0.0,0.0,0.0,0.0,0.0,0.0,0.0,0.0
EGY,DZA,0.0,0.0,0.0,0.0,0.0,0.0,0.0,0.0,0.0,0.0,0.0,0.0,0.0,0.0,0.0,0.0,0.0,0.0,0.0,0.0,0.0,0.0,0.0,0.0,0.0,0.0,0.0,0.0,0.0,0.0,0.0,0.0
EGY,SAU,0.0,0.0,0.0,0.0,0.0,0.0,0.0,0.0,0.0,0.0,0.0,0.0,0.0,0.0,0.0,0.0,0.0,0.0,0.0,0.0,0.0,0.0,0.0,0.0,0.0,0.0,0.0,0.0,0.0,0.0,0.0,0.0
EGY,IRN,0.0,0.0,0.0,0.0,0.0,0.0,0.0,0.0,0.0,0.0,0.0,0.0,0.0,0.0,0.0,0.0,0.0,0.0,0.0,0.0,0.0,0.0,0.0,0.0,0.0,0.0,0.0,0.0,0.0,0.0,0.0,0.0
EGY,ROW,0.0,0.0,0.0,0.0,0.0,0.0,0.0,0.0,0.0,0.0,0.0,0.0,0.0,0.0,0.0,0.0,0.0,0.0,0.0,0.0,0.0,0.0,0.0,0.0,0.0,0.0,0.0,0.0,0.0,0.0,0.0,0.0
MAR,EU27,0.0,0.0,0.0,0.0,0.0,0.0,0.0,0.0,0.0,0.0,0.0,0.0,0.0,0.0,0.0,0.0,0.0,0.0,0.0,0.0,0.0,0.0,0.0,0.0,0.0,0.0,0.0,0.0,0.0,0.0,0.0,0.0
MAR,USA,0.0,0.0,0.0,0.0,0.0,0.0,0.0,0.0,0.0,0.0,0.0,0.0,0.0,0.0,0.0,0.0,0.0,0.0,0.0,0.0,0.0,0.0,0.0,0.0,0.0,0.0,0.0,0.0,0.0,0.0,0.0,0.0
MAR,CAN,0.0,0.0,0.0,0.0,0.0,0.0,0.0,0.0,0.0,0.0,0.0,0.0,0.0,0.0,0.0,0.0,0.0,0.0,0.0,0.0,0.0,0.0,0.0,0.0,0.0,0.0,0.0,0.0,0.0,0.0,0.0,0.0
MAR,BRA,0.0,0.0,0.0,0.0,0.0,0.0,0.0,0.0,0.0,0.0,0.0,0.0,0.0,0.0,0.0,0.0,0.0,0.0,0.0,0.0,0.0,0.0,0.0,0.0,0.0,0.0,0.0,0.0,0.0,0.0,0.0,0.0
MAR,ARG,0.0,0.0,0.0,0.0,0.0,0.0,0.0,0.0,0.0,0.0,0.0,0.0,0.0,0.0,0.0,0.0,0.0,0.0,0.0,0.0,0.0,0.0,0.0,0.0,0.0,0.0,0.0,0.0,0.0,0.0,0.0,0.0
MAR,AUS,0.0,0.0,0.0,0.0,0.0,0.0,0.0,0.0,0.0,0.0,0.0,0.0,0.0,0.0,0.0,0.0,0.0,0.0,0.0,0.0,0.0,0.0,0.0,0.0,0.0,0.0,0.0,0.0,0.0,0.0,0.0,0.0
MAR,NZL,0.0,0.0,0.0,0.0,0.0,0.0,0.0,0.0,0.0,0.0,0.0,0.0,0.0,0.0,0.0,0.0,0.0,0.0,0.0,0.0,0.0,0.0,0.0,0.0,0.0,0.0,0.0,0.0,0.0,0.0,0.0,0.0
MAR,CHN,0.0,0.0,0.0,0.0,0.0,0.0,0.0,0.0,0.0,0.0,0.0,0.0,0.0,0.0,0.0,0.0,0.0,0.0,0.0,0.0,0.0,0.0,0.0,0.0,0.0,0.0,0.0,0.0,0.0,0.0,0.0,0.0
MAR,IND,0.0,0.0,0.0,0.0,0.0,0.0,0.0,0.0,0.0,0.0,0.0,0.0,0.0,0.0,0.0,0.0,0.0,0.0,0.0,0.0,0.0,0.0,0.0,0.0,0.0,0.0,0.0,0.0,0.0,0.0,0.0,0.0
MAR,RUS,0.0,0.0,0.0,0.0,0.0,0.0,0.0,0.0,0.0,0.0,0.0,0.0,0.0,0.0,0.0,0.0,0.0,0.0,0.0,0.0,0.0,0.0,0.0,0.0,0.0,0.0,0.0,0.0,0.0,0.0,0.0,0.0
MAR,UKR,0.0,0.0,0.0,0.0,0.0,0.0,0.0,0.0,0.0,0.0,0.0,0.0,0.0,0.0,0.0,0.0,0.0,0.0,0.0,0.0,0.0,0.0,0.0,0.0,0.0,0.0,0.0,0.0,0.0,0.0,0.0,0.0
MAR,TUR,0.0,0.0,0.0,0.0,0.0,0.0,0.0,0.0,0.0,0.0,0.0,0.0,0.0,0.0,0.0,0.0,0.0,0.0,0.0,0.0,0.0,0.0,0.0,0.0,0.0,0.0,0.0,0.0,0.0,0.0,0.0,0.0
MAR,MEX,0.0,0.0,0.0,0.0,0.0,0.0,0.0,0.0,0.0,0.0,0.0,0.0,0.0,0.0,0.0,0.0,0.0,0.0,0.0,0.0,0.0,0.0,0.0,0.0,0.0,0.0,0.0,0.0,0.0,0.0,0.0,0.0
MAR,IDN,0.0,0.0,0.0,0.0,0.0,0.0,0.0,0.0,0.0,0.0,0.0,0.0,0.0,0.0,0.0,0.0,0.0,0.0,0.0,0.0,0.0,0.0,0.0,0.0,0.0,0.0,0.0,0.0,0.0,0.0,0.0,0.0
MAR,JPN,0.0,0.0,0.0,0.0,0.0,0.0,0.0,0.0,0.0,0.0,0.0,0.0,0.0,0.0,0.0,0.0,0.0,0.0,0.0,0.0,0.0,0.0,0.0,0.0,0.0,0.0,0.0,0.0,0.0,0.0,0.0,0.0
MAR,KOR,0.0,0.0,0.0,0.0,0.0,0.0,0.0,0.0,0.0,0.0,0.0,0.0,0.0,0.0,0.0,0.0,0.0,0.0,0.0,0.0,0.0,0.0,0.0,0.0,0.0,0.0,0.0,0.0,0.0,0.0,0.0,0.0
MAR,THA,0.0,0.0,0.0,0.0,0.0,0.0,0.0,0.0,0.0,0.0,0.0,0.0,0.0,0.0,0.0,0.0,0.0,0.0,0.0,0.0,0.0,0.0,0.0,0.0,0.0,0.0,0.0,0.0,0.0,0.0,0.0,0.0
MAR,VNM,0.0,0.0,0.0,0.0,0.0,0.0,0.0,0.0,0.0,0.0,0.0,0.0,0.0,0.0,0.0,0.0,0.0,0.0,0.0,0.0,0.0,0.0,0.0,0.0,0.0,0.0,0.0,0.0,0.0,0.0,0.0,0.0
MAR,PAK,0.0,0.0,0.0,0.0,0.0,0.0,0.0,0.0,0.0,0.0,0.0,0.0,0.0,0.0,0.0,0.0,0.0,0.0,0.0,0.0,0.0,0.0,0.0,0.0,0.0,0.0,0.0,0.0,0.0,0.0,0.0,0.0
MAR,BGD,0.0,0.0,0.0,0.0,0.0,0.0,0.0,0.0,0.0,0.0,0.0,0.0,0.0,0.0,0.0,0.0,0.0,0.0,0.0,0.0,0.0,0.0,0.0,0.0,0.0,0.0,0.0,0.0,0.0,0.0,0.0,0.0
MAR,NGA,0.0,0.0,0.0,0.0,0.0,0.0,0.0,0.0,0.0,0.0,0.0,0.0,0.0,0.0,0.0,0.0,0.0,0.0,0.0,0.0,0.0,0.0,0.0,0.0,0.0,0.0,0.0,0.0,0.0,0.0,0.0,0.0
MAR,ZAF,0.0,0.0,0.0,0.0,0.0,0.0,0.0,0.0,0.0,0.0,0.0,0.0,0.0,0.0,0.0,0.0,0.0,0.0,0.0,0.0,0.0,0.0,0.0,0.0,0.0,0.0,0.0,0.0,0.0,0.0,0.0,0.0
MAR,ETH,0.0,0.0,0.0,0.0,0.0,0.0,0.0,0.0,0.0,0.0,0.0,0.0,0.0,0.0,0.0,0.0,0.0,0.0,0.0,0.0,0.0,0.0,0.0,0.0,0.0,0.0,0.0,0.0,0.0,0.0,0.0,0.0
MAR,EGY,0.0,0.0,0.0,0.0,0.0,0.0,0.0,0.0,0.0,0.0,0.0,0.0,0.0,0.0,0.0,0.0,0.0,0.0,0.0,0.0,0.0,0.0,0.0,0.0,0.0,0.0,0.0,0.0,0.0,0.0,0.0,0.0
MAR,MAR,0.0,0.0,0.0,0.0,0.0,0.0,0.0,0.0,0.0,0.0,0.0,0.0,0.0,0.0,0.0,0.0,0.0,0.0,0.0,0.0,0.0,0.0,0.0,0.0,0.0,0.0,0.0,0.0,0.0,0.0,0.0,0.0
MAR,DZA,0.0,0.0,0.0,0.0,0.0,0.0,0.0,0.0,0.0,0.0,0.0,0.0,0.0,0.0,0.0,0.0,0.0,0.0,0.0,0.0,0.0,0.0,0.0,0.0,0.0,0.0,0.0,0.0,0.0,0.0,0.0,0.0
MAR,SAU,0.0,0.0,0.0,0.0,0.0,0.0,0.0,0.0,0.0,0.0,0.0,0.0,0.0,0.0,0.0,0.0,0.0,0.0,0.0,0.0,0.0,0.0,0.0,0.0,0.0,0.0,0.0,0.0,0.0,0.0,0.0,0.0
MAR,IRN,0.0,0.0,0.0,0.0,0.0,0.0,0.0,0.0,0.0,0.0,0.0,0.0,0.0,0.0,0.0,0.0,0.0,0.0,0.0,0.0,0.0,0.0,0.0,0.0,0.0,0.0,0.0,0.0,0.0,0.0,0.0,0.0
MAR,ROW,0.0,0.0,0.0,0.0,0.0,0.0,0.0,0.0,0.0,0.0,0.0,0.0,0.0,0.0,0.0,0.0,0.0,0.0,0.0,0.0,0.0,0.0,0.0,0.0,0.0,0.0,0.0,0.0,0.0,0.0,0.0,0.0
DZA,EU27,0.0,0.0,0.0,0.0,0.0,0.0,0.0,0.0,0.0,0.0,0.0,0.0,0.0,0.0,0.0,0.0,0.0,0.0,0.0,0.0,0.0,0.0,0.0,0.0,0.0,0.0,0.0,0.0,0.0,0.0,0.0,0.0
DZA,USA,0.0,0.0,0.0,0.0,0.0,0.0,0.0,0.0,0.0,0.0,0.0,0.0,0.0,0.0,0.0,0.0,0.0,0.0,0.0,0.0,0.0,0.0,0.0,0.0,0.0,0.0,0.0,0.0,0.0,0.0,0.0,0.0
DZA,CAN,0.0,0.0,0.0,0.0,0.0,0.0,0.0,0.0,0.0,0.0,0.0,0.0,0.0,0.0,0.0,0.0,0.0,0.0,0.0,0.0,0.0,0.0,0.0,0.0,0.0,0.0,0.0,0.0,0.0,0.0,0.0,0.0
DZA,BRA,0.0,0.0,0.0,0.0,0.0,0.0,0.0,0.0,0.0,0.0,0.0,0.0,0.0,0.0,0.0,0.0,0.0,0.0,0.0,0.0,0.0,0.0,0.0,0.0,0.0,0.0,0.0,0.0,0.0,0.0,0.0,0.0
DZA,ARG,0.0,0.0,0.0,0.0,0.0,0.0,0.0,0.0,0.0,0.0,0.0,0.0,0.0,0.0,0.0,0.0,0.0,0.0,0.0,0.0,0.0,0.0,0.0,0.0,0.0,0.0,0.0,0.0,0.0,0.0,0.0,0.0
DZA,AUS,0.0,0.0,0.0,0.0,0.0,0.0,0.0,0.0,0.0,0.0,0.0,0.0,0.0,0.0,0.0,0.0,0.0,0.0,0.0,0.0,0.0,0.0,0.0,0.0,0.0,0.0,0.0,0.0,0.0,0.0,0.0,0.0
DZA,NZL,0.0,0.0,0.0,0.0,0.0,0.0,0.0,0.0,0.0,0.0,0.0,0.0,0.0,0.0,0.0,0.0,0.0,0.0,0.0,0.0,0.0,0.0,0.0,0.0,0.0,0.0,0.0,0.0,0.0,0.0,0.0,0.0
DZA,CHN,0.0,0.0,0.0,0.0,0.0,0.0,0.0,0.0,0.0,0.0,0.0,0.0,0.0,0.0,0.0,0.0,0.0,0.0,0.0,0.0,0.0,0.0,0.0,0.0,0.0,0.0,0.0,0.0,0.0,0.0,0.0,0.0
DZA,IND,0.0,0.0,0.0,0.0,0.0,0.0,0.0,0.0,0.0,0.0,0.0,0.0,0.0,0.0,0.0,0.0,0.0,0.0,0.0,0.0,0.0,0.0,0.0,0.0,0.0,0.0,0.0,0.0,0.0,0.0,0.0,0.0
DZA,RUS,0.0,0.0,0.0,0.0,0.0,0.0,0.0,0.0,0.0,0.0,0.0,0.0,0.0,0.0,0.0,0.0,0.0,0.0,0.0,0.0,0.0,0.0,0.0,0.0,0.0,0.0,0.0,0.0,0.0,0.0,0.0,0.0
DZA,UKR,0.0,0.0,0.0,0.0,0.0,0.0,0.0,0.0,0.0,0.0,0.0,0.0,0.0,0.0,0.0,0.0,0.0,0.0,0.0,0.0,0.0,0.0,0.0,0.0,0.0,0.0,0.0,0.0,0.0,0.0,0.0,0.0
DZA,TUR,0.0,0.0,0.0,0.0,0.0,0.0,0.0,0.0,0.0,0.0,0.0,0.0,0.0,0.0,0.0,0.0,0.0,0.0,0.0,0.0,0.0,0.0,0.0,0.0,0.0,0.0,0.0,0.0,0.0,0.0,0.0,0.0
DZA,MEX,0.0,0.0,0.0,0.0,0.0,0.0,0.0,0.0,0.0,0.0,0.0,0.0,0.0,0.0,0.0,0.0,0.0,0.0,0.0,0.0,0.0,0.0,0.0,0.0,0.0,0.0,0.0,0.0,0.0,0.0,0.0,0.0
DZA,IDN,0.0,0.0,0.0,0.0,0.0,0.0,0.0,0.0,0.0,0.0,0.0,0.0,0.0,0.0,0.0,0.0,0.0,0.0,0.0,0.0,0.0,0.0,0.0,0.0,0.0,0.0,0.0,0.0,0.0,0.0,0.0,0.0
DZA,JPN,0.0,0.0,0.0,0.0,0.0,0.0,0.0,0.0,0.0,0.0,0.0,0.0,0.0,0.0,0.0,0.0,0.0,0.0,0.0,0.0,0.0,0.0,0.0,0.0,0.0,0.0,0.0,0.0,0.0,0.0,0.0,0.0
DZA,KOR,0.0,0.0,0.0,0.0,0.0,0.0,0.0,0.0,0.0,0.0,0.0,0.0,0.0,0.0,0.0,0.0,0.0,0.0,0.0,0.0,0.0,0.0,0.0,0.0,0.0,0.0,0.0,0.0,0.0,0.0,0.0,0.0
DZA,THA,0.0,0.0,0.0,0.0,0.0,0.0,0.0,0.0,0.0,0.0,0.0,0.0,0.0,0.0,0.0,0.0,0.0,0.0,0.0,0.0,0.0,0.0,0.0,0.0,0.0,0.0,0.0,0.0,0.0,0.0,0.0,0.0
DZA,VNM,0.0,0.0,0.0,0.0,0.0,0.0,0.0,0.0,0.0,0.0,0.0,0.0,0.0,0.0,0.0,0.0,0.0,0.0,0.0,0.0,0.0,0.0,0.0,0.0,0.0,0.0,0.0,0.0,0.0,0.0,0.0,0.0
DZA,PAK,0.0,0.0,0.0,0.0,0.0,0.0,0.0,0.0,0.0,0.0,0.0,0.0,0.0,0.0,0.0,0.0,0.0,0.0,0.0,0.0,0.0,0.0,0.0,0.0,0.0,0.0,0.0,0.0,0.0,0.0,0.0,0.0
DZA,BGD,0.0,0.0,0.0,0.0,0.0,0.0,0.0,0.0,0.0,0.0,0.0,0.0,0.0,0.0,0.0,0.0,0.0,0.0,0.0,0.0,0.0,0.0,0.0,0.0,0.0,0.0,0.0,0.0,0.0,0.0,0.0,0.0
DZA,NGA,0.0,0.0,0.0,0.0,0.0,0.0,0.0,0.0,0.0,0.0,0.0,0.0,0.0,0.0,0.0,0.0,0.0,0.0,0.0,0.0,0.0,0.0,0.0,0.0,0.0,0.0,0.0,0.0,0.0,0.0,0.0,0.0
DZA,ZAF,0.0,0.0,0.0,0.0,0.0,0.0,0.0,0.0,0.0,0.0,0.0,0.0,0.0,0.0,0.0,0.0,0.0,0.0,0.0,0.0,0.0,0.0,0.0,0.0,0.0,0.0,0.0,0.0,0.0,0.0,0.0,0.0
DZA,ETH,0.0,0.0,0.0,0.0,0.0,0.0,0.0,0.0,0.0,0.0,0.0,0.0,0.0,0.0,0.0,0.0,0.0,0.0,0.0,0.0,0.0,0.0,0.0,0.0,0.0,0.0,0.0,0.0,0.0,0.0,0.0,0.0
DZA,EGY,0.0,0.0,0.0,0.0,0.0,0.0,0.0,0.0,0.0,0.0,0.0,0.0,0.0,0.0,0.0,0.0,0.0,0.0,0.0,0.0,0.0,0.0,0.0,0.0,0.0,0.0,0.0,0.0,0.0,0.0,0.0,0.0
DZA,MAR,0.0,0.0,0.0,0.0,0.0,0.0,0.0,0.0,0.0,0.0,0.0,0.0,0.0,0.0,0.0,0.0,0.0,0.0,0.0,0.0,0.0,0.0,0.0,0.0,0.0,0.0,0.0,0.0,0.0,0.0,0.0,0.0
DZA,DZA,0.0,0.0,0.0,0.0,0.0,0.0,0.0,0.0,0.0,0.0,0.0,0.0,0.0,0.0,0.0,0.0,0.0,0.0,0.0,0.0,0.0,0.0,0.0,0.0,0.0,0.0,0.0,0.0,0.0,0.0,0.0,0.0
DZA,SAU,0.0,0.0,0.0,0.0,0.0,0.0,0.0,0.0,0.0,0.0,0.0,0.0,0.0,0.0,0.0,0.0,0.0,0.0,0.0,0.0,0.0,0.0,0.0,0.0,0.0,0.0,0.0,0.0,0.0,0.0,0.0,0.0
DZA,IRN,0.0,0.0,0.0,0.0,0.0,0.0,0.0,0.0,0.0,0.0,0.0,0.0,0.0,0.0,0.0,0.0,0.0,0.0,0.0,0.0,0.0,0.0,0.0,0.0,0.0,0.0,0.0,0.0,0.0,0.0,0.0,0.0
DZA,ROW,0.0,0.0,0.0,0.0,0.0,0.0,0.0,0.0,0.0,0.0,0.0,0.0,0.0,0.0,0.0,0.0,0.0,0.0,0.0,0.0,0.0,0.0,0.0,0.0,0.0,0.0,0.0,0.0,0.0,0.0,0.0,0.0
SAU,EU27,0.0,0.0,0.0,0.0,0.0,0.0,0.0,0.0,0.0,0.0,0.0,0.0,0.0,0.0,0.0,0.0,0.0,0.0,0.0,0.0,0.0,0.0,0.0,0.0,0.0,0.0,0.0,0.0,0.0,0.0,0.0,0.0
SAU,USA,0.0,0.0,0.0,0.0,0.0,0.0,0.0,0.0,0.0,0.0,0.0,0.0,0.0,0.0,0.0,0.0,0.0,0.0,0.0,0.0,0.0,0.0,0.0,0.0,0.0,0.0,0.0,0.0,0.0,0.0,0.0,0.0
SAU,CAN,0.0,0.0,0.0,0.0,0.0,0.0,0.0,0.0,0.0,0.0,0.0,0.0,0.0,0.0,0.0,0.0,0.0,0.0,0.0,0.0,0.0,0.0,0.0,0.0,0.0,0.0,0.0,0.0,0.0,0.0,0.0,0.0
SAU,BRA,0.0,0.0,0.0,0.0,0.0,0.0,0.0,0.0,0.0,0.0,0.0,0.0,0.0,0.0,0.0,0.0,0.0,0.0,0.0,0.0,0.0,0.0,0.0,0.0,0.0,0.0,0.0,0.0,0.0,0.0,0.0,0.0
SAU,ARG,0.0,0.0,0.0,0.0,0.0,0.0,0.0,0.0,0.0,0.0,0.0,0.0,0.0,0.0,0.0,0.0,0.0,0.0,0.0,0.0,0.0,0.0,0.0,0.0,0.0,0.0,0.0,0.0,0.0,0.0,0.0,0.0
SAU,AUS,0.0,0.0,0.0,0.0,0.0,0.0,0.0,0.0,0.0,0.0,0.0,0.0,0.0,0.0,0.0,0.0,0.0,0.0,0.0,0.0,0.0,0.0,0.0,0.0,0.0,0.0,0.0,0.0,0.0,0.0,0.0,0.0
SAU,NZL,0.0,0.0,0.0,0.0,0.0,0.0,0.0,0.0,0.0,0.0,0.0,0.0,0.0,0.0,0.0,0.0,0.0,0.0,0.0,0.0,0.0,0.0,0.0,0.0,0.0,0.0,0.0,0.0,0.0,0.0,0.0,0.0
SAU,CHN,0.0,0.0,0.0,0.0,0.0,0.0,0.0,0.0,0.0,0.0,0.0,0.0,0.0,0.0,0.0,0.0,0.0,0.0,0.0,0.0,0.0,0.0,0.0,0.0,0.0,0.0,0.0,0.0,0.0,0.0,0.0,0.0
SAU,IND,0.0,0.0,0.0,0.0,0.0,0.0,0.0,0.0,0.0,0.0,0.0,0.0,0.0,0.0,0.0,0.0,0.0,0.0,0.0,0.0,0.0,0.0,0.0,0.0,0.0,0.0,0.0,0.0,0.0,0.0,0.0,0.0
SAU,RUS,0.0,0.0,0.0,0.0,0.0,0.0,0.0,0.0,0.0,0.0,0.0,0.0,0.0,0.0,0.0,0.0,0.0,0.0,0.0,0.0,0.0,0.0,0.0,0.0,0.0,0.0,0.0,0.0,0.0,0.0,0.0,0.0
SAU,UKR,0.0,0.0,0.0,0.0,0.0,0.0,0.0,0.0,0.0,0.0,0.0,0.0,0.0,0.0,0.0,0.0,0.0,0.0,0.0,0.0,0.0,0.0,0.0,0.0,0.0,0.0,0.0,0.0,0.0,0.0,0.0,0.0
SAU,TUR,0.0,0.0,0.0,0.0,0.0,0.0,0.0,0.0,0.0,0.0,0.0,0.0,0.0,0.0,0.0,0.0,0.0,0.0,0.0,0.0,0.0,0.0,0.0,0.0,0.0,0.0,0.0,0.0,0.0,0.0,0.0,0.0
SAU,MEX,0.0,0.0,0.0,0.0,0.0,0.0,0.0,0.0,0.0,0.0,0.0,0.0,0.0,0.0,0.0,0.0,0.0,0.0,0.0,0.0,0.0,0.0,0.0,0.0,0.0,0.0,0.0,0.0,0.0,0.0,0.0,0.0
SAU,IDN,0.0,0.0,0.0,0.0,0.0,0.0,0.0,0.0,0.0,0.0,0.0,0.0,0.0,0.0,0.0,0.0,0.0,0.0,0.0,0.0,0.0,0.0,0.0,0.0,0.0,0.0,0.0,0.0,0.0,0.0,0.0,0.0
SAU,JPN,0.0,0.0,0.0,0.0,0.0,0.0,0.0,0.0,0.0,0.0,0.0,0.0,0.0,0.0,0.0,0.0,0.0,0.0,0.0,0.0,0.0,0.0,0.0,0.0,0.0,0.0,0.0,0.0,0.0,0.0,0.0,0.0
SAU,KOR,0.0,0.0,0.0,0.0,0.0,0.0,0.0,0.0,0.0,0.0,0.0,0.0,0.0,0.0,0.0,0.0,0.0,0.0,0.0,0.0,0.0,0.0,0.0,0.0,0.0,0.0,0.0,0.0,0.0,0.0,0.0,0.0
SAU,THA,0.0,0.0,0.0,0.0,0.0,0.0,0.0,0.0,0.0,0.0,0.0,0.0,0.0,0.0,0.0,0.0,0.0,0.0,0.0,0.0,0.0,0.0,0.0,0.0,0.0,0.0,0.0,0.0,0.0,0.0,0.0,0.0
SAU,VNM,0.0,0.0,0.0,0.0,0.0,0.0,0.0,0.0,0.0,0.0,0.0,0.0,0.0,0.0,0.0,0.0,0.0,0.0,0.0,0.0,0.0,0.0,0.0,0.0,0.0,0.0,0.0,0.0,0.0,0.0,0.0,0.0
SAU,PAK,0.0,0.0,0.0,0.0,0.0,0.0,0.0,0.0,0.0,0.0,0.0,0.0,0.0,0.0,0.0,0.0,0.0,0.0,0.0,0.0,0.0,0.0,0.0,0.0,0.0,0.0,0.0,0.0,0.0,0.0,0.0,0.0
SAU,BGD,0.0,0.0,0.0,0.0,0.0,0.0,0.0,0.0,0.0,0.0,0.0,0.0,0.0,0.0,0.0,0.0,0.0,0.0,0.0,0.0,0.0,0.0,0.0,0.0,0.0,0.0,0.0,0.0,0.0,0.0,0.0,0.0
SAU,NGA,0.0,0.0,0.0,0.0,0.0,0.0,0.0,0.0,0.0,0.0,0.0,0.0,0.0,0.0,0.0,0.0,0.0,0.0,0.0,0.0,0.0,0.0,0.0,0.0,0.0,0.0,0.0,0.0,0.0,0.0,0.0,0.0
SAU,ZAF,0.0,0.0,0.0,0.0,0.0,0.0,0.0,0.0,0.0,0.0,0.0,0.0,0.0,0.0,0.0,0.0,0.0,0.0,0.0,0.0,0.0,0.0,0.0,0.0,0.0,0.0,0.0,0.0,0.0,0.0,0.0,0.0
SAU,ETH,0.0,0.0,0.0,0.0,0.0,0.0,0.0,0.0,0.0,0.0,0.0,0.0,0.0,0.0,0.0,0.0,0.0,0.0,0.0,0.0,0.0,0.0,0.0,0.0,0.0,0.0,0.0,0.0,0.0,0.0,0.0,0.0
SAU,EGY,0.0,0.0,0.0,0.0,0.0,0.0,0.0,0.0,0.0,0.0,0.0,0.0,0.0,0.0,0.0,0.0,0.0,0.0,0.0,0.0,0.0,0.0,0.0,0.0,0.0,0.0,0.0,0.0,0.0,0.0,0.0,0.0
SAU,MAR,0.0,0.0,0.0,0.0,0.0,0.0,0.0,0.0,0.0,0.0,0.0,0.0,0.0,0.0,0.0,0.0,0.0,0.0,0.0,0.0,0.0,0.0,0.0,0.0,0.0,0.0,0.0,0.0,0.0,0.0,0.0,0.0
SAU,DZA,0.0,0.0,0.0,0.0,0.0,0.0,0.0,0.0,0.0,0.0,0.0,0.0,0.0,0.0,0.0,0.0,0.0,0.0,0.0,0.0,0.0,0.0,0.0,0.0,0.0,0.0,0.0,0.0,0.0,0.0,0.0,0.0
SAU,SAU,0.0,0.0,0.0,0.0,0.0,0.0,0.0,0.0,0.0,0.0,0.0,0.0,0.0,0.0,0.0,0.0,0.0,0.0,0.0,0.0,0.0,0.0,0.0,0.0,0.0,0.0,0.0,0.0,0.0,0.0,0.0,0.0
SAU,IRN,0.0,0.0,0.0,0.0,0.0,0.0,0.0,0.0,0.0,0.0,0.0,0.0,0.0,0.0,0.0,0.0,0.0,0.0,0.0,0.0,0.0,0.0,0.0,0.0,0.0,0.0,0.0,0.0,0.0,0.0,0.0,0.0
SAU,ROW,0.0,0.0,0.0,0.0,0.0,0.0,0.0,0.0,0.0,0.0,0.0,0.0,0.0,0.0,0.0,0.0,0.0,0.0,0.0,0.0,0.0,0.0,0.0,0.0,0.0,0.0,0.0,0.0,0.0,0.0,0.0,0.0
IRN,EU27,0.0,0.0,0.0,0.0,0.0,0.0,0.0,0.0,0.0,0.0,0.0,0.0,0.0,0.0,0.0,0.0,0.0,0.0,0.0,0.0,0.0,0.0,0.0,0.0,0.0,0.0,0.0,0.0,0.0,0.0,0.0,0.0
IRN,USA,0.0,0.0,0.0,0.0,0.0,0.0,0.0,0.0,0.0,0.0,0.0,0.0,0.0,0.0,0.0,0.0,0.0,0.0,0.0,0.0,0.0,0.0,0.0,0.0,0.0,0.0,0.0,0.0,0.0,0.0,0.0,0.0
IRN,CAN,0.0,0.0,0.0,0.0,0.0,0.0,0.0,0.0,0.0,0.0,0.0,0.0,0.0,0.0,0.0,0.0,0.0,0.0,0.0,0.0,0.0,0.0,0.0,0.0,0.0,0.0,0.0,0.0,0.0,0.0,0.0,0.0
IRN,BRA,0.0,0.0,0.0,0.0,0.0,0.0,0.0,0.0,0.0,0.0,0.0,0.0,0.0,0.0,0.0,0.0,0.0,0.0,0.0,0.0,0.0,0.0,0.0,0.0,0.0,0.0,0.0,0.0,0.0,0.0,0.0,0.0
IRN,ARG,0.0,0.0,0.0,0.0,0.0,0.0,0.0,0.0,0.0,0.0,0.0,0.0,0.0,0.0,0.0,0.0,0.0,0.0,0.0,0.0,0.0,0.0,0.0,0.0,0.0,0.0,0.0,0.0,0.0,0.0,0.0,0.0
IRN,AUS,0.0,0.0,0.0,0.0,0.0,0.0,0.0,0.0,0.0,0.0,0.0,0.0,0.0,0.0,0.0,0.0,0.0,0.0,0.0,0.0,0.0,0.0,0.0,0.0,0.0,0.0,0.0,0.0,0.0,0.0,0.0,0.0
IRN,NZL,0.0,0.0,0.0,0.0,0.0,0.0,0.0,0.0,0.0,0.0,0.0,0.0,0.0,0.0,0.0,0.0,0.0,0.0,0.0,0.0,0.0,0.0,0.0,0.0,0.0,0.0,0.0,0.0,0.0,0.0,0.0,0.0
IRN,CHN,0.0,0.0,0.0,0.0,0.0,0.0,0.0,0.0,0.0,0.0,0.0,0.0,0.0,0.0,0.0,0.0,0.0,0.0,0.0,0.0,0.0,0.0,0.0,0.0,0.0,0.0,0.0,0.0,0.0,0.0,0.0,0.0
IRN,IND,0.0,0.0,0.0,0.0,0.0,0.0,0.0,0.0,0.0,0.0,0.0,0.0,0.0,0.0,0.0,0.0,0.0,0.0,0.0,0.0,0.0,0.0,0.0,0.0,0.0,0.0,0.0,0.0,0.0,0.0,0.0,0.0
IRN,RUS,0.0,0.0,0.0,0.0,0.0,0.0,0.0,0.0,0.0,0.0,0.0,0.0,0.0,0.0,0.0,0.0,0.0,0.0,0.0,0.0,0.0,0.0,0.0,0.0,0.0,0.0,0.0,0.0,0.0,0.0,0.0,0.0
IRN,UKR,0.0,0.0,0.0,0.0,0.0,0.0,0.0,0.0,0.0,0.0,0.0,0.0,0.0,0.0,0.0,0.0,0.0,0.0,0.0,0.0,0.0,0.0,0.0,0.0,0.0,0.0,0.0,0.0,0.0,0.0,0.0,0.0
IRN,TUR,0.0,0.0,0.0,0.0,0.0,0.0,0.0,0.0,0.0,0.0,0.0,0.0,0.0,0.0,0.0,0.0,0.0,0.0,0.0,0.0,0.0,0.0,0.0,0.0,0.0,0.0,0.0,0.0,0.0,0.0,0.0,0.0
IRN,MEX,0.0,0.0,0.0,0.0,0.0,0.0,0.0,0.0,0.0,0.0,0.0,0.0,0.0,0.0,0.0,0.0,0.0,0.0,0.0,0.0,0.0,0.0,0.0,0.0,0.0,0.0,0.0,0.0,0.0,0.0,0.0,0.0
IRN,IDN,0.0,0.0,0.0,0.0,0.0,0.0,0.0,0.0,0.0,0.0,0.0,0.0,0.0,0.0,0.0,0.0,0.0,0.0,0.0,0.0,0.0,0.0,0.0,0.0,0.0,0.0,0.0,0.0,0.0,0.0,0.0,0.0
IRN,JPN,0.0,0.0,0.0,0.0,0.0,0.0,0.0,0.0,0.0,0.0,0.0,0.0,0.0,0.0,0.0,0.0,0.0,0.0,0.0,0.0,0.0,0.0,0.0,0.0,0.0,0.0,0.0,0.0,0.0,0.0,0.0,0.0
IRN,KOR,0.0,0.0,0.0,0.0,0.0,0.0,0.0,0.0,0.0,0.0,0.0,0.0,0.0,0.0,0.0,0.0,0.0,0.0,0.0,0.0,0.0,0.0,0.0,0.0,0.0,0.0,0.0,0.0,0.0,0.0,0.0,0.0
IRN,THA,0.0,0.0,0.0,0.0,0.0,0.0,0.0,0.0,0.0,0.0,0.0,0.0,0.0,0.0,0.0,0.0,0.0,0.0,0.0,0.0,0.0,0.0,0.0,0.0,0.0,0.0,0.0,0.0,0.0,0.0,0.0,0.0
IRN,VNM,0.0,0.0,0.0,0.0,0.0,0.0,0.0,0.0,0.0,0.0,0.0,0.0,0.0,0.0,0.0,0.0,0.0,0.0,0.0,0.0,0.0,0.0,0.0,0.0,0.0,0.0,0.0,0.0,0.0,0.0,0.0,0.0
IRN,PAK,0.0,0.0,0.0,0.0,0.0,0.0,0.0,0.0,0.0,0.0,0.0,0.0,0.0,0.0,0.0,0.0,0.0,0.0,0.0,0.0,0.0,0.0,0.0,0.0,0.0,0.0,0.0,0.0,0.0,0.0,0.0,0.0
IRN,BGD,0.0,0.0,0.0,0.0,0.0,0.0,0.0,0.0,0.0,0.0,0.0,0.0,0.0,0.0,0.0,0.0,0.0,0.0,0.0,0.0,0.0,0.0,0.0,0.0,0.0,0.0,0.0,0.0,0.0,0.0,0.0,0.0
IRN,NGA,0.0,0.0,0.0,0.0,0.0,0.0,0.0,0.0,0.0,0.0,0.0,0.0,0.0,0.0,0.0,0.0,0.0,0.0,0.0,0.0,0.0,0.0,0.0,0.0,0.0,0.0,0.0,0.0,0.0,0.0,0.0,0.0
IRN,ZAF,0.0,0.0,0.0,0.0,0.0,0.0,0.0,0.0,0.0,0.0,0.0,0.0,0.0,0.0,0.0,0.0,0.0,0.0,0.0,0.0,0.0,0.0,0.0,0.0,0.0,0.0,0.0,0.0,0.0,0.0,0.0,0.0
IRN,ETH,0.0,0.0,0.0,0.0,0.0,0.0,0.0,0.0,0.0,0.0,0.0,0.0,0.0,0.0,0.0,0.0,0.0,0.0,0.0,0.0,0.0,0.0,0.0,0.0,0.0,0.0,0.0,0.0,0.0,0.0,0.0,0.0
IRN,EGY,0.0,0.0,0.0,0.0,0.0,0.0,0.0,0.0,0.0,0.0,0.0,0.0,0.0,0.0,0.0,0.0,0.0,0.0,0.0,0.0,0.0,0.0,0.0,0.0,0.0,0.0,0.0,0.0,0.0,0.0,0.0,0.0
IRN,MAR,0.0,0.0,0.0,0.0,0.0,0.0,0.0,0.0,0.0,0.0,0.0,0.0,0.0,0.0,0.0,0.0,0.0,0.0,0.0,0.0,0.0,0.0,0.0,0.0,0.0,0.0,0.0,0.0,0.0,0.0,0.0,0.0
IRN,DZA,0.0,0.0,0.0,0.0,0.0,0.0,0.0,0.0,0.0,0.0,0.0,0.0,0.0,0.0,0.0,0.0,0.0,0.0,0.0,0.0,0.0,0.0,0.0,0.0,0.0,0.0,0.0,0.0,0.0,0.0,0.0,0.0
IRN,SAU,0.0,0.0,0.0,0.0,0.0,0.0,0.0,0.0,0.0,0.0,0.0,0.0,0.0,0.0,0.0,0.0,0.0,0.0,0.0,0.0,0.0,0.0,0.0,0.0,0.0,0.0,0.0,0.0,0.0,0.0,0.0,0.0
IRN,IRN,0.0,0.0,0.0,0.0,0.0,0.0,0.0,0.0,0.0,0.0,0.0,0.0,0.0,0.0,0.0,0.0,0.0,0.0,0.0,0.0,0.0,0.0,0.0,0.0,0.0,0.0,0.0,0.0,0.0,0.0,0.0,0.0
IRN,ROW,0.0,0.0,0.0,0.0,0.0,0.0,0.0,0.0,0.0,0.0,0.0,0.0,0.0,0.0,0.0,0.0,0.0,0.0,0.0,0.0,0.0,0.0,0.0,0.0,0.0,0.0,0.0,0.0,0.0,0.0,0.0,0.0
ROW,EU27,0.0,0.0,0.0,0.0,0.0,0.0,0.0,0.0,0.0,0.0,0.0,0.0,0.0,0.0,0.0,0.0,0.0,0.0,0.0,0.0,0.0,0.0,0.0,0.0,0.0,0.0,0.0,0.0,0.0,0.0,0.0,0.0
ROW,USA,0.0,0.0,0.0,0.0,0.0,0.0,0.0,0.0,0.0,0.0,0.0,0.0,0.0,0.0,0.0,0.0,0.0,0.0,0.0,0.0,0.0,0.0,0.0,0.0,0.0,0.0,0.0,0.0,0.0,0.0,0.0,0.0
ROW,CAN,0.0,0.0,0.0,0.0,0.0,0.0,0.0,0.0,0.0,0.0,0.0,0.0,0.0,0.0,0.0,0.0,0.0,0.0,0.0,0.0,0.0,0.0,0.0,0.0,0.0,0.0,0.0,0.0,0.0,0.0,0.0,0.0
ROW,BRA,0.0,0.0,0.0,0.0,0.0,0.0,0.0,0.0,0.0,0.0,0.0,0.0,0.0,0.0,0.0,0.0,0.0,0.0,0.0,0.0,0.0,0.0,0.0,0.0,0.0,0.0,0.0,0.0,0.0,0.0,0.0,0.0
ROW,ARG,0.0,0.0,0.0,0.0,0.0,0.0,0.0,0.0,0.0,0.0,0.0,0.0,0.0,0.0,0.0,0.0,0.0,0.0,0.0,0.0,0.0,0.0,0.0,0.0,0.0,0.0,0.0,0.0,0.0,0.0,0.0,0.0
ROW,AUS,0.0,0.0,0.0,0.0,0.0,0.0,0.0,0.0,0.0,0.0,0.0,0.0,0.0,0.0,0.0,0.0,0.0,0.0,0.0,0.0,0.0,0.0,0.0,0.0,0.0,0.0,0.0,0.0,0.0,0.0,0.0,0.0
ROW,NZL,0.0,0.0,0.0,0.0,0.0,0.0,0.0,0.0,0.0,0.0,0.0,0.0,0.0,0.0,0.0,0.0,0.0,0.0,0.0,0.0,0.0,0.0,0.0,0.0,0.0,0.0,0.0,0.0,0.0,0.0,0.0,0.0
ROW,CHN,0.0,0.0,0.0,0.0,0.0,0.0,0.0,0.0,0.0,0.0,0.0,0.0,0.0,0.0,0.0,0.0,0.0,0.0,0.0,0.0,0.0,0.0,0.0,0.0,0.0,0.0,0.0,0.0,0.0,0.0,0.0,0.0
ROW,IND,0.0,0.0,0.0,0.0,0.0,0.0,0.0,0.0,0.0,0.0,0.0,0.0,0.0,0.0,0.0,0.0,0.0,0.0,0.0,0.0,0.0,0.0,0.0,0.0,0.0,0.0,0.0,0.0,0.0,0.0,0.0,0.0
ROW,RUS,0.0,0.0,0.0,0.0,0.0,0.0,0.0,0.0,0.0,0.0,0.0,0.0,0.0,0.0,0.0,0.0,0.0,0.0,0.0,0.0,0.0,0.0,0.0,0.0,0.0,0.0,0.0,0.0,0.0,0.0,0.0,0.0
ROW,UKR,0.0,0.0,0.0,0.0,0.0,0.0,0.0,0.0,0.0,0.0,0.0,0.0,0.0,0.0,0.0,0.0,0.0,0.0,0.0,0.0,0.0,0.0,0.0,0.0,0.0,0.0,0.0,0.0,0.0,0.0,0.0,0.0
ROW,TUR,0.0,0.0,0.0,0.0,0.0,0.0,0.0,0.0,0.0,0.0,0.0,0.0,0.0,0.0,0.0,0.0,0.0,0.0,0.0,0.0,0.0,0.0,0.0,0.0,0.0,0.0,0.0,0.0,0.0,0.0,0.0,0.0
ROW,MEX,0.0,0.0,0.0,0.0,0.0,0.0,0.0,0.0,0.0,0.0,0.0,0.0,0.0,0.0,0.0,0.0,0.0,0.0,0.0,0.0,0.0,0.0,0.0,0.0,0.0,0.0,0.0,0.0,0.0,0.0,0.0,0.0
ROW,IDN,0.0,0.0,0.0,0.0,0.0,0.0,0.0,0.0,0.0,0.0,0.0,0.0,0.0,0.0,0.0,0.0,0.0,0.0,0.0,0.0,0.0,0.0,0.0,0.0,0.0,0.0,0.0,0.0,0.0,0.0,0.0,0.0
ROW,JPN,0.0,0.0,0.0,0.0,0.0,0.0,0.0,0.0,0.0,0.0,0.0,0.0,0.0,0.0,0.0,0.0,0.0,0.0,0.0,0.0,0.0,0.0,0.0,0.0,0.0,0.0,0.0,0.0,0.0,0.0,0.0,0.0
ROW,KOR,0.0,0.0,0.0,0.0,0.0,0.0,0.0,0.0,0.0,0.0,0.0,0.0,0.0,0.0,0.0,0.0,0.0,0.0,0.0,0.0,0.0,0.0,0.0,0.0,0.0,0.0,0.0,0.0,0.0,0.0,0.0,0.0
ROW,THA,0.0,0.0,0.0,0.0,0.0,0.0,0.0,0.0,0.0,0.0,0.0,0.0,0.0,0.0,0.0,0.0,0.0,0.0,0.0,0.0,0.0,0.0,0.0,0.0,0.0,0.0,0.0,0.0,0.0,0.0,0.0,0.0
ROW,VNM,0.0,0.0,0.0,0.0,0.0,0.0,0.0,0.0,0.0,0.0,0.0,0.0,0.0,0.0,0.0,0.0,0.0,0.0,0.0,0.0,0.0,0.0,0.0,0.0,0.0,0.0,0.0,0.0,0.0,0.0,0.0,0.0
ROW,PAK,0.0,0.0,0.0,0.0,0.0,0.0,0.0,0.0,0.0,0.0,0.0,0.0,0.0,0.0,0.0,0.0,0.0,0.0,0.0,0.0,0.0,0.0,0.0,0.0,0.0,0.0,0.0,0.0,0.0,0.0,0.0,0.0
ROW,BGD,0.0,0.0,0.0,0.0,0.0,0.0,0.0,0.0,0.0,0.0,0.0,0.0,0.0,0.0,0.0,0.0,0.0,0.0,0.0,0.0,0.0,0.0,0.0,0.0,0.0,0.0,0.0,0.0,0.0,0.0,0.0,0.0
ROW,NGA,0.0,0.0,0.0,0.0,0.0,0.0,0.0,0.0,0.0,0.0,0.0,0.0,0.0,0.0,0.0,0.0,0.0,0.0,0.0,0.0,0.0,0.0,0.0,0.0,0.0,0.0,0.0,0.0,0.0,0.0,0.0,0.0
ROW,ZAF,0.0,0.0,0.0,0.0,0.0,0.0,0.0,0.0,0.0,0.0,0.0,0.0,0.0,0.0,0.0,0.0,0.0,0.0,0.0,0.0,0.0,0.0,0.0,0.0,0.0,0.0,0.0,0.0,0.0,0.0,0.0,0.0
ROW,ETH,0.0,0.0,0.0,0.0,0.0,0.0,0.0,0.0,0.0,0.0,0.0,0.0,0.0,0.0,0.0,0.0,0.0,0.0,0.0,0.0,0.0,0.0,0.0,0.0,0.0,0.0,0.0,0.0,0.0,0.0,0.0,0.0
ROW,EGY,0.0,0.0,0.0,0.0,0.0,0.0,0.0,0.0,0.0,0.0,0.0,0.0,0.0,0.0,0.0,0.0,0.0,0.0,0.0,0.0,0.0,0.0,0.0,0.0,0.0,0.0,0.0,0.0,0.0,0.0,0.0,0.0
ROW,MAR,0.0,0.0,0.0,0.0,0.0,0.0,0.0,0.0,0.0,0.0,0.0,0.0,0.0,0.0,0.0,0.0,0.0,0.0,0.0,0.0,0.0,0.0,0.0,0.0,0.0,0.0,0.0,0.0,0.0,0.0,0.0,0.0
ROW,DZA,0.0,0.0,0.0,0.0,0.0,0.0,0.0,0.0,0.0,0.0,0.0,0.0,0.0,0.0,0.0,0.0,0.0,0.0,0.0,0.0,0.0,0.0,0.0,0.0,0.0,0.0,0.0,0.0,0.0,0.0,0.0,0.0
ROW,SAU,0.0,0.0,0.0,0.0,0.0,0.0,0.0,0.0,0.0,0.0,0.0,0.0,0.0,0.0,0.0,0.0,0.0,0.0,0.0,0.0,0.0,0.0,0.0,0.0,0.0,0.0,0.0,0.0,0.0,0.0,0.0,0.0
ROW,IRN,0.0,0.0,0.0,0.0,0.0,0.0,0.0,0.0,0.0,0.0,0.0,0.0,0.0,0.0,0.0,0.0,0.0,0.0,0.0,0.0,0.0,0.0,0.0,0.0,0.0,0.0,0.0,0.0,0.0,0.0,0.0,0.0
ROW,ROW,0.0,0.0,0.0,0.0,0.0,0.0,0.0,0.0,0.0,0.0,0.0,0.0,0.0,0.0,0.0,0.0,0.0,0.0,0.0,0.0,0.0,0.0,0.0,0.0,0.0,0.0,0.0,0.0,0.0,0.0,0.0,0.0
