exporter,importer,SWHE,DWHE,BARL,CORN,OCER,RAPE,SUNF,SOYA,OOIL,SUGB,SUGR,POTA,PULS,TOMA,OVEG,APPL,OFRU,CITR,WINE,OLIV,MILK,BUTR,SKIM,CHES,WHEY,BEEF,PORK,POUL,SHGM,EGGS,FATS,OFOD_M,RAPO,SUNO,SOYO,RAPC,SUNC,SOYC
ARG,ARG,4759.60424820837,0.0,786.438659106429,19767.3623746853,1951.15275083271,34.1459779824384,3272.34440391376,45173.4649494079,0.0,0.0,2240.7175622999,1970.4332291202,114.896477708067,624.874261591654,2691.02907074672,374.221046005651,633.609005069318,2151.7466297236,1022.88847889386,0.0,0.0,28.9698635738383,17.6664100330777,414.60071541157,11.9505519383227,2499.07672865189,558.936056636206,1939.43131003221,56.7813665816487,736.552072937401,0.0,0.0,0.0,926.565619310191,5267.25260748612,0.0,281.979420491745,3039.90637415739
ARG,AUS,0.0,0.0,0.0,0.0,2.98617901023369,0.0,0.0,0.0,0.0,0.0,0.0,0.0,0.0,0.0,0.0,0.0,0.0,1.25352993880833,1.06983388496877,0.0,0.0,0.0,0.0,0.0,0.0,0.0,0.0,0.0,0.0,0.0,0.0,0.0,0.0,16.3220169331773,17.1137736991065,0.0,0.0,1298.60695820434
ARG,BGD,356.768337780237,0.0,0.0,77.5434893444673,0.0,0.0,0.0,0.0,0.0,0.0,0.0,0.0,0.0,0.0,0.0,0.0,0.0,0.0,0.0,0.0,0.0,0.0,0.0,0.0,0.0,0.0,0.0,0.0,0.0,0.0,0.0,0.0,0.0,0.0,236.7275138601,0.0,0.0,0.0
ARG,BRA,6118.96401346209,0.0,1143.01441676342,637.503061471703,177.939614920234,0.11518471161793,5.94762270832161,0.0,0.0,0.0,0.0,349.354924775474,172.280348037455,1.61032340366522,85.029475877126,18.3706951556278,137.582834596106,4.38918514052458,11.2570020868382,0.0,0.0,1.46273154271412,16.5036576625797,12.6508969905792,17.6174164416478,8.22627918191315,0.0,2.17773144344713,0.000283407410064982,0.147634288538434,0.0,0.0,0.0,85.2312847631177,921.107554703171,0.0,0.0,0.0
ARG,CAN,0.0,0.0,0.0,0.0,0.0,0.0,0.3404127111601,0.0,0.0,0.0,0.0,0.0,4.10753871408063,0.0,0.0,0.0,11.9892296185054,3.79651335666073,19.9005026266476,0.0,0.0,0.0,0.0,0.335804687316942,0.0,0.0,0.0,0.0,0.0,0.0,0.0,0.0,0.0,0.0,0.0,0.0,0.0,0.0
ARG,CHN,0.0,0.0,114.950741370026,0.0,0.0,0.0,0.0,5685.36954899401,0.0,0.0,0.0,2.1021340876824,0.0,0.0,0.0,0.0,0.0,0.0,5.85450540597359,0.0,0.0,0.0,0.318742950627767,7.87706552812062,17.5766939077315,146.58216421374,1.07820127796738,61.0582319161366,0.0,0.0,0.0,0.0,0.0,49.1259786835372,58.3546637322945,0.0,0.0,0.0
ARG,ETH,0.0,0.0,0.0,0.298789966783191,0.0,0.0,0.0,0.0,0.0,0.0,0.0,0.0,0.0,0.0,0.0,0.0,0.0,0.0,0.0,0.0,0.0,0.0,0.0,0.0,0.0,0.0,0.0,0.0,0.0,0.0,0.0,0.0,0.0,0.0590038707686623,0.0,0.0,0.0,0.0
ARG,EU27,4.09052678544315,0.0,0.0,83.076714219758,0.0,1.65426646039739,25.8424070661463,0.0,0.0,0.0,0.0002,0.0,106.965419019104,0.0,8.94235702051316,16.9136306623296,110.866739631581,509.496033338854,39.8250502766016,0.0,0.0,0.0,0.0,0.0,0.0,36.4069909260271,0.0,3.76113113311097,0.20508432912411,0.0001,0.0,0.0,0.0,26.331841018126,3.14560606733405,0.0,591.264348974355,12930.6038825427
ARG,IDN,68.7871189276194,0.0,0.0,608.005991896343,0.0,0.0,0.0,0.0,0.0,0.0,7.13701261347322,0.0,0.0,0.0,0.0,0.0,0.0,3.49858394117154,0.06907568395786,0.0,0.0,0.098180032834198,0.0,0.214938490039857,4.18065506330444,0.0,0.0,0.0,0.0,0.0,0.0,0.0,0.0,0.0,0.0,0.0,0.0,221.09229345015
ARG,IND,0.0,0.0,67.5237352804685,1.17838908387502,0.0,0.0637918548384911,0.0,0.0,0.0,0.0,0.0,0.0,23.132124247641,0.0,0.0,0.0,0.0,3.20304604121655,0.0993735112746721,0.0,0.0,0.0,0.0,0.0,0.0,0.0,0.0,0.0,0.0,0.0,0.0,0.0,0.0,8.69406068622399,974.713626463015,0.0,4.90149476458216,0.0
ARG,JPN,0.0,0.0,0.0,0.0,275.586617043793,0.0,0.0,0.0,0.0,0.0,0.0,0.0,0.0,0.0,0.0,0.0,0.0,0.0,4.19922363158063,0.0,0.0,0.0624092175519362,0.0,2.09744571099882,1.28385057666498,0.0,0.0,0.0,0.0,0.12730943462077,0.0,0.0,0.0,2.20193280429017,0.0,0.0,0.0,52.0005002938319
ARG,KOR,155.449528510706,0.0,0.0,1480.80974409354,0.0,0.0,0.0,0.0,0.0,0.0,0.0,0.0,0.0,0.0,0.0,0.0,0.0,0.0,0.845268714869177,0.0,0.0,0.0,0.0,0.0,0.0,0.0,0.0,0.0,0.0,0.0,0.0,0.0,0.0,1.35452976458135,8.97844294648108,0.0,0.0,0.0
ARG,MAR,144.86241799996,0.0,32.2239818977157,1119.15040835096,0.0,0.0,0.428524792865749,2.18637715442416,0.0,0.0,0.0,0.0,0.0,0.0,0.0,1.2107608590819e-05,0.0,0.187127140802474,0.0,0.0,0.0,0.0,0.0,0.0,0.0,0.286268410335453,0.0,0.0,0.0,0.0,0.0,0.0,0.0,0.0,134.157781827019,0.0,0.0,57.6943982840318
ARG,MEX,0.0,0.0,0.0,0.0,0.0,0.0,22.9133749214316,0.0,0.0,0.0,0.0,0.0,4.1117910489222,0.0,1.58575433387161,2.49233568845385,5.0758466556376,13.8957320068754,5.93519017795789,0.0,0.0,0.0,0.0,0.0,0.0,0.0,0.0,0.0,0.0,0.330460071063333,0.0,0.0,0.0,58.8017358893614,0.0,0.0,0.0,43.8000476294915
ARG,NGA,110.786784009168,0.0,0.0,205.38846521104,0.0,0.0,0.0,0.0,0.0,0.0,0.0,0.0,0.0,0.0,0.0,0.0,0.0,0.0,0.0,0.0,0.0,0.0,0.0,0.0,0.107098853221682,0.0,0.0,0.0,0.0,0.0,0.0,0.0,0.0,0.0,0.591137812959661,0.0,0.0,0.0
ARG,NZL,26.3453791584789,0.0,0.0,0.0,0.0,0.0,0.0359980281212273,0.0,0.0,0.0,0.0,0.0,0.139743254748475,0.0,0.0,0.0,0.0,0.389771904568254,0.0,0.0,0.0,0.0,0.0,0.0,0.0,0.0,0.0,0.0,0.0,0.0,0.0,0.0,0.0,4.47206420233795,0.0,0.0,2.14119047344065,454.651579332272
ARG,PAK,0.0,0.0,0.0,1.48737556793844,69.8768563372507,0.0,0.0,0.0,0.0,0.0,0.0,0.0,3.02428116053851,0.0,0.0,0.0,0.0,0.0,0.0,0.0,0.0,0.0,0.0,0.0,0.0,0.0,0.0,0.0,0.0,0.0,0.0,0.0,0.0,0.0,5.58011225068331,0.0,5.98019418811795,352.480320675533
ARG,ROW,3602.1453243131423,0.0,2023.0957586537693,18573.85559038168,322.03626691383795,0.9999079249647561,13.688399280090133,413.6232331857919,0.0,0.0,11.602269008763983,108.15968079685251,230.91679865833646,16.689938476379425,44.32668973617497,22.98761526792921,57.46266416962449,110.05647299688877,57.99890572616564,0.0,0.0,0.9794440714066837,1.056638504920363,30.399850054004958,4.430433608902691,35.59952303743912,0.9220110666029779,62.921667976231106,0.20702267402000382,1.8778159970417598,0.0,0.0,0.0,124.08601485641026,746.3556827665204,0.0,840.5461570586211,15824.283150848278
ARG,RUS,0.0,0.0,0.0,0.0,0.0,0.0,3.49996503276199,29.0775347478641,0.0,0.0,0.0,0.0,0.650416241962178,0.0,13.4705123014911,1.15673282352315,72.6675335319128,5.82371093562572,8.23760475153142,0.0,0.0,2.5601349187267,2.90140211234478,0.835782863377718,3.92972734641695,0.0,3.34582161367517,7.46294920277177,6.24940694862309e-06,0.0,0.0,0.0,0.0,0.143330967827269,0.0,0.0,0.0,232.556846190107
ARG,THA,654.83033202453,0.0,0.0,0.0,0.0,0.0,0.0,0.0,0.0,0.0,0.0,0.0,0.809899076613543,0.0,0.0,0.0,0.0,0.0,0.0,0.0,0.0,0.0,0.0,0.191023044108125,0.0,0.0,0.0,0.0,0.0,0.0,0.0,0.0,0.0,0.0,0.0,0.0,0.0,0.0
ARG,TUR,0.0,0.0,0.0,0.0,0.0,0.0,8.69308100635129,22.6585035810162,0.0,0.0,0.0,0.0,27.4111145877686,0.0,0.0,0.0,0.0,1.18731407104296,0.0,0.0,0.0,0.0,0.0,0.0,0.0,0.0,0.0,0.0,0.0,0.0,0.0,0.0,0.0,0.0,1.03549381940313,0.0,0.0,1247.44592526139
ARG,UKR,0.0,0.0,0.0,0.0,0.0,0.0,0.360867854776479,0.0,0.0,0.0,0.0,0.0,0.318062610323421,0.0,0.0,0.0,0.0,0.936216245992042,0.0,0.0,0.0,0.0,0.0,0.0,0.0,0.0,0.0,0.0,0.0,0.0,0.0,0.0,0.0,0.0,0.0,0.0,0.0,0.0
ARG,USA,42.1141221490854,0.0,0.0,0.0,21.3774874857354,2.94252069342051,9.73358543947946,69.9260020065783,0.0,0.0,4.24214310344302,0.0,22.6569729543583,0.0,12.7496644582747,70.8577822858695,111.321886379459,385.031506149124,69.237766613532,0.0,0.0,0.0,0.0,0.433512606877078,0.0,0.0,0.0,0.0,0.0,0.758618450123972,0.0,0.0,0.0,7.77754417164097,0.0,0.0,0.810307564370224,3.94170916703981
ARG,VNM,53.0857463502971,0.0,29.9989104177854,2134.71683395685,0.0836025749092537,0.0,0.0,0.0,0.0,0.0,0.0,0.0,0.0,0.0,0.0,0.0,0.0,0.0,0.129708459682773,0.0,0.0,0.0,0.0,0.0451913268063111,0.653663401154251,0.0,0.0061225632394392,0.0,0.0,0.0,0.0,0.0,0.0,0.0,1.27218719437704,0.0,0.0,303.125675365753
ARG,ZAF,103.920413247785,0.0,2.66566830298696,1308.7178308224,0.0,0.0,0.445065766966107,0.0,0.0,0.0,0.0,5.02654850739819,0.0,0.0,0.0,0.0,0.0,2.98518097656209,4.97485613888632,0.0,0.0,0.0,0.0,0.0,0.488582886977489,0.0,0.0,26.1939638525097,0.0,0.0278590104634584,0.0,0.0,0.0,1.69783247650772,13.8751395769902,0.0,66.7771231292446,795.570256064862
AUS,ARG,0.0,0.0,0.0,0.0,0.0,0.137985694165488,0.0,0.0,0.0,0.0,0.0,0.0,0.0,0.0,0.0,0.0,0.0,0.0,0.0,0.0,0.0,0.0,0.0,0.0,0.0,0.0,0.0,0.0,0.0,0.0,0.0,0.0,0.0,0.0,0.0,0.0,0.0,0.0
AUS,AUS,10958.67642041,0.0,2434.61084420225,435.904210276686,769.558373299498,1331.75013063953,21.3215831533259,100.0,0.0,0.0,1139.25927122421,1044.03705596852,1081.75763356847,289.944948212145,1611.21433331022,280.802522166751,877.816438390264,258.82012081088,399.663644731977,0.0,0.0,83.8522897498664,68.8663033616234,195.673495497165,61.5269782990774,732.066033922033,284.312876350761,1210.02318350749,269.152823633506,197.3712806681,0.0,0.0,289.171647467393,9.74296963134712,0.679168720656623,577.991701344534,14.8100972208613,100.0
AUS,BGD,277.103282609788,0.0,0.0,0.00109940506215788,0.0,0.0,0.0,0.0,0.0,0.0,0.0,0.0,261.60748623221,0.0,0.0,0.0,0.0,1.76130582913342,0.0,0.0,0.0,0.268074100948274,2.20582003813197,0.240871805629446,0.410643034069066,0.0,0.0,0.0,0.069077672718051,0.0,0.0,0.0,0.0300265456437518,0.0,0.0,0.0,0.0,0.0
AUS,BRA,0.0,0.0,0.0,0.0,0.0,0.0,0.0,0.0,0.0,0.0,0.0,0.0,0.0,0.0,0.0,0.0,0.0,0.0,0.610930483007384,0.0,0.0,0.0,0.0,0.0,0.0,1.81855042313644,0.0,0.0,0.00251645351993487,0.0,0.0,0.0,0.0,0.0,0.0,0.0,0.0,0.0
AUS,CAN,0.0,0.0,0.0,0.00113030363370473,0.0,0.0,0.0,0.0,0.0,0.0,0.0,0.0,9.85464975355935,0.0,0.0,0.0,2.2152017161757,0.0,68.5069447876929,0.0,0.0,0.0,0.0,0.0,0.125916553688387,27.1598452255359,0.0,0.0,10.248282538062,0.0,0.0,0.0,5.26839131093314,0.0,0.0,0.0,0.0,0.0
AUS,CHN,123.603064935373,0.0,4175.21942655752,0.130628260490905,1103.16442019642,0.0,0.0203983137291818,0.0100167515322557,0.0,0.0,0.0,3.40838410929274,31.4676515409409,0.191021380889665,10.806127105421,3.13190827302585,44.2866749769594,120.342870068936,175.381938319162,0.0,0.0,3.2982457430334,28.5776559535301,25.4642802214984,7.09488516067774,91.3343649731515,1.97349572974429,3.60542581561387,190.466050138968,0.746513637491081,0.0,0.0,46.4811499004771,0.0717220831610594,0.0,63.2206922828987,0.0,0.0
AUS,ETH,0.0,0.0,2.64289022915639,7.46804497366122e-05,0.0,0.0,0.0,0.0,0.0,0.0,0.0,0.0,0.0,0.0,0.0,0.0,0.0,0.0,0.0,0.0,0.0,0.0,0.0,0.00661444143683258,0.0,0.0,0.0,0.0,0.0,0.0,0.0,0.0,0.0,0.0,0.0,0.0,0.0,0.0
AUS,EU27,20.6894185443687,0.0,0.0,0.328789803473759,0.0002,1273.50624144054,0.0,0.0,0.0,0.0,1.00658944035815,0.0,0.0,2.04434643721274,13.3985529215573,0.489048502751555,5.47589028262223,0.0,103.682074222784,0.0,0.0,0.0,0.0,1.50380388060398,0.0,15.6308453067892,0.843243863547406,0.0,6.5784194298796,0.0001,0.0,0.0,0.0,0.0,0.0,0.0,0.0,0.0
AUS,IDN,4136.3463402806,0.0,5.39310978460725,0.113379433474334,0.297165682471813,0.0758317746561727,0.0746123647128303,0.0,0.0,0.0,166.827138944489,5.82391446591159,20.7492346813291,0.0,2.97813842130941,0.0,4.55544056148665,9.78376231450208,0.0853235998334198,0.0,0.0,0.801170829580688,45.8615765061001,5.01590903476571,8.45166153850886,81.6592881198717,0.0,0.000454235401052824,0.27109542333997,0.0,0.0,0.0,8.45529447163127,0.0685253508009273,67.3010716220738,1.45583321437433,0.0,0.0
AUS,IND,974.099372117998,0.0,5.31236426493325,0.0,0.0,0.0,0.0,0.0,0.0,0.0,0.0,0.0,1243.22043799155,0.411225102946122,0.0,0.13548089291035,24.1224841933642,2.72217064962732,0.352620715659739,0.0,0.0,0.0,0.0,0.0677816461517728,0.0,2.16207695017902e-05,0.0,0.0,3.26654528366146e-05,0.0,0.0,0.0,0.0,0.0,0.0,0.0,0.0,0.0
AUS,JPN,808.304380348011,0.0,1180.48140788017,0.0877406007399551,0.389907865965066,0.0,0.0078517993033193,0.0,0.0,0.0,1169.22134112264,0.0,34.6535615564507,0.455883905934816,14.6961264082072,2.16667747243918,9.89535974816813,38.8929398128442,15.2989524896551,0.0,0.0,0.340962479529768,14.4946779052035,95.6318923178627,7.26005061200827,361.421332797616,10.6374193713594,1.31008021338539,8.73406423492791,0.157656784481373,0.0,0.0,12.111120532745,0.0,0.0,0.0,0.0,0.0
AUS,KOR,106.380792454556,0.0,215.514527556262,4.98044244866937,0.0,34.4364175967271,0.0,0.0984572701197223,0.0,0.0,1057.9277109998,19.177471575839,0.775509478507677,0.0,0.0,0.214354523362099,1.9113107164013,5.7625459343334,3.24673363289283,0.0,0.0,1.53722232884852,1.93225313557023,7.23742412580423,0.882931857346223,315.768302701414,0.742799273283668,1.36764025017391,13.0186550883854,0.0,0.0,0.0,51.2974084923174,0.0,0.0,18.398282380423,0.0,0.0
AUS,MAR,0.0,0.0,0.0,0.0,0.0,0.0,0.0,0.0,0.0,0.0,0.0,0.0,0.0,0.0,0.0,0.0,0.0,0.0,0.0,0.0,0.0,0.194825034325931,0.0,0.0,0.0,0.0453193882474847,6.55674878464883e-05,0.0,0.0959048326549581,0.0,0.0,0.0,0.0,0.0,0.0,0.0,0.0,0.0
AUS,MEX,0.0,0.0,0.0,0.00130939002031646,0.0,0.0,0.0,0.0,0.0,0.0,0.0,0.0,0.0,0.0,0.0,0.0,0.0,0.0,0.0,0.0,0.0,0.0,0.0,0.0,0.0,0.0,0.0,0.0,5.16865278305411,0.0,0.0,0.0,0.797464149379276,0.0,0.0,0.0,0.0,0.0
AUS,NGA,424.103422398402,0.0,0.0,0.0,0.0,0.0,0.0,0.0,0.0,0.0,0.0,0.0,0.0102425145430751,0.0,0.0,0.0,0.0,0.0,0.0,0.0,0.0,0.0,0.0,0.0,0.0,0.0,0.0,0.0,0.0,0.0,0.0,0.0,0.0,0.0,0.0,0.0,0.0,0.0
AUS,NZL,657.507342912706,0.0,26.2103603880595,0.337002573290871,0.705990679734325,70.8886612841118,0.173563787467882,0.337948775013426,0.0,0.0,192.454330154777,13.2287528464543,2.20633427854299,3.69459548274175,6.48469665780211,1.50529458821274,32.7917715162052,17.7941472387853,33.752872441093,0.0,0.0,0.519089856637359,1.72351927399575,3.70417998929478,0.538441632414522,9.57249232194781,3.91471689228497,0.0671625816790492,2.36967971242267,0.888484596689331,0.0,0.0,26.6587948232712,0.86320886173651,0.0,36.4069965175848,0.0,0.0
AUS,PAK,0.0,0.0,0.93940514201101,0.00227815592338576,0.0,0.0,0.542720140380991,0.0,0.0,0.0,0.0,0.0,197.394248703392,0.0,0.0,0.0,0.0,0.0,0.0,0.0,0.0,0.0144555617734745,0.0,0.0,0.0,0.00117103854089847,0.0,0.00277853106039261,0.00051567952822085,0.0,0.0,0.0,0.0,0.0,0.0,0.0,0.0,0.0
AUS,ROW,3972.6745457405714,0.0,2277.72230014413,1.2817612029581134,18.92457749550011,61.264023425238136,0.2815037439676636,0.2523887624319259,0.0,0.0,240.7298723053325,13.855309858872307,461.21691615900374,2.54022388424296,128.53653577556938,8.509473035384904,46.98953443737054,57.64702777958044,282.37980034751746,0.0,0.0,11.282544071255035,38.86880760687095,44.758128965633745,5.82319471110191,118.44943298079511,8.325948490448425,24.61577871596624,154.87544474175579,0.42930241825475207,0.0,0.0,16.73109282987195,0.6331966389547177,0.0,0.0,0.0435159885600066,166.69238694270328
AUS,RUS,0.0,0.0,0.0,0.0,0.0,0.0,0.0,0.0,0.0,0.0,0.0,0.0,0.0,0.0,0.0,0.0,0.0,0.0,36.0654361883539,0.0,0.0,0.0,0.0,0.0,0.0,0.0,0.0,0.0,0.108073469007043,0.0,0.0,0.0,0.0,0.0,0.0,0.0,0.0,0.0
AUS,THA,522.310642135848,0.0,119.131369259372,0.00112171397214531,0.218795486285017,0.0,0.902348564220428,0.0,0.0,0.0,0.0,2.34958736171812,6.12397871948328,8.64523326509987,6.63686976334167,0.0,2.66683060766977,9.98957407357323,0.0,0.0,0.0,3.06604643476714,9.4314745570726,4.11083288707908,3.70909097628127,6.79770922842559,0.0,0.0679341808851654,0.723263967411003,0.134827495737733,0.0,0.0,0.800138238682153,0.813303735759031,0.0,0.0,0.0,0.0
AUS,TUR,0.0,0.0,0.0,0.0,0.0,0.0,0.0,0.0,0.0,0.0,0.0,0.0,27.8765920919323,0.0,0.0,0.237192272102795,0.0,0.0,0.0,0.0,0.0,0.0,0.0,0.0,0.0,0.0,0.0,0.0,0.0,0.0,0.0,0.0,0.131227298906317,0.0,0.0,0.0,0.0,0.0
AUS,UKR,0.0,0.0,0.0,0.0,0.0,0.0,0.0,0.0,0.0,0.0,0.0,0.0,0.0,0.0,0.0,0.0,0.0,0.0,0.0,0.0,0.0,0.0,0.0,0.0,0.0,0.0289923069935122,0.0,0.0,4.92986970175349e-06,0.0,0.0,0.0,0.0,0.0,0.0,0.0,0.0,0.0
AUS,USA,0.0,0.0,0.0,0.0,0.0,0.0,0.0,0.0,0.0,0.0,734.266144745115,0.0,5.88944082909304,0.0,4.74890055751904,0.0,4.06468807881534,11.0360527690117,225.14438441975,0.0,0.0,1.07118823607018,0.0,3.46287669950221,0.0,331.85633302382,0.0,0.0,93.2720195938668,0.245163571586837,0.0,0.0,6.2051117974901,0.0,0.0,0.0,0.0,0.0
AUS,VNM,160.224572415604,0.0,254.131178472744,0.0,0.129383090459416,0.0,0.0,0.0,0.0,0.0,0.0,1.24843322108248,10.8511681455222,0.268517625212739,0.0,0.0,3.36716715799995,6.91447588703463,0.315923546139674,0.0,0.0,0.305652826144807,1.00282717759688,0.864600294888541,0.0,2.80825832219906,0.110086191103763,0.805118297190009,0.00110046085050718,0.060938393261012,0.0,0.0,0.843469301134831,0.0,0.0,0.0,0.0,0.0
AUS,ZAF,30.2359767190502,0.0,10.931688025531,0.0204116222940596,0.093509251944388,0.156099424114781,0.0,0.0,0.0,0.0,0.0,0.785406506142489,1.70764691797634,0.0,0.0,0.0,0.0,0.0,0.0,0.0,0.0,0.0,0.0,2.52138656203233,0.202214878818731,0.550372442453076,0.0,0.62044485917016,2.97978905787929,0.123896599816293,0.0,0.0,0.0,0.0,0.0,0.0,0.0,0.0
BGD,AUS,0.0,0.0,0.0,0.0,0.0,0.0,0.0,0.0,0.0,0.0,0.0,0.0,0.0,0.0,0.0,0.0,0.0,0.0,0.0,0.0,0.0,0.0203703959026331,0.0,0.0,0.0,0.0,0.0,0.0,0.0,0.0,0.0,0.0,0.0,0.0,0.0,0.0,0.0,0.0
BGD,BGD,708.786784996453,0.0,0.870486369651352,2932.00507014508,11.4734633340141,326.28500290996,0.0,92.7005134305486,0.0,0.0,165.558586270536,9582.67922372546,292.311524890144,377.619011890543,5455.34760697529,0.0,4468.06458075904,157.160131364448,0.0,0.0,0.0,28.9032680598878,0.0,1.1296192197735,0.0,199.680211332883,0.0,258.104322459864,229.251557095642,596.949092215706,0.0,0.0,138.461033737838,0.0,202.299801161789,239.219467554496,0.0,0.0
BGD,BRA,0.0,0.0,0.0,0.0,0.0,0.0,0.0,0.0,0.0,0.0,0.0,0.0,0.0,0.0238039404103118,0.0,0.0,0.0,0.0,0.0,0.0,0.0,0.0,0.0,0.0,0.0,0.0,0.0,0.0,0.0,0.0,0.0,0.0,0.0,0.0,0.0,0.0,0.0,0.0
BGD,CHN,0.0,0.0,0.0,0.0,0.0,0.0,0.0,0.0,0.0,0.0,0.0,0.0,0.0,0.0,0.0,0.0,0.0,0.0,0.0,0.0,0.0,0.0,0.0,9.05656574289703e-05,0.0,0.0841718728577653,0.0,0.0,0.0,0.0,0.0,0.0,0.0,0.0,0.0,0.0,0.0,0.0
BGD,ETH,0.0,0.0,0.0,0.0,0.0,0.0,0.0,0.0,0.0,0.0,0.0,0.0,0.0,0.0,0.0,0.0,0.0,0.0747450301820325,0.0,0.0,0.0,0.0,0.0,0.0,0.0,0.0,0.0,0.0,0.0,0.0,0.0,0.0,0.0,0.0,0.0,0.0,0.0,0.0
BGD,EU27,0.2896710027551,0.0,0.0,0.0,0.0,0.0,0.0,0.0,0.0,0.0,0.0,0.0,0.0,0.0,1.06827347479628,0.0,0.0,0.0,0.0,0.0,0.0,0.0,0.0,0.00141909214311004,0.0,0.0,0.0,0.0195430621671798,0.0,0.0,0.0,0.0,0.0,0.0,0.0,0.0,0.0,0.0
BGD,IDN,0.0,0.0,0.0,0.0521894268736486,0.0,0.0,0.0,0.0,0.0,0.0,0.0,0.0,0.0,0.0,0.0,0.0,0.0,0.0,0.0,0.0,0.0,0.0,0.0,0.0,0.0,0.0,0.0,0.0,0.0,0.0,0.0,0.0,0.0,0.0,0.0,0.0,0.0,0.0
BGD,IND,0.0,0.0,0.0,2.39637468260123,0.000842324070943405,0.00570208479287168,0.0,0.0,0.0,0.0,0.0,1.674663200207,0.0222004958462458,0.0302831727584307,0.0,0.0,0.0,0.0830982586820015,0.0,0.0,0.0,0.0,0.0,0.0,0.0,0.0,0.0,0.0,0.0,0.0,0.0,0.0,0.0,0.0,3.83869366748218,1.2311473698666,0.0,0.0
BGD,JPN,0.0,0.0,0.0,0.0,0.0,0.0,0.0,0.0,0.0,0.0,0.0,0.155966812178079,0.441176222474302,0.0,0.0,0.0,0.0,0.0,0.0,0.0,0.0,0.00314381605097081,0.0,0.0,0.0,0.0,0.0,0.0,0.0,0.0,0.0,0.0,0.0,0.0,0.0,0.725673488818266,0.0,0.0
BGD,KOR,0.0,0.0,0.0,0.0,0.0,0.0,0.0,0.0,0.0,0.0,0.0,0.0,0.0,0.0,0.0,0.0,0.0,0.0,0.0,0.0,0.0,0.0,0.0,0.0,0.0,0.0,0.0,1.41569649054949e-05,0.0,0.0,0.0,0.0,0.0,0.0,0.0,0.0,0.0,0.0
BGD,PAK,0.0,0.0,0.0,0.0,0.0,0.0,0.0,0.0,0.0,0.0,0.0,0.0,0.0,0.0,0.0,0.0,0.0,0.0,0.0,0.0,0.0,0.0,0.0,0.0,0.0,0.0,0.0,0.0,0.0,0.0,0.0,0.0,2.00314078331424e-06,0.0,0.0,0.0,0.0,0.0
BGD,ROW,23.826014748153593,0.0,0.001009331984262126,2.219694370705016,0.0663072808787142,0.0002948206689327727,0.0,0.000984309024006075,0.0,0.0,2.52139367901487,24.182113863742686,1.607081003227303,0.1356416335482883,24.47509447205394,0.0,125.65992949480567,6.774601972244537,0.0,0.0,0.0,0.0271683368954924,0.0,0.00999842060522296,0.0,0.0064742580480118325,0.0,0.000328422430848435,0.000442078425247828,0.0006475394392847405,0.0,0.0,3.373591016296824,0.0,7.546026948412705,0.0,0.0,0.0
BGD,RUS,0.0,0.0,0.0,0.0,0.0,0.0,0.0,0.0,0.0,0.0,0.0,0.30668626614578,0.0,0.016652267968415,0.0,0.0,1.69135691809851,0.108964774948646,0.0,0.0,0.0,0.0,0.0,0.0,0.0,0.0,0.0,0.0,0.0,0.0,0.0,0.0,0.0,0.0,0.0,0.0,0.0,0.0
BGD,THA,0.0,0.0,0.0,0.0,0.0,0.0,0.0,0.0,0.0,0.0,0.0,0.0,0.0,0.0,0.0,0.0,0.0,0.0,0.0,0.0,0.0,0.0,0.0,0.0,0.0,2.66430048601982e-06,0.0,0.0,0.0,0.0,0.0,0.0,0.0,0.0,0.0,0.0,0.0,0.0
BGD,USA,0.476049882893515,0.0,0.0,0.0,0.0,0.0,0.0,0.0,0.0,0.0,0.0,0.0,0.0,0.0,1.07113541320341,0.0,0.0,0.0,0.0,0.0,0.0,0.0135498618237323,0.0,0.0,0.0,0.0,0.0,0.0,0.0,0.0,0.0,0.0,0.0,0.0,0.0,0.0,0.0,0.0
BGD,VNM,0.0,0.0,0.0,0.0,0.00120417814669056,0.0,0.0,0.0,0.0,0.0,0.0,0.0,0.0,0.0,0.0,0.0,0.0,0.0,0.0,0.0,0.0,0.0,0.0,0.0,0.0,0.0,0.0,0.0,0.0,0.0,0.0,0.0,0.0,0.0,0.0,0.0,0.0,0.0
BGD,ZAF,0.0,0.0,0.0,0.0,0.0,0.0,0.0,0.0,0.0,0.0,0.0,0.0,0.0,0.0,0.0,0.0,0.0,0.0803834018538909,0.0,0.0,0.0,0.0,0.0,0.0,0.0,0.0,0.0,0.0,0.0,0.0,0.0,0.0,0.0,0.0,0.0,0.0,0.0,0.0
BRA,ARG,1.96359825033394,0.0,1.07770246600695,7.02649403595586,0.0,0.0,0.0,292.394526312044,0.0,0.0,0.0310522055167165,8.30273586521833,0.0,5.01692689822792,33.1068044880312,0.953198232533242,30.8786250035238,46.4215072232322,0.0,0.0,0.0,0.00770562903271647,0.0,0.623804547209641,0.0,5.46581168215755,35.2289997827046,10.3880407657242,0.0,0.0587082155956398,0.0,0.0,0.00266582099196106,4.16291154567852e-06,0.0,0.0,0.0,0.0136787456285466
BRA,AUS,0.0,0.0,0.0,7.14765605037899,0.0,0.0,0.0,0.0,0.0,0.0,0.0,0.0,0.0,0.0,0.0,0.0,2.9768847244831,29.1929018027997,0.0,0.0,0.0,0.0,0.0,0.0,0.0,0.707222096114763,2.86705727984391,0.16090635824709,0.0,0.0,0.0,0.0,0.0,2.98593764530682e-05,0.304279975491793,0.0,0.0,0.0
BRA,BGD,0.0,0.0,0.0,903.495390195068,0.0,0.0,0.0,37.5202663391089,0.0,0.0,406.656880396131,0.0,0.0,0.0,0.0,1.5128345034903,0.0,0.0,0.0,0.0,0.0,0.0,0.0,0.0,0.0,0.0,0.0,0.0,0.0,0.0,0.0,0.0,0.0,0.0,12.8476601899896,0.0,0.0,9.46644381510043
BRA,BRA,4060.18043848676,0.0,317.561807053891,54010.5318721356,1637.16793459904,58.9490864806455,129.352814102329,46611.5407525365,0.0,0.0,38075.2863634911,3598.4387745974,2715.92192319509,4110.77214259032,7456.00603972081,1031.98146766493,14231.2117727401,7766.89437774619,236.514919983471,0.0,0.0,109.060989406008,11.5878923627494,59.8658179679801,0.0,7722.94934460808,2848.06691704481,9814.61036219871,123.710887856942,2294.60008054827,0.0,0.0,24.2821905096147,59.0432650588653,8591.17906506855,32.2997617238689,61.3704536800652,2103.86841359539
BRA,CAN,0.0,0.0,0.0,0.0,0.0,0.0,0.0,0.0,0.0,0.0,53.0504760032606,0.0,0.0,0.0,0.0,0.0,14.9105908870366,134.389149422547,0.0,0.0,0.0,0.0,0.000270103184642656,0.0,0.0,3.92767076166795,0.0,13.0830067715634,0.0,0.0,0.0,0.0,2.98881047673283e-06,0.0,0.0,0.0,0.0,0.0
BRA,CHN,0.0,0.0,0.0,0.0,0.0,0.0,0.0,51020.2263454341,0.0,0.0,99.6772368766281,0.0,1.73754220997457,0.0,0.0,0.0,37.4683547558132,105.120904982404,0.099402628349221,0.0,0.0,0.0,1.70584229591878e-05,0.0,0.0,525.399285830638,16.1698135964065,337.095103587154,0.0,0.0,0.0,0.0,0.000352473293295376,0.000404052867765057,24.8977242788429,0.0,0.0,1.56090822990075
BRA,ETH,0.0,0.0,0.0,0.0393920994244351,0.0,0.0,0.0,0.0,0.0,0.0,0.0,0.0,0.0,0.0,0.0,0.0,0.0,0.0,0.0,0.0,0.0,0.0,0.0,0.0,0.0,1.03447995164723e-05,0.0,0.184977721550639,0.0,0.0,0.0,0.0,0.0,0.0,0.0,0.0,0.0,0.0
BRA,EU27,0.0,0.0,0.0,326.775381330776,0.0001,0.0001,0.0,443.809236902063,0.0,0.0,111.991359611215,3.71464178325642,3.44455823603912,0.0,2.56500262042129,27.4764507814105,198.360696721729,4765.89253658461,0.43196496492503,0.0,0.0,0.0,0.00533125607010985,0.0,0.0,50.605902387234,0.0,137.981585546161,0.0,0.0,0.0,0.0,4.53503207056244e-05,0.000164937234034918,0.0956976875875645,0.0,3.79931282203165,14686.1555551744
BRA,IDN,61.2713156432451,0.0,0.0,320.244347206313,0.0,0.0,0.0,0.0,0.0,0.0,49.9502772345933,0.0,1.93493747080294,0.0,0.0,0.0,7.58255897110515,53.154734013242,0.0,0.0,0.0,0.0,0.0,0.0,0.0,0.0,0.0,3.79853605074539e-05,0.0,0.0,0.0,0.0,0.0,0.0,0.0,0.0,0.0,4979.1223864524
BRA,IND,0.0,0.0,0.0,5.03626011076702,0.0,0.0,0.0,0.756950227583196,0.0,0.0,175.578057102731,0.0,41.4466170003709,0.0,0.0,1.91919031266209,0.0,7.23525572814614,0.0,0.0,0.0,0.0,0.0,0.0,0.0,0.0,0.0,9.28641632367504e-06,0.0,1.32721843830435e-05,0.0,0.0,0.0,4.15452292813521e-05,51.7707550423617,0.0,0.0,0.0
BRA,JPN,0.0,0.0,0.0,10165.2969692017,0.0,0.0,0.0,2708.07612465905,0.0,0.0,0.332654203677612,0.0,0.0,0.120254088117559,0.0,0.0,0.0,4.56887538639269,0.05507740682937,0.0,0.0,0.0,0.0,0.0,0.0,0.0,74.6814827827887,40.3882188121688,0.0,1.12094265467334,0.0,0.0,0.0,1.52163289904294e-05,0.0,0.0,0.0,769.386952847446
BRA,KOR,82.2057755082342,0.0,0.0,2523.03281462212,0.0,0.00327750951388169,0.0,657.567907162193,0.0,0.0,0.0,0.0,0.0,0.0,0.0,0.0,0.0,2.62203884973436,0.0,0.0,0.0,0.0,0.0,0.0,0.0,0.0,0.0,100.327790142868,0.0,0.0,0.0,0.0,0.0,0.0,0.0,0.0,0.0,2508.79219376765
BRA,MAR,0.0,0.0,0.0,908.027422603345,0.0,0.0,0.0,0.0,0.0,0.0,50.1459914840727,0.0,0.0,0.0,0.0,0.0,0.0,0.0,0.0,0.0,0.0,0.0,0.0,0.0,0.0,0.166793499091701,0.0,0.112831944760394,2.58359176532733e-06,0.0,0.0,0.0,0.0,0.0,0.0,0.0,0.0,0.0
BRA,MEX,0.0,0.0,0.0,2058.24245652599,0.0,0.0,0.162705795024849,564.130465262666,0.0,0.0,0.0,3.09482745066412,0.0,0.0,0.0,0.0,0.0,0.0,0.0,0.0,0.0,0.0,0.0,0.0,0.0,0.0,0.0,102.47182816192,0.0,1.94913776466056,0.0,0.0,0.0,2.93998879232926e-05,0.0,0.0,0.0,0.0
BRA,NGA,0.0,0.0,0.0,12.0110210010556,0.0,0.0,0.0,0.0,0.0,0.0,437.096699056032,0.0,0.0,0.0,0.0,0.0,0.0,0.0,0.0,0.0,0.0,0.0,0.0,0.0,0.0,0.157927545308254,5.89049894502185,0.0,0.0,0.0,0.0,0.0,0.0,0.0,0.0,0.0,0.0,0.0
BRA,NZL,0.0,0.0,0.0,0.0,0.0,0.0,0.0,0.0,0.0,0.0,0.0,0.0,0.0,0.0,0.0,0.0,0.871943297401777,0.0,0.0,0.0,0.0,0.0,0.0,0.0,0.0,0.0956109847947772,0.0,0.0,0.0,0.0,0.0,0.0,0.0,0.0,0.0366380188809879,0.0,0.0,0.0
BRA,PAK,0.0,0.0,0.0,2.06368177723767,0.0,0.0,0.0,710.747734818918,0.0,0.0,0.0,0.0,0.717534009118444,0.0,0.0,0.0,0.0,0.0,0.0,0.0,0.0,0.0,0.0,0.0,0.0,0.0,0.0,0.000711565091569239,0.0,0.0,0.0,0.0,0.0,0.0,3.71423054273513,0.0,0.0,0.0
BRA,ROW,239.13661839706145,0.0,7.9270739736700815,10164.569220957255,0.218175978594601,0.1086538128380856,0.8957330512179613,3701.1197090880196,0.0,0.0,845.7172798622008,10.316895590354514,39.984768788615696,1.4291506129624512,43.3406561692423,10.016077285029631,160.46265052874372,675.184794603685,2.42495490155031,0.0,0.0,0.14751751122294096,0.0011111858565947584,2.1656673849430743,0.0,663.5536729162179,298.51214769967595,2350.737311336457,0.42278254364864754,12.258339929936346,0.0,0.0,0.1247971331148833,0.1941676061677566,44.95151089617162,0.0,0.2032452649960997,4529.976402123236
BRA,RUS,0.0,0.0,0.0,0.0,0.0,0.0,0.0,1111.02690519052,0.0,0.0,0.0,0.0,0.0,0.0,128.219713918028,0.0,9.63186515841685,915.932672917778,0.0,0.0,0.0,0.0140800031703931,0.0,0.0600722767938668,0.0,69.9056670639964,343.534032534609,62.3817109414706,0.0,0.0,0.0,0.0,0.0,0.0,0.0,0.0,0.0,16.3423463713115
BRA,THA,27.0721435347277,0.0,0.0,0.0,0.0,0.0,0.0,1555.83626484906,0.0,0.0,0.0,0.0,0.0,0.0,0.0,0.0,0.0,6.34856150341582,0.0,0.0,0.0,0.0,0.0,0.0,0.0,0.0,0.289615015427549,0.413398693448449,0.0,0.0,0.0,0.0,0.0,2.54297264347923e-05,15.1946550317769,0.0,0.0,3547.63364783269
BRA,TUR,0.0,0.0,0.0,0.0,470.646669103382,0.0,0.0,536.705851387976,0.0,0.0,0.0001,0.0,0.0,0.0,0.0,0.0,0.0,2.25243436611169,0.0,0.0,0.0,0.0,0.0,0.0,0.0,0.0,0.064019287601872,1.29501281762471,0.0,0.0,0.0,0.0,0.0,3.63361478164447e-05,0.0,0.0,0.0,14.1590922858576
BRA,UKR,0.0,0.0,0.0,0.0,0.0,0.0,0.0,0.0,0.0,0.0,0.0,0.0,0.107289705099737,0.0,0.0,0.0,0.0,232.11390704417,0.0,0.0,0.0,0.0,0.0,0.0,0.0,0.0,0.0,0.0,0.0,0.0,0.0,0.0,0.0,0.0,0.0,0.0,0.0,0.156980804098829
BRA,USA,0.0,0.0,0.0,0.0,0.0,0.0,0.0,0.0,0.0,0.0,15.0428038201793,0.326912995303089,0.0,0.0,0.0,103.07977758095,78.4158986723765,3809.95615545717,0.217797652378643,0.0,0.0,0.0108136095225125,4.85400700183022e-05,0.242837593537895,0.0,55.6187374996901,10.0644308664939,0.0,0.0,0.0,0.0,0.0,2.20603810819673e-05,5.73071160347692e-05,0.0,0.0,0.0,0.0
BRA,VNM,174.56200810801,0.0,0.0,3519.76529631454,0.0,0.0,0.0,392.167704532885,0.0,0.0,0.0,0.0,0.724598994476295,0.0,0.0,0.0,0.0,0.0,0.0,0.0,0.0,0.0,0.0,0.0,0.0,0.0,0.236984179259248,1.63481442132401,0.0,0.0,0.0,0.0,0.0,0.0,0.163470714565435,0.0,0.137267928055686,1141.57008400001
BRA,ZAF,0.0,0.0,0.0,142.077388622646,0.0,0.0,0.018872055595779,0.0,0.0,0.0,0.876169439827184,0.0,0.554284020327749,0.0,2.07906151826649,5.34190902389233,0.0,3.97661065116905,0.0,0.0,0.0,0.0,0.0,0.0,0.0,0.546342780203889,1.78576777427435,339.557369666144,0.0,0.0,0.0,0.0,0.0,0.00311249667218325,0.0509313610507744,0.0,0.0,0.0
CAN,ARG,0.141679877278715,0.0,0.0395297581300125,0.0,0.0,0.442621796459722,0.0,0.0,0.0,0.0,0.0,0.0,3.25812747658889,0.0,0.88942649230578,0.0,0.0,0.0,0.0,0.0,0.0,0.0,0.0,0.0,0.0,0.0,0.0,0.0,0.0,0.0,0.0,0.0,0.0631383657059779,0.0,0.0,0.0,0.0,0.0
CAN,AUS,0.0,0.0,0.167105609950881,0.0,2.56369890293931,0.773449156378787,0.0,0.0,0.0,0.0,0.0,0.0,5.05620484512054,0.0,0.0,0.0,5.06876706331002,0.0,0.0,0.0,0.0,0.13813375863179,0.0,0.230922831901115,0.484332801667057,0.0,25.9886150272271,0.0,0.0,0.194534552829995,0.0,0.0,0.0,0.103147263217947,0.0,0.0,0.0,0.0
CAN,BGD,109.705560720128,0.0,0.0,0.0,0.0177294649911152,95.7844980291917,0.0,22.7462954586375,0.0,0.0,0.0,0.0,318.070392946877,0.0,0.0,0.0,0.0,0.0,0.0,0.0,0.0,0.0,1.41402416981944,0.00521917792198166,0.139068947519488,0.0,0.0,0.0,0.0,0.0,0.0,0.0,0.0261007346307924,0.0,0.0,0.0,0.0,0.0
CAN,BRA,208.548430692683,0.0,0.333634514845737,0.0,131.387973092049,1.24856709823063,0.0,0.0,0.0,0.0,0.0,0.0,24.9034703621647,0.0,0.0,0.0,0.0,0.0,0.0,0.0,0.0,0.0,0.0,0.0,0.0,0.0,0.0,0.0,0.0,0.0152944616782952,0.0,0.0,0.0,0.0,0.0,0.0,0.0,0.0
CAN,CAN,6401.964637773,0.0,7763.26979909338,14038.4482903297,0.10295620491656,9939.25327449276,35.0305902433742,2038.38729214521,0.0,0.0,135.822706851551,3144.9541792978,1151.31910210504,84.4239567471159,929.89045762817,337.122271424847,0.0998596337126618,0.0,0.0993734243699257,0.0,0.0,98.7815285185996,66.3831485396696,600.115906533908,0.0986320838081938,734.540702553199,756.368105560279,1253.99130417384,15.9673982267388,483.56460639104,0.0,0.0,867.317974273612,24.986245073211,220.267327624127,640.706081648325,29.3021043416823,1414.68010293164
CAN,CHN,100.925594842658,0.0,127.0629288221,0.0,4.20768374874777,3429.93708185228,0.0,3282.59923650293,0.0,0.0,0.0,16.537285844757,1138.66212832365,0.0,0.0,0.0,30.2100400381486,0.0,1.70810111352808,0.0,0.0,0.0654451130996025,0.0,0.0,0.49325036859579,30.9806828800831,19.5169334183497,7.47798212507051,0.00355010731355648,0.692490826362883,0.0,0.0,812.640501499928,0.070576974960883,0.0,852.377546588249,0.0,0.0
CAN,ETH,0.0,0.0,0.0,0.0,0.0,0.0,0.0,0.0,0.0,0.0,0.0,0.0,0.0,0.0,0.0,0.156496938029551,0.150507882882471,0.0,0.0,0.0,0.0,0.0,0.0,0.0,0.0,0.0,0.0,0.0,0.0,0.0,0.0,0.0,0.0,0.0,0.0,0.0,0.0,0.0
CAN,EU27,107.089820552125,0.0,0.0,65.8527471508991,100.112715820924,4034.8377614415,0.0,47.8247793690952,0.0,0.0,0.0,0.0,160.095008144705,0.0,0.0,0.0,70.046811088496,0.0,0.0,0.0,0.0,0.0,0.0,0.0888260886054784,0.910674868184306,1.32801770967088,1.7934923014467,0.0,0.0001,0.416225949452532,0.0,0.0,0.0,0.108170326413186,0.0,0.0,0.0,46.4358417940039
CAN,IDN,161.834822567972,0.0,0.0,0.0,0.0,0.950842951862068,0.0,23.3569761405846,0.0,0.0,0.0,15.0743999161502,10.2470491750919,0.0,0.0,0.0,0.0,0.0,0.0,0.0,0.0,0.0,3.44640644154907,0.0,0.0,0.0,0.0,0.0,0.0,0.0,0.0,0.0,0.0,0.0,0.0,4.00162666684076,0.186812213196503,0.0
CAN,IND,0.0,0.0,0.0,1.24475039938497,0.0,0.108140388329651,0.0,0.0,0.0,0.0,0.0,0.0,2195.01155602373,0.0,0.0,0.0,0.0,0.0,0.0,0.0,0.0,0.0,0.0,0.0,0.0,0.000712458629858857,0.0,0.0,0.0,0.00141635902532623,0.0,0.0,94.0733740647745,0.0,0.0,0.667884109549492,0.0,0.0
CAN,JPN,4800.14568571302,0.0,34.6899472710807,0.0,0.0,2381.74264854818,0.560283843046141,249.19320420154,0.0,0.0,0.0,32.9437583716953,20.8792700718826,1.04425358921965,0.0,0.0,17.5469848038534,0.0,0.0,0.0,0.0,0.0,1.68522793930089,0.349311404926168,0.594544927728719,23.4752831795046,437.908632948634,0.0,0.0,4.67227556876441,0.0,0.0,0.746299940048647,0.0129515824057909,0.0,1.36869139204006,0.0,0.0
CAN,KOR,254.389710287252,0.0,4.04380438442623,0.0,0.286444749915255,1.09718722088111,0.0,17.9158504781537,0.0,0.0,0.0,19.6724047270811,8.5405706688125,0.0,0.0,0.0,3.63853028793404,0.0,0.0,0.0,0.0,0.0,0.0,0.0,12.6099824063363,4.87215981857841,58.5049406282657,0.0,0.0,0.0,0.0,0.0,84.1156786365434,0.114804900284309,1.07289044230796,68.8098819410683,0.0,0.0
CAN,MAR,1886.82020166251,0.0,0.0,19.4805607408884,1.51605393672125,0.598746629801211,0.0,0.597382345767511,0.0,0.0,0.0,0.0,32.174026216687,0.0,0.0,0.0,0.0,0.0,0.0,0.0,0.0,0.0,0.176304666784035,0.0,0.0989227976650876,0.0,0.0,0.0,0.0,0.0,0.0,0.0,0.0,0.0,0.0,0.0,0.0,0.0
CAN,MEX,1864.63457406846,0.0,6.30921598135665,15.1615769846479,0.0,1298.73280908056,0.137024552506403,0.0,0.0,0.0,0.0,58.3954017458967,85.0784451321469,0.0,0.0,0.641809314337674,0.0,0.0,0.0,0.0,0.0,0.0,6.01749668049093,0.0,0.0,16.8805623972617,127.273280473521,0.0,0.0,0.0,0.0,0.0,75.5909380284466,0.0,0.0,33.1976772881357,0.0,0.0
CAN,NGA,1680.0671059833,0.0,0.0,0.0,0.0299562177571462,0.0,0.0,0.0,0.0,0.0,0.0,0.16410208618697,0.0,0.0,0.0,0.0,0.0,0.0,0.0,0.0,0.0,0.0,0.0,0.0,0.0,0.0,0.0,0.0,0.0,0.0,0.0,0.0,0.0,0.0,0.0,0.0,0.0,0.0
CAN,NZL,0.0,0.0,0.0,0.0,0.24651099632168,0.0,0.0,4.39668499807556,0.0,0.0,0.0,1.17389032114034,7.54919715118291,0.0,0.0,0.0,2.05014161869506,0.0,0.0,0.0,0.0,0.0,0.0,0.0,0.0,0.0,11.9507097510691,0.0,0.00705176655843494,0.0,0.0,0.0,0.0,0.0331296796207069,0.0,0.0,0.0,0.0
CAN,PAK,0.0,0.0,0.0,0.0,1.06579328646465,730.377529377828,0.0,26.376388438222,0.0,0.0,7.43273052513996e-06,0.0,109.543093597459,0.0,0.0,0.0,0.0,0.0,0.0,0.0,0.0,0.0,1.2627966195637,0.0,0.0,0.00126774376724196,0.0,0.0,0.0,0.0,0.0,0.0,0.000748200562551183,0.0,0.0,0.0,0.0,0.0
CAN,ROW,7378.722261801217,0.0,12.12678717562727,87.3939584473605,234.81472404986872,766.1564989238702,1.5229429030499733,642.7908650449609,0.0,0.0,0.5887739275249358,150.15311012086605,1021.181718276937,20.3996216875264,4.004231386639275,13.451728971374722,10.33458416006908,0.0,0.122526025018522,0.0,0.0,0.3590499874266736,42.25335923488142,4.311224250348069,18.673369380487124,9.03167627685689,162.90010921977782,62.13410010659765,0.11177323343897239,0.37746338707098237,0.0,0.0,106.28866480948216,0.19839467506434216,1.7190003640032812,23.33361887958488,0.0,24.1454315889411
CAN,RUS,0.0,0.0,0.0,0.0,0.0,0.0,0.0,21.4713854759626,0.0,0.0,0.0,0.0,0.0,0.0,0.0,0.0,0.0,0.0,0.0,0.0,0.0,0.0,0.0,0.0,0.0,0.0,0.0,0.0,0.0,0.0,0.0,0.0,0.0,0.0,0.0,0.0,0.0,0.0
CAN,THA,127.176169705837,0.0,0.0,0.0,0.293763953915321,2.59589399068998,0.0,47.3419274266907,0.0,0.0,0.0,14.8301375539263,5.52644074749276,0.0,0.0,1.56717379463711,0.0,0.0,0.0,0.0,0.0,0.0,0.68008625387223,0.0,1.58170533104899,0.0,0.0,0.0,0.0,0.0,0.0,0.0,0.0,0.0,0.0,0.0,0.0,0.0
CAN,TUR,166.018301166363,0.0,0.0,0.0,69.0713079923842,0.0,0.0,52.3716529197997,0.0,0.0,0.0,0.0,184.780826964304,0.0,0.0,0.0,0.0,0.0,0.0,0.0,0.0,0.0,0.0,0.0,0.0,0.0,0.0,0.0,0.0,0.0,0.0,0.0,0.0,0.0,0.0,0.0,0.0,0.0
CAN,UKR,0.0,0.0,0.0,0.0,0.0,0.0,0.0,1.92149361797828,0.0,0.0,0.0,0.0,0.27970686985225,0.0,0.0,0.0,0.0,0.0,0.0,0.0,0.0,0.0,0.0,0.0,0.0,0.0,0.689238512746823,0.0,0.0,0.0,0.0,0.0,0.0,0.0,0.0,0.0,0.0,0.0
CAN,USA,3735.18755823089,0.0,599.885183903217,1206.18210714694,4.46909789963119,626.616770436798,18.1777682020794,224.140235305273,0.0,0.0,0.0287166015416713,2245.38273541467,484.956697135134,387.828982332473,909.730742792862,55.2203762393261,375.089944669689,0.0,72.6290457545549,0.0,0.0,0.374641969287674,0.0695934349236249,5.81400120427986,16.2142660337367,344.610988312803,460.119550465729,85.7957472474036,0.0850897902874927,12.8659307435251,0.0,0.0,1969.35185448843,0.286115918485317,179.521408749233,4024.79112100116,0.43017489761063,168.324133724862
CAN,VNM,42.0496882115651,0.0,0.0,0.0,0.0,0.0784589034482138,0.0,124.712925696687,0.0,0.0,0.0,0.994983543412514,0.0,0.0,0.0,2.02561705641036,0.0,0.0,0.0,0.0,0.0,0.0,1.44947840718217,0.0,1.7829405749349,0.607709707790489,0.0784885699426183,0.0,0.0,0.0,0.0,0.0,0.0,0.0,0.0,0.0,0.0,0.0
CAN,ZAF,88.5935144480525,0.0,0.306775787488873,0.0,0.0,1.93794561767886,0.0,0.0,0.0,0.0,0.0,0.0,10.457705815205,0.0,0.0,0.0,0.0,0.0,0.0,0.0,0.0,0.00837067846407932,0.251131832959652,0.247258945248141,0.0,0.0,0.0,9.02058405703566,0.0,0.0,0.0,0.0,0.0,0.0,0.0,0.0,0.0,0.0
CHN,ARG,0.0,0.0,0.0,0.0,0.0011157536272943,0.0,0.0,0.0,0.0,0.0,0.0,0.0,0.32417277429207,0.0,11.0144595579228,0.0,0.0,0.0,0.0,0.0,0.0,0.0,0.0,0.0,0.0,0.0,0.0,0.0,0.0,0.0,0.0,0.0,0.0,0.0,0.0,0.0,0.0,0.676680407087472
CHN,AUS,5.7980332173938,0.0,0.261925406930925,0.0531390038582163,0.130957218471003,0.0,1.03117805589897,226.614239799958,0.0,0.0,0.0,0.068399824419597,0.245575934907409,21.6895425997633,78.184991937284,3.69630080770115,38.2421656445089,2.86556594562103,0.0553967789506662,0.0,0.0,0.0,0.0,0.0111273271124393,0.0,0.0,0.0,0.126365147312368,0.0,0.526572333089288,0.0,0.0,0.0,0.0,0.0,0.0,0.0,21.9999523728925
CHN,BGD,0.0,0.0,0.0,0.0,0.0,0.0,0.0,0.0,0.0,0.0,0.0,0.00161346592763419,0.0,6.45389908252556,55.4423797285857,14.9975489754025,7.83946154664297,14.3054878638075,0.0,0.0,0.0,0.0,0.0,0.0,0.0,0.0,0.0,0.0,0.0,0.84141808019888,0.0,0.0,0.0,0.0,0.0,0.0,0.0,35.2455425431681
CHN,BRA,0.0,0.0,0.0,0.0,1.85541523046862,0.0,0.0,0.0,0.0,0.0,0.0,0.0,36.751135601114,19.1974685109924,35.19135696289,0.0,6.45296559074841,0.0,0.0,0.0,0.0,0.0,0.0,0.0,0.0,0.0,0.0,0.0,0.0,0.0,0.0,0.0,0.0,0.0,0.0,0.0,0.0,0.0
CHN,CAN,0.0,0.0,0.0,0.284095268744125,0.260923009430096,0.0,1.50654412372822,0.527957931133383,0.0,0.0,0.278062830734802,0.0056628256208759,13.4042656921794,1.23266469860606,123.672084262787,15.4151194521132,72.77460235901,24.326633122101,0.0,0.0,0.0,0.0,0.0,0.0,0.0,0.0,0.0,0.0,0.0,1.07716761649625,0.0,0.0,0.000407797390379721,0.0,0.0,1.34210405319769,0.0,0.0
CHN,CHN,120962.396925819,0.0,550.838418108554,260866.867740866,6795.06941607269,12322.0287116706,2291.53784240397,13636.6524156545,0.0,0.0,10045.2461324104,86569.0952710634,4187.6487157869,55406.3027537182,565717.863810534,40033.1836289495,69742.5844462483,38317.2389687948,1906.07953957966,0.0,0.0,84.5632620950016,15.126995076021,195.125674491387,0.0,6286.29331403129,53997.1916641954,18578.6618232503,4694.8976205387,30469.6281856576,0.0,0.0,3870.13932192886,273.101994652897,15352.1427326927,5624.3448298463,309.219425589169,65937.1130769746
CHN,ETH,0.0,0.0,0.0,0.0044568187322553,0.0,0.0511654523673968,0.0,0.082190420729905,0.0,0.0,0.0,0.0184571387587655,0.0,1.25480587646626,0.0,0.0994245284916058,0.0,0.0,0.0149133638914879,0.0,0.0,0.0,0.0,0.0,0.0,0.00135843269725627,0.00698031984915195,0.0,0.0,0.0,0.0,0.0,0.0,0.0,0.0,0.0,0.0,0.0
CHN,EU27,0.0,0.0,9.72675098789567,0.252073842964555,34.1944612097158,0.195507486432856,14.1835413914819,0.265119200492952,0.0,0.0,0.0614130903365113,7.19285989172935,67.512592061912,381.615127976328,1529.51503654904,32.3078981115688,250.489503749653,96.5771582393204,0.738288173774176,0.0,0.0,0.0,0.0408707149271286,0.00876000186383072,0.0,0.0,0.0,24.795108967529,0.0,0.0001,0.0,0.0,0.0208129904898221,0.0701637220038624,0.0,5.26892424008984,12.3411427597185,548.679404628255
CHN,IDN,0.0,0.0,8.51237443625516,0.0142297987993209,0.318944659614131,0.0,18.4444894129508,0.400694289481252,0.0,0.0,0.0,0.121851151578221,0.0,23.9383671868225,624.686862071808,8.65786310592811,178.675812079152,20.5290581849459,0.0,0.0,0.0,0.0,0.0,0.0,0.0,0.0,1.41965710322156,3.35775227715418e-05,0.0,0.0,0.0,0.0,0.0,0.0,0.0,19.6451924868272,0.0,0.0
CHN,IND,0.0,0.0,11.1468494284995,0.00209996539529039,0.0,0.0,0.198657400880888,0.0,0.0,0.0,0.0,0.0,71.9604999221848,12.3978544982934,6.03233545480888,14.9326919860559,20.6263743999419,0.0,0.0987224072165861,0.0,0.0,0.0,0.0,0.0,0.0,0.0,0.0,0.00064742411826408,0.0,0.000660314145096475,0.0,0.0,0.0,0.0,0.0,0.0,0.0,0.0
CHN,JPN,0.0,0.0,0.0,1.11609849661279,2.87862251680789,0.0931531685015999,0.0335867693026373,2.84413136514998,0.0,0.0,1.69547250116577,2.63388018439384,48.561979998363,17.5881912223093,1881.72644896543,2.82040730001193,323.89914786896,4.93731353598639,0.0,0.0,0.0,0.0,0.0,0.0,0.0,6.38069451790604,71.2641942264416,232.646479659327,0.0,11.069903428003,0.0,0.0,0.0,0.0,0.888530688209686,1.05733393508299,0.0,2002.70295813758
CHN,KOR,0.0,0.0,14.7143013408788,0.198502728086472,0.0,0.118484309310713,0.709652311769021,2.24849754509042,0.0,0.0,0.0,0.391741203479794,35.4581714155458,41.326352720691,1604.04002655314,3.68876403043572,249.251573098961,0.0,0.453928943688408,0.0,0.0,0.0,0.0,0.0222366676553497,0.0,4.51902715252095,0.0,19.1280014500886,0.0,4.43020861422477,0.0,0.0,0.0,0.0,2.61298708656851,0.0,0.56437969966324,42.2651378751899
CHN,MAR,0.0,0.0,0.0,0.0,0.0,0.0,0.0,0.0,0.0,0.0,0.0,0.00172778540861101,0.0,2.6236207303619,0.705643262499161,0.0871791596865666,0.0,0.0,0.0,0.0,0.0,0.0,0.0,0.0,0.0,0.00997739994222023,0.000550430487956092,1.37672174764135e-05,0.0,0.0,0.0,0.0,0.0,0.0,0.0,0.0,0.0,0.0
CHN,MEX,0.0,0.0,0.0,0.0,0.0,0.0,0.0,0.0,0.0,0.0,0.0,0.0,1.91264495217464,0.0,20.328241257073,5.35848734813186,20.2874758378697,0.0,0.0,0.0,0.0,0.0,0.0,0.0,0.0,0.0,0.0,0.0,0.0,0.0,0.0,0.0,0.0,0.101539635385943,0.00105750257577584,0.0,0.0,0.0
CHN,NGA,0.0,0.0,0.0,0.0,0.0,0.0,0.0,0.0,0.0,0.0,0.0,0.0,0.0,682.220478258289,2.23952828494102,0.155287099699439,1.15467128942084,0.0,0.0,0.0,0.0,0.0,0.0,0.0,0.0,0.0,0.0,0.0,0.0,0.0,0.0,0.0,0.0,0.0,0.0,0.0,0.0,0.0
CHN,NZL,0.0,0.0,0.0,0.00113795638951077,0.109719982841049,0.0,0.0,0.401032271395586,0.0,0.0,0.0,0.0232030882353854,0.254519274888549,4.23788053073459,19.6187772100711,3.89528106194293,13.1520455760205,0.0,0.0,0.0,0.0,0.0121704470322408,0.0,0.0,0.0,0.0,0.0,0.0670679838612457,0.0,0.278215186838683,0.0,0.0,0.0,0.0,0.0,0.0,0.0,0.0
CHN,PAK,0.0,0.0,6.28094368622645,0.036913206202859,0.301187487746474,0.112169310778511,0.0,0.0,0.0,0.0,4.61127109206443e-05,0.0171353834604433,14.5874902052393,22.5534660961661,44.5047739922313,6.08331323379452,4.92438674218779,0.0,0.0,0.0,0.0,0.0,0.0,0.00671672079267495,0.0,4.77818180687876e-05,0.0,0.00485879045501168,0.0,0.0185623380936275,0.0,0.0,1.36124692358182e-05,0.0,0.000651900841551979,0.0,0.0,0.0
CHN,ROW,1662.3669998662258,0.0,244.41839059755102,48.108296250804656,14.182693878713355,0.731034045586954,306.9664447274539,2.885579216182574,0.0,0.0,4.992465970347615,19.34728908812362,181.14454185573967,1420.5767931015894,2233.3289939158512,87.64021508013356,397.8824625455452,216.48017043176966,3.4922886212817064,0.0,0.0,3.2502676949884326,2.6717105557451535,0.2391530356133344,0.0,5.518320280308516,34.065778172212944,79.31305876831142,0.24929974443544892,1.4014984479470538,0.0,0.0,0.30991891721858705,2.546588569735761,129.50540122682386,2.346763618101637,14.979396186857201,65.71238949870762
CHN,RUS,0.0,0.0,0.0,0.0232659769283804,0.0,0.0,0.562097184340011,0.279533134825188,0.0,0.0,0.0,6.32191510566285,3.19802930543525,557.63892961086,452.555899001674,15.1317793236583,206.933992906084,510.17073701219,0.0,0.0,0.0,0.0,0.0,0.0,0.0,0.0,0.0,0.0,0.0,0.0,0.0,0.0,0.000590279754963101,0.0,0.0,0.0,0.0,11.040887160937
CHN,THA,0.0,0.0,193.008073608006,0.0147764042518347,0.530982105972524,0.0,5.73358326303519,0.0,0.0,0.0,0.00195484542258891,4.03957663857597,4.44057286006203,25.1326505546482,146.585326395736,13.1298766503974,167.972452289909,98.944561653867,0.129588181599954,0.0,0.0,0.0,0.0,0.0028236233989103,0.0,0.0,0.0903327231086834,0.1801492312455,0.0,0.487462476906576,0.0,0.0,0.0,0.0,0.0,44.5624519466904,0.0,0.0
CHN,TUR,0.0,0.0,0.0,0.415735023544315,0.11884643325569,0.0,16.8490083477365,0.0,0.0,0.0,0.0,0.0205653420786802,4.67032647235614,0.0,44.0226947388284,0.0,5.29203556377007,0.0,0.0,0.0,0.0,0.0,0.0,0.0,0.0,0.0,0.00949894554331569,0.0,0.0701345401379528,0.0,0.0,0.0,0.0,0.0382269542939569,0.0,0.0,0.0,0.0
CHN,UKR,0.0,0.0,0.0,0.00068454076183818,0.0,0.0,0.0,0.146474134589959,0.0,0.0,0.0,0.0,0.0,0.99564526329874,7.71430768401369,9.55389277279874,0.0,5.29154277895205,0.0,0.0,0.0,0.0,0.0,0.0,0.0,0.0,0.0,0.0,0.0,0.0,0.0,0.0,0.0,0.0,0.0199457276398702,0.0,0.0,0.563568396706569
CHN,USA,0.0,0.0,0.0,0.0960893988260352,1.17621032289705,0.328859375332499,3.42988613592978,3.24484584177468,0.0,0.0,0.0604796093125219,0.367991175275964,21.8697792275134,0.0,392.92315007924,64.1886286920213,972.837379418423,0.0,0.145436370054935,0.0,0.0,0.0,0.0,0.0,0.0,8.34372261569153,0.0,0.0,0.000532052465710238,4.38182587543561,0.0,0.0,0.0189475717685599,0.0509250438371614,0.0,6.26690534203014,0.118302915668986,68.2322247356598
CHN,VNM,0.0,0.0,62.100636723566,1.00140413631181,0.0,0.0,1.17574155316137,0.304369131195886,0.0,0.0,0.0,9.12697503179316,8.84422943213791,12.5704952574963,94.1771014353036,14.1180127248809,190.459124599337,22.9294736289246,0.0281374683483817,0.0,0.0,0.0,0.0,0.0104559005971394,0.0,4.18827621887987,0.0275189635289479,4.00709036431344,0.00415000224526502,0.0,0.0,0.0,0.0,0.0,3.23471230875505,0.0,0.0,133.218813535662
CHN,ZAF,0.0,0.0,0.0,0.116138749297747,0.0556514768990797,0.0,0.0,0.0,0.0,0.0,0.0,0.00998973921359171,13.9967981860983,26.2580985946818,39.3464964377166,9.80298580733668,4.35894796693307,0.0,0.0,0.0,0.0,0.0,0.0,0.0,0.0,0.0,0.0,0.0,0.0,0.0293788579697054,0.0,0.0,0.0,0.0,0.0,0.0,0.0,0.0
ETH,AUS,0.0,0.0,0.0,0.0,0.0,0.0,0.0,0.0,0.0,0.0,0.0,0.0,0.0,0.0,0.0,0.0,0.0,0.0,0.0,0.0,0.0,0.000667967038801414,0.0,0.0,0.0,0.0,0.0,0.0,0.0,0.0,0.0,0.0,0.0,0.0,0.0,0.0,0.0,0.0
ETH,BGD,0.0,0.0,0.0,0.0,0.0,0.0,0.0,0.0,0.0,0.0,0.0,0.0,0.0,0.0,0.0,0.0,0.0,0.0,0.0,0.0,0.0,0.0,0.0,0.0,0.0,0.0,0.0,0.0,0.608766413920094,0.0,0.0,0.0,0.0,0.0,0.0,0.0,0.0,0.0
ETH,CAN,0.0,0.0,0.0443202074358445,0.0,0.0,0.0,0.0,0.0,0.0,0.0,0.0,0.0,0.0,0.0,0.0,0.0,0.0,0.0,0.0,0.0,0.0,0.000945163790471081,0.0,0.0,0.0,0.0,0.0,0.0,0.0,0.0,0.0,0.0,0.0,0.0,0.0,0.0,0.0,0.0
ETH,CHN,0.0,0.0,0.0,0.0,0.0,0.0,0.0,3.43134578844288,0.0,0.0,0.0,0.0,0.0,0.0,0.4248430921443,0.0,0.104472111059829,0.0,0.0,0.0,0.0,0.0,0.0,0.0,0.0,0.0273634341182894,0.0,0.0,0.0,0.0,0.0,0.0,0.0,0.0,0.0,2.64466243847675,0.0,0.0
ETH,ETH,5195.26365768927,0.0,1844.85602654612,9700.49277193951,10937.5094734447,40.8629766456247,6.68029352571269,69.6781747909893,0.0,0.0,482.79098290594,805.646890117299,2728.44366283438,15.4531285414553,1506.50005700184,0.0,977.329328323196,41.0223548944069,0.873765127146848,0.0,0.0,14.8032442834092,0.0,5.00371614683939,0.0,387.824864858807,1.54611755674564,76.1943419936181,173.666709853232,46.562198831286,0.0,0.0,14.6049392677151,0.0,0.0,16.6001874954377,0.0,0.0
ETH,EU27,0.215172263781964,0.0,0.0,0.0,0.0,0.0,0.0,0.0,0.0,0.0,0.019030590339685,0.0,18.1794660254234,0.0,2.05824032341067,0.0,0.122421080596603,1.03392651911037,0.000626348868652757,0.0,0.0,0.0,0.0,0.0,0.0,0.0,0.0,0.0,0.0,0.0,0.0,0.0,0.0,0.0,0.0,0.0,0.0,0.0
ETH,IDN,0.0,0.0,0.0,0.0,0.0,0.0,0.0,0.0,0.0,0.0,0.0,0.0,19.3217425823179,0.0,0.0,0.0,0.0,0.0,0.0,0.0,0.0,0.0,0.0,0.0,0.0,0.0,0.0,0.0,0.0,0.0,0.0,0.0,0.0,0.0,0.0,0.0,0.0,0.0
ETH,IND,0.0,0.0,0.0,0.0,0.0,0.0,0.0,34.7811500780811,0.0,0.0,0.0,0.0,32.081949873122,0.0,0.493664039326358,0.0,0.0,0.0,0.0,0.0,0.0,0.0,0.0,0.0,0.0,0.0,0.0,0.0,0.0,0.0,0.0,0.0,0.0,0.0,0.0,0.0,0.0,0.0
ETH,JPN,0.0,0.0,0.0,0.0,0.0,0.0,0.0,0.0,0.0,0.0,0.0,0.0,0.0,0.0,0.0,0.0,0.0,0.0,2.70028090900982e-05,0.0,0.0,0.0,0.0,0.0,0.0,0.0,0.0,0.0,0.0,0.0,0.0,0.0,0.0,0.0,0.0,0.0,0.0,0.0
ETH,MAR,0.0,0.0,0.0,0.0,0.0,0.0,0.0,0.0,0.0,0.0,0.0,0.0,0.0,0.0,0.0,0.0,0.0,0.0,0.0,0.0,0.0,0.0,0.0,0.0,0.0,3.27435621943077e-05,0.0,0.0,0.0,0.0,0.0,0.0,0.0,0.0,0.0,0.0,0.0,0.0
ETH,NGA,0.0,0.0,0.0,0.0,0.0,0.0,0.0,0.0,0.0,0.0,0.0,0.0,0.0,0.0386232654927296,0.221458095204752,0.0,0.0,0.0,0.0,0.0,0.0,0.0,0.0,0.0,0.0,0.0,0.0,0.0,6.26785683437744e-05,0.0,0.0,0.0,0.0,0.0,0.0,0.0,0.0,0.0
ETH,PAK,0.0,0.0,0.0,0.0,0.0,0.0,0.0,0.0,0.0,0.0,0.0,0.0,63.7820387958825,0.0,0.0,0.0,0.0,0.0,0.0,0.0,0.0,0.0,0.0,0.00115741612920188,0.0,0.0,0.0,0.0,2.32982893560159e-06,0.0,0.0,0.0,0.0,0.0,0.0,0.0,0.0,0.0
ETH,ROW,9.695358595413229,0.0,0.7260129245798642,8.57469730390709,6.356189154548,0.544049627783796,0.000166231626273814,1.1846446176278351,0.0,0.0,0.05698516489027361,33.679372048648695,98.39788930360825,9.543644241030808,27.558567222217107,0.0,8.573574549762956,3.64960033525983,0.0006065765609666233,0.0,0.0,0.01271393004894731,0.0,0.0,0.0,1.658693217617,0.001109633691780568,0.00041565295402317786,15.129292043896202,0.8313450496180342,0.0,0.0,0.000590782406464549,0.0,0.0,0.868075756369706,0.0,0.0
ETH,RUS,0.0,0.0,0.0,0.0,0.0,0.0,0.0,0.0,0.0,0.0,0.0,0.0,12.5429242101495,0.0,0.0,0.0,0.0,0.0,0.0,0.0,0.0,0.0,0.0,0.0,0.0,0.0,0.0,0.0,0.0,0.0,0.0,0.0,0.0,0.0,0.0,0.0,0.0,0.0
ETH,TUR,0.0,0.0,0.0,0.0,9.70941771268562,0.0,0.0,1.01730123034847,0.0,0.0,0.0,0.0,8.53944047370896,0.0,0.0,0.0,0.0,0.0,0.0,0.0,0.0,0.0,0.0,0.0,0.0,0.0,0.0,0.0,0.0,0.0,0.0,0.0,0.0,0.0,0.0,0.0,0.0,0.0
ETH,USA,2.67913358826494,0.0,0.0233755215127864,0.0,0.0,0.0,0.000646241059774246,0.391847040186572,0.0,0.0,0.0,0.0,0.0,0.0,0.0,0.0,0.0,0.0,0.0,0.0,0.0,0.0012059691993216,0.0,0.0,0.0,0.0,0.0,0.000693671249242756,0.0,0.0,0.0,0.0,0.0,0.0,0.0,0.0,0.0,0.0
ETH,VNM,0.0,0.0,0.0,0.0,0.0,2.61088017149649,0.0,0.811007222101054,0.0,0.0,0.0,0.0,1.07383498781541,0.0,0.0,0.0,0.0,0.0,0.0,0.0,0.0,0.0,0.0,0.0,0.0,0.0,0.0,0.0,0.0,0.0,0.0,0.0,0.0,0.0,0.0,0.0,0.0,0.0
ETH,ZAF,0.0,0.0,0.0,0.0,0.0,0.0,0.0,1.35841788902979,0.0,0.0,0.0,0.0,6.67333405606517,0.0,0.0,0.0,0.0,0.0,4.99650714077971e-06,0.0,0.0,0.0,0.0,0.0,0.0,0.0,0.0,0.0,0.0,0.0,0.0,0.0,0.0,0.0,0.0,0.0,0.0,0.0
EU27,ARG,1.85968133972366,0.0,3.18854626192315,0.0,0.0,0.175712756489928,0.116718584138841,0.0,0.0,0.0,0.0,1.17253668624684,0.169428344642019,9.80612927465631,6.18599146480367,0.0,6.88129501195316,5.14401794019386,1.81426213624191,0.0,0.0,0.0308031179674814,0.0418052385291391,0.173814261822136,0.525345226206536,0.0,0.0,0.0,0.0,0.117732653655153,0.0,0.0,3.78516734766665,0.0156023260170699,0.0,0.000908801150683739,0.0,0.0
EU27,AUS,41.2161754018765,0.0,5.37602047282328,0.0278368428898213,0.0,0.107512925541111,4.75553127142242,0.467467905994282,0.0,0.0,3.06093952182326,1.02663247272028,0.290686247743746,169.008316811399,54.9541773770564,0.820563545405286,67.5340145006377,11.3931945936208,47.3448293857149,0.0,0.0,0.853085324245682,3.30087857957281,22.762677578909,8.22458665701352,1.18512686131439,212.297051166565,1.92651222381498,0.0160222063331203,0.874830568951629,0.0,0.0,1.37560782446917,0.973035106637312,0.0,2.0551519591345,0.0124396017501448,0.0
EU27,BGD,0.0,0.0,2.90562652407805,0.0,0.0,0.0,15.6260910965409,0.0,0.0,0.0,0.0,0.135161374771673,91.239621492863,2.25898586914012,0.0,6.43792817847773,0.0,1.17016503942656,0.0,0.0,0.0,0.0431845362874587,12.1301053266513,0.00938662176289614,1.12351518502528,0.245435136786487,0.0,0.0133423868823157,0.0,0.445896431588086,0.0,0.0,0.0,1.12913673319041,0.0,0.0,0.0,0.0
EU27,BRA,0.0,0.0,158.49620750866,0.0,0.0,0.0,0.229586266818423,0.0,0.0,0.0,0.0,4.00098444089224,0.0,76.1819655714505,35.4575158187588,34.4190346277031,98.7545790894841,20.5684090978175,39.032539339508,0.0,0.0,0.700444908879561,0.0,3.01901163129401,1.08102976938769,0.0,2.45233954794032,0.062892584334778,0.0,0.50632882098463,0.0,0.0,3.0769300742703,0.0,0.0,0.0,0.0,0.0448756960286234
EU27,CAN,16.6854250398248,0.0,79.7101779496703,0.0,0.0,0.0,4.85059244904041,0.0,0.0,0.0,0.0,0.0,0.0,190.480537250379,63.9388500740899,28.218174565923,131.969422034109,5.89540987024561,187.540959777612,0.0,0.0,1.82061057571915,0.0,13.9881202869844,0.213215214584415,2.05086482556667,9.49764221398867,7.62629999831962,0.896201401988102,0.72288903323114,0.0,0.0,15.5794943513185,4.18263324507778,0.0,0.0,0.0,0.0
EU27,CHN,7.02824594162423,0.0,407.773411889001,0.0,0.0,0.0,0.0,0.0,0.0,0.0,0.0,0.0,13.4090807198232,2.41882949703354,15.6823724723101,20.3566835118031,148.500093677097,64.1978042623279,402.205309107175,0.0,0.0,5.0341782054932,36.0122763159427,7.34229555675063,227.24256221605,121.218369105545,1091.16906754475,98.242197901648,12.3600168768826,3.8771669274934,0.0,0.0,253.725681996338,4.13174209577527,0.0,0.0,0.0,0.751830165178
EU27,ETH,737.884289915026,0.0,249.615871312833,0.0893005279548879,0.732854556561366,0.00569349091104736,0.0,0.0,0.0,0.0,0.0,0.0168633395300195,0.84476548405346,3.02794906855577,0.0,1.1320136074051,1.8857567045601,0.688696669340461,0.512741774313558,0.0,0.0,0.0229497539433163,0.251212978996618,0.0501265337454245,0.6381638107392,0.000556682108994627,0.662080029819212,0.522377872457261,0.00056652296668192,0.0015636001167926,0.0,0.0,2.43159317842957,1.18368174091665,0.0,0.0,0.0,0.0
EU27,EU27,101544.845298757,0.0,43742.1575221643,60587.5536215693,12374.7997992502,16852.2318370806,9015.83958991068,1485.50012677939,0.0,0.0,13293.1063805668,44663.56635261,2811.94468268779,13225.2165679447,44758.4807092228,8870.64766577249,11206.9109936824,8273.16336569949,13414.367950569,0.0,138259.206575392,1975.00031123214,1102.509546602,9032.6671990988,1307.62094630499,5619.07163349992,18921.5552782595,10221.2627374983,590.025906256055,5890.62990087255,0.0,0.0,10100.5539086612,2925.66596491796,2241.83510464974,9879.43800607273,3311.38781286517,9511.06575266829
EU27,IDN,55.5884075715328,0.0,49.086493173968,0.0,0.0,0.0,8.71045889859337,0.0,0.0,0.0,0.0,1.46692972956736,7.75603298296322,20.1616930504404,18.1255577707335,0.772761958846355,6.65411376605176,1.8825036087903,1.22263799647307,0.0,0.0,7.70764725327689,46.1321042709357,0.23949774641913,101.311377423523,5.47730633759367,0.652949288958458,0.00280155672948431,0.000209149372702628,0.175845550596114,0.0,0.0,0.899955026097093,4.51822700951265,0.0,0.0,0.488555370529235,0.0
EU27,IND,294.186598790266,0.0,29.8731605831755,0.0001,0.0,0.0,0.281763776623195,0.0,0.0,0.0,0.0,0.0,327.073924095247,30.8731020069118,2.64991260920241,22.3194304780893,13.5951628172992,3.2201899028699,1.34239466566218,0.0,0.0,0.132097403026467,0.0,0.903604179279891,7.2575271225571,0.00130998005980813,0.595102469855709,0.00038424990995459,0.000626508028202409,0.00104613781432465,0.0,0.0,53.3904502110753,0.0,7.82068370539687,0.0,8.61241439581744,0.125171815511324
EU27,JPN,0.0,0.0,259.801083350019,0.0,0.0,0.0,0.884821020931944,0.0,0.0,0.0,0.0,0.0,0.0,210.234304904054,30.7191692575838,20.0216218165814,116.304657163695,40.5885452157123,146.518465746952,0.0,0.0,4.72039151551125,6.15205873878126,71.5669718790359,15.7015623757931,6.65584923304529,583.172271658515,6.40525591776329,4.66820850186515,3.17231318712636,0.0,0.0,4.25856054693592,13.3716956154069,4.04827663912475,0.0,0.0,0.0
EU27,KOR,182.710420286885,0.0,47.5414171343353,6.26901409472261,0.0,1.31294590251367,3.52683103954042,0.0,0.0,0.0,0.0,0.0,0.335924510612769,17.1870445581103,10.0088472641939,1.57898478760503,34.7492615445813,32.69579974641,21.0848649813887,0.0,0.0,2.58961051243674,13.1047746721955,5.02900462251594,10.016543778442,0.0,440.397159615427,6.09841747142639,1.06913531891321,1.92402193174286,0.0,0.0,2.73516603960966,6.93905574865391,0.0,0.0,0.344990077891677,0.0
EU27,MAR,3193.47016109363,0.0,477.232276018041,2.75594289027229,0.04189280040126,0.0304545320204219,9.98594111852436,0.0,0.0,0.0,0.0,22.0451802785745,5.25859852283683,8.36293756592162,18.6648351710103,0.771460129475082,47.7749105436145,5.48137905651429,9.75214128051444,0.0,0.0,2.9137568154632,4.19159667280253,8.65088008799878,1.79084515107035,0.38559051062255,0.0005996428040918,0.173391518163346,0.0658269014559615,1.24010021996121,0.0,0.0,4.13956503624535,45.7880042689687,184.793617794052,143.613711751088,58.1808958008272,0.0
EU27,MEX,139.20767673064,0.0,92.7319327700951,0.0,0.0,0.0,1.72234795646477,0.0,0.0,0.0,0.0,0.0,0.0,4.98554908541925,7.83871223372912,11.0879768294442,30.9085336448988,0.994129333520647,40.1476112603687,0.0,0.0,8.61466533754122,3.2178128598655,4.85079020212469,11.0853037303522,0.0,10.3552493762502,0.0,0.0,1.48077919055308,0.0,0.0,6.45910038740514,2.16504953553335,0.632427950634923,0.0,0.0,0.0
EU27,NGA,950.18728140341,0.0,7.88131728895125,0.0,0.0001,0.0,0.0,0.0,0.0,0.0,0.0,0.121241565727421,0.0174187455796799,82.5599915397249,2.20749277760546,4.47682958700629,3.38046751265629,1.11205607545615,21.6502658714861,0.0,0.0,0.288245196027168,22.9570700072106,0.168573662784244,3.10503626569095,1.17375351488649,1.30484777001794,1.30601759002812,0.0140761033191521,0.411947493114627,0.0,0.0,0.0,0.0,0.0480255746809414,0.0,0.0,0.0
EU27,NZL,9.63649847936063,0.0,8.41343288554203,3.63288282644491,0.0,0.0,0.0294666473975759,0.0,0.0,0.0,13.7937722015432,0.254679354343511,0.417422042965412,60.8723086276365,11.2976414346947,0.0921160331200795,6.16250886185371,0.413301073086879,6.20472398271125,0.0,0.0,0.125379916498362,0.604881697253377,5.36429512855819,16.0193943026104,0.0,74.3937825160756,0.141006196684822,0.0,1.56375028881182,0.0,0.0,5.42429459173232,2.68260474848148,1.76060117943462,8.22507758467085,0.0,0.0
EU27,PAK,6.89191873411963,0.0,0.0,0.0,0.0,0.0,29.2357045626483,0.0,0.0,0.0,0.0,2.59816086781329,13.3448941327863,0.0,0.0,0.0,0.0,1.41618030418723,0.0,0.0,0.0,0.267958434535693,9.95697376419556,1.7941027540439,14.0678524225926,0.00207638208964801,0.0,0.001215941608556,0.000295108323548626,1.27205011565303,0.0,0.0,0.0221208656918961,0.0,0.0,0.0,0.0,0.0
EU27,ROW,13870.073824269937,0.0,3098.289899992727,536.7664673171091,42.93564129965801,1732.8695722482175,166.65594302007372,739.8055676311069,0.0,0.0,4040.102144656695,2006.0136647525892,403.647898458444,3120.7184629687526,4734.464139979199,1535.603662298918,2405.9547543394915,2076.3041100465152,1239.8707878261666,0.0,0.0,159.81963680363899,374.9235915133163,625.8340177200258,175.3935341622754,712.4922241162669,1143.4385833249046,2051.703539074642,44.2429210965103,565.135151852131,0.0,0.0,170.33414606060694,221.20491340575262,321.4465810351679,433.97897849166134,760.2528823299422,1526.182181847441
EU27,RUS,52.2068476643814,0.0,178.515857868254,6.4047984225622,1.47233300208125,17.7540483451825,11.6212094214765,201.42744712001,0.0,0.0,2.87367173397438,0.0,4.25379011204585,155.59556283405,72.7933412753371,84.9999720922165,130.289041476862,47.0697336511822,366.404678050244,0.0,0.0,0.0,0.0,0.0,0.0,3.34964002427714,0.0,8.06776618953864,0.000154503944947479,490.958809285069,0.0,0.0,1.35776646246847,0.400458190610199,0.273803506218663,0.77824296931112,0.0,14.7813630584632
EU27,THA,164.60541593396,0.0,22.9020053676648,0.0,0.0,0.0,1.04756195578494,2.88333254720032,0.0,0.0,0.0,0.94577167216397,0.0,32.651791387165,7.90891841482901,7.56961317439217,32.3005185292913,3.89080862904979,1.66623374447392,0.0,0.0,1.67107685096327,16.0865664702565,2.73577798127866,28.7232219845577,0.504954569498464,0.419962084505709,0.667434693693404,0.0,5.10761012444293,0.0,0.0,0.425293402897305,3.4404870315439,0.0,0.0,0.0,0.0
EU27,TUR,4212.00334252474,0.0,139.852445835545,41.2090785493408,8.42033412410001,105.432074242083,319.029257421408,0.0,0.0,0.0,5.1604716943039,9.63991996498934,0.0,0.72361100621265,12.1444470045948,7.75630627640809,22.075349069171,13.3175087414262,1.95798683805828,0.0,0.0,2.60965176482034,0.0565704614896451,5.15804489287847,0.335368877015923,1.31609136208859,1.87833837907585,0.39212813419415,0.351822181992766,0.469828062742757,0.0,0.0,1.25055564923687,22.1181033867318,18.3748261819189,36.9471463362103,136.287301969203,285.344470745204
EU27,UKR,16.8947302214251,0.0,7.93310530216189,1.4199463428047,1.98821809687747,12.0413043757086,9.77652638048025,0.8851376675911,0.0,0.0,19.4394420160342,1.0637787665901,1.59778284317495,4.2528188664971,10.8546220361596,23.8385273888918,59.9630738368673,42.1735110926095,23.0550148962552,0.0,0.0,0.779133195522319,0.11744568687367,9.36459144100741,1.41518467672907,2.15060537374073,16.1263464992436,68.8590125523616,0.0017605021107058,20.607181641466,0.0,0.0,1.42874999338003,0.148051294913189,0.0628909234866553,0.134860777385783,0.303137380290079,0.996406122012765
EU27,USA,132.280128911746,0.0,178.374657971903,1.01482968621539,0.0,0.0,34.198215098752,0.0,0.0,0.0,0.0,0.0,6.16520977399817,134.314667271775,155.452145458763,1109.54992455643,268.876980319904,134.19848705782,949.920977195439,0.0,0.0,22.329128324037,0.127655407909947,101.739139980784,3.82614624502328,0.0,184.492660442786,0.0,0.0,11.5010604289091,0.0,0.0,24.374853644188,112.190437383167,0.778713601597615,2653.35692476437,1.75027836854588,0.0
EU27,VNM,610.522497905632,0.0,100.403460910227,11.9454537915212,0.0607267648010898,0.0,0.0,0.0,0.0,0.0,0.0,2.316099063029,0.0,5.49937577883951,8.6017279731067,5.40337090287955,0.0,0.841783655731666,1.94485347403221,0.0,0.0,0.851195761218117,51.3149111110251,1.34236294994721,20.6818521320419,0.976959319418541,0.248401530774316,4.18701917599657,0.00142515856216934,0.0,0.0,0.0,0.0715553399120918,0.119590619130889,0.0,0.0,3.57098642038315,0.0
EU27,ZAF,614.450587761463,0.0,113.917174380502,0.0,0.0,0.0,30.0601556823944,0.0,0.0,0.0,259.400996251292,3.20486227398351,2.84158407620825,95.3458670583797,35.0540699297148,13.7018526240162,15.2536488035616,7.65616125129698,2.81257206263876,0.0,0.0,1.23988895988694,4.93679441619967,3.91770476081034,6.34060255136577,0.0,34.0640832900258,226.897524617216,0.230395894208312,1.62394059460198,0.0,0.0,5.2859845407312,108.056692322598,31.3297674612055,0.0,0.0,0.0
IDN,ARG,0.0,0.0,0.0,0.0,0.0,0.0,0.0,0.0,0.0,0.0,0.0,0.0,0.0,0.0,0.0,0.0,10.3393522160732,0.0,0.0,0.0,0.0,0.0,0.0,0.0,0.0,0.0,0.0,0.0,0.0,0.0,0.0,0.0,0.0,0.0,0.0,0.0,0.0,0.0
IDN,AUS,0.0,0.0,0.0,0.0,0.0,0.0,0.0,22.6189694239972,0.0,0.0,0.0,0.0,0.0,0.0,0.0,0.0,10.7181710001167,0.0,0.0,0.0,0.0,0.0,0.0,0.0,0.0,0.00476057297915549,0.0173976873851776,0.0,0.0,0.0,0.0,0.0,0.0,0.0,0.0,0.0,0.0,0.0
IDN,BGD,0.0,0.0,0.0,0.0,0.0289554557834855,0.0,0.0,0.0,0.0,0.0,0.0,0.0,0.0,0.0,0.0,0.0,7.96078588460673,0.0,0.0,0.0,0.0,0.0,0.0,0.0,0.0,0.0,0.0,0.0,0.0,0.0,0.0,0.0,0.0,0.0,0.0,0.0,0.0,0.0
IDN,BRA,0.0,0.0,0.0,3.88195312322975,0.0,0.0,0.0,0.0,0.0,0.0,0.0,0.0,0.0,0.0,0.0,0.0,0.0,0.0,0.0,0.0,0.0,0.0,0.0,0.0,0.0,0.0,0.0,0.0,0.0,0.0,0.0,0.0,0.0,0.0,0.0,0.0,0.0,0.0
IDN,CAN,0.0,0.0,0.0,0.0,0.0,0.0,0.0,0.0,0.0,0.0,0.215217388297365,0.0,0.0,0.00671972947652691,0.0,0.0,4.77120689136281,0.0,0.0,0.0,0.0,0.0,0.0,0.0,0.0,0.0,0.0,0.0,0.0,0.0,0.0,0.0,0.0,0.0,0.0,0.0,0.0,0.0
IDN,CHN,0.0,0.0,0.0,0.0,0.0,0.0,0.0,0.0960720578845517,0.0,0.0,0.0,0.0551726381555842,6.50519967338122,0.0415048571280154,4.12598488394811,0.0,27.8730672633536,0.154650569933365,0.0,0.0,0.0,0.0,0.00861035522016463,0.0,0.0,0.0182380253483676,0.0,0.0,0.0,0.0,0.0,0.0,0.0,0.0,0.0,0.0,0.0,0.0311712569441805
IDN,ETH,0.0,0.0,0.0,0.0,0.0,0.0,0.0,0.0,0.0,0.0,0.0,0.0,0.0,0.0,0.0,0.0,0.0,0.0,0.0,0.0,0.0,0.0,0.0,0.0,0.0,0.0,0.0,0.0,0.0,0.0,0.0,0.0,0.0,0.00105051847415739,0.0,0.0,0.0,0.0
IDN,EU27,0.0,0.0,0.0,0.0,0.11390799055653,0.0,0.0,0.0001,0.0,0.0,0.0,0.697946981589284,0.433332659755294,0.0,1.08422841885512,0.0,132.531715723117,0.169889044410892,0.0,0.0,0.0,0.0,0.0,0.0,0.0,0.0,0.0,0.0,0.0,0.0001,0.0,0.0,0.0,0.0,0.0001,0.0,0.0394164564698864,0.0
IDN,IDN,0.0,0.0,0.0,27154.0286421037,85.3890674175362,0.0,0.0,750.514569841597,0.0,0.0,2227.70315214534,1282.49350077731,186.183572187752,925.204605668635,10681.7753004916,0.0,16117.0768861151,2299.01509639371,0.0,0.0,0.0,0.0,0.0886602235294248,0.0,0.0,460.824747184124,290.283106177232,2853.11660262862,122.784838188214,3461.05238013523,0.0,0.0,0.0,12.9114849241602,533.962244548403,0.0,13.9962457135888,2121.8815703802
IDN,IND,0.0,0.0,0.0,0.0,7.53428080383431,0.0,0.0,0.0,0.0,0.0,0.0,0.0,0.32109292837638,0.0,0.0,0.0,19.1102700422365,0.0,0.0,0.0,0.0,0.0,0.0,0.0,0.0,0.0,0.0,0.0,0.0,1.97495132492009e-05,0.0,0.0,0.0,0.0,0.0,0.0,0.0,0.0
IDN,JPN,0.0,0.0,0.0,50.8313028267971,0.0,0.0,0.0,0.0,0.0,0.0,0.0502572205586618,0.0,1.65766890784919,0.0,12.0787534934402,0.0,23.6072796385752,0.0,0.0,0.0,0.0,0.0,0.0,0.0,0.0,0.0,0.0,0.0,0.0,0.0,0.0,0.0,0.0,0.0,0.0,0.0,0.0,0.0
IDN,KOR,0.0,0.0,0.0,37.489728327899,0.0,0.0,0.0,0.0,0.0,0.0,0.0454011253480495,0.256786342544966,0.0,0.0,0.0,0.0,11.9792951580038,0.049885074334779,0.0,0.0,0.0,0.0,0.0,0.0,0.0,0.0,0.0,0.0,0.0,0.0,0.0,0.0,0.0,0.0,0.0,0.0,0.0,0.0233792360990602
IDN,MEX,0.0,0.0,0.0,0.0,0.0,0.0,0.0,0.0,0.0,0.0,0.0,0.0,0.0,0.0,0.0,0.0,10.0991680856159,0.0,0.0,0.0,0.0,0.0,0.0,0.0,0.0,0.0,0.0,0.0,0.0,0.0,0.0,0.0,0.0,0.0,0.0,0.0,0.0,0.0
IDN,NGA,0.0,0.0,0.0,0.0,0.0,0.0,0.0,0.0,0.0,0.0,0.0,0.0,0.0,0.0,0.0,0.0,0.0,0.0,0.0,0.0,0.0,0.0,0.00522097029935815,0.0,0.0,0.00510222234890532,0.0,0.0,0.0,0.0,0.0,0.0,0.0,0.0,0.0,0.0,0.0,0.0
IDN,NZL,0.0,0.0,0.0,0.0,0.0,0.0,0.0,0.0368656321094628,0.0,0.0,0.0,0.0,0.0,0.0,0.0,0.0,5.17550933626706,0.0,0.0,0.0,0.0,0.0,0.0,0.0,0.0,0.0,0.0,0.0,0.0,0.0,0.0,0.0,0.0,0.0,0.0,0.0,0.0,0.0
IDN,PAK,0.0,0.0,0.0,0.0,0.0,0.0,0.0,0.0,0.0,0.0,0.0,0.0,0.0,0.0,0.0,0.0,99.4846218391919,0.0,0.0,0.0,0.0,0.0,0.0,0.0,0.0,0.0,0.0,2.85765898861824e-05,0.0,0.0,0.0,0.0,0.0,0.0,0.0,0.0,0.0,0.0
IDN,ROW,0.0,0.0,0.0,80.8750026495533,3.180620018761778,0.0,0.0,1.019282631770957,0.0,0.0,0.977778901621799,5.762417837324191,19.314973033161095,0.304089039115644,19.611728800606677,0.0,203.92487541673174,4.990156463902238,0.0,0.0,0.0,0.0,0.6646178770003124,0.0,0.0,0.25709958154538864,0.16799127683484222,2.5059121684088,0.0,1.14549869393925,0.0,0.0,0.0,0.20276985290447527,1.64278075674085,0.0,0.0777173716338945,0.047115553819640346
IDN,THA,0.0,0.0,0.0,0.0,0.0,0.0,0.0,0.0,0.0,0.0,0.0,0.0,0.0,0.0,9.28268195487854,0.0,34.6630503502194,0.0,0.0,0.0,0.0,0.0,0.0,0.0,0.0,0.0,0.0,0.0,0.0,0.0,0.0,0.0,0.0,0.0,0.0,0.0,0.0272095408387496,0.0
IDN,TUR,0.0,0.0,0.0,126.109177394264,0.0,0.0,0.0,0.0,0.0,0.0,0.0,0.0,0.0,0.0,0.0,0.0,0.0,0.0,0.0,0.0,0.0,0.0,0.0,0.0,0.0,0.0,0.0,0.0,0.0,0.0,0.0,0.0,0.0,0.0,0.0,0.0,0.0,0.0
IDN,USA,0.0,0.0,0.0,0.0,0.0,0.0,0.0,0.269192727179126,0.0,0.0,0.0,0.0,0.0,0.0,1.53077193838857,0.0,146.759880370351,0.0,0.0,0.0,0.0,0.0,0.0,0.0,0.0,0.0,0.0,0.0,0.0,0.0,0.0,0.0,0.0,0.0,0.0,0.0,0.0,0.0
IDN,VNM,0.0,0.0,0.0,0.0,0.0,0.0,0.0,0.0,0.0,0.0,0.0,0.0,1.2458454521386,0.0,0.0,0.0,52.4604210085274,0.0717363075028391,0.0,0.0,0.0,0.0,0.0,0.0,0.0,0.0325822122374936,0.00124590245114922,0.0,0.0,0.0,0.0,0.0,0.0,0.0,0.0,0.0,0.0,0.0
IDN,ZAF,0.0,0.0,0.0,0.0,0.0,0.0,0.0,0.0,0.0,0.0,0.0,2.86858497799267,0.0,0.0,0.0,0.0,0.0,0.0,0.0,0.0,0.0,0.0,0.0,0.0,0.0,0.0,0.0,0.0,0.0,0.0,0.0,0.0,0.0,0.0,0.0,0.0,0.0,0.0
IND,ARG,0.0,0.0,0.0,0.0,0.0,0.0280229507580922,0.0,0.0,0.0,0.0,0.0,0.0,0.0,0.0,0.0,0.0,0.0,0.0,0.0,0.0,0.0,0.0,0.00250153559630098,0.0,0.0,8.15956123172594,0.0,0.0,0.0,0.0,0.0,0.0,0.0,0.0,0.0,0.0,0.0,0.0
IND,AUS,18.8641636799371,0.0,0.0,0.0,0.0,0.0943160712740923,0.0,0.0,0.0,0.0,0.260593960998559,0.238924054747772,1.95232713451329,0.0,19.168189864764,0.0,4.6570645510249,0.0,0.0,0.0,0.0,0.59728231187232,0.0,0.0,0.0,0.0,0.0,0.0,0.0,0.0,0.0,0.0,0.111107974375886,0.0364351411103556,0.155719452401817,0.0,0.0,0.0
IND,BGD,17.1965781443934,0.0,0.0305865554406633,105.793894638624,0.163027909807324,0.0,0.0,0.0,0.0,0.0,0.0,0.0840494178932085,7.04807362055245,4.39713374753888,251.837606063171,2.63587614008514,8.14282505831636,19.9989444485559,0.0,0.0,0.0,0.322857316645103,1.01342745217378,0.168871533557556,0.0,1.1517325543803,0.0,0.0,0.0,2.20619155293932,0.0,0.0,2.20539231260092e-05,0.0,0.0274128891220785,0.000159343630100491,0.0,868.336529233546
IND,BRA,0.0,0.0,0.0,0.0,0.0,0.0,0.0,0.0,0.0,0.0,0.0,0.00264275865244193,0.0,0.0,27.2783568588114,0.0,0.0,0.0,0.0,0.0,0.0,0.0,0.0,0.0,0.0,0.0,0.0,0.0,0.0,0.0,0.0,0.0,0.0,0.0,0.0,0.0,0.0,0.0
IND,CAN,14.6252919543363,0.0,0.0,0.0,0.0,0.0,0.0,60.6076582570677,0.0,0.0,0.0,0.00275130371290724,5.97759572873448,0.0,30.9368278064727,0.0,8.61922244699688,0.0,0.0,0.0,0.0,0.246762332553569,0.00356247834044207,0.0,0.0,0.0,6.53900654187793e-05,0.0,0.0,0.0,0.0,0.0,0.186286579587939,0.0,0.0,0.0,0.0,245.319574937421
IND,CHN,0.330970338506132,0.0,0.0,0.0,0.0,0.0,0.0,0.0,0.0,0.0,0.0,0.426035615430658,18.8903786997422,0.0,15.2649347346448,0.0,17.2093434919189,0.0,0.0,0.0,0.0,0.0,0.0,0.0880550260791569,0.0,0.0,0.0238310356399861,0.0,0.0,0.0,0.0,0.0,0.0228666745207548,0.0,0.0,875.742854196839,0.0,16.2602582819578
IND,ETH,0.0,0.0,0.0,0.00560039801598841,0.0441859941517553,0.0,0.0,0.0,0.0,0.0,0.0,0.000140962653642578,0.0,0.0,0.0,0.0,0.931422041487305,0.0,0.0,0.0,0.0,0.0,6.52975033121453e-05,0.0,0.0,0.0,0.0,0.0,0.0,0.0,0.0,0.0,0.0,0.179036285511645,0.0,0.0,0.0,0.0
IND,EU27,0.0,0.0,0.0,0.0,15.5845923497082,0.604683318760071,0.0,0.0001,0.0,0.0,462.163323804513,0.370131003306725,14.7461462560142,0.0,465.30777572078,0.0,99.5688620139448,0.0,0.0,0.0,0.0,0.0,2.95112652104762e-05,0.0,0.00770076050657876,0.0,0.000684507904591692,0.0,0.0,0.0001,0.0,0.0,0.0567464460732003,0.0,0.0,0.0,0.0,625.01381030619
IND,IDN,0.0,0.0,0.0,0.0,0.0,0.0,0.0,0.0,0.0,0.0,0.0,4.0322456847158,0.0,0.0,61.0925448228039,0.0,8.06482042780505,0.0,0.0,0.0,0.0,3.60186348813173,0.0,0.0,0.0,174.832963943607,2.5645743765534e-06,0.0,6.26149311482474e-05,4.71069819546339,0.0,0.0,0.0,0.0,0.0,34.6657232292404,0.0,0.0
IND,IND,92931.175874798,0.0,1511.9727977708,23555.5274527184,15136.529795332,7627.9649460357,221.580386395828,11533.3105243141,0.0,0.0,24763.6964768749,45682.531805341,20031.6925400647,19580.8094208419,110022.423706464,2459.05214209731,76966.4615604967,11744.3313127188,0.0,0.0,0.0,4460.54886911547,179.020457697665,0.0664639248666915,0.989912447291018,1310.09084351378,382.63771553064,3787.99825833011,770.826351341274,4606.79832882419,0.0,0.0,2160.03040835447,75.6626943130058,1388.98166211936,2223.46142463771,92.2826472290194,2132.43815807588
IND,JPN,0.0,0.0,0.0,0.0,0.0,0.0,0.0759203753795394,0.0,0.0,0.0,0.0,0.00195091775065723,5.11472933548527,0.0,0.0,0.0,7.80126854582631,1.15791409628331,0.0,0.0,0.0,0.321302287525735,2.17611496731863e-05,0.0288010885985391,0.0,0.0,0.0,0.0,0.0,0.367393915122148,0.0,0.0,0.0,0.0,0.0,8.5314149468185,0.0,147.589232482003
IND,KOR,0.0,0.0,0.0,8.78707011719286,0.0,0.107496048235562,0.0,0.0,0.0,0.0,0.0,0.000398515522097437,0.0,0.0,0.0,0.0,0.0,0.0,0.0,0.0,0.0,0.0,0.0,0.0,0.0,0.0,0.0,0.0,0.0,0.0,0.0,0.0,0.0,0.0,0.0,321.223119286562,0.0,460.918071769183
IND,MAR,0.0,0.0,0.0,0.0,0.0,0.0,0.0,0.0,0.0,0.0,0.0,0.0,3.44192397715412,0.0,0.386575707838038,0.0,0.0,0.0,0.0,0.0,0.0,0.860654871339171,0.0,0.0,0.0,0.0,0.0,0.0,0.0,0.0,0.0,0.0,0.0,0.0,0.0,0.0,0.0,0.0
IND,MEX,0.0,0.0,0.0,0.0,0.0,0.0,0.0,0.0,0.0,0.0,0.0,0.0,0.0,0.0,14.4400754545836,0.0,0.0,0.0,0.0,0.0,0.0,0.0,0.0,0.0,0.0,0.0,0.0,0.0,0.0,0.0,0.0,0.0,0.0,0.0,0.0,0.0,0.0,0.0
IND,NGA,0.0,0.0,0.0,0.0,0.0185525740572835,0.0,0.0,0.0,0.0,0.0,0.0,0.471009180638002,0.0157357079706149,0.0,2.863671004546,0.0,0.913979633041888,0.0,0.0,0.0,0.0,0.408336016700967,0.000212656499887838,0.0,0.0,0.0,0.0,0.0,0.0,0.735271563617468,0.0,0.0,0.0,0.0,0.0,0.0,0.0,0.0
IND,NZL,0.0,0.0,0.0,0.0,0.0,0.0,0.0731295832775478,0.0,0.0,0.0,0.0,0.00810204460391674,0.671712420873772,0.0,7.85161266956894,0.0,2.85740958057801,0.0,0.0,0.0,0.0,0.0939959629076416,0.0,0.0372176647665117,0.0,0.0,0.0,0.0,0.0,0.0,0.0,0.0,0.0,0.235811995153031,0.0,0.0,0.0,0.0
IND,PAK,1.50872714382893,0.0,0.0,9.84515580275214,0.0,0.72285807491842,0.0,0.0,0.0,0.0,0.0,0.561474103847963,16.9349325154941,81.4341012629347,2.6683717535992,0.0,13.3243746770358,0.0,0.0,0.0,0.0,0.24607788093934,0.286847283917502,0.0,0.0,0.128766590473129,0.0,0.0,0.0,0.605652313185672,0.0,0.0,1.37001836187971e-06,0.0,0.0,0.0,0.0,0.0
IND,ROW,537.7217935808264,0.0,32.46054002516626,2081.6884608508576,607.6428831712922,15.75873260508148,2.944976862392454,7.3632258802278026,0.0,0.0,1691.1070435787547,33.49963690139065,135.73336109853898,14.20477690249415,1719.6757859413572,8.542250027535387,587.8094410847984,45.735035741607035,0.0,0.0,0.0,8.692750019184995,0.9449241059842022,6.440584804303525,0.2781988549160528,729.1926753204517,0.09610923113615481,4.297306096522025,20.500724110414822,17.394735589748315,0.0,0.0,0.12008615650558555,2.4184202135420168,2.601695093221185,46.55792177443989,2.257752529002894,1093.3900133954526
IND,RUS,0.0,0.0,0.0,0.0,0.0,0.0,0.0,0.0,0.0,0.0,0.0,0.0625270732965641,0.37981641436256,0.0,68.652634585458,0.0,0.0,7.22348266130099,0.0,0.0,0.0,0.0,0.0,0.0,0.0,97.8069225970476,0.0,0.0,0.0,3.48488621047998,0.0,0.0,0.00686892313820767,0.0,0.0,0.0,0.0,24.1158797275695
IND,THA,0.0,0.0,0.0,2.21468703963627,0.0,0.0,0.0,0.0,0.0,0.0,0.0879905783716709,0.63469949593126,0.392496815649553,0.0,22.4996240646225,0.0,2.2547983463552,0.0,0.0,0.0,0.0,0.0765093015793686,0.0154857292225936,0.0,0.0,10.8701041662373,5.12974416526815e-05,0.0,0.0,1.17315509751959,0.0,0.0,0.0,0.0,0.0,163.831296127239,0.0,354.262273446144
IND,TUR,0.0,0.0,0.0,0.0,0.0,0.0221423364583119,0.0,0.0,0.0,0.0,96.6952314085934,0.00318102518007423,11.0850717571737,0.0,22.6742196115213,0.0,0.0,0.0,0.0,0.0,0.0,0.0,2.11998719866647e-05,0.0,0.0,0.0,5.35205435528712e-06,0.0,0.0,0.0,0.0,0.0,0.0,0.0,0.0,0.0,0.0,0.0
IND,UKR,0.0,0.0,0.0,0.0,0.0,0.0,0.0,0.0,0.0,0.0,0.0,0.0,0.0,0.0,5.67127722524075,0.0,0.0,0.0,0.0,0.0,0.0,0.0,0.0,0.0,0.0,0.0,0.0,0.0,0.0,0.0,0.0,0.0,0.0,0.0,0.0,0.0,0.0,0.0
IND,USA,66.0072874294651,0.0,0.0,0.0,0.0,0.689856179996927,0.0,129.712295679087,0.0,0.0,0.0,1.99328382638395,22.9244673592694,0.0,77.2788207486101,0.18901125601722,39.260608167826,0.0,0.0,0.0,0.0,0.398201733025248,0.000197814806077524,0.193817608850211,0.00585425499460106,0.0,0.000246865176355621,0.0,0.0,0.0,0.0,0.0,0.135692717370004,0.0976527353423022,0.0387459720969222,0.0,0.0,144.821565954273
IND,VNM,0.0,0.0,0.0,31.1911159913183,0.109635288476406,0.0,0.0,0.0,0.0,0.0,0.0,0.56157495322065,0.0,0.0,23.4991552227198,0.0,0.0,0.0,0.0,0.0,0.0,0.0,0.0,0.0,0.0,47.0413983203418,0.00273888678924973,0.0533795761310561,0.000149421606086385,3.1603021219168,0.0,0.0,0.0,0.0,0.0,0.0,2.43358718927793,68.990360880371
IND,ZAF,0.0,0.0,0.0,0.0,0.0,0.0,0.0,0.0,0.0,0.0,0.0,0.290916172412938,1.30342331235791,0.0,24.236100042526,0.0,0.0,0.0,0.0,0.0,0.0,0.0,0.0,0.0,0.0,0.0,0.0,0.0,0.0,0.0,0.0,0.0,0.0,0.0,0.0,0.0,0.0,0.0
JPN,ARG,0.0,0.0,0.0,0.0,0.0,0.0100872523285957,0.0,0.0,0.0,0.0,0.0,0.0,0.0,0.0,0.0,0.0,0.0,0.0,0.0,0.0,0.0,0.0,0.0,0.0,0.0,0.0,0.0,0.0,0.0,0.0,0.0,0.0,0.0,0.0,0.0,0.0,0.0,0.0
JPN,AUS,1.75723600422642,0.0,5.46108334314357e-05,0.0,0.000852098040267176,0.0,0.0,15.8892476254417,0.0,0.0,0.0,0.00863186750153835,0.0569436371982557,0.0,0.257418588908208,0.0,0.412151517743703,0.309169950195304,0.0,0.0,0.0,0.0,0.0,0.0,0.0,0.0,0.0,0.0,0.0,0.0,0.0,0.0,0.0,0.0,0.0,0.0,0.0,0.0
JPN,BGD,0.0,0.0,0.0,0.0,0.0,0.0,0.0,0.0,0.0,0.0,0.0,0.0,0.0660905967730578,0.0,0.0,0.0,0.0,0.0,0.0,0.0,0.0,0.0,0.0,0.0,0.0,0.0,0.0,0.0,0.0,0.0,0.0,0.0,0.0,0.0,0.0,0.0,0.0,0.0
JPN,BRA,0.0,0.0,0.0,0.0,0.0,0.0,0.0,0.0,0.0,0.0,0.0,0.0,0.0,0.0,0.0,0.0,0.0,0.0,0.0,0.0,0.0,0.0,0.0,0.0,0.0,0.0,0.0,0.0,0.0,0.0395721533082519,0.0,0.0,0.0,0.0,0.0,0.0,0.0,0.0
JPN,CAN,0.0,0.0,0.000535540644112125,0.00497259991099036,0.00204298066529802,0.0,0.0,0.269511916419053,0.0,0.0,0.0,0.0306398617816124,0.0,0.0,0.0,0.0,0.483369213522016,0.079445209611073,0.0,0.0,0.0,0.0,0.0,0.0,0.0,0.0578929347238638,0.0,0.0,0.0,0.0,0.0,0.0,0.0,0.0,0.0,0.0,0.0,0.0
JPN,CHN,10.523612125839,0.0,0.0,0.057954773433644,0.00915806316153019,3.8341043620424,0.0,1.03531907800521,0.0,0.0,0.0,0.368513445932311,1.26215421295925,0.737026681020868,6.43320995754164,12.6075847625142,15.6894718103177,1.32922762695544,0.0824698378009876,0.0,0.0,0.00306270702695534,0.00249885877800518,0.179663023217041,0.0,1.6321746445919,1.48936885087367,8.69914528016414,0.0,1.43997621584839,0.0,0.0,0.969573462580724,0.0201269817225651,0.358253304800616,0.0,0.0,0.0619195287984939
JPN,EU27,0.0,0.0,5.99194991887579e-05,0.0408245578753975,0.0002,0.0488651175004681,0.0,0.154010912997852,0.0,0.0,0.0,0.0715451225533754,0.0616837160936336,0.265314935698948,0.929802574100169,0.0,0.786574807708917,1.51823459548764,0.0604696151905372,0.0,0.0,0.0101977464025892,0.00351833656408373,0.0437098660561408,0.0,0.292480924477879,0.0449017260660511,0.0,0.0,0.0001,0.0,0.0,0.0698422259940525,0.0,0.379057976758061,0.150744268827498,0.0,0.0
JPN,IDN,0.0,0.0,0.0,0.00611502002516134,0.00116390897404825,0.0436473772288592,0.0,0.171561817457714,0.0,0.0,0.0,0.0,0.0,0.0,0.0,0.0,0.0,0.0,0.0,0.0,0.0,0.0,0.0,0.0,0.0,0.0387141512657712,0.0,0.0,0.0,0.0,0.0,0.0,0.0,0.0,0.0,0.0,0.0,0.0
JPN,IND,0.0,0.0,0.0,0.0543676786000354,0.00234014660826265,0.0,0.0,0.0,0.0,0.0,0.0,0.0,0.124029362070647,0.0,0.0,0.0,0.0,0.0,0.165649240334223,0.0,0.0,0.0,0.0,0.0,0.0,0.0,0.0,0.0,0.0,0.0,0.0,0.0,0.0,0.0,0.0,0.0,0.0,0.000559970035955952
JPN,JPN,446.515522131437,0.0,171.773934413988,0.0941519292662289,43.6705517152069,0.0937212158185956,0.0,226.676363764665,0.0,0.0,666.489389095972,2213.74519477819,88.7006459266387,715.898142036063,9515.5077804767,699.402235137176,940.752946373263,870.887839580914,79.100134028436,0.0,0.0,61.1562591803117,102.928876480872,97.2851356300833,0.0,446.455294738285,1190.53462167445,2076.27670307142,0.0,2511.07436754068,0.0,0.0,1017.28294769744,0.0822899640099068,449.573019843405,1314.47583360381,0.0,1952.51809961776
JPN,KOR,47.607122674072,0.0,0.0,0.0299501865521071,0.00206094116795521,0.199332499856572,0.0,0.455671897088293,0.0,0.0,9.70158396901348,0.0,0.0,0.0,7.44165380293603,0.0,1.22990882446433,1.4430104652474,0.0126735338366202,0.0,0.0,0.0,0.00234035343496783,0.0298214193345394,0.0,0.279474021310566,0.0,0.0,0.0,0.056567814513488,0.0,0.0,0.0481832278789579,0.0,0.00414281603818428,4.63760145877167,0.0,0.0
JPN,MEX,0.0,0.0,0.0,0.0,0.000144954610118766,0.0,0.0,0.0,0.0,0.0,0.0,0.0010566349896056,0.0,0.0,0.0,0.0,0.0,0.364351001936937,0.0,0.0,0.0,0.0,0.0,0.0,0.0,0.0,0.0,0.0,0.0,0.0,0.0,0.0,0.0,0.0,0.0,0.0,0.0,0.0
JPN,NZL,0.0,0.0,0.0,0.0,0.000452228047426355,0.015847282814702,0.0,0.169396366961704,0.0,0.0,0.0,0.0011550420966793,0.0,0.0,0.0,0.0,0.0,0.0,0.0,0.0,0.0,0.0,0.0,0.0,0.0,0.0,0.0,0.0,0.0,0.0262786495119279,0.0,0.0,0.0,0.0,0.0,0.0,0.0,0.0
JPN,PAK,0.0,0.0,0.0,0.0,0.000157443847255026,0.0,0.0,0.0,0.0,0.0,3.20794225630677e-05,0.0286241917353473,0.0,0.0,0.0,0.0,0.0,0.0,0.0,0.0,0.0,0.0,0.0,0.0,0.0,0.0,0.0,0.0,0.0,0.0,0.0,0.0,0.0,0.0,0.0,0.0,0.0,0.0
JPN,ROW,249.043662122385,0.0,6.281602554029193e-05,0.2522564485422101,0.031308244887849834,0.0199917662410185,0.0,1.378616665450828,0.0,0.0,0.37573847849825004,0.32016553073368575,0.9243161393223676,0.10229785220265061,4.21150821936311,29.5389252836716,2.631166190057606,0.5399397468941807,0.5162770541993944,0.0,0.0,0.04847815501486711,0.03695323387366767,0.3064753311356006,0.0,0.47368763648106316,0.000400847319080429,5.897249916940404,0.0,0.0811731368080027,0.0,0.0,0.317916269518724,0.8795929451917327,0.001276099585828431,0.0,0.0,0.000461975047008681
JPN,RUS,0.0,0.0,0.0,0.0,0.00102521051806629,0.0,0.0,0.112464405909949,0.0,0.0,0.0,0.0,0.0623733877763461,0.0,0.215688961969321,0.0,0.0,0.0,0.0,0.0,0.0,0.0,0.0,0.0,0.0,0.0,0.0,0.0,0.0,0.0,0.0,0.0,0.0,0.0,0.0,0.0,0.0,0.0244642423664856
JPN,THA,22.7748455951509,0.0,0.0,0.0238568029080375,0.00146626924658051,0.16493860529623,0.0,0.455958185419822,0.0,0.0,0.0,0.10768874069935,0.0313940156402519,0.0,0.589853128623004,10.0523982483762,1.29928066811828,0.152161373650304,0.167889223322002,0.0,0.0,0.00247510723584771,0.0,0.132000886173938,0.0,0.539733509405249,0.0,0.0,0.0,0.0532522342600383,0.0,0.0,0.0951956542472058,0.036520508292055,0.0,0.0,0.0,0.015653016032928
JPN,TUR,0.0,0.0,0.0,0.0,0.0,0.0,0.0,0.0,0.0,0.0,0.0,0.0,0.0,0.0656170008877176,0.0,0.0,0.0,0.0,0.0,0.0,0.0,0.0,0.0,0.0,0.0,0.0,0.0,0.0,0.0,0.0,0.0,0.0,0.0,0.0,0.0,0.0,0.0,0.0
JPN,UKR,0.0,0.0,0.0,0.0,0.0,0.0,0.0,0.0642668638830742,0.0,0.0,0.0,0.0,0.0,0.0,0.0,0.0,0.0,0.0,0.0,0.0,0.0,0.0,0.0,0.0,0.0,0.0,0.0,0.0,0.0,0.0,0.0,0.0,0.0,0.0,0.0,0.0,0.0,0.0
JPN,USA,5.16756201942238,0.0,0.00175954867175453,0.403759610446658,0.00151472808924598,0.0479141022619194,0.0,0.709184218079516,0.0,0.0,0.0,0.209453651278804,0.333521272375121,0.0,2.49402486509974,0.0,3.48800736258912,1.76109244279666,0.0,0.0,0.0,0.00102563602727714,0.0,0.0,0.0,0.638852195282605,0.0,0.0,0.0,0.0,0.0,0.0,0.0458648077268813,0.0384929515324869,0.0141651126875922,0.226077830911908,0.0,0.0143086549947006
JPN,VNM,3.5983878668058,0.0,0.0,0.0902727156156514,0.00201898902736766,0.0,0.0,0.150118018343101,0.0,0.0,0.0,0.00122527587145164,0.0,0.0377456132698654,1.45848380664878,0.643850102075638,1.08181161011829,0.119382480669827,0.0,0.0,0.0,0.0,0.00233858549807373,0.0267812486205717,0.0,0.347302459459208,0.00033013556724213,0.0,0.0,0.0397903188115254,0.0,0.0,0.0,0.0,0.0,0.0,0.0,0.0145715999475076
JPN,ZAF,0.0,0.0,0.0,0.0,0.0,0.0342353704852529,0.0,0.0,0.0,0.0,0.0,0.0510909705525221,0.0,0.0,0.0,0.0,0.0,0.10023117054607,0.0,0.0,0.0,0.0,0.0,0.0,0.0,0.0,0.0,0.0,0.0,1.31787302306687,0.0,0.0,0.0,0.0,0.0,0.0,0.0,0.0
KOR,AUS,2.578930844906,0.0,0.0,0.0,0.209867511089094,0.0,0.0,1.89260902354675,0.0,0.0,0.0,0.0501602271761173,0.0,0.0,4.22018119678106,0.0,1.67401412986661,0.0,0.0,0.0,0.0,0.00313515625039831,0.0,0.0,0.0,0.0833189262069686,0.0701801778365419,0.0,0.00244448334443353,0.0,0.0,0.0,0.0118398740615124,0.0,0.54206316172058,0.0,0.0,0.0
KOR,BGD,0.0,0.0,0.0,0.0,0.0,0.0,0.0,0.0,0.0,0.0,0.0,0.0,0.0,0.0,0.0,0.0,0.0,0.0,0.0,0.0,0.0,0.0,0.0,0.0,0.0,0.0,0.0,0.0,0.0,0.0,0.0,0.0,0.000135911894018066,0.0,0.238542570297778,0.0,0.0,0.0
KOR,BRA,0.29998948527453,0.0,0.0,0.0,0.0,0.0,0.0,0.0,0.0,0.0,0.0,0.0,0.0,0.0,0.0,0.0,0.0,0.0,0.0,0.0,0.0,0.0,0.0,0.0,0.0,0.0,0.0,0.0,0.0,0.0,0.0,0.0,0.0,0.0,0.0,0.0,0.0,0.0
KOR,CAN,0.730241191019843,0.0,0.0,0.0,0.0828103382296091,0.00179329516563878,0.0,0.246372012227758,0.0,0.0,0.0,0.044367961025169,0.0196814210879956,0.0,4.50697027639369,0.0,1.93835708148976,0.0,0.0,0.0,0.0,0.0,0.000622780706588424,0.0,0.0,0.0,0.0,0.0,0.0,0.0,0.0,0.0,0.00330742195000427,0.0,0.0,0.0,0.0,0.0
KOR,CHN,1.77832043144943,0.0,0.0,0.0,0.123726504380495,0.0064475792924092,0.0,0.827278729537749,0.0,0.0,0.0,0.135818380747532,0.826027143540804,0.127545733727551,4.0665916231219,0.522979976570718,41.4959056338654,1.31826391031124,0.0,0.0,0.0,0.0130510493932536,0.0399861458488748,0.0,0.0,1.77775229035962,1.01462911293182,2.33346109822642,0.0176221489181454,0.120949691579119,0.0,0.0,0.0336193040950418,0.0,0.126085752667207,0.0,0.0,3.44355443358008
KOR,ETH,0.0,0.0,0.0,0.0,0.0,0.0,0.0,0.0,0.0,0.0,0.0,0.0,0.0,0.0,0.0,0.0,0.0,0.0,0.0,0.0,0.0,0.0,0.0,0.0,0.0,0.000166046548668551,0.0,0.0,0.0,0.0,0.0,0.0,0.0,0.0,0.0,0.0,0.0,0.0
KOR,EU27,1.89987321420685,0.0,0.0786436303989476,0.0,1.18022473063024,0.0001,0.0,0.396772730034196,0.0,0.0,0.0,0.180323745262843,0.0,0.0,4.78407259690148,0.376047892993247,1.37131456719156,1.35479333312499,0.0,0.0,0.0,0.0,0.0195956631404731,0.0,0.0,0.10444511009019,0.0875592245510871,0.0,0.0,0.0001,0.0,0.0,0.0,0.0,0.0557531134569845,0.0,0.0,0.0
KOR,IDN,0.474957505936844,0.0,0.07054553833139,0.566948149147443,0.239301695153576,0.0,0.0,0.0568319942426643,0.0,0.0,0.0,0.0,0.0,0.0,1.06203173067462,0.0,1.74215218177518,0.0,0.0,0.0,0.0,0.0,0.0,0.0,0.0,0.773671507274527,0.0,5.68463687798038e-05,0.0,0.0116765351564067,0.0,0.0,0.0,0.0,16.0067302244729,0.0091533968191159,0.0,0.0
KOR,IND,0.0,0.0,0.0,0.0,0.124625742539877,0.0,0.0,0.0,0.0,0.0,0.0,0.0,0.133946509051294,0.0,0.0,0.0,0.0,0.0,0.0,0.0,0.0,0.0,0.0,0.0,0.0,0.0,0.0,0.0,0.0,0.0,0.0,0.0,0.0,0.0,0.0,0.0,0.0,0.0
KOR,JPN,29.6291799139018,0.0,0.519842316766957,0.0,1.02988368305531,0.00277991837912178,0.0,0.0,0.0,0.0,0.0,0.037889024778585,0.210116511524709,3.71902540241674,57.3919485213667,0.108268452643099,10.3766353688504,4.12066248529584,0.0,0.0,0.0,0.0,0.0231711932950109,0.0,0.0,3.17750816272132,0.14632864598452,1.29204997481997,0.00621713654391892,0.0115787867149243,0.0,0.0,0.0762877551809843,0.0,0.358660496167471,0.00528348643362866,0.0,56.8689076082879
KOR,KOR,0.0995135748136008,0.0,79.6078134293381,0.0999965297209777,21.02648916503,0.553766476577223,0.0,77.9843288338882,0.0,0.0,0.0,573.674377239744,14.3027768579482,357.870737901349,9550.53900505908,526.085513436872,1060.9882053818,561.633818191371,0.0,0.0,0.0,73.3305514050797,57.4893146271721,0.0,0.0,202.842036456686,1209.43209477384,822.301964232543,1.46899760711396,687.556432675666,0.0,0.0,7.17114564558198,0.0,228.121589709351,10.3850448357305,0.0,806.49557654598
KOR,MAR,0.0,0.0,0.0,0.0,0.0216810115438942,0.0,0.0,0.0,0.0,0.0,0.0,0.0,0.0,0.0,0.0,0.0,0.0,0.0,0.0,0.0,0.0,0.0,0.0,0.0,0.0,0.0,0.0,0.0,0.0,0.0,0.0,0.0,0.0,0.0,0.0,0.0,0.0,0.0
KOR,MEX,0.300562758748119,0.0,0.0,0.0,1.62381493811748,0.0,0.0,0.0,0.0,0.0,0.0,0.0,0.0,0.0,0.0,0.0,0.0,0.0,0.0,0.0,0.0,0.0,0.0,0.0,0.0,0.0,0.0,0.0,0.0,0.0,0.0,0.0,0.0,0.0,0.0,0.0,0.0,0.0
KOR,NGA,0.0,0.0,0.0,0.0,0.00243110862704321,0.0,0.0,0.0,0.0,0.0,0.0,0.0,0.0,0.0,0.0,0.0,0.0,0.0,0.0,0.0,0.0,0.0,0.0,0.0,0.0,0.0,0.0,0.0,0.0,0.0,0.0,0.0,0.0,0.0,0.0,0.0,0.0,0.0
KOR,NZL,0.508547497529666,0.0,0.0,0.0,0.107401382482645,0.0,0.0,0.129103045266832,0.0,0.0,0.0,0.0,0.0,0.0,0.56768044141131,0.0,0.0,0.0,0.0,0.0,0.0,0.0,0.0,0.0,0.0,0.0,0.0,0.0135948293126522,0.0,0.0,0.0,0.0,0.0,0.0,0.0,0.0,0.0,0.0
KOR,PAK,0.0,0.0,0.0,0.0,0.0,0.0,0.0,0.0,0.0,0.0,0.0,0.0,0.0,0.0,0.0,0.0,0.0,1.14555164119674,0.0,0.0,0.0,0.0,0.0,0.0,0.0,0.000129032189245328,0.0,7.88031956657121e-06,0.0,0.0,0.0,0.0,0.0,0.0,0.000802759326638969,0.0,0.0,0.0
KOR,ROW,25.10590803915104,0.0,5.11828795647612,76.20654867977676,9.757772022479395,0.05931024110275916,0.0,0.630789638712922,0.0,0.0,0.0,0.38056265953916496,0.7295195527314379,2.163113696577187,3.2932435642384643,3.4809451108142695,10.60291088076098,5.3785217212410386,0.0,0.0,0.0,0.045935211158971,0.011318276927296431,0.0,0.0,0.9388858958582819,0.144714088030721,0.783450522408477,0.5926105450498171,0.1164349845679441,0.0,0.0,0.02070752824745202,0.0,1.137853990808202,0.6050991204394829,0.0,76.57061214195153
KOR,RUS,0.623848925429161,0.0,0.0,0.0,0.0,0.0,0.0,1.07956589528339,0.0,0.0,0.0,0.189560292720251,0.0,0.0,0.0,0.138343471529894,1.3963513704663,0.457532681298382,0.0,0.0,0.0,0.0,0.0,0.0,0.0,0.0,0.0,0.0,0.0,0.0,0.0,0.0,0.0,0.0,0.41399752107743,0.0,0.0,0.0
KOR,THA,5.01710003288659,0.0,0.0,0.0,0.0,0.0,0.0,0.0,0.0,0.0,0.0,0.0,0.0,0.0,0.0,0.0,1.71585478408143,0.0,0.0,0.0,0.0,0.0,0.0,0.0,0.0,0.121773517567968,0.284376212677062,0.0,0.0,0.0,0.0,0.0,0.0,0.0,0.0,0.0,0.0,0.0
KOR,TUR,0.0,0.0,0.0,0.0,0.0,0.0,0.0,0.0,0.0,0.0,0.0,0.0,0.0,0.0,0.0,0.153469700121915,0.0,0.0,0.0,0.0,0.0,0.0,0.0,0.0,0.0,0.0,0.0,0.0,0.0,0.0,0.0,0.0,0.0,0.0,0.0,0.0,0.0,0.0
KOR,UKR,0.0,0.0,0.0,0.0,0.0,0.0,0.0,0.0,0.0,0.0,0.0,0.0,0.0,0.0,0.0,0.0,0.0,0.0,0.0,0.0,0.0,0.00559626713418177,0.0,0.0,0.0,0.0,0.0,0.0,0.0,0.0,0.0,0.0,0.0,0.0,0.0,0.0,0.0,0.0
KOR,USA,16.9573430568999,0.0,0.0758915024881072,0.0,1.00467567060986,0.0,0.0,0.892535553273152,0.0,0.0,0.0,0.19698841333188,0.0553156864394558,0.0,13.3811956340087,0.104714538904707,20.3661779912714,1.10221853105484,0.0,0.0,0.0,0.0,0.000712226683880385,0.0,0.0,0.106097567912163,0.0,0.854018806500004,0.0,0.011114485661952,0.0,0.0,0.0193437852708335,0.0,0.0707558880895184,0.0,0.0,0.0
KOR,VNM,0.186970111304823,0.0,0.0,0.0,0.102696798403284,0.0,0.0,0.113081344296643,0.0,0.0,0.0,0.381416337685977,0.0,0.0,0.0,0.615411340981608,10.221294403494,0.0,0.0,0.0,0.0,0.0,0.0,0.0,0.0,0.543720920268703,0.0196381816162177,16.3699003612091,0.0,0.0,0.0,0.0,0.0,0.0,0.083816349949213,0.0,0.0,1.99793354792465
KOR,ZAF,0.0,0.0,0.0,0.0,0.0,0.0,0.0,0.0,0.0,0.0,0.0,0.113938115246093,0.0,0.0,0.0,0.0,0.0,0.0,0.0,0.0,0.0,0.0,0.0,0.0,0.0,0.0,0.0,0.0,0.0,0.0,0.0,0.0,0.0,0.0,0.0,0.0,0.0,0.0
MAR,CAN,0.0,0.0,0.0,0.0,0.0,0.0,0.0,0.0,0.0,0.0,0.0,2.47369959187144e-05,0.0,0.0,0.0,0.186007755518422,0.0,48.4050446444509,0.0,0.0,0.0,0.0,0.0,0.0,0.0,0.0,0.0,0.0,0.0,0.0,0.0,0.0,0.203590511903475,0.0,0.0,0.0,0.0,0.0
MAR,CHN,0.0,0.0,0.0,0.0,0.0,0.0,0.0,0.000578049984904642,0.0,0.0,0.0,0.0,0.0,0.0,0.0,0.0,4.1408052080267,0.0,0.0,0.0,0.0,0.0,0.0,0.0,0.0,0.0,0.00574294817809778,0.0,0.0,0.0,0.0,0.0,0.0,0.0,0.0,0.0,0.0,0.0
MAR,EU27,0.338922817153477,0.0,0.0428917948846714,0.291338804972272,0.0513171007231538,0.0,0.0,4.6892362183393e-06,0.0,0.0,0.0,1.17515994739395,1.19838020926462,128.486161880512,502.560304982916,0.340542512340065,70.9988380861445,243.756809563924,4.49397213351096,0.0,0.0,0.00720185811617433,0.0,0.0,0.0,0.0,0.0,0.0,0.0105886437559905,0.0001,0.0,0.0,0.0,0.0,3.02983209508992,0.00060039406338666,0.000100338890718867,0.0985758070429084
MAR,JPN,0.0,0.0,0.0,0.0,0.0,0.0,0.0,0.0,0.0,0.0,0.0,0.0,0.0,0.0,0.0,0.0,1.43934143849437,0.0,0.0,0.0,0.0,0.0,0.0,0.0,0.0,0.0,0.0,0.0,0.0,0.0,0.0,0.0,0.0,0.0,0.0,0.0,0.0,0.0
MAR,MAR,4655.21333355676,0.0,1956.78986146581,116.619786729139,8.5475278061924,2.07547902269364,28.1615919585936,1.03890436369949,0.0,0.0,615.249198761214,1807.83199180922,217.772444615747,767.628297568979,3257.8965568721,622.499662800092,1328.08611172577,1551.08713081293,29.529327628751,0.0,0.0,37.6176296884785,2.6849038807515,44.0668132369751,0.0,251.191123403384,0.665125846761068,723.66104353516,185.890590497231,299.378244443097,0.0,0.0,0.215845712784485,6.46207332598498,0.100162530761237,1.14381163121164,21.0783406898927,50.6271123500095
MAR,NGA,0.0,0.0,0.0,0.0,0.0,0.0,0.0,0.0,0.0,0.0,0.0,8.57683312890367e-05,0.0,0.0,0.0,0.0,0.0,0.0,0.0,0.0,0.0,0.0,0.00895178470912214,0.0249059457055506,0.0,0.0,0.0,0.0,0.0,0.0,0.0,0.0,0.0,0.0,0.0,0.0,0.0,0.0
MAR,NZL,0.0,0.0,0.0,0.0,0.0,0.0,0.0,0.0,0.0,0.0,0.0,0.0,0.0,0.0,0.693645191005671,0.0,0.0,0.0,0.0,0.0,0.0,0.0,0.0,0.0,0.0,0.0,0.0,0.0,0.0,0.0,0.0,0.0,0.0,0.0,0.0,0.0,0.0,0.0
MAR,ROW,20.76793576538083,0.0,1.0457149742327625,0.8539603422445018,2.7666865872295077,0.1093760851150124,0.000844869655801769,0.000231245432726956,0.0,0.0,152.83562380401656,0.3780348205402923,10.384205323462506,19.517220686158666,122.93088030710851,6.01886787161773,32.93148364077611,102.02659425597159,0.334281713885411,0.0,0.0,0.08412745520546952,0.3607035325697003,12.302892268972549,0.0,0.147540266128363,0.561414767741665,1.615063870966619,0.0,2.355616259769337,0.0,0.0,0.467058380585813,8.380300575499191,9.508894954436734,0.0,0.0,0.0973598906660684
MAR,RUS,0.0,0.0,0.0,0.0,0.0,0.0,0.0,0.0,0.0,0.0,0.0,0.147007634046254,0.0,220.507402064335,6.20925013678635,0.0,0.954234145374483,99.72266208382,0.0,0.0,0.0,0.0,0.0,0.0,0.0,0.0,0.0,0.0,0.0,0.0,0.0,0.0,0.0,0.0,0.0,0.0,0.0,0.0
MAR,TUR,0.0,0.0,0.0,0.0,0.0,0.0,0.0,0.0,0.0,0.0,0.0,0.0,0.312821888008873,0.0,1.50503978410321,0.0,0.0,0.0,0.0,0.0,0.0,0.0,0.0,0.0,0.0,0.0,0.0,0.0,0.0,0.0,0.0,0.0,0.0,0.0,0.0,0.0,0.0,0.0
MAR,UKR,0.0,0.0,0.0,0.0,0.0,0.0,0.0,0.0,0.0,0.0,0.0,0.000111540093219664,0.0,0.0,0.0,0.0,0.0,0.0,0.0,0.0,0.0,0.0,0.0,0.0,0.0,0.0,0.0,0.0,0.0,0.0,0.0,0.0,0.0,0.0,0.0,0.0,0.0,0.0
MAR,USA,0.0,0.0,0.027402272720149,0.0,0.0,0.0,0.0,0.0,0.0,0.0,0.0,0.0,0.313219218779075,0.0,0.0,0.0,1.7736526880507,46.4814403263564,0.0,0.0,0.0,0.0,0.0,0.0,0.0,0.0,0.0701861686234308,0.0,0.0,0.0,0.0,0.0,0.0,0.0,0.0,0.0,0.0,0.0
MAR,ZAF,0.0,0.0,0.0,0.0,0.0,0.0,0.0,0.0,0.0,0.0,0.0,0.0,0.0,0.0,0.0,0.0,0.0,0.0,0.0,0.0,0.0,0.0,0.0,0.254627841814586,0.0,0.0,0.0,0.0,0.0,0.0,0.0,0.0,0.0,0.0,0.0,0.0,0.0,0.0
MEX,ARG,0.0,0.0,0.0,0.0,0.0,0.0,0.0,0.0,0.0,0.0,0.0,0.0,0.0,0.0,0.0,0.0,0.0,5.1581187756403,0.0,0.0,0.0,0.0,0.0,0.0,0.0,0.0,0.0,0.0,0.0,0.0,0.0,0.0,0.0,0.00196525633907704,0.0,0.0,0.0,0.0
MEX,AUS,0.0,0.0,0.0,0.0,0.0,0.0,0.0,0.0,0.0,0.0,0.541811325101952,0.0,0.0,0.0,3.38330072175951,0.0,4.1711671400665,4.81473110449377,0.0,0.0,0.0,0.0,0.0,0.0,0.0,0.0,0.0,0.0,0.0,0.0,0.0,0.0,0.0,0.0,0.0,0.0,0.0,0.0
MEX,BRA,0.0,0.0,0.0,0.0,0.0,0.0,0.0,0.0,0.0,0.0,0.0,0.153148211845391,4.21863883843207,0.0,0.0,0.0,0.0,2.08640701940112,0.0,0.0,0.0,0.0,0.0,0.0,0.0,0.0,0.0,0.220125949083315,0.0,0.0,0.0,0.0,0.0,0.0,0.0,0.0,0.0,0.0
MEX,CAN,10.3667267469609,0.0,0.0,0.0,0.00239516617396619,0.0,0.000721751684871641,0.0,0.0,0.0,95.6815917426279,0.0,0.0,47.7890047267411,139.853999206298,0.313236046818071,138.441456410649,2.2781470127895,0.0657281876696914,0.0,0.0,0.0,0.0,0.0,0.0,3.24753378733969,1.53802702328532,0.0,0.0,0.0,0.0,0.0,0.0,0.0,0.0,0.0,0.0,0.0
MEX,CHN,0.0,0.0,0.0,0.0,7.42471455978178e-06,0.0,0.0,0.0,0.0,0.0,0.0,0.0,0.0,0.0,0.0,0.0,0.0,0.0,0.0,0.0,0.0,0.0,0.0,0.0,0.0,6.2107740239122,0.0,0.677258569821065,0.0,0.0,0.0,0.0,0.0,0.0,0.0,0.0,0.0,0.0
MEX,EU27,12.9233154915141,0.0,0.0137130943144959,0.0,0.0001,0.0622501378396207,0.000472768976127967,0.0,0.0,0.0,0.0,0.0,28.2765510978322,0.0,21.7100743147825,0.0,148.288949350529,226.516595477892,0.506292536091741,0.0,0.0,0.120759204758482,0.0,0.0,0.0,0.0,0.0,0.0,0.0,0.0001,0.0,0.0,0.0,0.565896864954557,0.0,0.0,0.0,0.0
MEX,IDN,0.0,0.0,0.0,0.0,0.00128504298138192,0.0,0.0,0.0,0.0,0.0,0.0,0.0,0.0,0.0,0.0,0.0,0.0,0.0,0.0,0.0,0.0,0.0,0.0,0.0,0.0,0.0,0.0,0.0,0.0,0.0,0.0,0.0,0.0,0.0,0.0,0.0653934803983146,0.0,0.0
MEX,IND,0.0,0.0,0.0,0.0,0.0,0.0,0.0,0.0,0.0,0.0,0.0,0.0,0.0,0.0,0.0,0.0,0.0,0.0,0.0,0.0,0.0,0.0,0.0,0.0,0.0,0.0,0.0,0.0,0.0,0.0,0.0,0.0,0.0,0.0,0.0,0.0,0.133581520755324,0.0
MEX,JPN,0.0,0.0,0.0,0.0,0.000482939069587987,0.00639992481275383,0.0,0.0,0.0,0.0,0.0,0.0,0.0,0.0,40.407357463788,0.0,99.8825446646936,45.7660862488284,0.397733930065618,0.0,0.0,0.0,0.0,0.0,0.0,12.0358679560889,56.1256632398712,0.0,0.0,0.0653920146049827,0.0,0.0,0.0,1.576733435543,0.0,0.0,0.0,0.0
MEX,KOR,0.0,0.0,0.0,0.0,0.0,0.0,0.0,0.0,0.0,0.0,0.0,0.0,0.0,0.0,0.0,0.0,14.9287095617246,0.0,0.0,0.0,0.0,0.0,0.0,0.0,0.0,2.6701213733733,58.2285930246059,0.0,0.0,0.0,0.0,0.0,0.0,0.0,0.0,0.0,0.0,0.0
MEX,MAR,0.0,0.0,0.0,0.0,0.0,0.0,0.0,0.0,0.0,0.0,502.559015244181,0.0,0.0,0.0,0.0,0.0,0.0,0.0,0.0,0.0,0.0,0.0,0.0,0.0,0.0,0.0,0.0,0.0,0.0,0.0,0.0,0.0,0.0,0.0,0.0,0.0,0.0,0.0
MEX,MEX,768.521898795672,0.0,1121.82524342056,34364.0579568295,4957.53084404851,1.92730817934567,12.7124730104918,585.174412388377,0.0,0.0,4223.54223154217,1981.36022295703,1134.18066682473,2839.85088278149,7177.48927078139,604.985355166912,7943.35178615412,7071.08021988128,37.6354499145873,0.0,0.0,18.9913462632418,0.0996380334295552,176.085861804909,0.0,1652.6866874617,1235.00152392321,3077.13018285806,104.330439195308,2601.15195752522,0.0,0.0,534.439087757004,0.0969528768018824,627.290359970676,776.582271277153,25.7862372964093,2999.88346574406
MEX,NZL,0.0,0.0,0.0,0.0,0.000145588547026872,0.0,0.0,0.0,0.0,0.0,0.0,0.0,0.0,0.0,3.01849932011139,0.0,8.35853472710569,0.37501023323454,0.0,0.0,0.0,0.0,0.0,0.0,0.0,0.0,0.0,0.0,0.0,0.0,0.0,0.0,0.0,0.0,0.0,0.0,0.0,0.0
MEX,ROW,1647.427105905151,0.0,0.429594370455386,123.57295324394434,0.28946433125155746,0.36875131925558025,1.66169333127407e-06,0.839012433106756,0.0,0.0,731.988519421501,2.5382469671299743,140.70265551774284,0.0,40.109218641497776,5.517221152487199,102.70894924828046,96.05031530161138,0.3784204446445531,0.0,0.0,0.778595321544483,12.089835299520228,2.6271166476653716,0.0,1.10107746967827,13.43234016138633,1.163374149423778,0.05782722413017859,0.8936650763321831,0.0,0.0,3.0158351238661387,0.0,65.66916966171951,0.0,0.0,24.1791912427425
MEX,RUS,0.0,0.0,0.0,0.0,0.0,0.0,0.0,0.0,0.0,0.0,0.0,0.623053697490594,0.0,0.0,0.0,0.0,15.7126041822959,0.0,0.0,0.0,0.0,0.0,0.0,0.0,0.0,0.0,0.0,0.0,0.0,0.0,0.0,0.0,0.0,0.0,0.0,0.0,0.0,0.0
MEX,THA,0.0,0.0,0.0,0.0,0.00119073747617237,0.0,0.0,0.0,0.0,0.0,0.0,0.0,0.0,0.0,0.0,0.0,0.0,0.0,0.0,0.0,0.0,0.0,0.0,0.0,0.0,0.0,0.0,0.0,0.0,0.0264716022197038,0.0,0.0,0.0,0.0,0.0,0.0,0.0,0.0
MEX,TUR,98.3240484483842,0.0,0.0,0.0,0.000116951471717917,0.0,0.0,0.0,0.0,0.0,0.0,0.0,16.6625606792061,0.0,0.0,0.0,0.0,0.0,0.0,0.0,0.0,0.0,0.0,0.0,0.0,0.0,0.0,0.0,0.0,0.0,0.0,0.0,0.0,0.0,0.0,0.0,0.0,0.0
MEX,UKR,0.0,0.0,0.0,0.0,0.0,0.0,0.0,0.0,0.0,0.0,0.0,0.0,0.264933927801781,0.0,0.0,0.0,9.56359193241405,0.0,0.0,0.0,0.0,0.0,0.0,0.0,0.0,0.0,0.0,0.0,0.0,0.0,0.0,0.0,0.0,0.0,0.0,0.0,0.0,0.0
MEX,USA,94.1222309096568,0.0,0.083206564845102,201.395634873948,0.169289261578838,0.0152304184926088,0.0,0.203006627271161,0.0,0.0,1250.18873161196,2.9143549013307,32.2989346446844,1181.21011249177,4654.29795211213,7.54464335987469,2060.5014666002,524.386548281476,0.363001892975773,0.0,0.0,3.23661983679741,0.104769651327664,3.09979490949476,0.0,166.083137001746,22.1223534503025,5.7764384679076,0.172068722917334,1.31171176294552,0.0,0.0,1.5876145500092,21.1979049464769,4.46492063518468,0.00179431286096078,0.0,0.0
MEX,ZAF,0.0,0.0,0.0,21.8754848301674,0.0,0.0,0.0,0.0,0.0,0.0,0.0,0.0,0.0,0.0,0.0,0.0,0.0,0.0,0.0,0.0,0.0,0.0,0.0,0.0,0.0,0.0,0.0,0.0,0.0,0.0,0.0,0.0,0.0,0.0,0.0,0.0,0.0,0.0
NGA,CHN,0.0,0.0,0.0,0.0,0.0,0.0,0.0,0.0,0.0,0.0,0.0,0.0,0.0,0.0,0.204386815631248,0.0,0.0,0.0,0.0,0.0,0.0,0.0,0.0,0.0,0.0,0.0,0.0,0.0,0.0,0.0,0.0,0.0,0.0,0.0,0.0,0.0,0.0,0.0
NGA,EU27,0.0,0.0,0.0,0.0,0.0,0.0,0.0,0.711211932588184,0.0,0.0,0.0,0.507660743497782,0.0,0.0,10.5546020053899,0.0,0.0,0.0,0.0,0.0,0.0,0.0,0.0073421444318385,0.0,0.0,0.000222399229700857,9.91542325662475e-05,0.0,0.0,0.0,0.0,0.0,0.0,0.0,0.0,0.0,0.0,1.31118754741302
NGA,IND,0.0,0.0,0.0,0.0,0.0,0.0,0.0,2.4878599466096,0.0,0.0,0.0,0.0,3.05713390770449,0.0,0.0,0.0,40.8068036005648,0.0,0.0,0.0,0.0,0.0,0.0,6.76121086500966e-05,0.0,0.0,0.0,0.0,0.0,0.0,0.0,0.0,0.0,0.0,0.0,0.0,0.0,0.0
NGA,MAR,4.00152488802546,0.0,0.0,0.0,0.0,0.0,0.0,0.0,0.0,0.0,0.0,0.0,0.0,0.0,0.0,0.0,0.0,0.0,0.0,0.0,0.0,0.0,0.0,0.0,0.0,0.0,0.0,0.0,0.0,0.0,0.0,0.0,0.0,0.0,0.0,0.0,0.0,0.0
NGA,MEX,11.8240313672088,0.0,0.0,0.0,0.0,0.0,0.0,0.0,0.0,0.0,0.0,0.0,0.0,0.0,0.0,0.0,0.0,0.0,0.0,0.0,0.0,0.0,0.0,0.0,0.0,0.0,0.0,0.0,0.0,0.0,0.0,0.0,0.0,0.0,0.0,0.0,0.0,0.0
NGA,NGA,35.2509050963368,0.0,0.0,10950.3557552483,8677.17029877935,0.0,0.0,844.635678681722,0.0,0.0,144.0,1032.08011199509,3400.28634933153,2803.1859401863,12207.0607817244,0.0,7760.70738845708,4057.38981430433,0.0,0.0,0.0,11.3028380750758,1.8646102839812,9.34156829657227,0.0,321.582399357299,287.823584321035,250.502023417801,414.145514207659,635.059038312768,0.0,0.0,0.0,0.0,82.506381294596,0.0,0.0,400.321217874359
NGA,ROW,6.341197078386013,0.0,0.0,6.683545838635302,4.07332676249312,0.0,0.0,2.28527921675793,0.0,0.0,0.4757883364849669,2.71063160494846,0.0,2.121135609015795,3.9180131558717095,0.0,10.983210981519381,2.751632602080653,0.0,0.0,0.0,0.008719608375115238,0.1914132637284763,0.001050865014625946,0.0,0.0004609159641695656,0.000597701527102188,0.000955170616231083,0.0175543249350564,0.6588356926283274,0.0,0.0,0.0,0.0,14.1694360353858,0.0,0.0,14.51791838531878
NGA,RUS,0.0,0.0,0.0,0.0,0.0,0.0,0.0,11.3388474406425,0.0,0.0,0.0,0.0,0.0,0.0,0.0,0.0,0.0,0.0,0.0,0.0,0.0,0.0,0.0,0.0,0.0,0.0,0.0,0.0,0.0,0.0,0.0,0.0,0.0,0.0,0.0,0.0,0.0,0.0
NGA,THA,0.0,0.0,0.0,0.0,0.0,0.0,0.0,0.0,0.0,0.0,0.0,0.0,0.0,0.0,0.431456108410047,0.0,0.0,0.0,0.0,0.0,0.0,0.0,0.0,0.0,0.0,0.0,0.0,0.0,0.0,0.0,0.0,0.0,0.0,0.0,0.0,0.0,0.0,0.0
NGA,TUR,0.0,0.0,0.0,0.0,0.0,0.0,0.0,1.41429849246975,0.0,0.0,0.0,0.0,0.0,0.0,0.0,0.0,0.0,0.0,0.0,0.0,0.0,0.0,0.0,0.0,0.0,0.0,0.0,0.0,0.0,0.0,0.0,0.0,0.0,0.0,0.0,0.0,0.0,0.152728654859187
NGA,UKR,0.0,0.0,0.0,0.0,0.0,0.0,0.0,0.0,0.0,0.0,0.0,0.0,0.0,0.0,0.3046594079106,0.0,0.0,0.0,0.0,0.0,0.0,0.0,0.0,0.0,0.0,0.0,0.0,0.0,0.0,0.0,0.0,0.0,0.0,0.0,0.0,0.0,0.0,0.0
NGA,USA,1.16981266686133,0.0,0.0,0.567268485404899,0.0,0.0,0.0,0.0,0.0,0.0,0.0,1.09204558015403,0.0,0.0484829665059604,0.675688549577283,0.0,0.0,0.0555995570980962,0.0,0.0,0.0,0.0,0.0,0.0,0.0,0.0,0.0,0.0,0.0,0.0,0.0,0.0,0.0,0.0,0.0,0.0,0.0,3.55405896474787
NGA,VNM,0.0,0.0,0.0,0.0,0.0,0.0,0.0,0.883257501404668,0.0,0.0,0.0,0.0,0.0,0.0,0.0,0.0,87.8044315140352,0.0,0.0,0.0,0.0,0.0,0.0,0.0,0.0,0.0,0.0,0.0,0.0,0.0,0.0,0.0,0.0,0.0,0.0,0.0,0.0,0.0
NGA,ZAF,0.2196113892104,0.0,0.0,0.0,0.0,0.0,0.0,0.0,0.0,0.0,0.0,0.0,0.0,0.097226578800302,1.01488376089948,0.0,0.0,0.0,0.0,0.0,0.0,0.000673695903093646,0.00450962723328952,0.0,0.0,0.000149413519288881,0.0,9.32379364231383e-05,0.0,0.0,0.0,0.0,0.0,0.0,0.0,0.0,0.0,0.0
NZL,ARG,0.103094871911398,0.0,0.0,0.0,0.0,0.0,0.0,0.0,0.0,0.0,0.0,0.0,0.0,0.0,0.0,0.0,0.0,0.0,0.0,0.0,0.0,0.0,0.0251176404128893,0.0,0.0,0.0,0.0,0.0,0.0,0.0,0.0,0.0,0.0,0.0,0.0,0.0,0.0,0.0
NZL,AUS,15.7149627214642,0.0,1.34853599997301,15.2593168208207,23.5817857727716,0.0,0.0,0.0,0.0,0.0,0.0,61.1204324082517,1.45480722847039,3.11161772350836,67.9458760553691,22.7658339663145,49.6877112782577,0.376698350103502,67.1744899161841,0.0,0.0,40.3658370388194,6.08124189864902,58.0515805299175,0.360164001536118,9.32795699314304,1.63109233970516,10.6948987421939,0.204310535534484,1.99973346162607,0.0,0.0,0.0,0.0,0.0,0.0,0.0,0.0
NZL,BGD,0.0,0.0,0.0,0.0,0.0,0.0,0.0,0.0,0.0,0.0,0.0,0.0,0.0,0.0,0.0,0.0,0.0,0.0,0.0,0.0,0.0,0.405264605392643,1.68035855457211,0.0,0.0,0.0,0.0,0.0,0.0,0.0,0.0,0.0,0.0,0.0,0.0,0.0,0.0,0.0
NZL,BRA,0.0,0.0,0.0,0.0,0.0,0.0,0.0,0.0,0.0,0.0,0.0,0.0,0.0,0.0,0.0,0.0,2.90006817480202,0.0,0.0,0.0,0.0,1.26777961590599,0.442272893524415,0.279215689617197,0.0,0.0,0.0,0.0,0.00346176826216005,0.0,0.0,0.0,0.0,0.0,0.0,0.0,0.0,0.0
NZL,CAN,0.0,0.0,0.0,0.0,0.0,0.0,0.0,0.0,0.0,0.0,0.0,0.0,0.0,0.343498442081748,0.0,0.0,5.99881719302417,0.0,13.9374631260573,0.0,0.0,9.72412327434937,0.227422897695791,0.0,0.0,23.5721444714683,0.0,0.0,10.1920213289536,0.0,0.0,0.0,0.0,0.0,0.0,0.0,0.0,0.0
NZL,CHN,1.61112512040698,0.0,0.196091738721616,0.0,0.0828016390921507,0.0,0.0,0.0,0.0,0.0,0.0,4.43540403474301,0.378130493771989,0.122505524151607,19.2321580133447,77.5247811876912,118.672228212358,1.78449052373,4.05117486394343,0.0,0.0,99.4240340223137,127.56255052591,64.0623484758315,2.29395142188858,98.9237066175959,0.0417547718326664,0.0,173.960489598374,0.635161229105337,0.0,0.0,0.0,0.0,0.0,0.0,0.0,0.0
NZL,ETH,0.0,0.0,0.0,0.0,0.0,0.0,0.0,0.0,0.0,0.0,0.0,0.0,0.0,0.0,0.0,0.0864430494251399,0.0,0.0,0.0,0.0,0.0,0.0,0.138226443435034,0.00442585214050661,0.0227493164425276,0.0,0.0,0.0,0.0,0.0,0.0,0.0,0.0,0.0,0.0,0.0,0.0,0.0
NZL,EU27,0.0,0.0,0.0389412295238233,0.97635467328973,0.0858439821029916,0.758571489723287,0.0,0.0,0.0,0.0,0.0,0.0,1.34500958627891,0.0,130.207431641038,67.9680266287894,57.7679562961755,0.0686574290071237,24.0000640964655,0.0,0.0,76.6549737537357,12.100288632957,1.10566586914003,0.0,7.22150508491269,0.0795579386388044,0.0,179.936156954456,0.0,0.0,0.0,0.0,0.0,0.0,0.0,0.0,0.0
NZL,IDN,0.0,0.0,0.0,0.0,0.00173778629694933,0.0,0.0,0.0,0.0,0.0,0.0,1.35418520164857,0.610914829322924,0.0,30.1490191472092,0.610228463403189,3.09511152413725,0.0803259401389873,0.121765756881651,0.0,0.0,18.9729315389233,19.1847452668526,17.6224694193698,0.874253020660348,10.1777580410009,0.0,0.0,0.00240927500965407,0.0,0.0,0.0,0.0,0.0,0.0,0.0,0.0,0.0
NZL,IND,0.0,0.0,0.0140905383120516,0.0,0.0,0.0317594559336713,0.0,0.0,0.0,0.0,0.0,0.0,0.563405241930827,0.0,0.0,16.5850961136182,8.39947102811993,0.0,0.0549545107686288,0.0,0.0,0.599800138386529,0.226995890009164,0.0,0.0,7.35392204948136e-05,0.0,0.0,6.32130521632147e-06,0.0,0.0,0.0,0.0,0.0,0.0,0.0,0.0,0.0
NZL,JPN,4.92028796691049,0.0,0.105551868902101,0.0,0.13614805409838,0.0724387428373331,0.0,0.0,0.0,0.0,0.0,3.96595956759607,1.22336836204782,3.31119035187774,75.9563866655667,20.5127069413831,111.475782071361,1.67351833375396,0.0,0.0,0.0,6.86156817530121,17.0636962187641,69.2663395244698,1.16101819790672,20.7891700616685,0.0663550750194745,0.0,5.52131946717034,0.0,0.0,0.0,0.0,0.0,0.0,0.0,0.0,0.0
NZL,KOR,0.0,0.0,0.0,0.0,0.0,0.0,0.0,0.0,0.0,0.0,0.0,0.0,0.0,0.300898324579957,20.687273065482,3.45875406914337,28.7398389607965,0.0,0.378368506943715,0.0,0.0,5.42176799095439,1.1342494680886,1.75322831289839,0.0,32.6230051835493,0.0197853957763645,0.0,0.773080340384919,0.0,0.0,0.0,0.0,0.0,0.0,0.0,0.0,0.0
NZL,MAR,0.0,0.0,0.0,0.0,0.0,0.0,0.0,0.0,0.0,0.0,0.0,0.0,0.0,0.0,0.0,6.09414460730607e-05,0.0,0.0,0.0,0.0,0.0,8.29453416501875,0.0,6.86858728945722,0.0,0.0,0.0,0.0,2.29344287706986e-05,0.0,0.0,0.0,0.0,0.0,0.0,0.0,0.0,0.0
NZL,MEX,0.0,0.0,0.0,0.0,0.0,0.0,0.0,0.0,0.0,0.0,0.0,0.0,0.0,0.0,0.0,0.0,2.17770072702098,0.0,0.0,0.0,0.0,25.1035807286698,0.0,3.15219711142681,0.0,0.0,0.0,0.0,3.22106801868031,0.0,0.0,0.0,0.0,0.0,0.0,0.0,0.0,0.0
NZL,NGA,0.0,0.0,0.0,0.0,0.0,0.0,0.0,0.0,0.0,0.0,0.0,0.0,0.0,0.0,0.0,0.0,0.0,0.0,0.0,0.0,0.0,1.61261279454349,3.71752054444736,0.0,0.0,0.0,0.0,0.0,0.0,0.0,0.0,0.0,0.0,0.0,0.0,0.0,0.0,0.0
NZL,NZL,338.221179700627,0.0,345.120090442549,198.223254186343,35.3507630742165,0.28250851649517,0.0,0.0,0.0,0.0,0.0,327.327475543733,3.42416565630337,28.7061276442791,501.282340656563,108.599032671584,89.6798908506281,22.3871401475674,19.0103993646744,0.0,0.0,37.7951861865666,54.7199171133692,59.4309170956642,0.0997218802246962,96.4846885617099,26.3830900822425,199.972181154653,72.1827364011076,50.1644954030532,0.0,0.0,0.0,0.0,0.0,0.0,0.0,0.0
NZL,PAK,0.0,0.0,0.0,0.0,0.0,0.0,0.0,0.0,0.0,0.0,0.0,0.0,0.184496714822967,0.0,0.0,0.0,0.0,0.0,0.0,0.0,0.0,0.560637700187975,8.5173877101194,0.52994117397238,0.0,0.000736909717209323,0.0,0.0,0.00132063835531513,0.0,0.0,0.0,0.0,0.0,0.0,0.0,0.0,0.0
NZL,ROW,10.59451268121153,0.0,0.1876541431235829,6.636574408718395,1.9192029285809094,0.2754950457703691,0.0,0.0,0.0,0.0,0.0,67.20145982844326,5.809472292304921,7.53620764439762,86.27642245099578,71.08407080212272,57.166041718403335,3.034853190189195,85.9491788802335,0.0,0.0,168.50673945894573,168.55355819318643,115.87541468422677,4.895801795087611,44.58090284738332,0.093140430406829,8.68535730721303,21.745021393174483,0.09968526195317157,0.0,0.0,0.0,0.0,0.0,0.0,0.0,0.0
NZL,RUS,0.0,0.0,0.0,0.0,0.0,0.0,0.0,0.0,0.0,0.0,0.0,0.0,0.0,0.0,0.0,7.45953191861221,0.0,0.0,0.0,0.0,0.0,22.2366372762272,15.7434596226277,0.0,0.0,0.0,0.0,0.0,0.00676390007656954,0.0,0.0,0.0,0.0,0.0,0.0,0.0,0.0,0.0
NZL,THA,6.30177291211792,0.0,0.0,0.0,0.0,0.0,0.0,0.0,0.0,0.0,0.0,10.6916017329699,1.71531182859075,0.0,1.11601210699848,29.7616167368783,5.32860177006891,0.0,0.15193838796143,0.0,0.0,8.69621980084659,30.787642046892,5.37109844158881,12.7459686558214,3.08040672582497,0.0,0.0,0.466329214735456,0.0209165628531711,0.0,0.0,0.0,0.0,0.0,0.0,0.0,0.0
NZL,TUR,0.0,0.0,0.0,0.0,0.00225773746161355,0.0,0.0,0.0,0.0,0.0,0.0,0.0,0.0,0.0,0.0,0.0,0.0,0.0,0.0,0.0,0.0,4.82601199207815,0.0,0.239045683950989,0.0,0.0,0.0,0.0,0.397556865108485,0.0,0.0,0.0,0.0,0.0,0.0,0.0,0.0,0.0
NZL,UKR,0.0,0.0,0.0,0.0,0.0,0.0,0.0,0.0,0.0,0.0,0.0,0.0,0.0,0.0,0.0,0.0,0.0,0.0,0.0,0.0,0.0,0.120926510802107,0.0,0.0,0.0,0.0,0.0,0.0,1.57273472777236e-05,0.0,0.0,0.0,0.0,0.0,0.0,0.0,0.0,0.0
NZL,USA,0.55032337841627,0.0,0.0,0.0,0.0631504063764913,0.282243605262658,0.0,0.0,0.0,0.0,0.0,0.0,3.98463718988385,0.0991753749088351,1.15302996453802,96.1266636584296,47.172925955077,0.887056260044238,83.4196544770901,0.0,0.0,8.85397401693263,0.222605122745397,7.3705101120161,1.7244239836182,250.892551286708,0.0,0.0,22.9337336100884,0.112788480806538,0.0,0.0,0.0,0.0,0.0,0.0,0.0,0.0
NZL,VNM,0.0,0.0,0.0388904625500003,0.0,0.0,0.0,0.0,0.0,0.0,0.0,0.0,0.0,0.165868891535513,0.0222567037540881,0.0,18.8720160252426,4.43192920395027,0.0,0.07761306891983,0.0,0.0,13.0825248626416,1.54526746966725,3.45421709805791,0.0,1.01472807423115,3.94302343822534e-05,0.0,0.00255803527721407,0.0,0.0,0.0,0.0,0.0,0.0,0.0,0.0,0.0
NZL,ZAF,0.0,0.0,0.0,0.0,0.00161667825261589,0.0,0.0,0.0,0.0,0.0,0.0,0.0,0.376444523923691,0.0,2.0348885013523,0.0,0.0,0.0,0.0,0.0,0.0,4.57516239096777,1.98943360709662,2.32184566025417,0.0,0.0,0.0,0.0,0.899617672169502,0.0,0.0,0.0,0.0,0.0,0.0,0.0,0.0,0.0
PAK,AUS,0.0,0.0,0.0,0.000498962272230355,6.86741729962224,0.0,0.0,0.0,0.0,0.0,0.0,0.0,0.0,0.0,0.0,0.0,0.0,0.0,0.0,0.0,0.0,0.00395585077667866,0.0,0.0,0.0,0.0,0.0,0.0,0.0,0.0,0.0,0.0,0.0,0.0,0.0,0.0,0.0,0.0
PAK,BGD,129.654665725519,0.0,0.0,0.0,0.0,0.0,0.0,0.0,0.0,0.0,0.0,0.0,0.0,0.0,0.0,0.0,1.66670271347609,2.94494124732096,0.0,0.0,0.0,0.0,0.0,0.0,0.0,0.0,0.0,0.0,0.0,0.0,0.0,0.0,0.0,0.0,0.0,0.0,0.0,0.0
PAK,CAN,0.0,0.0,0.0,0.0188368629675629,0.0,0.0,0.0,0.0,0.0,0.0,0.0,0.0,0.0,0.1530839439935,0.0,0.0,4.10924582440606,0.0,0.0,0.0,0.0,0.0188104317679406,0.0,0.0,0.0,0.0,0.0,0.0,0.0,0.0,0.0,0.0,0.0,0.00013102828887069,0.0,0.0,0.0,0.193893888416723
PAK,CHN,0.0932178278569083,0.0,0.0,0.0269332050251391,0.0,0.0,0.0,0.0,0.0,0.0,0.0,0.0,1.77381910272898,0.0,0.0,0.0,0.0,3.53672823727715,0.0,0.0,0.0,0.02638599775617,0.0,0.0,0.0,0.0,0.0,0.0,0.0,0.356316216178661,0.0,0.0,0.0,0.00017373275486545,0.0,52.2820940960456,0.0,0.0
PAK,ETH,0.0,0.0,0.0,0.0,0.0,0.0,0.0,0.0,0.0,0.0,250.096410745496,0.0,0.0,0.0,0.0,0.0,0.0,0.0,0.0,0.0,0.0,0.0,0.0,0.0,0.0,0.0,0.0,0.0,0.0,0.0,0.0,0.0,0.0,3.34373891591194,0.0,0.0,0.0,0.0
PAK,EU27,0.0,0.0,0.0,0.00679971958202087,0.0002,0.0,0.000433453295931047,0.0,0.0,0.0,32.0339867458421,0.0,0.714722262710523,0.0,0.0,2.7146853746439,7.01134314655356,9.30899255759911,0.0,0.0,0.0,0.0,0.0,0.0,0.0,0.0,0.0,0.0,0.0,0.0,0.0,0.0,0.0,3.51251602311886e-05,0.0,0.0,0.0,0.0
PAK,IDN,10.8871357681012,0.0,0.0,0.0,0.0,0.0,0.0,0.0,0.0,0.0,0.0,0.0,7.97214309538759,0.0,0.0,0.0,0.0,37.1634437572013,0.0,0.0,0.0,0.0,0.0,0.0,0.0,0.0,0.0,0.0,0.0,0.0,0.0,0.0,0.0,0.0,0.0,0.768771362443371,0.0,0.754494995175434
PAK,IND,0.0,0.0,0.0,0.0234008152040396,0.0,0.0,0.0,0.0,0.0,0.0,0.0,0.0,0.878719214939878,0.0,0.0,0.0,130.435595621484,3.07385615834601,0.0,0.0,0.0,0.0,0.0,0.0,0.0,0.0,0.0,0.0,0.0,0.0,0.0,0.0,0.0,0.0,0.0,0.0,0.0,0.280058293019287
PAK,JPN,0.0,0.0,0.0,0.000186439409997415,0.0,0.48332370137749,0.0,0.0,0.0,0.0,0.0,0.0,3.28946216466153,0.0,0.0,0.0,0.0,0.0,0.0,0.0,0.0,0.0,0.0,0.0,0.0,0.0,0.0,0.0,0.0,0.0,0.0,0.0,0.0,0.0,0.0,0.0,0.0,0.0
PAK,KOR,0.0,0.0,0.0,0.00188763158417307,0.337243086863859,0.0,0.0,0.0,0.0,0.0,0.0,0.0,0.0,0.0,0.0,0.0,0.0,0.0,0.0,0.0,0.0,0.0016296044609365,0.0,0.0,0.0,0.0,0.0,0.0,0.0,0.0,0.0,0.0,0.0,0.0,0.0,0.0,0.0,0.0
PAK,NZL,0.0,0.0,0.0,0.000261293626392852,0.0,0.0,0.0,0.0,0.0,0.0,0.0,0.0,0.0,0.0,0.0,0.0,0.0,0.0,0.0,0.0,0.0,0.0,0.0,0.0,0.0,0.0,0.0,0.0,0.0,0.0,0.0,0.0,0.0,0.0,0.0,0.0,0.0,0.0
PAK,PAK,23734.5302246834,0.0,51.038802216878,6299.08859323657,504.980010250791,303.906616520741,148.140754941686,0.0,0.0,0.0,4190.44758350831,3544.47704978821,367.777761314064,497.629188735343,4757.51181465871,604.052226540704,5689.03816627408,1887.2949009723,0.0,0.0,0.0,1061.58633635716,0.0,0.0,0.0,1871.26396430171,0.0,1159.0701754169,598.621874254795,749.130512396291,0.0,0.0,360.6284114828,74.0502143186874,228.604929650374,582.039104777673,80.5405697001086,1010.42708896388
PAK,ROW,760.7083850098378,0.0,0.20090056987420218,7.786548223279452,62.49131544575668,0.06542256296998579,0.0,0.0,0.0,0.0,1687.91183309202,565.5187606648278,0.660544418941848,12.176548249485778,265.5346295871207,9.287045862880063,151.28540053484826,291.8288682154414,0.0,0.0,0.0,0.04799571512456611,0.0,0.0,0.0,40.76936903162034,0.0,0.000151885453549818,6.39444304495007,7.947127088262311,0.0,0.0,14.432696495615213,0.05096325475140047,10.6344119652544,2.26716259821107,0.9227962522962196,17.25401399095737
PAK,RUS,0.0,0.0,0.0,0.0,0.0,0.0,0.000457329842401447,0.0,0.0,0.0,0.0,94.8680842922372,0.0,0.0,0.0,0.0,0.0,32.6840090183758,0.0,0.0,0.0,0.0,0.0,0.0,0.0,0.0,0.0,0.0,0.0,0.0,0.0,0.0,0.0,0.0,0.0,0.0,0.0,0.0
PAK,THA,61.5624762556436,0.0,0.0,0.0,0.0,0.0,0.0,0.0,0.0,0.0,0.0,0.0,0.0,0.0,0.0,0.0,0.0,5.22619467394699,0.0,0.0,0.0,0.0,0.0,0.0,0.0,0.0,0.0,0.0245612839077137,0.0,0.0,0.0,0.0,0.0,0.0,0.0,0.0,0.0,0.0
PAK,TUR,0.0,0.0,0.0,0.000586078059650875,0.0,0.0,0.0,0.0,0.0,0.0,0.0,0.0,0.0,0.0,0.0,0.0,0.0,0.0,0.0,0.0,0.0,0.0,0.0,0.0,0.0,0.0,0.0,0.0,0.0,0.0,0.0,0.0,0.0,0.0,0.0,0.0,0.0,0.0
PAK,UKR,0.0,0.0,0.0,0.0,0.0,0.0,0.0,0.0,0.0,0.0,0.0,0.521198550372516,0.0,0.0,0.0,0.0,0.0,0.0,0.0,0.0,0.0,0.0,0.0,0.0,0.0,0.0,0.0,0.0,0.0,0.0,0.0,0.0,0.0,0.0,0.0,0.0,0.0,0.0
PAK,USA,0.0,0.0,0.0,0.00907174410710123,1.10175729761101,0.0102107158572271,0.0,0.0,0.0,0.0,0.0,0.0,0.618293512738945,0.413574653512301,0.0,0.216697203039181,6.18724358993709,9.36497174620305,0.0,0.0,0.0,0.00635435077355436,0.0,0.0,0.0,0.0,0.0,0.0,0.0,0.0,0.0,0.0,0.0,0.0,0.0,0.0,0.0,0.271118965525432
PAK,VNM,0.0,0.0,0.0,0.0319876647744377,0.0960324718254773,0.0,0.0,0.0,0.0,0.0,0.0,0.0,0.415738393079642,0.0,0.0,0.0,0.0,0.0,0.0,0.0,0.0,0.0,0.0,0.0,0.0,0.0,0.0,3.67195485429102,0.000233708089970764,0.0,0.0,0.0,0.0,0.0,0.0,0.0,0.0,0.936771444217579
PAK,ZAF,0.0,0.0,0.0,0.000680404270260883,0.0,0.0083772614764144,0.0,0.0,0.0,0.0,0.0,0.0,0.0,0.0,0.0,0.383335744484043,0.0,0.0,0.0,0.0,0.0,0.00406479996114196,0.0,0.0,0.0,0.0,0.0,0.0,0.0,0.0,0.0,0.0,0.0,0.000409526197796502,0.0,0.0,0.0,0.0
ROW,ARG,2.964714179375972,0.0,0.2344121145280382,9.24362544383809,7.164570804896904,0.0,0.557161981949053,1083.4969681925802,0.0,0.0,0.013757176121545,2.61078690792736,2.533986674218825,50.848871318383104,10.595041692187918,5.44106527120552,527.6821940524592,5.910886706757919,34.52520149476913,0.0,0.0,0.361911315992832,0.0,2.62203617468242,0.0,0.1517690694175,0.0,0.0,0.006954594997710711,0.1952130777415313,0.0,0.0,0.282722576915874,0.00157557376300992,17.4166335460031,0.00486456005705157,1.37945335470419,0.557442581365804
ROW,AUS,7.148163944184905,0.0,0.168356228003679,0.0,8.31519224633967,0.0410531886242275,0.0,0.213414721566901,0.0,0.0,0.30396756906692124,0.00621801542255555,1.5115125732468189,1.9400578818881429,21.087752793195143,0.1934376762876893,68.82927976885875,22.250234495611817,1.3330052096618712,0.0,0.0,0.129372096861254,0.04152619185924271,1.7871746218060536,0.500987570130804,0.000366622514995174,0.0631558231517281,0.0,0.023259728155896046,0.599998804701806,0.0,0.0,1.8805901813287351,1.7535690219507434,0.903194293820575,1.1810681461771,0.0,0.0213789663094631
ROW,BGD,4.43497277837965,0.0,0.0,0.0,0.16998266771058318,0.222878963632085,0.0,169.807364234354,0.0,0.0,0.0,0.0,112.11352556882014,0.0,11.2255114198467,0.6840141021064975,57.49819752562408,22.88083417767876,0.0,0.0,0.0,0.1318500915120403,0.333777584449288,0.0671547101700666,0.0712101531430662,0.12669992618077,0.0,0.0,0.362329814522588,0.0,0.0,0.0,0.000604757261388573,0.190900452564507,142.6128054276337,0.000871184609894241,0.0,0.0
ROW,BRA,665.4854397006272,0.0,381.65071964538,1264.7923034079959,7.62800229147192,1.35413757462998,4.657674465261644,273.756965601575,0.0,0.0,0.208622876151664,1.766272836742625,14.240273698108671,66.7821938571546,23.181618920968447,64.21777197664723,86.41614367783498,10.03781868865157,22.19964521591393,0.0,0.0,2.03606929347914,13.06048410183172,13.9543557861786,1.94638910399014,33.87790873519533,0.165506770375374,2.95194493152818,0.6678287286903776,0.05645324210612809,0.0,0.0,10.577379273390198,2.31483608142374,131.567183114517,0.286099595428854,0.2050853543073921,0.4677515507683634
ROW,CAN,0.187519145370327,0.0,21.4763528592229,0.464054560231464,0.545672690416033,5.7749458881049085,0.39039884641953976,0.36716479981439104,0.0,0.0,765.5623189079788,0.08953614373312982,6.535689802394222,5.89388290487214,50.39650617519794,3.0816703809757557,292.56526613683343,25.236311238680848,41.37389778622931,0.0,0.0,0.0297614894520161,0.01891945545274383,3.0918102788672677,0.147317131637147,17.20877657883228,0.1179449770728799,0.114087395329113,0.109817529278261,0.0,0.0,0.0,0.7775770199982615,0.0,0.0,14.43497456627346,0.0,0.0600044234468543
ROW,CHN,68.12825060164845,0.0,0.0,319.8941971620161,0.00594342292661319,26.128297218821768,93.68373356730518,902.1674307183313,0.0,0.0,1843.0299286304812,0.5954551798555519,57.09546177441014,2.677305979014429,23.192544885247603,25.190610439433556,2083.2063000425733,201.84127776546515,173.50093196432357,0.0,0.0,0.16874332779268492,8.349608468949693,1.9873108745105066,31.438148267988822,222.9392398894474,9.831280702109748,61.36336220044743,49.79511293816251,68.13620323864431,0.0,0.0,137.19409023685563,22.5817155391047,2.9146686426944513,0.0,37.7220186204241,0.6985951254750979
ROW,ETH,11.79788786829356,0.0,0.37408431778607,0.28905631539210863,1.386433696386896,0.0,1.01066832789597,0.01916620246951341,0.0,0.0,16.34742037927783,0.0007789116437773214,0.0,2.9204598758756433,66.33420397821227,0.7538024228982757,14.825397418002682,18.370143009519715,0.0228129213182435,0.0,0.0,0.39731400675419704,0.4169391679322634,0.06205883320424239,0.0,0.006897639652012945,0.2089784556240478,0.0,9.46392211935683e-05,3.079187373602665e-05,0.0,0.0,0.0,0.8031848146491659,6.35978849928024,0.0,0.0,0.0
ROW,EU27,657.3655525058875,0.0,211.61948705042107,1268.623044154423,5671.2490177626005,1958.920949140602,364.3765546610151,8632.258615755569,0.0,0.0,4013.9795269990154,940.402882409846,209.64977138429504,115.35275876733432,1301.961928907279,458.3791735770342,8095.455949446863,704.7999003645361,276.59249843699,0.0,0.0,11.219024570461197,26.63609951078768,142.2583353513899,57.41399348682525,174.34478143389174,85.20744477205619,26.68041758166161,1.4129581207477286,5.417319220090692,0.0,0.0,47.968578154885165,142.9199821374872,342.81546840810756,305.408756842098,124.69892119523854,1178.575523413614
ROW,IDN,27.152654070455775,0.0,0.977015793179683,7.07191773976912,1.06953800173626,0.0,0.2063028891606462,1.0456596129242162,0.0,0.0,63.85347250304638,0.5717670220023214,41.94020937943123,0.290599192191973,12.64480247867247,0.0,38.74091445222139,1.784891964088984,0.1737067383813056,0.0,0.0,0.0394878289767574,0.0992871738180341,1.3699344673119451,0.0,0.0,0.883748075692861,0.2355735532995435,0.0,0.988590392950445,0.0,0.0,2.20359171573526,0.733591910731402,141.951100108907,1.8092979873586232,1.27420821435393e-06,1.21256810372675
ROW,IND,9.704730421707854,0.0,15.723637255759813,1.9379179341646842,215.5733283852525,0.901318835526024,0.8457320458753319,46.86639076727847,0.0,0.0,0.0,0.130802865409593,1303.691366545435,1.28034239226852,28.85984758477639,35.10459678267837,930.0170378227182,85.78662029053982,0.9932082911345647,0.0,0.0,1.7176906472992663,0.0,0.08122699036885424,0.751910188071235,0.022533650695104775,0.33453216418448345,0.00035849647947921694,0.0013592825421474828,0.007409305473946047,0.0,0.0,167.789107146957,2.765549473504626,281.88277757958883,11.687263282317591,160.83885087393946,1.2173716888786
ROW,JPN,214.62030514993816,0.0,13.336963105171506,1.49940311086917,0.802008899118048,0.0,0.496434256660708,0.0537217776099708,0.0,0.0,0.7188175033805898,0.624811464545214,21.59714554332126,1.485763859664341,48.01300148747215,41.7765549845828,772.201993777028,73.8891028642594,81.05205802516858,0.0,0.0,0.2116225346679657,0.420940472210244,0.6678982322904035,0.547587091174481,5.57315865368958,31.497978709303467,2.28906267504588,0.0,0.0,0.0,0.0,0.134988891292818,0.21056413568709,0.0,0.0,0.0,43.0299464958857
ROW,KOR,16.61964695227,0.0,0.0,7.17362694054553,0.333661138365132,0.19845657997231048,0.0,108.90209267173367,0.0,0.0,0.02558681582333961,0.3510418561237457,7.417231308717781,6.693865655526106,3.8261951756389947,0.634515088910548,464.4673429565904,9.301382107370479,9.22679587944299,0.0,0.0,0.0234817878904704,0.0,0.666290500393559,1.65646837219711,4.982065920309727,42.32495836799715,0.10949494536258209,0.0,0.0617658650443268,0.0,0.0,0.410171077252026,0.216894387109612,0.0,0.0,0.0,0.0
ROW,MAR,184.14805133601692,0.0,10.551994216183811,55.7090109197232,5.37197578553039,0.427846083887582,0.208818162790869,11.4035501206636,0.0,0.0,0.0,14.391103004458891,16.99076974875479,1.573984776490986,4.67593481150229,0.0030598300052504645,130.56799282986026,12.954512618523703,0.08188941680730691,0.0,0.0,1.0567831318455394,0.27483861108353624,3.310756828209345,0.938369141082588,0.0031288706610715557,0.0,0.03160953992162628,0.0013957408039499937,0.0,0.0,0.0,0.0877400982607892,2.22621167248515,0.0,0.0,69.5763734094353,0.0
ROW,MEX,5.4642179823513715,0.0,0.0,0.627422719313398,0.0,0.0,0.00070865080260125,311.245982587737,0.0,0.0,0.41261722307662113,0.0,0.0,15.0149976670677,17.549164892181423,63.0706808187089,120.01391450439843,4.85220230934691,22.27306155718714,0.0,0.0,0.45731071022304226,0.0192961054949781,10.05647443556185,0.906758594331493,17.73068415139707,0.3852665701848843,18.693437531067946,0.0,0.1286791905097495,0.0,0.0,0.0,0.78972007924338,0.0203894160978027,0.0,0.0,0.0
ROW,NGA,6.73635564205679,0.0,0.156918253485177,0.0888846480967327,0.12888983810179508,0.0,0.0,6.59868434433429,0.0,0.0,0.0,0.289414411671503,0.6021903316376073,4.11014059772617,7.066143811711219,0.752579581997284,28.568560850182788,3.869705904722209,1.122176191108785,0.0,0.0,0.45674938232791135,0.6443285793430432,0.03318240267250603,0.0490403777953171,0.0,0.47585264467599975,12.201402656432677,2.14742621553563e-05,0.1631145999337857,0.0,0.0,0.0,0.0,0.312112733036001,0.0,0.0,0.7574294019938739
ROW,NZL,7.09610957541497,0.0,0.213713946474184,2.163605229092,0.0,0.0,1.68803661521935,0.352866726500896,0.0,0.0,0.6662858883484029,0.00330813306729649,0.483858419134385,0.0,1.89997529431221,0.786764259103291,100.03658735391343,1.2379824748875738,1.76602637807584,0.0,0.0,0.0464902851188385,0.0,1.0350623759623472,0.0,0.2529304019523234,0.0292949107563755,0.0,0.0223739470938226,0.202762599836097,0.0,0.0,20.52158541123197,0.7896903648934608,8.04546193094935,0.0,0.0,6.042070087725702
ROW,PAK,10.102978728014264,0.0,1.196479389653264,4.3327078101802865,0.0,1.4851614184140138,0.0213252423455092,2.8831511045594165,0.0,0.0,0.31121772290363214,0.6181345762526135,176.88206624948634,108.4750917173582,111.96202057798402,78.88330810624824,114.33693479137071,11.538739153232571,0.0,0.0,0.0,0.2590924148903665,0.7040658898300557,1.671764016763897,5.33135211373792,0.04019938464544389,0.0,0.18300428147528033,0.06255439462835406,0.0276284714813304,0.0,0.0,0.0006912223383280491,2.715746978127335,2.8731179598259127,0.0721496633061702,0.0,25.417128976619356
ROW,ROW,83815.08098968581,0.0,18129.05491050415,93109.48461513568,31996.56455868376,2013.9132377838077,3655.4892963168113,13439.88268318188,0.0,0.0,21089.981782907893,60383.69245348433,18966.173250962922,31798.635780721783,132461.93190203785,9712.081763494587,133799.05139110165,22308.510625457646,1017.3022588897581,0.0,17396.351222876212,1072.6762710553908,352.4948169531801,3468.0939412330786,81.09251415582935,13652.60053151968,8972.34330203841,21967.49925917143,5030.279412287012,10037.189119563041,0.0,0.0,1256.0243715408542,1249.9466140054576,3104.903987072583,1774.9260509243222,1477.2338657140604,15422.395170612299
ROW,RUS,117.61311801101579,0.0,135.94135077981966,22.30764733880009,306.0936183139822,45.150902404317165,6.994513696553609,736.9997692941268,0.0,0.0,350.0747063896396,571.5710403382003,12.425087286760801,56.225773242220875,762.6107029430403,667.9644670963879,2499.8457635398713,141.81428145643267,112.60592350901888,0.0,0.0,80.22950342918178,93.89311946447998,229.75609377728387,65.83781403631613,250.28741033895585,82.90149850104052,151.91976768460646,0.1927533235063531,9.02030710624048,0.0,0.0,51.06212055699192,2.40258418012954,20.5382186120049,53.3273990066067,13.8360247504322,2.633179878372444
ROW,THA,65.35298644093054,0.0,7.063224537967522,130.05249086455115,4.87510548426414,0.0,0.1090923297547758,1.774238909200857,0.0,0.0,0.0472474335412471,1.2247453280945269,22.07727846511862,7.693605053349136,73.08927570132704,0.00686782204628327,43.065942579462536,22.426083423515543,0.21893938602501062,0.0,0.0,0.0,0.00407742712214213,0.0853275624801768,0.245621498221609,0.8582640573698538,0.13555600256903422,0.3838968998321936,0.2443377353321492,0.4671100776964009,0.0,0.0,3.3760209299682193,0.968755161230877,0.806562129819659,259.39616622777356,0.0,45.35664379636905
ROW,TUR,527.8677404929807,0.0,8.47651855698777,169.09920588392194,1097.6249872915414,0.311807421296812,124.98164712582982,494.57959224970176,0.0,0.0,4.23852016033076,35.832429660946154,106.63359658316661,0.3556653902553328,66.09777144671011,59.951888106489186,397.2305329118943,77.05424920344332,0.9037293767287851,0.0,0.0,2.3165334794087062,0.15406005910630702,1.2628574176891372,0.00553374254582533,13.22355846268258,0.162480966865442,0.749931299012815,15.8407843742836,1.2242176964972669,0.0,0.0,0.930901971301696,84.06111752385233,1.7424639416676722,1.8176457579965581,4.145498422018772,0.0
ROW,UKR,31.193203047489252,0.0,4.87981382726377,29.42876778970875,57.41431998964627,4.223980866683111,2.5104458377916035,0.0894748300079762,0.0,0.0,2.66881149193015,1.8231093063089,0.54024419426114,0.448405141968704,23.416542752307194,1.7494102904342,260.76217516886743,11.060428381094841,23.85795931105686,0.0,0.0,0.7858671177457481,0.3542737919611405,0.39524663310807484,0.255678111597094,0.21084341912999588,1.1045145173276114,1.8333086487574668,0.00146089142556063,0.0,0.0,0.0,0.0637480444241742,0.184278446784016,0.0,0.3300624092431364,0.379646221853956,0.0
ROW,USA,84.73761902648064,0.0,2486.069878096639,38.84265321865253,19.435934598566675,3.8420906765123863,1.5710784287283892,27.66314629193273,0.0,0.0,612.1354631067466,2.4413083361401,27.91463979054906,26.84465411754074,1489.852524653156,389.7480673557867,5670.90832962904,854.5409231668352,162.89236920000357,0.0,0.0,2.4018641191730934,0.1732222268333676,24.687711544064786,0.0,127.46904223171585,8.611925195560197,29.499858191699584,0.9004240282452354,4.266679067402846,0.0,0.0,2.1883624623134073,0.4771853695205602,0.453875485360819,12.682157769248189,0.43398221930517844,0.5363082670873403
ROW,VNM,151.36325579827624,0.0,3.9514159019707,181.15671704253083,0.6705327834024942,0.0,0.0,41.32662582688785,0.0,0.0,3.2573681563197767,0.00638697496929278,30.09832224491374,0.256509480371391,6.09791477823897,0.0,542.7303893768435,7.952440551612931,0.6183514801017912,0.0,0.0,0.0100592340191577,0.1304404501755368,0.8054291250416935,4.56713897174083,6.166885286799351,0.04496481234654277,24.353157012913492,0.10634561630684589,0.0,0.0,0.0,1.552581156988757,0.230317027342388,0.0,0.0,0.000385001442868782,15.4562562418496
ROW,ZAF,374.9845387087751,0.0,0.126234873573419,1016.4168202075055,11.5991404680305,0.0398313522640208,2.519117725192698,99.3168109664177,0.0,0.0,307.14465750327054,0.0150124851262121,11.980002014926965,8.97234283192547,17.077058909900842,1.460844415330817,204.2256188910413,31.43767668371889,0.0001,0.0,0.0,1.6437180027530829,0.2027610023251063,1.221747801020168,0.0,26.8702260996144,1.9286717273337723,18.847142715475844,3.62367132917876,1.070658985775852,0.0,0.0,1.930158617233468,0.3214752814382842,0.584168659088133,3.18739526307875,2.4384279560601314,98.9765415420547
RUS,ARG,0.0,0.0,0.0,0.0,0.0,0.0,0.0,0.0,0.0,0.0,0.0,0.0079866026030099,0.0,0.0,0.0,0.0,0.0,0.0,0.0,0.0,0.0,0.0,0.0,0.0,0.0,0.0,0.0,0.0,0.0,0.0,0.0,0.0,0.0,0.0,0.0,0.0,0.0,0.0
RUS,BGD,2787.92233388112,0.0,0.0,16.8619748275791,0.0,1.31523985025477,0.0,0.0,0.0,0.0,0.0,0.0,62.1760880776773,0.0,0.0,0.0,0.0,0.0,0.0,0.0,0.0,0.0,0.0,0.0,0.0,0.0,0.0,0.0,0.0,0.0,0.0,0.0,0.0,0.063773588600959,0.0,0.0,0.0,0.0
RUS,BRA,0.0,0.0,0.0,0.0,0.0,0.0,0.0,0.0,0.0,0.0,0.0,0.188843495672796,0.0,0.0,0.0,0.0,0.0,0.0,0.0,0.0,0.0,0.0,0.0,0.0,0.0,0.0,0.0,0.0,0.0,0.0,0.0,0.0,0.0,0.0,0.0,0.0,0.0,0.0
RUS,CHN,11.5787000476271,0.0,0.0,0.0,0.0,100.420958451143,1.83567405776029,569.073758401004,0.0,0.0,0.0,0.0330219477084891,0.0,0.0,0.0,0.0,15.1044698292107,0.0,1.51101500889219,0.0,0.0,0.0,0.0,0.0,0.0,0.151344493107612,1.23948149113751,0.0,0.0,0.0,0.0,0.0,357.329614229892,155.692191389461,251.424082469987,0.0,0.0,0.0
RUS,ETH,164.292743107379,0.0,0.0,0.0,0.0,0.0,0.0,0.0,0.0,0.0,0.0,0.0,0.0,0.0,0.0,0.0,0.0,0.0,0.0,0.0,0.0,0.0,0.0,0.0,0.0,0.0,0.0,0.0,0.0,0.0,0.0,0.0,0.0,0.177109995363606,0.0,0.0,0.0,0.0
RUS,EU27,72.5883264437204,0.0,29.8138779292102,451.713773487044,2.56842996014265,4.86777404347295,28.57336878769,0.0,0.0,0.0,0.0,21.9410733822935,214.961477645405,0.0,26.7555864120763,0.0,35.4876764107249,0.0,0.402460537795934,0.0,0.0,0.0,0.0,0.0,0.0,0.0,0.0,1.71971500153658,0.0,0.0001,0.0,0.0,4.82927209123246,5.81761010285286,61.0604942963484,334.002240482861,1863.89129999333,492.044724696776
RUS,IDN,761.070953579432,0.0,0.0,0.0,0.0,0.0,0.0,0.0,0.0,0.0,0.0,0.00397007805369114,0.0,0.0,0.0,0.0,0.0,0.0,0.0,0.0,0.0,0.0,0.0,0.0,0.0,0.0,0.0445322957142566,2.49661665300527e-05,0.0,0.0,0.0,0.0,0.0,0.0,0.0,0.0,0.0,0.0
RUS,IND,16.8312548008508,0.0,14.1279385291159,0.0,0.0,0.364168486011637,0.17515797154353,0.0,0.0,0.0,0.0,0.0,227.89961068,0.0,0.0,0.0,0.0,0.0,0.0,0.0,0.0,0.0,0.0,0.0,0.0,0.0,0.0,0.0,0.0,5.68271424790568e-05,0.0,0.0,4.15671543626211,15.1138241329638,5.28989718083128,0.0,0.0,0.0
RUS,JPN,0.0,0.0,161.033516970883,117.530276237283,0.0,0.0,0.0267833304466447,0.0,0.0,0.0,0.0,0.0,0.0,0.0,0.0,0.0,0.0,0.0,0.0,0.0,0.0,0.0,0.0,0.0,0.0,0.0,11.2598177664258,0.0,0.0,0.0,0.0,0.0,0.0,0.0,0.0,0.0,0.0,0.0
RUS,KOR,238.179211847805,0.0,0.0,928.426224682229,0.0,0.0,0.0,0.0,0.0,0.0,0.0,0.0,0.0,0.0,0.0,0.0,0.0,0.0,0.0515501044211293,0.0,0.0,0.0,0.0,0.0,0.0,0.20591049600263,0.0,0.0,0.0,0.0,0.0,0.0,0.0,0.0,0.0,0.0,0.0,0.0
RUS,MAR,50.3838101980638,0.0,19.3134844556643,0.0,0.0,0.0,0.0,0.0,0.0,0.0,0.0,0.00098999670660343,0.0,0.0,0.0,0.0,0.0,0.0,0.0,0.0,0.0,0.0,0.0,0.0,0.0,0.0,0.0,0.0168075172278611,0.0,0.0,0.0,0.0,0.0,0.0,10.5110395048035,0.0,0.0,0.0
RUS,MEX,61.3059356235191,0.0,19.3029304595397,0.0,0.0,0.0,0.0,0.0,0.0,0.0,0.0,0.0,0.0,0.0,0.0,0.0,0.0,0.0,0.0,0.0,0.0,0.0,0.0,0.0,0.0,0.0,0.0,0.0,0.0,0.0,0.0,0.0,0.0,0.0,0.0,0.0,0.0,0.0
RUS,NGA,159.190679182975,0.0,0.0,0.0,0.0,0.0,0.0,0.0,0.0,0.0,0.0,0.0,0.0,0.0,0.0,0.0,0.0,0.0,0.0,0.0,0.0,0.0,0.0,0.0,0.0,0.0,0.0,0.0,0.0,0.0,0.0,0.0,0.0,0.0,0.0,0.0,0.0,0.0
RUS,NZL,0.0,0.0,0.0,0.0,0.0,0.0,0.0,0.0,0.0,0.0,0.0,0.0,0.0,0.0,0.0,0.0,0.0,0.0,0.0,0.0,0.0,0.0,0.0,0.0,0.0,0.0,0.0,0.0,0.0,0.0,0.0,0.0,0.0,2.30802158190686,0.0,0.0,0.0,0.0
RUS,PAK,0.0,0.0,1.48913720869386,0.0,0.0,0.0,0.0,0.0,0.0,0.0,0.0,0.0,258.848410739195,0.0,0.0,0.0,0.0,0.0,0.0,0.0,0.0,0.0,0.0,0.0,0.0,0.0,0.0,5.71145877216633e-06,0.0,0.0,0.0,0.0,0.0,0.0,0.0,1.40962609462049,0.0,0.0
RUS,ROW,14098.175355128216,0.0,4041.000545602644,3116.293691944201,11.771412379258035,136.13536603312443,55.2524675194775,42.14341126716766,0.0,0.0,811.285977035256,11.303947640042425,146.90679054376807,23.56523355755186,89.20670427293653,52.92236085014345,164.62212691850524,0.0,1.5470077545905532,0.0,0.0,3.1143562778855642,1.3954594094946164,24.30013546221653,0.0,6.160030426286062,44.37366117743895,86.71399611690663,13.19562110868021,27.26094641159506,0.0,0.0,5.625242783104766,920.1728451335507,278.2318188836159,58.16977257424147,237.50304689420818,279.6943293181403
RUS,RUS,41322.8686917982,0.0,10766.6901221988,8569.34958474769,1678.45737517086,1270.53058885837,10682.634851657,2836.50741680864,0.0,0.0,5301.09281022515,18278.4196910967,1955.00836796283,2435.59907871142,12518.2188890774,1662.41267404047,1001.41787655734,0.0,466.844683922377,0.0,0.0,251.257402490642,88.2844028359175,689.071883849708,0.0,1519.44423385833,3352.67690654352,4308.022932791,199.588014798863,2189.63726187581,0.0,0.0,38.3043832447272,2859.62986358295,134.217436581176,136.221871993368,1685.06477563455,2279.73038889904
RUS,THA,131.0572292773,0.0,0.0,0.0,0.0,0.0,0.0,0.0,0.0,0.0,0.0,0.0,0.427175068587392,0.0,0.0,0.0,0.0,0.0,0.0,0.0,0.0,0.0,0.0,0.0,0.0,0.0,0.0,0.0653838527623388,0.0,0.0,0.0,0.0,0.0,0.0,0.0,0.0,1.41685724754583,0.0
RUS,TUR,500.140490144612,0.0,94.1330645912327,0.0,691.589804028855,2.37776162872715,10.003992778764,0.0,0.0,0.0,0.0,0.000983256968499825,110.830342727683,0.0862402204423265,1.28112249289519,0.623397616342229,0.0,0.0,0.0,0.0,0.0,0.0,0.00569093378962948,0.0,0.0,0.0,0.0,0.0,0.0,0.0,0.0,0.0,0.0,316.208376580095,0.0,0.0,1416.89913959537,0.0
RUS,UKR,1.82557453804677,0.0,11.9200197997803,0.0,0.0,1.12690234592115,1.1018236893164,0.050576269162874,0.0,0.0,0.0,3.11121095306171,0.0672899103794778,0.393201377900177,13.8193095111089,1.0760170714035,44.4952315247843,0.0,0.835434272770447,0.0,0.0,0.0249692549776201,0.00804117578318171,2.41258136115123,0.0,0.192316733452971,2.33868705919057,1.76917016567617,0.0,0.104859649577416,0.0,0.0,0.15587261597189,0.852686346748686,0.0,0.0,0.0,10.9692129996351
RUS,USA,0.0,0.0,0.0,0.0,0.0,0.0,0.0,0.0,0.0,0.0,0.0,0.00144161597627465,0.0,0.0,0.0,0.0,4.17824073542632,0.0,0.0,0.0,0.0,0.0712274283653299,0.0,0.0,0.0,0.0,0.0,0.0,0.0,0.0,0.0,0.0,0.0,0.0,0.0,0.0,0.0743322888472413,0.0
RUS,VNM,2801.29700980536,0.0,11.3120882647634,306.740820840342,0.0,0.0,0.00287460880001702,0.0,0.0,0.0,0.0,0.0,0.0,0.0,0.0,0.0,0.0,0.0,0.0,0.0,0.0,0.0,0.0,0.0,0.0,0.0,0.00687932686234472,0.0,0.0,0.0,0.0,0.0,0.0,0.54703089883427,0.0,0.0,0.0,0.0
RUS,ZAF,67.0670801722269,0.0,0.0,0.0,0.0,0.0,0.0,0.0,0.0,0.0,0.0,0.0,0.517179165697477,0.0,0.0,0.0,0.0,0.0,0.0,0.0,0.0,0.0,0.0,0.0,0.0,0.0,0.0,0.0,0.0,0.0,0.0,0.0,0.0,0.0,0.0,0.0,0.0,0.0
THA,ARG,0.0,0.0,0.0,0.0,0.0,0.0,0.0,0.0,0.0,0.0,0.0,0.0,0.0,0.0,0.0,0.0,7.75355686671965,0.0,0.0,0.0,0.0,0.0,0.0,0.0,0.0,0.0,0.0,0.0,0.0,0.0,0.0,0.0,0.0,0.0,0.0,0.0,0.0,0.0
THA,AUS,1.07981961594697,0.0,0.0,0.0,2.64115600398228,0.0,0.0,3.50604855892742,0.0,0.0,0.0,0.470299559076798,0.182028841792617,0.0,7.16003809047178,0.0,60.6336944063751,0.0,0.0,0.0,0.0,0.0,0.0,0.0,0.0,0.478051547352297,0.0,1.69035503874511,0.0,0.465346419499396,0.0,0.0,0.0,0.0,0.0,0.0,0.0,0.0
THA,BGD,0.0539386772387142,0.0,0.0,0.0,0.0782631157530126,0.0,0.0,0.0,0.0,0.0,0.0,0.0,0.0,0.0,3.26438762386997,0.0,0.812781537326585,0.0,0.0,0.0,0.0,0.0,0.0,0.0,0.0,0.0,0.0,0.0,0.0,0.0,0.0,0.0,0.0,0.0,0.0,0.0,0.0,0.0
THA,BRA,0.00284166560780584,0.0,0.0,0.0,0.0,0.0,0.0,0.0,0.0,0.0,0.0,0.0,0.0,0.0,0.0,0.0,0.0,0.0,0.0,0.0,0.0,0.0,0.0,0.0,0.0,0.0,0.0,0.0,0.0,0.0,0.0,0.0,0.0,0.0,0.0,0.0,0.0,0.0
THA,CAN,0.0780639053317003,0.0,0.0,0.0,0.0,0.0,0.0,0.0,0.0,0.0,0.0,0.0,2.87435731462507,0.0,5.20865170419636,0.0,70.4663735780242,0.0,0.0,0.0,0.0,0.0,0.0,0.0,0.0,0.0,0.0,10.2575692320342,0.0,0.795365602326195,0.0,0.0,0.0,0.0,0.0,0.0,0.0,0.0
THA,CHN,1.42371291924797,0.0,0.0,4.28971548189875,0.0,0.0,0.0,0.164534539498521,0.0,0.0,284.07455859585,0.199726797830024,6.75165659953884,0.110500775986679,6.716353259649,0.0,662.793240179974,15.9290637816449,0.0,0.0,0.0,0.0,0.0,0.0813214418997691,0.0,19.1181333825476,1.22795551484738,26.5728970733553,0.0,11.6655562564903,0.0,0.0,0.0,0.00175740832223027,1.47894761114857,0.0,0.0,0.0
THA,ETH,0.0,0.0,0.0,0.000566683209918047,0.0,0.0,0.0,0.0102744496965758,0.0,0.0,0.0,0.00223279199712707,0.0,0.0,0.0,0.0,0.0,0.0,0.0,0.0,0.0,0.0,0.0,0.0,0.0,0.0,0.0,0.0,0.0,0.0,0.0,0.0,0.0,0.0,0.0,0.0,0.0,0.0
THA,EU27,0.318743791058661,0.0,0.0840295875507505,0.0,14.4835401908863,0.0,3.10224867676606e-05,0.0001,0.0,0.0,437.014606686797,10.2555532400793,0.974465343585557,0.0,15.1299428597536,0.0,438.360578788326,0.0,0.0,0.0,0.0,0.0,0.0,0.0,0.0,0.0,0.244391441820519,99.0576478914446,0.0,0.0,0.0,0.0,0.0,0.000295562162357457,0.0001,0.0,0.0,0.0
THA,IDN,12.8331969030441,0.0,0.0,17.8330811909805,0.0,0.0,0.0,0.0,0.0,0.0,2146.86818960892,0.0,1.03413405806573,0.0,0.0,0.0,72.8877505098622,0.0,0.0,0.0,0.0,0.0,0.0,0.0,0.0,0.0,0.0,1.81498707900313e-05,0.0,0.0,0.0,0.0,0.0,0.000922796933084607,0.564043804500183,0.0,0.0,1.13989932223838
THA,IND,0.0882112021922731,0.0,0.0,0.0,0.0,0.0,0.0,0.0,0.0,0.0,0.0,0.0,1.2013159563342,0.0,0.49916990809168,0.0,12.7269930300841,0.0,0.0,0.0,0.0,0.0,0.0,0.0,0.0,0.00101326253755437,0.035101680266651,0.000914312983876639,0.0,1.71548703695343e-05,0.0,0.0,0.0,0.0,0.0,0.0,0.0,0.0
THA,JPN,1.62588086545714,0.0,0.0,10.3850775687814,0.0,0.0,0.0,0.0,0.0,0.0,30.6547438278602,0.582795303232178,1.26708062035635,0.811477901706869,68.7053749028622,0.0,78.0294839609823,4.64959275201821,0.0,0.0,0.0,0.0,0.0,0.0,0.0,11.3720668491632,5.42410981408611,42.8916079737209,0.0,1.96363852227005,0.0,0.0,0.0,0.0246345717199401,0.0,0.0,0.0,0.0
THA,KOR,0.271079682312257,0.0,0.0,0.0,0.0,0.0,0.0,0.0,0.0,0.0,13.3388569370084,0.0,0.670401658435271,0.0,2.54626636814949,0.0,58.4371882786581,2.33082251320707,0.0,0.0,0.0,0.0,0.0,0.0,0.0,6.13278701189573,0.0,48.5237662644294,0.0,0.378132263020009,0.0,0.0,0.0,3.81027722262089e-05,0.0,0.0,0.0,0.0
THA,MAR,0.0,0.0,0.0,0.0,0.0,0.0,0.0,0.0,0.0,0.0,0.0,0.0,0.0,0.0,0.0,0.0,1.97707364515556,0.0,0.0,0.0,0.0,0.0,0.0,0.0,0.0,0.0,0.0,0.000159233616519612,0.0,0.0,0.0,0.0,0.0,0.0,0.0,0.0,0.0,0.0
THA,MEX,0.00177104859306201,0.0,0.0,0.0,0.0,0.0,0.0,0.0,0.0,0.0,0.0,0.0,0.0,0.0,0.0,0.0,18.8170073244817,0.0,0.0,0.0,0.0,0.0,0.0,0.0,0.0,0.0,0.0,0.0,0.0,0.0,0.0,0.0,0.0,0.0,0.0,0.0,0.0,0.0
THA,NGA,0.00246968924264762,0.0,0.0,0.0,0.00366221569780169,0.0,0.0,2.157415110269,0.0,0.0,0.0,0.0,0.00050904720754069,0.0,0.0,0.0,5.34956395398897,0.0,0.0,0.0,0.0,0.0,0.0,0.0,0.0,0.0,0.0,0.0,0.0,0.0,0.0,0.0,0.0,0.0,0.0,0.0,0.0,0.0
THA,NZL,0.178329978321643,0.0,0.0,0.0,0.334382578728116,0.0,0.0,0.119723374719149,0.0,0.0,0.0,0.251138462865857,0.0,0.0,0.753102286402902,0.0,12.8727935831808,0.238154441051209,0.0,0.0,0.0,0.0,0.0,0.0,0.0,0.0,0.0,0.53672082350549,0.0,0.0566200987344664,0.0,0.0,0.0,0.0,0.0,0.0,0.0,0.0
THA,PAK,0.126174406693982,0.0,0.0,1.1154428771184,0.0,0.0,0.0,0.0,0.0,0.0,0.0,0.120738933924043,2.75942932703697,0.0,0.0,0.0,15.9928892746893,1.0370462323498,0.0,0.0,0.0,0.0,0.0,0.0,0.0,0.000119876736691195,0.0,0.0,0.0,0.0,0.0,0.0,0.0,0.0011080479260837,0.0,0.0,0.0,0.0
THA,ROW,7.155843614115685,0.0,1.941204478526976,394.30039490275396,191.7222290235754,0.0,0.0,9.666990695750341,0.0,0.0,5199.36464338033,21.44519645038375,20.133578453132372,4.139677590277579,130.47027110900459,0.0,633.9251569600324,139.04149395167968,0.0,0.0,0.0,1.0872155903153788,0.0,0.3513262600208413,0.0,22.578343101563576,0.5592070939408745,114.48918413949205,0.001735832244040596,0.806640284602126,0.0,0.0,0.0,0.32030403525701046,0.0001,0.0,0.0,23.1003009716868
THA,RUS,0.0191264732865761,0.0,0.0,0.0,0.0,0.0,0.0,0.0,0.0,0.0,0.0,0.0,0.0,0.0,0.0,0.0,71.6410320881091,6.15926495372645,0.0,0.0,0.0,0.0,0.0,0.0,0.0,0.0,0.0,0.0,0.0,0.0,0.0,0.0,0.0,0.0,0.0,0.0,0.0,0.0
THA,THA,0.06,0.0,110.958942631963,4250.73155458467,118.460997300233,0.0,40.7968469597595,20.2023877078239,0.0,0.0,3298.78591696812,102.72385452495,151.789906838513,90.7636800375585,2522.19441449918,0.0,5779.19740364729,925.790049491337,0.0,0.0,0.0,1.2011828221632,0.0,3.16239814966467,0.0,86.0219323281574,936.623553429805,1236.59111472163,1.71898157007649,904.378426356847,0.0,0.0,0.0,20.3057857253799,506.562131106093,0.0,0.0,1971.57336060808
THA,UKR,0.000701587877348585,0.0,0.0,0.0,0.0,0.0,0.0,0.0,0.0,0.0,0.0,0.0,0.0,0.0,0.0,0.0,14.7514502554458,0.0,0.0,0.0,0.0,0.0,0.0,0.0,0.0,0.0,0.0,0.0,0.0,0.0,0.0,0.0,0.0,0.0,0.0,0.0,0.0,0.0
THA,USA,0.410982606587508,0.0,0.0243632988042097,0.0,1.35008634353357,0.0,0.000167037086353815,1.74203148454068,0.0,0.0,0.0,0.126187893953475,3.91690849345958,0.0,28.1591072283013,0.0,722.6431347292,0.0,0.0,0.0,0.0,0.0,0.0,0.00348036587856402,0.0,0.0,0.0,0.0,0.0,1.04508086681136,0.0,0.0,0.0,0.0,0.0,0.0,0.0,0.0
THA,VNM,1.31408536019185,0.0,0.0,84.6519077342878,0.110447193727933,0.0,0.0,0.799653804098938,0.0,0.0,12.8551766807064,0.500650959086013,3.9871828409445,0.553987931045416,1.84403306222243,0.0,603.029399772215,7.78188929973098,0.0,0.0,0.0,0.0832985845338581,0.0,0.00722646185351895,0.0,2.32444584427844,0.00557531515490695,0.0,0.0,0.0,0.0,0.0,0.0,0.000346257435319513,0.587210540187124,0.0,0.0,0.544465547141653
THA,ZAF,0.19589655267274,0.0,0.0,0.0,0.0,0.0,0.0,0.0,0.0,0.0,0.0,0.0,0.0,0.0,0.0,0.0,4.02151679660066,0.0,0.0,0.0,0.0,0.0,0.0,0.0,0.0,0.0,0.0,0.0,0.0,0.0,0.0,0.0,0.0,0.0,0.0,0.0,0.0,0.0
TUR,ARG,0.288439727006815,0.0,0.0,0.0,0.0,0.0,0.0,0.0,0.0,0.0,0.0,0.0,0.0,2.29230098293477,0.0,0.0,0.0,0.0,0.0,0.0,0.0,0.0,0.0,0.0,0.0,0.0,0.0,0.0,0.0,0.0,0.0,0.0,0.0,0.0,0.0,0.0,0.0,0.0
TUR,AUS,1.85126966644887,0.0,0.0,0.0,0.234066181972383,0.0,0.0,0.0,0.0,0.0,0.0,0.0,0.202152967102486,4.49636046090179,13.4701382113712,0.799535678989223,8.09984590294464,0.0,0.0298920830137716,0.0,0.0,0.0,0.0,0.0,0.0,0.0,0.0,0.0,0.0,0.0,0.0,0.0,0.0,1.27104346924487,0.0,0.0,0.0,0.0
TUR,BGD,0.0,0.0,0.0,0.0,0.0,0.0,0.0,0.0,0.0,0.0,0.0,0.0,0.0,0.0,0.0,0.0,0.0,0.0,0.0,0.0,0.0,0.0,9.69367618165304,0.00685433372652972,7.14501574249723,0.0,0.0,0.0,0.0,0.0,0.0,0.0,0.0,0.11970093627354,0.0,0.0,0.0,0.0
TUR,BRA,0.0,0.0,0.0,0.0,0.0,0.0,0.0,0.0,0.0,0.0,0.0,10.9958066802492,0.0,0.0,4.39859510912379,0.0,0.0,0.0,0.0,0.0,0.0,0.0,0.0,0.0,0.0,0.0,0.0,0.0,0.0,0.0,0.0,0.0,0.0,0.0,0.0,0.0,0.0,0.0
TUR,CAN,0.0,0.0,0.0,0.0,9.52171972483516,0.0,0.0,1.10980859090426,0.0,0.0,0.0,0.0,0.0,19.9634732218199,6.83518345814343,25.6646608515769,7.07518356669887,0.0,0.0,0.0,0.0,0.0,0.0,0.0,0.0,0.0,0.0,0.0,0.0,0.0,0.0,0.0,0.0,14.8514670417397,0.0,1.90609648342035,0.053357312548372,1.79035888737459
TUR,CHN,2.21852454828502,0.0,0.0,0.0,0.0,0.0,0.0,0.0,0.0,0.0,0.0,16.038882091458,0.0,0.395739513088688,0.0,0.0,14.8302695190091,5.26973632280945,0.0,0.0,0.0,0.0,0.0,0.0,0.0,0.053512288063531,0.000701590233076887,36.3269806425093,0.0,0.0,0.0,0.0,1.22069461822554,0.0,25.5066346476858,0.0,0.0,0.0
TUR,ETH,0.0,0.0,0.0,0.252547161442819,0.536480806406368,0.0,0.00585207765497707,0.0,0.0,0.0,22.1438793182574,0.0,1.52534699096522,0.605961116009723,0.0,0.0,0.0,0.0,0.0,0.0,0.0,0.0,0.0,0.0482637671561587,0.0120840898586953,0.0,0.000243761296103776,0.0,0.0,0.0,0.0,0.0,0.0,0.173050536496783,0.0,0.0,0.0,0.0
TUR,EU27,20.2976972072159,0.0,1.54204846175754,103.166148224659,4.19658209857822,0.414654398912231,25.0736427841894,1.28567888779945,0.0,0.0,0.0,59.8127196415372,39.3345606031488,112.458934038903,497.720226739526,218.568317654506,604.395571602133,137.095586634561,1.43966589382019,0.0,0.0,0.102617162356758,0.0,1.18417842819638,0.0,0.13840385963377,0.0,0.12496302429753,0.0555977240965908,0.0,0.0,0.0,0.249693626662452,11.4432285976843,0.6424923072914,0.433784425540491,11.1882957264429,28.1409690042026
TUR,IDN,613.980317364762,0.0,0.0,0.0,0.0,0.0,0.0,0.0,0.0,0.0,0.0,0.0,0.0,3.05321268073102,0.0,0.0,0.0,0.0,0.0,0.0,0.0,0.0,0.0,0.0,0.0,0.0,0.0,0.0,0.0,0.0,0.0,0.0,0.0,2.19041836884103,0.0,0.0,0.0,0.0
TUR,IND,0.0,0.0,0.0,0.0,0.0,0.0,0.0,0.0,0.0,0.0,0.0,0.0,8.80020275097991,0.0,1.04251431330126,9.07265078644858,0.0,0.92574185949953,0.0,0.0,0.0,0.0,0.0,0.0,2.6149681923164,0.0,0.0,0.000186342423200741,0.0,0.0,0.0,0.0,0.0,0.0,2.27724384453327,0.0,0.0,0.0
TUR,JPN,0.0,0.0,0.0,0.0,0.0,0.0,0.0,0.0,0.0,0.0,0.0,0.0,0.0,22.5881385050637,0.0,0.0,0.0,0.0,0.0,0.0,0.0,0.0,3.16110562474742,0.0,2.01688328075014,0.0,0.0,0.0,0.0,0.0,0.0,0.0,0.0,1.21837063869387,0.0,0.0,0.0,0.0
TUR,KOR,0.0,0.0,0.0,0.0,0.0,0.0,0.0,0.0,0.0,0.0,0.0,0.0,0.0,0.0,0.0,3.52872164505881,4.83743658589931,0.0,0.0,0.0,0.0,0.0,0.0,3.71414544885105,0.0,0.0,0.0,0.0,0.0,0.0,0.0,0.0,0.0,24.8752515380697,0.0,0.0,0.0,2.09020535964193
TUR,MAR,0.0,0.0,0.0,0.0,0.0,0.0,0.0,0.0,0.0,0.0,0.0,0.0,0.569466348514289,0.0,0.0,0.00779564191993907,0.0,0.0,0.0,0.0,0.0,0.0,0.0,0.0,0.248942651811183,0.0,0.0,0.00728541186913559,0.0,0.0,0.0,0.0,0.0,0.0,0.0,0.0,0.0,0.0
TUR,NGA,0.0,0.0,0.0,53.3190799364893,0.0001,0.0,0.0,0.0,0.0,0.0,0.0,0.0,4.36159360507363e-05,0.0,0.0,0.0,0.0,0.0,0.0,0.0,0.0,0.0,0.0,0.0114652495740392,0.0447253141983292,0.0,2.95989225175626e-05,0.0,0.0,0.0,0.0,0.0,0.0,0.0,0.0,0.0,0.0,0.0
TUR,NZL,0.0,0.0,0.0,0.0,0.0,0.0,0.0,0.0,0.0,0.0,0.0,0.0,0.140880050814107,0.784739593201641,2.05749171178874,0.0,1.1216959875038,0.0,0.0,0.0,0.0,0.0,0.0,0.0,0.0,0.0,0.0,0.0,0.0,0.0,0.0,0.0,0.0,0.615240376398032,0.0,0.0,0.0,0.0
TUR,PAK,0.0,0.0,0.0,1.90682827336665,0.0,0.0,0.0,0.0,0.0,0.0,0.0,0.0,35.6665476405981,0.0,0.0,0.0,0.0,0.155381251212646,0.0,0.0,0.0,0.0,2.7256577751643,0.595347844113632,7.0878433546156,0.0,0.0,0.000467891404487363,0.0,0.0,0.0,0.0,0.0,2.50219411272065,0.0,0.0,0.0,0.0
TUR,ROW,6565.2251757723525,0.0,5.107484460911241,90.69437027038067,1274.3396194356249,4.562495510326094,5.455180355896417,2.500499847165295,0.0,0.0,173.14695080202753,192.60829542351715,274.9348112720821,857.1921917475296,179.9965911753032,168.7199314383913,727.3055200458224,76.65422632197401,0.3720627865491224,0.0,0.0,0.5164345833048851,15.904301854640313,40.83400745191535,19.67870711268041,3.0818423299300646,0.06905194991215359,399.19527414620035,0.14624236975035043,430.676288644359,0.0,0.0,0.2265123635440417,605.5896803315974,48.22711417619354,0.251928025652238,4.207797046766052,16.158936052531224
TUR,RUS,0.0,0.0,0.0,0.0,0.0,0.0,6.40141257076591,0.0,0.0,0.0,0.0,0.0,1.58175090335379,10.2968491210539,34.6846654596873,18.5284496604238,127.021157217109,4.99400800187635,0.0,0.0,0.0,0.0128689553336949,5.94480272153228,2.14629585423738,0.437327618058788,0.0,0.0,0.0,0.0,0.0,0.0,0.0,0.0,0.0,0.0,0.0,0.0,0.0
TUR,THA,35.304813951984,0.0,0.0,0.0,0.0,0.0,0.0,0.0,0.0,0.0,0.0,0.0,0.773684380330201,0.0,0.0,0.0,0.0,0.0,0.0,0.0,0.0,0.0,0.0,1.23487696158911,0.0,0.0,0.0,0.274279191643317,0.0,0.0,0.0,0.0,0.0,25.9054072996706,0.0,0.0,0.0,0.0
TUR,TUR,10068.5384321153,0.0,6551.44821554802,5676.25035065155,1943.48174257916,91.1036051258475,1992.96605873739,58.1839655174514,0.0,0.0,2451.83586683172,4109.74497660159,606.903578487214,11705.6735531858,12172.8356156566,2462.97329744587,3685.09683321402,686.23185620956,16.6361283147064,0.0,10026.5606204117,201.450130660687,37.7614669302082,201.74531468097,76.2458331646188,1097.21537516906,0.0299730996361482,1684.70126470048,279.485088665075,743.144096723686,0.0,0.0,77.2462394364727,263.640140404482,136.031910155318,99.2624317823581,1281.2079341786,924.884268702624
TUR,UKR,4.45119957312332,0.0,0.0,0.939528612754622,0.0,0.0,5.58748225360081,0.0,0.0,0.0,0.0,0.0,0.42900332875708,41.2881953643825,10.1267318335283,0.0,21.129308246808,1.622191814912,0.0,0.0,0.0,0.0,0.0,0.0,0.0153672810029878,0.0,0.0,0.0,0.0,0.0,0.0,0.0,0.0,0.0,0.0,0.0,0.0,0.0
TUR,USA,0.0,0.0,0.0,28.795439038783,185.385644031596,9.39377158773437,0.0,94.341763568015,0.0,0.0,0.0,0.0,3.07048917177739,0.0,34.5729629982682,49.9428617568707,63.5567366096435,3.77090664622031,0.186737623559957,0.0,0.0,0.0216301994251189,0.0,0.744316812401555,0.0,0.0,0.0,0.0,0.0,0.0,0.0,0.0,0.0,4.29204796870023,0.0,0.185698329161428,0.0462490295182272,22.6884375757341
TUR,VNM,0.0,0.0,0.0,0.0,0.0726150969407323,0.0,0.0,0.0,0.0,0.0,0.0,0.0,0.0,0.0,0.0,0.0,0.0,0.545562658241619,0.0,0.0,0.0,0.0,0.0,0.0,1.12487277481419,0.0,0.0,0.0,0.0,0.0,0.0,0.0,0.0,0.295878738113329,0.0,0.0,0.0,0.0
TUR,ZAF,0.0,0.0,0.0,0.0,0.0,0.0,0.0,0.0,0.0,0.0,0.0,0.0,0.450253280373248,0.0,0.0,0.0,1.90332706868181,0.416552726559006,0.0,0.0,0.0,0.0,0.0,0.0,0.0,0.0,0.0,0.0,0.0,0.0,0.0,0.0,0.0,0.0,0.0,0.0,0.0,0.0
UKR,ARG,0.0,0.0,0.0,0.0,0.0,0.00598080266869334,0.0,0.0,0.0,0.0,0.0,0.0,0.0,0.0,0.0,0.0,0.0,0.0,0.0,0.0,0.0,0.0,0.0,0.0,0.0,0.0,0.0,0.0,0.0,0.0,0.0,0.0,0.0,0.0,0.0,0.0,0.0,0.0
UKR,AUS,0.0,0.0,0.0,0.0,0.0,0.0,0.269565184652689,0.0,0.0,0.0,0.0,0.0,0.0,0.0,0.0,0.0,0.0,0.0,0.0,0.0,0.0,0.0,0.0,0.0,0.0,0.0,0.0,0.0,0.0,0.0,0.0,0.0,0.0,11.3077085154204,0.0,0.0,0.0,0.0
UKR,BGD,2415.51754467746,0.0,1.31818927866074,48.6356345571936,0.0,0.0,0.364159146716396,0.0,0.0,0.0,0.0,0.0,14.0583938330444,0.0,0.0,0.0,0.0,0.0,0.0,0.0,0.0,0.0675013287197041,20.8171842709876,0.0,0.0758812984479066,0.0,0.0,0.0,0.0,0.0,0.0,0.0,0.0,0.0720877465705711,0.0,0.0,0.0,0.0
UKR,CAN,0.0,0.0,0.0,0.0,0.0,0.0,0.0,0.0,0.0,0.0,0.0,0.0,0.0,0.0,0.0,28.9820795973184,0.0,0.0,0.0,0.0,0.0,0.0,0.0,0.0,0.0,0.0,0.0,0.0,0.0,0.0,0.0,0.0,0.0,1.9022544320576,0.0,0.0,0.177804246307148,0.0
UKR,CHN,10.7488198543915,0.0,1313.04435138318,11300.7993356609,0.0,0.0,0.0,0.0,0.0,0.0,0.0,0.0,0.0,0.0,0.0,0.0,2.35744056113974,0.0,0.998941489088249,0.0,0.0,0.28425806973913,0.755722155352534,0.0,11.1496060533998,0.0,1.29970275009683,5.40035553866046,0.0,0.228820503218332,0.0,0.0,66.1893764998945,533.564024909144,90.2197893358891,0.0,99.9775832620947,0.0
UKR,ETH,122.243686703998,0.0,0.0,0.0,0.0,0.0,0.0,0.0,0.0,0.0,20.0345266739864,0.0,3.36954613675247,0.0,0.0,0.0,0.0,0.0,0.0,0.0,0.0,0.0,0.0,0.0,0.0,0.0,0.0,0.0631571090664048,0.0,0.0,0.0,0.0,0.0,0.167282607497908,0.0,0.0,0.0,0.0
UKR,EU27,1004.69511897973,0.0,248.196402457597,958.737737945242,10.5346987713081,2397.44490716474,60.0261284172729,33.3651070545104,0.0,0.0,0.0,3.05263764209964,103.58688344747,74.2296549453379,17.645456750447,93.4818286546522,84.8834211470531,0.0,1.83642654484108,0.0,0.0,2.64775622279513,0.308020026498616,0.0,0.513314587093742,1.55576945745486,0.0496436488608904,52.499727154822,0.345376492433909,1.37299236394541,0.0,0.0,4.7805335086857,1024.06598351521,64.2911327687515,76.8671897764693,4144.82663358912,55.4700787632897
UKR,IDN,2683.11012397992,0.0,0.0,0.0,0.0,0.0101757476051285,0.0,0.0,0.0,0.0,0.0,0.0,2.40711306976319,2.38546252735677,0.0,0.0,0.0,0.0,0.0536575359158107,0.0,0.0,0.0,0.0,0.0,0.0,0.0,0.0,0.0,0.0,1.09780086683409,0.0,0.0,0.0,0.614373294487702,0.0,0.0,8.18464781937345,0.0
UKR,IND,863.877570582991,0.0,0.0,86.3822720073992,0.0,0.314558197641967,0.803971744844245,0.0,0.0,0.0,0.0,0.0,179.543106141034,1.85129409221457,0.0,0.0,0.0,0.0,0.0,0.0,0.0,0.320519295434693,0.0,0.0,0.606570559413427,0.0,0.0,5.02860904292025e-05,0.0,8.48337540382578e-06,0.0,0.0,0.0,2031.72847095087,0.0,0.0,72.8066157826226,9.41378987927753
UKR,JPN,55.183338814891,0.0,55.733630613415,0.0,0.0,0.0,0.00882444740659796,0.0,0.0,0.0,0.0,0.0,0.0,0.0,0.0,0.0,0.0,0.0,0.0,0.0,0.0,0.0,0.452974362862554,0.0,0.0,0.0,0.0,0.0,0.0,0.0,0.0,0.0,0.0,0.165669334602162,0.0,0.0,0.0,0.0
UKR,KOR,1259.75470812612,0.0,0.0,251.141977019236,0.0,0.0,0.0,0.0,0.0,0.0,0.0,0.0,0.0,0.0,0.0,0.0,0.0,0.0,0.0,0.0,0.0,0.334918582043816,0.0,0.0,0.219226459104744,0.0,0.0,0.0,0.0,0.0,0.0,0.0,0.0,6.06960060832407,0.0,0.0,5.31977975598723,0.0
UKR,MAR,626.334368879759,0.0,6.02044380475789,14.9194672482043,0.0,0.0,0.12231290959008,3.94582454958128,0.0,0.0,0.0,0.0,0.0,0.0,0.0,0.0,0.0,0.0,0.0,0.0,0.0,4.47375948707251,0.0544138232790471,0.160085590291784,0.0275598158805418,0.0,0.0,0.000348578529749095,0.0,0.522590243219686,0.0,0.0,0.0,1.38621961049651,0.0,0.0,194.434459976742,0.0
UKR,MEX,158.284917490407,0.0,0.0,0.0,0.0,0.0,0.0,0.0,0.0,0.0,0.0,0.0,0.0,0.0,0.0,0.0,0.0,0.0,0.0,0.0,0.0,0.896171983165326,0.0,0.0,0.0,0.0,0.0,0.0,0.0,0.0,0.0,0.0,0.0,0.0,0.0,0.0,0.0,0.0
UKR,NGA,94.5064681117469,0.0,0.0,32.3076136357749,0.0,0.0,0.0,0.0,0.0,0.0,0.0,0.0,0.0,0.0,0.0,0.0,0.0,0.0,0.42425801977163,0.0,0.0,0.0,0.894277075108431,0.0,0.447262609935281,0.0,0.0,0.0,0.0,0.0,0.0,0.0,0.0,0.0,0.0,0.0,0.0,0.0
UKR,NZL,0.0,0.0,0.0,0.0,0.0,0.0,0.0,0.0,0.0,0.0,0.0,0.0,0.438376184918327,0.0,0.0,0.0,0.0,0.0,0.0,0.0,0.0,0.0258369865713202,0.0,0.0,0.0,0.0,0.0,0.0,0.0,0.0,0.0,0.0,0.0,1.50158636572277,0.0,0.0,0.85280518810451,0.0
UKR,PAK,0.0,0.0,9.31641607491034,0.0,0.0,0.0,0.0,0.0,0.0,0.0,0.0,0.0,14.2837445239392,17.4135671704455,0.0,0.0,0.0,0.0,0.0,0.0,0.0,0.0267850780063551,0.370157202233896,0.0,1.84964118357201,0.0,0.0,0.0,0.0,0.14307643544311,0.0,0.0,0.0,0.0,0.0,0.0,75.0831978526798,0.0
UKR,ROW,3385.362717834565,0.0,2958.930567000931,7920.9565095624275,155.8054509367999,2.070049444134901,14.270320113304791,1178.891295034849,0.0,0.0,754.0358984592089,16.641290540812605,158.2480114352577,36.13129547917116,50.41714357315922,57.599012201785534,59.10190826620937,0.0,5.157218286450473,0.0,0.0,12.416121726721672,13.585053473711472,10.695979634756585,7.484482277556058,25.390763188720726,2.7335210020286795,140.95730001777176,0.1195756960296497,10.772832547122087,0.0,0.0,0.0198615002780944,842.6675661404917,77.73027247617908,7.971624065598094,928.43041312308,320.9379447337091
UKR,RUS,6.00593199387402,0.0,3.7870134823542,1.71132932758989,0.0,0.289890951038505,2.86829213043458,0.0,0.0,0.0,0.0,0.0,0.0,0.0,4.86973686419671,5.29087711083931,1.43685931947062,0.0,31.8354106836538,0.0,0.0,0.0,0.0,0.0,0.0,0.0,0.21864735067483,0.0,0.0,0.0,0.0,0.0,0.0,11.018600342685,0.0,0.0,8.90798565000469,0.0
UKR,THA,964.35115955081,0.0,0.0,0.0,0.0,0.0,0.0,0.0,0.0,0.0,0.0,0.0,0.44936957004523,0.0,0.0,0.0,0.0,0.0,0.00659655482168785,0.0,0.0,0.0,0.0,0.0,0.231178103780172,0.0,0.0,0.0,0.0,0.597974314274059,0.0,0.0,0.0,2.21853557208517,0.0,0.0,104.994186741556,0.0
UKR,TUR,1544.75095639007,0.0,9.03836188927421,0.0,5.79658539787122,0.931319777301538,19.1900903632698,919.527818442111,0.0,0.0,0.0,0.0,35.3554162070591,0.042400252413536,0.0,0.0,5.05207630502442,0.0,0.975015192050918,0.0,0.0,3.34286927299166,0.0,0.0,0.0,0.696133902554648,0.0436831493300836,1.01336140465773,1.12426022386215,0.540686453181802,0.0,0.0,0.0,147.906470459425,0.0,1.72438962501657,0.0,93.5522382651298
UKR,UKR,7972.63526295111,0.0,3408.50074448155,9926.89524236414,274.431912559496,188.462328679514,12509.2116625881,1534.54181319618,0.0,0.0,1168.95579558074,16675.5104523702,362.696016915769,2041.68653751561,7585.21520787582,822.111582612911,814.848307702181,0.0,13.2395563702007,0.0,0.0,73.4805045300981,90.6291306106362,179.22890025333,0.537108807191504,319.173464931311,720.760204760262,984.347055288484,13.0073655516822,795.952089944667,0.0,0.0,8.70157407053106,305.713966657009,18.4127786159064,32.9738149019999,305.151082934142,516.4276569833
UKR,USA,0.0,0.0,0.0,0.0,0.0,0.0,0.0,0.0,0.0,0.0,0.0,0.0,0.0,0.0,0.0,120.816981122154,1.95027565641338,0.0,0.0,0.0,0.0,0.0,0.0,0.0,0.0,0.0,0.0,0.0,0.0,0.0,0.0,0.0,0.0,5.4931233282159,0.0,0.0,0.153714032111627,0.0
UKR,VNM,0.0,0.0,0.0,0.0,0.0,0.0,0.00272235948470113,0.0,0.0,0.0,0.0,0.0,0.0,0.0,0.0,0.0,0.0,0.0,0.0375578021675277,0.0,0.0,0.0,0.0,0.0,2.03404677893879,0.0,0.00216974702880935,0.0,0.0,0.0,0.0,0.0,0.0,0.135605749143319,0.0,0.0,73.4424713276348,0.0
UKR,ZAF,76.289876223328,0.0,0.0,189.319338964906,0.0,0.0,0.0,2.72590877407927,0.0,0.0,0.0,0.0,5.45767924302824,0.0,0.0,0.0,0.0,0.0,0.0,0.0,0.0,0.741079327021267,0.0,0.0,0.0,0.0,0.0,0.0,0.0,0.0,0.0,0.0,0.0,0.0,0.0,0.0,0.0,0.0
USA,ARG,1.53190310734455,0.0,0.0909421236235776,0.0,0.096266986015902,0.0,0.15389332092454,580.829424032633,0.0,0.0,0.0,1.08707966842821,0.317623225232598,0.0,2.88771912230794,0.0,0.0,0.0,0.0,0.0,0.0,0.0,0.00399218403887641,0.216871648926712,0.113101870001317,0.0,0.0,0.0,0.317686571898301,0.181262588678923,0.0,0.0,0.0,4.67468175379317e-05,0.0,0.0,0.0,0.143035463336184
USA,AUS,7.99669968863838,0.0,0.0208607715787653,0.284363762937566,1.61370333789397,0.369227546321484,0.0,0.0,0.0,0.0,0.0,49.0696959417715,7.58351108393656,3.58176656665119,29.7949734401293,0.756646844154636,34.240103234296,25.7084154119231,0.0,0.0,0.0,0.294379076972389,0.936443708152477,22.8173217112579,5.1139322024207,1.23975014856397,102.779418164183,0.874277611875787,0.00313740157795999,0.768785641251261,0.0,0.0,0.207266475809033,0.0340790366932909,0.0,0.0,0.0,0.0
USA,BGD,294.700074091604,0.0,0.0,13.8660925975275,0.149538888668819,0.0,0.0,910.547956087178,0.0,0.0,0.0,1.16884979309385,0.0,0.0,0.0,0.0,0.0,0.0,0.0,0.0,0.0,0.0,0.660764534712526,0.027249474069306,0.220584340219658,0.0,0.0,0.0,0.0,0.0,0.0,0.0,0.000127810682615054,0.0,0.0,0.0,0.0,74.1497590006743
USA,BRA,660.545479495553,0.0,0.659268440946077,4.23691706572431,0.309679676741792,2.45554386582895,0.0,0.0,0.0,0.0,0.0,11.8567094019275,6.6445101067771,15.7770466452815,5.17783042713771,0.0,7.63808445159327,2.30096248073912,0.75357580995869,0.0,0.0,0.0,3.46081325945984,0.275668101357965,0.179216910106423,1.26691252691063,0.0321429035932804,0.0,0.000121790523253203,0.584946507900758,0.0,0.0,0.157777341834872,0.00270368276306562,0.0,0.0101805930516728,0.0,0.33560099302873
USA,CAN,1148.192814448,0.0,13.3625298081196,179.597203663469,153.409417130885,136.988512842859,17.4291510662744,547.174227113673,0.0,0.0,1.66610992964745,338.362541349135,269.866381519927,436.787504901636,1842.90962724676,288.279995399807,1189.64970589711,504.458413221568,53.9864857199662,0.0,0.0,17.0165008164506,3.27862853669124,11.3569027729071,14.1288449708634,157.516892169838,267.273788158674,159.114244686285,0.171147331049622,57.6772550186428,0.0,0.0,24.6326074535762,1.89219434384865,2.07544345819475,12.9902814827457,3.80736350745401,1271.03320660369
USA,CHN,96.9135380446879,0.0,0.00374258694678284,42.6959905100979,2578.15955093161,0.0,0.0,27921.86253832,0.0,0.0,0.151317706479366,1012.39385130162,57.7293873417037,4.27962685561638,23.3393781870429,113.874435713075,358.444941115288,250.122199758617,21.4991875064742,0.0,0.0,0.335851133024723,52.4032982765483,13.277387798155,231.717239635193,117.871873992093,194.616033203163,262.24881991844,0.0589858892595266,0.0,0.0,0.0,1.74145087308228,0.0349933829993172,4.88880163282601,0.0,0.0,10.7733634156287
USA,ETH,371.167875372203,0.0,0.0,0.0,7.35620647081484,0.0,0.00841860102789531,0.0624035120836849,0.0,0.0,0.0,0.000229131125271297,50.9027932873496,0.0,0.0,0.135198811121421,0.0,0.0,0.0,0.0,0.0,0.0,0.0,0.0,0.0,0.0,0.0,0.0853688203526173,0.000535779690364193,0.0,0.0,0.0,0.0,0.0,0.0,0.0,0.0,0.0
USA,EU27,601.232069567147,0.0,0.185135363106731,82.1448479415974,72.3504724682044,0.428923006806699,39.4202224013623,5410.32566166919,0.0,0.0,0.943898254763487,26.8891381682862,180.051578822146,15.297947495262,51.6638849528783,0.0,272.759336507067,335.590101209641,61.1431862913569,0.0,0.0,0.443961001477652,0.0,0.0,6.82747853505875,20.1468505786625,0.589144927264559,2.98441270599859,0.10451489497997,0.430952731194501,0.0,0.0,0.0,0.106841347627698,0.691803535061667,0.0,0.0,1991.99818906075
USA,IDN,1060.97729611547,0.0,0.0,22.6864962851279,2.38375572442243,0.0,0.321396319320569,2578.18201187895,0.0,0.0,0.0,45.5771111725592,0.0,0.0,38.2640288429061,151.100094519477,5.25674088709772,7.47006318195141,0.159441618068597,0.0,0.0,0.0,46.8376690621885,5.74462502600664,13.943640672942,6.56039672521416,0.882694120842544,0.0647970931932946,3.3889626657566e-05,0.0605714770640878,0.0,0.0,0.0,0.00253080360420339,22.9950007406107,0.0,0.318888001394561,76.71418921748
USA,IND,0.0,0.0,0.0041225220080906,0.0,0.0,0.379375693049357,0.0,0.0,0.0,0.0,0.0,0.0,187.236161491736,5.34736223587704,0.860317119101736,103.437035497449,147.602772408201,0.984010948758316,0.231184125087794,0.0,0.0,0.0,0.0,0.0,0.144939680644114,0.00266729665098984,0.0,0.000307382819689857,0.00035196157870607,1.22990134067029e-05,0.0,0.0,0.0,0.00713517576251365,0.0,0.301556047590996,0.0,0.346160169796566
USA,JPN,284.748659188462,0.0,3.25868785899891,978.192116345096,25.0722684419452,5.04973951054203,0.7963234525952,231.134098052108,0.0,0.0,0.0,344.137992243097,18.5476029002301,9.79387514887631,132.89303770371,16.2120993453172,322.471177699642,112.301932976541,19.5700981793729,0.0,0.0,0.338189370608922,7.21878885795602,31.3090289310745,24.6771340931097,290.672814785795,294.176741161377,1.88992090202002,0.0892583589390982,17.4293230267005,0.0,0.0,0.278404524906142,0.217329159676066,0.0,0.0,0.0,178.501763017919
USA,KOR,1690.6452037698,0.0,0.682073483884131,407.851990274724,0.298614823905141,0.0,0.15699697958762,736.897701484617,0.0,0.0,0.308625120824372,86.5073655347218,11.3672528312869,3.86082132342249,13.0677637481482,1.57064495090216,75.0423967985161,221.899779606167,3.53082287376162,0.0,0.0,1.00972605415647,7.49314998909264,86.4599555541851,10.8463869620351,242.62348572312,264.527378427749,12.3088734867169,0.0480599367588767,1.66732969660372,0.0,0.0,0.627483687372576,0.0348095892872589,13.2148168825877,0.0,0.0,0.0
USA,MAR,473.963804464721,0.0,0.0,5.29589405355244,0.146455330434071,0.0,0.983285013942267,56.8398057069779,0.0,0.0,0.0,1.42619889917015,22.0656031989189,0.0,0.0,0.0027241654016879,3.56967830537403,0.240693860461284,0.0,0.0,0.0,3.59504787503307,0.729125784522848,0.466574542333492,0.0954816001199265,0.000170238572624997,0.0,0.0,0.0,0.0,0.0,0.0,0.0,0.0,1.03344430939923,0.0,0.0,955.674905633854
USA,MEX,5598.45723636536,0.0,51.1601295651807,1233.88053844263,20.6299869519141,24.8851584007531,15.9165893762857,2795.58184987212,0.0,0.0,14.6625265740783,97.908008429133,251.097262625496,549.931879782775,254.105607085296,241.188849955631,465.495024477941,59.5107563705799,4.04170191345519,0.0,0.0,3.33121448257983,284.718342333679,86.2095430772179,43.8316574030871,182.939607739023,809.667189097939,1223.95458152392,0.970370447844953,119.908578138427,0.0,0.0,25.0706897960209,0.975914598261328,21.4877552308919,39.107571235763,0.324414871710957,3451.22080977124
USA,NGA,1474.03141471002,0.0,0.0,11.4600452039697,0.357275347693151,0.0,0.0,52.1774614544397,0.0,0.0,0.0,0.000170594656955952,0.0319835772597097,11.7098527603402,0.144735215503658,0.147684724478687,0.767308491872657,0.165020414233042,1.29145881127088,0.0,0.0,0.0,2.35817594103776,0.131932538435633,0.359551246393228,0.0,0.0,0.0,0.0,0.0,0.0,0.0,0.0,0.0,0.0,0.0,0.0,0.0
USA,NZL,0.0,0.0,0.00381859364486222,2.01109879234031,0.27892925766834,0.0,0.0,0.0555475096475707,0.0,0.0,0.0,8.37024823192284,1.82033394477667,5.78408815881554,5.80267526480779,0.405978241633235,9.02816944302428,9.65864873067155,0.0,0.0,0.0,0.0296115304667836,0.499660341024013,2.0618581602735,5.26803525832393,0.305122222200075,8.25124664372242,0.165184661345109,0.0,0.190158041309729,0.0,0.0,0.0,0.000352761110487068,0.0,0.0,0.0,6.11904511871964
USA,PAK,1.2681730702297,0.0,0.0181270496462772,1.79448298919484,3.6102993504495,0.0,0.0,615.410410560925,0.0,0.0,0.00176713472169452,47.4701375962655,24.2925052020958,0.0,0.0,0.0,4.04396443014857,0.211581590590294,0.0,0.0,0.0,0.0140678355336022,15.9658216885232,0.0470802045779272,0.221198539210281,0.000250658586404745,0.0,0.0397895413440001,4.04210874115931e-05,0.0333436507304013,0.0,0.0,0.000176565647858416,0.000150748332363995,0.0,0.0,0.345339109437707,34.7007950292911
USA,ROW,10651.86702936756,0.0,5.7933285023731464,1779.3964164094825,129.84242259409197,8.015548792042145,10.929653437359045,5762.927667213587,0.0,0.0,1.09877012161783,908.4995665443845,461.5800471115698,256.2630081361693,302.19765455456155,319.6545084265561,413.42722330644676,443.5755578549717,70.04939904348782,0.0,0.0,11.096184379681805,176.13613042221385,82.5761078901466,71.28255644414125,148.78090863512716,314.38541039978287,1767.8726059554365,2.2654722825537417,36.63127546722915,0.0,0.0,42.76145213184566,0.6149991751921305,44.073693396833846,1.77033984687445,0.70448667062408,5687.543905752352
USA,RUS,0.0,0.0,0.00463921868959377,0.0,0.89422303784563,0.0,5.61747689023024,65.2032852153694,0.0,0.0,0.0,0.0,0.0,10.9197521480963,0.0,0.0,0.0,0.0,0.0,0.0,0.0,0.0,0.0,0.0,0.0,0.0,0.0,0.0,2.70295950624279e-05,0.0,0.0,0.0,0.0,0.0,0.0,0.0,0.0,0.0
USA,THA,813.883048881147,0.0,0.0011700030946308,5.20086873210148,0.342250701444635,0.29590785819201,0.0,1332.90253338798,0.0,0.0,0.0,73.4258168080608,0.865537112090804,4.60351934856428,6.17893318641796,17.615725831751,13.0586258945082,9.81772255330237,0.527545046768399,0.0,0.0,0.0,1.7967634162137,1.4969204403299,12.1629236444726,1.09644231519085,0.0167794635231356,0.256998009730028,0.0,0.527808949159092,0.0,0.0,0.0,0.00511840902919722,0.0,7.60408737817955,11.4668635693069,0.0
USA,TUR,0.0,0.0,0.0,0.0001,0.0,0.0,2.42664069639969,346.348179809408,0.0,0.0,0.0,0.0,17.4073555811053,0.235745591686644,3.54122890644173,2.90241030522592,48.1546600157873,1.44545968473035,0.0466671027643758,0.0,0.0,0.0,0.0,0.0,0.0,0.0,0.0,1.41512382153879,0.0,0.443973233971678,0.0,0.0,0.0,0.0,0.0001,0.0,0.0,58.3540386672348
USA,UKR,0.0,0.0,0.0,0.0,0.187546976947692,0.0,6.66446275997009,0.186605060361442,0.0,0.0,0.0,0.0,0.0799626172671142,0.0,0.519840188524719,0.0,0.0,0.0,0.0,0.0,0.0,0.0,0.0,0.0,0.0,0.088683732072497,0.0,3.43226316383457,0.0,0.0,0.0,0.0,0.0,0.0,0.0,0.0,0.0,0.0
USA,USA,26515.5078199227,0.0,3608.57626587433,436504.8366483,9727.31141132464,1328.87003985036,925.872586999313,62113.6536861586,0.0,0.0,7936.43275441999,16260.8736912935,1247.04483982133,10852.2691254454,20345.1456936508,3746.28345662412,4245.11214658283,4827.74708770834,2193.70795873672,0.0,0.0,819.392979195789,464.701715667396,5545.13466311952,25.7139774767428,10677.4486797995,9363.86644801322,18279.0515123386,74.9700860877497,5218.44240474352,0.0,0.0,714.163868072024,209.821128136558,11162.7988324293,1027.13104892683,216.268386313536,23328.2073717295
USA,VNM,28.4644739431026,0.0,0.00314611480087307,101.048206276529,0.0652867272440792,0.0,0.00911652026556639,1067.61847575624,0.0,0.0,0.0,16.5049068781106,1.04305151046927,0.145124636172647,0.0,28.1167427692858,17.879328586566,1.19124909091262,0.0985669644722791,0.0,0.0,0.0,23.2034921876738,0.385678780677573,11.6214050671036,1.20655051709171,0.273961569968757,55.8640771774078,9.17148935379137e-06,0.195083491684799,0.0,0.0,0.0,0.00913519661104664,0.0,0.0,0.874174012284111,7072.51947769017
USA,ZAF,123.062057486133,0.0,0.123723374127302,9.75721352465234,5.76171082014747,0.023048741403705,0.0,0.0,0.0,0.0,0.0,0.0,4.03367449671251,5.30903924006352,2.70804591360376,0.739548048414923,3.56615094452795,0.0,0.0,0.0,0.0,0.0,0.139559228915886,1.25406951155775,0.960885800924632,0.308822744354151,0.0,75.924253338534,0.0,0.0,0.0,0.0,0.0,0.00100011994837071,0.0,0.0,0.0,0.0
VNM,AUS,0.0,0.0,0.0,0.665271062108247,0.138449001932174,0.0,0.0,0.167799895924722,0.0,0.0,0.0,0.486375186158431,0.0,0.0,0.0,0.0,14.7658388407425,0.439989881632362,0.0,0.0,0.0,0.0,0.0,0.0,0.0,0.12484650267363,0.0,0.0,0.0,0.0,0.0,0.0,0.0,0.0,0.0,0.0,0.0,0.0
VNM,CAN,0.0,0.0,0.0,0.0,0.0521307110278123,0.0,0.0,0.0,0.0,0.0,0.0,0.0,0.0,0.0,0.0,0.0,12.4681857395345,0.0,0.0,0.0,0.0,0.0,0.0,0.0,0.0,0.0,0.0,0.0,0.0,0.0,0.0,0.0,0.0,0.0,0.0,0.0,0.0,0.0
VNM,CHN,0.0,0.0,0.0,1.1729206535411,0.757860978722473,0.0,0.0,0.104439562615058,0.0,0.0,0.0,0.0,3.24864762924036,0.0,26.3963277718014,0.0,1500.68787278044,6.5386205825096,0.0,0.0,0.0,0.0,0.0,0.0,0.0,1.03756528546434,1.76557787921731,1.33012031510918,0.0,0.196086857670438,0.0,0.0,0.0,0.0,4.30380378952018,0.0,0.0,0.0
VNM,EU27,0.0,0.0,0.0,0.0,0.303168012486574,0.0,0.0,0.39294284545091,0.0,0.0,0.0,1.7291251201951,0.0,0.0,29.3660084414053,0.0,56.034691265179,4.98530629752639,0.134039549275844,0.0,0.0,0.0,0.0,0.0,0.0,0.0,0.0,0.0,0.0,0.0234274324938307,0.0,0.0,0.0,0.0,0.0,0.0,0.0,10.1865249789352
VNM,IDN,0.0,0.0,0.0,0.0,0.0,0.0,0.0,0.0,0.0,0.0,0.0,0.0,0.0,0.0,0.0,0.0,3.70291778792266,0.0,0.0,0.0,0.0,0.0,0.0,0.0,0.0,0.0,0.0,2.92629688568416e-05,0.0,0.0,0.0,0.0,0.0,0.0,0.0,0.0,0.0,34.5235704301558
VNM,IND,0.0,0.0,0.0,0.0,0.0801296181095651,0.0,0.0,0.028279735306325,0.0,0.0,0.0,0.0,0.0,0.0,0.0,0.0,0.0,0.0,0.0,0.0,0.0,0.0,0.0,0.0,0.0,0.0,0.0,0.000506665974453884,0.00121309809942703,0.0,0.0,0.0,0.0,0.0,0.0,0.0,0.0,0.0
VNM,JPN,0.0,0.0,0.0,2.18243883741119,0.130453721610441,0.0,0.0,0.0,0.0,0.0,0.0,0.521600277022363,5.16260655788424,0.0,31.4829813468283,0.0,18.9583316335047,0.233523046172103,0.0,0.0,0.0,0.0,0.0,0.0,0.0,0.0,0.0,1.66198306021217,0.0,0.733105187215706,0.0,0.0,0.0,0.0,0.0,0.0,0.0,4.9751980323743
VNM,KOR,0.0,0.0,0.0,0.0,0.142948922099827,0.0,0.0,0.0295784450024267,0.0,0.0,0.0,0.472094170500238,0.0,0.0,23.1150640344002,0.0,72.857759964245,4.50085648649946,0.0449286757284839,0.0,0.0,0.0,0.0,0.0,0.0,3.2419520857369,0.0,0.0,0.0,0.0,0.0,0.0,0.0,0.0,28.6496310695751,0.0,0.0,10.8552879484211
VNM,NGA,0.0,0.0,0.0,0.0,0.0,0.0,0.0,0.0,0.0,0.0,0.0,0.0,0.0,0.0,0.0,0.0,0.0,0.0,0.0777728219711295,0.0,0.0,0.0,0.0,0.0,0.0,0.0,0.0,0.0,0.0,0.0,0.0,0.0,0.0,0.0,0.0,0.0,0.0,0.0
VNM,NZL,0.0,0.0,0.0,0.0,0.123369143320782,0.0,0.0,0.0,0.0,0.0,0.0,0.0,0.0,0.0,0.0,0.0,1.59037490783865,0.0,0.0,0.0,0.0,0.0,0.0,0.0,0.0,0.0,0.0,0.0,0.0,0.0,0.0,0.0,0.0,0.0,0.0,0.0,0.0,0.0
VNM,PAK,0.0,0.0,0.0,0.0,0.0,0.0,0.0,0.0,0.0,0.0,0.0,0.230994266179933,9.46656480493128,0.0,0.0,0.0,2.95824761966599,0.0,0.0,0.0,0.0,0.0,0.0,0.0,0.0,0.00219009499597969,0.0,0.00675840695408753,0.0,0.262294657981155,0.0,0.0,0.0,0.0,0.00136315343676757,0.0,0.0,0.0
VNM,ROW,0.0,0.0,0.0,105.7501818963957,3.56012704247523,0.0,0.0,0.6522630066858706,0.0,0.0,90.13494659281889,1.100788178350597,8.88231819626016,0.0,180.3924711691425,0.0,61.2415828327184,7.531968767635141,0.300047876380711,0.0,0.0,0.0,0.0,0.0,0.0,0.418625810145391,1.6599672801318075,0.09520778562450516,0.00268987846278328,0.6886266907653182,0.0,0.0,0.0,0.0,26.042083557606418,0.0,0.0,76.58431248338925
VNM,RUS,0.0,0.0,0.0,0.0,0.0,0.0,0.0,0.0610998818051112,0.0,0.0,0.0,0.0,0.0,0.0,19.3067045002233,0.0,28.1560502973226,0.0,0.0,0.0,0.0,0.0,0.0,0.0,0.0,0.0,0.0,0.0,0.0,0.0,0.0,0.0,0.0,0.0,0.0,0.0,0.0,0.0
VNM,THA,0.0,0.0,0.0,0.0,0.0124779491009748,0.0,0.0,0.0490646317845456,0.0,0.0,0.0,0.0,0.0,0.0,2.60870943022731,0.0,22.2740166916337,0.0,0.0750570126582841,0.0,0.0,0.0,0.0,0.0,0.0,0.0,0.0,0.0,0.0,0.0,0.0,0.0,0.0,0.0,0.0,0.0,0.0,0.0
VNM,UKR,0.0,0.0,0.0,0.0,0.00895132164351115,0.0,0.0,0.0,0.0,0.0,0.0,0.0,0.0,0.0,0.0,0.0,0.0,0.0,0.0,0.0,0.0,0.0,0.0,0.0,0.0,0.0,0.0,0.0,0.0,0.0,0.0,0.0,0.0,0.0,0.0,0.0,0.0,0.0
VNM,USA,0.0,0.0,0.0,0.0,0.0640553072327914,0.0,0.0,0.137829850725614,0.0,0.0,0.0,0.0,0.0,0.0,19.1440486543677,0.0,66.4706911784279,0.207598840696766,0.0,0.0,0.0,0.0,0.0,0.0,0.0,0.0,0.0,0.0,0.0,0.0,0.0,0.0,0.0,0.0,0.0,0.0,0.0,0.0
VNM,VNM,0.0,0.0,0.0,5157.67010294797,0.162484709302443,0.0,0.0,115.543802416945,0.0,0.0,1700.33291661885,336.808363319996,275.727323782643,0.0,16439.8161278527,0.0,4326.29631444453,1302.25599813609,7.18830264276123,0.0,0.0,0.0,0.0,0.0,0.0,390.283258389204,3547.51661677002,854.324323202718,11.2191060039694,349.726077578404,0.0,0.0,0.0,0.0,169.20532903048,0.0,0.0,758.139219802282
VNM,ZAF,0.0,0.0,0.0,0.0,0.0,0.0,0.0,0.0,0.0,0.0,0.0,67.7878293724253,0.0,0.0,0.0,0.0,0.0,0.0,0.0,0.0,0.0,0.0,0.0,0.0,0.0,0.0,0.0,0.0,0.0,0.0,0.0,0.0,0.0,0.0,0.0,0.0,0.0,0.0
ZAF,ARG,0.0,0.0,0.0,0.0,0.0,0.0,0.00507105510362799,0.0,0.0,0.0,0.0,0.0,0.0,0.0,0.0,0.0,0.0,0.0,0.0,0.0,0.0,0.0,0.0,0.0,0.0,0.0,0.0,0.0,0.0,0.0,0.0,0.0,0.0,0.0,0.0,0.0,0.0,0.0
ZAF,AUS,1.52716471713525,0.0,0.0,0.0,0.0,0.0,0.0,0.0,0.0,0.0,0.0,0.0,0.0,0.0,0.0,6.50741588894942,13.0761914902474,1.70520884880192,0.0,0.0,0.0,0.0,0.0,0.0,0.0,0.0,0.0,0.0,0.0,0.0,0.0,0.0,0.0,0.618756730373317,0.0,0.0,0.0,0.0
ZAF,BGD,0.0,0.0,0.0,0.0,0.0,0.0,0.0,0.0,0.0,0.0,0.0,0.0,0.562501944838076,0.0,0.0,147.626406152947,0.979816943370848,52.9913440341279,0.0,0.0,0.0,0.0,0.0,0.0,0.0,0.0,0.0,0.0,0.0,0.0,0.0,0.0,0.0,0.0,0.0,0.0,0.0,0.0
ZAF,BRA,0.0,0.0,0.0,0.0,0.0,0.0,0.0,0.0,0.0,0.0,0.0,0.0,0.0,0.0,0.0,0.0,0.0,0.0,0.971984516504672,0.0,0.0,0.0,0.0,0.0,0.0,0.0,0.0,0.0582678670907766,0.0,0.0,0.0,0.0,0.0,0.0,0.0,0.0,0.0,0.0
ZAF,CAN,0.0,0.0,0.0,0.0,0.489123342410624,0.0,0.0,0.0,0.0,0.0,0.0,0.0,0.226817316790221,0.0,0.0,12.7277684343145,13.4948980780308,5.49462031565213,23.141422039967,0.0,0.0,0.0,0.0,0.0,0.0,0.0,0.0,0.0,0.0,0.0,0.0,0.0,0.0,0.0,0.0,0.0,0.0,0.0
ZAF,CHN,0.00585266616974205,0.0,0.0,0.0,0.0,0.0,0.0,0.0,0.0,0.0,343.47163621576,0.0,0.0,0.0,0.0,7.22378548874754,44.3544219507509,257.601664590702,16.8755788847908,0.0,0.0,0.0,0.0,0.0,0.0,4.7052227948863,0.0,0.0,0.0,0.0,0.0,0.0,0.0,0.0,0.0,0.0,0.0,0.0
ZAF,ETH,0.0,0.0,0.0,0.0,0.750954558265816,0.0,0.0,0.0,0.0,0.0,0.0,0.0166068327149985,0.0,0.077316879223922,0.0,0.296035299161245,0.397944646046666,0.0,0.271615632515364,0.0,0.0,0.00659932327238621,0.0,0.00647214771279138,0.0,9.40605822310843e-05,0.0,0.2831362716815,0.0,0.0,0.0,0.0,0.0,0.0394877059389963,0.0,0.0,0.0,0.0
ZAF,EU27,0.0,0.0,0.0,7502.19761918435,15.334032808903,0.0,0.0159269283526672,0.0,0.0,0.0,316.271213038529,0.0,0.373443193421882,0.0,20.7092321511046,56.0134595415505,174.261811374581,513.125040980679,220.23067844904,0.0,0.0,0.0546409758471072,0.0,0.0,0.0,0.599420340381204,0.0,0.0,0.0,0.0,0.0,0.0,0.0,0.0,0.0,0.0,0.0,0.0
ZAF,IDN,0.0,0.0,0.0,0.0,0.0,0.0,0.0,0.0,0.0,0.0,0.0,0.0,0.0,0.0,0.0,0.917330838379669,9.7843189198847,4.6433875618535,0.0517781158275315,0.0,0.0,0.0,0.0,0.0,0.0,0.0,0.0,0.0,0.0,0.0,0.0,0.0,0.0,0.0,0.0,0.0,0.0,0.0
ZAF,IND,0.0,0.0,0.0,4.05799370219661,0.0,0.0,0.0,0.0,0.0,0.0,0.0,0.0,0.751357761451418,0.0,0.0,2.47358448307927,11.3348787659624,10.4451465767922,0.0,0.0,0.0,0.0,0.0,0.0,0.0,0.0,0.0,0.0,0.0,0.0,0.0,0.0,0.0,0.0,0.0,0.0,0.0,0.0
ZAF,JPN,0.0,0.0,0.0,300.574003502916,0.0,0.0,0.0,0.0,0.0,0.0,0.0,0.0,0.0,0.0,4.20327122527106,1.81339816666692,18.5470618025913,44.9550268524788,4.65326595178772,0.0,0.0,0.0,0.0,0.0,1.56545729663097,0.0,0.0,0.0,0.0,0.0,0.0,0.0,0.0,0.0,0.0,0.0,0.0,0.0
ZAF,KOR,0.0,0.0,0.0,43.7593749019092,0.457728085699331,0.0,0.0,0.0,0.0,0.0,0.0,0.0,0.0,0.0,0.0,0.134308953747052,0.0,13.5161849331602,0.612816275932871,0.0,0.0,0.0,0.0,0.0,0.0,0.0,0.0,0.0,0.0,0.0,0.0,0.0,0.0,0.0,0.0,0.0,0.0,0.0
ZAF,NGA,0.0,0.0,0.0,0.0,0.0,0.0,0.0,0.0,0.0,0.0,0.0,0.00884781877599396,0.000247651748631846,0.0,0.364493722144745,21.6515344164845,6.04726967117019,1.603188365881,1.12467432965351,0.0,0.0,0.0,0.0,0.582928299744973,0.0,0.174461673770855,0.0836711016100284,0.0,0.00679562269223193,0.0,0.0,0.0,0.0,0.0,0.0,0.0,0.0,0.0823227437560014
ZAF,NZL,0.0,0.0,0.0,0.0,0.0,0.0,0.0,0.0,0.0,0.0,0.0,0.0,0.0,0.0,0.0,0.0,6.26322913470605,0.414469511684547,1.40057471192687,0.0,0.0,0.0,0.0,0.0,0.0,0.0,0.0,0.0,0.0,0.0,0.0,0.0,0.0,0.0,0.0,0.0,0.0,0.0
ZAF,PAK,0.0,0.0,0.0,0.0,0.0,0.0,0.0636695240230307,0.0,0.0,0.0,3.47808209916889e-05,0.0,0.0,0.0,0.0,0.0,0.0,0.287648618276074,0.0,0.0,0.0,0.0,0.0,0.0,0.0,0.0,0.0,0.0,0.0,0.0,0.0,0.0,0.0,0.0,0.0,0.0,0.0,0.0
ZAF,ROW,310.923362431643,0.0,34.7451462503503,119.85313353084929,33.0712872737959,2.0386779783642233,0.9509670937078549,14.51898125790708,0.0,0.0,216.16474160545627,321.97624291166153,19.016467648517338,31.920630420768,349.2787712863235,278.30465257137604,383.76578593169495,1019.5126943084291,193.1966186044449,0.0,0.0,2.459442371857935,6.77036217794363,8.68680866609936,0.804033460087175,41.64708296377649,25.360614276924213,62.99207957434777,0.5349848463518433,12.19186476516417,0.0,0.0,0.9996890471470627,42.667383505838295,112.96190161834039,0.0462816001801691,14.04968469817799,82.6497315168733
ZAF,RUS,0.0,0.0,0.0,0.0,0.0,0.0,0.0,0.0,0.0,0.0,0.0,0.0,0.0,0.0,0.0,15.551179119317,52.9380647514496,12.4405669507814,38.3429662024537,0.0,0.0,0.0,0.0,0.0,0.0,0.0,0.0,0.0,0.0,0.0,0.0,0.0,0.0,0.0,0.0,0.0,0.0,0.0
ZAF,THA,0.0,0.0,0.0,4.16764706423704,0.0,0.31933151185522,0.0,0.0,0.0,0.0,0.0,0.0,0.0,0.0,0.0,0.0,0.0,1.27561808117451,0.15669258071952,0.0,0.0,0.0,0.0,0.0,0.0,0.0,0.0,0.0,0.0,0.0,0.0,0.0,0.0,0.0,0.0,0.0,0.0,0.0
ZAF,TUR,0.0,0.0,0.0,0.0,0.0,0.0,0.0,0.823498782114686,0.0,0.0,0.0,0.0,0.312626530848688,0.0,0.0,0.0,0.0,0.0,0.0,0.0,0.0,0.0,0.0,0.0,0.0,0.0,0.0,0.0,0.0,0.0,0.0,0.0,0.0,0.0,0.0,0.0,0.0,0.0
ZAF,UKR,0.0,0.0,0.0,0.0,0.0,0.0,0.0,0.0,0.0,0.0,0.0,0.0,0.0,0.0,0.0,0.0,0.0,0.780004068792605,0.0,0.0,0.0,0.0,0.0,0.0,0.0,0.0,0.0,0.0,0.0,0.0,0.0,0.0,0.0,0.0,0.0,0.0,0.0,0.0
ZAF,USA,0.0,0.0,0.0,0.0,1.60676578165308,0.0,0.0,0.0,0.0,0.0,27.7374842148671,0.0,0.0,0.0,2.65299578504379,11.1470858314921,19.3136995053646,140.82511816173,16.9358210906749,0.0,0.0,0.0,0.0,0.0,0.0,0.0,0.0,0.0,0.0,0.0,0.0,0.0,0.0,0.0,0.0,0.0,0.0,0.0
ZAF,VNM,0.0,0.0,0.0,31.6376540384134,0.0,0.0,0.0,0.0,0.0,0.0,0.0,0.0,1.03499838550233,0.0,0.0,1.10737113065654,4.9050739150381,3.06972885134166,0.0805231973434896,0.0,0.0,0.0,0.0,0.0,0.0,0.0,0.0114691196035623,0.0,0.00021423922050055,0.0,0.0,0.0,0.0,0.0,0.0,0.0,0.0,0.0
ZAF,ZAF,1605.85766652,0.0,304.435426105728,8124.7127419544,162.310623867712,107.857717857462,776.946655196995,1274.52260783562,0.0,0.0,1117.84960055663,2024.84493521718,43.4714101658381,546.956845035384,1776.05769540446,342.703435520543,647.758063515962,404.008967774556,535.183678828217,0.0,0.0,12.9968984286798,0.0983845658759957,55.7895426217444,0.962263372814738,992.890626127762,211.00052428839,1519.30436053276,172.157543714609,377.28580828663,0.0,0.0,42.4649336003178,260.266141576775,106.688590642815,65.1506523710171,357.00692249162,778.437336033106
