model_region,AGGT,ANNC,APPL,ARAB,ARAC,ARTART,ARTCRP,ARTFOR,ARTGRS,ARTIF,ARTO,ARTRES,ARTWET,BARL,BEFM,BULF,BULH,BULL,CACR,CAFF,CAFR,CAMF,CAMR,CAT1,CAT2,CATA,CER2,CERE,CITR,CORN,CROP,CRPART,CRPCRP,CRPFOR,CRPGRS,CRPRES,CRPWET,DCOH,DCOL,DCOW,DWHE,EAAB,EAAP,EXPD,FALL,FARA,FATS,FLEG,FLOW,FODD,FORART,FORCRP,FORE,FORFOR,FORGRS,FORRES,FORWET,FPEG,FRUI,FRUN,GRAE,GRAI,GRAS,GRSART,GRSCRP,GRSFOR,GRSGRS,GRSLND,GRSRES,GRSWET,HEIF,HEIH,HEIL,HEIR,HENS,INDU,INHA,INIART,INIFOR,INIGRS,INIRES,INIWET,INLW,MAIF,NURS,OANI,OAR1,OARA,OATS,OCER,OCRO,OFAR,OFRU,OILS,OIND,OLIV,OLND,OOIL,OVEG,PARI,PERM,PIGF,PKPL,POTA,POUF,PROT,PULS,RAPE,RESART,RESCRP,RESFOR,RESGRS,RESLND,RESRES,RESWET,ROOF,RUMI,RYEM,SCOW,SETA,SETF,SHGF,SHGM,SOWS,SOYA,SUGB,SUNF,SWHE,TABO,TAGR,TEXT,TOBA,TOMA,TWIN,UAAR,VEGE,VINY,VSET,WETART,WETCRP,WETFOR,WETGRS,WETLND,WETRES,WETWET
AT11,234.611430709139,166.197513779532,0.461298933024606,181.074052665339,166.650449777693,40.8976094700415,0.382199838782526,0.040883868786238,0.169076530648074,41.4940839560841,401.824125475501,0.00291156101542722,0.00610040007404258,8.4153039640712,5.4574208809272,2.53825936732369,2.56410165536253,2.56410165536322,21.743620021877,0.547072075769813,20.3377998906101,0.808151175009989,19.5842940420253,,,27.2010409028042,26.7730149639113,89.8010023440438,,22.2148992270711,181.074052664933,0.303525177622344,178.432939569637,0.0405125696390601,0.619274591797517,0.0310936077697797,0.0372659060320075,1.91674605696862,1.91674605991796,3.83349211688884,4.90351960140718,,,,3.45916623895552,13.7329315013249,,0.125939271511892,0.0430945038748888,22.9871522421376,0.221557256922649,0.529594683664531,114.88081979566,114.424119144071,0.369040967612801,0.0260774480214097,0.0286491111139439,,,14.4236028872401,4.62711037009117,4.62711037060078,9.25422074069195,0.0538115516472278,1.68459920416206,0.358305382734507,36.5335955757838,37.7642064581149,0.208454559735541,0.0952712120377921,0.63347245137008,0.501793197000612,0.501793197000892,1.51048464217694,0.175667765522212,,470.267780644367,,,,,,10.8889265459979,3.08868930843501,0.204486132933504,0.015047389808907,8.62554994277735,8.07296108461796,1.28078182295839,4.55811573688332,0.452935998161559,10.6335982405319,0.125541433466271,38.8452353284084,0.000459574336847698,,44.2320217717292,6.84228957370142,1.18324439595821,,15.6623404233332,67.0011892568942,17.0821164003043,1.07854743664505,1.98788399970858,,3.59756331293388,8.24944124502036,0.0132728364155855,0.00565210190408244,0.00967869532871545,0.0418577104266956,10.7536861652864,10.4828046238584,0.00100213533450333,0.0106439524787785,27.9216726582072,4.44661993474639,2.85711132778252,10.9478268863747,14.4069931253302,3.66811219682635,4.45144307112447,4.16376006643624,20.5424705223176,3.39685033514235,3.21103398736907,43.9817620569062,,,0.0982750742107839,0.000918211346877294,0.0123986362460946,13.6322763878296,190.328273406031,,,10.9478268863747,0.00430766343478392,0.0390672667829203,0.00732013509998008,0.0313610818454015,15.8572764354232,0.00234436488579318,15.688987670831
AT12,1453.63549650524,711.296090994783,3.32294432153098,751.828071577293,714.910493590599,163.420074652731,1.4616268813442,0.280071264596238,0.716810353174314,165.943807686049,1943.34249173714,0.00658872210606033,0.00794181984360341,79.5076608994634,89.7598786119359,44.597928723588,46.5631444053476,46.5631444053977,221.899390886276,12.7083777576195,95.8384879469871,19.0524506373042,92.2901796532675,,,311.659269498212,108.663884289558,425.83676970285,,75.8425071930247,751.828071577278,1.31255037433348,741.007699720966,0.234904515500456,2.77780853786991,0.0796196509290855,0.0432486852405467,51.4541254674998,51.4541254645604,102.908250932045,17.8562240140709,,,,20.4127110329064,85.9074148199236,,0.125939271511892,0.147607041503523,222.70588177593,0.888526876300488,1.90825282896341,803.853084508394,800.207106480205,1.50891211590845,0.0485771109028914,0.0320722529911931,,,36.9175779866797,68.3992334779965,68.399233477991,136.798466955988,0.247120614957763,7.26003348163443,3.01699784902244,182.824473708704,188.153631215412,0.346841540492329,0.100832549966358,14.6856801821712,11.9150445931844,11.9150445931758,33.8854699922321,1.94297390753468,,2680.01844719338,,,,,,7.47698250127369,30.5966364160735,1.47273254965456,0.252380676526955,68.5296867681105,64.1957679656628,12.5424689069453,32.8213770965593,3.6144025958157,55.2701044223541,0.903080530132376,71.2059883505554,0.00731195546331864,,77.4420785081412,12.6616623205459,8.52210490863928,,45.6766469799943,1155.36034519555,253.349688473749,19.1225714758928,16.7932831743384,,13.7436995917466,24.5497665556546,0.0581071124942799,0.0166584106789913,0.0681806922432394,0.17734296555334,18.7030336222888,18.2179064291236,0.00145518247139881,0.040673981515026,321.135151974879,28.0729535265845,38.0953371327635,34.2588539229339,54.6715649558403,48.2336896133732,58.5337166996223,65.9348603504942,17.23800990503,31.3294968980196,16.7565495693249,179.193578066202,,,0.705593976884278,0.00661027428833706,0.0893570431597388,31.2188205853739,888.626538533281,,,34.2588539229339,0.0174280552311021,0.173800253690704,0.045823706825418,0.148283534201952,14.860863127716,0.0035001687347844,14.675312637203
AT13,,,,,,23.178785062966,,0.0100011593978984,0.0222827829402988,23.2349206135227,41.3214161992363,,0.000623301758217868,,,,,,,,,,,,,,,,,,,,,,,,,,,,,,,,,,,,,,0.0432331857712397,,13.8043936906946,13.7323837590305,0.0292945037961551,0.00110887092557797,0.00182484163771611,,,,,,,0.00974041928847807,,0.0598090584805308,2.76999820692376,2.82715781762062,0.00905012143092805,0.00630023654659813,,,,,,,1538.1513129804,23.2116923070624,13.8078451611612,2.85489804267029,0.307204737802117,1.13977595054025,1.0780945581681,,,,,,,,,,,,,,3.20400733685082,,,,,,,,,,,,0.00223109605898332,,0.00120146677244196,0.00268794570773092,0.311243221619467,0.301084229262961,,,,,,,,,,,,,,,,,,,,,,,,,0.000930849438009561,,0.000998247013269912,0.00289437825267633,1.14370085577883,,1.13495247583629
AT21,403.923835545832,58.060990697761,0.321960715219967,59.2043638572768,58.6250167269035,73.6618510063947,0.156295982126485,0.222299260210561,0.553681821461584,74.7314591325405,949.60888875952,0.00455205761096526,0.00746314278440827,4.61136031793804,64.0070530346749,14.6738613270583,9.87889656051313,9.87889656051206,72.0510612696814,4.61405731581301,22.8343498850728,6.90072814459543,21.9944456244344,,,136.058114304356,16.7102935689134,26.6597497299428,,13.5335023700566,59.2043638572486,0.501628221956962,57.9986874885711,0.102710888153156,1.67070002634844,0.0282056587179154,0.0348806413044644,17.1709090323258,17.1709090323255,34.3418180646487,0.0533460037697828,,,,0.110780496296795,22.8513140465522,,0.125939271511892,0.00859525641173008,178.943620719453,0.386097301155198,0.177700782418589,576.199524437246,572.793391070796,1.03864722177234,0.0393806536896803,0.0327932557307571,,,0.579347130345099,78.0461533364432,78.0461533364475,156.092306672891,0.144819296457614,0.84776386751197,2.9874089338977,199.128189838198,202.637555247593,0.403155724036505,0.137544169773142,11.5375947819647,6.67022953273555,6.6702295327355,16.0299214983741,0.711850426667613,,462.406480135085,,,,,,9.96354122993507,8.45027425240115,0.141656586770455,0.0577372741166828,1.52263958881407,0.891287840136226,1.31469716094085,3.17679119887109,0.564026029142526,14.3939144292732,0.0867572274562921,4.32677856889119,,,73.4176934296307,0.897770320894698,0.828134347628122,,1.42476196383401,185.62307540326,52.5690507113079,0.349414784321544,6.74642386073886,,0.506909489670093,0.0718374843152227,0.0281810205742536,0.00603708931607329,0.0551557286443909,0.133811179642538,17.3205187050033,16.8416969539859,0.00145750249435831,0.00712536488814084,141.362318289309,0.887621966755755,47.244496157087,2.30833946293553,2.41911995923232,26.9955977212366,32.767446455888,8.24987985128723,3.23931241224113,0.0349635661447244,0.117858351440134,3.08243071161066,,,0.0666891458854815,0.000636573649701991,0.0086852294491334,0.028972600898315,215.296670530168,,,2.30833946293553,0.00888228600186782,0.017878647304396,0.0385585555447178,0.112525160170342,19.5154673798883,0.00352765696230283,19.3013286678012
AT22,845.223933105481,135.630904454086,1.16487770765588,142.267400327236,136.616882085691,138.827322248807,0.356436508144153,0.391469316905176,0.918130837446957,140.565658881394,1632.27362016328,0.00780236636062279,0.00947051610932666,8.95292466141351,82.7478741271452,32.159856761606,25.2874757684527,25.2874757684363,147.382124001259,8.04379180136577,39.9799391366353,12.0592943139383,38.5068197632991,,,230.129998128404,60.5925499975522,83.7410262804314,,49.0981044858325,142.267400327252,0.847413768690597,139.771379710541,0.190129707281203,3.07431676824716,0.050381489437929,0.0419363047349809,40.7701855577251,40.7701855577234,81.5403711154648,0.0715778765083474,,,,0.535426017559022,29.7307106365556,,0.125939271511892,0.0748532488941799,252.984731370226,0.619830931288725,0.404356945830785,1004.14878334023,998.433258002808,1.71722779745838,0.0652140886537343,0.0398185547324539,,,5.65051824156135,111.627010366657,111.627010366996,223.254020733654,0.213091076535623,1.68620163423759,4.97548122423767,289.420366059746,295.531060889226,0.604214678051815,0.143180876254958,14.762368367534,10.3189001551457,10.3189001551493,27.8020382083538,2.08648608887074,,1019.52343593765,,,,,,7.25040177352466,10.3676059968191,0.512638560943886,0.246432186333249,2.943705531566,1.71390174145932,1.67773274753363,11.4944455117322,0.985977631605153,19.3577528786453,0.314004733595436,11.980032309078,,,114.787355107151,4.53958726973552,2.99603016091314,,8.75282143512067,1165.86159207536,249.572513916187,0.760438943020651,18.0341732929223,,0.731471564408142,0.26133698762447,0.0449393876870247,0.0111299506087973,0.0962791234427332,0.222997422221645,29.8552930800064,29.1227118912647,0.00219752689226136,0.00535176110780484,238.092374214103,1.90741671262628,44.7820612474227,4.58367811690901,5.11910413446803,40.5259969883375,49.1873867749297,56.9289366566298,6.78942068460581,0.221991234038583,0.389687367112185,10.5388242847849,,,0.241522476269811,0.00230368222366258,0.0314197837526912,3.65899723936546,365.52142106089,,,4.58367811690901,0.0130614683850023,0.0378955778900861,0.0621659655587956,0.178022004106321,19.9054236451644,0.00496856623759838,19.6688198664405
AT31,1205.11105647606,260.88754834377,0.451314238816026,262.464825017062,261.67382156485,147.195708265095,0.578349850568382,0.22316408012659,0.846562416776405,149.130566235548,1192.87052456645,0.0065100098033019,0.0103822695052668,37.5574872093198,98.9639852424236,49.9522717652673,51.1575965756033,51.1575965756003,266.607015818953,15.3455081791081,55.4926601130107,23.0175575815375,53.4378213203189,,,365.571001061377,49.5767738386068,147.239119636305,,45.111564345178,262.464825017103,1.07458316036002,258.471289162127,0.143595683843455,3.15884153510704,0.0511007165701454,0.0546421757985618,82.4026528191895,82.4026528191895,164.805305638374,0.0936006043503468,,,,1.25689605376783,60.874842333486,,0.125939271511892,0.0248915508447445,300.471164795888,0.591378647854252,0.6091238315212,481.823978195038,478.954233868978,1.36446733116532,0.0377772190409279,0.034761087950647,,,0.791003452252486,119.798161231322,119.798161231169,239.596322462491,0.211403677754013,2.7346517715003,2.42230946300347,253.473130295828,259.171957870796,0.366357141558875,0.145011049962525,17.5861608391688,14.1289739515387,14.1289739515123,45.583373270029,1.51407584925593,,1207.24822885321,,,,,,11.4552873991416,30.2246391622076,0.203444722803903,0.366051229375148,11.1018630494042,10.2131394279746,8.89614969760301,4.4652094936757,0.786273221080105,30.6239817470699,0.12395448020567,30.6194303471191,0.00223021833976271,,48.3995452570795,9.70456334927517,1.14725717013877,,1.9752382635986,1689.76312021218,337.478907935127,1.06031401204389,12.9470595558672,,4.38864152606403,7.40510343480984,0.0441593256006397,0.00964881683922848,0.0482827016702354,0.181625906257355,18.6478005111491,18.1825525883403,0.00159368803483986,0.0262214241195122,374.638323596285,6.36317992009639,39.2819407975053,9.39743533346992,10.6543313872378,46.14319907056,56.0181453357387,99.8556352062313,13.3097980524244,4.76418388990543,0.199965510609712,44.7519283660822,,,0.0993127910255648,0.000907390945422809,0.0120860903626088,0.0122900104268737,502.061147479553,,,9.39743533346992,0.0133331588836929,0.0617615845471695,0.0323923974160222,0.14733038566277,21.6313967368118,0.00350283583548748,21.38500646556
AT32,324.665953693752,10.4927907572976,0.401738571348456,11.4240007133126,10.7371107379534,43.5330547117144,0.0588818282005682,0.102684351633578,0.600212503006891,44.19979532853,712.597945698289,0.00493767165457412,0.00577452822997252,0.658810716870757,34.8112395864819,6.25988001264301,3.98342265546242,3.98342265546247,96.6598659713565,3.31527316114906,19.5187040315764,4.94996689289438,18.7997895265897,,,131.471105557838,4.11031971920401,5.49726566204257,,0.145476867883033,11.4240007133136,0.27901837128845,10.7555740339952,0.0483473948760601,2.22348248097012,0.0378682524416448,0.0318240674862435,29.5072641471698,29.5072641471681,59.0145282943397,0.016353831523304,,,,0.00401055801281042,3.43458253630544,,0.125939271511892,0.0195919978993514,178.429270871275,0.254060998020433,0.0892491146130151,338.73834158476,336.730440442751,1.37377368663976,0.0575723937987677,0.03200027505295,,,0.686889975360187,87.497344167491,87.4973441674784,174.994688334969,0.108054229762326,0.502540761520188,1.79830799411301,266.321576621058,270.844464802748,0.679555760787604,0.144931952386712,13.4950662498462,7.42003171509948,7.42003171509968,18.6541866622838,0.00952970725352013,,452.840191526509,,,,,,6.80690553463918,0.870352145994706,0.176606279662467,0.0258389440550649,0.459100226812665,0.130303406523076,0.321145950733009,3.96484285132102,0.244319980655749,2.55812286452454,0.108545124349076,0.220458661824358,,,136.434214202064,0.07896787286979,1.03443816665179,,1.75174736309901,13.284546609237,6.77615908763174,0.12024796459388,0.526453002424011,,0.0100554419291955,0.0382081733222429,0.0196945019121971,0.00857989514075828,0.0354644526022312,0.181847870693807,28.5933655526074,27.8083287022796,0.00205734669930615,0.00610752578583852,135.397669455966,0.0611818473117799,18.8203666549886,0.0568357052160992,0.0608462632289097,19.9779142774858,24.2615596861368,0.591118117911463,0.0861333443576982,,0.0171492712746274,0.32945359639967,,,0.0836819604441889,0.000794879189651172,0.0108272231878722,,186.418689048282,,,0.0568357052160992,0.00591251582745958,0.00917507984340678,0.0230969487855933,0.143571640363412,18.7979777163306,0.00510277164490247,18.5813895464752
AT33,425.869404345992,14.2003395023956,0.538861825787568,15.2925097155895,14.3641612429173,126.346250515403,0.11644811786189,0.239173946703522,1.30949765496638,127.803304197397,1259.8706564838,0.0136804182732752,0.0182351609414489,0.314453012011639,33.4178017465858,7.48427646960718,4.40960827747988,4.4096082774787,111.855989613758,3.99690697329221,27.2283945060189,5.97214635740277,26.2355139810181,,,145.273791360343,5.37759849933324,5.97947200546432,,0.0626861979077094,15.2925097155928,0.594299015804711,14.2407509065541,0.0812964133659102,3.35891308728409,0.0760164160258119,0.0749065001079536,32.210792741305,32.2107927413176,64.4215854825478,0.0167874715236807,,,,0.033710764461815,6.12536721647134,,0.125939271511892,0.0192133617368314,256.560709100572,0.555886789952438,0.122252022412475,534.725326792564,531.17482719039,2.17619782410899,0.111517907508803,0.0720393896897779,,,0.928348472675546,125.217670942556,125.217670941732,250.435341884288,0.245675119171983,0.780362154198773,3.12332352573371,463.377362745257,470.790276760716,1.46932147484132,0.366804664124025,15.4582602289521,7.5262829058156,7.52628290581235,21.9208362971515,0.0665985274982096,,614.65761153251,,,,,,21.8345517064177,2.74751906530264,0.235951438732697,0.0262560784597652,0.754338599927952,0.478645633670149,0.0273260387914744,5.3149123015473,0.163821740521689,3.36995005886716,0.144968180146396,0.0420115685442629,,,309.77962218754,0.0120362114646657,1.38981722718875,,2.35192533094039,17.7194586284549,14.8677613857717,0.441628295264504,0.588920583463088,,0.0370173384164347,,0.0470788050963515,0.0185968168721437,0.0646432120603098,0.325392208980984,63.5483810469153,61.8665877092875,0.00474340979417714,0.00789809211439883,155.312559311206,0.0689994236952516,13.0940813102065,0.00568422996660293,0.0393949944284179,51.102755094795,62.0078076666051,1.299851019059,0.0155015833060425,,0.0144737737735547,0.174307559987263,,,0.110808438279337,0.00106278744598757,0.0145462693392318,0.00856702800891128,265.727851599877,,,0.00568422996660293,0.0141139519692253,0.0140996976934086,0.042062504309926,0.24291324011897,47.7108579706109,0.0112571209785491,47.1741288459535
AT34,137.268285064985,4.65534931576853,0.144414276414659,5.01909463673023,4.76179850289676,23.5198229916817,0.028819019162641,0.0280269536670293,0.320330973959133,23.8304368345033,259.095025170423,0.00285805875102098,0.00340872580514349,0.0485634859835525,11.1104457383005,2.81282850025135,1.65750980927433,1.65750980927462,41.1522104955813,1.39776342496757,8.53817320223648,2.10051728510138,8.22539451845938,,,52.2626562338818,1.46439368529601,1.75423519542638,,0.0397933900605851,5.01909463672967,0.128892636334672,4.70890637608193,0.0120114961690635,0.899558395691341,0.0201982417933498,0.0172654818727913,12.7735122680532,12.7735122680541,25.5470245361066,0.00869444886887788,,,,0.0482296631589432,2.36060942851042,,0.125939271511892,0.0185380346795598,79.1511081556891,0.11706184504565,0.0369356495657677,74.7106266226486,74.2407296026144,0.692463046000285,0.0282425312050013,0.0159514016669092,,,0.257296133832915,38.3952493634439,38.3952493637304,76.7904987271743,0.0522699835515507,0.235859937638782,0.414550871385937,128.163464739297,130.233125521604,0.361570538800743,0.0776508881075106,5.09990912359324,2.59423683191392,2.59423683191478,7.43723022979585,,,320.08751119688,,,,,,3.9906081870837,1.3766252667936,0.0633215381010542,0.0102562213242279,0.192703615561138,0.0561808143661565,,1.42460029521897,0.106449187128232,0.976016557347742,0.0388865386792224,,,,74.7537601622824,,0.3722171033087,,0.651948274267031,9.86188841899381,3.19603546719885,0.0554467275698571,,,0.000734086813906034,,0.0095300286656676,0.00450325086746419,0.00934278815830306,0.0879184773330205,15.2070858938004,14.7914867629187,0.00110056243650307,0.007967604373409,53.9401072126948,0.0292704998350827,3.99713514309405,0.0113684598019871,0.0595981229609303,8.53877825998347,10.3616027990473,0.330466701577611,,,,0.203313075459307,,,0.0297885412695851,0.000285072779557851,0.00389700244587009,0.0106737806379658,81.8095933639046,,,0.0113684598019871,0.00285934922405237,0.00407040341308423,0.00596491065381605,0.0693898893234437,10.0946556611366,0.00272976033155998,9.97927860124774
BE10,,,,,,15.0335856838188,,0.000781993368908823,0.000387271385517187,15.0600757373233,16.0841861624529,,0.000391277226437214,,,,,,,,,,,,,,,,,,,,,,,,,,,,,,,,,,,,,,0.0214592232565225,,0.783020587786174,0.780251380990326,0.000664994068284183,,0.000739162270857594,,,,,,,0.00402043737257259,,0.00152414847014797,0.0142159022694386,0.0153178650582464,,0.000392715669911193,,,,,,,1201.95733333333,15.0351462257996,0.80311476058599,0.0201532037820703,,0.225771972285255,0.213823873788629,,,,,,,,,,,,,,0.0272659635548642,,,,,,,,,,,,,,,,,,,,,,,,,,,,,,,,,,,,,,,,,,0.00101039287540883,,0.000463064956790732,4.96973350064359e-05,0.225771972285256,,0.224248817118049
BE21,561.426345894341,61.8883055316947,0.202927885098941,62.5814686425076,61.9082564984712,149.347946614337,0.080250956188976,0.0255273147550834,0.072841763217213,149.924461743777,285.730353320644,0.00284743997466521,0.0107429546485839,0.516620766170494,19.6853279852018,6.31582173620927,4.90735494669376,4.90735494673918,147.57706716394,18.338663066394,26.5798203887054,74.0728017061053,12.5967777701119,,,167.262395149142,5.44166950865426,7.43058107372266,,4.99558510110838,62.5814755436033,0.0779486770327003,61.8249486056667,0.0204174071945503,0.193663976606619,0.0213451720247473,0.024016388602699,41.4805116691185,41.4805116671966,82.961023343983,,,,,0.00250081765837576,46.7896184811349,,0.299651800735516,0.467991823575559,75.872718820531,0.263330791132894,0.158710180336591,32.3467785873302,32.1443038922371,0.115829932268942,0.0101921901917984,0.0210751396994577,,,0.673213066792393,14.5415504525075,14.5415503333486,29.083100785856,0.19338503294951,0.429048417883847,0.13278697533034,30.9989981687475,31.4258386729246,0.0272282296066469,0.0241268475172438,1.44126548283077,0.654403390934628,0.654403390935544,32.2855193624116,2.2568646551043,,1839.10433333333,,,,,,4.53665281520114,27.4688121184426,0.0556650080288948,0.146654886244276,5.07116755643408,4.55451905817248,0.0150524676199722,0.446084160560676,0.0199509667765587,18.6638261975153,0.36925197176983,0.047839569951072,0.0137617655504039,,7.25788086263686,0.00326572138544724,1.94852406865656,,3.10837641703816,1619.03970960075,302.499381316835,4.09507300086433,27.4937632029776,,0.0419130000959481,0.0445738485656248,0.0261116276239075,0.0208542552153678,0.0036155173339424,0.0220122300302519,0.29560903686033,0.232402670667568,8.43477076791818e-05,0.656979718717129,169.780120083132,0.0615772993741605,14.9103009491387,0.131385173028225,0.133885990686601,12.049542634905,18.1305469055548,64.5436331210607,,0.417532990119959,,1.39566127888898,,0.0055986516719097,0.482935833026877,,0.0186474586534946,0.0397695495829691,91.6645694283636,,,0.131385173028225,0.0157390007104334,0.0676631283125848,0.0201274804799772,0.022492602054216,9.15618973614889,0.00159333439490249,9.07614405797318
BE22,302.508328294995,65.2230415864605,0.779557110706825,67.8370078365011,65.2516160799978,99.8834610335108,0.0642763057033081,0.0343675007560673,0.0475925029172396,100.310940796993,241.205659959052,0.00190576871437644,0.00712446698798928,3.22496359860847,17.6834474852425,5.36414043687179,3.55919284973269,3.55919284956469,74.6281986682598,4.58746560527746,24.1799125248549,18.4301736394345,11.4576327347827,,,92.3116461535023,8.74997524140321,21.705558253912,,7.03702837605891,67.8370147919487,0.064369430758341,67.223543090688,0.0327958399291057,0.170326387424199,0.0222984560325153,0.016959020621681,18.901729123294,18.9017291269473,37.8034582335151,,,,,0.00259665826437691,25.7017044011611,,0.299651800735516,0.16864422922646,45.2467052372025,0.165968859186539,0.116471563045136,44.4536695399713,44.0905060879237,0.0671270336102864,0.00871166408180301,0.0115336473422052,,,2.58538904675353,9.77249968887704,9.77250012499607,19.5449998138731,0.171079727485091,0.352878702139841,0.260705571709344,23.2258200353227,23.5400808797559,0.0264681665709736,0.0159813735941547,1.11423921810649,0.431488560588443,0.431488560600949,18.0344238090002,0.886320747528996,,869.791,,,,,,1.66943937030275,16.775052163444,0.214506228664435,0.0613223232157394,9.8528462037034,7.87624267371735,0.0539251354183963,1.71294752648252,0.028574493537339,8.64994568673161,1.41710481160225,0.0772440302171888,0.0868793858260432,,7.38958886080429,0.051990883986112,7.46103561341845,,10.2866750028034,656.680333736463,122.814674491118,3.29708904414465,10.856136657031,,0.0758256274846873,0.0252531462310769,0.0164905568910492,0.0200926738902007,0.00576285972774019,0.0146700443928898,0.277683803416225,0.217043089955951,1.45360960647221e-05,0.276707573153766,93.3549639882625,0.114164535547772,14.0063348235894,0.210382264271348,0.212978922535724,5.01027592505412,7.50311497816715,27.1666054217004,,4.50332804196689,,9.56252908179593,,0.0214687674958263,1.85271207009794,0.0084375406458503,0.0716060889743412,0.152752152714773,87.3820076503742,,,0.210382264271348,0.00957118916634111,0.0597524564855322,0.0295316799264889,0.0145448760893028,4.78627014696767,0.00125665806061042,4.73465710232564
BE23,651.830527365122,100.016804804129,0.597104599590593,102.167258831427,100.187602845089,122.152102018838,0.0977005061690001,0.024179194917327,0.0904592698852185,122.589786004934,297.245323247726,0.00233498370331349,0.0109223167698079,2.938774906482,64.7716669388206,18.948904628161,14.8893847907246,14.8893847905715,162.655621089113,8.43704905318168,41.5480557098041,34.1838091288554,19.6869019789627,,,227.427288027933,14.4070470979248,30.0363768782092,,13.0948130252969,102.167267964076,0.0762410516529782,101.248058431966,0.0257133787691786,0.326746069237825,0.0311398669026996,0.0276304992059557,40.4310359151176,40.4310359164431,80.8620718262527,,,,,0.00223622963261932,46.8226724380937,,0.299651800735516,0.584972388361485,94.1025285690378,0.141890294682611,0.147064188092694,14.9364930960449,14.7279072187947,0.110378850737446,0.00849087475888262,0.013085151038673,,,1.97965454594467,23.6399277418095,23.6399279627402,47.2798557045497,0.191164752148496,0.561996079932356,0.140290653018361,50.1943014724751,50.7783549432294,0.0381659350665738,0.0266878890920244,3.01904834815228,1.3859793378374,1.38597933783406,46.9775154582133,1.17528347275916,,1497.933,,,,,,2.29833518339733,33.3920982957548,0.164173063746397,0.15154293530794,16.7021803756366,15.0843620187441,0.072618693547735,1.31223474967421,0.170798040960042,12.2815019739807,1.08517935653809,0.105960761749381,0.0243147153932726,,7.97357789843865,0.0202426242045613,5.71505136766412,,8.33450721741341,1607.77204717187,274.956124801212,12.1271980500355,14.492167848455,,0.101933603400324,0.0857181375448202,0.0177942925683411,0.0278830123432629,0.00295531299519948,0.0281900644706984,0.31512111252637,0.233382319870191,1.64532674087838e-05,1.14907259475261,229.498388621102,0.0607695225872199,53.5046424729334,0.163324504297464,0.165560733930083,9.91357820129637,14.913438528438,65.336209976357,,2.8552304208239,,12.5571659806211,,0.0163775266604499,1.42033659700063,0.00236894802296584,0.0548289022225544,0.116820012629714,149.447114535977,,,0.163324504297464,0.0105935950426458,0.0845657455717191,0.01544733755019,0.0282792164229257,6.45830012691609,0.00160713222470903,6.37995781754226
BE24,205.935171577979,67.791121417278,0.494493684765062,69.4462496562217,67.8054048498876,86.3312864512493,0.0614699117082439,0.0326374539492309,0.0456549317773158,86.6313946907012,209.754519043535,0.00163082840720339,0.00592946459233574,5.50367273518292,22.8062069778271,5.64699924615642,3.99071598641774,3.99071598600942,50.4394110826541,3.307984515642,24.8297856094826,13.2478228133904,11.7641317021727,,,73.2456180604812,11.0555938149359,35.2320899968005,,9.96881151263318,69.446257318417,0.0522209053871022,68.9167763928323,0.0308690554502566,0.175811699621846,0.0144766852667203,0.0129273014970869,8.89848221353928,8.8984822168002,17.7969644146285,,,,,0.00243951484267679,14.6098885894266,,0.299651800735516,0.0769667051423921,33.7860666738159,0.112985214446904,0.0988141389322723,30.8550600402409,30.5462106942666,0.0570186748741048,0.00459980076958773,0.00740847733801928,,,1.64084039270587,9.58808783085122,9.58808858923359,19.1761764200848,0.119135148331807,0.298858907715994,0.218529962135049,19.7631607690295,20.0660324171511,0.0146458188425291,0.0108704176427501,1.09700219827851,0.453133019930211,0.453133019888941,14.6825432614023,0.192540293646409,,1130.59666666667,,,,,,0.947827774192243,8.97681307286945,0.135784502734807,0.0266048012070565,12.5169148316591,11.2804718922038,0.294766849471921,1.08678400314537,0.0142834326096348,5.32435490864379,0.899837708897793,0.222482580788755,0.0447363478802863,,2.69779441784774,0.00479409276748592,4.74274429213106,,6.50600176263934,253.330507248739,44.0671274411909,6.1238781043768,2.38811937381602,,0.127012150288013,0.217688488021269,0.0096126534409909,0.0172663059946566,0.00393945448342222,0.0119539959777524,0.111719470178389,0.0757107787953647,6.2843460707358e-06,0.308722272217812,74.0998352196057,0.00566451173645699,20.0777570150198,0.356430715760253,0.358870230602929,4.12470083950223,6.13000208136224,10.3237084272063,,5.02958225114006,,18.3723903846307,,0.0136872899662918,1.1756960852977,0.00172646006663758,0.0454503352099816,0.0970372437919549,88.6224260763065,,,0.356430715760253,0.00615431784640358,0.0530716612358215,0.0228734199558104,0.0124323458708949,2.64405510684632,0.000655558096986638,2.60691316143002
BE25,1399.13263588482,144.646815423253,1.45860159873145,150.342706924514,145.50510226241,106.674646427623,0.103165560071896,0.010461832081813,0.076798324281661,107.149976671969,313.279838987161,0.00197835280989267,0.0068179450986328,4.93025010878098,82.3518674842564,21.4828885317626,19.1423704866578,19.1423704878627,196.4806708922,11.2558437457717,56.6044536541867,45.5729509665279,26.8190467356301,,,278.832538376457,14.9415479089468,45.8386061057845,,11.7363897455793,150.342734580058,0.091124699634089,149.235591162804,0.0207469923767942,0.38951118194449,0.0178927521164262,0.0199857995467673,46.2387922428866,46.2387922359088,92.477584505062,,,,,0.00274023124707212,47.3096863917764,,0.299651800735516,0.302790482314236,98.319099936449,0.148631123170965,0.188894163335803,3.04386560712181,2.9624866890163,0.102947909292001,0.00399588168719998,0.00796377466922897,,,4.83760982286099,25.5047082111533,25.504707205742,51.0094154168953,0.21968851637616,0.735144520816808,0.0479601165291312,51.1289060447022,51.7261100625351,0.0180226839854283,0.0179407745169323,3.14913155982133,1.56791045770282,1.56791045783107,57.4295731147586,3.22584126339207,,1188.35966666667,,,,,,0.1502549557447,33.6892137330372,0.401230969954688,0.474780788139222,37.4402228834391,33.0694175929712,0.0794238922928695,3.2051557779553,0.858286839156667,12.5251583734572,2.65177209209407,0.232685652844164,0.0455634151810243,,1.5835890245039,0.0416548544831553,13.964331627736,,19.2387183071575,5518.09738034056,918.947975166954,25.7194567352038,39.3231363510431,,0.286015171248638,0.191030798361009,0.0103163288525354,0.0224541568058307,0.000403284047776795,0.0151357390050227,0.0794547497804255,0.0371339770859182,4.53192085869561e-06,1.09531241305923,281.138320042441,0.00930993065861809,72.1498091177924,0.280049224488312,0.282789455735384,11.0363699293478,16.6036285418376,224.700451751504,,7.06394555045989,,25.8780766505175,,0.0401807510511552,3.46695517218906,,0.133986411350732,0.285824373925164,201.35212234141,,,0.280049224488312,0.00556957631197772,0.0574850162235234,0.00180669306999853,0.012810863309785,0.937697315696879,0.000431102095560233,0.884984489944459
BE31,111.267686761246,54.094475067741,0.355916499266355,55.3090115774234,54.1155476079728,31.8519232291636,0.0561436802436411,0.0110959843245498,0.0192331439789498,31.9592193739545,108.759160755625,0.000602896284921206,0.00429271579621647,4.14724717309239,12.4865199696655,3.36027733755657,3.0520824681952,3.05208246818208,25.9132310896641,1.32581119124262,17.8000318869456,5.27265550564973,8.433691552376,,,38.3997510593296,2.17293637110726,27.8046961633375,,1.38314497921591,55.3090295064498,0.0220746737307559,54.8047623618519,0.0132966972312443,0.0782473705673816,0.00693603539389753,0.0124454236946807,3.32496560496628,3.32496560353178,6.64993121587965,,,,,0.00474784643111094,5.46946413420253,,0.299651800735516,0.0261758734743657,12.7285921268082,0.0390444478266103,0.0917884608928266,10.1453634856425,10.0512156620362,0.0216541229709437,0.00192836535696155,0.00669384042566393,,,1.19345997048186,3.6295632212152,3.62956428831496,7.25912750953016,0.0388328577169086,0.292566788945845,0.0583644135109289,7.23596329953582,7.36484461437429,0.00582038522755924,0.00976114478252629,0.434429489938817,0.221090957740197,0.221090957699021,7.19089191108056,0.13489283972729,,399.662666666667,,,,,,1.70876025115565,3.67089456397782,0.098268976913442,0.00591996065843906,15.967904538859,14.9415695823824,0.19013751237234,0.789791461566299,0.0210725402318395,1.68781160175145,0.658870577498798,0.910086238392942,0.146775747300424,,2.37765213183088,0.0265745986041412,3.44905806477666,,4.70172055413679,42.0168515980102,10.2997966149629,6.8352304735764,1.76560097404323,,0.174330629486162,0.8835116397888,0.00382164425954996,0.0120475384071881,0.00120882835613314,0.00377618708852455,0.0371209555634952,0.0213547340021857,2.23876095508426e-06,0.110758451548734,38.6046067266714,0.0387001811066971,10.8647663555157,0.450391618988027,0.455139465419138,0.998567683666171,1.4645835248813,2.10935806661109,,7.93200893524052,,21.2556748559839,,0.0099456271052341,0.855993378799327,0.00249283422427371,0.033026615843231,0.0704583192587077,62.5681390869535,,,0.450391618988027,0.0035225212565902,0.0517206761074623,0.0101819001833302,0.00597049023265162,3.94358281964009,0.000478539297969897,3.91038745617999
BE32,480.337764097375,151.817904614504,0.912296679007147,154.917859226076,151.858546702264,97.1871707661349,0.116627156276993,0.0430516425642481,0.0868137370566002,97.708796323715,377.407524519542,0.0018628221186462,0.00631686204486374,10.3109191420972,63.6204183247372,13.8130690178709,10.6552044623053,10.6552044625619,151.303551624309,7.62450068871704,59.0064213147306,30.7996717214986,27.9576811942994,,,214.923969949046,4.56147496190739,70.9450117798726,,2.53661442095943,154.917859226096,0.0827892958223538,153.475548636109,0.0513412313585857,0.408020283390149,0.0380448479481205,0.0183123291198389,28.4716432227476,28.4716432227471,56.9432864454947,,,,,0.0119965376944968,29.6982399949654,,0.299651800735516,0.0120395932093211,87.6902300005399,0.186406939117711,0.254982496395371,55.7385180299547,55.2399352726948,0.140856598812323,0.0127928271886414,0.0118347345174941,,,3.05931252383148,28.9959950027718,28.9959950028003,57.9919900055721,0.220439994426085,0.895846993478113,0.353636908629426,63.1023466190285,63.8067031342835,0.0461140441338053,0.0187378372473133,3.36404309472085,1.51638071935691,1.51638071935814,49.7386996888462,0.580387646604252,,1342.35866666667,,,,,,0.687960348780022,21.2771818568656,0.253485685525662,0.0360682114766526,39.6563978922367,37.3411463362967,0.849132740880518,2.02486054094768,0.0406420877601465,7.92163711857603,1.68739261825813,1.58590512647794,0.0837261642358505,,10.3624005853601,0.0192154484899484,8.82871232591916,,11.9847263096173,243.969138629792,52.5039449166808,20.8332904075236,6.92558750376251,,0.538963596557947,1.56668967798799,0.0212522616005052,0.0496018129691348,0.00853311021627027,0.0365230504033627,0.450093683424201,0.34938876101307,2.46794498930834e-05,0.499421019526208,215.935307020509,0.0725595130056333,58.0541327651797,1.03558158520864,1.04757812290313,4.84588778627666,7.27944329656041,10.4091870590952,,15.968892332212,,55.1509254219821,,0.0254363460546962,2.19088330394722,,0.0846618666567626,0.18070119498643,212.909849231648,,,1.03558158520864,0.0107370666154152,0.125252130863283,0.042019864490607,0.0321428455950448,4.78555412206859,0.00189038102192125,4.73032767968925
BE33,383.179252049504,63.3233222030141,0.371817034819482,64.5949457333193,63.3474056089041,121.885263440667,0.086526208328761,0.0948485706943704,0.161089285656837,122.26879444442,385.172590182138,0.00231756577137633,0.00990037249880673,4.40560838944285,45.8792791440896,14.8148407103997,9.17725376395252,9.17725376378459,145.736843448342,6.11756560740398,44.6762155164647,24.7638181971812,21.1705729770888,,,191.616122592432,1.19616460351317,29.0756669684592,,0.370745950038579,64.5949520047642,0.0544574763047892,63.8733975918451,0.0644696968795807,0.494132951862709,0.0231516465182402,0.0197899292188633,36.146553144926,36.1465531416956,72.2931062998999,,,,,0.00430558331979744,13.9113570840916,,0.299651800735516,0.00764892981771165,99.4750921460293,0.15287330616373,0.135759540909621,107.972909601559,107.116188726374,0.22640793700489,0.0111416735327327,0.0164006857992833,,,1.24753772438105,42.7818671911638,42.781867679931,85.5637348710949,0.15824731696992,0.43550497656416,0.615959838083686,85.8595014429192,86.8178646833402,0.0339240218754592,0.0226949175211545,2.54971307046802,0.96483414177205,0.964834141527788,39.7531539849115,0.527535728419965,,1105.96666666667,,,,,,0.839316818505679,8.35137906668954,0.103098659269737,0.0296933614051095,14.2031676711688,13.2284626051139,0.364598032943599,0.825418679089443,0.0240834058899824,5.2978049976103,0.688405878829555,2.02792875590003,0.0541033093144106,,3.93286791470982,0.152108904177465,3.60639753915707,,4.89611505540904,175.90743624927,41.4044488526579,5.6867206228456,6.29543249498156,,0.432411076271693,1.87581985172257,0.0105911581195654,0.0149001710436788,0.0103661517554674,0.0360419829694058,0.1626629490994,0.0909017570748565,8.63497365797315e-06,0.262173210634613,192.6911653274,0.0934766021011108,35.6434066615107,0.476404424128023,0.48071000744782,5.15365168360902,7.73651628455027,8.2232668409497,,7.10933128890541,,23.0158193148436,,0.0104308686725908,0.893175142948243,0.00334282499344638,0.0345308669915859,0.0737852778513105,150.158680604414,,,0.476404424128023,0.00736174618938958,0.0488635160729424,0.0710766177695807,0.040691082926672,3.35540649895414,0.00122628432673361,3.28661195894242
BE34,371.765679911007,37.2116551078259,0.29233224968007,38.1918695069606,37.2116551078259,53.1614585583753,0.0353505663949014,0.12487737434704,0.120301486526241,53.4422745375571,442.809653667622,0.00102514508544029,0.00474841716380845,1.93674513731697,95.2878213404917,16.6594038397115,9.35002829044341,9.35002829036628,119.941188343583,9.27770360155446,39.9651544710022,37.4449739271351,18.9443545091411,,,215.229009684075,0.735615465885914,7.72674602701202,,0.0868728561564854,38.1918703802052,0.0391609405327654,37.7588114219313,0.118107624254215,0.60450588360138,0.0282083031566147,0.013640811164951,13.5732622583353,13.5732622583327,27.146524516674,,,,,0.000972080344390651,24.2757278124027,,0.299651800735516,0.00238461224725845,124.748591072817,0.116545671405528,0.0867838114964615,244.324895572653,242.627040526999,0.287770963220343,0.0165198177207076,0.0132284689939821,,,0.980214279301937,50.2364316001822,50.2364316185955,100.472863218778,0.107719978890502,0.269646999296467,1.27217784133514,102.243103138181,103.368741799965,0.0466421883905512,0.0165114298292386,4.03453086245627,1.52674939744966,1.52674939744552,56.1684375642862,0.339687985736861,,284.294666666667,,,,,,0.0123521812121859,6.77306564626889,0.0809469993200686,0.0208682752824699,1.8398091589773,1.13563254037731,1.02156862122909,0.648742623227618,,17.3738587683358,0.540908066378034,0.431605040124437,0.00155808201522059,,6.36539487902104,,2.83081091746546,,3.84053476796092,48.2394063205179,17.8719375011941,0.223452815037506,4.33131944730669,,0.831242193441809,0.431605040124437,0.0115890595863169,0.0127695947789387,0.0315119895247885,0.063422619602048,0.396187446624699,0.302291463007765,2.23608458609655e-05,0.128803439435116,216.468070758012,0.132921319392468,93.2423582976702,0.0764745785017446,0.0774466588461352,5.9336170746267,8.92056750731065,3.03100918128621,,0.0809375336748041,,3.89989546968939,,0.00815536793489242,0.702618534807961,,0.0271249567128314,0.057871598222307,138.664732725738,,,0.0764745785017446,0.00580032876708101,0.0285079863071496,0.151180216190523,0.0496377088349379,3.08568393061802,0.00150052926362134,3.03753244262019
BE35,347.001390156066,92.7786324711293,0.565035045108799,94.6803009445943,92.7873960801909,57.3242253355847,0.0655461138651035,0.0717150423827811,0.0793752970130851,57.6964578434712,365.425717401492,0.0010906345979759,0.00466562695108319,11.2110459629501,61.6333108980469,14.0056532780895,9.28652439251458,9.28652439243741,97.9616958737838,6.49684924369507,43.1820158790055,26.2755996217156,20.4686528220661,,,159.595006771831,1.63588163805236,46.6444749620946,,0.38279188734026,94.68030094589,0.0587331578755298,93.8999214341517,0.082235250950112,0.421618708646323,0.0172932270580217,0.0148486618628952,14.0582812180866,14.0582812180864,28.1165624361745,,,,,0.0110266246435999,18.4670935981437,,0.299651800735516,0.00800582065888088,76.1836579337001,0.15942935453984,0.179961921427133,152.822914788131,151.876997388414,0.180331551782888,0.00843832883353518,0.0124442327020887,,,1.892904865699,28.8582821678397,28.8582821677913,57.7165643356309,0.137918049140265,0.463541726127263,0.708703094330292,57.8018953808506,58.5351351096063,0.0199995485827976,0.0145033148863628,2.72001894550615,1.05116207275835,1.05116207276718,37.3088441775654,0.572869085895283,,493.786333333333,,,,,,0.54023970132041,11.249791316552,0.155120622801018,0.022766074798818,15.2582876285928,13.8073553003511,1.33163263090285,1.25308975070896,0.00876360906159571,7.01060416821763,1.04562302442934,5.92272861788982,0.0797263275060692,,1.96923978731672,0.331901770717843,5.46954888221278,,7.42282306075952,137.767235505518,35.0095181040098,5.40424719227645,6.77804501662092,,0.752504188709602,5.59082684717198,0.00993968164920625,0.0179570024297123,0.0109644425102189,0.0258492419339019,0.112435623066801,0.0649224949540948,6.87572460889141e-06,0.206698113299592,161.076810019181,0.0569661727916826,56.1345483430383,0.953866452544803,0.964893077188403,7.09847446411684,10.6667680824455,3.99075962944753,,7.65060391932088,,32.4089485574007,,0.0156863615171015,1.36116449907908,0.00127789263909112,0.052363492192759,0.111439811838837,152.396865280225,,,0.953866452544803,0.00621226468134683,0.0533727478874354,0.0722995695428355,0.0260649293821311,1.57847309132703,0.000691389040373993,1.53200437919989
CY00,308.071290885949,79.6366065729926,0.415981032435238,112.504459718395,81.1348755226459,160.956908132388,1.11270489914803,0.220070827262041,2.21441427044826,166.501306179363,924.17439988255,0.00316249803323238,0.102659546141111,11.3200110135442,2.77768047387433,1.23999787821707,2.38054272506693,2.3805427251273,46.2403125309033,0.497566814938834,11.5566551228644,6.39451872605777,5.66159077872594,24.1103314425083,15.7685746276644,49.0179930047777,2.97490613831758,21.9583963144233,3.13004946183206,,112.504459718325,1.01814476150403,105.611313369788,0.19302482409196,3.5602934783873,0.0573527782440516,0.233823227316242,14.5256350283267,14.5256350283295,29.0512700566542,7.47913219907527,0.585274,0.585274,14081.9666666667,4.21127789717286,45.8141666433644,1144.88115449348,,0.0887743523988639,47.5506972465344,0.296160267440838,0.257916663645366,173.029666455569,171.35072975253,0.639086943016812,0.00645810365035216,0.0264998501049437,2.62539496794318,4.94994769910189,31.3695841956789,0.868265301752234,0.868265301733945,1.73653060348618,3.8475570476857,4.53165524122118,1.04579153348304,429.35888517454,436.925977267162,0.0652996901895576,0.398687771754718,1.42532011832353,0.986409071242546,0.986409071178279,9.0346710349468,0.506005690501012,0.088411409324523,855.785666666667,,,,,,9.01364706798382,0.251237532498045,0.0432264911381044,1.0,6.33825873770185,4.82515825614652,0.184346963471807,2.97490613833208,1.49826894965335,45.5529314370463,4.5339666666667,0.0735798776697815,,10.5115202500011,461.388789857819,0.0735798776697815,2.47501012843775,,34.1087802483793,563.825091305767,144.81230755929,4.44852212977794,12.2442557074753,1090.98732650421,0.376636126615254,,0.215117036979051,0.805334067579766,0.208161818118736,0.799506214885833,22.654376756708,22.5210425035812,0.0282096072659474,0.00999767350390856,99.0836722373421,,0.140453096665812,,4.21127789717286,145.426604718846,407.966261956983,34.670653673725,,,,,6.5239852936072,0.670056498927291,,0.014831531655303,0.175411571862052,5.54079850107293,114.240990321882,2.65042170029989,6.210855,,0.16741893336564,0.185535476942129,0.0118877000835862,0.353791185882258,12.5586135054229,0.00106118300960144,11.76873350284
CZ01,21.6283064575316,11.3641174675461,0.0104044375524125,11.5525929614216,11.4985934620783,27.2271058473044,0.0313834377628626,0.00205439632112916,0.0937052607587354,27.2865371928029,49.5418499263061,0.00704416734017442,0.00172280158364799,1.34927624744786,0.30370819438782,0.119625635974293,0.171198773715175,0.171198773715177,1.22453951233505,0.00582508884920543,0.687573484110083,0.058819811486046,0.629717966789434,,,1.52824770672287,0.235095183182224,5.42652018308157,,0.189694871974286,11.5525929614216,0.0129833745174303,11.2677530164546,0.00168914298536908,0.00506348194873694,0.000725230266702084,0.000123448692733549,0.251046079232025,0.25104607923312,0.502092158465145,,,,,2.10526941425755,0.935679368378122,,0.774551681881339,0.0464777946230948,1.04638736886378,0.0268879628909532,0.0607402056909729,3.85065820984334,3.84551337686222,0.132192138091965,0.00921652005976439,0.00753775125607215,,,0.0539994993432962,0.0553540002428292,0.0553540002428292,0.110708000485658,0.0168980717916276,0.190134897320889,0.0009092855979162,2.90763518022438,3.14357637828726,0.0122212272715843,0.00656726947934062,0.0625819439216336,0.147247719874189,0.147247719874189,0.173448902410695,0.212376573849093,,1280.82333333333,,,,,,2.99569433708116,0.279109894892284,0.00371186471344689,0.00205852179913648,0.622959668898804,0.487827335864177,0.163269985374156,0.0454003112079382,0.134475994532119,0.633542938815361,0.0105512128569886,2.35085413568954,,,3.74565922467153,0.322930642768356,0.0105309239844552,,0.111310191115965,5.71890946593786,8.43675778890155,0.0194826504830879,3.82886061976177,,0.202551854295414,1.81541434642717,0.0015541049640676,0.000593528584941374,0.000179370202524239,0.00178120374694484,0.154533269388605,0.125190835594804,0.000232584227239788,0.0230265346704769,1.5682223351906,0.0398928878316488,0.151875768114866,,2.10526941425755,0.323696032575711,0.212604959808104,1.0737755702655,0.158004553607599,0.265792831085675,0.054504592886407,3.63898587924569,,,0.000656338502508712,,0.000301973165118624,0.0293319842204483,11.6633009619072,,,,0.00110783133438454,0.0019878756073001,0.000312637874182891,0.00319911351649571,3.55395191456248,0.000135288855575485,3.53776805932345
CZ02,873.538940983315,550.838663463579,1.50580880178718,556.796310694639,552.799114278123,105.826612881482,0.442839377215045,0.0190681223025142,0.50701502044477,106.982403190956,1101.99349688412,0.0133438970797819,0.00719162023112798,64.6308827807171,22.5657390159311,8.8462042734629,10.6393030446564,10.6393030446561,90.0962526511865,0.216806470252619,33.7546861640462,3.61737635061433,30.9634520528993,,,112.661991667118,18.8721256156281,274.700967892778,,12.3141241488587,556.796310694702,0.253727150719459,550.181478698159,0.0922230539832529,0.255908682442352,0.0282813272818392,0.00608064256187317,23.1960334652539,23.1960334650015,46.3920669302485,,,,,62.7698203003963,71.4631207897977,,0.774551681881339,0.104090907180774,127.9747932157,0.554818589510745,1.88413673204881,328.467540616493,328.303158551186,2.23403521903677,0.0284049419694158,0.0806362858848955,,,3.99719641657809,28.2558362129853,28.2558362129117,56.5116724258969,0.313416101522515,4.17127817076753,0.0393937767445289,75.3782547919249,78.4781049546521,0.0392524608816727,0.0686804793775914,0.966848252573323,2.20809929219967,2.20809929219967,16.1114958150755,2.14284279690121,,1339.551,,,,,,27.1529386312667,32.7522587390031,0.53327168723067,0.115342758826907,37.3037268553003,32.4371112287105,5.96076163875164,6.55800146676578,1.96045081454386,38.5668328069692,1.52972875624267,104.899188802471,2.81088496265298,,26.0826313248906,10.5440181660165,1.51509008215842,,5.65948605388983,480.164517376253,147.568966195662,5.51707710754559,33.3141648387333,,8.49593110202495,87.1032808818307,0.0177858243823587,0.0265880333142486,0.0110233769123937,0.0402836130809798,0.394333635910724,0.283891692821774,0.00118128868022257,0.144029243831042,115.66753729106,3.8983827508223,15.9408581123688,,62.7698203003963,22.8551849977057,16.8419807248607,33.3144123947709,2.99672520566435,18.424103019139,4.25516454895992,181.338815106862,,,0.0952798493939469,,0.0431086479438062,0.428387171346306,613.307983120536,,,,0.0160426433396347,0.0899896831757103,0.00267373535293516,0.0626076277204606,30.8748037914067,0.00115931587624433,30.7110334746694
CZ03,1180.69653056894,509.859789981458,2.23038667085185,517.477932157212,512.174393531823,97.7632326560978,0.343321145928652,0.0269237528046386,1.12315913925136,99.332151051631,1761.1138697679,0.015131330033819,0.00890662721943192,61.3340236761014,86.990210514034,26.6845227405103,23.6229555138705,23.6229555138702,171.989715603228,0.491737562447829,44.9256052759728,8.25600954568329,41.2392832700416,,,258.979926117262,13.3986411580236,242.297481303042,,3.63047989302473,517.477932157125,0.30161191570286,510.495545892777,0.121800570604059,0.237977506631022,0.0301426674921706,0.00563776013461039,45.5633840614729,45.5633840615191,91.1267681229951,,,,,50.0843793397745,114.227683386882,,0.774551681881339,0.0445077439261406,418.179906757287,0.715179891521839,1.71634223078535,759.799489768912,759.48340128512,6.49654999354105,0.0474073699170829,0.142309478805183,,,5.30353862530184,151.976111685154,151.976111685332,303.952223370486,0.505478252867106,4.8045518295289,0.13559090739735,313.099626317064,321.272243904248,0.0846461247337392,0.147777175007028,4.10587693087878,6.6082177336726,6.60821773367221,43.2507676387168,1.43583023137292,,1217.62433333333,,,,,,52.5852396994216,63.1162888112721,0.809146590406005,0.119007434858134,15.4306515523739,11.4388258246727,16.2888961710715,9.76816126500307,2.31460355036465,51.0868699240417,2.26400536404809,87.7493004126574,1.53404413101523,,27.966833720389,8.21077213975867,2.27437619944201,,7.68843616256418,336.483040959015,100.286448923978,4.27720716521217,21.4115925883841,,7.11754956236468,78.4722650222012,0.023810754276015,0.0243452130067605,0.0263517392520467,0.125858079757851,0.644957597674133,0.465276172489217,0.0022566475922189,0.0245246514869772,261.960769956459,6.3498826185613,70.2497635532228,,50.0843793397745,22.755094500663,16.652829104791,21.9365949783994,0.379156701710371,0.0440690970982175,0.687106548987194,144.92603767928,,,0.143178046318971,,0.066013593890086,,821.430155527699,,,,0.02283758116744,0.0938258450971953,0.00542151372319013,0.189072868004208,62.5870952883077,0.00235393300812197,62.2802075995484
CZ04,454.933745925009,215.97426448879,0.294655646150607,217.674804268259,216.585576166887,81.4210714348329,0.194246836677091,0.0186878915280019,0.672948403493078,82.3305092372473,864.280660473181,0.0126939489213945,0.00490960434544633,21.530350144856,22.86295257007,6.20457624821984,5.50238346377257,5.50238346379774,40.7178031775756,0.108046087199241,19.2811947404889,1.83104048336345,17.697589784474,,,63.5807557476455,4.12598429783988,102.434488490536,,2.83878315107475,217.674804268815,0.160120985458186,214.252229437566,0.0546728271363123,0.09955416549483,0.0131650054934906,0.00236137473329568,7.88911239622131,7.88911239624918,15.7782247924851,,,,,47.6275061013547,20.2088763922205,,0.774551681881339,0.085543051956292,152.153120415012,0.423322324383799,0.807760171685809,388.724215852811,388.568611369681,3.18033008472446,0.0307819384901086,0.0524998719777233,,,1.08922810192771,65.9721220109986,65.972122011661,131.94424402266,0.297031175079396,2.36625420518125,0.065616387973693,148.372548147904,152.477800137347,0.0543475784036689,0.0539664199585554,0.218398575864605,0.308931319988021,0.308931319988957,10.0215903406294,0.44488681491325,,1118.51533333333,,,,,,14.4940278221413,7.59446281002301,0.10569648604589,0.0462777066286345,11.6367672761988,7.26697755767928,2.53124558641997,1.28720114669745,0.611311678097334,12.5903736452547,0.29901670738312,34.2849729551567,3.73974976953365,,29.1128592696255,3.60367117673491,0.298822576148895,,1.48219305265996,177.542629672078,41.7339418864445,0.412574436083499,7.60678815884369,,3.11502477398387,28.4347531462899,0.0157005945023564,0.011714264242668,0.0146682338389686,0.0597002816831755,0.530202338899617,0.418361041742182,0.000966988355544105,0.0240399370750404,64.9865551934277,2.06797159352018,20.5499721823359,,47.6275061013547,10.7512646646491,7.84226824908174,7.89694740202232,0.533678482589719,3.73937834771562,1.71287014954217,72.178936867968,,,0.0187282707848659,,0.00859932262434701,0.389859262350813,349.619048290919,,,,0.0132627229881013,0.0425993534665248,0.00195914266589068,0.0927190540483571,22.5431286380613,0.000852825848767232,22.4284243786904
CZ05,903.384077907507,432.586661126176,1.75732927730592,440.185480482555,436.020206685541,98.4391270472234,0.357340322611235,0.0230998729963795,0.903252667872075,99.5598050403491,1243.78435674688,0.0143441621557898,0.00540770849740743,41.389958854492,49.5073304921064,18.3155247302445,16.5288946988466,16.5288946988858,137.476115770944,0.390367484254872,34.7558067471987,6.16070924975143,31.9034458770241,,,186.98344626305,20.1082459072893,197.150997928411,,12.43616298923,440.185480484988,0.220714572727099,434.209969843185,0.0901172482567996,0.202447788260082,0.0251261941641942,0.00478371854914583,38.3411339454956,38.3411339455386,76.6822678910762,,,,,45.0064191875667,85.8453452578734,,0.774551681881339,0.099604447379282,270.350672753374,0.513816296553189,1.50511022581756,482.083260639378,481.867717042028,4.21465848715019,0.0349528192956551,0.058318857506659,,,4.16527379944694,92.2526637470559,92.2526637472611,184.505327494317,0.353522419050795,4.01218461433803,0.0834966629213195,193.353111455939,198.875830315275,0.0597336077377831,0.0585463532145924,2.71856739088099,4.83145570258398,4.83145570259673,30.7373431402933,0.956049778992289,,1508.82066666667,,,,,,11.1656172664497,41.3056984443625,0.627850167883535,0.113547734402688,32.953495770452,26.6030461397554,5.93265154158188,7.67208291723774,3.43354555936477,44.3873468316636,1.78009435427836,73.1305965738754,2.80654627832115,,26.2848658223897,8.32910392821356,1.78251261228689,,6.09862576319329,390.07274061643,91.7098236675846,2.32022347457461,14.4383944736198,,7.29722365533529,59.81273698171,0.017175020446542,0.0214265062824608,0.0168636005228045,0.0804163420467728,0.493175095875754,0.358162345742401,0.000934477677170124,0.152299983031201,189.986301304935,3.02330289360034,35.5915479634413,,45.0064191875667,22.9178756893806,16.7788309656546,20.9178710339128,3.48126341375021,16.9855990098436,1.50749225020163,126.696838732269,,,0.110357793012545,,0.0512349040592958,,624.690807976872,,,,0.0154496843456263,0.0794489727463407,0.0019662126385396,0.121943574010402,22.5868051710172,0.000855966779929976,22.4588140555735
CZ06,1148.51501863557,674.590958735279,2.44865979407089,705.729002369809,678.536974847651,115.436351369665,0.588602442872416,0.0249948781516523,0.667428089971191,116.535700521422,1399.65385125608,0.0140693955760363,0.00606646401704115,83.4110815326878,37.8764096136426,13.5969340861749,16.0878200178171,16.0878200178171,160.940283573119,0.415471444069694,44.4587125010303,6.57090224669919,40.8011519661546,,,198.816693186762,50.9868034178686,349.263200870345,,40.273852854938,705.729002369809,0.249838557464877,696.765002958085,0.120594052511041,0.324344354113355,0.0346394108248927,0.00766422285787837,45.8436909498058,45.8436909498587,91.6873818996644,,,,,53.8595277797134,129.966839837378,,0.774551681881339,0.0690711446264978,225.062083698138,0.498743085807843,2.38815201789889,439.251547391932,439.02703917154,2.79440684464503,0.0298667841317848,0.0585765924435682,,,27.1920275221577,47.5476219303801,47.5476219303801,95.0952438607602,0.318682632797624,5.82693142208218,0.0605160944064239,111.795021610517,115.71851814271,0.0448474228503471,0.0552202982628055,1.91730378726244,4.3660738001966,4.3660738001966,31.8640107011801,1.32497249413553,,1688.129,,,,,,16.5383956046086,62.8346140300093,0.884658537019551,0.178477334773437,33.9857902725759,28.1861726559633,8.08714264273908,10.7129505629306,3.94601611237228,67.012014171274,2.4869613790315,108.830656320027,1.69648087053186,,26.5039615075485,10.1788812311657,2.4898965061765,,29.8229872897695,710.150486642072,148.874079218238,11.207312651269,19.5958032206185,,10.9850148971785,86.4813594801876,0.0170726668162123,0.0367093894504039,0.0164877359108888,0.0553627845124418,0.419859056060975,0.295603779082701,0.000927203857018231,0.120211636094901,203.229595267695,6.28997905400651,27.9527146752565,,53.8595277797134,33.6395862286064,24.6806615422176,32.4705670357034,1.4550509977962,5.99384510751581,10.715364610877,200.488194223043,,,0.157120633708534,,0.0719921168087924,21.3717478120358,800.824246230569,,,,0.0150122088698417,0.12360413942882,0.00191545941363008,0.0819544589511527,21.9992237741465,0.000832263595210037,21.8707689927079
CZ07,600.857167599914,310.217031630694,1.31166643630669,316.10188226521,312.550331163976,88.477278761486,0.268392731326213,0.0182232891389253,0.60392128638734,89.5187217539518,912.765963232749,0.00883575358761727,0.00377872698583245,46.8747763050123,29.4868456820064,9.8419321198366,8.70446033063553,8.70446033063918,81.5827307347426,0.211950296522304,24.3176993457985,3.44165549223607,22.3166207171057,,,111.069576416749,17.3102171579575,159.919063140815,,11.581131989809,316.101882264926,0.196054114817874,311.452156345784,0.0647758921202448,0.144561565975989,0.0170721294627624,0.00341897081691707,21.9746695729867,21.9746695730317,43.949339146015,,,,,24.2022171151552,51.2356614060892,,0.774551681881339,0.211848760433982,172.729306554221,0.494739496726102,1.1770759276928,368.87409916742,368.722475022494,2.9224291784064,0.0204145505008558,0.0351652628268874,,,3.55155110095027,60.7468225741145,60.746822574039,121.493645148153,0.323355455300915,3.13597899087411,0.0571258261728089,123.822849637453,127.613337528309,0.0329338366824282,0.0338261292053535,0.819128271089759,1.35287542672256,1.35287542672255,17.6607478019125,0.352634761179581,,1217.75033333333,,,,,,5.55271643738685,23.9929306001309,0.470318788384175,0.0691646964145318,23.0142711854471,18.7311603426858,3.25844655564344,5.72908516821979,2.33329953328202,27.1417981884154,1.33163253818404,52.5997911074345,1.8662981385801,,11.2248984608882,4.87851100639346,1.32925542314395,,5.13087831029133,240.261036794642,52.1920637698011,0.693480732360711,5.67353152661361,,2.99325008675667,44.7216604670989,0.0143637949004034,0.0138580683067502,0.0105874423945274,0.0457663518403034,0.214631559788191,0.134978505434493,0.000484842906869303,0.100932617520767,113.045154828177,1.63002125512457,23.5322316138451,,24.2022171151552,15.0846520858768,11.0347573099751,15.7470302671985,2.56713343890767,15.0444295236044,0.432486195034459,90.845601867006,,,0.0835131708631755,,0.0382230257667889,0.437933338071706,437.595527413364,,,,0.0129301307199144,0.0544202009409399,0.000911695101296061,0.0738095082464297,10.4432909583536,0.000396784120035036,10.3666170256117
CZ08,305.092752343997,139.965762211667,0.579011490883063,143.607604832243,142.235470136377,62.1631912604982,0.131475204801699,0.0132409105702334,0.455883722660434,62.7695646501356,552.476056667361,0.00638857745225292,0.00315081950482123,16.5519743390574,19.979686101626,4.00185035842428,3.53941337890926,3.53941337890928,40.8689666690868,0.102251844484814,12.9673361283045,1.68396618242718,11.9061182713402,,,60.8486527707128,5.85864231923767,67.1734758516717,,3.33593284803798,143.607604832243,0.110540938603505,141.495222070945,0.035912448430771,0.0657461463695581,0.00828988521114901,0.00155889941099105,10.3487378247653,10.3487378247941,20.6974756495612,,,,,16.3261539458838,19.4275499823115,,0.774551681881339,0.0223097906122406,109.606196343501,0.284755939080755,0.505500572346637,242.614691211966,242.5165236305,1.99402201710007,0.0138573891739213,0.0294020273453996,,,1.37213469586594,45.0893231805948,45.0893231805946,90.1786463611894,0.195774160264217,1.44618629233428,0.0412039986027828,92.096120053439,94.6917484690942,0.0237241783329054,0.0294052449419668,1.01986363849821,1.47764216503974,1.47764216503974,9.81275182864967,0.0690965705992438,,1209.692,,,,,,6.57123184201586,9.79040930300462,0.205326601350424,0.0227904789631975,12.6474965493777,9.56020119284989,2.5285909260371,2.5227094711997,2.26970792471001,9.61538912573269,0.587796603631285,26.038364452357,0.781040247454352,,6.73431776981132,2.51974274038939,0.58348701968362,,1.99456405064138,50.0761303519887,10.4578483798522,0.752124403332284,0.804191208451892,,1.41350181457752,21.0561598014601,0.00798363703961407,0.00597712496567781,0.0070586903928515,0.0308243643768096,0.143287261345908,0.0907001481336001,0.000409136962219798,0.0217515535741601,61.6531550527357,0.911026361889481,18.6974651308809,,16.3261539458838,6.11218637259467,4.5113290442724,2.81270685625224,2.39282585073449,7.39457497494009,0.0696360597730697,41.32324190545,,,0.0365471843634405,,0.0166325444807447,,233.786251193432,,,,0.00731871464626674,0.0232435668500511,0.000751533466183277,0.049152165147007,8.6491602425766,0.000327083042075107,8.58523411441126
DE11,975.610409640472,318.220693962844,0.939117607465342,330.129086750957,319.001903961692,208.769382097111,0.176722786184015,0.0319982176652562,0.3299768332895,209.879866986305,1048.41461226482,0.00423968929085008,0.0110470002008106,62.9616174933108,30.8565253676672,13.1439275905807,8.18216903344987,8.18216903344835,173.956538588928,3.2138986768037,53.0522123555466,14.4505429183535,40.3307710680619,,,204.813063956595,21.5954842642134,185.328817496569,,10.6404516130458,330.129086751435,0.487869943068179,328.829140745077,0.0380098020469939,1.83723703915192,0.0192812546292724,0.0277824742184757,47.2247441399236,47.2247441399289,94.4494882798519,0.455961875385846,,,,3.14561580178303,69.8482378412271,,0.425332217029886,0.232309767431356,210.587504748092,0.233428835999909,0.0046419156378853,341.539267485896,340.750701887062,0.734037354144147,0.00386095761955114,0.0154391132595264,,,11.1271827897439,70.369633453396,70.3696334534916,140.739266906888,0.376641967039684,1.0749034325056,0.692808844536668,148.998097815652,152.016566230987,0.0175984317002577,0.0434532209342158,4.2811005534185,5.10661961938616,5.10661961938705,30.7838276339559,0.85669614559175,,4098.16633333333,,,,,,4.4234597523906,47.9298000741541,0.988066453604414,0.0367755323986168,23.7606481508397,22.1434622130466,7.16335796313224,10.9550326511037,0.781209998847476,21.8187933812164,0.684820098265215,23.3532801769303,0.747077020533171,,21.7036643817107,0.145880783782286,3.41205921495353,,14.7823277418819,1907.81738419905,299.928992026032,4.38089444346327,11.0763164677783,,3.92144600435135,20.1399139962946,0.00262119825057546,0.00991181022854339,0.00297321167768552,0.0461671572687289,0.515563978994255,0.470044643236413,2.82023136849186e-05,0.0996443858333353,214.438141819634,1.99735933275705,16.7893715295775,9.9101595417495,13.0557753435325,51.4594603200472,63.6852929321947,107.800608927879,2.31532617404574,13.8411217652036,0.752159222807667,91.1550365678332,,,0.0693629719439557,0.0195359464969145,0.0107759697495171,8.51517863041257,470.868353657845,,,9.9101595417495,0.00992294483254145,0.0337660617940511,0.022775522905039,0.0710500314782943,14.3342608312013,0.000539002517905544,14.2365108202745
DE12,289.825369346329,137.795844363994,0.374644732239598,142.546247271599,138.108256291141,165.634129518697,0.0958145295500959,0.0268973378233573,0.198598533988731,166.39926499349,687.150483773623,0.00329916665890024,0.0101012362719537,21.4153275868148,14.464211927709,7.05979791850199,3.85667502876191,3.85667502876838,44.6047971749451,1.43174810535763,23.6358980285498,6.43770943726606,17.9685289477935,,,59.0690091026541,18.9319941609225,86.8265263031534,,14.5634020343003,142.546247270735,0.332176169614706,141.969474457605,0.0165426303706057,0.939509516409152,0.0107364521518963,0.0226999972279312,8.71194739569405,8.71194739569255,17.4238947914013,0.398551018230126,,,,4.86443790563489,23.5790232121205,,0.425332217029886,0.0927266879885801,83.3654647173878,0.178164781394226,0.0039993940502645,294.362181270552,293.787640386398,0.421271933468845,0.00320383432161779,0.0143235045555782,,,4.43799097959321,29.8932207524199,29.893220752852,59.7864415052719,0.246105447273871,0.457828505103387,0.510957231333831,69.4842726138441,71.103133008159,0.0104856338186588,0.0355341182778088,1.86052282732619,1.80673521392097,1.8067352139225,7.61797682508356,0.0621862396829515,,2779.02466666667,,,,,,5.2629614089874,13.855971786912,0.393953299224067,0.00429951977718218,6.94646142110798,6.10937348199583,2.85844171103937,4.36859212668221,0.31241192714712,9.68317345445819,0.273253467241081,8.18235870460611,0.298931520549007,,18.7933873233257,0.119347338198528,1.36113959544762,,5.89615661134389,176.274691367565,28.4236714668039,0.205110432131072,0.617264679122792,,1.60992321401773,7.1385384724532,0.00186196969384671,0.00433602555847671,0.00241282643663853,0.0232027746558907,0.41377043867908,0.385585540283663,2.2138842253939e-05,0.0398779707456821,63.1048183093023,4.04225628106111,6.9298639773044,6.25128311363733,11.1157210192722,21.5769710235357,26.7033716921904,7.77732730030432,0.924472893954382,4.29433983588242,,39.1799555450255,,,0.0276769637636501,0.198067527616987,0.0042993483168628,3.39613948088608,202.332688776871,,,6.25128311363733,0.00682710681668353,0.0147943588689998,0.0177308581875564,0.0362776357911454,12.3258867920086,0.000459811444343437,12.2432057968331
DE13,544.788067659295,152.421639290234,0.87061242170603,163.461333053098,153.145335069612,152.302741514256,0.116513120023996,0.0398526885566903,0.395146792148446,152.875247620034,929.074735448257,0.00317539684611387,0.0152865874243903,17.6715061019887,54.8814994790549,27.4400676897016,15.2422369553096,15.2422369553094,120.322707120203,2.25905877134114,37.290427298347,10.1573155754638,28.348498956263,,,175.204206599257,41.4234430414243,93.1333673597,,31.2667659014816,163.461333053098,0.234071183689772,162.682727968391,0.0191541406630028,1.75756336633691,0.0121796476688024,0.0349823707354708,31.9945297404203,31.9945297404203,63.9890594808406,0.201713554027086,,,,5.3505283592705,32.6365815009609,,0.425332217029886,0.215327890171934,195.871626501925,0.122492246098187,0.00581867044913967,428.69107063074,427.612953121823,0.696200004204136,0.0044554767058715,0.0207544762788582,,,10.3159979834865,81.6175225004823,81.6175225004823,163.235045000965,0.209103914422375,0.633760510997116,0.984997135118736,165.321331876324,168.283551547739,0.0159714314718026,0.0646407387836366,4.53785610560483,4.80270356698108,4.80270356698109,21.827562464635,0.0917717782261281,,2239.64766666667,,,,,,11.2922622803891,17.0555676146278,0.91613825570464,0.00506042484582115,4.29101532592008,2.20483728385907,6.64019139926071,10.1566771399427,0.72369577937825,15.4887261944805,0.634823283190895,8.71372175130465,0.691952167954213,,9.51977686303188,0.0451085868340234,3.1631687742014,,13.7044840674033,263.648186043797,42.887483005975,0.472912802746881,1.34510575862091,,1.57724842202452,6.52274919943154,0.00133979717758325,0.00471919570673092,0.00393433730770554,0.0454751912596418,0.233481651757612,0.197119232136539,1.33972496376838e-05,0.0922876918525676,181.370382602601,1.08263346353347,28.6294696046856,5.63163468853893,10.9821630478094,32.9667568844633,40.7991539516928,11.2763661964077,2.14586396503908,0.154676059087669,,26.1138797994657,,,0.0642995023866142,0.606230592341931,0.009989419543438,7.89442402288495,326.696378054063,,,5.63163468853893,0.00549896439084204,0.0177935875272136,0.0301792072707267,0.0678343174625809,15.5300509448892,0.000580466928486237,15.3943733744172
DE14,922.865573357939,231.792488838115,0.620271074695738,239.658473078319,232.309747843348,140.49647849568,0.124756732890688,0.0236722495696149,0.350322610265869,141.317503108252,885.48953501365,0.0030925687680495,0.00822501608839879,40.9202017497824,44.822865503707,33.1283217671673,24.1346297967082,24.1346297967085,262.572034889216,2.89625213730741,47.8074075528248,13.0221799859449,36.3433966258011,,,307.394900392923,12.9527739484251,123.17186876695,,5.72135797540753,239.658473078319,0.340667750853987,238.588562212009,0.0276562314826547,2.03607130662229,0.0180982586087465,0.0227295407612847,83.5664628080069,83.5664628080073,167.132925616014,0.366173838363217,,,,2.31283076653794,73.4147426708114,,0.425332217029886,0.153518629009135,264.426379944927,0.173679613598485,0.00394212595247018,289.786180803639,289.092438813113,0.880718907411981,0.00342723699389835,0.0130243429833004,,,7.34872523497083,95.5058186370578,95.5058186370578,191.011637274116,0.296778356160987,0.90721113862312,0.619512822590416,197.868750579707,201.276648860795,0.021816339649486,0.0404061397038962,5.8589588681667,8.39868605187311,8.39868605187312,44.3139101495303,0.435603822990462,,1834.80666666667,,,,,,2.10106021537201,53.8703637762063,0.652173509511886,0.0221021311569812,5.71578913474166,4.6582435771882,4.73408357009211,7.2314159730176,0.517259005233505,19.4784020695695,0.452394044559866,17.3852133585582,0.494413041230557,,21.6146805339525,0.110280538097515,2.25341715842981,,9.7627800443013,1256.89669147736,184.800562612582,,5.81950458203855,,3.91424364196615,15.7438952237081,0.00205101142313408,0.00742933497589779,0.00264510723711051,0.0531267149286444,0.57093114399337,0.524010045170896,3.12544565891416e-05,0.065976825035627,315.05407390526,1.48140107420482,7.29448108546631,7.89524833641793,10.2080791029559,40.948873843984,50.6777446300922,57.4722555691389,1.53103759675259,0.743999935222059,,62.7172345860827,,,0.0458735110893896,,0.00711902189152989,5.62388660620334,430.670110352434,,,7.89524833641793,0.00784788053265753,0.0265715338641216,0.0202555796496425,0.0876587418598237,12.8797980186521,0.000486694802294562,12.7953817246588
DE21,1590.64126897003,436.23870803709,0.990816790981021,440.669981608029,437.036960507188,245.68431873087,0.229646726301113,0.0524265395768357,0.621178236400262,247.108496917373,1740.46750575848,0.00548853219129314,0.0198086986917745,42.4029239733533,92.4306412353128,53.1683263261662,43.0377517322511,43.0377517322642,584.390679513143,7.84336347797599,85.440928013522,35.201736525117,64.9508142085831,,,676.821320748455,42.2970584701723,211.46873694602,,30.7868343387881,440.669981608224,0.596882844582438,438.710478184494,0.051089799470071,3.72554641937575,0.0330303071593721,0.0560408755403185,186.910729118806,186.910729118808,373.821458237603,0.745531384044176,,,,1.64049618341355,158.484369299874,,0.425332217029886,0.0999302118454422,491.57446802984,0.294988438360296,0.00929101885247039,665.40282287946,663.733104935832,1.43376364986918,0.00753623822030213,0.031839909094533,,,3.6330211010353,166.545049365016,166.545049364857,333.090098729873,0.515117298633777,1.65798281399682,1.5119107343742,349.786344706324,355.809545665966,0.0389889142197336,0.101220324141186,27.0771693409968,40.6656789925986,40.6656789925377,106.40480368293,0.686863652431126,,4623.93366666667,,,,,,11.2953771140709,121.145783092339,1.03832318055101,0.0218632838475038,28.4148205942245,25.4271983124711,4.64024630664849,11.5102241312767,0.798252470098472,37.267711636427,0.723188965309479,19.9690367091966,2.11539481572668,,42.9007285093751,0.134511529198432,3.59746614336179,,7.34180444662896,844.340452287902,140.059867883674,13.9870708290892,8.88290184918298,,4.20972378274341,18.3272306739182,0.00356378566950093,0.0139027234215523,0.00635089201943702,0.0948319076577133,1.03847350492402,0.952285667660566,0.000363106916610973,0.0708745712014023,683.225395082419,5.98366120275216,15.2314319601673,13.3507174285785,14.991213611992,34.2294287383704,42.3790709259715,42.2612518074436,1.38775963331904,7.23040370063504,0.119534872760894,115.399315609157,,,0.0739749959316677,,0.011386990384421,0.880692164195802,773.760080337902,,,13.3507174285785,0.0136258192430104,0.0486801411720508,0.0479399781867123,0.147880746370513,30.4381851825335,0.00114384547270432,30.2289122681489
DE22,1173.40407796226,390.144239434809,0.934674821478332,394.320686008513,390.896409483008,106.318141571908,0.16434015491571,0.0271183682638133,0.248052402888048,106.989865495202,1025.5738011531,0.00231979278430535,0.00897596693599911,38.3681534642283,66.1855912704662,45.694205793089,41.3832230716555,41.3832230715942,248.424329205335,5.21093144852872,56.7632429880218,23.386873973247,43.1501947365863,,,314.609920475801,74.0578622947225,230.918065972019,,63.2273864769309,394.320686012618,0.301172974166878,392.803867340481,0.0451883023186994,1.55381457758846,0.0184655237713406,0.0304359115276601,72.9200958016525,72.9200958016544,145.840191603302,0.340203514344944,,,,2.29802410028807,94.5358989473961,,0.425332217029886,0.0940522711841341,220.721290814306,0.135912496462145,0.00508257838678009,374.264729516578,373.334452920019,0.580407697865996,0.00397333200444498,0.0153856261185042,,,3.42427652960935,63.0926959336895,63.0926959334976,126.185391867187,0.226712224797248,1.29676618012605,0.826857171836375,132.856803177354,135.339675130235,0.014691970397237,0.0461546443805098,11.2751496395003,17.4284391119068,17.4284391118698,43.4867939161621,1.80329174725234,,1220.51766666667,,,,,,6.60862804325255,69.5027804285067,0.977375857278864,0.0415915731947992,34.8392425209953,32.0068519848839,4.38282296048198,10.83047581708,0.752170048199212,24.9663702656981,0.682555947596947,13.2834862503809,2.00998521754364,,17.2045002180311,0.0901292419559033,3.39226986619431,,6.92135053243896,2268.68404136498,338.288079610757,11.8322023624824,22.8355760576955,,2.38043852599073,11.8729275342411,0.00161579944939943,0.0120129680621072,0.00363133581643748,0.0404174254806321,0.392655331138667,0.352669864135673,2.17648179032847e-05,0.0667482529142837,319.363012582911,2.3065539866613,11.5202947973995,11.5246176852712,13.8226417855593,25.4049933076663,31.4536839396376,82.794144561598,1.32042947418389,17.7942110961363,,111.462469752292,,,0.0702352706429051,,0.0107518654520609,0.829669903254314,520.5060778757,,,11.5246176852712,0.00631042841937987,0.0386167906442283,0.0274814183250094,0.0601798490593287,14.2661896673311,0.000534848045662349,14.1652157535508
DE23,798.240092973339,270.828972841511,1.15363682801782,275.993304803154,271.758667672755,108.719485440625,0.120983047329514,0.0259743281503448,0.267386579951507,109.439885542452,962.320632480936,0.00250559122897856,0.0121653117004122,62.0775163070338,40.3434767234507,17.4500566299777,16.1869704377124,16.1869704377124,262.957766638222,4.1136408094916,44.8130142040853,18.4626511179702,34.0664197670434,,,303.301243361672,20.3826344680332,140.159171875261,,6.94325972635219,275.993304803155,0.31452952051619,274.944594843394,0.0318867613644967,1.73183629038385,0.0182412464358033,0.0413157489824676,81.7205159119607,81.7205159119605,163.441031823921,0.257031463494126,,,,2.57693576597711,78.5494348598403,,0.425332217029886,0.116413435638073,201.36911545051,0.160520007278338,0.00564923831336046,415.831313400797,414.961219544492,0.717986521385077,0.00459018165227565,0.0237704454763575,,,4.23463713039944,61.4098402953347,61.4098402953347,122.819680590669,0.236913298121033,0.886649299718399,0.782507464553521,136.993150629765,139.815914441053,0.017394284469878,0.0660663173252657,10.7279176532505,16.7293282336155,16.7293282336155,47.8441847436234,0.739301515533953,,1098.37466666667,,,,,,12.2280567535389,58.4359867671343,1.21270363659927,0.012762503507795,19.8079178092737,16.3682376472936,5.39227792251481,13.439374741681,0.929694831243643,20.0308229531742,0.84132097599021,18.1675315929052,2.42436771947498,,26.0083913903242,0.118788328874789,4.19034411162851,,8.55463976077944,531.907844446027,96.1258642178431,7.44249411776467,9.29763507741857,,3.12387364887866,16.414434972404,0.00173667444385727,0.00805092345656749,0.00347970391044364,0.0418485116295591,0.545252472047433,0.50174953255547,2.9536127341491e-05,0.0826251395318245,307.006578349271,5.42998057622183,15.2068780502781,8.17767313911737,10.7546089050945,19.805392777699,24.5197509762354,25.6116749557243,1.59919645776532,5.80186988065023,0.0351118338611302,46.6197311379636,,,0.0856176112614792,,0.013245083113407,1.02697568979213,398.812985393824,,,8.17767313911737,0.00670060146710379,0.0273774509471583,0.0262455983306708,0.0637059079354189,20.6949618214319,0.000771635705030203,20.5516144618201
DE24,544.912326172126,217.049995776066,1.23848018602927,222.594407489661,218.047992970243,79.1982010955974,0.106229629987992,0.0191427951726822,0.194707169642976,79.6875787696252,717.967342074256,0.00182471306051458,0.00751499523723351,60.4487589287691,18.7173776258611,5.79931044569898,4.35673819659828,4.35673819659827,146.918509903204,3.23317717020139,35.2226169010363,14.5111949552117,26.7761252699919,,,165.635887529065,15.1316531049318,121.184622497097,,0.701428540086418,222.594407489661,0.208071975809693,221.673771952418,0.0255598028420385,1.11853961083996,0.0133188078864018,0.0235407712597111,42.5004091102057,42.5004091102056,85.0008182204113,0.114337808604307,,,,5.0035370143427,48.7130129623951,,0.425332217029886,0.124963521288541,134.956123521445,0.113202358732776,0.00414581701507968,305.018342329693,304.408169977963,0.52147644920993,0.00333683593168408,0.0143137726895468,,,4.54641451941797,43.1215552795248,43.1215552795248,86.2431105590497,0.16232597836791,0.779736149140034,0.544397686188704,96.4730147119069,98.3819267134697,0.0121748005900508,0.0377684248656534,6.59376062930089,9.70290046057631,9.70290046057629,25.7976880108251,0.125476147449162,,1062.864,,,,,,6.1602159690459,32.6322371162262,1.30219622526343,0.0111539939980138,9.61264756882001,5.92393951860866,5.78796444562883,14.4302245648453,0.997997194177148,15.9920702971815,0.90312768296201,20.2929327436094,2.59882441096354,,18.2636869571812,0.133605568974343,4.49864034758618,,9.18423673764266,491.394316053529,70.4389205943497,,1.46268984682477,,4.59942630770583,18.2110185530375,0.00117838837905296,0.00695193716751127,0.00243183042419183,0.0286986522869994,0.37835029241771,0.347249350705933,2.05004914671337e-05,0.0887055489873566,169.068256108291,5.07807871336457,7.90538318857649,8.60341796575418,13.6069549800969,18.3463263872301,22.7134390881235,21.7064227089849,1.71561187809973,1.32451321090283,0.232696743497823,34.6238294957982,,,0.0918864450706627,,0.0142183493499605,1.10261042516327,308.83751804871,,,8.60341796575418,0.00459897273904457,0.0235720039349192,0.0186402371062314,0.0454901195848373,11.9067364793894,0.000445784243130192,11.8235780148461
DE25,680.534030540486,232.615642684864,0.841264709274258,236.381151441834,233.293643323031,90.579851996649,0.119646305123427,0.0225711234221011,0.251903468465851,91.0091873437828,719.397497645957,0.00204527763755029,0.00984781681634126,49.6029170091576,38.8601746903797,23.4171163004408,18.4772765404816,18.4772765404816,169.370754634962,3.44039158720676,37.4787170873609,15.4409909150959,28.4909423236896,,,208.230929325341,12.7948446138319,110.379541241945,,2.9985995051747,236.381151441834,0.194521686608605,235.503528199957,0.0272217519701847,1.36441411046127,0.0136867297667048,0.0289109366330383,48.5041577701458,48.5041577701458,97.0083155402916,0.31712813368851,,,,1.52864240381853,82.284297209148,,0.425332217029886,0.084896083128485,182.132222723385,0.0903280675756758,0.00367939075741975,270.826215553647,270.192351179654,0.52693968488544,0.00297980067868033,0.0150815309341654,,,3.08750811880315,49.9239627571187,49.9239627571187,99.8479255142374,0.139606439094783,0.726401424527895,0.5632334506093,105.651598022325,107.875314605436,0.0122315269412466,0.0442647979180586,8.69568052818869,12.9720005574389,12.9720005574389,32.0772696511241,,,1749.46266666667,,,,,,7.10024348859444,65.567471920746,0.883907876055102,0.0189706962263582,11.4110728390092,8.66522692292849,3.93338274287714,9.79624510865716,0.678000638166913,16.6565811128142,0.613601881091441,16.8976856370252,1.77280566852516,,14.2327743038614,0.110353640206418,3.05551742693059,,6.23758150116293,1033.53492251875,136.074024259073,,,,3.21767000546136,15.4593852473681,0.000968547300063103,0.00623699949810033,0.00237536741549832,0.0319359869110085,0.314306827271623,0.282878191243269,1.72059095183934e-05,0.0602441755877293,213.691343366897,6.81792040264444,8.43422232718777,7.64233060972481,9.17097301354334,29.1855901073942,36.1343991605235,42.132850262715,1.16792647741595,5.44755691746713,0.160020272034813,36.9133483397458,,,0.0624815853186647,0.232558024069966,0.00965987230070506,0.748733652382351,336.229076956071,,,7.64233060972481,0.00391060655367232,0.0216591219713067,0.0184626805733667,0.0485233323874949,12.991321873986,0.000485301004171323,12.8931995857748
DE26,544.907849207732,289.344659553218,1.10584962612999,294.29347653579,290.235512165107,128.266819780755,0.141425899233661,0.026132325628821,0.163407636693979,128.990871024277,847.123864787565,0.00246823713744888,0.0088230202969654,52.0319113966598,17.8305029422112,9.87916171990163,6.49061015983301,6.49061015982697,72.6258409969546,3.69365212655746,40.2398363061959,16.5780361736168,30.5903471695003,,,90.4563439391658,17.6606585540654,179.513956312434,,4.78948278788191,294.293476536784,0.331504151688409,293.228702744771,0.0338651713723324,0.950581896153786,0.0118136119037918,0.0250994366150225,15.4313314410601,15.4313314410601,30.8626628821278,1.92382553505273,,,,5.45737316876454,33.9720412388167,,0.425332217029886,0.11151499365055,93.6245520711382,0.161741965781278,0.00469957309028405,346.205602129407,345.475378239394,0.373227935680586,0.00340729423851628,0.0143675184836955,,,4.05796437167618,29.8262554161175,29.8262554161499,59.6525108322675,0.222660614617801,0.879745435781758,0.645914564911982,64.169141506167,65.7154194109687,0.00785442504254511,0.0350420322007492,3.60741546324755,4.52542693183067,4.52542693182771,9.2722951324501,0.0648322907556046,,1309.544,,,,,,7.60725831878513,15.8477834027598,1.16152533404339,0.0138980892588602,29.5809735421935,26.2766863918011,5.17141407424238,12.8711757659898,0.890852611888759,18.045098679212,0.806626300215392,25.9997747806135,2.33118026727435,,10.3741459456724,0.194748690907491,4.0161915824765,,8.19837155883102,674.331106406991,100.505517900509,,0.812207624966468,,3.56855208059265,22.7981504497463,0.00172419211384056,0.0101161664549228,0.00294683314201702,0.024851241088573,0.240007188593965,0.214029029642074,1.34545173746868e-05,0.0791591568989128,96.0979844013639,8.37558513170812,5.42990719881892,11.5709859340829,17.0283591028474,30.1544698435201,37.3335197584931,37.4950600912156,1.53776772535246,22.7081343111733,1.46910791460725,94.3505616208993,,,0.0822542712644444,,0.012700611027295,0.983963111287912,353.945987368058,,,11.5709859340829,0.00642031932060637,0.028786717442563,0.0213649949528347,0.0342091951851888,11.6784884975347,0.000434590629593727,11.5951430354212
DE27,1144.59159118768,247.663102729555,0.371546005100116,249.324217759929,247.961028796678,143.606077309675,0.137928265074128,0.0257352004080681,0.473296876880772,144.415897998293,992.131023080929,0.00340932682028506,0.0158691989915819,26.6702964930239,52.0583628337028,27.6116657327883,23.2457996641273,23.2457996641273,437.683663819425,5.16353090254046,56.2483408952013,23.174385717007,42.7590645508895,,,489.742026653128,15.0508521885485,122.376368430593,,10.7280067662949,249.324217759929,0.326073433200704,248.109750977965,0.0288302403159055,2.64626550099925,0.0217442766890482,0.0453918876044268,147.275753391496,147.275753391496,294.551506782992,0.288914021770148,,,,0.354149454720195,87.3582137065866,,0.425332217029886,0.0374698855663222,344.808380196676,0.16989642353963,0.0040751677610999,299.400372940198,298.628416936075,1.14867142988202,0.00374753260935017,0.0257310925076984,,,1.36318896325091,128.725083245045,128.725083245045,257.450166490089,0.304274856040455,1.03722270276014,0.693477316031917,270.861685389791,275.296490128791,0.0298848934071298,0.0890917204652567,18.1078222805676,27.4785164436489,27.4785164436489,73.3406592937115,0.403046495970466,,1859.12633333333,,,,,,11.496109397573,63.4372413351253,0.390068154188248,0.0224345189790048,16.7905374668879,15.6795840487463,1.73803140553784,4.3228454222536,0.297926067123083,23.8943797159429,0.271049525973031,13.4606585099595,0.785371506659427,,30.0442584948457,0.210673424022269,1.34930225199922,,2.75422883092647,1051.23955430746,148.075180284531,6.86062943501418,4.66745248525115,,2.58977417666401,12.732570633138,0.0019581383501457,0.00767163158481082,0.00268723842720266,0.0639166275580751,0.686555161617108,0.626906697269714,3.72945498752399e-05,0.0265926555183924,494.265513172625,1.1719826481278,7.92359352543363,6.23006136025522,6.58421081497541,24.1778443388294,29.9342141750813,41.7137219262128,0.517414452799231,6.22918043706814,,77.4562916735848,,,0.0276558443591065,,0.00426773011001636,0.330525277989518,506.774384250018,,,6.23006136025522,0.00761783748769411,0.0275690147842719,0.0212260089414674,0.102654303680702,23.0074890920996,0.000862434821585717,22.8313678979809
DE30,,,,,,61.2811149107507,,0.00130292247693134,0.0110292537014269,61.4050301698794,83.3967779110759,,0.0020021152307815,,,,,,,,,,,,,,,,,,,,,,,,,,,,,,,,,,,,,,0.0567081135479921,,16.7685014294754,16.7348420425225,0.0218405158931089,,0.00276978642238282,,,,,,,0.0638857108243031,,0.0308349749981403,1.18557517280283,1.22090296613881,,0.00619715462802796,,,,,,,3569.452,61.2954492021598,16.816160458386,1.2864930132533,,3.99867523727682,3.79784167077444,,,,,,,,,,,,,,1.42540464094668,,,,,,,,,,,,,,,,,,,,,,,,,,,,,,,,,,,,,,,,,,0.00332143475647698,,0.0015214894777927,0.00245802374144587,4.0023433455823,,3.9913742893011
DE40,2112.45634308888,1032.91312464454,2.64143922598715,1049.94810971465,1042.57280699839,265.933872203285,0.470493356986424,0.0709121420069753,0.784820366644571,267.577047095341,2927.13374331823,0.00683791333517618,0.0456849476698299,99.5774550873374,116.983269110011,35.9558565099141,20.1284169825386,20.1284169825388,327.409611755575,5.39005193931381,150.894917317882,24.1122806467936,114.714519478469,,,444.392880865586,47.8099673410475,500.040273343424,,17.0125237826988,1049.94810971465,0.723770918884794,1045.9707418495,0.120445228455602,4.69093412991132,0.0642111521731642,0.159395352256416,75.9823391036015,75.9823391036014,151.964678207203,0.0744051377698403,,,,11.2676823056884,269.697682339376,,0.425332217029886,0.0868832947773466,557.747101431286,0.372476138931809,0.0156051229829082,1148.38388883464,1146.02775767109,2.04158129934929,0.0132562375752146,0.0904165315636797,,,7.37530271626119,144.024709545955,144.024709545955,288.049419091911,0.526374191714455,3.35038510266233,2.07945318876504,366.300167098267,374.113696334876,0.0550108811114243,0.25332778098963,7.80620386773674,8.3701265743377,8.37012657433767,52.4002667201478,2.96638900762731,,2494.50466666667,,,,,,53.644526662607,189.185271237396,2.77863957221748,0.0318682438321191,49.3476180309064,39.2916326321615,11.6946635071353,30.7974435583487,9.65968235384669,80.3204898820687,1.9260320801904,139.901025540039,0.0933180877150618,,119.530751919075,0.820640258890143,9.59576500801247,,17.0882604738405,1544.16267555858,330.065933416737,10.0318341857166,37.8954139096368,,22.1009595607301,128.9703273866,0.00416590963990373,0.033602208617983,0.00993883166469207,0.116440717974524,2.23027559646836,2.08781241819863,0.000119529585975718,0.191921219911293,452.582713858287,165.153412550053,91.5265109154497,62.6055676813781,73.8732499870665,43.7629604708166,54.2034793697262,111.005456670642,0.569814330365191,7.15883888571473,9.54024356418339,175.730369720081,,,0.195596733944042,0.107388223239078,0.0303094547894759,0.0291918378661587,1337.99752880656,,,62.6055676813781,0.0163877328766373,0.107282073908695,0.0753817726684056,0.179752722742191,84.8807257422488,0.00314699407468394,84.3317816001825
DE50,,,,,,36.2062385425605,,,0.0113264271832048,36.2663565282803,40.0982521328811,,0.000613501495464266,,,,,,,,,,,,,,,,,,,,,,,,,,,,,,,,,,,,,,0.0260681099618452,,0.673118483734238,0.671509266980793,0.0187716128341629,,0.000757758568106077,,,,,,,0.0327387348584994,,0.00160921675344472,2.33079617699766,2.36282444858062,,0.00207091176966509,,,,,,,677.091333333333,36.2181784712391,0.717106748344907,2.36721504037926,,0.795751872917765,0.75584202114906,,,,,,,,,,,,,,2.40293509971743,,,,,,,,,,,,,,,,,,,,,,,,,,,,,,,,,,,,,,,,,,0.00131114089953297,,,0.0019302315655947,0.795952672285872,,0.792510500452637
DE60,,,,,,51.3170189470289,,0.000563307238056674,0.0280929622924123,51.4487583502358,74.8287406247724,,0.00335267354685706,,,,,,,,,,,,,,,,,,,,,,,,,,,,,,,,,,,,,,0.048185934974041,,7.3396361757787,7.32101900438394,0.0521193497598922,,0.00457592695825881,,,,,,,0.0806565204093192,,0.0173815258583759,9.2169642225624,9.30358826533333,,0.015856274373972,,,,,,,1809.47666666667,51.3490278901062,7.42590021607613,9.33085854320407,,6.72295397538594,6.3720411496397,,,,,,,,,,,,,,9.6683049491181,,,,,,,,,,,,,,,,,,,,,,,,,,,,,,,,,,,,,,,,,,0.00289694782360928,,0.000672338298330223,0.00641173071862621,6.73675783342446,,6.71297295854537
DE71,352.631094743678,152.722410675738,0.588849017747907,156.618269433995,153.435330119575,158.008727361791,0.0933424757021581,0.0250688235973941,0.211106547164726,158.92011366244,739.24557101395,0.00321549170707699,0.00830885999298179,23.5609535394926,31.4455315243183,17.7576723200598,10.1305686100479,10.1305686100338,58.6955067010162,1.35402138621815,27.3682149577158,5.99898029576173,20.8059699489295,,,90.1410382253345,11.6030560651293,100.58201298814,,4.74219563200615,156.618269433871,0.389227070110962,155.976764495684,0.0181771503211916,1.14119341601566,0.0121672701970407,0.0192068080902287,12.8707116361093,12.870711636106,25.7414232721979,0.480422343478912,,,,3.67937554339238,12.3113875393013,,0.425332217029886,0.109027281522331,95.0300341630458,0.215261394027529,0.00433766217499688,319.192454776639,318.593394414673,0.529989611147311,0.00354911682943242,0.0129594764370434,,,3.18293931429681,41.359323311933,41.3593233117415,82.7186466236745,0.296126352936247,0.520535984619148,0.533683064598128,89.4732961315827,91.4370850694757,0.0124892271555008,0.031046043141526,3.02683655112807,3.29113601706218,3.29113601712896,10.1010688855779,0.152046686104197,,3950.551,,,,,,3.22542352648846,7.02371161697005,0.619015347689022,0.00315202868702189,17.6224121426746,16.0806612010093,4.35147633081095,6.86086043306317,0.712919443836479,5.21285708329268,0.429443017294694,11.7500175394759,0.785161086828697,,18.5706629907122,0.0701469424603633,2.13894163932156,,5.43766676273115,151.706998403841,23.1531404606738,3.76641757647874,1.95595891719248,,1.82605923637467,11.4993078256195,0.00239791495065245,0.00543464906091001,0.00274958621366559,0.0328179894178959,0.524763523011994,0.492871179521719,2.84438205507567e-05,0.0748188391086175,93.8096492065613,4.9120814279046,13.3262783164752,5.23539691821035,8.91477246160273,19.6115364208428,24.2751905205025,0.594911640968404,0.180562771396065,10.4881843882229,,55.6740232813834,,,0.0436704109331242,,0.00675852758990839,1.54563193156573,239.33691605767,,,5.23539691821035,0.00837356862285849,0.017854166630605,0.0193817372361148,0.048681374145889,12.5528845485114,0.000471237601220527,12.4813349170289
DE72,336.464480473356,112.516165819114,0.307311291118986,114.548960218159,112.888356737471,95.1677297849559,0.0693942496259486,0.0194604394779437,0.199951143840259,95.6095228615411,534.326367401796,0.00190935411831493,0.00338566170279819,22.2082877254944,25.2393271511389,10.2065288816542,5.69277635565017,5.69277635570413,70.7266065988432,1.15024283592797,23.2492334434785,5.09613598807581,17.674608163659,,,95.9659337499821,4.21161413243516,67.1691010837144,,0.635012326692756,114.548960218159,0.187278151872165,114.058793394628,0.0133228162138028,1.03397603111361,0.00758557185645346,0.00649093179287822,18.537093320468,18.5370933204729,37.0741866409409,0.116384723495048,,,,2.70547209865187,17.231265755318,,0.425332217029886,0.056938081981833,104.58818717099,0.0987476970912197,0.00314550214528089,231.529703302663,231.024178715585,0.442990022342613,0.00240192155434965,0.00444975840826458,,,1.66060348068783,43.6784607078357,43.6784607078357,87.3569214156715,0.15058118729155,0.401304794716064,0.455056038771661,88.3061059338052,90.0586818715853,0.00859173306929867,0.0106434281667084,3.65660057548481,3.88181401696452,3.88181401693053,12.7069505231689,0.0873826075423748,,1043.18033333333,,,,,,0.00200513298631144,12.8386053384857,0.322661416229956,0.00484305160265342,4.76367077683756,3.96233750542364,2.27264779820175,3.5766018057424,0.372190918356165,4.35339026464514,0.224195692270353,15.3867049962296,0.406297168683942,,5.27925447077574,0.0929759652283412,1.11610807159254,,2.83717825156683,218.180924835546,38.5926650895437,,0.966058304835555,,2.54007123083428,15.1412873187761,0.000967691871242199,0.00319297516553381,0.00184372539780393,0.0265281173465802,0.101095270178284,0.0805106699397279,5.9958080985485e-06,0.0392701521871802,100.680705642369,2.83513073893753,14.2202471174999,4.45556725584025,7.16103935449213,25.2039856298494,31.1976870257256,13.8983035504659,0.0941732656295037,1.42226627458936,0.058268446595592,35.5250359651505,,,0.0228451843738086,,0.0035286173046244,0.806435081068539,201.90588163383,,,4.45556725584025,0.00421834845904436,0.0131293018775025,0.0158415672169035,0.049130623136976,2.47840387766993,9.6019640139416e-05,2.45342810179119
DE73,606.107128290289,206.454090441072,0.496244426134643,209.735177426376,207.054149449889,130.982621114622,0.115035022290715,0.0285749597172786,0.277132850350998,131.607438677394,823.134657295471,0.00269304063801572,0.00992931611623377,35.982576638575,29.9937778383789,12.3338587066168,8.14016524767064,8.14016524762805,137.433873647783,1.84960674331411,37.382704097187,8.19452557656101,28.4188762228236,,,167.427651486162,5.99013395044277,119.060736999528,,0.218290778327123,209.735177426772,0.273768980463131,208.919851382763,0.0243055877025963,1.49755479074486,0.0122382874610102,0.025648005659952,38.2470096522149,38.2470096522157,76.494019304427,0.203044331006337,,,,4.1343277498159,33.1470621575657,,0.425332217029886,0.0919249621810717,150.748969493819,0.138706466261599,0.00478061901187483,351.953508315265,351.192118513803,0.609288868836642,0.00366133392264385,0.0152175684566121,,,2.6810279768835,58.8009536681643,58.8009536680994,117.601907336264,0.207008281955444,0.674407164199586,0.688752142911502,119.832618451439,122.290256786385,0.0121342139049412,0.0409644131694575,3.94548820277578,4.986884930308,4.98688493027177,25.6059856811144,0.143985482032065,,1217.10933333333,,,,,,4.14528969923941,26.0823371980417,0.520789539224789,0.0159682093452647,8.9400428422523,7.64600837061128,3.67080735832408,5.77184317200114,0.600059008816262,7.00130840610039,0.362054510959187,31.045462101704,0.657008091806285,,8.09133584071918,0.193711478448934,1.80206459560746,,4.5807169543567,807.002347179024,111.342392041487,0.0168517027816072,1.84114901297175,,3.5590960853247,30.6995063660635,0.00113723906172585,0.00484951694166811,0.00240490040013428,0.0309029178345185,0.193113309798553,0.162110681242039,1.06825309132256e-05,0.0634165534136669,172.323988284403,5.70371159503952,17.1430386612374,8.82682862116319,12.9611563709791,26.1746168967767,32.3990840411206,33.0319823962721,0.152244257191543,4.07006058250874,,67.5104631262549,,,0.0369673710147055,,0.00569941968895912,1.3019395005606,327.33708476264,,,8.82682862116319,0.00419659503120273,0.0162537215702175,0.0173522107264691,0.0427589071781698,7.35516277985601,0.000275752629906901,7.26339279392273
DE80,2157.81964593786,1095.24957538915,2.04015878471282,1107.79377465684,1102.12951477525,184.361023000377,0.517960591737831,0.0448002270772376,0.694114478436564,185.423873133491,2304.86260388912,0.00494933260181681,0.0361984458816184,130.762323668169,89.0158393146147,29.1917785839446,18.8965264551803,18.8965264551807,348.917283952031,5.42559002569245,153.873875215841,24.2575917125221,116.978394211428,,,437.933123266646,27.2763362781393,552.844588506198,,3.61545756857713,1107.79377465682,0.482988104475096,1103.35850375389,0.125812308259596,3.90707205513498,0.0580450623956632,0.126444417253968,85.2785071018382,85.2785071018345,170.557014203676,0.891091791748169,,,,12.4260413673108,191.912918566939,,0.425332217029886,0.0309576961550721,460.547422476788,0.220260627357159,0.00831376626841943,611.344728651061,609.861139664226,1.65316013414236,0.00757928078855988,0.0641885367040423,,,5.66425988156148,134.31725195493,134.317251954921,268.634503909851,0.346045201304043,3.75501498992207,1.26053507719043,325.533845374656,332.0455424749,0.045501393567649,0.203809561528043,6.01868451088541,7.49586233172846,7.49586233172846,53.5714125822074,2.96542976496276,,1611.385,,,,,,40.5976242927411,151.906104460406,2.13412713128642,0.033443000211764,65.859638652976,55.0374922960225,6.4966549437066,23.6608787095621,6.87993938610762,39.7887415407576,1.48997396556626,214.095501473361,3.78954738095009,,91.0680992451425,1.42429860223132,7.40605066144903,,13.1247341014803,1681.56645914139,343.458244104533,11.5564079337574,37.5226152788801,,20.4574118179269,211.797651513703,0.0028053805136105,0.0397882316725015,0.00614308261339541,0.10550302561229,1.82668889342789,1.70814612969301,9.8780910004933e-05,0.218072565773327,446.008840981681,51.7825442698328,67.256720274726,57.5303519885722,69.956393355883,43.1578759514139,53.4452468790535,112.22958843874,0.212021257732274,23.0236725443341,0.661530099693478,335.635637554602,,,0.152659589899793,,0.0234658623107456,,1376.42827856669,,,57.5303519885722,0.0107508194645081,0.114193323316616,0.0462982916942151,0.151847406917696,66.4279960794264,0.00246769438119688,65.9972563371492
DE91,518.937338522918,340.519313690739,1.07641777793132,345.949260531634,342.960367318464,109.660461254476,0.174874890518927,0.0229040591888279,0.130904499239454,110.181420869261,805.400226763559,0.00207620873864965,0.00748708822127481,39.0934564018378,4.87628590447139,,,,67.7624608750082,4.59288632505608,44.3547207748007,20.604471448232,33.720561915256,,,72.6387467794796,13.0771256110086,205.208648178527,,0.596566718657667,345.949260530541,0.243848346497484,344.643212621584,0.0394359105085504,0.711062554669854,0.0106725734607,0.0208481942113585,9.66803660980883,9.66803660982986,19.3360732195324,0.361752435394225,,,,5.15654059455933,25.4514570401762,,0.425332217029886,0.143721024666787,66.9785209790243,0.117326231456105,0.00398429601659405,293.414635206566,292.794097879094,0.278053042641415,0.00282279799733199,0.0115855799459468,,,2.98889321207705,20.7635319706861,20.7635319681998,41.5270639388859,0.153901387335606,1.07823243726418,0.536740779354877,44.8435097388582,46.0047532935619,0.005981790676103,0.0272025079260243,0.46750536375689,0.690131801908226,0.690131801905479,10.8741142028759,0.162270117831205,,1596.50233333333,,,,,,6.05787625393314,14.1046629622933,1.12672208760507,0.00939538078858113,62.7638910343249,59.7762363418578,2.81562410387437,12.4805588924623,2.44105362772484,11.182600178291,0.78575334653945,26.5413122700532,0.465706490361748,,8.26996996327841,0.181251567319981,3.90683233624947,,7.05182596221434,465.606578674502,58.8222672729183,14.202732194598,1.85205477702044,,1.98678723521378,26.2910102692696,0.00118839634187947,0.0140138308819689,0.00253872996920486,0.0159319253148202,0.182191034631611,0.160277977044913,1.0287149895273e-05,0.164193899553971,73.6737910107338,11.7453130393053,5.51097567624324,13.7755854518172,18.9321260463765,5.53122694913942,6.85007345949737,11.6022677083409,0.0690504334636017,43.5867169123134,,138.115376586995,,,0.0808945741131684,,0.012379389222239,,387.47632447052,,,13.7755854518172,0.00469525315339207,0.0349424542777442,0.0189178484500724,0.025291532837965,9.66796582899716,0.000359686713909907,9.60083217154236
DE92,988.483700769548,423.507238433073,1.45560280262925,430.849472962671,426.806793051631,157.089075287275,0.205440686328349,0.0213682974618067,0.183944662680662,157.966981373312,899.62478990198,0.00313065237466245,0.011916128930751,46.6778867447168,19.2746509257864,7.95814337082463,7.62734976511069,7.62734976511077,131.48041185453,5.71458534634769,55.1834984454893,25.636042655476,41.9525240450627,,,150.755062780316,21.5842423608298,244.649402281646,,4.6893751883707,430.849472962165,0.395892312439706,429.168438522697,0.0486506705046699,1.01468878691892,0.0162186668224519,0.0345736128484351,30.0711355927706,30.0711355927704,60.1422711855475,0.34570671087666,,,,6.69983448214916,55.259492223325,,0.425332217029886,0.194888808313848,115.392755454025,0.19139355995311,0.0029688986242769,218.294922845497,217.801668557369,0.414871256752235,0.00252513458895664,0.0177437475923872,,,4.04267991053404,30.0666316151589,30.0666316155301,60.133263230689,0.2804085831628,1.41448887959727,0.406147238031542,73.5598316795695,75.2330565334481,0.0106728756990466,0.0498552383357451,2.84342315131261,4.55836011602845,4.55836011602855,21.3009874152057,1.65253075383302,,2138.79533333333,,,,,,9.8307580288578,41.0574275147734,1.52450545336592,0.0397661144127403,59.9506180220726,55.9156578048442,3.79996010576114,16.8948671725675,3.29955461855803,13.9798548017189,1.06257165453595,37.9956907447006,0.626504003235825,,22.5493914608835,0.304672922412496,5.28433499509907,,9.53863589555997,2427.5949151861,346.745901795872,18.1181392464894,20.7971992562904,,4.39005382850093,37.5981997637777,0.00211432639414355,0.015675692718964,0.00192632950042565,0.0229019750687397,0.388225785252447,0.355052349260587,2.10924449159443e-05,0.22220990684344,154.159969965374,28.4507406671094,10.5913555045606,16.7557993132072,23.4556337953563,18.1983626217614,22.5324621931227,82.0343286096018,0.092818058510485,33.407464729879,,143.790865692244,,,0.108901595409377,,0.0167321816159295,,490.98273619336,,,16.7557993132072,0.00809730408790382,0.0424602821991125,0.0151617526286505,0.0368181724582432,16.8921304023059,0.000626106506744948,16.7780205821537
DE93,1911.43723486612,524.678896770506,0.957689057520094,529.504053102461,526.842153622026,206.681235138802,0.285237528885102,0.0306519947070409,0.739289035570271,207.810353231787,1529.38430476891,0.00540884532518098,0.020326019966386,49.2691803411101,108.330131919718,72.1618611588931,65.9887515037386,65.9887515037355,550.015661594719,9.9350464313843,95.9495971525975,44.5709410981825,72.9460938928574,,,658.345793514437,16.0522688605302,175.725567206877,,4.90252990731977,529.504053102488,0.458565071344131,527.159133678556,0.0606922095372965,3.98436981459838,0.0427537561484592,0.058475546480688,172.904070295343,172.904070295344,345.808140590698,0.126163412563144,,,,1.8802240399831,234.33954352812,,0.425332217029886,0.128796833857529,530.814826593745,0.275346901657356,0.00561575716560845,411.819806080384,410.962421767613,2.07914638132472,0.00586265610206549,0.0369743624820403,,,2.66189948046222,148.237641532755,148.237641532843,296.475283065598,0.381680483490156,1.9759111501457,0.738333357019285,340.050917417243,347.105847522023,0.0463888297061647,0.0999295503200235,14.322287592594,22.2286674066797,22.2286674067169,95.5004604531981,1.41815862819559,,1703.45933333333,,,,,,11.4666041112809,211.016226464175,1.00536265945047,0.0494578528084529,61.7961054876806,58.683920143653,2.48973260290356,11.1497389537574,2.16325685151999,23.177182281719,0.698847763504084,31.1704298039163,0.41229710463698,,72.3082051774043,0.256593781068595,3.4787116177228,,6.28040308297,3122.00813592316,427.112105183623,37.1269428619102,18.044596875213,,3.16883485657341,30.7648871518254,0.00267321285338763,0.0167695698953244,0.00300714322831517,0.0895254247784845,1.38073206747092,1.27912287053572,7.37838231522558e-05,0.146134782254186,664.780519778525,52.3490157703023,27.3074789603299,18.311779952886,20.1920039928691,34.3925607164783,42.582354163896,105.617548909275,0.0605440563232209,18.3881424251941,0.0884048146990788,55.4392062189207,,,0.0709459450832375,0.465685442762704,0.0109951509150276,,825.979336168059,,,18.311779952886,0.0108524236365255,0.0613854178301835,0.0246996082799026,0.162599448499183,31.7635127647622,0.00119510965328458,31.5477335016893
DE94,3796.43583246747,599.256517662945,1.61924228523844,607.412667132879,602.905285722988,181.023780864832,0.264572360294088,0.0217748629751013,0.609979280618751,182.461866704914,1487.42000279168,0.00504963812779033,0.0189400711036338,67.0487414989736,174.606619435725,133.79983171202,124.835124571497,124.835124571505,688.660836604975,10.4696906447842,101.095603085007,46.966881443952,76.8556469783955,,,863.2674560407,81.030898434834,236.554397662235,,62.0687646614372,607.412667132763,0.584432432231583,604.555749960075,0.0692010810525713,3.86264178615771,0.0522027893733558,0.0651503629127135,220.644155698896,220.644155698894,441.288311397834,0.141497450692219,,,,3.32367702444196,272.454537310341,,0.425332217029886,0.219721882570403,585.236491499566,0.302460203477136,0.0033283347888596,243.512187193355,242.818237079551,1.83017502350072,0.00431368449737508,0.0352036478907447,,,4.50738140977483,156.390977094525,156.390977094756,312.781954189281,0.53243519279782,2.491525657569,0.58007320659535,404.8745003273,411.446234678296,0.0601507365337616,0.122703112762872,18.6086844553628,29.1584254172603,29.1584254172632,124.113722370446,17.1570667330442,,2506.26266666667,,,,,,12.7058025503913,247.118904826751,1.70729880264501,0.195804740735957,48.0957344384734,43.6332426916798,4.17507575078229,18.9621337734023,3.64876806004335,25.0886754870428,1.18084032189101,22.4188907082326,0.696101294998962,,128.545525020858,0.162607697888918,5.88822904622768,,10.6338785526247,12233.1565145584,2012.97375510461,40.900973469631,218.637620391472,,1.50311076666058,22.1557287914851,0.00400363200471139,0.0225745375689195,0.00263726439676365,0.0979319814405036,2.36774040955294,2.24447825166974,0.00012586885798759,0.246956996491024,872.354279252206,23.5302143430663,27.7476290854021,13.9315514365855,17.2552284610275,48.5687919574754,60.1320702891902,420.295507057322,0.100554218858554,1.22915845538761,,60.6279701838813,,,0.117622391751891,,0.0185462140522083,,920.19462132216,,,13.9315514365855,0.0147543795728057,0.0749162825005357,0.0202636987965852,0.171006279271118,40.219306672797,0.00154530935081293,39.9771836092677
DEA1,541.333771226565,156.882427079246,0.399070466879911,158.389297611581,157.279378358931,224.009853286051,0.104422019272881,0.0181238853471453,0.188511055295258,225.125978155654,525.513232040737,0.00405178086265666,0.0115417687178555,10.6338604789359,20.050502003332,8.15125216629724,7.61616397053119,7.61616397053119,176.610572161151,2.48710205095506,24.4429555712892,11.16505058387,18.5815368466143,,,196.661074164483,11.6661021324764,61.1171025160752,,7.01180131120571,158.389297611581,0.516081615183377,157.793334569628,0.0180571010516336,0.961835590037242,0.0106858082990208,0.02640423236088,57.0672708300255,57.0672708300256,114.134541660051,0.00767004250477234,,,,0.187199695317684,56.9995266098366,,0.425332217029886,0.250255152712072,111.517674705914,0.227782634321202,0.000831664574927725,60.7790472739043,60.5996767402525,0.377662430103132,0.000961385887958893,0.01247294854082,,,1.1099192526499,27.2590740480387,27.2590740480387,54.5181480960774,0.360477207507332,0.471777494859435,0.137508761241441,67.0992485460667,68.6797578311851,0.00978224475336387,0.0404553292507079,3.64580787512704,5.72519309420964,5.72519309420964,31.9707380019688,0.532248379531337,,5187.74433333333,,,,,,6.8024446022351,50.9701868576884,0.419872971772447,0.0178860565058618,30.9043794083436,30.3443031199317,1.11365246699555,4.65430082127067,0.39695127968506,5.87974986865626,0.290975813997537,3.21119954746497,0.133603394197412,,19.8983163012861,0.0431456449591182,1.44986145713629,,2.81461463499743,916.004941593708,131.765251354425,12.9890201795234,6.69327694910985,,1.41454893974875,3.13908755731893,0.00251787266493786,0.00427518417153856,0.000559112642083588,0.0199321027578104,0.321258289885838,0.295323032097814,1.71110852751465e-05,0.149589883491989,198.961682857001,1.82176754529905,10.3168024523846,3.15527519954516,3.34247489486284,12.2961718573179,15.2246060026996,34.4057925544141,0.0209674565362623,15.9407340006595,0.0079988886506598,35.8740498498635,,,0.0295216145294388,,0.00457877249917246,,212.907445707658,,,3.15527519954516,0.00926553992658573,0.0146566790733691,0.00512167336919913,0.0325681069264908,12.2178928785276,0.000454037985021242,12.1270014885723
DEA2,487.047070410055,178.417690643906,0.530999203884947,180.424387909194,178.947833323139,178.584088664148,0.112159991235153,0.0252830381489884,0.295477974980718,179.463000162193,731.371285896867,0.00391937815474085,0.0106538830720976,15.5403444765102,18.2866498059233,4.71995900821172,3.23581394738299,3.23581394738294,155.707923207517,3.33322944184819,32.7603952642783,14.9637239960411,24.9047117875884,,,173.994573013441,7.25008435249506,94.9240485887496,,1.06167613487065,180.424387909194,0.381492980021549,179.640444417215,0.0209348912070589,1.63738397114167,0.0171267965988747,0.0254898885593931,48.6479454893583,48.647945489364,97.2958909787287,0.014513103074816,,,,0.232304341232534,27.6078599551654,,0.425332217029886,0.333141746772919,142.989942833564,0.169236145097794,0.00286313455112704,210.571133682768,210.002461921347,0.594550915812905,0.0027007527289723,0.0131137351947776,,,1.47655458605457,57.6910414391571,57.6910414392427,115.3820828784,0.317510609374986,0.643752187968018,0.503814952192487,143.821688782452,146.452513250124,0.0205565803862612,0.0446146114575801,3.43227395933151,4.54397392514256,4.54397392514239,25.1492968208546,0.298043929807831,,4438.67166666667,,,,,,3.87644834523784,19.5167265424848,0.558303712832283,0.00276330998601902,46.3318641359636,45.5851481801737,1.4829989583903,6.18840821763029,0.530142679233614,7.89238618276175,0.387251669336335,3.40939709898934,0.177245272900681,,41.654232919073,0.0350255310410828,1.92891539439137,,3.74470524065767,65.7578968610552,17.2460266090206,9.48904727353398,3.11033336138525,,1.53856184295173,3.33009738802277,0.00249788419997205,0.00623678749780073,0.00239242641569542,0.0411199982133844,0.861806070146379,0.816990823820235,4.61043627227369e-05,0.198747229917383,176.865916063043,1.44826008894648,12.6680210479773,4.17420854843713,4.40651288966966,15.3462296733665,19.0017580486157,,0.027877399214106,34.5575390636874,0.0163967807113772,69.1878476093269,,,0.0393280036561909,,0.00609351343981326,,295.806470787594,,,4.17420854843713,0.00817387935355792,0.0189313907285585,0.0162464534602703,0.0622916075237202,13.5984448224418,0.000511738457298207,13.5045265997953
DEA3,1885.32206756386,341.712376123036,1.63996548791867,347.916086816114,343.355783769479,159.514208291483,0.164178433486892,0.0147747744058761,0.120885173848623,160.549963722385,685.587130850074,0.00292598102797995,0.00558123624691339,56.4867597194124,109.432096418651,96.3462052451445,93.6936137807421,93.693613780742,174.519910869295,4.46226437089701,43.8553342241039,20.0320118146001,33.3389297711821,,,283.952007287946,84.3153198470287,209.742179085125,,65.2020861301774,347.916086816114,0.434634567857388,346.415033074951,0.0388443634643,0.727764983706991,0.0125217397704534,0.0144115706259278,50.2114468460377,50.2114468460377,100.422893692075,0.0269377707731706,,,,0.959725308184192,97.7407293532047,,0.425332217029886,1.02889242397638,144.815056490813,0.240877748893739,0.00150282656644382,110.2472932787,109.992494940072,0.322386850327827,0.00141195018685864,0.00700746634508941,,,4.56030304663503,23.5371635688042,23.5371635688042,47.0743271376084,0.347987826004572,1.28023796363631,0.193395018159296,58.5783709540065,59.7931664551518,0.00830312413179627,0.019600688841382,3.87668667938231,6.26822203384011,6.26822203384011,29.6522504972234,1.29178603659491,,2618.25266666667,,,,,,2.33578971883205,86.0562266038317,1.72432339279662,0.141854905205568,8.87627676219412,6.56435281840548,4.57997868976339,19.1132337168513,1.64340764644298,11.0706775601868,1.19601416591974,9.23836682732919,0.547074141482488,,17.4636701764345,0.0982304127859825,5.95738170856269,,11.5653963368278,9424.59004473596,1206.37964632219,4.15865856678,16.6183449988748,,1.57378349096728,9.05406288838411,0.00261174328579752,0.0147296757928181,0.000836382625162936,0.0155094833508705,0.297982409322333,0.272563985528741,1.62435615566421e-05,0.613825189186182,286.864926526475,7.46274089658522,11.5115056176548,9.7934131432493,10.7531384514335,15.5695184511303,19.2762143848528,349.404235638594,0.0860735261590949,0.831910760658199,,56.8704421615618,,,0.121442155863167,,0.0188191576536867,,394.990413953722,,,9.7934131432493,0.00964354486583613,0.0404048416794992,0.00694779997444702,0.0282490099090875,6.78263816840083,0.000255628676479724,6.73602096277977
DEA4,890.968722442518,264.083246708123,1.45364107471416,269.585491200204,265.543435249834,147.219320124534,0.119057608121434,0.0151687822092176,0.135016054493653,148.275873361183,647.246662502006,0.0026519208239948,0.00570570876604927,53.1355196052871,28.4475957005797,17.8303770526834,14.7134759705535,14.7134759705535,96.8779519401666,3.74489000012476,36.8046699115328,16.8115329486323,27.9789585668201,,,125.325547640746,35.1691976607188,168.614470916132,,18.2297949761099,269.585491200204,0.453473883377591,268.558205372405,0.0305615556669272,0.850628453239922,0.0106951245398696,0.0157933837485116,22.6800371562786,22.6800371562786,45.3600743125571,0.0354218909126286,,,,1.13538917011349,32.7758786081311,,0.425332217029886,0.912046580078333,98.868211351341,0.244515192193092,0.00207406666826041,152.249517463377,151.945117220856,0.395965640511814,0.00169017245317348,0.00849113568461166,,,4.04205595037042,33.046166371605,33.046166371605,66.09233274321,0.346290156064698,0.868835254919942,0.248638970444421,67.7342993500296,69.1728589667771,0.00742237505105947,0.0220748638436793,2.20133669409047,3.33913280687182,3.33913280687182,17.1064602074878,1.30878269477584,,2055.51466666667,,,,,,3.36925423607463,22.875761956747,1.52826372329323,0.0504676209704726,16.0995285318188,14.0466256199925,4.06018665587944,16.9394026846089,1.460188541711,9.35613371028914,1.06015115236303,30.033404891117,0.485036312109034,,7.67419349795707,0.154687005038238,5.28042631223129,,10.2512104671547,3299.00332380551,429.965350858357,3.77335321418273,16.719905811873,,4.13959359630209,29.8024095963227,0.00265555552178255,0.0093371173706192,0.00108198524944539,0.022662189182492,0.202347593396453,0.17959675539046,1.14212901851738e-05,0.543982941094967,129.312731094717,5.44301796461221,10.5198524422573,10.6756086157373,11.8109977858508,21.3112989633584,26.3852414568315,94.8446254179214,0.0763082897560912,6.13367880950766,,70.771127138722,,,0.107678058006298,,0.0166816244746245,,335.677823943415,,,10.6756086157373,0.00961844949071292,0.0279817807183951,0.0089489489496275,0.0342872793202026,7.76057391706807,0.000291245137895805,7.70849740373504
DEA5,617.167756671721,131.199736136613,0.450224790531729,132.899862617042,131.647924012692,202.099302174313,0.0941744154942512,0.0325637173945543,0.257352905688407,203.102070775595,794.683465321595,0.00386617403811528,0.0109654055175118,21.7099338902442,47.1431391865678,27.0447501897518,18.4013521037733,18.4013521037737,111.798605700871,2.82757225927567,27.7906642403099,12.6937098136507,21.1266953397132,,,158.941744887439,9.943732533532,76.3984559257374,,4.69673904304127,132.899862617042,0.423887750663004,132.292193146075,0.0156135619267453,1.31754565467755,0.0103873196840356,0.0240068891905181,30.7321955133185,30.7321955133181,61.4643910266361,0.00924038303522749,,,,0.206538036050198,24.3525449486159,,0.425332217029886,0.282469560444609,136.771778463765,0.210677710013556,0.00443219750845922,326.324206093818,325.553299431474,0.537401578653548,0.00349450201386262,0.0145736093099699,,,1.25193860435043,56.209616757573,56.2096167575758,112.419233515149,0.35505678185489,0.488350010251709,0.694291914256451,115.139014784824,117.350829491247,0.0127519424027237,0.0425857249437406,3.70973770437623,4.85394003064889,4.85394003064888,21.9279816452472,0.599907964243692,,3589.06666666667,,,,,,7.73256413636232,17.5185516526547,0.473367343652657,0.0249290995976623,7.67851457831971,7.04675210584655,1.25742490224959,5.24699349049072,0.448187876079017,6.66548768078241,0.328346470167111,16.2521739357768,0.150229835736786,,12.2055281836274,0.177178163970125,1.63549357735255,,3.17506832963701,1525.01166332403,212.906915652091,2.87483623510362,7.4061891011915,,1.9012783141143,16.0431411891449,0.0028620275232027,0.00465766293089434,0.00337525338031523,0.0401758028887025,0.329494701814745,0.29844488571599,1.85383024851383e-05,0.168505615178836,163.302014596643,1.92536508546199,20.4858141155522,4.83656686290542,5.04310489895562,23.3053307848532,28.8542055290628,59.5758347747364,0.0236333498683204,2.27063755662862,0.00822123279343617,41.5527591312143,,,0.0333447606573573,,0.00516658748836307,,245.319096132191,,,4.83656686290542,0.0102843312264158,0.0160551847847924,0.0250622153862745,0.0593387645142164,14.6770016420772,0.000549877960020145,14.5848514748131
DEB1,368.87338787928,143.859400537661,0.264078173683228,160.49001357467,145.194374538676,91.0113247423336,0.0826456449655501,0.0263431296377546,0.244803362425504,91.5120905217197,803.006527865179,0.00219555865005024,0.00620797251941881,30.7016842898598,26.4222511448115,7.63786852665043,4.17268822897847,4.17268822896842,67.655955412329,1.18633051929357,29.7281167666893,5.3292054491859,22.6001578728179,,,94.0782065571404,3.38550389647401,84.2706603204725,,0.31576214681051,160.490013572249,0.205652998359195,159.801787917296,0.0187211558999081,1.38581930702079,0.0140806768706333,0.0172438014369444,15.2339251149776,15.2339251149867,30.4678502298231,0.21558592024091,,,,5.76722439812125,16.7325273338821,,0.425332217029886,0.0562593537327424,113.373044455546,0.118813846032512,0.00576061062227064,424.27587201852,423.410044794488,0.609127206799187,0.0046193919631561,0.0120154018298211,,,15.2956390335729,48.3202585621867,48.3202585595902,96.6405171217769,0.170458495414506,0.577648900620254,0.791199898231112,114.796094683837,117.127187299063,0.0160201324797674,0.0288819863003774,3.50050581541856,3.3990402458357,3.39904024582265,12.1564332517308,0.174246887000938,,1491.18333333333,,,,,,2.05247419530715,8.22460651673637,0.277001519015798,0.00324549063267122,4.43361167549814,2.72475682867552,1.38163009295404,3.06974174972809,1.33497400101461,8.46052059715912,0.192687127454239,26.5016943367493,0.35417371736975,,28.0355604331855,0.140067234603685,0.958883306364227,,16.3138170356687,101.667108104299,17.6646506256929,0.23154756078501,2.27879540909133,,1.40010590250048,26.2909525051952,0.00120999946668847,0.00484871651668575,0.00349893977033912,0.0333307542563159,0.555319398350839,0.518061651068467,2.97527805516458e-05,0.0474002198731774,96.7480829170499,2.78770366481913,19.1048460045265,6.47047847439155,12.2377028725128,14.2747234356794,17.6651806778308,,,1.09310336547179,0.0706745969503962,45.79855245606,,,0.0197071283564965,,0.00303534199367634,14.5618722134248,257.130530696447,,,6.47047847439155,0.00463044011027961,0.0173217822353568,0.0260641004743709,0.0580119847296545,9.04604505527699,0.000341987318747788,8.98166614040992
DEB2,352.463221911863,66.4977146505841,0.212140350122414,79.890199010961,67.5728042631387,50.5114661505865,0.0435586196598175,0.0154274236786181,0.189508280361633,50.7887662828282,488.986362705134,0.00117432944306518,0.00379530625125207,10.2705327157584,26.0417996432819,12.7313277427911,8.32483730571943,8.32483730571943,115.809649384046,0.839979539405345,21.0489025882496,3.77333322041616,16.0019674429613,,,141.851449027328,2.64860934386398,25.4286077592734,,0.178718055286098,79.890199010961,0.108725461155765,79.4958444321654,0.0093871090141471,1.0757950388084,0.00715786275279113,0.0104458048565078,35.9824618155167,35.9824618155167,71.9649236310333,0.0481003375696541,,,,3.34344547965262,26.6708213022009,,0.425332217029886,0.0452256811439377,129.687313522652,0.064231668059439,0.00336180578326321,247.575516578246,247.025407652231,0.463055794549577,0.0026675407842429,0.00742459685623813,,,12.3173947478223,51.5082461102253,51.5082461102253,103.016492220451,0.101244749779839,0.336331117602793,0.5084195760383,104.403424007689,106.202569299807,0.0107871172359376,0.0202721377272375,3.06119769902818,3.84372624557617,3.84372624557617,21.4628795958808,0.0899505348282915,,530.346666666667,,,,,,1.24535787471826,20.6052384390999,0.222811915813348,0.00522310111927222,2.2279557552321,0.850582156438853,1.10984023645684,2.46989128857789,1.07508961255454,6.0274632859543,0.154749619443569,6.74011199052911,0.286522066430557,,6.47003073792933,0.0367306401438869,0.770495266180079,,13.1355524677098,192.835073999825,27.7050816531235,,1.08304781529109,,0.775033833227189,6.55456548018643,0.00065578462535087,0.00244054979646009,0.00204909187031102,0.0273929071880503,0.199534111663559,0.177582994461359,1.11448312305106e-05,0.0381195771467631,144.556777480165,0.633369768666476,12.8115927518283,2.343704256363,5.68714973601562,14.4649657231249,17.899309118373,5.25494228910336,,0.0755483232116638,0.148815870198795,10.718155356958,,,0.0157619198081479,,0.00243677256350494,11.727692862443,182.906691231412,,,2.343704256363,0.00244246862188676,0.00866248595168518,0.0148257254179874,0.0433932712087823,4.32977742162729,0.000164266986167016,4.28782843110508
DEB3,341.154533417799,185.872189764634,0.721958004768889,231.259315304596,189.515127906592,135.839421299362,0.128522005272271,0.0229321308412886,0.13735042044124,136.61738375913,679.269736457388,0.00258185288304969,0.00706732133157338,31.8625862946651,11.0325778824338,3.98574189356462,2.46559285791909,2.46559285791909,36.3920068253029,1.18677294631253,29.7368815257392,5.33109987320174,22.6065063782821,,,47.4245847077367,17.2569465904193,114.013747185833,,8.86856690836024,231.259315304596,0.339348230081139,230.324040082965,0.0264918823771456,0.653132142774851,0.0101620029220086,0.0160349195330663,4.97465466548016,4.97465466548016,9.94930933096032,1.93329644459137,,,,12.2751799255975,13.6357157873265,,0.425332217029886,0.153735223371982,49.3231664681881,0.176636378929657,0.00347474166207583,255.787392725804,255.276724703146,0.275335111213324,0.00264439535691395,0.009523978543549,,,41.7441873980041,17.8437253404308,17.8437253404308,35.6874506808616,0.252654545257425,0.768454329426667,0.442472141069502,45.3607283726677,46.4718198180682,0.0069058357446013,0.0223885764036966,0.962478588360879,1.13993618102112,1.13993618102112,4.3826293713091,0.376574534323969,,2042.64833333333,,,,,,2.93322732519533,4.72510257973922,0.757088614606087,0.00210536147333962,29.7583552221269,24.7119893524669,3.77686256435357,8.38837968205901,3.6429381419573,8.78114060093704,0.526795926978006,11.3877227518398,0.96748580353678,,16.984966661801,0.069089386403334,2.6212305647932,,44.5274526765116,68.0978436223911,26.783182724605,6.41331498845661,4.57631428479619,,1.12741876095442,11.0596993881505,0.00208827927545461,0.00924509847620035,0.00234904897005198,0.0185932115604244,0.33516006123585,0.312536912653723,1.82888511318152e-05,0.12947260665027,50.4088352811691,4.99422333134008,7.6054467506354,5.66114175536087,17.9363216809584,15.9563344413995,19.7447359984002,8.10129437247961,,17.1712556030559,0.258933977285941,54.1898319604632,,,0.053954290572048,0.381987633593903,0.00829949034236148,39.7383448516511,266.946765985457,,,5.66114175536087,0.00723502622323552,0.0255790467949108,0.0164228194057839,0.0266805594095042,8.79866478855391,0.000329061675555478,8.74363170389108
DEC0,117.502137632595,34.7397929444009,0.116974088717183,35.4511228653717,35.0460747776701,69.8182245637329,0.0271392439564227,0.0102265968792005,0.104188791595724,70.1562639775977,255.152401460758,0.00144433948264157,0.00360796064359678,4.15928192487077,10.6355378711753,4.51210659548869,2.46432176701163,2.46432176701284,26.9875333130201,0.442725937821528,8.7316912151448,1.96202886554991,6.63716176527701,,,37.6230711841954,1.6492807074828,19.2983391798613,,0.294149581203851,35.4511228654868,0.142797733010638,35.2812826048576,0.00410334326169715,0.541725422105889,0.00431902489245912,0.00738334160137354,7.00073449524223,7.00073449524064,14.0014689904833,0.0966524662122873,,,,1.26313462632625,7.9429654032102,,0.425332217029886,0.0189952430930713,49.2474739930521,0.0730838248696659,0.00132464048292706,97.4589486057254,97.2342933480103,0.220327222682267,0.00112377377258634,0.00454699628204691,,,0.405048087816662,20.6522542948522,20.652254294991,41.3045085898432,0.118207638261,0.136390138829711,0.202929197789369,47.0015761752072,47.9018687749801,0.00617128065802819,0.0132055045934181,1.44847248987714,1.40566105468792,1.40566105468809,5.01907076088167,0.0541800816644709,,995.478333333333,,,,,,1.18725096760308,4.46034243542983,0.122196996758813,0.000956857479084072,0.734648949550494,0.328856667567845,1.88690646730364,1.35513112627513,0.306281833269253,3.46040119387454,0.0854671863803699,3.50733024867978,0.0907485219493264,,9.59430645436601,,0.424585506672879,,0.84997447734312,8.36096815121303,3.12343499318448,0.11227432004896,0.605071592063228,,0.216582347518568,3.42911407845439,0.000851660843621067,0.00110047541740773,0.000882355939074946,0.0127363598459825,0.200207541676989,0.186999091897771,1.0744305967153e-05,0.0222217739044815,38.2954808577707,2.68739049842789,5.84369848225593,1.85472998040186,3.11786460672812,3.60173583254987,4.44478257244751,0.167204061327545,,,0.0782161702253927,8.81882711556773,,,0.00876192676438756,,0.00134563976087233,0.0804098159599313,76.7556314552149,,,1.85472998040186,0.00309855688128424,0.00388576194265164,0.00651376384654638,0.021314803543919,3.98398969529094,0.00015003097350567,3.95523514786446
DEE0,2003.55841085869,1014.82468389693,2.04309308351882,1027.02918488485,1020.71336089543,238.779618619153,0.484547576265519,0.0401661184161901,0.536093634529727,240.12774452442,2030.24649907662,0.00583714290580594,0.0228750697479321,99.0516396506941,43.144720792851,13.7802729232679,10.1091826746884,10.1091826746884,265.146112844264,3.33810280129091,134.038134066777,14.8568765948435,101.895782638819,,,308.290833637115,36.9389437265092,540.203412166216,,13.2346383913481,1027.02918488485,0.611440056465729,1023.14356709541,0.116060586920281,3.03050510895854,0.0501167104044818,0.0731701334911166,59.8174512522669,59.8174512522674,119.634902504534,10.7693370292692,,,,4.31526111758589,159.504569596284,,0.425332217029886,0.116547305748336,316.031803826895,0.307139379702679,0.00690747034968117,507.511237524753,506.459812438877,1.41577948190095,0.00655784688350954,0.039250837449787,,,6.31582398942112,78.263617115305,78.2636171153059,156.527234230611,0.41367108568619,3.25582920815132,0.859042097742551,214.280431895202,219.4477300776,0.0360659196963319,0.101895851860517,4.74890146904876,6.86289348574625,6.86289348574626,37.1931040680082,4.65743008924867,,2234.93433333333,,,,,,17.1805906798642,132.083536670548,2.1387353639199,0.0407544287549114,90.5039314784789,82.5222350679653,4.5924601579601,23.7043053351612,5.88867699850046,27.3064580676433,1.49166715653815,165.420728583798,1.87842893319,,81.8705072321218,1.09976249262487,7.41674205850182,,13.8725962731355,2332.78324221271,511.711158106116,13.3323127201961,58.7602402601132,,24.1848395613072,161.076370452381,0.00330408640805885,0.0342312460497125,0.00413645068325518,0.0691566868325205,1.53107703154643,1.43120319070683,8.17893299016709e-05,0.114574858092816,316.967189873435,64.1084960430303,30.7694330006675,53.2086856693472,57.523946786933,46.4075216125743,57.3951338572888,183.782790441865,0.938505696965352,45.0050827864612,2.30608994182666,324.742535558753,,,0.152958040981907,0.0616324378420472,0.0234829194642589,0.642328385444192,1183.55641911546,,,53.2086856693472,0.0125712970031914,0.104102288627117,0.0320198321109571,0.115763270174489,34.5995250334494,0.00129622094947382,34.3622513515704
DEF0,2231.43335465413,672.636608415743,1.85004838685182,678.832430038844,673.685181723407,199.144059675019,0.314270498357756,0.0256261945856189,0.668896851189239,200.381198865597,1565.2523003216,0.00502954062068754,0.0285304252319071,72.6090487413457,119.733392563001,69.8065099926349,61.3962974225969,61.3962974225973,654.618413331583,10.5935430296265,112.971463429118,47.5897446649866,85.8828326228945,,,774.351805894584,22.677913623123,303.518201411396,,1.07203896825778,678.83243003895,0.531111637107904,675.964133883145,0.0772294707589037,3.97137257992905,0.0470797444657907,0.0955019230800344,197.317057808947,197.317057808944,394.634115617911,0.176026056025684,,,,1.70794449931618,225.441028538723,,0.425332217029886,0.17284824369094,566.887201048099,0.247657584831776,0.00322819781878014,236.294607641487,235.580602835516,1.73853370368745,0.00369216534210604,0.0469394444401206,,,5.14724831554302,170.723086254631,170.72308625476,341.446172509392,0.442210249369301,2.45343055959409,0.586549444103763,384.219696117887,390.867652426212,0.0488938784811589,0.173827534712346,18.0704438167073,27.8065763984589,27.8065763984592,127.156281470412,0.919952110980656,,2876.82033333333,,,,,,30.8500416928975,166.916458650716,1.9484086109831,0.059920055193597,23.0070951740101,21.2032209573026,7.39726439433654,21.6058746548525,1.04857330766446,57.9565343421389,1.34879131770834,88.5320347783173,0.519682294713947,,77.4478495731591,0.74039554854606,6.72295691657412,,12.0642721019337,3110.47808155677,436.802946211314,5.61946019071378,12.1983153188207,,7.49969911950133,87.7705270910373,0.00325097184666514,0.0221413199690927,0.00249052971730814,0.103982239199131,1.60560088127973,1.49876974015467,8.648883877004e-05,0.568035545852294,796.906867181784,24.9698100803686,39.8205484420709,24.5618535351636,26.2697980344798,120.516643182826,149.283139494823,117.405077791648,,8.08406164708684,0.0211121387338557,175.68813851621,,,0.136217102293571,0.099401512036145,0.021218626125365,,1020.27860254824,,,24.5618535351636,0.0129087474215311,0.0752255800655274,0.0221091668049216,0.165170934319152,57.2708104680794,0.00213581221531033,56.9259246517761
DEG0,1338.90407632604,631.379445123263,1.48260021455884,638.89802350459,634.778893202226,189.531180597891,0.323460919579622,0.0476722721111506,0.420292990215862,190.457161938329,1605.90909035569,0.00404748589713577,0.013496664491498,97.4781229093558,51.8906798981019,18.6398294415234,12.4240795263421,12.4240795263421,209.637620422623,3.38836568312666,88.893174111953,14.9596082174696,67.577889805263,,,261.528300320725,20.9494419099911,355.864114626146,,3.7157101268388,638.89802350459,0.419662340010148,636.453553940917,0.0731094197556511,2.1862952111352,0.0270210308339721,0.0380630152049719,51.62774838193,51.6277483819291,103.255496763858,5.63069846068368,,,,1.29041041509159,90.0896494443973,,0.425332217029886,0.0864122978183999,244.308796539389,0.199570372283897,0.00805836384990718,593.334973214179,591.982629063384,0.873250235664861,0.00618332325509137,0.0206383680968224,,,4.11913030236495,77.1095735474956,77.1095735474959,154.219147094991,0.29644269059815,2.03100232409037,1.18759100929461,163.62819475056,167.246472890052,0.019379160094011,0.053647253182609,2.34597548556295,3.04176026484527,3.04176026484528,33.3431229288132,1.42803640309474,,2160.01566666667,,,,,,6.31154576836079,56.5144555758426,1.55437745337249,0.0274961164725986,33.4139989501198,27.154471813285,4.11502080468461,17.2337317831524,3.39944807896242,33.3774077382244,1.08215263445471,118.879064677956,2.74138407029094,,22.6882388352384,0.885257254459726,5.38389189579345,,9.60646280201411,1482.25569369657,284.258605405736,1.67904140517478,18.6495537843926,,15.8275011905245,116.914926785437,0.00211646573424701,0.0198002921394927,0.00513185896461437,0.0551973831873307,0.509803965688772,0.452590613581827,2.83677237953318e-05,0.197786130330207,276.395683316897,7.22329932391373,38.6310937137694,29.7543225888657,31.0447330039572,79.4466191946808,98.3970154544996,110.240395419544,0.336928825149064,9.64792921758572,0.74195181291055,220.467531217517,,,0.110351889303941,0.00834309827745451,0.0170283060162216,,793.117170599582,,,29.7543225888657,0.00818947180818786,0.0621476640013964,0.0388395906646428,0.0832423192915164,15.4626548428499,0.000582352026730505,15.3367811741499
EE00,1319.93019433504,733.911111678762,1.17225469357683,743.614805219214,734.202118863745,100.800704586479,0.582765420859824,0.488134144731382,1.44495187087203,103.320229510683,4348.70736307069,0.00197825860558861,0.00169932182654617,126.720904522054,31.369354557117,8.73296296988287,9.86200745546368,9.86200745546431,148.606516080778,0.34690141176833,41.8320283845745,15.0870993419638,27.387194210219,84.6532233485212,58.526712969057,179.975870637895,8.75336683417084,346.821174074344,,,743.61480521923,0.555240139293449,711.536061455501,5.52489720239687,20.6109463412788,0.0477245918713726,0.195714961900892,42.4139910628031,42.4139910628039,84.8279821256003,,15.6466,15.6466,11895.1,68.7061470803851,176.940559531544,2264.86325742231,0.150918981694437,0.117510163583577,475.80976055155,0.505484708048914,0.584534023273539,2396.99838855683,2371.39352861159,8.6060064257774,0.027289144125912,0.132562409774672,35.6205593921233,3.18866685485971,9.41268635548492,149.434600510208,149.434600509736,298.869201019943,1.39440699029517,30.1188642019837,18.9829244887381,723.277811538157,756.647377432766,0.150874613577896,0.872695859173149,1.85489484515418,2.64286270370681,2.64286270370669,33.5169726507242,0.930229682052673,78.8652410558931,1316.904,,,,,,69.0915680525963,9.40935729664961,6.2240195006252,1.0,60.6759412791508,60.3747361014053,35.1066390234525,8.7533668343262,0.291007184983034,167.357379459647,2.01641216128229,78.8550430632469,,,736.813170711263,5.85021630374999,2.07108277400453,,11.615940190481,581.768513180673,97.4703174579867,3.56255751594273,11.9179847676209,2035.61787606981,56.8121785853219,73.0048267594969,0.00773669346658518,0.0257053736279586,0.00907363567159274,0.247254783934769,4.95057568633753,4.70994757970897,0.000265325865013331,0.173822775310085,185.079094056669,12.1982579564069,25.9768709276925,,68.7061470803851,9.42893172146465,45.6379250929809,25.6017245170518,,,,164.042005738104,,,0.0101979929031537,,0.0146608974085764,,1042.48400623916,2.08574367141312,,,0.0566563931037338,0.766874743998419,0.599830473883173,2.46040647278551,343.175986664842,0.0127614984481157,341.973048786289
EL30,164.196057532211,10.0935131480753,0.0569906123179416,63.2593108232586,10.1606504555692,56.3404398287715,0.0467172606725888,0.00356078455542312,0.21238245902589,56.5557524324529,378.707403357516,0.0010807425109092,0.00389178124648289,0.459419589897165,0.397843506988394,0.0878479070597567,0.0934643436856146,0.0934643436858751,2.16642878549796,0.0887731625659793,1.47487059430347,0.0511522825010437,1.73885104342498,,,2.56427229248635,0.180784877846372,3.06088984444571,0.5269244693197,0.0478643725663721,63.259310823266,0.00737785769042664,61.4318729967558,0.00789141764281086,0.0287472243785071,0.00514991602159969,0.00103830867972003,0.326646174866017,0.326646174866521,0.653292349734431,1.9680937985507,,,,0.429712988252922,0.391893285225453,,0.809216927729709,0.0367946582192557,71.3029442777195,0.101998913347496,0.475153590143171,163.951933206998,163.775655248619,2.60590745609804,0.00704247405084475,0.0256874795086157,,,53.0986603676967,35.4555254961742,35.4555254963219,70.9110509924961,0.0984199504998998,1.25626382776212,0.156432919302277,82.8987577255422,85.8203735509641,0.0159900917918984,0.019026288738791,0.220292948228882,0.0943606186004772,0.0943606186004006,0.210856617847832,0.565567682308692,,2747.73244031888,,,,,,4.91354288203997,0.239425682705907,0.013407528697253,0.00280941463124563,3.57296120696904,2.17950747626986,0.405954923940189,0.0824739438656335,0.0671373074939838,0.152467602517512,0.728378373539149,2.20231303983424,0.101400734670138,46.4757131475712,19.1158130202494,2.15594732434683,0.357018661345132,0.0504465614146603,53.5678253875503,3.38301696879399,27.4614234239695,0.0841021681893191,9.81079808642734,,1.39038731866108,0.00990404342064357,0.00481403030875811,0.0261632800605298,0.00775160752932753,0.0496642340461907,1.7243836798526,1.6948407629317,0.000424114281764419,,12.2144294834257,0.00842508934514479,0.112128314624287,0.0337150709829563,0.463428059235878,49.3881932762369,71.9851858657317,1.16119782673775,,0.705017989439931,0.036461672066771,0.0382115648658478,0.144026417640876,0.108283159566713,1.16514211120592,0.0597735773086671,0.075351700292822,5.04493665904027,134.170361815755,,,0.0337150709829563,0.00270185183489493,0.0231398678707885,0.000641229347046745,0.0249144518734784,7.39564966398281,0.000279692545646887,7.34558169152741
EL41,229.853771892278,23.1044471298065,0.308105637569449,84.1770367789761,23.1388120350247,20.0241410660343,0.0335824911175744,0.00127438991890056,0.189768686681573,20.2665176735229,381.896945243206,0.000388441554865708,0.00305785539441797,4.76745563575614,1.90858082379909,0.45068280990363,0.650860289032948,0.650860289028288,2.34232048911172,0.209306282722163,1.59183835103594,0.130112817801843,1.88287017715285,,,4.25090131291081,0.541122841010889,9.49034118601581,0.749700729068867,0.0885793105673016,84.1770367787849,0.0104371577754357,82.3651268192622,0.0111543201663954,0.0384398119117349,0.00726098496983695,0.00209244689217406,0.088805748270288,0.0888057482706521,0.177611496539228,0.740018224219793,,,,0.715644632781221,5.04135503583397,,0.809216927729709,0.01508170855979,90.0995850516298,0.0852786415160138,0.420139107462393,151.155522595564,150.912082730749,2.64587220550409,0.0071900781138244,0.0283182635597528,,,61.0382247437601,42.5291150095458,42.5291150079758,85.0582300175216,0.136530158450215,1.31295981458021,0.217724579131792,113.049763700069,116.008104787531,0.0210739145124289,0.0287424593848128,0.0582011539641171,0.0375817475966227,0.037581747596115,0.549165068977199,0.138620086802927,,148.52400033035,,,,,,5.20747418891826,3.72454742480366,0.0724609771751138,0.00825225003585197,5.13174882004856,3.86375777454532,3.0275757802791,0.445638057511962,0.0343649052182202,1.31649328631755,3.93728611070489,0.138748339825145,1.20522646602493,53.0772956467689,36.0321639887026,0.00608798186084283,1.92892348262342,0.00690547292209329,63.3894781984204,7.68722217227718,56.3676037828691,0.233902452461342,2.3575120583122,,3.34990889412092,0.0872463725530895,0.00668748031427016,0.024212489905415,0.0125657587483574,0.0569006294180046,1.96478611974367,1.92855833609697,0.000542890116974453,0.000314322987029276,55.3570812859393,0.0268532453930514,1.74962107506936,0.269720567776667,0.985365200557888,261.23841252677,381.382592099804,0.893185637224951,,0.279946427856861,0.0454139854112126,0.387315459366368,0.11671443410856,0.128636958184794,0.0283996743662894,,0.407248263471589,2.64802425018505,169.235266796498,,,0.269720567776667,0.00344316943306414,0.0210160564560485,0.00072081685047877,0.0273597539501774,8.32497728805949,0.000314364495749681,8.26222337271105
EL42,161.277658114708,32.3436272234783,0.211072433031183,50.2036026635348,32.4414255991823,41.2758532446483,0.0266678295927139,0.00261569727216646,0.264722128921245,41.5702019877897,524.450999290772,0.000798067919078533,0.00620216526293014,2.44913002304352,1.89635313183486,0.735731735156413,0.885263732089348,0.885263732092208,6.30713350878387,0.474076492711655,1.01833898019419,0.257244088943902,1.20499238332321,,,8.20348664061873,0.330789478868617,5.24558264346082,0.404044178099733,0.0116634779587198,50.2036026643433,0.00753074577031156,49.0600163957123,0.00781727666828596,0.0230019148331386,0.00882818201303083,0.00223064482255892,1.86015371795769,1.86015371795468,3.72030743588607,1.0130571935593,,,,2.01328798162165,21.5257594253377,,0.809216927729709,0.01453892039333,83.2516487323641,0.109842506330221,0.277620254697085,263.336306899191,262.973809966469,3.70772785903857,0.0186161570660709,0.0607562644984382,,,17.762177065161,30.8629446535295,30.8629446535889,61.7258893071184,0.163327282167098,0.807485681046239,0.328118574068831,141.768798477405,145.87926992943,0.0455592324564519,0.0563525127898014,0.0697736901456511,0.0392815274116041,0.0392815274084157,1.19068815882715,0.100664129753598,,246.321086234966,,,,,,10.925015526187,19.4924281619631,0.0497262872431655,0.0142167040742171,1.86617115454342,1.73443526964793,1.18975143622888,0.31331500181494,0.0977983757040282,2.03314490142759,2.70294565390785,0.13072506042344,0.03393750920839,10.4005784833709,96.6899829055956,0.0325322344182813,1.36431079094902,0.00581099909347846,19.4220763982398,11.6185998665921,41.144679503436,0.53694536099635,1.69708399261543,,0.979345388499148,0.0676338970411767,0.00931413504362745,0.0173609637556203,0.0224950903536596,0.0779112346548123,6.63146644362379,6.55684540357403,0.00129493405774823,0.000186361854929441,43.9793424982783,0.01091167360182,1.36355963316697,,2.01328798162165,182.78957698273,267.02149093642,2.1398235914064,,0.218144520135508,0.0305589289639822,0.251942838160164,0.327335125802614,0.361441892207581,,,0.281049621848024,3.30503301138632,111.929491970653,,,,0.00433407383063842,0.0144515395397429,0.00145029435776181,0.0371083145763995,16.8301513663939,0.000819400595058045,16.7033148449624
EL43,745.983724492729,43.7010500587845,1.26082771200427,261.289071518872,43.8506898023856,40.212141171366,0.0872024476977733,0.00256351037922352,0.425920321404485,40.6197646447276,832.082355574305,0.000781679425368819,0.0046460605622284,4.03882895647172,0.272638367040737,0.0900886705100899,0.14933229305991,0.149332293059927,4.42840504100756,0.0736896543470926,4.80266224633355,0.0289112840246545,5.68086894280751,,,4.7010434080483,1.86708062209389,8.05364967283089,3.93026730328931,0.0190235042688927,261.289071518934,0.028466788428545,256.453129633515,0.0338414331253853,0.119842193951552,0.0206788432319953,0.00495275845132016,0.0459907926306723,0.0459907926306835,0.0919815852613436,0.0828025332237065,,,,0.606916424029552,16.5128268234033,,0.809216927729709,0.0312763709569143,255.2441778929,0.11708799187067,1.05492806830642,218.370674104843,217.804219190433,5.47476654399635,0.0120803344481264,0.0395666278012228,,,217.438381716549,119.365675534686,119.365675534819,238.731351069505,0.243922881255536,3.56113425103743,0.494421651501097,287.693050575788,293.928548115529,0.0490092076777201,0.049630897925773,0.0432879056875952,0.0304668248880717,0.0304668248892711,0.0923260727904326,0.372604667083682,,461.052257546143,,,,,,8.06756855905436,9.15808573649191,0.294976349466843,0.0292108500279238,7.7064889302635,7.43657093644247,1.79843082180333,1.82107543902755,0.149639743601106,7.35345711886235,16.048780122806,0.860860241875788,0.117027438689504,178.068526741229,65.0039256771296,0.320801085016651,7.87839278837141,0.0269816787957804,227.008888291291,57.3707493408713,241.262258496304,2.09379246729726,6.74782698434108,,4.17684453356117,0.353465205829073,0.0123798695610941,0.0720252587828584,0.0344620953609215,0.146273617918958,4.45977023400703,4.37666250529409,0.00100612830596131,0.00128396804118526,227.268911906549,0.138031312377994,0.174077238553795,0.539441135185885,1.14635755921544,1138.34335180022,1660.60304217928,4.57258520957529,,1.16593393558503,0.186593951030064,0.128475426861909,0.472064112825978,8.36984885745065,0.00325081152941965,,1.66083741546478,8.9930905174257,500.020422588377,,,0.539441135185885,0.00576594224622164,0.0606518595998516,0.00116622405027563,0.068694862490572,13.4145269562637,0.000557663929710131,13.3147244832168
EL51,918.392684006584,401.969782997624,0.429811586124107,425.308230870938,402.089665269866,60.4692313230784,0.136069640053528,0.00385094449841711,0.558071440230531,61.0498547508168,1543.50956549276,0.00117292773522502,0.0113486113708508,6.48724217007806,23.9529827861179,4.7557456919092,5.09344923193054,5.09344923195488,34.8491139255965,3.19596098968259,7.17259950382356,1.66453731930284,8.46924427286513,,,58.8020967117145,20.1742725192245,61.8010191924046,0.0255694380426559,18.4096295199395,425.30823087095,0.0436790165052353,417.677157251734,0.0567776125999386,0.194915440805401,0.0296292790051918,0.00908436436179711,8.14919550516609,8.14919550516671,16.2983910103259,21.8813696480049,,,,0.0887247990256884,36.6244901083132,,0.809216927729709,0.0246710947290538,340.580506618959,0.197335474458605,1.75470648267875,672.525690872455,671.365318658301,7.55017786559476,0.0185032103694754,0.114687753064564,,,23.2185656010839,151.978008255576,151.978008255157,303.956016510733,0.31757969057923,5.54464560213714,1.03599637875962,336.106679889252,344.657144746432,0.0529841254862848,0.117599285769541,1.01414651532598,0.506992973417023,0.506992973404988,8.73330239671154,0.331432072419231,,880.730570107985,,,,,,30.4248943620448,7.24748589796081,0.100597861212561,0.104964359445117,53.5851090028889,4.57592545277204,1.03885961457461,0.6209653222802,0.119882272241675,29.3765664004999,5.47293614403554,205.514030613441,0.0371299223774981,8.51939671118275,50.2448781257719,170.43000625096,2.68666444408264,1.14367767698422,26.4962545670058,125.073361361131,130.326339913198,1.80270024846772,5.44355732654287,,2.77322520426229,0.226963040419849,0.0137244191272151,0.105425437001072,0.0605982656570062,0.16424483905921,3.55105668061507,3.44734487046742,0.00183088873021824,0.000437809765786348,164.045427662194,0.336136591447001,22.7288632234063,41.1986025879453,41.2873273869709,537.909585886995,785.414044593008,9.11387403120759,0.598063968691129,,34.2589973533705,11.8831386490961,2.61565543659323,5.01862059273186,45.230958970296,3.62121238524373,0.566353427110428,1.03597783116098,729.264247381671,,,41.1986025879453,0.00830482706714712,0.0902264573461612,0.00314901263401723,0.0830552714938887,36.4175875714913,0.00142226755144152,36.1630366681941
EL52,1476.24797531461,574.159235357957,1.13349141850646,648.079493973512,574.316831040913,69.9470647668991,0.183768772171358,0.0044586332452309,0.699659468579146,70.8464947236365,1776.13360878827,0.00135841328004193,0.0141375634633774,29.4668885789039,26.539613476442,11.1726965642888,11.8884553704132,11.8884553704136,72.0318882158205,4.81050751289549,11.1833242206561,2.452158082191,13.2563035850817,,,98.5715016922624,60.3563557432866,228.963447985771,0.0156277234386816,35.3370511105769,648.079493973455,0.0703227796849765,637.408729793821,0.0854769342743311,0.297654483075158,0.0428129450328167,0.0146082377876471,22.3984310491176,22.3984310491232,44.7968620982342,90.9877080576316,,,,0.892741770525381,92.9591615047784,,0.809216927729709,0.166465300861117,603.824780264346,0.232318954045782,2.12982801650434,465.663718908598,464.262540580508,8.55740779208183,0.0158793451697785,0.120125352671596,,,73.7626629325424,255.432809379657,255.432809379869,510.865618759525,0.562789335947661,8.08150711696813,1.24074190985341,535.520163303567,545.402142097288,0.0712828218999639,0.173550013744937,3.66193441965273,1.58375253658816,1.58375253658818,12.3592958382001,1.92584936157634,,1203.02837408401,,,,,,33.2964026261183,7.50263574597112,0.263905973314369,0.165223881174532,118.347661521002,23.7344021069025,7.19485483533433,1.6368505646092,0.15759568295546,85.4553724699336,14.3801832588412,113.57241031689,0.642278126994126,30.2497754799307,47.3818797968819,81.7542400194207,7.08035349782155,23.3824540681069,82.4983325172846,190.925993635989,218.731360889315,1.00204187378693,32.3266943928205,,22.7323602331183,0.989035859260854,0.0211974313524201,0.150712645721524,0.0668085568428986,0.218885537955108,3.43957794524901,3.30658560274315,0.0023002684748659,0.00115328891648302,234.236157283664,1.64372554895226,14.631228115625,10.8457383572183,11.7384801277436,693.91809482479,1012.18439265987,18.3734787011706,0.0513384489172459,,30.7777959892909,39.3139152216563,19.4884179279686,3.63119940294805,89.132985515543,4.68040008860384,1.4888507860597,4.60006174759414,1158.94511273304,,,10.8457383572183,0.0128014557060593,0.124947628273587,0.00369229386349918,0.108371512028444,42.7021811400454,0.00165881712326462,42.3774597039028
EL53,530.476631435206,216.409946349494,1.07104072811245,235.59179163775,216.526334787865,38.0754551993673,0.0801418075207251,0.00242360472861696,0.341212845026649,38.5076601534417,942.310284004424,0.000738218066191646,0.0119828401276192,22.731899846547,8.15578279549963,2.22879386685935,2.37128243480796,2.37128243480824,10.4952216106533,1.20529943035507,4.37723648657932,0.610854414810505,5.16989546141275,,,18.651004406153,13.7874043571042,122.5649613625,0.0154717091109116,12.1976489585607,235.591791637789,0.0260541699637093,231.091746759312,0.0315856606704284,0.107970515590428,0.0171881195051094,0.00750870522445402,1.49183129174105,1.49183129174086,2.983662583482,38.7983071829363,,,,0.756286769182024,50.4122303355818,,0.809216927729709,0.0179180166326978,256.415857818329,0.15325413131162,1.07071494120539,394.477306782847,393.834641404737,4.95267806359601,0.0121344523070634,0.140081725817443,,,19.0654568499246,103.001813741424,103.001813741304,206.003627482728,0.236618560733347,3.23494704125958,0.576665054529226,224.728426493151,230.285708983224,0.0352974811586657,0.134924096142464,0.366747363731628,0.157102086578898,0.157102086578596,2.62048587427118,0.138859384237389,,639.852330502012,,,,,,33.8093466327395,8.61081063028621,0.250529107507844,0.0311160379796762,14.5846407103511,13.4286202792733,2.34554795923285,1.54725456171471,0.116388438370716,41.8003288925233,13.6321250631314,11.2722188484655,0.361817577299885,0.288993306385393,33.9205513148876,5.62281957461488,6.69411573709322,0.0425008368045875,27.1882616644545,30.7663044469175,70.2302079085751,1.66841751369908,2.01207532855877,,11.7602027655788,0.0677094278301207,0.00979648631994408,0.0609524865939133,0.0284439314688798,0.102861107407331,2.25032369807817,2.18342297341732,0.00188003516259414,0.0010908127915631,80.5914898860562,8.19123183614035,6.95030195613673,8.81319194719534,9.56947871637736,316.485360191046,462.300965128739,3.17115003247932,0.000780027132408245,,5.58090981888812,36.7105701805639,0.184226641480636,0.397208238110945,0.0878279960831185,0.589986419319414,1.41077106080225,3.22586205608674,441.595419120478,,,8.81319194719534,0.00648160572766496,0.0532886018862546,0.00354712662425128,0.0525599584410331,41.1974927490435,0.00154245362390018,40.9011153465709
EL54,709.970346078703,18.9840077058535,0.177835938530812,53.3382374899195,19.0066552014054,28.5227694160118,0.0219350372424542,0.00182094277211727,0.383789073828948,28.926385502079,917.801054404247,0.000555687378855222,0.00489431734676102,0.118721472687958,26.3248063363394,2.50748843487078,2.6677456962589,2.66774569625886,12.9924384801863,1.49334463114609,3.8766793912804,0.758834772416923,4.59874574761999,,,39.3172448165257,3.36428525947652,5.15983602438866,7.21887175370729,3.06946533943836,53.3382374899507,0.00887949071729906,50.8555571216742,0.01157227015312,0.0238261542035278,0.0085170574136746,0.0025568998513434,2.0532223547928,2.05322235479284,4.10644470958549,0.0242844173668743,,,,0.0379564272019395,11.1960911634552,,0.809216927729709,0.0103592948529701,419.782737832804,0.100638674254225,0.326472114920914,355.167130108693,354.078421757931,6.53479977135979,0.0153972814567103,0.0630258223391877,,,34.3315822885453,204.293323334698,204.29332333465,408.586646669348,0.27789291149743,2.08670673978711,1.01041496867929,448.781588606907,455.976073077268,0.0669854228699392,0.104220029925167,1.15773394873454,0.49558453000105,0.49558453005988,3.91890867618568,2.49373521550283,,595.353551176043,,,,,,14.7691999599647,2.35017767942366,0.041574206148352,0.148954179461551,1.02403923255061,0.853019893594056,1.21400813282446,0.256892955036082,0.0226474955519025,8.84573238801736,2.26251416969494,0.0642364224179875,0.0218702774381828,20.8886598797326,57.0134546742271,,1.11139740397505,0.0379269649897038,35.6875028650466,231.595492303805,208.72821710291,0.450644878252872,42.2579246874546,,0.402375015342482,,0.0110223329332859,0.0268443266408228,0.0632489263511267,0.170115829859171,5.2716418193979,5.17946573865412,0.00158947590653291,0.000181096014923245,144.184085313002,0.330483512481489,28.3244799409214,0.168575354857765,0.206531782059705,536.066062947705,782.564268082659,19.9129747447856,0.0249768527739979,,0.0392595696439897,0.10805322956373,3.1081649742128,0.131459161229031,0.126501565965167,,0.234163877695546,0.502502205267191,461.924884159268,,,0.168575354857765,0.00518267666504676,0.0207221496851919,0.00165124280585438,0.0819536411102101,19.1215864068584,0.000720631624598975,18.9452998614893
EL61,1238.62456712038,439.338124863423,2.09848932400011,518.080074018243,440.463257971164,52.1648706302646,0.153637406064579,0.00333136776229928,0.601627285164215,52.8118023205528,1403.39293435547,0.00101567788359556,0.0058459976312494,34.959668481294,34.9615515979669,4.59893080405781,5.00684831822329,5.00684831822318,32.6421341314685,3.19923636713663,9.50918384621711,1.66067685993529,11.2607811345196,,,67.6036857294354,30.088257036098,181.510726465697,0.0655070468543292,26.9937400280975,518.080074018232,0.0535981057033145,508.468416556744,0.0662477010174499,0.237406515554333,0.0355157071935843,0.00855844457271051,7.07987909438453,7.07987909438454,14.159758188769,91.7051013494793,,,,0.482474756622907,77.7197816383446,,0.809216927729709,0.0698217485140302,504.482698473625,0.177343870353259,1.98433474621733,339.763021276941,338.740194040291,8.13548940263995,0.0146036040305366,0.0535083854542344,,,77.6168160470681,213.381458417639,213.381458417639,426.762916835277,0.38975528266021,7.21116429221786,0.899108141495356,460.055352699026,469.343834850063,0.0653109459155786,0.0731578052024334,1.20586258267685,0.610126978975149,0.61012697897521,7.09101497532979,0.427982133745333,,950.334056000244,,,,,,16.5763969849245,14.198067861764,0.493242705993732,0.20995313545961,158.067120521983,13.9679332124078,11.3754463435947,3.02999442458237,1.12513310774102,63.5195757443214,26.7997062978852,1.41524660020802,0.337987003947812,34.4853052447051,49.3987229195337,0.202198848201476,13.1090911516058,0.0645225834216732,93.567328166573,300.15955730001,226.177890537425,0.419773336803183,8.0437597186441,,13.5481598756059,0.071178192875339,0.01700171559624,0.140222086679481,0.0524472494244097,0.208114119708783,3.9722915906836,3.85488200174335,0.00123763005735494,0.00213803226265034,242.522760948124,0.422804725083261,36.4459477640431,5.31739586881144,5.79987062543434,893.850982662661,1305.48155161816,22.7720343252419,0.00124658435791992,,1.14062297477328,12.9594485301439,7.50438264614375,1.98388120092111,140.879466238574,1.75660095931049,2.77159921938293,4.1863015805669,944.84299085352,,,5.31739586881144,0.00923271597508852,0.122298930309978,0.00169277694826411,0.105844827971754,19.4219102990001,0.000963653916966577,19.279602036082
EL62,141.827278572421,13.8348963005647,0.600747266772347,102.961705946454,13.9047244494495,21.118019690588,0.0483532706009623,0.00133427778590342,0.0477802386700174,21.2750408207267,229.114659489623,0.000406357318294462,0.00149592177597194,0.196707014550671,1.90426664380964,0.218990347274021,0.364856972749478,0.364856972749477,2.01306530946161,0.194385044870337,1.243875149347,0.087290712782083,1.47347593318381,,,3.91733195327124,0.92519208748429,3.0425110708162,1.10691201289214,0.0573030616835628,102.961705946454,0.0104170683619095,100.737884029993,0.0119898528789127,0.0470571493671575,0.00649111072570514,0.00131830860137045,0.149964789468585,0.149964789468585,0.29992957893717,0.188095566797774,,,,0.436556746395603,3.26366712582861,,0.809216927729709,0.0183412433284054,3.26366712582861,0.0822078936291886,0.651813021457948,89.2172886254134,89.1385174254977,0.645986436874747,0.00214937662545906,0.0121160057163116,,,89.0569814970049,,,,0.0557770938820728,1.4478577333582,0.0602755474455749,9.25906671799247,10.0179280244808,0.00290550475990587,0.00734196828821956,0.125039583781226,0.0874366946315069,0.0874366946311287,0.443353174086795,0.123581791873321,,149.242708091192,,,,,,3.54825187833729,0.160756915438696,0.140401907305804,0.0226105741150643,2.56421114900312,2.48887140177692,1.49739403733133,0.867889025800727,0.0698281488848107,3.10229843679107,7.64149033443649,,0.00551159834138699,74.8086115405686,12.1123722186911,,3.7548066683358,,93.6210447835394,37.0950206967335,34.9482406726955,2.15233986549411,1.8153601913271,,0.336531536282813,,0.00540093270614667,0.042095239207449,0.0047208073551701,0.0110182498052004,0.466278580039831,0.454129651885458,0.000200130414463095,0.000611773598840357,31.0331458829512,0.0267885801060519,1.95029589094299,0.0337150708715441,0.470271817267147,138.58061721753,202.36647707057,2.52079597130856,,,,0.208333784546084,0.0581828628875384,0.784015299851574,,,0.790915374870217,3.91662027229043,102.961705946454,,,0.0337150708715441,0.00321814155958187,0.0337026518280585,0.000450714431363495,0.00701923177021115,5.17641749250775,0.000196578725033873,5.15394515771118
EL63,571.878142366646,111.627549651897,0.262828103738228,305.4593460509,111.744977054312,64.0794130918781,0.0454934297090065,0.00405044263675545,0.241751707374925,64.5606326221579,1127.05859624629,0.00123132086213952,0.0144721818837158,1.96967733653507,19.6114639665264,2.85278069333008,4.75418046630909,4.75418046630908,13.4276008787629,2.1005826855737,2.55139854240765,1.0691439830493,3.02756869192065,,,33.0390648452893,14.0341792220855,55.6806050061282,14.4684889034668,12.9658163868965,305.4593460509,0.0411535569036977,303.628492194368,0.0508659702107576,0.139082148949346,0.020794042365504,0.0127778540413351,2.36096679107663,2.36096679107662,4.72193358215324,0.219359148082215,,,,2.30105999545473,41.5817504721979,,0.809216927729709,0.0163551302288961,41.5817504721986,0.177356968698696,0.379731258540572,645.210205799677,644.219594176972,2.95709979588903,0.0122595489137489,0.136231394471843,,,193.714368996589,,,,0.235945247075856,1.34917553105093,0.843951738468704,48.0305867686527,51.4748476231634,0.0155268769637818,0.112756054716996,1.382354299264,0.965279266605161,0.965279266590812,4.52576283666108,0.559794433509137,,734.245659659699,,,,,,41.2144036560802,6.45022386910963,0.0624372143884574,0.0958318062711069,9.55287135255267,6.42053043765629,38.6821510887202,0.3789885919483,0.117427402415236,35.1312586409627,3.38267651483862,0.151428340034352,0.0324727297879621,139.938305738703,70.6140081174724,0.120261189820382,1.63970677542793,0.689374243240335,195.719619891201,131.381622255052,233.379731470457,3.04966764967217,9.52176924875234,,3.37086278798461,,0.0167328973600695,0.027663914824372,0.0867527062334097,0.0682428046571808,2.29339201072812,2.24141315314303,0.00228828403524483,0.000267962126220703,228.236917127789,0.0179075484958808,19.2204112174156,0.472010993331334,2.77307098878606,997.911718461473,1456.61338990561,16.6793874921099,0.0298252697356577,,0.00134188047831264,0.757330662209649,21.6256163299559,4.22680230005587,2.9824407826927,,0.349188988957038,9.7472138914396,305.4593460509,,,0.472010993331334,0.0100308602392099,0.0287897223946471,0.00499076516763447,0.0380843976410105,58.0601721396611,0.0021670684798333,57.7816463705113
EL64,613.291291976395,256.212499978728,1.9304169137279,455.576373203999,257.37195055312,71.5104308198817,0.152420801278319,0.00453055971220665,0.304241213737332,72.0192613261286,1543.85284196782,0.00137816564434357,0.00971833988218651,14.5291641176435,6.67415604907433,0.823562860752563,1.37217395008296,1.37217395008063,10.6066386934246,0.711212674337574,5.14391503770582,0.383399821197004,6.05848017047507,,,17.2807947424989,14.1744015020878,74.8218276027544,0.834009100533777,10.2245408561671,455.57637320418,0.0474136463433977,448.550725507669,0.0605657086646755,0.209147327908555,0.0294432078081153,0.00805482496342535,1.29068930528887,1.29068930528947,2.58137861058253,34.1549779744676,,,,3.65517508425869,58.3371375517447,,0.809216927729709,0.0474812695610377,58.3371375518881,0.234173124595403,2.04956879659287,917.399926850873,916.572321185197,4.05736326750838,0.0172180089571038,0.100881993953995,,,198.204422651059,,,,0.202758293872867,4.59170129964945,0.705943591008753,52.1151363352925,56.8086850305597,0.0185988498750083,0.0608331598080818,0.535819645344372,0.373389586667285,0.373389586626753,2.6255828199219,0.875075014747765,,1005.88420811029,,,,,,28.3410577001437,8.29260287376334,0.451567191798156,0.0893036792051511,59.1741538245173,12.0379377239815,9.18336677474829,2.79103099769166,1.15945057439281,50.0425674610236,24.5705583524187,45.1982252348896,0.133492068768268,126.145243497051,70.5162228864999,43.221820747693,12.077458980679,1.15882964819558,212.87267571218,167.482327709276,140.434124029897,1.72692918017699,15.2448609134295,,10.3110085438757,0.760839900338691,0.0146296620503198,0.127930483041909,0.0531595898182006,0.0765036489917172,2.69065002435486,2.62252911171395,0.00143514080583788,0.00196721710115743,110.56764378172,0.00506840438224085,6.64346692876258,1.51717819351071,5.1723532777694,476.979501395938,696.095026630863,12.7391512321126,0.0460968386609504,,1.16946774819701,2.77484882945849,34.6587537982898,0.346477880403478,45.8432734573035,,2.54331281084498,9.26739591687247,455.576373203999,,,1.51717819351071,0.00985577938794512,0.104026315974984,0.0034062164146271,0.0462932371223676,39.3579455317291,0.00148268035645069,39.1770220723101
EL65,851.155483545167,22.59674572238,0.271059771669255,146.273337799933,22.6195575084818,67.0089953985725,0.0834656536313383,0.00426725602285424,0.716046674342989,67.9881226914288,1546.04156027362,0.0013017833766821,0.0109002705261453,0.763189049538028,4.97696709753214,1.3095549802668,1.39366069581675,1.39366069581711,8.07973589575203,0.632862245863053,5.88829399996353,0.343309690817501,6.98484947883476,,,13.0567029932842,0.887690292133145,5.02531616287092,12.8400328949615,0.493015920011085,146.273337799823,0.020346843167954,140.701555509253,0.0260213681441495,0.0659560570749054,0.015297107064325,0.00429616124172339,0.609776944543257,0.609776944543353,1.2195538890861,0.795529661770751,,,,0.675934602917487,12.2062816435906,,0.809216927729709,0.00729289874113486,574.601044461535,0.198226398933984,0.769534954480311,656.809215506911,654.806088453576,7.74727485698175,0.0213100654907043,0.084094123010698,,,123.653780291341,281.197381408842,281.197381409081,562.394762817923,0.718093060883574,4.59119465164513,1.82369185982596,631.079167160761,639.958934499776,0.0931882768607141,0.149523461232923,0.487612535133888,0.208979502963908,0.208979502962145,1.35833648883114,0.602549089879159,,1002.06742450486,,,,,,16.8971586650921,0.561034050649624,0.0634569240320725,0.0775531281189529,1.98628098279988,1.93219683111035,2.1066131522988,0.391625459618681,0.0228117861018284,11.6449714721313,3.45201076037942,0.531947712319086,0.0117407042996605,85.2178923726489,95.6789627923349,0.370032103594226,1.69442080410882,0.00304891249775893,125.712716411173,123.691110097767,129.430679934027,0.869423224897905,10.2039980124301,,1.06277360620452,0.154391631238563,0.031760932444572,0.0779730018408703,0.146929370238505,0.250630269745355,9.33250273950143,9.20010261907556,0.00259559992445796,0.000276120831342365,109.922024534547,0.00211106674839187,3.97474947766223,0.134860284240409,0.810794887157895,495.193615237161,722.838233492061,8.49963855994123,,,0.00752397748629731,0.470182940387425,5.19683190592171,13.2940440570284,0.0195316612959707,,0.35722241690923,3.31845160477242,708.668100617856,,,0.134860284240409,0.010700057425269,0.0496140289725551,0.0022171991046147,0.0998594808697827,25.6794470361835,0.00130288763342129,25.4280374202476
ES11,2032.45039936485,373.463462151908,0.265117421968571,385.967954691997,373.566408440155,97.4798772344096,0.552267692050528,2.03189638112738,3.24787527938438,103.34268682825,2938.54836454573,0.0212490292088236,0.0405208737362768,0.227925366062367,172.24912793202,5.89071210709431,11.1660537241851,11.1660537241991,471.630291309215,81.2272782075271,17.03817089886,28.2911069381422,37.0568511791983,,,643.879419241235,17.1297539731844,34.5413324714526,0.137717197826922,15.1981001503838,385.967954692058,1.03140040464696,380.7257260313,9.23164313672862,4.76343850750576,0.164788731773392,0.150745089161284,172.676384759232,172.676384759229,345.352769518467,0.671224833283193,,,,19.1317432102275,298.675129777434,,0.432831067863249,0.27497125118482,856.431345487265,0.689549209947207,0.0608353744127079,1714.99461773734,1679.5821598814,5.41034543564767,0.0351577247754125,0.316364715458637,,,12.4015462519032,278.878107855063,278.878107855222,557.756215710285,4.0834506080531,4.44415178484411,23.8322910988101,669.219783129174,684.322133346468,0.561901704802425,0.787916363043653,4.22987715196709,4.72464358264471,4.72464358264126,58.8002541293107,5.13019713370301,,2701.30215091144,,,,,,11.3630046551943,63.8773695845673,0.137489720821652,0.049895437674078,16.569677995182,16.3795643494176,0.0870269339589596,1.93165382289861,0.102946288246703,228.738074740268,2.51785443246005,0.0140782806199791,0.0871673573812815,0.216447885252075,165.123884922666,0.00432176776796075,2.78888118871526,,16.2442727737073,1882.35375713855,444.846809721333,15.5553625234768,64.8126288360886,,0.818337923732056,0.00161835419028249,0.0164457273712163,0.0976454233179618,0.0103690829559277,0.655289633450534,23.4340931772439,22.6291321390483,0.0219795877671294,6.05968545214509,668.144415052875,4.80031346756394,202.660673341205,0.791720183827388,19.9234633940549,120.756402829615,185.437759724989,90.0614899607896,,0.00586390234516009,0.00813815866173591,11.6250878973017,0.0255592556348873,0.0117768528397984,,,0.778874081906621,9.0895834850966,943.724170402282,,,0.791720183827388,0.0419636438218242,0.0873283861331312,0.306258156318311,1.02540136130541,26.4868787643717,0.0218638476355192,25.1693521352047
ES12,651.973602715156,29.1241248682733,0.489606567130052,36.0744578950456,29.2522682906294,36.9822812297757,0.0827425071742144,0.658568083263542,1.68298266506036,39.3084361411425,1054.18664961749,0.00918045593272695,0.01165353286663,0.0143924176612492,124.397438384649,8.74565686855803,16.0711524793621,16.0711524793085,132.108555818673,30.0127310345783,6.41960441434807,10.4589288876959,13.9642969000737,,,256.505994203321,4.54353606097115,4.79555661931944,0.0276920138802757,0.97456905055512,36.0744578950608,0.325218364012224,35.0896374623036,2.7315968841426,2.25041234955578,0.0552063763372572,0.0369139147687174,36.0182084678462,36.0182084678474,72.0364169356903,0.0276091996105625,,,,0.040436639849868,18.5266960870941,,0.432831067863249,0.0223595049101475,359.702040393388,0.26326645873576,0.013671768163991,562.352581255542,550.153306730054,2.87862522250044,0.0137292063731846,0.0938221366117002,,,6.82218960443148,170.587672152998,170.587672153058,341.175344306056,1.71607557766027,0.858818990939958,8.70672824103776,392.746143989096,400.428252898403,0.285109857660008,0.254758431492407,2.97366983892752,3.17638955251302,3.17638955253183,32.1016667151954,0.232600805102777,,1030.52462295505,,,,,,1.07075249524361,9.07726931670904,0.255065093088723,0.00731206780375833,3.65760729182276,3.37107556482127,0.0153892031534753,3.56896701059241,0.12814342235609,8.78770864688905,5.97389121571136,0.038319798073414,0.158388304695024,,74.2050775244611,0.00739477745641393,1.19690069683401,,8.28202253645611,17.41144784554,18.2178063107333,1.40137672944979,2.58489995982922,,1.96969883532185,0.030925020617,0.00624601640731275,0.0169252173857146,0.00364731961794556,0.334853022785395,9.50548363658666,9.13295529121479,0.00654707450519593,0.661718123733402,265.292135266591,0.0122632581936817,140.847639596567,0.73381892219251,0.774255562042378,43.6533121052112,67.1792613299029,1.44660100631191,,,,0.182366479552943,,,,,0.240572730282179,0.0759347146193488,377.249802201102,,,0.73381892219251,0.0153484945512273,0.0126619490934388,0.0987339974256895,0.535235649404577,6.51743779075633,0.00930244906869513,6.11374270051169
ES13,439.842824618947,13.5034203168281,0.505175812976007,14.7815555433167,13.5034203168281,3.48036889066359,0.0183033846752011,0.084288540191814,0.269968482099963,3.84365304265792,529.286831482059,0.00102628763805684,0.00336840336710114,0.431068076138885,78.2448733179328,4.90949320952969,9.97031203495114,9.97031203495084,108.320078602435,18.5742774837811,4.02403276540987,6.4503819415909,8.75961854528873,,,186.564951920368,4.72807979574203,7.42577094101454,0.0328080287452782,1.03953707404039,14.7815555435322,0.0504981617136725,14.1684731407024,1.11106006039692,1.21709291902477,0.0228733009061572,0.0390755842520436,25.3308895607105,25.330889560714,50.661779121421,0.220638512688427,,,,0.719229389284547,3.57626865769443,,0.432831067863249,0.0244343781566997,229.854264452059,0.0438392225120511,0.0074008033025206,258.968340333861,253.290783412919,1.78583637858377,0.00622989348228447,0.106571824147768,,,1.2781352265179,113.138997897177,113.13899789718,226.277995794357,0.265152400656819,0.567605224139053,4.42221682464071,234.248057184025,238.113106161127,0.136214938139562,0.313772481310105,2.67945287908197,3.17453332051443,3.17453332051443,36.8431636847975,0.128157811168544,,579.648291517025,,,,,,5.88221250994893,1.96577703834832,0.262522064668192,0.00497870251318232,0.814261066495143,0.64836967058921,0.21551544057566,3.68854272167614,,1.46502763636821,0.404854669504341,0.114902441715786,0.165891395904612,,19.5330742545616,0.00834357471149577,0.737685309451866,,2.10663685587105,2.60832045688693,12.2183213609052,0.439116506908465,1.34629733175616,,0.202563793315726,0.0392029927628597,0.00104356582713365,0.0101647018560779,0.00166073777705216,0.210467953741059,3.67168127653127,3.50007111999309,0.00723883733456441,0.145463982985267,194.559842718902,0.132844381667107,88.3199090365727,0.0244861912338576,0.743715580518405,39.8313057841934,61.0775561123412,0.616269969657779,,0.00668937036633958,0.0673558742414308,1.69762473422793,,,,,0.066381941744075,0.0727746506245914,241.059551337674,,,0.0244861912338576,0.00275080128464601,0.0096082888568864,0.0583307579354129,0.381683243652349,9.9084951243507,0.00526573637211984,9.43846799393911
ES21,348.291647045697,56.7280475512219,0.0756183235489826,72.8707695154684,57.7246034845141,18.5182257110632,0.0877885167009953,0.470712403132474,0.680447953887227,19.7518663784814,723.096421375142,0.00404097010348102,0.0124692474896628,11.5098410792932,43.5593038575475,3.7721381891154,7.6513153807523,7.65131538075339,43.2018379403942,11.8355557063806,3.80857540033002,4.12980974772859,8.28191424137036,,,86.7611417979418,0.811389308448533,38.4794573614314,0.0288143109482192,0.208546850791573,72.8707695152528,0.234786451045209,71.9855112461123,2.58923122923664,1.1810468605835,0.0373485392014971,0.0613499965889496,9.59885472878887,9.59885472879048,19.1977094575746,0.109124346469094,,,,0.238750382534828,4.83434978158296,,0.432831067863249,0.00347556125080204,149.889061892011,0.129894435524357,0.0113409159006541,456.42819051536,446.684119242452,1.20986666109727,0.0082648430981975,0.113701645095307,,,15.1461660307387,72.5273560557145,72.5273560547147,145.054712110429,0.856723884071734,0.756857802379377,6.59249634001647,155.27623346448,158.747070004684,0.124517006383079,0.316416864540046,2.05461000607492,2.42348095986313,2.42348095986336,11.9620345503699,0.280315980688997,,2159.54167866989,,,,,,7.45798114717884,0.702022900488153,0.0392334798447193,0.00370254489905464,6.34616289605624,5.2898625517513,5.15083909273882,0.602842457649734,0.996555933292245,4.06060919686521,1.71556351552658,2.27635847582604,0.0552296071498077,0.260539548993833,21.5329017082238,0.00178394618765362,0.790208310897908,,16.153704526971,59.4964462684035,43.6050236218579,1.52198287798447,3.56058174362997,,2.42921819708716,0.796717254187416,0.00326477945154022,0.0148531828775709,0.00262985316731039,0.150679937387212,4.55450266834573,4.37522435609201,0.00798830390408423,0.0717176842280431,113.020173233597,0.10000174805122,47.1656945780943,4.54198609106757,4.7807364736024,130.749532748873,200.643551850601,3.51138356934408,,1.33866147667079,1.47785727545097,20.7982617864378,,0.0224155146616594,,0.00451480387176231,0.213854623951929,13.0039813373463,217.925481625898,,,4.54198609106757,0.00897111732537839,0.0144178512819026,0.0890014473552712,0.248795127248641,10.7440222930178,0.00510695346747155,10.2320962353997
ES22,758.511392043591,300.095613525202,0.396961853706748,339.382522244709,303.259853660554,20.9281941219936,0.393808903845406,0.482101063308271,0.75518422592828,22.5637714756026,1037.85635745593,0.00736096293366501,0.0101679796866928,85.4937168055378,26.7843550767085,3.0994096947919,7.84369885147967,7.8436988515001,50.21637862201,12.6826759646419,7.99694917034121,4.44843341585792,17.3887669522319,,,77.0007336987185,19.3982875033158,192.41080343038,,14.2457345713526,339.382533343748,0.351803656951693,335.793443818721,2.71118515618499,1.46319658933713,0.0851478934151254,0.0543335899534752,11.8787338241271,11.8787338240465,23.7574676485393,0.975397543268815,,,,32.0540952997129,25.9591005489347,,0.432831067863249,0.00511147227722364,129.455285863959,0.186981314536751,0.032505667402416,495.168606015516,485.363038314466,1.43091366614067,0.0122496913302432,0.0990530808971568,,,36.1226683740254,51.7480926009217,51.7480926998552,103.496185300777,1.0817846364043,3.04249167473332,6.52782189671536,160.911339004626,164.984595964221,0.218064026040753,0.241502067249559,0.91388262269473,1.24596466326022,1.24596466322008,9.77080725585955,0.642888392941978,,638.24024100612,,,,,,1.92572529575601,3.49509016995135,0.203522542696253,0.0213303167605949,11.5845708575612,8.25181125363037,10.170781749712,3.17267140294128,3.16424013535176,22.4089113273964,6.81992291412544,9.45645275574868,0.162628732463911,6.22014472489933,75.3195297915891,,10.6168295466406,1.9798815271958,48.8264320648397,1028.26614183283,238.631950799387,0.369329155999312,8.41742354189897,,7.51808084037507,5.48320463822879,0.00437276993289656,0.0625198815125647,0.00302645122060466,0.16364912407585,8.43991052744232,8.10859955690637,0.0066753775224397,0.0550990658346146,126.729307880731,0.0647619317526034,28.4638284454678,19.0910672732842,51.1451625729971,247.560778813973,379.995924788234,79.1400323703973,0.0488146826758642,0.364401258135291,3.92443343484402,76.3078578986193,0.0408727577780345,0.0588986936715324,,0.00589073523588988,2.0818227157217,22.3823448433228,442.878707545486,,,19.0910672732842,0.0106349757833372,0.0577633975336154,0.0814331336202515,0.260313354112676,7.31694012939593,0.00848839681616645,6.9052080340866
ES23,335.812723446645,84.6781313858654,0.183018634496234,145.614291467697,85.1129566458186,4.54028401159025,0.0733747079154107,0.0884641464178751,0.255605411317062,4.95233981481886,502.349467422841,0.00198958650284702,0.00264075108444181,17.638215386463,15.0923654492817,1.44835383292599,2.47917613438164,2.47917613438355,12.2983232362102,5.68331523294686,4.42914066918005,2.03959812855941,9.63219317194685,,,27.3906886854919,2.00719733916208,49.2697109640121,,0.464403949652038,145.614291467687,0.0858983100559737,143.936714173864,1.1285076553292,1.05351961291048,0.0524236728247242,0.0342724440618131,1.1190738031768,1.11907380317634,2.23814760635546,0.0791410578337603,,,,24.9267427801706,2.46316484154449,,0.432831067863249,0.00312009762152629,106.6768893757,0.0470409361569903,0.0120254960983462,193.924847278035,189.573838232192,1.00323004531183,0.0062826408538012,0.0570510746390982,,,60.501334821868,52.1068622662171,52.1068622676548,104.213724533872,0.274836038820061,1.53574621180871,3.09227977281341,143.762369508798,146.431456496189,0.161512749884856,0.168608959011618,1.21320595559039,1.01947813266439,1.01947813266507,1.62190572701573,0.483685250377717,,311.635917358625,,,,,,1.06226003598461,0.0919462136476894,0.0935819606912365,0.00402204821328441,4.22087082931971,3.67834224833931,0.389778480468103,1.46166575695709,0.434825259953147,2.36368634022732,11.9374950038567,1.5970379038346,0.107703321048302,4.93188656706096,52.5820042924334,0.0168151412315823,1.84699087747871,0.0811276325786156,62.5899058773527,191.495427662247,58.5940187595844,1.09765762990806,6.12255770772628,,1.32685008592674,0.918494028167189,0.00133478630947495,0.0294433362186658,0.00170528346085241,0.137048015971972,6.26810355296694,6.03983439307725,0.00463306133797915,0.00753228795347509,39.987725333581,0.196727738296297,15.5385070758903,0.546858271178974,25.4736010513495,62.7141125991103,96.2575548376189,14.7894014585905,0.0255138056437242,1.25383453248346,0.636214928792105,28.9586509617632,0.00665961365426403,0.062496299530019,,,0.238460080391923,43.2861967425711,249.828016001569,,,0.546858271178974,0.00294573188609767,0.0269875417813731,0.0400521878218777,0.219683901878916,5.15842881314488,0.0060605098234592,4.89122252300993
ES24,4501.55830151399,1429.64522468877,1.34134153174033,1647.2988424077,1443.08976023298,82.8057936170119,1.70847071566737,1.16973616350291,4.0249344602633,89.6086356032641,4754.33929676492,0.0393320654741426,0.0662229860503415,420.628807785623,55.3330574516945,16.0691190224666,27.6344848837293,27.6344848837158,114.522113781146,78.0368268890231,42.886554114677,27.452722590692,93.3248258788268,,,169.85517123284,94.4334858459933,801.997945541085,0.0254287558666047,78.9522557212916,1647.29884240774,1.33294119311428,1626.88719295939,7.51713063325618,8.56631202521633,0.503160464348799,0.403414773853143,7.82768143379154,7.82768143379022,15.655362867575,111.696301548199,,,,328.220473372231,127.230567924078,,0.432831067863249,0.00619917099903108,778.241902521107,0.878176579423268,0.190404465625294,1774.37912595283,1746.46389660088,10.6315768669761,0.0726914967994438,0.906087554944642,,,204.209082174765,325.505667298642,325.505667298816,651.011334597458,4.51634316917766,17.7237442113863,18.9181871803435,1061.57714771153,1088.01341776474,1.51588465451023,2.03831037538292,2.69561386071998,2.20892383435532,2.20892383435519,7.81389253737341,3.44711633621978,,1311.14335533926,,,,,,28.6694293214472,0.891953202892004,0.70023352662486,0.233056486058388,39.7681725631934,26.0962760964451,24.7064950241783,10.6817502427381,13.4445355442032,126.215705131647,127.05080398172,19.2477099850725,0.132225002984583,38.2620801955338,563.371928882218,0.0801334406302671,4.53507296644354,4.79947988187246,209.382464426353,12893.7008908673,2033.39295327599,0.533116359963943,42.2065780410226,,25.5166171033385,3.87346578891255,0.0226955697476017,0.414325311745554,0.0159073701187517,1.27471228439214,75.9815047477687,73.7841894384891,0.062524991691094,0.122909589109783,342.43067736138,14.6515649979999,45.7104057106291,121.45150859612,449.67198196835,859.10521580678,1318.726556841,519.278200215585,0.25189546806928,0.0465426330791411,15.0422152874604,135.881290339183,1.36573605731706,0.173968796108356,0.0819007334666608,0.0132351861573346,0.632110114144964,35.2894893298551,2298.31017700516,,,121.45150859612,0.0526854747893762,0.37470474392445,0.294268004736581,1.93873441635923,79.0577702885795,0.0662466281469047,75.5812096066573
ES30,491.831787500084,161.064151386149,0.318083066601754,195.959928861292,161.414517408899,90.8684064289922,0.341273933926482,0.531895514515096,1.39139642931276,93.3519543955047,800.290635606196,0.0115861708856327,0.0208685364631331,41.1545229508801,39.1107450675995,5.69403342121684,9.77178235842302,9.77178235842283,23.0205168291457,8.93696682719008,6.55286473781804,3.16992867311499,14.2397408212375,,,62.1312618967452,7.3219132008194,74.2074601674784,,5.03322048880042,195.959928861182,0.420881811173375,193.544182851799,1.84449493044398,1.59101530378368,0.0664776622670553,0.060961801813777,3.17157730346478,3.17157730347039,6.34315460691807,0.399549175476665,,,,58.7238447723011,4.7226566135853,,0.432831067863249,0.031914323626708,179.467036668492,0.175667501344473,0.0175699466994671,266.155296252196,259.046085136588,1.39608538318776,0.0076838336955894,0.0956376537411655,,,34.5454114522839,87.3721900277403,87.3721900271732,174.744380054914,1.86243808711311,1.97439811027366,4.66950910944536,220.360890850327,225.303996627284,0.205494301546648,0.313285071093373,1.9345366245855,1.60021052638584,1.60021052638874,3.62331029279282,1.23790938755186,,6459.98050689336,,,,,,4.53196807396637,0.251863457512579,0.151733147575083,0.00212107055639206,7.57570648341862,7.21481950814115,5.38275886355724,2.23557442594839,0.350366022750006,4.37553227287072,0.461633017308528,2.15728255973735,0.0105209529385017,24.7171276430818,65.547107968324,,2.27764894489125,0.0531182859619873,36.8930650374937,26.5662546033339,58.9962166871341,0.202370813715632,14.9230742694546,,6.98480940195487,1.19621625904365,0.00715896646700636,0.0432990194654274,0.00256210763798248,0.225786627360103,8.98244006957723,8.68319789401901,0.00871117627199522,0.0952608831952541,75.813761800988,0.978553743191805,39.3527187771241,11.6799132272838,70.4037579995849,68.0859682036633,104.567099426089,8.52410749157184,0.00457603260406924,0.0276392920596102,0.956490268089633,18.9701622336618,0.217989785305715,0.00813603007311017,,,0.0380903166792267,8.67070876235047,370.704308916205,,,11.6799132272838,0.0174016004146628,0.039204999018334,0.0607494535652458,0.33882203331297,10.5370194004514,0.00800020716328394,10.037555161068
ES41,7945.8591704767,3151.56055440786,3.9697475710293,3271.5728102356,3203.90644954585,167.190036671213,2.74048396766236,2.75900564376016,9.95904185702363,182.394275029175,9384.68907179472,0.0529412025013316,0.100585355239838,688.371778717715,515.085215688035,59.5732770423276,102.338141456373,102.33814145637,384.975432114985,152.70629712251,98.2511366073621,53.4987605032038,213.713491097026,,,900.06064780302,126.236990742989,1839.56415588564,0.0047840604231522,97.6465540650343,3271.57281023559,3.00420816479461,3234.64320299681,18.8997794743152,23.3313832335665,0.813767710996013,0.683773788775634,46.3644020659428,46.3644020659437,92.7288041318821,5.6876711677651,,,,227.061706974066,317.220595661624,,0.432831067863249,0.00989099572652527,2554.5373752227,1.58869611073188,0.282325955501766,2902.55783700916,2833.00301500604,21.0384560112984,0.0924684860549169,1.10787493046169,,,67.6663606897478,1118.65838978075,1118.65838978,2237.31677956075,10.4616894208269,32.6227537679962,47.2563963841257,2777.10918144905,2838.74528991319,2.27052114462954,3.17310532039052,24.6558536364628,20.631425460403,20.6314254604025,81.055206394551,8.27592651846408,,2427.46566542303,,,,,,42.9299318864944,9.02908084516954,1.90484989564355,0.141267038610268,219.938689840511,166.317310658758,102.989169373971,28.5904366780208,52.3458951379864,308.14670827166,7.73897450666896,273.004616222237,1.09211256046296,6.8738884897858,747.917438073542,9.03181126758247,17.0140437861276,,84.8449988983883,6522.39351477244,1536.90893287733,19.3906963854408,103.325450157817,,128.743333805547,32.1083980085118,0.0419174262438462,0.657221553121358,0.0245140854384434,2.84366823594472,85.5417713437314,82.2237415979161,0.0852264604963254,0.0448065451252354,1207.38685454027,83.0166922323784,538.570106261834,309.938046752801,536.999753726867,1529.99584801667,2348.37772216505,385.479164611018,0.227763504050781,18.1832804675744,231.636643442092,833.261853650757,0.127781503275684,0.0858821006767076,0.0941665586014307,0.0892049248981584,0.154703426786692,46.9604525622443,5508.88958979634,,,309.938046752801,0.107727235364569,0.626821994506048,0.615126415479252,4.46355912630904,103.877088263871,0.0883312016338306,98.7265224085073
ES42,5731.27394471419,2931.24686360547,7.6554674114136,3956.84509348725,2951.68919545562,162.346216267928,3.21151774995883,3.04704487073789,5.59791811853461,174.276862352635,7908.20019951377,0.067931151637415,0.0931064336736518,862.639118273761,115.985767378771,27.3618101784843,69.1462797731679,69.1462797731693,155.650373864154,65.0082117515152,76.2359342399535,22.975809171045,165.826601302374,,,271.636141242925,82.0967778933719,1472.99474106587,0.0827523819452278,26.6839532457061,3956.84509348736,3.12315221127309,3923.75865840667,20.5942587011431,13.8652221374786,1.04522450783877,0.643360961395688,12.5765879184205,12.5765879184109,25.153175836825,10.798500008465,,,,756.692922905735,56.2645907161474,,0.432831067863249,0.0120561227972967,521.407103886395,1.28719444508692,0.263241334098161,2527.46212554315,2464.23862280228,10.04641500997,0.0905696688047606,0.844390195915533,,,1005.15589803174,232.571256584902,232.571256585528,465.14251317043,7.40298512056678,28.4087441307622,39.0483942658481,1052.95777302288,1085.77546273272,2.04935471469096,2.17056374804871,4.62716217189054,6.40492976572174,6.40492976573314,9.93282961377434,11.5486870803145,,2033.40675419829,,,,,,20.9425716658286,2.77033088894361,3.68125935463174,0.0549276979612917,216.126561772342,193.742332643414,176.862531757241,55.2293882055282,20.4423318501434,53.4669622605309,96.2762255744662,214.861307263813,1.75219752698975,398.030103255256,763.531033294473,10.2685076186894,60.769670082654,0.183436442159107,1067.75888322544,2753.16158828876,1037.65019681358,2.87008971057122,144.168175119241,,186.824885123004,13.4325889015547,0.0363311702382067,0.644670453494189,0.0243382062447256,1.34318622832112,95.9375081663675,92.6001815823489,0.0681295398893523,0.0272975664899953,552.773225169665,33.3248358494106,104.995993785146,172.146086538092,928.839009443827,1399.49332636257,2148.3162271792,161.773422472519,0.0600274160984879,4.04735781023559,191.100183327471,307.272977283598,2.59726351224764,0.731362693010969,0.0811888986599569,0.10851085273797,1.82125898824649,496.101463848768,4421.98760665768,,,172.146086538092,0.0809831375416143,0.558261412332023,0.509466696895255,1.96494821553143,67.9031472315395,0.0842465410466165,64.0835963526156
ES43,3633.11551819199,556.668526957143,1.43782882718851,835.677924377314,557.687468747743,42.490226667705,0.501032746395683,0.810916111627311,3.38460272688505,47.1064885914186,4151.47433310967,0.0130303930609996,0.0268036009976118,36.0101614151985,386.371691494186,31.0493508004669,53.3458751090703,53.3458751090701,151.177209265753,74.3811504791016,42.0741414276019,25.9349894620968,91.5565005656356,,,537.54890075994,68.8936394750053,217.526623312867,0.0178840899921498,36.6410377580244,835.677924377314,0.869134916930891,825.672646149928,8.96801931457443,11.8914253757855,0.288107445582274,0.284426886703105,1.76325674620601,1.76325674620602,3.526513492412,6.71230455624374,,,,48.8910661938093,101.62327827537,,0.432831067863249,0.0242234057128447,1588.50132854755,0.507763169043169,0.0871257877347959,1578.6483293846,1543.65660371242,11.9714782189074,0.0433186727150922,0.539868215434012,,,277.990455629572,743.439025136077,743.439025136189,1486.87805027227,3.1942704759079,9.07557261153287,24.8772747476528,1579.98852718387,1611.18026091451,0.992807140766164,1.52635438146489,11.2635667663978,10.8508935009342,10.8508935009342,50.9051243611768,1.20094160023482,,1073.73234722023,,,,,,23.5182615539381,0.492554590792761,0.688850456397028,0.052960577481952,18.9994183835176,8.50015226659905,61.7482615541114,10.3591087625083,1.01894179059993,101.130723684491,28.6749990869113,11.6115473786099,1.13841935666883,157.890957934206,179.645278930138,0.0482743600153274,37.6555140268526,21.8934929543219,337.416164838978,2086.48288434521,773.01064278247,0.442675685211131,14.5482284717947,,7.73013514544062,1.07846196093505,0.0122208406537185,0.16443435933385,0.0104329579584503,1.43865620515695,29.2556314964016,27.8809670089326,0.036483847878458,,920.393227088145,0.127497632211896,430.073467409328,99.6098259942473,148.500892188057,1905.43784602024,2925.68129360957,175.475706097353,0.582900399769553,0.327341435340097,9.90191065788996,44.034758680247,43.5233419070162,0.214313373842229,0.192058768430027,8.14984620182692,21.74597177684,45.5422799540199,2322.55597464958,,,99.6098259942473,0.0328725211779644,0.177112722389367,0.325082540366326,2.50557120390615,49.6056983454263,0.0374008353445509,47.1917614129482
ES51,3539.63515375835,569.091057487721,1.38800244658254,857.246715369066,574.905214220346,238.401864009491,1.34986699781588,2.46741406657507,2.6420001826163,245.052258102664,3188.00335663466,0.0240067923142444,0.0472972316214612,185.726796231856,68.9687132043943,11.5309562857718,29.1068918747905,29.106891874792,171.075636276739,125.652468734451,20.4031663228813,44.1354083477895,44.3847097803915,,,240.044349481134,70.1189856496823,369.154592851504,6.94412438696542,40.6889712564331,857.246715369192,1.54267158049395,848.555113926925,9.19845281801009,3.84385245527985,0.168277081167407,0.154362428301954,37.7077328564312,37.7077328564297,75.4154657128688,0.155573657137231,,,,47.4093989930611,95.7586322914433,,0.432831067863249,0.730955850068007,314.833384465034,0.943610696304774,0.0983886389279479,1716.68387814724,1686.93497601802,4.01563666341524,0.0321859541993633,0.317497097689954,,,282.341501148845,109.537376086314,109.537376087317,219.074752173631,4.08897111771515,6.8970271344107,17.7944465852965,318.131363020011,329.910916764971,0.339981450270224,0.616111080010788,2.42277081376412,3.34522057878334,3.34522057878344,22.9351166262115,11.2414771934431,,7419.03512490091,,,,,,12.1194870752233,10.4288912787028,0.69034126358939,0.239305941124101,20.9388452632523,15.0869043439359,16.2321984841679,10.0925378593234,5.81415673262521,85.1660400918828,111.674065604316,16.1160961703241,0.0377841866228835,97.5171822266766,137.826265766834,0.248197910900156,6.08582914933256,19.3374765338392,290.386009261709,12895.2827975001,2223.26933673452,0.858249078021819,140.57718042287,,14.1871045606507,13.1244131201937,0.0219463150492467,0.183624041031422,0.00931430102644987,0.529686223264659,16.7284670286963,16.1476356927321,0.0202638054709872,0.163700920818047,298.402273326381,1.06807139577726,68.7687326310913,17.4831405378128,64.8925395308739,290.464543298841,445.962394231193,612.894664820511,0.116315365747708,0.0415507053316696,2.62716977348248,95.8529674329705,2.36663178759195,0.110166107240837,,,1.22772311349778,61.6509873258473,1076.3214675427,,,17.4831405378128,0.0531943835795641,0.162694630124005,0.279274357963974,0.748378220394588,22.3811212218956,0.0163800580112452,21.2255895788005
ES52,1222.47298286893,234.072539334639,2.60308285839069,745.288719710481,234.485363692258,107.015376141346,0.93428144702219,1.80755235227048,1.05140542458627,111.121208374727,2318.53502493977,0.0263039371132727,0.0570042570824721,19.4249732803129,13.158301531398,3.34168562160054,8.42369268744987,8.42369268745031,29.6940704457339,7.12322909865935,13.3518258832629,2.51363535666765,29.0433700219335,,,42.8523719771318,37.8096165197448,73.1081224390148,164.051557971551,0.703398524713457,745.288719711041,1.07927721273363,738.97690098418,8.08145822944124,2.0046924481174,0.239151786876766,0.247385491502554,3.58008742744431,3.58008742744438,7.16017485488897,0.195561373030612,,,,124.875708052369,4.08355673265687,,0.432831067863249,0.985714404641109,24.3207690463417,0.543609428368564,0.0681933556136674,1239.92167498365,1215.5780359769,1.64499078850803,0.0309633305240601,0.411730609195655,,,510.803356018782,10.1186061568441,10.1186061568424,20.2372123136865,2.43195391024533,5.03107084843029,14.2049254176558,140.940944163028,146.223225759652,0.467027181039143,0.883077934511009,0.402113024533123,0.583778727149733,0.583778727149737,2.59756466723728,3.54059670947064,,4919.97417072862,,,,,,17.0651458951229,0.31311919127398,1.30361796430213,0.0356053543217084,5.10227083703839,4.25541548690402,9.03057648927207,18.9292494492481,0.412824357618568,3.34178664890527,158.462959424014,1.59243049835251,0.378543114010397,102.280804310255,184.90106366154,0.124244637208431,19.8080808365521,18.1769685457815,533.114888503839,1942.68356587736,414.094678867628,2.70004621945534,43.7023029112302,,1.48373897398989,0.0562170209942451,0.0156453565608186,0.150189312616615,0.0102409295743253,0.248723261792559,34.1409439187207,33.3525124327727,0.0321667940393464,0.428650892475973,79.184395020054,0.703477459220818,11.7681286065787,3.41174264721119,128.28745069958,180.854260761935,277.634754510778,89.2920246361715,,0.0716302934555214,1.41196884014983,5.94391731743528,1.75341755327608,7.0744242868262,0.0309433346307825,0.0245445438778907,1.51773724387147,73.2734916501593,765.525932024167,,,3.41174264721119,0.0353463254726062,0.128083763178074,0.239462077805683,0.332469673619261,41.8392521919757,0.0249852503947718,40.2078871056446
ES53,265.90969406957,123.589300481266,0.302325014717094,166.942173459275,125.799315373498,26.6414968453738,0.148285208446811,0.421715424342563,0.311870930244121,27.5681441180412,492.631768341153,0.00216331873556929,0.00696301819380515,21.5159366467536,3.40435044880403,0.718520382995377,1.64991722355255,1.64991722355219,16.6168678459386,2.84781987980408,2.95966316721873,0.995792417845668,6.43729138937803,,,20.0212182947426,2.50281494562295,46.714564504434,1.69550285676059,0.256144376207725,166.942173459571,0.291764243838864,166.024464446856,2.07105938569737,0.639694056362734,0.0253648722156524,0.0360358864680349,5.18548217355422,5.18548217355409,10.3709643471087,0.121403621459642,,,,28.4523400591058,38.5762548482702,,0.432831067863249,0.00830737437666243,62.5709548725956,0.120886345474237,0.0107756871246861,254.184479950619,248.720171813484,0.466266494292507,0.00380407761569804,0.0448182535915238,,,41.1428580860738,11.9973500123319,11.997350012125,23.9947000244569,0.502110539234267,0.709549648715423,2.9118433083545,34.0730239361404,35.6752613769745,0.0288264849384282,0.082535484381762,0.203192077709956,0.264497633342913,0.264497633336478,1.24848538007943,0.207478798883606,,1146.95364074356,,,,,,2.90813891535041,0.0882744799253482,0.155902916933379,0.00215970579958552,7.52917011362667,5.2293352450231,16.4331036424225,2.19906921777859,2.2100148922314,38.4563867549071,28.9006434681171,0.120335370998208,0.0898199760829615,7.26110135888964,17.0341318734102,0.0252854874148759,2.53513355387034,0.0476013514850317,43.9987164507387,68.0464173626114,54.9516022910954,1.69331902453955,2.49954890281597,,3.53601622077276,0.0583072040565537,0.00377215351346083,0.0285878900394201,0.00199878982003813,0.0837843290334557,3.15259399780391,3.09066528792417,0.00417335312601146,0.0315936133062461,49.9336302331095,0.258720662768903,3.10329748510389,1.55079211223277,30.0031321713385,148.906262242437,228.575027016558,15.3746678842392,0.0166321425767118,,0.0201105369500666,5.88258498555805,1.43569954331257,0.0711804342796561,,,0.312417436426136,1.32050249305548,190.936873483732,,,1.55079211223277,0.00811399060649959,0.0205105783855471,0.0576912289193642,0.100621630900969,5.10911543814234,0.0017699563743669,4.93458944238127
ES61,6639.41043558958,1726.97399980543,8.79190055953129,3676.48496555085,1742.04678589807,256.173735096945,3.97304352724216,3.2527499450105,8.67583886623951,272.415433375118,8714.23060830078,0.0482234271003901,0.107526616366886,125.437884884884,200.904782669392,27.6856758047075,47.5735560902812,47.5735560902814,232.873900224931,41.9007673285894,89.4958193010078,14.6028632920173,194.652481048911,,,433.778682894323,121.204080928184,749.367443010344,82.4774964936151,17.0277305992015,3676.48496555085,3.5224224461951,3638.94600232063,17.5653000571335,16.7756361139714,0.651444225946727,0.587115202791673,29.4117567699584,29.4117567699584,58.8235135399169,270.306894662875,,,,271.131775159988,54.8597786084182,,0.432831067863249,0.422870542491912,1381.83548021493,1.80781915090729,0.30111853818031,2815.31232025181,2754.15118941892,15.4019116848826,0.0793531513006149,1.01150161883713,,,1934.43817965278,663.487850803251,663.487850803261,1326.97570160651,10.7541550943375,31.9775570703405,39.7823746077278,1762.79012367967,1808.63407270586,1.48148834847474,2.50501050875983,7.04308098634604,6.66220837258011,6.66220837258013,38.7090601358373,8.15682905449652,,8521.0138959959,,,,,,45.2660468334892,1.34703354930407,4.34198701530438,0.0885246464458602,191.255314087541,106.047694018868,100.350900151714,63.9424004182224,15.072786092639,52.5430250573507,210.893183626974,246.857444182078,9.68994849568183,1490.68035846717,577.776140682994,2.82841072942272,78.3009843421528,40.2339499107587,2038.370334981,4271.42292466921,1202.17108553789,10.8490740464999,102.291060645711,,87.8480761892583,14.6534091765392,0.0422065205887401,0.648422635675445,0.0186959939673419,1.91564589501445,53.9623353739277,51.6371370043354,0.0665347124894636,0.969720001763331,759.777373405614,28.9425216586521,207.720032347919,124.642875521486,395.774650681474,1622.92283088151,2491.07543707775,238.706917886545,0.00799759885764625,7.350543783109,229.367626677259,103.125160724036,110.26901220494,1.69677602939064,60.3269071071455,0.117978373207404,25.2083004435647,25.2874652558577,5003.46066715736,,,124.642875521486,0.115095066146025,0.638821458734645,0.542010229014004,3.07491646609757,87.421481043206,0.0646892167718685,83.1437923839609
ES62,1085.28146696773,236.282993534914,0.633658229576611,471.394981988024,237.210828079565,54.2699349789691,0.560649780571122,0.820405197374335,0.956181487569894,56.7585772911668,1128.59191818454,0.038079600081693,0.0458585549809231,22.2579088516849,9.35894883676154,8.21822841501292,20.7599475442348,20.7599475442345,24.2388880220226,15.1004940647977,7.77002221990808,5.28314104649863,16.8977446936602,,,33.5978368587841,5.29397634758495,51.6922130061288,37.1784947659153,0.146400876475727,471.394981988063,0.645830167707266,467.427449481121,3.50131275678904,1.58872111319765,0.339896672141027,0.204801604137499,4.09089809928646,4.0908980992861,8.18179619857233,0.424447005322621,,,,98.978734418416,0.923619446053779,,0.432831067863249,0.118882649453066,17.0620760201655,0.227197068886211,0.0248274867512876,399.505652431128,387.385848938595,1.0304812661578,0.0248919214006404,0.249691558444136,,,234.184153908498,8.06922828706054,8.06922828705081,16.1384565741114,1.59369013576873,3.25950460878649,7.70503022993553,146.924367736996,150.860012932124,0.840757607235161,0.810059825424777,0.412849782248256,0.562775804144689,0.562775804144661,0.986749215875158,1.15981182710053,,1491.52751113418,,,,,,4.20771860295333,0.0850088483189924,0.321959270377746,0.056982028573646,9.06805167113971,5.19584872213704,15.3142165915989,4.68379114857585,0.927834544651521,0.820223078270478,140.260334085001,0.315988776742557,2.51297267896554,18.9400182831088,180.586531297124,0.216329883043385,60.2925142957115,0.463784322534056,297.022428056758,3200.59627690736,564.150191546809,4.91274734053689,13.9227473420602,,0.283101381599686,0.0431529315356263,0.00709292470800554,0.067305487120943,0.0055561573358777,0.153559896941053,30.2013325902627,28.9291844358003,0.0205789680704083,0.0183875194647184,114.010228153675,0.588926040802696,0.909838299375683,13.3939466127853,112.372681031201,400.183379655569,614.524269589962,146.135710781893,,,0.0565059621635455,7.81273816913402,0.657965186377259,5.41793177661883,0.431395725386081,,2.42687720309998,30.7737923115175,487.533438562136,,,13.3939466127853,0.0148320151274495,0.0552451437120711,0.0874991510980049,0.206701431261925,19.8713609517981,0.0285223536038357,18.5403704407403
ES63,,,,,,0.603431435571894,,0.00194613913229577,0.0020426686152657,0.608646309872648,1.88563756563612,,,,,,,,,,,,,,,,,,,,,,,,,,,,,,,,,,,,,,,,0.00187507978757319,,1.07941983906037,1.06983536750427,0.00289130795593601,,0.000217430679983131,,,,,,,0.00329942266111544,,0.00750757143710601,0.179527067131437,0.184888952191591,,0.000381610647729808,,,,,,,84.6562012004265,0.607420243319456,1.07481918592776,0.190715671877388,,0.0126824645115104,0.0120461722644099,,,,,,,,,,,,,,0.185525244438692,,,,,,,,,,,,,,,,,,,,,,,,,,,,,,,,,,,,,,,,,,4.03718520649722e-05,,0.000130760986695177,0.00042790848895279,0.0126824645115104,,0.0120834231837974
ES64,,,,,,0.778434710451751,,0.00108554787193536,0.00162193751513109,0.782716054088745,1.31205411254952,,,,,,,,,,,,,,,,,,,,,,,,,,,,,,,,,,,,,,,,0.000600337141137656,,0.41674612827735,0.412093456790283,0.00182556214630224,,0.00016954985668087,,,,,,,0.00364169057049034,,0.00353404689157309,0.0957623383728035,0.0995292677905431,,0.00029434490748511,,,,,,,84.4977782348137,0.781142195838817,0.414688905934403,0.103232420742352,,0.0129905900339519,0.0123139532569485,,,,,,,,,,,,,,0.100277976926482,,,,,,,,,,,,,,,,,,,,,,,,,,,,,,,,,,,,,,,,,,3.93159253660528e-05,,3.30767235584455e-05,0.000319429756306266,0.0130626623928871,,0.0125987676287212
ES70,204.833820350398,33.7101272077661,0.0884298849573239,51.9192519797865,33.9001053679581,98.7240713623892,0.137305125221532,0.580031193358715,1.2205489432385,100.951276116996,744.331154853736,0.0451190889348259,0.0424895624607114,0.187986736012498,2.81184957240209,0.942189894694572,2.37766463884209,2.37766463884331,10.871512199401,2.0121680352405,1.76272727050208,0.710629029848956,3.836205512441,,,13.6833617718031,1.35820274557963,2.31518813105442,1.18482210070965,0.706935597060279,51.9192519797298,0.301105149537607,50.9673392571509,1.20322070006151,0.999592299301453,0.127277617919028,0.0750530320241828,3.31842020818846,3.31842020818763,6.63684041638033,0.0711433348161971,,,,19.5389892408277,2.26131603344239,,0.432831067863249,0.187620508729836,46.1563920672307,0.304937959562266,0.0113807550426536,344.545851241,338.559745704367,1.58529982057816,0.0296570805364017,0.248963377827862,,,18.0191466117717,21.9475380168443,21.9475380165942,43.8950760334385,1.5904702550764,0.754633837270028,4.13079602344616,168.144605753531,172.489834735563,0.874749885323676,0.609051685775795,0.111072269090344,0.15470313345324,0.154703133453243,1.07079053328536,1.41048662507898,,2147.91014556928,,,,,,5.35337096034519,0.542327153282286,0.0467425448223432,0.00184833520285404,5.05558085948839,4.60955135278925,0.184865633261927,0.651267148475794,0.189978160191994,1.41077621591085,11.9863322928866,,0.236436799047774,0.306726755627778,197.66632852217,,3.76677090603416,,22.7481777146238,75.4387362810434,95.3361305653699,4.20931655698467,17.366457501902,,0.387648980414099,,0.0107377914702787,0.0317530249683452,0.007224368462921,0.236732395891749,50.0305205396712,48.9196075011049,0.0211419364607471,0.308212664599092,43.702010801116,0.205499852257815,2.1982342607508,,19.5389892408277,149.569188554328,229.323315435757,20.7114753231208,,0.0125858153704067,,0.307489829169907,0.0347995490818452,0.184130968047311,,0.0196145474794499,0.774639688090173,4.18716251563677,95.814328013225,,,,0.0199535989603694,0.0168399800763094,0.0648332513035149,0.303055523022094,24.3944202407758,0.0341093658522843,23.3977206462266
FI19,1175.79088700996,744.730872250603,0.206776786365685,746.294032695643,745.131505780246,67.1443469760391,0.010199498754575,0.164043977864542,0.0505641423669769,67.4916801863181,6444.23209216916,0.00249931098568871,0.0197282637102443,162.385560026716,62.3458959221863,36.9312551825549,25.296550371369,25.2965503713691,159.452569775842,1.65605952378075,49.3271962094097,0.0425347961827644,54.4271751171806,,,221.798465698028,0.816321058148912,350.301916761242,,,746.294032695642,0.113923024649802,739.976709845879,0.554673748508744,1.93528423810938,0.0500278728465901,0.174723515588516,47.4871133705515,47.4871133705516,94.9742267411031,,,,,39.152501431878,294.95434728252,,0.000622761949244901,0.0265365974504661,298.670559889917,0.162885719627669,6.05891037960411,4849.29500858293,4820.80081285821,15.3777813470999,0.049785729787434,1.56326994475034,,,1.16252691539653,1.8581063037256,1.85810630370406,3.71621260742966,0.0394353328816971,0.0757253464843345,26.01241169718,13.7440108240502,31.8984936404633,0.0475098976505561,0.300655939044675,7.20360177299765,10.1106196830103,10.1106196830104,20.8769003122984,2.00575224721327,,965.724564466126,,,,,,479.621381091604,,0.183903091032267,0.473088963073288,25.5842713674361,18.3049000867898,130.400342160727,0.816321058148922,0.400633529642872,294.951540980465,0.771847037998579,19.4757737106272,6.54886444225706,,297.81377700523,0.407712711814128,3.22377578572512,,4.43900717627458,974.608784608814,203.98217600886,11.176999123136,25.3688988702611,,3.88282081364788,19.068060998813,0.0113763775718435,0.000968116975609818,0.0918420872428913,0.205975232692897,2.78645677918783,2.60430298487433,0.0174473084879853,0.00280630202235819,226.873763320702,7.38145415363259,22.7637987082913,12.3862149656983,51.5387163975763,16.6213692005386,39.5353904521297,50.7617148634679,,3.24508015000737,,49.3182393620171,,,0.329873308744916,,0.0261678777024644,,750.010245303073,,,12.3862149656983,0.0197127555073429,0.171519507427007,1.67122420382156,0.584877856145545,746.466420284623,0.0323309830363965,744.390595313395
FI20,23.7364763942018,14.2315987624347,0.0193027381248226,14.6114217767523,14.5015818364908,2.0287764784606,0.000267562644530481,0.00197273612568205,0.0124104846619724,2.04152746014191,154.837477741971,0.000309229729312746,0.000942659261867357,1.11044189825955,2.00249897282036,0.8249712514915,0.751668023911035,0.751668023911035,3.92228883473661,0.0496510555256746,0.938732868573056,,1.03644760677319,,,5.92478780755697,0.0747857179827637,4.09783942236497,,,14.6114217767524,0.00313801935148592,14.5259157025521,0.00912144093329989,0.641893158280677,0.00322119739926641,0.00897664371797899,1.05054062309687,1.0505406230969,2.10108124619381,,,,,0.0429627997220092,6.67196736451612,,,,7.71279726049672,0.00427485425334299,0.0710253942955321,88.0683033040465,86.5152294693003,8.56738210896729,0.00249982951997047,0.0896545264908654,,,0.109839940261569,0.520414947990327,0.520414947990338,1.04082989598066,0.00454809752062782,0.0122788925410797,1.52477812024298,16.8680410567265,26.2895925863542,0.0564433976754804,0.0652820695718913,0.148689289585983,0.249365206575634,0.249365206575616,0.838409021285422,0.0169376515862294,,29.2286666666667,,,,,,3.1153621242704,,0.0181608231450373,0.00249805635733036,2.21871637664614,1.77762747452993,0.96944796924013,0.0747857179827638,0.269983074056141,6.67170372337053,0.0723763789916503,0.306322889955057,0.140005247629027,,45.9600331807792,0.0341460687579163,0.298194775840413,,0.410490651439392,0.76009973443378,2.15943691391186,0.846355602863951,0.00340202516067331,,0.121059462942763,0.272176821197141,0.000310679903822637,0.000178409451340185,0.000910641404669515,0.0412753901478063,0.649008881429222,0.584162801589163,0.000846563000428509,0.000263641145524405,7.76028688431435,0.273950734258268,1.28604803967856,0.863122272108712,0.906085071830722,6.00522623126018,14.3021272800768,,,0.810212408723216,,1.66921310262425,,,0.0311005804310399,,0.00245593533746892,,15.652251672733,,,0.863122272108712,0.000479330652006595,0.00175581526781237,0.0162908960381467,0.158590387570069,23.1776237332469,0.0023724255160452,23.0119212712037
FR10,651.874746902205,558.029004456473,1.17739907273396,562.31830082076,558.372095777661,279.790171851997,0.0389714050704384,0.151420895932371,0.106973122964972,281.083546580796,1194.51094915172,0.00552089440172491,0.010917185089959,87.3352709156386,6.45800472020868,0.895028328587335,1.09079853651154,1.09079853651206,47.0679752002959,0.618633485500345,54.2026468412968,1.60543414547595,37.2816284743636,,,53.5259799205046,44.3880939120377,365.777425508269,,34.4303037110181,562.31830082072,0.64046182377439,559.39159143813,0.169191786397992,1.39632020896809,0.025826556127268,0.0763575819298192,2.92398401890499,2.92398401890552,5.84796803780825,3.54390024965514,,,,0.679170038330979,7.87656254906304,,0.540399448926133,0.337200425590089,26.6235354623275,0.214099668460038,0.277033253182693,306.620684399,305.433088902439,0.0456837626037723,0.00364946397189924,0.0222416224342712,,,3.94620504305921,9.37348645668515,9.37348645660066,18.7469729132858,0.393363948250903,2.46701971625648,0.771283775331777,27.9505940085162,29.5481386299086,0.0179941585736962,0.035709681439116,0.720051129428612,0.631713755597069,0.631713755598689,3.2973957439126,0.470806032835257,,11570.7303128329,,,,,,9.71441559080069,1.61239755356399,0.182156060147847,0.00142190080204133,82.2622432586529,77.1756195406825,4.86847143071912,9.95779020084299,0.3430913211877,6.17053361115843,2.54255713022687,79.6417131269687,2.06915407399437,0.00371723235027539,16.0270288470644,1.50294769366582,5.86468499343872,,10.2818661614729,16.0237098208072,17.283493247654,4.90391376007033,5.61106789027945,,18.8611717662222,76.1326201453059,0.0221000189032962,0.0204417455043996,0.0223510048892989,0.0363456242258096,0.695213196436043,0.640294902665894,0.0030927568410798,0.0936313843192648,54.9527242156976,0.347724401916936,6.05365657773113,15.7993201780245,16.4784902163555,7.33257328277487,9.83729889906671,1.17891768746146,0.727395543877088,53.4105340145879,1.27874974411989,225.293964598478,0.00645676756708517,,2.67437832259043,,0.133775699389504,0.0339187800285458,581.065273734046,,,15.7993201780245,0.0233492694107428,0.123243262576191,0.073348034009368,0.0122219026297285,14.2450655248606,0.00192722069555983,14.0967466971264
FRB0,3127.24056403135,2103.23614293102,5.99474328223036,2160.30331328908,2118.28569191268,322.340560381878,0.0515557712157155,0.548436429766444,0.57880870724517,324.100558162112,3959.54909862035,0.0100618704424225,0.0336649922931471,309.721019652659,203.238646213202,24.2738439860585,20.2850444515613,20.2850444515618,298.671839250527,15.4799052625129,221.338058536362,41.7908596211833,152.394608471326,,,501.910485463729,177.516479861599,1284.58182766814,0.0679954258094166,126.647964331428,2160.30331328907,0.815806859369407,2146.54076461899,0.685580904291111,10.6978731414755,0.141499274958031,0.381532305075075,29.7120611056003,29.7120611056003,59.4241222112008,93.8941089197242,,,,15.0199821886438,201.764287027134,,0.540399448926133,0.352640272213163,465.523783314971,0.243272788737697,0.906956263901155,1080.77894256623,1074.47644651213,0.288039369720765,0.0146934562424643,0.097213041287393,,,42.0176213763996,131.879748143916,131.879748143921,263.759496287836,0.643515908265461,12.2857284047233,4.67428226375259,310.447786812239,322.397800586541,0.153421715333877,0.224718963557117,15.4916239662192,11.750537203667,11.7505372036671,62.5032965625728,2.70076144470123,,3668.26860040537,,,,,,37.4675257717804,34.2198815347686,0.937579160487743,0.0305296347315805,129.127998994846,92.8441420189595,17.264919433922,50.8685155301726,15.0495489816531,166.307782570172,12.9428671466724,390.167848958148,7.59384049240382,,93.1392625433222,7.75861144821659,29.8305773240015,,72.8822478758544,608.077619755506,201.267268990712,12.1468411678376,33.3250391436404,,48.6203166579895,326.216651235424,0.0281714287791852,0.0871847988227341,0.10111941212929,0.296422113049757,6.53566676181111,6.20435773747516,0.0179025038011786,1.23662292219457,534.993935586047,3.91862458547475,204.341472826151,66.759120576309,81.7791027649528,169.728351311064,228.289184979951,33.3285251296978,2.45873404875167,32.0769841931311,53.7338522257558,682.266675214758,0.0326784913301378,0.0158207132594849,13.5258238813384,0.1146436204928,0.681408903240027,22.0259371566101,2424.06280957691,,,66.759120576309,0.0292307950721153,0.431123431351763,0.293077044083816,0.0888704428267109,65.4328172545873,0.0116327073587013,64.6777854485745
FRC1,2779.89788999783,1013.43135492938,2.22753428215396,1053.20726464804,1016.18756227429,195.760995670943,0.0301540750641631,0.390511349392946,0.829484882352345,197.178814241475,3180.10913223812,0.00704804908440062,0.0202843800442969,187.32636563069,496.335008281112,69.6180566583663,48.5509235442063,48.5509235441866,363.61752516345,36.7567072752185,170.686128924952,98.9227482506852,117.432797117186,,,859.952533444563,62.9050200641567,579.745529754407,,44.0047995966969,1053.2072646482,0.518019688694787,1043.47238683718,0.464615752113891,16.5038132897481,0.0972359900674087,0.242464420695503,27.1864978922607,27.186497892269,54.3729957845107,1.02559534636689,,,,2.21924518244143,167.627619588855,,0.540399448926133,0.126494840773779,940.067507937794,0.212802035951927,0.579463246894735,1077.88451734235,1071.92070473084,0.506781955559745,0.0152342980415087,0.0796189166647558,,,37.0197023739129,386.219944175393,386.219944173321,772.439888348714,0.642230297557834,8.8227106756741,4.77012893982909,781.205783253271,799.650580217354,0.237372011019554,0.210546585117312,41.8576985537999,26.0672020704187,26.0672020703674,135.077092506274,1.22894988553307,,2325.9883169211,,,,,,15.3411152845965,34.124530206314,0.349797783228851,0.0290183986802102,37.6923558576334,29.0144190045976,24.3790872908401,18.9002204674697,2.75620734490822,133.261820460873,4.80884106549701,189.699887110987,0.907595322708859,,64.0575323728478,3.02622602952831,11.0741336999804,,48.4735450523798,201.738881231219,94.298203556518,0.576486722526025,15.1513983069885,,26.3411642506119,158.552007427133,0.0213259323711697,0.0471724286935725,0.0781039093663662,0.451589240475455,5.93194446276221,5.56373440456672,0.0128261730727686,0.241268921892766,886.594834564685,1.41887195375432,481.074066336869,27.7490821011094,29.9683272835508,136.725370803263,183.817210347966,14.1132182700695,14.9962034322023,2.09676803136722,13.1254502221236,302.69058946859,0.0121768887259397,0.0233918444072138,5.01282590416326,0.00130828134796114,0.253214137710117,29.5979605099025,1825.64715299675,,,27.7490821011094,0.0234406159404884,0.255377384595933,0.260452660761916,0.153127596014441,46.2560113259816,0.011319709983625,45.6902708503811
FRC2,1181.45065893073,255.375656948861,0.286533015918748,258.100040855578,255.489518783973,96.4613460098569,0.013775672714442,0.253128188972839,0.428579229403705,97.1695688432341,1628.14932529149,0.00393128000588657,0.0107926581451499,27.7170346374864,87.8486034246819,27.6038051436821,19.2123563795239,19.2123563795683,372.110901113638,14.193006749541,65.7567735223009,38.6007356354057,45.24944046526,,,459.95950453832,18.7078480055475,106.477438058871,,15.8571132885284,258.100040856815,0.228057515072404,255.285074420538,0.257062643141733,9.0338767548648,0.038352562405316,0.128859939142775,104.38951944634,104.389519446335,208.779038892702,0.0258971760189109,,,,0.120653205796684,99.4630236452579,,0.540399448926133,0.0557063593178458,525.830356270738,0.120485331416679,0.178996557083593,790.755596880033,786.669507717051,0.295273802838291,0.0109929178378219,0.0484358336827065,,,2.61052207284215,213.183666312603,213.183666313202,426.367332625804,0.33670476423756,2.53657542746747,3.34510530233191,442.688098053429,452.760748160535,0.153680155291129,0.120584078119509,20.1404396149023,11.7299457892932,11.7299457892883,85.5759055318819,0.108248977718801,,1076.64719559369,,,,,,9.29901111719298,21.5640433537949,0.0466827082220833,0.0176830145756077,2.63610591297378,1.49107967033619,2.57671565234317,2.85073471709153,0.11386183511244,77.2580581617852,0.70297676842271,39.7501332040839,0.298124950693761,,46.4577749684028,0.406086737292758,1.64070414138234,,4.34279045367611,192.794711723624,37.0237809110319,0.15848123186597,1.32944054689693,,1.18865634846542,28.3286526122335,0.0109205676183581,0.0145615137602479,0.0533990899039208,0.23011922292194,3.84074925892575,3.62651193594093,0.00731658922162313,0.640922129353619,467.319553107238,0.743414180593429,50.1304483325457,5.30989637524321,5.43054958103989,37.8029157400254,50.7609782083074,7.62964390665265,10.2317087148321,0.143942090007535,0.783685139725608,56.706528406809,0.00167994537872427,,0.731084311828601,0.00195514500005329,0.0358578800743991,1.57264963495927,684.467373481382,,,5.30989637524321,0.0120546550315085,0.07105726524671,0.177393938637822,0.0848010970772518,25.5226212919452,0.00728040744468674,25.206632193634
FRD1,2602.4472115147,697.334300716197,1.64516255832691,702.972238704544,697.510099758379,184.7324600811,0.0273315381985322,0.136443419393176,0.535528366853566,186.0528871735,1776.99530843613,0.0055977548008806,0.0138702505727683,54.6190376234268,309.824141167354,136.11409311954,123.287135552994,123.287135552994,782.999214660616,37.5480097819643,118.05670840446,101.555343832471,81.2946223241693,,,1092.82335582797,29.8297903875045,294.351277939019,,15.9573818169878,702.972238704545,0.462623058881924,695.803678645263,0.184606516784485,10.3523243712415,0.06084265757884,0.14417151507123,226.705874334988,226.705874334987,453.411748669975,0.287531465990281,,,,0.233600016934176,298.467332987575,,0.540399448926133,0.200842311180139,902.61850535126,0.149404655968071,0.32588240380824,247.479106494395,245.434847424242,0.246059880367828,0.00446850429878447,0.0366547086143441,,,5.46213894616595,302.075586181845,302.075586181841,604.151172363686,0.671801048470021,6.62640101328324,1.62497256109121,611.617287772955,623.083339712664,0.15388749392574,0.143352559292792,35.2702572721701,28.1621994259951,28.1621994259958,176.332545185128,1.4168777177599,,2099.8641262586,,,,,,8.9478722781371,180.234617473491,0.252548997769723,0.0603281603601684,29.7235806766676,25.3299874356182,12.1688601757953,13.8724085705167,0.175799042182583,115.380957992582,3.55533521407933,54.0229493155596,0.46061344126313,,27.3920314218648,1.35850809280679,8.19963677320533,,14.0495460147124,1045.01443342582,202.500444618502,1.40121725053303,17.3841185075954,,13.9375286084398,52.1838758305899,0.016903209144539,0.026477923569385,0.0214066691877419,0.242991969662259,1.82363902868179,1.59298285814055,0.00648657754522035,2.85175752150059,1103.89606323947,0.234897787428798,173.049738469556,12.1239517540772,12.3575517710114,56.7370354925836,76.4480794606613,50.4186386298709,0.0594247425652791,9.99124157664533,0.421140649597537,197.211160498874,0.00909217598995644,,3.75718075760368,,0.186927984161001,,1307.12341106823,,,12.1239517540772,0.0196951199381142,0.162467180417855,0.0768299036922619,0.0891473515844102,15.5840973223423,0.00585975993700641,15.2395617112459
FRD2,1267.14704052021,620.79293899292,2.20838674136946,628.250101451245,620.91756767308,125.924174154699,0.0190872640504649,0.113743277801075,0.24395562239406,126.760773599357,1235.21952209826,0.00351148115444792,0.00943726914556274,64.153483767213,127.927369336876,41.8765475746917,48.8271930166291,48.8271930166286,263.047653138991,13.6029954319528,74.7640226938558,36.8436389066019,51.4830026606926,,,390.975022475867,26.9081504445258,368.610175333172,,8.22635599574035,628.250101451246,0.33405563908931,623.18590337707,0.163986766280142,4.69227799323199,0.043942293127207,0.102452680901815,62.0463702552398,62.0463702552348,124.092740510485,0.343049941247275,,,,0.352371754678677,76.1313519089394,,0.540399448926133,0.0913926501480174,258.315445924815,0.117228691531297,0.308343354502985,268.486597517608,266.991973106335,0.1351111534894,0.00398158340777435,0.0295060128413135,,,7.33253377816546,91.09204700797,91.0920470079264,182.184094015896,0.359971378010833,4.57365955307607,1.1308273733937,186.263797667505,191.499110629682,0.0614274998665759,0.0757811185278464,14.8290449953803,12.9696945063171,12.9696945063166,62.317254018302,0.654936030207372,,2644.58580822978,,,,,,9.46431022361219,48.1127294694543,0.341678822186844,0.0181466685303411,59.4966821158603,53.9845845324177,3.11625100878294,18.6817944487728,0.124628680160696,23.4980408904897,4.77036220785981,90.9024732161005,0.369622567600187,,20.0736452905014,2.17795832515888,11.0017451242892,,18.6766367848814,278.322558118712,65.7378225771987,14.8551039895169,7.82209346390826,,12.3494999189137,88.5571853689223,0.0116470692946211,0.0234325748903733,0.0186577485098013,0.122364835609554,1.56759244811437,1.45110351292654,0.00452143422812313,4.52058154897471,397.382375522863,0.157815507276219,89.0272209585042,14.0804103376331,14.4327820923118,32.9030948047721,44.1943633415854,14.3176694921012,0.0637979197151504,26.7799806239861,0.103531602304108,273.931424664139,0.0121060067487698,,5.01784633568281,,0.250965232279337,,810.434195467141,,,14.0804103376331,0.0136966667385693,0.139675327626017,0.0674092453120061,0.0416033574628439,18.655346452255,0.00362607763189014,18.4336479366116
FRE1,1521.75196584023,683.075763075557,2.36593993867047,691.318785844219,683.435876906891,170.628648772637,0.025527897459618,0.108059239468471,0.256370759111452,171.533831732398,1243.00204227318,0.00487642607873606,0.0128146283597032,53.177861034674,123.739264246042,34.9978324953104,41.9165467300636,41.9165467300637,341.907201663605,16.2034960027718,76.3905672408164,43.869477214119,52.5701659490259,,,465.646465909647,35.4198587063033,392.266734436405,,15.3271049391573,691.318785844218,0.387311933617479,686.350607598794,0.154096647594897,4.41684862276247,0.0505542982587983,0.124354334395965,90.1212755017299,90.1212755017296,180.24255100346,0.488565148604474,,,,0.168837029010666,83.7905784749917,,0.540399448926133,0.321763815158774,232.011704842469,0.104356929840961,0.271955300048914,176.992397224158,175.782079534193,0.105871292079188,0.00314855502304539,0.0288279248411567,,,7.88290893732736,74.1105631837432,74.1105631837352,148.221126367478,0.385319671973561,4.50340542423067,0.877055793451388,175.360696979808,180.297354845534,0.0729231884088459,0.0874202100104998,16.0522557805226,14.0331113460306,14.0331113460306,77.8014447411894,2.17596422148311,,1271.24021849175,,,,,,10.2560035863556,63.5273601085319,0.367668243975273,0.0374188642116138,153.043409646396,146.691308894337,5.64259762297748,20.0927537671459,0.36011383133425,17.3335988890092,5.12607161872567,28.9062864823131,0.539641693037572,,44.6798975185673,0.407828218977326,11.821439646696,,20.2955985466139,921.952690541696,216.565587718886,65.2785834235854,25.9729388665307,,5.83203731708387,28.3489940803687,0.0137730292535823,0.0274697135846563,0.017158153797116,0.119466564804097,2.41137796535365,2.27541359676527,0.00590024598707971,2.92961947744931,471.448069084478,0.0604006500333701,90.8614699627623,12.8473412284895,13.0161782575002,29.8101109823168,40.0055624642225,65.6952475780377,0.0508960795774075,75.5806881536699,0.098568103389665,297.477451273813,0.0130018484143249,,5.38243313102096,0.069912096663936,0.269486147432581,0.0102272875407393,839.539912211697,,,12.8473412284895,0.0144213950744713,0.139819910093277,0.0539478556509152,0.038100626964422,20.4482946615146,0.00446190081901457,20.1889773179202
FRE2,1832.05619899154,1235.15513665562,3.35487191727833,1250.90294535526,1237.05191716551,171.064869789808,0.0280047918004342,0.16130656915909,0.279479397612856,172.138630351129,1955.08875129739,0.00492148995801722,0.0080363670184537,121.572251119474,108.283487380315,30.6896851851861,36.7801066690279,36.7801066690271,278.361245117278,11.8611967996888,125.63049617733,32.1358848354133,86.5064643049293,,,386.644732497593,63.6100521460159,741.25388537676,,35.194685676083,1250.90294535526,0.471990111745213,1241.84319821028,0.257162971332119,4.86092441322042,0.0728471232883899,0.0770001933210551,57.4238463778526,57.423846377854,114.847692755702,0.256034883562204,,,,0.313724232494483,66.7167046493209,,0.540399448926133,0.10828547531694,187.330601411264,0.163810223101998,0.644532109452266,368.633466284341,366.964312868343,0.143267049233087,0.00551859448154399,0.0210020605260463,,,13.8510281897471,60.3069483810018,60.3069483810315,120.613896762033,0.40216409899611,8.06001507616171,1.14237326231048,144.512381529667,149.983087197638,0.0683152025174427,0.0449313469895301,11.8468859822525,10.355260755395,10.3552607553948,55.4935679042443,1.34833355667943,,2751.09200484413,,,,,,3.26958661895474,42.4236072982575,0.520456920438606,0.0137276352135856,240.27527367053,230.028814164295,9.22934148749102,28.4153664698218,1.8967805098975,22.398681928365,7.24576276566022,144.496673726912,0.655946902474115,,39.5302259256766,2.55474581057651,16.7116224755317,,31.0522141721814,172.40264428931,73.8946243766577,49.0784006087282,16.5665970552066,,27.5614678918822,141.322000617549,0.0189079953227492,0.0566974875431189,0.0292489270462999,0.148765621101213,3.00145232533031,2.8457687361447,0.00349991286441923,1.89441542260801,396.378412245494,0.817672385581342,82.1836452661136,26.7944695271499,27.1081937596444,49.9323256705753,67.1690259364429,9.32045744274228,0.114331344392479,153.388945663778,0.505595954393531,545.768533354747,0.0183322812504053,,7.60951329660475,0.0842187971649057,0.381278031585577,2.71160430511971,1371.51684211729,,,26.7944695271499,0.0168881321527432,0.270497680035487,0.0790616861515556,0.0382691868038887,10.4291697836942,0.00408117894020869,10.2746999029749
FRF1,498.655019330077,237.415864389976,0.397894522731021,254.008847047907,237.480993492678,129.482324106327,0.0182845149811044,0.172948307573722,0.162722426360747,130.088539410182,831.895599241739,0.0037584115960116,0.0097289965418751,5.88670856885283,31.7736992023196,10.9640348999894,10.4197228476687,10.4197228476669,92.8750492991242,4.19802355678999,31.5556976539243,11.2495040736972,21.7275908313822,,,124.648748501444,117.701368611278,179.289692315957,,113.743857938389,254.008847047929,0.235954057034102,252.122546078282,0.144307556695279,2.35558516040892,0.0242697813233661,0.0790827127991398,22.803413746585,22.8034137465849,45.6068274931714,0.00322909014601719,,,,0.326411466259976,25.6217708850257,,0.540399448926133,0.124475119029575,100.565175225454,0.0923357309727127,0.130007003036981,338.848417221728,337.050741831297,0.0744940830331662,0.00456460459356218,0.0240211336009535,,,16.5278535552508,37.4717021703052,37.4717021702166,74.9434043405219,0.257381992927406,1.66888575661294,1.37065686131354,89.8671544749625,92.5448151522407,0.0478808466935192,0.0558939054070656,4.06322275861899,3.29144143109729,3.29144143110306,18.2245065671152,0.471575680597263,,1726.13889966831,,,,,,7.80641910848526,12.4871613256693,0.0647831049370637,0.00883273090851204,10.4176868381914,8.5197102359988,1.23701589701281,3.95751067277816,0.0651291027022972,13.0643614670404,0.975783312762563,13.0560456508593,0.190792536232635,,26.1999721129152,0.111921740756986,2.27851852619062,,18.9806268005212,187.005378441379,45.0540194402039,1.53541842873214,5.50610748299797,,0.322719322802892,6.48504167282894,0.0101906199222483,0.0119595082580433,0.0277602374846465,0.0634957010480518,1.86911917042218,1.78549747209722,0.00416724628663533,0.0702480922223482,129.14030149059,0.162145246642217,20.9330519295557,6.31661309118623,6.64302455744621,23.0714608779934,30.9763722100423,9.56899617284287,5.82457620170262,6.66157248446426,0.634506035570794,54.2992249021353,0.00233305893424914,0.00747622077776217,1.01521620418624,0.626838759070948,0.0497796000496986,15.0795833351086,328.952251388429,,,6.31661309118623,0.0103529029981009,0.0571641867681275,0.0820024273536261,0.0213633064228711,14.5358612392376,0.00314805411858788,14.3629672446012
FRF2,2078.41644835578,1291.62674581424,2.54264288277375,1333.19407112136,1294.56681789944,191.695180774471,0.030350808225846,0.299784541778938,0.339604955598827,193.07423802232,2576.17503726264,0.00547564444810797,0.0124156677957544,276.165874692031,163.889214667545,53.1245235073948,53.2074587477741,53.2074587477773,275.752769269603,14.0727514884425,143.542337437227,37.9708175399472,98.8866106264776,,,439.641983937148,63.5458485829634,750.664282028292,,41.9236826098129,1333.19407112149,0.588274058069822,1323.44456958461,0.422773969199999,7.02813032684913,0.0834903204748235,0.140727222994066,45.9267499130786,45.926749913078,91.8534998261562,0.34103825718263,,,,1.39802523968907,129.531802676222,,0.540399448926133,0.095243717377055,346.074231907369,0.199590477706522,0.636856375601664,782.486375515639,778.230482591633,0.208379004394634,0.0101104515379624,0.0416097489977176,,,38.6272532220441,108.271214615583,108.27121461559,216.542429231173,0.550229152885541,8.74359341726636,3.28990946994232,234.305876684018,242.129581509878,0.092298687408754,0.0925048048196441,14.7850897126307,12.201118124295,12.201118124295,61.0104980865025,0.803119045100588,,1891.70424559236,,,,,,10.1239702392568,42.1917639250836,0.400212702537121,0.0208688705163823,165.997816561008,144.344883672077,11.8281618268582,21.6221659731468,2.94007208520632,86.758119558371,5.48749657311542,201.744181959853,12.9030951882319,,40.7539531327685,3.61631278628695,12.6435356008239,,51.6550728186968,376.050330293401,89.0379640661004,16.0315128319432,9.62975748531871,,32.3384287452978,188.559082197501,0.0197770395949893,0.0514893600416128,0.058794275245588,0.189951678449675,2.90483329202594,2.70783768513715,0.00617303050289409,0.581919192741868,453.027604718053,0.463107193783526,119.974501809386,32.2028898376246,33.6009150773136,68.7749819342027,92.3042088790591,16.4160999698414,1.97590022859845,95.9749420947964,7.59288674746739,398.320251475477,0.0137890527234212,0.0158365040941006,5.71202668566546,0.0977389298667971,0.289040278451467,30.1672755068005,1549.73650035253,,,32.2028898376246,0.0211865195998996,0.287211575676539,0.184630667895662,0.0576388605790343,22.3859378012891,0.00562050301952364,22.0925073261794
FRF3,1805.1170387528,712.579090458872,0.805634697348783,715.985486099683,712.87587736912,237.46914391232,0.0347861534128303,0.39741123825207,0.548064876517232,238.921279273285,2363.17073264813,0.00680085901821284,0.0148031849463926,147.84502259474,232.505571359411,85.3490448973977,74.2799230216533,74.2799230216534,384.900295708517,22.1709915676951,107.850461677541,59.8407567938391,74.2071311621473,,,617.405867067928,21.0588902945165,409.563642509342,,13.0420746287075,715.985486099778,0.511782710928796,709.448683417426,0.369042573045787,8.96516119346793,0.0601958213584589,0.123740258473324,90.10442657301,90.1044265730093,180.208853146018,0.00342160797630286,,,,0.211682711904969,143.037968577423,,0.540399448926133,0.0979489505687104,553.259029580947,0.229832161848024,0.426424684149039,957.689844819529,952.690800274378,0.294903165625539,0.0122077830575878,0.0442098738878744,,,3.1096087306588,205.110530501477,205.110530502201,410.221061003678,0.664872791192711,5.86214401257393,3.94908248823506,415.369243827457,425.515401532986,0.124372952408137,0.104361987169118,23.3834328320507,18.3737643074632,18.3737643074662,92.2443620011889,0.296154359235659,,2129.58470766856,,,,,,7.53953800609869,80.8910827337011,0.131310261693453,0.021054770413716,20.0067855755547,17.5440563600674,6.19233416037512,8.01681566583869,0.296786910247332,62.0741842711493,1.97710546528607,117.447606566729,0.0529707122754214,,32.8135234458527,1.80298107926089,4.61237031036147,,7.92075875309437,185.530401110648,61.5046245815069,0.519587243304432,3.60225820085879,,16.7257423324164,106.704677391259,0.0222358908268384,0.0343318826887275,0.0672419850759727,0.255807981945731,3.22396523280086,3.01446031520824,0.00653337548997529,0.0727015724178944,642.222154573683,0.660438941816496,154.716367037433,17.7970414057903,18.0087241176952,127.573406033864,171.086445781432,10.8575113936841,0.806330102851431,0.29872678445809,8.13361799335821,233.803534909887,0.00472362365695624,,2.05524717702812,0.0577244158249025,0.100830761502832,0.190834682676094,1126.20654710336,,,17.7970414057903,0.0234118061695183,0.179115949500393,0.216266260554508,0.0822204879568347,21.8347556897487,0.00592750175022842,21.5411070097814
FRG0,4894.93361380771,1700.79673166871,5.87353454500145,1764.55872060806,1708.45577904125,381.534858229301,0.0581656135387338,0.249641456056515,0.696132703283181,383.731480657189,3235.43832912864,0.0109503128982104,0.0310062856661375,80.9589855346116,547.511381420021,126.34852370154,119.369297074725,119.36929707472,1062.01363400355,67.299716193183,208.283188860817,181.856948276538,143.301485211902,,,1609.52501542357,180.015967124788,717.709365966636,,130.363312661656,1764.55872060863,0.898713656811758,1750.62038705009,0.379963722517358,12.5943927681619,0.129501215360838,0.31260113256151,268.928969372766,268.928969372762,537.85793874554,37.3114380318613,,,,0.452471014895557,768.85688217432,,0.540399448926133,0.982083479421908,1276.5906876387,0.260384071068921,0.757995627468169,446.002641706433,442.929477383396,0.316644655791037,0.00783984988141959,0.0764532054121692,,,56.1029415673851,253.866902732574,253.866902732132,507.733805464706,0.966392850211534,12.6453473730984,2.2621947153237,562.890180437551,576.995605564745,0.197630826489416,0.235537659966047,62.5547265039814,50.4991691174653,50.4991691174633,267.362875400701,21.7378936620532,,3707.43034627753,,,,,,27.6246267451215,271.11870696543,0.89704117217337,0.10972963001768,50.006391917682,23.8178281417239,9.67571926073827,49.6526544631119,7.65904737253449,494.743583002247,12.7159336779054,109.785944852785,4.85154558103943,,105.787053946667,2.34208940795529,29.3821547797985,,87.1353601493069,2542.3777835907,1013.11607231138,1.28101820975378,265.717283628522,,21.577453634334,76.2019807889898,0.0351553025663787,0.0825378219130117,0.0443197376464826,0.381776080821373,6.7742314590971,6.41682649468056,0.0162820895200874,2.99459220631775,1639.52994527692,0.914802383194811,448.260164018016,30.6123045327604,31.064775547656,153.870126918642,207.085096010103,118.816560609429,0.799204181100195,0.959356297561577,30.4426704747398,408.832453631462,0.0323588346557021,0.0238637884124742,13.4867778663795,0.191192956079187,0.668180322700464,36.5602095492377,2272.29252607277,,,30.6123045327604,0.035976547228446,0.39428712252309,0.137044691497954,0.116478919140419,57.3756491325427,0.0114827597865808,56.7037687594175
FRH0,5787.82974810889,1570.74481266862,5.64275212615072,1590.69892949733,1571.94545085509,405.968682251623,0.0615315222255955,0.293897793701589,0.47732047572503,407.700629471928,2746.05443445712,0.0114529995707794,0.0206510672477101,116.692517508252,207.464075834142,60.9592843690152,64.4480648730569,64.4480648730549,1191.99280090517,52.2945587962631,162.776365434689,141.067721354183,111.994605316554,,,1399.45687673931,178.150629147618,633.387500378841,,130.389814176609,1590.69892949752,0.75930021805146,1579.5532145673,0.367272346571542,7.11029294935064,0.105959149871671,0.160807504250851,384.051005753254,384.051005753263,768.10201150646,2.04373337740366,,,,0.287382927534701,802.073052106518,,0.540399448926133,0.791008169213446,962.626542703583,0.235082166210488,0.708825615166395,476.955006473564,474.197369525754,0.191432166558122,0.00796530861835419,0.0410074234876825,,,18.7534786424349,80.2767452991223,80.276745298436,160.553490597558,0.682684441809675,9.97090126506386,1.92577964900163,234.320769427193,242.338720499502,0.128047355519183,0.0979297010623053,35.5378556639329,29.8165545239712,29.816554523957,219.880590090563,27.0380409057822,,3274.8356937543,,,,,,10.6502374130541,329.589342608364,0.865172904905147,0.401259391154503,36.8178457694652,21.7354820587113,19.5598784786785,47.7608149713694,1.20063818646415,469.088735175117,12.2145472062158,46.7748620048303,0.945047613850135,,99.4961410033934,0.81474084975196,28.2180534819173,,48.4045452112231,13403.7787654774,2637.12045127469,12.3994032102513,330.189975998009,,8.99324103441622,45.7189168628639,0.0270146643708095,0.0636233954675028,0.0414255722164094,0.18090231001188,4.74817091506878,4.48634346737647,0.00704411594447572,3.3949743225431,1410.35827311651,0.360235722184197,138.708669751714,22.9537410994125,23.2411240269472,55.8783565788452,75.2537598799065,542.747013024901,0.073928825120129,0.342837814023053,0.167275467094277,316.580506144344,0.0310064051622183,,12.9255594292804,0.011118481179964,0.64200491765846,,1751.25242009489,,,22.9537410994125,0.0278657298612625,0.340833132290155,0.129261586327058,0.0580031706627224,23.6129775995359,0.00840263411231605,23.2855377875431
FRI1,2390.00345322676,876.933551799475,2.748001705993,1027.91982319277,881.04639209368,298.710069138026,0.0445265859354343,0.781861891696402,0.929821604336231,300.511029378716,4176.67924864592,0.0148514887734256,0.0392899266176439,23.3051557593126,227.879898439899,20.8054244898758,14.4812407895256,14.4812407895658,271.691979407264,18.265392318319,146.987031111689,49.4653022395674,101.143294611821,,,499.571877847162,300.187310188173,441.25480247079,,276.929544240065,1027.91982319271,0.659702574734173,1018.66394266472,0.738877549293077,17.367081225158,0.148186026089821,0.437338535296358,41.053076768646,41.0530767686457,82.1061535372941,3.32251557203938,,,,9.80636045240616,252.833068164841,,0.540399448926133,1.00647337275301,757.53244212174,0.289288292032767,0.616753249808781,1944.99264808437,1934.32796870676,0.545529217781814,0.0299664183771128,0.141350649483348,,,146.873431099033,252.349686978383,252.349686978402,504.699373956784,0.789938004941167,8.27483522520675,8.52610675412548,780.359734462646,799.819424745555,0.483288044609589,0.352596067719241,21.305644784918,11.9754133365512,11.9754133365483,64.4746285468751,5.62813380421485,,5071.47838688404,,,,,,30.8906223363433,43.8901298344077,0.430619674329738,0.033950219486516,22.3607766299271,9.96055020320586,4.6723186201608,23.2577659480317,4.11284029420476,208.684627395097,5.90571118495322,114.922461922039,1.60198679112153,0.0192749359624225,367.665751696933,1.54667210148955,13.6146065235625,,161.805946008211,699.327651297584,357.812378230044,3.83944141309515,69.2599262542974,,5.92805229923417,16.0540710503093,0.0313130219539731,0.0611474140096294,0.160124684470403,0.458952394638659,19.4680810948706,18.7653248673864,0.0260777520170137,0.258310935451053,592.29319755307,0.979442428114074,232.211036456367,24.9364075444415,34.7427679968477,476.467502886721,639.344314896927,38.0295673565883,30.1279180965714,0.19305649084477,67.1938006736688,108.788059903066,0.0148569719779257,0.164028315790393,6.15749473039805,0.52790461102866,0.311435012862479,137.590938310027,1532.61919714955,,,24.9364075444415,0.0307183470195204,0.258618053045439,0.45770849803194,0.158305840993409,83.9682421496927,0.0264642496337636,82.9715892185608
FRI2,1613.72714980713,287.286150383759,0.781550448582273,290.179549353436,287.530264299615,173.141399990897,0.0249727394098061,0.227891558082521,0.666576554345812,174.060589822014,1703.07661356831,0.00707599247872122,0.0179489181249709,7.59064225296427,451.413151874915,55.0372354147231,38.3828624031861,38.3828624031775,219.574855494615,31.2796997223207,81.8967466932604,84.7962062420346,56.3511354136552,,,670.988007369531,10.0330775988963,39.6867479053966,,3.44926130610986,290.179549353438,0.252139670839514,285.631851978011,0.167677674523332,8.63585769102641,0.0444860752825528,0.13629999275077,15.4237435331857,15.4237435331913,30.8474870663481,0.158045055658581,,,,0.0374130920623184,235.675015622619,,0.540399448926133,0.0158717022092564,799.794541249808,0.151758989236717,0.262594462584453,563.114352064331,560.167104832732,0.356482900911184,0.0098522235457589,0.0597063767431006,,,2.64928505382338,282.059762813666,282.059762813419,564.119525627085,0.481038457771717,4.12015902508871,2.37339543873835,621.787801200845,631.866889992502,0.23466566543663,0.165401124564598,25.6947199816413,15.7877754870826,15.7877754870566,89.5359488838774,0.273803888078877,,1089.93577398184,,,,,,13.156402047967,28.1490209145262,0.120963057737584,0.0275616796507225,2.92725175798411,0.748320647555545,3.44716175620492,6.58381629267152,0.244113915855583,207.496446809155,1.68135558086868,3.96988092726388,0.161341724175409,,98.4461946533583,0.0200526138426887,3.87618363683239,,6.62991142405988,224.993236540881,88.4400674570821,0.23654053129124,3.2207005901614,,0.511780116270938,2.37108081637071,0.0167654377350635,0.025998367478048,0.0427093741370924,0.308585178966297,7.01509528435465,6.70794701926037,0.0108037279325017,0.0295478990407865,720.407029204812,0.950115064400135,463.351495598395,1.2533286239464,1.29074171600872,253.687477375812,340.919050669365,9.37663472037808,0.127110768596069,,1.45163672845442,17.5077061773873,0.00427732258883791,,1.76640019387198,0.00707527651896261,0.0885710311892147,0.0611386440516438,854.299074980521,,,1.2533286239464,0.017487275537614,0.113972780871586,0.135573186076783,0.111586466464521,36.8401370516651,0.0110683083502584,36.4499769115507
FRI3,2573.74602376957,1479.50995170203,4.60143317646886,1585.09770763705,1484.34533066555,244.19603101725,0.0386721342823482,0.234014991355536,0.338909380793634,245.704894394247,2590.47788138411,0.00653188270078046,0.0164524923275535,118.324643565268,230.228576494203,26.7251925653109,25.4152065302387,25.4152065302438,300.108666397088,20.1450586677625,161.665392952546,54.406930740983,111.222538501152,,,530.337242891291,200.512018677072,787.420864185215,,161.601082387999,1585.09770763709,0.66971597167186,1573.96829515527,0.372062832423245,6.53486806345391,0.0910765407405805,0.177671326319664,40.2566450047958,40.2566450048007,80.5132900095914,58.5733622556998,,,,1.95619308168104,315.190101029017,,0.540399448926133,0.161617763158375,498.429427755931,0.200472071172135,0.698313374974313,503.767621752913,500.921738550922,0.177858658516605,0.00715708268459128,0.0459781562063179,,,100.752376971538,91.6196633634799,91.6196633634543,183.239326726934,0.591260277840634,9.99410157238661,2.06445665358709,218.595397109641,225.885114201238,0.0883010052646377,0.110019064404654,18.2356508961801,14.7612225694372,14.7612225694385,76.7306500258587,3.09231446088712,,1783.66870381078,,,,,,14.4910716971805,57.6943694185402,0.701659226658463,0.0286967926993896,56.0504343414349,36.4870397627468,10.4200904154317,38.9109362890831,4.83537896352194,256.441831548711,9.96197546158925,261.698614391562,3.5815854992725,,58.1772591757868,5.79326614829771,23.0287872899456,,124.466237765768,615.836998957695,275.071746514294,0.773779964298542,37.4803407321043,,35.6202451571066,108.90413975741,0.0235470192017042,0.067034440383268,0.044033116234984,0.184744337134897,3.11936346902183,2.92050121254652,0.00792488103442851,1.05390006174575,631.222372544266,0.532351794309168,231.584666290853,38.3152628423915,40.2714559240725,517.78428170096,696.019925090314,26.5398362019907,4.05478452894262,0.0930146413439303,142.946423956912,399.058397477424,0.0252954326768027,0.152152535001544,10.5758162838339,0.570613832057462,0.523455741125692,85.3098611391439,1768.33703436398,,,38.3152628423915,0.0238680371006495,0.331290959920366,0.131315608397287,0.0533366517053792,26.903179929607,0.00579574508511634,26.5451340093151
FRJ1,1264.08280815553,234.08530481724,0.740411150654689,458.482493487271,235.94452553435,264.788142936279,0.03715260021412,0.541870594938401,0.800205699777535,266.34455886335,2771.74522651254,0.0130138349942019,0.0239209145927879,13.058530316236,86.343845868029,13.314170441031,9.28408457990297,9.28408457986747,106.751508742526,5.85721040403448,93.8260840170609,15.8423714099893,64.6674179924269,,,193.095354610555,13.674340147418,98.7293541602099,0.0496213447299645,3.41936901057177,458.482493487195,0.502198727064846,453.390785389745,0.45666312079405,13.7120144643351,0.098014114659332,0.224285798254784,8.84679524843593,8.84679524843511,17.6935904968761,48.3527204740324,,,,9.56744506862912,76.3767940324466,,0.540399448926133,0.287440541954898,633.78287030777,0.214946569816546,0.265315688310078,1131.0699117309,1123.04810937608,0.396117630411714,0.0189701693943344,0.0708946526643778,,,222.537967952845,278.70303813687,278.703038138615,557.406076275485,0.779010581985461,4.61689447236184,6.52991554132447,821.696637195321,837.202689717408,0.498116880051568,0.229110091404241,5.88307000068107,3.08490269827224,3.08490269827533,19.706235562463,0.320765060138677,,2395.67972701146,,,,,,15.1931959037773,0.745152412893273,0.108034500817681,0.00556539915609577,15.7670158776423,10.487731239996,4.85208560838229,6.47630464832044,1.85922071710973,75.6195803372968,1.65936125259169,26.6926140933961,1.66740378715628,3.89752702216527,343.248990251752,0.602803961551805,3.83517874284336,3.7786664884878,226.742497703734,37.9168771153445,55.0988837822175,0.802809640320688,3.85006170915613,,8.82409321310787,3.36141084301298,0.0313363070041218,0.0364839550525825,0.129391414584356,0.448279990605397,23.1127888057325,22.460266058034,0.0181253614462294,0.012061282095516,232.545730887371,1.57675663232851,83.9332567827248,4.60677255137361,14.1742176200027,202.700187635095,272.03774761476,3.28886193657647,1.28548598090493,0.860828386543722,21.4429133079264,17.2149209818508,0.00396807167179571,0.549581511569371,1.752660133404,,0.0819104660849615,215.52946309865,1015.88856976276,,,4.60677255137361,0.0289237411987434,0.135861381516987,0.363961683165965,0.149434736958758,55.5327839079485,0.0244077485993498,54.966447089586
FRJ2,3777.50686564275,1558.30139594973,3.78711714734056,1614.8585365309,1565.39904981218,260.477352294188,0.0408552213065239,0.511704088246011,1.18022612984745,262.474044245902,4552.73514244129,0.0145497236360909,0.0299961157345289,98.8471891845788,429.699623487649,37.5148362057942,26.1480368991029,26.1480368991334,435.970339862285,34.5844233441959,230.276500120006,93.5865850410067,158.465604896165,,,865.669963349934,168.958366937753,637.56858220927,,137.163626700716,1614.85853653083,0.762309551525054,1601.05152159581,0.65838843915104,25.9812273676101,0.205567322648616,0.392846932694463,63.2493522372693,63.2493522372694,126.498704474538,88.115533080797,,,,4.67160050021327,539.309374971071,,0.540399448926133,0.278930887481424,1412.96815257603,0.277216277672197,0.813768792429365,1346.89067581928,1338.78109749388,0.69669941097275,0.0249383404778834,0.112546605663196,,,49.4594867186531,436.829388802401,436.829388802524,873.658777604925,0.8919244747422,12.4970144546737,6.4786149173715,1208.85982125067,1237.6014968883,0.620616018457971,0.320311350534522,29.1772569658575,16.6040165954002,16.6040165953947,107.592432501573,3.06050112655384,,4507.02463987733,,,,,,17.6884216258106,44.9127460487897,0.580837752804855,0.0467156673084908,50.8858219954649,32.3740011263616,13.2410468563033,31.7947402370792,7.09765386244274,494.206548071324,8.15333783096709,276.703348098065,2.34007002096511,0.101049680435289,437.164686614578,5.81688250285723,18.7971323444712,,68.9647225889545,730.844641130924,423.319588156987,0.620257955981733,37.2615588054483,,31.7500576840377,39.9943526769489,0.0332181861491222,0.0843244906781311,0.118306458092371,0.660553399324457,22.7899026675354,21.8940802289622,0.0225400805250468,0.190080850993561,1103.09635853886,2.02142279974484,453.759412895005,36.7550861678284,41.4266866680416,1219.20001547543,1637.6560122909,26.6204740226955,54.2328860181868,0.00368548632941133,176.659226900072,266.38502335005,0.0209078865938617,1.70847827812889,8.61270995526804,0.461387030440212,0.42917263834735,35.107758142384,2488.51731413583,,,36.7550861678284,0.0320234615999236,0.371051975942715,0.342564422575352,0.222969329906478,68.1204862894391,0.0301510333520545,67.2422452042848
FRK1,2698.66551793392,537.321173430313,0.569556131218554,540.520218525666,537.631674965547,180.892460275929,0.0267737317850398,0.339472613783645,0.942293645690338,182.051650442167,2612.73283772637,0.00788473007164594,0.0169613282799268,26.1853441463843,514.008763874187,61.5830798114658,42.9094671800791,42.909467180068,530.514088225722,42.9979369686061,138.120884023983,115.87575121062,95.0686029518445,,,1044.52285209991,40.3618646437467,178.881349629367,0.0090508459080228,34.9165923272,540.520218525712,0.360055966816865,534.021578891995,0.314567935104495,16.2447780253285,0.0738869114183439,0.163723805532208,106.190448117047,106.190448117047,212.38089623409,0.312688760693797,,,,0.740863600796877,310.813866865579,,0.540399448926133,0.0938497695465242,1262.76528494747,0.166466588870979,0.348248757339248,810.460273231693,805.268840249875,0.506899555559586,0.0131898196078188,0.0576980919207963,,,2.88854356016425,475.975709041009,475.975709040848,951.951418081858,0.593179256229118,5.92373119595893,4.24170138175256,1016.60167722631,1034.97511833253,0.328460489784654,0.179020800183546,43.7551561640783,25.9616484890918,25.9616484890954,155.227839029622,1.60080540006963,,1246.87236764055,,,,,,5.22278483496583,32.1025384377802,0.101764564507081,0.0436981177413595,14.3951956002769,12.0849461698708,4.88137271126921,5.44527231653202,0.310501535234128,278.462244129459,1.38556616048568,23.1376866444627,0.51640527820455,,122.526492609969,0.560232217699778,3.19677794390654,,6.25248140432576,371.930420001052,161.671029226485,0.865728705809979,19.2705460388234,,5.97927919983446,13.1103058421792,0.0196005584870304,0.0353109975232568,0.0715942749384066,0.504698417835633,9.24136487909883,8.80415469248381,0.0112043580089658,0.249084298369305,1104.3221568085,4.20961100051803,510.838159873379,6.29877478082782,7.0396383816247,307.132205958314,412.432008254263,21.7281658688373,0.91695962712201,5.23993826421815,8.55018895746179,102.93046836677,0.00355498511808586,0.0129104066755668,1.4437935298931,0.0395490870825138,0.0733101307081065,0.806140466251592,1492.47163660752,,,6.29877478082782,0.0198877958334882,0.16457495111226,0.224096776200757,0.174771461764381,35.4842123151684,0.0137882357324409,35.0556039312425
FRK2,2605.04617772888,605.465639073125,1.3475039292,659.480586911879,607.646231171979,400.203157480297,0.0561946491602692,0.861394275797266,1.21838686731031,402.658982126843,4489.16893522415,0.0176205302926876,0.0487682858266583,44.2137918603575,221.022085733363,40.8283118408226,28.4410094884434,28.4410094884455,518.904738605589,25.4899983222688,146.931280442639,68.9593055528437,101.139979953055,,,739.926824338953,110.654116769974,281.724052650745,0.0220629586868904,97.6571173182912,659.480586911884,0.763256758900872,651.992064983944,0.697921964200153,21.3230888741275,0.127609910189983,0.4757883754121,131.62013080339,131.620130803389,263.240261606782,9.35677759037137,,,,2.65387182287434,227.352296495713,,0.540399448926133,0.479948064741078,1140.1657596525,0.378351427625187,0.441924868195477,2053.11354652993,2040.41145162111,0.690226560900668,0.0317128397522403,0.166847601412521,,,51.8343557399051,456.406731578319,456.406731578433,912.813463156752,1.22340144809667,6.73991014445971,10.4098192297023,1213.80551414526,1237.91009274895,0.616038675403529,0.481760162645898,39.4616958725001,20.7137341901271,20.7137341901268,110.489244665793,5.53561826408077,,6016.11715143413,,,,,,44.2242821878397,54.2835202195141,0.242666288493675,0.0389856776635939,24.922275362355,6.07326584790685,3.9427204884045,12.9441036374501,2.18059209885439,172.293267587746,3.28867342252084,50.7697592328494,13.1866747905119,1.25964508880916,416.87807431091,1.1353583494627,7.58585439463928,0.0528958142367699,60.0742366243567,562.955415677829,292.825303321296,2.86769022878775,68.1868605269077,,3.17509413573377,18.9411779368992,0.0455163154263652,0.0493157274147404,0.188276036260875,0.646734020890303,23.1295826232156,22.3049465452907,0.0336181335659433,0.775508688485472,799.941301133693,3.46003094555758,175.915097525023,11.9840947229527,14.6379665458271,308.287869047331,413.885508482423,18.4541416136973,14.0108782471744,0.030481483378447,16.6823446993132,110.096614996076,0.00841695662336385,0.0449327251367784,3.41796070781626,0.0637819172724431,0.174078425071037,45.6204543704346,1572.29405006863,,,11.9840947229527,0.0452986964953765,0.201176538721544,0.544683402825115,0.226142280458799,112.87614428333,0.0316541222863063,111.669361724468
FRL0,1011.18161289872,172.883218117352,0.18630427435244,259.21316041979,174.12344005717,270.226076324178,0.037109139934129,0.581895377898814,0.955389546313714,271.999729757599,3175.81149552987,0.0194539678463622,0.0450035351187277,10.2343573525686,25.3170859824845,7.77355969759159,5.41907813929386,5.41907813929432,66.2180106192499,1.58046827555008,74.3760391646178,4.18513816562462,51.1388209333488,,,91.5350966017344,16.1584663363822,69.073414819694,0.0856515503678491,2.81210953296755,259.213160419946,0.47943387332558,254.81093308281,0.43793585658619,16.3967789189097,0.134861328903186,0.446975186155245,3.58217016453,3.58217016452999,7.16434032906064,28.541852598727,,,,6.79648841356414,45.6580129429658,,0.540399448926133,1.12017067427413,595.09886053118,0.254877925497274,0.215275866198704,1355.10503729973,1345.2821451605,0.514886237023753,0.0279570789560953,0.153511959005727,,,85.0897203627757,274.720423794171,274.720423794107,549.440847588278,0.967084738016236,4.00561039798671,8.24490312319908,1106.09977800928,1124.71718648473,1.0116938491221,0.542454221644274,3.17065485692952,1.66097443562203,1.66097443562206,8.50295209972166,0.204582355283294,,4290.75487654144,,,,,,32.2860019973955,0.546506703149661,0.027614704501246,0.00253170605056867,37.0053312356733,3.68574043891682,2.34534632246277,1.65138516503622,1.24022193981814,45.1059785139754,0.419745417795514,9.63776585261794,31.6421015723996,8.91747741021344,707.766718466941,0.234044970515263,0.968887032038942,11.694971638371,87.1992971644281,31.4884572795538,110.992508288919,0.996919829615941,2.4651823499401,,1.83385212296781,1.918361266982,0.0376863536470271,0.037738246548155,0.153297552625511,0.559431175503894,44.4495343157464,43.2084342902435,0.0401092939322715,0.00552772577687104,192.139555264868,0.274008957002829,17.9660892849455,3.84284999091053,10.6393384044747,516.748418743459,693.839055799715,1.59337469204817,0.9806702226722,0.854968486330422,6.50468939244848,11.519383252558,0.000975630723084659,2.34108511199199,0.437267284541439,,0.0205190953372582,73.1108662628322,808.654008008068,,,3.84284999091053,0.0345705429347367,0.106493686467567,0.404860228919977,0.190922597698297,120.326847252109,0.0471338006752194,119.098793056253
FRM0,410.828548915562,20.9765162388472,0.46102213884987,36.6736255973775,20.9899593277328,18.9424805776179,0.00267756222922886,0.0601613744349292,0.291410955769984,19.33751276682,870.909242512127,0.00382370166269278,0.00470666855487719,0.436956360771851,32.4132861404438,3.90079467672441,2.71354595500531,2.71354595501756,25.4882653885238,1.31962535453069,28.5202865784572,3.65631742614671,19.6421776011824,,,57.9015515289676,4.9431639054162,5.9343480700604,4.01323894714548,0.789314438087811,36.6736255977159,0.0971658654204119,35.6861215563041,0.068987335372245,6.98540183255373,0.0458296951208267,0.0717647059535656,0.0394061132924704,0.0394061132924245,0.0788122265853255,0.0447010820764586,,,,1.07756960292082,8.25846887904604,,0.540399448926133,0.043005690358138,304.048600543116,0.0495626461089932,0.0314669671311355,191.631051518205,190.019327072013,0.202543080858379,0.00677244226261886,0.0239681524578577,,,15.6836662699831,147.895065825335,147.895065839605,295.790131664941,0.23153864937217,0.924700874692646,1.38086278557915,574.62561738132,582.477164743607,0.44187059088956,0.104536741879443,1.20418355050335,0.632749855523861,0.632749855526112,4.960505836853,0.0364179777853781,,285.16822961339,,,,,,0.880901527976219,0.123082213357887,0.0696996605312847,0.00227507012732115,2.44235122499143,0.103031113883645,0.219075916094212,4.15384946765333,0.0134430888855659,8.12950331123279,1.04486923053823,0.690577334474244,1.25563537148773,2.73121742207314,326.596019436807,0.00232548019669348,2.40887516511592,,18.186075679696,28.0368864769241,20.4632401242759,0.0227401191827239,0.328683831547579,,0.0802909947077515,0.472388170335237,0.0090251776341683,0.010017561514439,0.0285683501814791,0.278389970873492,19.1477892291733,18.631097087769,0.00833671733349755,0.00588335358498437,72.5903473264245,0.114128449083917,34.1353848883706,0.0842348070589364,1.16180440997976,75.3626268350434,101.355880733704,2.42260897359642,0.157385435601487,,0.0584782483408261,0.176322356292821,0.00233841084753957,0.112086184657863,1.07024165072766,,0.0505285542381148,7.24919427534044,332.463757262318,,,0.0842348070589364,0.00773985066627686,0.0186410758442836,0.0731446006263128,0.0938015222730172,21.6420986566055,0.0183957114672922,21.4287856704274
HU21,801.724714416544,494.521876474941,2.84336340367714,537.167684289922,520.836160386024,107.298642002657,0.170811898221083,0.108348629957072,0.165086726099668,107.635862087307,1079.50888957126,0.00203868321996288,0.00191723188808579,34.5949771963328,17.6134597360126,3.50335380001833,3.01736082704154,3.01736082704171,53.6405372118887,0.202590152464757,11.8224944962184,5.40618438994075,7.49633753588574,,,71.2539969479013,143.355019155552,309.047405527762,,133.080167047345,537.167684289928,0.0800643718209102,533.503357538452,1.04251966502326,3.01032835486112,0.0319524589300675,0.0771775646644077,14.6445346997203,14.6445346997216,29.2890693994366,4.95558439079068,,,,29.8096379002467,42.5674879538985,,0.878942181557744,0.0211561540897863,124.058988632824,0.106267703997773,0.68320864034386,286.296340465493,281.181012588243,2.79831968339893,0.0109073293170085,0.0687687240737061,,,16.3315239039045,40.7457503395168,40.745750339546,81.4915006790628,0.139599072410594,2.61356056171526,3.78978474149334,99.188348300808,105.428363704948,0.0345920996366769,0.0837517147927639,0.604574237091283,0.343266245098215,0.343266245098224,10.9520585075797,0.536711978785369,,1057.45666666667,,,,,,28.1232065341037,10.0143077131213,0.710270617989909,0.102628850271187,33.0844283699125,6.45900375928557,3.14950844417024,10.2748521082917,26.3142839110826,32.5198808688408,4.45650374070217,98.1831218267551,0.304606512003873,,38.7942955153626,2.77064998117762,7.92394398344171,,24.475602711485,403.473502397152,111.811532499657,0.858362428796253,11.0581673850449,,2.50892066610896,29.2205113593042,1.1319905067812e-05,0.0187722904140111,3.40291050563652e-05,0.0663772341836313,0.300481108267676,0.218712278095465,0.00160416627914188,0.0332993717993927,78.90296207807,2.57636983578673,16.88191462366,,29.8096379002467,18.8657295866268,64.7792138373016,25.4373277929804,3.16292332803749,3.09172066435079,63.0290371582359,120.415946505045,,0.278266716545044,0.00581569068657024,0.000718496883528537,0.198978670048962,8.04311942499029,618.659184968985,,,,0.0112776165082425,0.177973360707437,0.174640811637878,0.199903405607445,42.6801579153112,0.00227825906848403,42.4469385136101
HU22,780.052240690821,501.249945713114,3.16426937743657,541.404178255225,527.469054299693,110.667370501472,0.153631997228471,0.100567279477962,0.127886742937899,111.179406478794,1143.20458212522,0.00209169651503884,0.00186427220232977,47.5808687720127,14.6378478708566,3.4434495992613,3.40216843322352,3.40216843321325,60.1753036999676,0.209555089765132,11.5031725445463,5.40272301655229,7.30438267399852,,,74.8131515708242,108.616990864679,301.258882353656,,97.1533856709877,541.404178255126,0.0995910615456069,537.683040742842,1.04096246116874,2.60495223277255,0.0305276259282028,0.0571023914261054,16.9818992233531,16.9818992233527,33.9637984467085,5.74425574424257,,,,27.6155740576733,38.9368920236521,,0.878942181557744,0.0743964245873657,104.370962391969,0.186588390161515,0.793177095530924,374.314019892481,369.163819182014,2.71280546455493,0.0122054657573457,0.0570535696259552,,,13.9351239554339,32.717035184066,32.7170351840321,65.4340703680981,0.211246580777695,2.58737889798893,3.84888537033899,84.1400975007788,89.796016307894,0.0313436785710172,0.0602256433136753,1.34974482198522,0.857194714084026,0.857194714085563,12.5225667092592,0.670727882674297,,984.213666666667,,,,,,11.5133432076695,13.2222311290163,0.79014059907448,0.0864078607556435,31.7497755633378,5.3125534478032,2.76944036156825,11.4636051937156,26.2191085865782,25.6672611928249,4.95822119163131,118.795869275864,0.21166852714198,,39.3595639230889,2.68457103699274,8.8164636113882,,23.0471849808228,327.498597496723,98.4008404966739,0.890345770982608,13.6855459106527,,1.37874899910617,64.2217928600201,1.08439164689052e-05,0.019559882188194,3.25982214985261e-05,0.0562483212393341,0.29341042886757,0.215648500838668,0.00116478255593729,0.047399702029272,77.5131413280811,2.65479146851537,12.3058168120503,,27.6155740576733,6.3473447866605,23.0599394674803,20.1572094753492,17.8274554984415,3.04345867776383,34.0620498804098,133.892535142614,,0.231673080155623,0.00644500176498559,,0.221200989412832,4.79081970713639,606.838248623323,,,,0.0145991009287268,0.167389639330903,0.159753001233047,0.154026045604859,26.2175507620543,0.00159346125730011,26.0401401029307
HU23,1059.56468997245,714.790673558865,4.67696857437662,747.221225467269,721.546937611815,124.661302244388,0.207179507394187,0.123434760979144,0.139912712072949,125.11464456581,1354.74305494582,0.00235165412140222,0.00210268508106281,37.5957621693745,19.3971326558915,2.72335415421967,2.83128309185833,2.83128309185833,51.4353424878269,0.195657477818947,15.4421656949068,4.93398929034762,9.77137166919996,,,70.8324751437185,226.854087643771,438.839277477357,,210.016898244131,747.221225467263,0.11176187854131,742.329279267585,1.32802204550374,2.93532794188543,0.0366340073892739,0.0687877846246378,13.5554404912961,13.5554404912955,27.1108809825941,4.53723941640793,,,,45.321295007694,37.6455967132186,,0.878942181557744,0.0155558855263884,105.602110722119,0.144201045438524,0.934853959108213,359.292793176317,352.915838809925,2.5367381185569,0.0111723952682489,0.0572951618416707,,,25.6742878554472,33.9782570045191,33.9782570044911,67.9565140090102,0.183448217839704,3.48871768744175,4.72231778469436,85.6045031130342,91.4523072492866,0.0314061554725714,0.0676855269857977,0.96352526574232,0.597257449580878,0.597257449580886,9.41025521644704,0.517764471502525,,893.977,,,,,,15.4993378366796,8.67903712296913,1.17149869148238,0.17210631606231,15.2406269933898,7.5356554067054,4.37519334528857,16.8371893997746,6.75626405295044,28.9127570695124,7.34394627971807,171.113377212652,0.936503973264828,,39.6585398907386,3.2614310504569,13.0414466643171,,39.0610520630684,727.512656072046,173.554475352455,0.916964323014778,10.4740180575245,,2.13454764399235,55.8832735363854,1.14188641455658e-05,0.0278608538691508,3.43265888985876e-05,0.0640198053204449,0.29831601049664,0.21493747896557,0.0013182269373486,0.0538025206268842,79.5206076649111,1.72115610343593,19.6378165448202,,45.321295007694,21.6384556191082,73.4497862829865,45.7444413613826,23.6103076677988,4.48414343969732,88.3583649580109,163.755838798944,,0.621503693164311,0.00947312128418211,0.00273043918593992,0.329761657777608,11.8603706167059,815.17773947628,,,,0.0139197607308328,0.233334191897969,0.203145448631849,0.171805558416619,31.3637684766509,0.00181431927957795,31.1665790911804
HU31,790.522374412719,482.737316766831,3.46332431015472,521.329648329199,494.728638744673,111.421732178492,0.140572965272809,0.149619893627228,0.248466026751175,111.871278521757,1326.09603315341,0.00214149559725252,0.00193139812197695,25.5879282003761,21.7754152107482,2.70685709720394,1.9814867865222,1.98148678651842,35.6505372024372,0.167164605556533,11.8614799050577,3.32916742050908,7.51578632404588,,,57.4259524131855,64.2619225513094,222.854443816499,,51.7336730659896,521.329648329186,0.0920151051017988,517.902316890757,1.63976271857404,5.21061890149328,0.0467037259569926,0.082270753750018,8.39122695026646,8.3912269502663,16.7824539005338,1.80268122900535,,,,65.998184478477,49.6159972740142,,0.878942181557744,0.0117714619292344,169.03645023971,0.146779248523229,0.641292201066698,458.601048338835,450.34887853345,4.7604420618193,0.0234152289813234,0.073565245532375,,,26.6010095845127,59.7102264829776,59.710226482985,119.420452965963,0.197580847112611,2.48190297931076,6.21689621930874,187.234896565078,197.86514083605,0.0826306473898143,0.0922064808691141,1.57664169511062,0.66572816853414,0.665728168534385,7.53888613487234,1.05475716622382,,1144.187,,,,,,9.6031621694703,6.71980505033808,0.864361748661506,0.048111872307611,16.2539281304188,2.84810558391316,3.78618055057709,12.5282494854201,11.9913219778425,42.8172012884463,5.4248685675438,130.102818742612,1.24798259189895,,105.270442828201,4.77582361802808,9.64973013387757,,36.5042758874447,156.536201057981,92.3463207043716,0.883071377160218,21.0964851780182,,1.83717142836659,37.6656939421328,2.87707202725881e-05,0.0178522297928574,8.64885223717191e-05,0.104245365801501,0.80997829313158,0.652354575950666,0.00192147235469185,0.0789909349633957,66.8735229897898,1.29706595350215,21.8648955229651,,65.998184478477,23.9201258946935,79.6278761521976,11.4740079826424,4.9081774996544,0.127862778348953,82.7531236827968,126.118665331628,,0.839339918617927,0.00710935425510278,0.159408622546498,0.241764707125302,16.0091150395346,640.750101295162,,,,0.0131423718078014,0.145711062972573,0.245804485354723,0.306471915111936,35.6189388344498,0.00273261925552073,35.3670434838216
HU32,1806.68802489232,969.150029438638,8.44347757470385,1016.77953934273,991.076593761585,193.777630382405,0.266412757066718,0.0832676273991238,0.360212036594436,194.60568825485,1814.87715857152,0.00371077946242043,0.00335401709334732,44.1122895170024,34.3753387123292,6.56246609092527,4.84071740701821,4.84071740702769,101.944528652609,0.358497784435593,23.518077534933,9.18703222180963,14.9208143122344,,,136.319867364938,274.591141226237,519.580349207201,,242.71697599016,1016.77953934276,0.174932491379779,1009.72153766627,0.939928799024485,8.02373163604761,0.0766494791588685,0.144055142402214,27.484371611733,27.4843716117319,54.9687432234676,4.23579094217651,,,,84.2886410119033,85.8506332256433,,0.878942181557744,0.0432745961978424,324.95829922611,0.232798843563243,1.14603161351798,194.350767874318,189.789016429636,7.04598367982432,0.0242284886109524,0.115976351307585,,,25.7029455811735,119.553833000154,119.553833000254,239.107666000409,0.394582746572991,5.29289421151007,3.39708837548431,320.793645295818,336.904755423043,0.117117622601357,0.170745052604878,2.69688184140186,1.30757231244406,1.30757231243902,21.1502439697469,3.34515691683673,,1467.52233333333,,,,,,25.6639803456069,15.790591389046,2.10339441182339,0.260018620327975,36.0358988926063,9.60721136177081,7.64169937914368,30.6373463403107,21.9265643229468,69.8894022464987,13.2090126633023,241.176349452865,1.01816593909173,,144.369516753592,6.82003761489243,23.5150495520087,1.2368188957013,49.8476675524552,1075.27119828809,414.480952184246,2.63473922852587,69.1558338448093,,4.39495564910084,35.1981620250534,3.95499081015369e-05,0.0374861476231984,0.000118920577142459,0.17628422422115,1.07642195678213,0.850064720693671,0.00341331696383269,0.170639590156396,173.955818241948,5.35534817295771,31.3949884749991,,84.2886410119033,92.3036496206099,319.064289324681,71.711666583607,3.55510743862838,2.57751648410866,195.60304237429,183.644079969749,,0.223170405798327,0.0174190182468572,3.46653825058549,0.586397823075221,1.72389052554562,1255.88720534314,,,,0.0257042410223956,0.315176946794416,0.14134772219884,0.504898550537023,71.1599857197694,0.00465086625486,70.7224418393984
HU33,1711.09006424569,1019.63191794224,7.70684162865686,1105.68521966613,1062.10236218822,168.317905640897,0.310256181516118,0.119342599960262,0.29882668037799,168.942712213524,1841.06603067021,0.00320130187633841,0.00294877788514499,78.4212175421507,32.1054441397474,8.66594147080035,6.54598891813249,6.54598891814584,86.8686025261079,0.286158988036113,24.3017318160368,8.16992448253958,15.4308781750534,,,118.974046665855,238.843623245226,565.838023850564,,209.25908969596,1105.68521966551,0.159174958026736,1098.5428290163,1.26826567096617,6.05815847041177,0.0607132924483367,0.144662550761658,23.7764167715466,23.7764167715475,47.5528335430953,12.1968332296643,,,,85.5665267727966,83.2448388625823,,0.878942181557744,0.383996853891143,270.449679265091,0.184048055115952,1.27765059251862,285.004594461342,279.145774374765,5.28250379805758,0.0155689800890761,0.119792151123498,,,43.5828574772926,93.6024202017523,93.602420201852,187.204840403604,0.262264288272224,5.18524078893489,4.28068718112111,197.878805173925,210.011382335588,0.0589895994700913,0.155338441513358,1.54320777934274,0.771720132246186,0.771720132246858,15.4867590123743,1.36028627491539,,1252.90833333333,,,,,,40.1959418379713,13.1758782832932,1.9206428135843,0.258571583755927,64.484644032016,15.5249607249186,8.61874372360618,27.9364283410511,42.4704442459746,69.8464064402375,12.0598647239541,240.582340312817,5.94738457009953,,54.0327220883767,5.25017481860266,21.4661630808893,1.64810520938455,65.9688458364534,1086.34869723601,299.225957510096,5.38584035305862,28.238101499794,,6.36662051347348,64.7671782778085,1.77935436481885e-05,0.0375185778584017,5.34897035356731e-05,0.129856318315561,0.452082219746285,0.309884996216039,0.00289625904270942,0.222554137956186,146.28283152581,9.60145491738016,27.3703686120091,,85.5665267727966,68.3199339857367,230.679930534116,62.4306680455442,13.595967520974,3.77249985838537,156.969019695431,218.156151191367,,0.838072763887827,0.0158977438500018,0.52595674717443,0.535828424377228,21.0574355472126,1292.89006006974,,,,0.0193014776625256,0.331724508363523,0.190471144823942,0.363231894500593,70.9700397745061,0.00372404964640256,70.54440159418
ITC1,1863.07538166114,404.981348717622,1.37774194843614,435.300895659325,406.081882893497,270.33749167881,0.324947607889066,0.776353537022474,0.052616713304603,272.255678889467,2533.05376184042,0.0314557979610915,0.0569913680793204,7.27110905410451,148.351732377964,57.0714978050436,58.2700005126538,58.2700005126421,303.117280251021,4.73513890439365,61.890553219674,44.8013494037454,40.7745956198891,,,451.469012628985,193.084932125907,242.844484034887,0.0101280458161883,98.6921779883881,435.300895662787,0.40683514716704,433.461005426293,5.72497239575586,16.125651093546,0.105595784678944,0.0187573252027089,80.0950487086662,80.0950487086762,160.19009741727,0.821854158356657,,,,0.600424453219681,124.996041236254,,0.604476624833041,0.0609791984187543,657.235501891111,0.104514762075799,0.013212695986526,988.216641983505,972.189380812208,0.750510879422047,0.0479081237555472,0.00645140780414098,,,29.2190127692898,266.119730328432,266.119730326243,532.239460654675,1.33757416369325,1.38948968446058,9.24053453580585,720.355783037868,737.43802578104,0.674241265684224,0.847732804147379,35.4206829567902,31.8612718291981,31.8612718290457,62.9731889529687,4.04411428313861,,4390.879,,,,,,56.7967425549534,35.5597960068853,1.2954827524092,0.121822549363125,3.31177083641026,2.07881007710191,0.162389659587432,2.05289088175002,1.10053417587538,89.1354804647916,6.30200182964429,17.6813264597849,0.0127880064090627,0.130619094894445,248.244342098489,1.67750403079434,7.30417032355591,92.3398632585684,38.8838128860798,1399.85007009743,444.066012718154,0.679175302138397,49.9056791381796,,1.36123381311886,1.07158759563286,0.0287240646125313,0.0564711266418857,0.0649230702720231,0.138366211118961,20.8098301823361,19.9314646040772,0.0366588411901783,0.300764764758401,470.193746173583,0.0842176868228166,69.8244395202938,6.98303575250893,7.58346020572861,43.9468008458408,169.546160611117,71.2569635059525,13.7380332665617,0.0384009621461338,1.194201566796,41.4199813473087,0.106959083923479,0.0877362862724252,,0.11963857672243,2.29965059481527,19.9083437278937,967.540356314001,,,6.98303575250893,0.0405390731082319,0.0557691215161425,0.220477632440416,0.0150978457807001,79.0326893412861,0.0191646061791423,78.0660975948624
ITC2,91.0736475825506,2.32571298124283,0.210785429053569,3.87808836364664,2.32571298124283,16.3068016075981,0.0120827917559779,0.0964732922706243,0.0055636181460753,16.4274267419573,325.320835022677,0.00737480677383044,0.0069205153700237,0.0176473996637653,2.11444284794136,0.31526439544862,0.254128352037201,0.254128352028681,23.0101519979399,0.163067993827304,3.61324088258323,1.57940446710125,2.38008832333553,,,25.1245948458813,0.331285706119402,0.428436920881398,,0.0174651518495059,3.87808836398661,0.0130010880185043,3.75191509860558,0.295529625183995,1.66870605003587,0.0130862561961235,0.000723711137566942,8.2586051254154,8.25860512541432,16.5172102508427,0.0307997169965506,,,,0.0161054625331563,0.2433668025741,,0.604476624833041,0.00785883501555512,61.051733476557,0.0094223077692226,0.0018339233075417,136.400826422367,134.851241339986,0.170965681864852,0.0148158270897122,0.000894984598982934,,,1.5523753826643,30.4041833367734,30.4041833372747,60.8083666740481,0.0926386576775129,0.105628299215868,1.11859635103746,147.556495085114,149.436580713363,0.222437506448769,0.111869479716102,1.45811086577282,1.14336400555467,1.14336400555812,2.59484426933049,,,126.804666666667,,,,,,4.49079708617446,0.20401455021476,0.201044181077978,0.00154060520877757,0.135639265915723,0.132719487778772,,0.313820554208667,,0.0393522522940966,0.837049394165921,,0.0029197781393976,0.0751221508000486,103.31532973095,,1.1149501958754,,3.02847476401899,0.145534594808332,1.26259769897453,0.109243736692697,,,0.0234757510836286,,0.00246667029955216,0.00424497013271645,0.00972943785240055,0.0320561252711013,7.64040306581287,7.37723259790423,0.00567637522889517,,25.9314600862351,0.0137573413798523,0.426334483400948,0.0260651477885228,0.0421706103216791,1.94514647741851,7.28517380638605,0.557715114454855,,,,0.0349467567830575,,0.0211634188165327,,,0.353290350485881,0.207210808728105,64.6864550376948,,,0.0260651477885228,0.00309641059439267,0.00238328096892525,0.0292563760359576,0.00279415293063128,11.5375097151914,0.00545607140020492,11.4114246491399
ITC3,58.3138218783189,2.18668207216687,0.0296356002860388,9.51190974278338,2.42542676680862,64.295128829775,0.0299998795464693,0.212596543562869,0.0124735901660588,64.5139800662199,540.316278625214,0.0214578146292245,0.0100985905117929,0.028490646067119,3.45870470151739,0.788338056923539,0.640015810654094,0.640015810653031,8.76875688417053,0.0709102202597441,3.41950119857013,0.687448670706136,2.25485613160161,,,12.2274615856879,0.126292061110989,0.23749652248724,0.0179425911986588,0.0817052256424093,9.51190974279898,0.020885824457372,9.35679464798487,0.312939336219375,1.89069061685179,0.0299843738835673,0.00115364562019189,1.26845213412981,1.26845213413181,2.53690426825119,0.0136630546883051,,,,0.00303057886445285,0.767757608191891,,0.604476624833041,0.531143418243065,34.9513784085164,0.0225335096521911,0.004596162815563,340.695476883001,338.437777007642,0.177627448241822,0.0360295103394807,0.00224533873453242,,,7.08648297599037,17.0918104009616,17.0918103994192,34.1836208003809,0.166890675242335,0.112242641773283,1.68128841642264,106.30152117082,108.411679480364,0.431413458187968,0.112183922129825,0.996049382863854,0.78062760524761,0.780627605245908,2.75071347997425,,,1564.447,,,,,,2.49247757089927,0.0796230437205112,0.028013459223982,0.000934504358874851,0.542576264570312,0.303446043597326,0.00402622207880687,0.0445868354733902,0.238744694641751,0.666974546032445,0.136833690377818,0.0430060047749476,0.000385526323833703,5.19612306576395,88.9188135618554,0.0246306586150185,0.159009038558294,,7.82696832351772,2.86912484952829,2.39082974946675,0.291806482733161,0.0450201880796197,,0.0116395608715664,,0.00362599911802825,0.00486961771013029,0.0105203710489362,0.0270840553701852,8.72216564427626,8.193678826177,0.00512225592236541,0.0211600183826227,13.9061506149249,0.00426314154864866,2.09289657719005,0.0910744404331251,0.0941050192975779,3.90679422527715,15.2132866105086,0.18028354901829,,,0.018375346159929,0.0607613969885612,1.25544645590146,0.0560991833341637,,,0.0503328907245648,0.366388929905723,43.6955305431642,,,0.0910744404331251,0.00491522793042965,0.00340679297204097,0.040355208818882,0.00228259900223141,8.46106680855317,0.00960166107196812,8.3302630556401
ITF1,622.054545535613,191.264905952268,2.16576535695333,289.45087356332,194.881692923169,119.231892460032,0.211584097829905,0.233447093616806,0.0211129973322343,120.292750429934,1075.79424295193,0.00750093564269691,0.00773403082750248,23.6195094771534,11.8965685420815,3.67469009167664,2.97531066691398,2.97531066691399,44.559047063392,0.422830245883082,32.0363697217574,3.89332019109206,21.1123898525777,,,56.4556156054735,14.440303654092,100.8740986672,0.00477395325632723,11.1953710263336,289.450873563328,0.216999645496781,288.198033797977,1.63419518986197,3.983933480888,0.0304567750995308,0.00449920971329469,8.67086449809578,8.67086449809587,17.3417289961917,32.9130113639941,,,,13.0056266176531,46.0431244461585,,0.604476624833041,0.0514581730164638,253.252164728863,0.0568209001542276,0.00499920446955465,372.819057944788,367.878757695805,0.245816606005856,0.0121237192212346,0.00243766201323389,,,94.5691806401596,103.604520141352,103.604520141352,207.209040282704,0.749415674042985,0.948642338842184,2.98062265593097,267.6108452888,271.921735988501,0.163684936426124,0.12376869332824,2.87289063694387,2.25970413110023,2.25970413110023,4.17973745711435,0.694531586177422,,1321.31866666667,,,,,,4.58598746098426,0.74492952252328,2.04100105296241,0.0113741889143857,14.0685563363051,10.4289003352099,1.16946205652994,3.23457042714808,3.61678697090048,44.0002872639026,9.84480400599252,4.72124661872678,0.0228690301948203,40.0411315358948,81.4365332701947,0.579043792607612,11.5149876162619,0.0103622006102501,109.767212001584,121.926483451917,68.9390160841153,4.84778093996694,8.34023098699054,,5.5811193952429,,0.0157279574382775,0.0436629776442969,0.020383057233201,0.0555382487699735,8.36858904321834,8.15029284267732,0.00662550615946816,1.29790765973246,78.498678077553,0.034306906820583,6.6862347668262,0.971008875693045,13.9766354933461,51.7676738518447,199.579308401666,6.43827894935521,0.138496523673765,,4.0037063024454,28.6975052086098,1.34979649687392,0.399427485066625,,,3.63158557215146,38.7224807531545,496.659913846025,,,0.971008875693045,0.0218937927700625,0.043951146565438,0.0716522523398748,0.00448936670513322,12.9412359821555,0.00452983415142995,12.7961708801138
ITF2,271.070996515663,120.955964106362,1.21287662922715,149.303357548601,121.251158474195,31.0491863885575,0.0817094615864755,0.0499394732251218,0.00835191650809888,31.2139260336576,442.385090226523,0.0182883853956481,0.00922885048452007,1.86142374751252,5.22686447366419,2.05049487271877,2.60534994808021,2.60534994808085,30.8493072544034,0.385529070806688,12.0608634218796,3.58891249212062,7.94042559827453,,,36.0761717280675,5.65009254613427,78.3953299261954,0.010352833262622,3.84439523256618,149.303357549336,0.0564169699612917,148.988758181279,0.36993276260438,5.03311139049921,0.0585446117557292,0.00464822943249289,8.35757641817674,8.35757641817889,16.7151528363508,59.4796727686774,,,,0.0555950990953772,22.6394312139752,,0.604476624833041,0.00801902342826623,50.9869891369914,0.0162825306998589,0.00156746836311918,115.905350543168,115.108232910891,0.248994400678759,0.0352082732384009,0.000765056402620894,,,28.0521990751409,14.1737789616355,14.1737789613976,28.3475579230331,0.0871140222562302,0.213668024829635,0.364274460004779,125.817861785705,131.137867784225,0.430618195165592,0.110436922972587,1.28138510008589,1.42622580903436,1.42622580903457,3.66475246853923,1.44530320375122,,310.323,,,,,,2.51372537356705,1.60793825743713,1.14406954068203,0.00384929102593267,3.87763161208675,3.5701283189296,6.26241872124252,1.80569731352018,0.295194367833056,20.2881038860302,5.36497039761578,6.90811093273424,0.0123089253346437,13.9028786422216,115.101172803738,2.93008188703303,6.42125295667572,,36.5055951300098,28.3588196839438,57.3439093159608,0.321414683319571,17.989671389594,,3.24871363559948,,0.00203313893240566,0.00867674539864171,0.00311926839160606,0.0268735609745107,6.99694640805274,6.44438491117246,0.00427017626431789,0.743389070490936,45.3368222779847,0.167789555464788,2.36873062604585,0.921663634521677,0.977258733617054,21.7220961928131,83.8571400143787,0.974209121226095,0.150834624177433,,3.82719442152378,4.97393258721179,0.129772631734854,0.320339332192412,,,2.02412407485288,5.96693906811652,177.650915471635,,,0.921663634521677,0.00289298325019986,0.00897766787894818,0.00985166805417903,0.00267472985751675,7.82764190808394,0.00990203132473826,7.69829267252764
ITF4,1771.69530406781,813.541485175057,7.4489921049948,1389.56593556802,815.799990798005,147.390892061074,1.00772424707061,0.0758747788779488,0.0269619403343089,148.191466979176,1932.77492067635,0.015722281272496,0.0110851634862371,24.825538378492,18.9424464930925,7.44451887540339,7.29742124506169,7.29742124506169,205.117659228651,0.973388795958464,102.772427136054,9.11921329331732,67.717894351646,,,224.060105721743,12.4711954823948,418.933425857601,8.67285165990271,1.24472041527989,1389.56593556802,0.271901429628075,1385.08488911254,0.50036357208575,8.11203343335455,0.101035742842429,0.0169655208727384,56.6886467080439,56.6886467080439,113.377293416088,341.468401374418,,,,50.8894562713937,256.756277130278,,0.604476624833041,0.252389659759519,367.818470175397,0.0436820044159712,0.00128109609062879,89.6018455051306,88.4602852542541,0.44083153502172,0.0141897694113039,0.000589340514478278,,,573.765944770014,55.5310965225596,55.5310965225596,111.062193045119,0.456069043284343,3.09546872368643,0.540446878144785,272.345578041427,281.005230953261,0.168185860138538,0.0839418365390543,5.4934173272888,4.75545383820486,4.75545383820487,17.6392138090295,0.344747404989412,,4063.09866666667,,,,,,8.33555110952731,2.58079856009019,7.00577182731911,0.0140614064780212,30.3663434405054,27.5854668215252,19.5027491253571,11.1380968199354,2.25850562294802,248.805660100377,34.7022372890367,3.13165848246026,0.0756140777485089,382.2099665758,186.017928469378,1.16784922271827,39.67486020183,0.0883782471795246,626.197771145368,28.0295263775468,47.0070697329246,3.09521974241797,4.52743416634374,,11.0748177651255,0.11181296757747,0.0112670265046624,0.180334279193819,0.00508546622569599,0.0724526208959374,7.37059765235907,7.06081639287085,0.00586393314593726,5.36981846981064,251.87602955753,0.408136638586448,7.50563786300038,3.2910032404128,54.1804595118065,65.3209033869653,251.848865157191,4.89659078036727,0.0554584282291545,13.4154293139817,1.79653786393536,20.2574048583528,7.73586525344687,27.0527669711538,,0.446756918283627,12.5045765137643,98.9374930883607,1500.62812861314,,,3.2910032404128,0.0176554142695441,0.196238109413466,0.0197895555429254,0.00737338223598148,17.0398440184039,0.0106476058233807,16.9213982238455
ITF5,605.51735909483,371.46380959021,7.21135455925418,461.984120434761,372.618075963404,65.7857213762134,0.280147364554545,0.118551817033719,0.0112427345986009,66.3106301655667,996.502750264906,0.0770758068864053,0.0264459628381472,22.072805029117,16.7514152610702,3.35993988584987,4.52034790835646,4.52034790835621,66.3023598164248,0.394796050319993,30.3560767081211,3.7145882686561,20.0077299907992,,,83.053775077495,12.1109995901236,193.869838849654,6.36397835989315,1.42383620391899,461.984120437852,0.135668286908802,460.41485720084,0.783020963338406,2.44420763830851,0.235393288340135,0.0133906331333975,17.3672263515042,17.3672263515098,34.7344527030133,132.158701533136,,,,73.851690999578,41.9437912758645,,0.604476624833041,0.0517136457013817,41.9437912758383,0.0362791729088836,0.00346524493078186,257.16225279984,254.806114684948,0.176592921924603,0.15163443110939,0.00169134240711687,,,89.3660444713569,,,,0.338030459747571,1.19770420390637,1.42133417759126,153.105009078669,155.780774757989,2.03818848860175,0.464401286322605,4.17112030247377,5.44739144427454,5.44739144427502,7.45028132705675,0.199352129104849,,570.392333333333,,,,,,2.21101601293992,0.716344512616122,6.80624977758522,0.0118477006601625,2.96328498816058,1.70170523330279,17.0688423027523,10.6871633862033,1.15426637319403,36.8760177847489,30.8485861821165,0.915729294076141,0.0671278267366259,30.910175026022,208.834730847296,0.230673131454998,37.9428498518537,,139.309694851196,106.108575504404,60.4794635825735,0.142094824738106,2.06460422864019,,1.46703534949815,0.496826727237183,0.00708979138973243,0.048763569878217,0.0097129825256673,0.0420035188052621,35.9563992913817,33.4186016591406,0.0165318572983763,4.35142897847335,116.808586102408,0.337505987644494,11.5254438409424,9.13009017625762,82.9817811758356,79.3073551255293,305.604184144276,2.91223652370185,0.083516246691685,0.0925750590533745,0.104713188692275,10.1209844068821,0.449608091913203,0.254263387122741,,0.040185554940292,11.9490868821766,6.52182908755774,461.984120434761,,,9.13009017625762,0.00784107839834787,0.0391828537411551,0.0235181744025297,0.00171886568312245,19.3085728122764,0.0355056173033771,18.7861117302768
ITF6,710.23743165286,131.136658251845,2.61740934554858,384.781341688497,131.307788649535,95.3819428888413,0.221224715053486,0.358303687900533,0.02270379561197,96.0939328292936,1503.89023484508,0.015728013404519,0.0108349452231183,8.69249438524615,14.8209710430953,5.13518755856764,4.78147341021295,4.7814734101941,81.9985474790716,0.61800412795865,35.524782652178,5.74693352138469,23.4037453474744,,,96.8195185221669,11.1131578630266,67.5225628630294,34.5228733316059,6.28932303942454,384.781341688805,0.181415037119964,383.528603114995,2.51339704222572,11.6319896156093,0.0636158878036351,0.0071101886185919,16.2956482080637,16.2956482080661,32.5912964161293,24.2121603290651,,,,1.52678813165754,33.1918530323622,,0.604476624833041,0.0888574232854459,200.33175347269,0.0511781485281092,0.00742619338912314,552.756697542722,546.254554127819,0.588111055130852,0.0264428004674683,0.00361545522727463,,,253.473553039269,83.5699502199266,83.5699502201265,167.139900440053,0.453324119177444,0.941977067128577,3.50344429481666,426.551595953304,438.89934076426,0.301898154102415,0.112392595531821,4.25071533916176,3.50123064462265,3.50123064461315,17.9947304731018,0.335046346204172,,1964.112,,,,,,5.34655725886466,2.22201820573086,2.4662373814363,0.0093146802358863,9.23028117359083,8.98384031302719,9.11195011687169,3.93238979497187,0.171130397690106,29.9346677158927,12.330262802757,0.444798335315835,0.0310700831731354,184.584357089927,297.771805085652,0.128403932659584,14.0247152917013,0.89144502872486,272.017869199598,60.4064573497053,61.4966710021425,5.50641872809489,3.65343012958191,,1.88158668792861,0.265034247734912,0.0109899101649064,0.0411646843524186,0.0264659873384737,0.0968235732149408,14.2051421159932,13.7849809064279,0.00807525159573581,1.03516711101362,132.819873305406,1.03229153374233,6.79383518167721,0.847188952668308,2.37397708432584,84.5525361928563,325.946933993036,7.05182304962591,0.0124339322991928,1.5958348970938,0.0389262226221457,13.3605086349828,4.89159873730185,1.49223840670842,,0.0442403796102934,4.43074344548864,10.5685759438375,551.92124212855,,,0.847188952668308,0.0150827254619495,0.0409459138865046,0.100532402622182,0.00811677138854416,17.1537799040087,0.0124763537873279,17.0117514678122
ITH3,1794.15064885696,498.710035942772,1.45862375641458,578.31438990754,509.433704240423,283.431764885839,0.322406473307108,0.547537246963399,0.0461880730937057,285.553501810732,1832.32787531231,0.0202797273726893,0.0447713550371274,11.1946874388457,105.91456645963,77.0350078826452,103.586421167981,103.586421168613,269.458640792537,5.29273218049239,53.0620180947782,50.9815733810139,34.9679104038653,,,375.373207252167,161.000526016249,244.345293897739,,155.301864214946,578.314389907414,0.579981924955348,576.824177646982,6.49623308859004,10.4120203450436,0.0880591947942665,0.0210079719908753,80.0835208436838,80.0835208436854,160.16704168739,7.71497934671127,,,,0.504055197450279,67.3238055265098,,0.604476624833041,0.143669973590165,307.13457477372,0.0968406975284032,0.00827713040500646,620.232042125605,609.119292755916,0.32355042025416,0.0262832900633611,0.00404175944759252,,,68.8806856669914,119.905384623697,119.90538462349,239.810769247186,1.37759132695854,1.06548476732456,3.94181329783948,274.601499160015,285.441628997379,0.278815320507715,0.591732219646739,20.7883078913007,27.1742804726688,27.1742804726194,43.0535123529069,13.2143841597075,,4909.22966666667,,,,,,38.8208144852452,23.5415549250288,1.37128670233284,0.0809632746027082,17.5099310885219,4.51845711613697,0.0183570068803452,2.17338127016102,10.723668297651,41.9776016972162,6.68216711664735,162.33785130338,0.0134436189018286,2.16851512751547,69.5963577359279,12.1829456572602,7.73292389286313,3.52528053126928,79.1917100045435,918.58233116599,600.652282450071,1.4316168865796,163.627017642654,,0.666286588069018,2.14741625117514,0.028015553049724,0.0431543393871778,0.0247075746682042,0.0514379190379782,8.20512474579921,7.78242579011374,0.0245660984786714,1.80464890428907,382.165058867041,0.0212764025403,10.1140633571064,7.10174288936992,7.6057980868202,15.9266736984931,61.503468175964,55.8816551147952,146.091159079944,2.4205536414922,1.91633031500087,64.3954676863856,0.108793326554756,0.264918146324588,,2.25436205582821,2.43443047109944,56.8263814912012,818.125159154726,,,7.10174288936992,0.0393074223969551,0.0508895500133207,0.102458161641864,0.00693307993465656,54.5811877253816,0.00926142294743731,53.8950683207819
ITH4,442.662568087246,111.015196933233,0.126445940566343,118.187940121419,111.149271368227,29.3555437957427,0.0685099584348055,0.226744127018583,0.00952053897927522,29.7137587578338,783.610873642792,0.0194851869310048,0.0145917657167579,1.8404156593167,16.9805796233413,4.03147335211874,3.27426550861349,3.27426550842529,66.8048022305255,0.512738076052367,16.7977694372122,4.67528468803435,11.0714836371515,,,83.7853818538668,32.7204778232894,39.2749352821417,,32.5259308621974,118.187940121415,0.0682729320225739,117.547625661487,2.69608527293435,7.72079702648605,0.084717532274065,0.00585330206999346,20.6110066895525,20.6110066895522,41.2220133791059,0.0791095876299759,,,,0.00965757424206655,28.4846779337255,,0.604476624833041,0.0195627840062625,157.288237519694,0.0249781332476663,0.00482101445472756,360.146171515602,354.709089752404,0.276175584212625,0.037747844671783,0.00235398075808151,,,7.03866875318736,64.4017797929213,64.4017797929692,128.80355958589,0.250040572600839,0.517899208628156,2.43428326681535,225.071781092036,233.138587990031,0.541451129213353,0.305997516758954,9.65542782645074,7.5625313184073,7.56253131840056,9.52732883563967,1.75320908399286,,1218.20933333333,,,,,,12.6785687167281,5.59244914652005,0.119053969845548,0.0233586192426382,0.380769172037587,0.20963283827204,0.0226335736310254,0.188111540431965,0.134074434994734,22.7653089459282,0.566282147458545,39.1035681209715,0.0011840211573626,0.0979154023231229,134.080874945319,3.65313850984004,0.668911653821609,0.00643542068519565,7.9377671744995,278.97322625258,111.88568652607,0.0314469349391923,21.4291686995213,,0.16676228394789,0.167997442362999,0.00695317398884343,0.0275397770786811,0.0204476516513909,0.0555235521365143,16.6422859366992,15.9462640265908,0.0151404299072311,0.12691984135568,85.4831363194665,0.00408313528246673,4.11709805595991,2.99656486372243,3.00622243796449,4.01662657833224,15.3597019930347,11.7757594637037,33.6665497272036,0.0114236193848861,1.61588244156483,4.60821550296701,0.0107903664477187,0.0223387781822316,,0.0358778776135213,0.210623983484286,6.09584214836384,246.991499707309,,,2.99656486372243,0.00797015023114731,0.0215445013344679,0.0595214447745817,0.00479019617619065,25.782129321212,0.0126202170180357,25.4381923260001
ITI1,873.708465660629,419.410804867207,1.55418937677552,585.779783394659,425.915121292659,164.945854639429,0.350156277387887,0.673328937582839,0.0292486253384032,166.078411622502,2292.38748342824,0.024021223759879,0.0187091011747964,20.9832787549528,18.7957579105155,5.92301411661622,4.81213845350405,4.81213845350745,53.7948636171862,0.51570196207103,47.8854236169515,4.8181476990099,31.5469061196124,,,72.5906215277017,21.741534845542,144.123307747933,0.00768994374373246,18.9734924541167,585.779783394778,0.283196155894978,583.94856266546,5.17136257225201,7.40058252770836,0.0997336979878566,0.0112297762982468,7.21992187042722,7.21992187043878,14.4398437408739,62.4326312035109,,,,64.4889806691697,138.768477685738,,0.604476624833041,0.796098098981716,268.538144935539,0.0919122791276026,0.0163580885058566,1217.78708475671,1204.28181596477,0.434407790623217,0.0558646629068833,0.00797226375789247,,,159.864662102118,64.884833625556,64.8848336242524,129.769667249808,0.717308170438151,1.33491463907078,7.41729847867158,277.908064633794,285.84272309964,0.529833852092874,0.238630180070362,5.94904253439237,4.67787145727223,4.67787145727775,5.5924836352505,0.157353889474166,,3741.26766666667,,,,,,9.58669326900583,3.95510333836881,1.46287492549025,0.0149815624014083,28.2976155769826,19.3333942055574,9.0567303235928,2.31959167618419,6.50431642545218,134.688679942672,7.11339684823157,27.6331946538306,0.015530846752035,79.6940124535343,183.385843135559,8.9958431007642,8.25715317618398,0.448450715243059,171.519919056859,163.322649639982,85.568393488461,1.30547707194832,2.03431871238196,,18.0279171336135,1.42988387259212,0.0166807929563738,0.0642018267731952,0.0515449592053667,0.0645558322086449,14.4227245759905,13.6995840193393,0.0119703220963107,0.124694404689642,117.34980369048,0.175207451321622,8.6546265743496,10.9482880041533,75.437268673323,105.082256016307,405.266115319657,8.59199756296135,0.796017767251562,,16.4114499132227,29.7339251690104,0.818665814176451,1.58022255809479,0.899241996493598,1.54513210272298,2.60200567956722,67.6336101820797,715.549450644467,,,10.9482880041533,0.0234595846555826,0.0655898975794624,0.191733844225666,0.0058636899686322,22.4767559786231,0.0136871199036853,22.1882443352255
ITI2,526.486197756536,225.967033350464,1.54795605002998,288.712718264196,233.775895816363,76.6214567080944,0.156040960465994,0.245482568670994,0.0122520375592111,77.268333270587,843.244493107405,0.00575176457318624,0.00914802311431119,22.0294540279021,12.7958333512099,4.64313362694002,3.77012636362914,3.77012636362962,29.6095146844727,0.327568409966229,21.626410586269,3.03799336156794,14.2476877255745,,,42.4053480356826,14.9940394719129,98.3055021843234,0.00625779711042808,12.6388655003886,288.71271826384,0.162665892475939,287.869148388455,2.17434382508289,2.30787468014149,0.0310576412014485,0.00597985220974474,4.37369611493256,4.37369611493229,8.74739222986669,27.3638232556774,,,,9.46345992855196,71.4372442664821,,0.604476624833041,0.0455962945868448,132.852592106176,0.0370554274790713,0.00481486729714278,360.023640115758,354.439496643687,0.106709957399797,0.0106900145443014,0.00234910339974046,,,54.9368224474762,30.707673919655,30.7076739198169,61.415347839472,0.422865787510757,0.618990240863017,3.06184165310695,95.8510500257239,98.3030322551086,0.103892596949447,0.133872443519474,3.92803007754972,3.09307532156668,3.09307532156738,4.48711045487422,2.21745177333037,,888.243,,,,,,11.4919589821624,3.39395114073764,1.45761680307139,0.0189594587244015,19.6065929487719,6.04375314603482,1.96763268795935,2.32540088109741,7.80886246589921,67.9071906492921,7.32798035652501,19.8927636315514,0.0180037881161776,28.818667249644,44.3324946352299,6.34611155345545,8.29331037978261,0.0297730905821607,65.8950304709444,253.945282662134,133.952783617185,0.364054271073128,27.6050179439448,,5.67969887499561,0.794956942347028,0.0101082632714631,0.0315773354406555,0.0230700771742908,0.0225732496123288,3.99622554932144,3.84114096390425,0.00675417019108854,0.136102476674461,60.5288800932109,0.109898323000758,5.28083705839285,4.11212483334821,13.5755847619002,42.5437858572567,164.099261132744,6.73569941669993,0.115636936636235,,12.6360581991127,31.8406544177157,0.450124637529514,0.40877864230279,,5.73597354868778,2.61930134910797,14.9194409112539,350.128066103668,,,4.11212483334821,0.0141811917553643,0.0321464713175354,0.079405348036657,0.00257230467189361,14.94054365279,0.00369256814880551,14.7824400603556
LU00,310.623637645857,62.4897627292841,0.430180783007378,64.1477098383986,62.7674325585718,42.5490984644097,0.0547525383966925,0.0574553630205237,0.106322220673748,42.7118546602469,257.917251755242,0.000808231798549839,0.00512597886855983,6.53910715747894,42.5653147456818,18.0437511857467,9.93242864968458,9.93242864965894,112.106815134334,5.47912788482891,36.9394478718093,22.1408749752358,17.502035798508,,,154.672129880016,1.04399788100508,22.9249255870494,,0.110930910684373,64.1477126891649,0.0287904731777462,63.6034857315066,0.0533608503219561,0.446144110469788,0.0143709627938937,0.0140743143743982,25.4488868758933,25.4488868759224,50.8977737517125,,,,,0.00122674616780101,29.1145302905026,,0.299651800735516,0.00295098044447039,93.607798917794,0.0618767721604362,0.102877827908113,82.4733167252297,81.8427722189975,0.180767614091602,0.00675156847456717,0.00994821651577779,,,1.38027615973955,32.2466340791439,32.2466342298019,64.4932683089459,0.0647670776515956,0.327588725886464,0.454419877442862,65.9630843544662,66.7592122946355,0.0178029001004204,0.0138356032837419,2.07156700834314,0.784030314118171,0.784030314108459,32.2190336543527,0.0351481028472797,,589.640333333333,,,,,,1.07530443824817,15.0343920625773,0.117656730947248,0.0237783822639425,2.79038592967636,1.22336217189583,0.974262931158909,0.933067123261954,0.277669829287741,13.9801687410031,0.737836529637587,3.41683134360795,0.272227845445767,,3.01578956782955,0.065685686450943,4.07037615135246,,5.49257281806015,157.908465541175,27.310529618497,0.623929655830025,0.508229578243228,,0.555955792286051,3.35114565715701,0.00348623838707258,0.00930993437378431,0.00599211084994125,0.0249526218596534,0.0677224907380105,0.0270283306662471,3.75359893630191e-06,0.0999698052677009,156.066039502992,1.06449936087253,28.0624956894438,0.407236804988808,0.408463551156609,6.68364621583602,10.0304278703242,7.75192370563395,,0.0434767301958859,,13.3030581035927,,0.0115778150190712,1.01712607663089,,0.0389695311583937,0.0830242964935354,128.640978147344,,,0.407236804988808,0.00383563445958867,0.0496979310930748,0.0593163045964144,0.0379413730741387,1.75743289522739,0.000960496904332231,1.71444502858596
LV00,2454.23266426899,1388.77975112456,4.35132976689072,1398.34423355304,1389.95294471823,132.995439061177,1.38268856355035,1.24532817472025,1.16318495602709,136.8204295111,6452.65290373465,0.00259134448956863,0.0311977125781822,96.6892541302875,46.8036380454889,21.9803591077465,13.3072587900125,13.3072587900938,230.815713608462,9.10409727671253,47.2111897912189,25.8496520365522,30.465635031363,112.630574135636,69.0636207954198,277.619351653951,29.0525415731619,699.906901197923,,,1398.34423355164,1.25825679244336,1336.38338871036,12.0297521691881,27.139094871103,0.0676461387221523,0.989560272237722,68.4731721515021,68.4731721514983,136.946344303024,,0.702804,0.702804,16035.8333333333,182.310587440022,313.374616840473,2489.37891717546,0.461448073544577,0.113749691919863,949.198562799235,1.12657360798165,0.0688425695357109,3458.55333783694,3423.0768348651,28.1572859373279,0.0445623300916473,0.930322938802945,26.1061908314379,8.39128883340245,8.39128883340245,317.911972980763,317.911972981254,635.823945962017,1.38688542794479,59.2569530674378,21.1849165334001,1058.45590415454,1116.92481299165,0.087583624071528,1.75793686503577,4.7168964046373,3.23468618797827,3.23468618797788,35.9797308394641,2.12213636272937,117.738718008107,1951.15066666667,,,,,,134.505623892157,25.912380936439,,1.0,70.0238277895923,68.6376146982438,76.2617503826078,29.0525415733165,1.17319359366957,287.285987675383,4.03995906650676,117.525698511043,0.009999144866355,,688.605332980448,2.30876172262816,6.64966047746456,,15.2026017772443,593.403702012414,142.445133099981,18.9347372946415,16.5939333505448,1976.88935927301,49.7028774034531,115.216936788415,5.62984288939423e-05,0.0312509658603725,0.0507480384386457,0.17482481100128,1.47687478074339,1.26246964049883,8.0586282015601e-05,0.176248225396679,287.403986377849,30.8763475392532,25.132978166303,,182.310587440022,41.1002248150456,76.7537458725188,36.8069976248218,,,,467.027007572458,,,0.203020352961802,,0.0479027744623586,,2034.16817951506,6.69756325192715,,,0.0532183231382277,1.22110967486973,0.9657580559667,1.83451826164625,340.533215062577,0.0120217028696955,336.824116687655
MT00,39.2174004551623,9.64587542555565,0.00970266562888191,10.7740776296102,9.74600138516419,16.3271299818257,0.00271806675779298,0.000795143992529733,0.0017685795431032,16.3371395578344,31.4978691775304,0.000598679687365408,0.00026069345370483,0.255172670685255,1.29568186370051,0.947842122314996,1.06700229624028,1.06700229624028,9.93077013356986,0.230145430036776,2.23466660400609,0.316761236629891,2.18820121934431,4.96977449001706,4.17468729299445,11.2264519972704,0.109031068583884,0.364203739269138,0.118705042028322,,10.7740776296102,0.0072217530098268,10.3882419514274,0.00212332500390659,0.25193897746066,0.00273418024215071,0.0421099288703818,3.17875273701815,3.17875273701815,6.3575054740363,,0.4293,0.4293,5715.76666666667,1.04712186351387,5.58050750722076,175.192597418314,,,5.58050750722076,0.000764763963071918,0.00312516826348916,0.640662728232547,0.636939025377748,2.06903289750426e-05,1.72736531009418e-05,4.5386813483042e-05,5.9211894646675e-16,0.216948187424932,1.028076244446,,,,0.000601443799719194,0.375388148311201,0.000668729571657342,2.70646907629639,2.96330369371292,0.000382088398620736,0.00119407827683129,0.277159741385515,0.351359209309467,0.351359209309467,1.33796428189496,0.333529963318023,2.96059473233375e-16,462.137666666667,,,,,,0.0168860440303389,,,1.0,1.04978381744453,0.949657857835996,,0.109031068583884,0.100125959608534,5.34696592031607,0.207245521796051,,,,3.72910321782296,,1.59454621484672,,2.73246070216189,55.7008825675541,17.2168708282817,0.749877159746606,2.02342802924314,225.431192783163,0.19978069808939,,0.00126333438917552,0.0022220748589811,6.07668290259059e-05,0.000467961985266471,0.545283829926622,0.541482610913268,6.42933897695917e-05,0.233541586904687,12.9020537214746,,0.08835,,1.04712186351387,3.97335186522448,14.2769570336163,4.10015507772974,,,,,,0.055147715046773,,,0.109838242869167,0.637275299945977,10.7740776296102,1.70438445771589,0.69242301499275,,0.000158280846771834,0.00238221999107433,7.57374576945991e-05,0.00263840809860299,0.237401738213757,6.89970321174917e-05,0.193727357409586
NL11,459.141199850748,109.025545496012,0.538249629299928,114.70380824093,111.985136081215,50.1553132184453,0.112771953462371,0.0137937854025012,0.151331222672835,50.3595089473339,264.762620204999,0.00162100146992955,0.00746872717371337,8.06059008414231,5.91582441516976,0.764557912901094,0.850613129593319,0.850613129695671,171.861377686396,8.57171246776823,52.7441549273509,29.6849438624522,5.0010943323853,,,177.777202101566,0.306628858952057,36.4946394089717,,0.169838230792061,114.703811285187,0.111686610869715,112.187710203883,0.217192076410387,2.36495964186572,0.0412098954591516,0.0115824205268649,55.3259569010261,55.3259568943394,110.65191382539,,,,,0.0186869740780591,22.4984596008894,,0.145454750310223,0.502198320913465,72.6002961061992,0.00645692227056993,0.027401058075471,18.7423834120178,18.2516348448351,0.0844059408061216,0.00993870245782781,0.010182692698153,,,2.71866914935377,25.0509176613278,25.0509183780433,50.1018360393711,0.0822579358392693,2.30633643174274,0.255219244046433,53.0740767630085,55.733493400549,0.0290511052715514,0.010067116623088,1.61922863760193,0.62522712199243,0.62522712187171,34.681080417127,3.88686738969825,,583.415333333333,,,,,,17.6701612963068,7.79978736487387,1.23024569002933,0.0196805188282202,42.2505447493265,38.9635002722289,0.402285704018663,0.136790640154784,2.95959058520283,14.5811312751561,0.950174494121531,1.90936934957002,0.023470781463709,,13.1849119411258,1.30804191479054,6.91510209481503,,10.271195529788,314.777157578967,116.55835346888,26.3973726238893,26.9364517246299,,0.104725492765925,0.601327434779484,0.000196922427709825,0.0123147052464497,0.00135995423026682,0.0397299166105385,0.954707811670044,0.87196917148031,4.90922507013592e-05,0.117541426798092,185.798336392775,0.120380625593649,4.41504732001035,1.26091216236809,1.27959913644615,28.2898448768413,71.4184060295238,10.1833759223622,,12.4614028936749,,27.6047541242702,,,0.303982372329824,,0.135225300608672,,164.805644280302,,,1.26091216236809,0.00359733748135403,0.0572769327768303,0.00318350709309761,0.0189899155852516,24.2687153482417,0.000917935531274356,24.2293652989692
NL12,839.629342620786,49.8005084196301,0.291329373407663,52.3268335301456,50.8529943061975,72.4615522762769,0.0669432199799346,0.01597656177394,0.284978957633172,72.8699659903444,503.537934706107,0.00231871363204067,0.0234961132483535,0.972830002932848,8.04090065992318,1.38025385254746,1.31297478364171,1.31297478369063,452.990133392475,21.0930071751044,73.1376362504197,72.9660080296423,6.93259648021047,,,461.031034052398,0.11048795000004,4.46259401794265,,0.0363698012539127,52.3268344084092,0.171998617631005,50.448895255982,0.195165821461262,4.73650107148283,0.0481400074121294,0.0325198472627288,157.429163363623,157.429163363324,314.858326728362,,,,,0.00680487125778375,33.0737780554516,,0.145454750310223,0.3518242113378,225.23268541498,0.0171815652621936,0.025596320824533,35.3959800498979,34.7980705205497,0.282619852784603,0.0232747812776984,0.0669056763106603,,,1.47383951328207,96.079453802162,96.0794537758751,192.158907578037,0.209150730819798,1.73858717201359,0.372327238343349,199.001725563824,204.474716076694,0.0693413689497079,0.0582086727089437,2.82877572922296,1.04869470336056,1.04869470336033,96.7255453001455,4.81343928968174,,646.727333333333,,,,,,124.228504469017,13.7717905471477,0.666798064325935,0.0300793153354412,8.54980856313155,7.33277437399457,0.0613663024372276,0.0741181483939437,1.05248588656734,19.2080452358747,0.515712096615877,0.327155648240804,,,26.5577386399464,0.307743328122851,3.75220870585062,,5.65118487370892,187.298245869169,134.112567460206,5.52798346439103,33.0082872512044,,0.0362337929468953,0.019412320117953,0.000492792582778556,0.00934841865283511,0.00206890945427236,0.123437347788742,2.51308274364884,2.3649655818338,0.000133414581991564,0.0939420539202335,478.653406406114,0.0101195195599447,4.78983884749376,0.255507718921237,0.262312590179021,62.1733661496761,156.899245743073,8.82623402224179,,1.76855710363699,,3.30779024336477,,,0.164548315589292,,0.0733124221710167,,244.485741108183,,,0.255507718921237,0.00959000777191096,0.0374640209561808,0.0123709983155443,0.0454532831796878,135.957355437113,0.00504229054347957,135.776091713001
NL13,485.801946184907,101.813466930633,0.386469674667942,104.713108806976,102.754807434862,20.0234228440073,0.082477053678209,0.0194342076356604,0.0891134817300708,20.1589468575107,240.95796231381,0.000655040193554908,0.00262651769294196,8.20332301690394,8.3890600366275,1.19486337286353,1.23886461059243,1.23886461068208,181.946076046874,11.7810887214597,48.5088214248976,40.7224375491054,4.59761236076928,,,190.335136083502,0.661619552558842,13.2238411586821,,0.56335399159208,104.713115919841,0.0688920337551653,102.160808846128,0.45944697626179,1.83922330978033,0.0268131521780249,0.00633374623017169,57.5548327568091,57.5548327526495,115.109665528314,,,,,0.0246116083255943,40.8905277830078,,0.145454750310223,3.40090528364884,84.2120809180826,0.00743861416850243,0.0386798164834295,60.9298104787846,59.8939100656052,0.0957029927909351,0.00887793409407206,0.00720046289414841,,,1.95829931101516,21.6607762052263,21.6607766282871,43.3215528335134,0.0566283204595946,2.34828101858479,0.550696449286715,42.5910892968251,44.6662796218997,0.0190234681493384,0.00553395673011469,1.26954803289,0.470607956263161,0.470607956225596,38.2012120316025,4.38241822784906,,490.840333333333,,,,,,3.74296861189057,17.2824884778973,0.885939362847165,0.0265019186840504,39.2909014534468,38.0326204231938,0.336285445235433,0.0982655901197999,0.941340504228983,23.4406965406879,0.685890551902146,0.350408218699473,0.0986454700022966,,8.09156071892178,0.262429766530219,4.99049158005696,,10.4471162694926,483.576149033253,147.432148460916,26.904924730425,30.2675288320939,,0.0610052394494749,0.0446825305012162,8.91419964826559e-05,0.0125782595115407,0.00302313032177639,0.0357531140988503,0.588375769221583,0.532628742356521,3.09791883461302e-05,0.167343065984101,196.662669512443,0.285327115503261,7.40581077771202,0.4857020137602,0.510313622085794,22.3261514190133,56.3360088748232,23.7910338547086,,11.0666912850102,0.0432959216680372,3.73728599932757,,,0.21829422433087,,0.0974198163695652,,148.034661640489,,,0.4857020137602,0.00247590312404379,0.0702909254521412,0.00329964967259016,0.0153974266732218,9.90143366655311,0.000377432250065915,9.87970800381739
NL21,1090.64338059287,85.144287563708,0.463862225603042,88.0838368276532,85.7157934364061,59.643665199619,0.0872226336440361,0.0217281747894976,0.232782554457125,59.981252068348,312.213599356963,0.00141108427964399,0.00477522120432058,1.36043463678919,16.5796845981299,2.87580862789747,3.32589761209062,3.32589761214494,419.198251937048,38.3909345308822,64.1961847293471,132.01108979756,6.08281174509093,,,435.777936535178,0.773945917142378,3.66585041659734,,0.657624140420682,88.0838423411295,0.136870105224156,85.3447464317427,0.326665570318136,2.76559071040524,0.0195030636276351,0.00627565047556819,137.972127571532,137.972127566747,275.944255158372,,,,,0.0181501632067178,65.2471899866616,,0.145454750310223,1.33503112806911,172.787219980879,0.0132851603382941,0.0288430730333114,38.8831115146192,38.0568418326163,0.135599221230483,0.00604838696361922,0.0066177558121731,,,2.36804581045737,53.7700158239296,53.770015469673,107.540031293603,0.181363378318841,2.55074790741584,0.472771734604797,108.640210346712,111.871863319291,0.027805505163368,0.008923500389022,2.84188321478162,1.13938195779464,1.13938195778428,87.3236694758754,5.66473130786104,,1147.82266666667,,,,,,5.57220159747214,34.4186039985759,1.06374809454113,0.134134939472103,9.10977644901528,8.2250525096492,0.060500539461641,0.116321709167113,0.571505872698046,30.6876660477753,0.820322162585778,0.0483383477529416,0.0513536380525128,,12.1531585605989,,5.98352482160371,,9.80343136283005,3095.02167963725,459.24157593644,6.39037283044267,39.1283382085632,,0.0283487657036195,0.0450475179174118,0.000254598022858854,0.01201086258754,0.00237362486365029,0.0695702784418654,0.680186918033272,0.624934958950712,3.7613001373296e-05,0.140918640925434,449.114360230236,0.34194393576968,13.5774909354917,0.19110140097428,0.209251564180998,47.1274737792989,118.716263402059,140.093545491204,,1.8063303504097,0.00329082983552982,1.12902545498904,,,0.261864991708724,,0.116829542195887,0.0201133882313991,195.623868121256,,,0.19110140097428,0.00581362682512929,0.0602714327031691,0.00273057742693617,0.028110208041992,12.7133431955424,0.000483919048279379,12.6867134546599
NL22,1307.28058844022,99.2353182234423,0.90900375585017,105.248697678857,100.606491917822,99.0764018551757,0.110717815140402,0.046481632604614,0.299245815432458,99.6111403151228,462.232633248143,0.00227356579799176,0.0123079770057671,1.67246617695608,25.0944070927729,3.58676501363421,4.4490970030168,4.44909700303326,449.713146269301,80.9138363631929,74.2253500917465,278.017116457541,7.03440356595315,,,474.807553362074,2.23191845032391,8.91703494873117,,2.00203837056788,105.248708600609,0.216408982546845,102.110028706898,0.715364078548004,3.57117144200757,0.0229760652182247,0.014704573950861,128.832834624593,128.832834624753,257.665669248509,,,,,0.100078923150574,68.2929366965446,,0.145454750310223,0.895918693426654,189.76622563471,0.0219157190205463,0.0370470952652052,93.0994875593514,91.323551941921,0.187929959008396,0.00838308478532661,0.0187603912874625,,,4.64221113309444,60.7366458891885,60.7366448386242,121.473290727813,0.286969372197368,2.91762119274415,1.00314222913923,122.885873227718,127.053422872177,0.0298553332313491,0.019714127980812,4.17089590553468,1.7912906126471,1.79129061278491,86.9378202381472,9.85989269741777,,2047.785,,,,,,34.383187057663,37.4286081215436,2.08015873621379,0.15517974681789,9.88064824998797,7.99169772310613,0.0569410293831271,0.22987887008888,1.37117369437934,30.6687268014496,1.60567269183868,0.220407100913664,0.00448469266534612,,8.41681569762244,,11.6911720508876,,17.4578809730621,3693.60398577124,605.75104667148,5.239833822095,67.9064447151594,,0.133224268258478,0.192931460652794,0.000437224467418369,0.0131249649724614,0.00436239517424171,0.0756576274409832,0.571419644880849,0.506550672980924,3.18310367877906e-05,0.195599983904231,497.633118899728,0.214742920479379,21.6709327172646,0.37971257611412,0.479791499264694,80.8591392006625,203.123340101291,152.823992292293,,2.61863852428331,0.0274756402608703,4.74096758125582,,,0.513293248306509,,0.228578838774894,0.0473762060703328,226.72198840667,,,0.37971257611412,0.00900716171515315,0.0601688255878281,0.00658528196218675,0.0335448005692768,36.6484542560016,0.00138092286701494,36.5829353547396
NL23,183.284973025231,69.8897903701914,0.515264683462101,73.8092304403224,71.1947164173801,108.749152939158,0.11377884133808,0.0117952316662532,0.0875745164424839,109.078604881399,195.130891984238,0.00256436409503141,0.00433958725449174,1.62783076792181,1.7101085939882,0.144344212843784,0.192418091434887,0.192418091445119,62.4850358833592,3.43756401591346,29.5207763077807,11.7707985028365,2.79704558692982,,,64.1951444773474,0.177123724258006,14.3536209465676,,0.0456063859998874,73.8092333702691,0.225801402765231,72.8134633815257,0.0672023024341832,0.728975080837722,0.0189889765911495,0.00372360231369616,18.5521766271872,18.5521766257705,37.104353259555,,,,,0.018969306217722,14.7255854522717,,0.145454750310223,4.85559892329174,19.3418665970866,0.0141728749152443,0.0251532377437932,3.61453974166384,3.50866427351648,0.0375767411382978,0.00552756054225865,0.00294189701972566,,,2.61451321519904,2.30814039250822,2.30814054131414,4.61628093382236,0.0863669837091669,0.832236054040304,0.0265010807687752,6.14800656509604,7.01111151165684,0.0053293806748658,0.00132255484270695,0.123703727769985,0.059116969997383,0.0591169699968146,11.4129134927089,1.35657644764692,,407.852,,,,,,1.07802625710092,3.44614598623197,1.18224624994764,0.0065076758182151,30.0571424729801,28.3117033397075,0.116883768769999,0.131517339264369,1.30492604718866,11.2548747230329,0.91700252876414,0.0263804715180541,0.149412182519269,,2.93420555529219,,6.66349624549191,,14.263673746892,101.908220562744,40.6643171737385,18.8704314575475,9.2281168433139,,0.0195289620419084,0.0263804715180541,0.000207859986611407,0.00537562921248173,0.000163863495325792,0.00664082924959831,0.178891934445432,0.146426713916311,8.42353905048146e-06,0.0245649539993223,67.3017872014246,0.00418784805372949,1.80257581378622,0.36385783288258,0.382827139100302,10.776385676167,27.7169539862171,4.07951220465595,,9.42174306106706,,12.4275948365578,,,0.291100762615727,,0.130065115934466,,78.4255113741447,,,0.36385783288258,0.00290282086487903,0.0192262264088975,0.000212989782822857,0.00233777889271867,1.43851054480326,5.49386258160439e-05,1.42617447983358
NL31,270.78246844405,20.9946615100809,0.407778613638176,23.1774389535253,21.113616460157,29.8214578826004,0.0355119839052194,0.0150668192146928,0.0832896782429577,29.9747049330127,127.819219425554,0.000666403153620295,0.0025461874699659,0.227099974461105,6.23791536596984,0.63805811847102,0.817491670771812,0.817491671445493,132.672859909992,10.5418888821151,20.5724269308893,36.3805651001897,1.94900020730034,,,138.910775275961,0.181623484783303,0.920794884016443,,0.077497121478455,23.1774403959755,0.045156330738417,22.1957629650231,0.154911878192287,0.730309044227359,0.00599209814349584,0.00251541424981081,45.6055797788535,45.6055797776289,91.2111595586194,,,,,0.0679372413739437,13.6770104619545,,0.145454750310223,0.367256806014876,49.973666759134,0.0039184616241577,0.00708662672674903,26.4811176423876,25.8827093544953,0.0396967499722194,0.00187885535326351,0.00329108460545382,,,2.06382251868612,18.1483281773189,18.1483281839708,36.2966563612898,0.0979080434729124,0.90635076590708,0.422902527494628,36.5418074598565,37.4872484492201,0.0085941574444411,0.00332378805861414,1.15844970948844,0.519946217549674,0.519946217178603,26.8215136977173,0.860077397185267,,1284.53366666667,,,,,,10.1176085259793,7.03344025454743,0.933346834248339,0.0250450273933176,0.67641169540083,0.319082903194159,0.0188309617989164,0.104126362564362,0.118954950076073,6.59849000154797,0.722697115445479,0.0219866928526978,0.00801743773503029,,1.77168864600504,,5.25327822959194,,7.78701231995255,497.771513499045,72.3975978532733,0.193317426210427,5.82390733334009,,0.0312314667376335,0.0219866928526978,0.0001745289892719,0.00465294561489402,0.00251879850911765,0.0388454217153334,0.208296220494447,0.190763964584471,1.25681236604797e-05,0.0450801417488267,145.542505461905,0.160058579116011,5.55175942133526,0.0262857220846307,0.0942229634585744,23.419221441597,59.038232813555,16.2620652556937,,0.0945340096044286,,0.333181884597593,,,0.230356405037238,,0.102654721013741,,59.4740953148151,,,0.0262857220846307,0.00608968559218542,0.0280751088063255,0.00300826447539364,0.0533000952090726,10.4904117844635,0.000400741815143619,10.478722741951
NL32,320.486806538658,68.4919673197684,0.29730407773722,73.0986069961554,71.5813522695523,152.984401641962,0.105526513872764,0.020629664122841,0.206942783632493,153.600508554401,352.29248731437,0.00342403602227524,0.0110744416558987,1.36652628308523,8.17473324234361,1.09890814219234,0.960255636055176,0.960255635825838,140.630715845051,5.13505513338959,41.3304806780296,17.803172770994,3.91650284159593,,,148.805449087394,0.0872699694008869,8.15387604739088,,0.0104650066376766,73.0986069966131,0.308555331760483,71.12018812935,0.208665074593807,2.21017056491611,0.0220516333691304,0.00763197642678219,46.3120789287948,46.3120789290806,92.6241578578781,,,,,0.272491872979141,23.751706956376,,0.145454750310223,18.3420888982267,87.1483332355164,0.0220773628110298,0.0226190163667523,22.1651930805707,21.7772978699031,0.106666298547601,0.00663143003715162,0.0107407507322731,,,1.51725472706077,31.6983131395232,31.6983131395997,63.3966262791229,0.272792713325161,1.7907346626261,0.153731178623372,62.7687137443473,65.3601438578305,0.0223548604394616,0.0102092088597571,2.21471788562033,0.821080080215945,0.821080080338893,29.5975492189561,0.824717910287791,,2808.50633333333,,,,,,27.4338993717788,3.5651517037573,0.681474930741453,0.00913928316435468,16.5633911171848,13.2944058613756,0.112313623816849,0.0768049627631291,3.08938494978389,20.1263608324635,0.53014288258449,0.192438715662311,0.011560614524955,,12.5976530317768,0.119653978812016,3.846077530902,,23.7804673528452,44.5646107523679,35.186124175986,8.67654682274097,5.50893002334744,,0.0685861837811338,0.0363811720825469,0.000520168714547101,0.00955584216967258,0.000888099422100701,0.0504572750470172,0.661803611209987,0.605935513971133,3.53965972248079e-05,0.0601944201726782,162.819754940052,0.0132008366948906,6.07638401814794,0.384234933699617,0.656726806678757,49.4325100535528,124.778642831808,2.07682767085646,,4.54927285481586,0.0364035647677481,6.5745653343931,,,0.168039691537941,,0.0750461966593428,0.0083328359940279,136.495233275278,,,0.384234933699617,0.0121613358269419,0.0499828322291109,0.00398119390561953,0.0171931913410845,37.4062312137451,0.00140613737084216,37.3665394394724
NL33,353.03268452893,49.802583415179,0.296097791822197,54.5842956156989,53.0860721375883,60.9847872711161,0.0582883579033065,0.00776517817743008,0.184853595104356,61.334375817313,306.564097122348,0.00169827755396154,0.0222314329082134,0.888042372688397,9.36820522314278,1.09218764751759,0.960255627603669,0.960255627423545,157.122755699567,6.18451037806555,40.7232334999797,21.5515842511431,3.86030812056817,,,166.49096092271,0.0976041766008384,12.2480474512789,,0.0227467318244793,54.5842966989929,0.169925280386053,53.1122271355045,0.09831221443366,2.89732461699038,0.0293878091199677,0.0280769027515274,53.71514789534,53.7151478919296,107.430295803744,,,,,0.0267933594022026,10.894576444878,,0.145454750310223,7.50622694697817,94.2731609923983,0.0110544112955073,0.0138987947972738,8.83772917768009,8.63259192527778,0.123225677996657,0.00786714678333241,0.0378444851210103,,,1.49822162302401,41.6892918618986,41.6892923686612,83.3785842305598,0.162051592322675,1.36786757207977,0.0911347284613789,86.7226850511966,90.0106585535021,0.0331077239226623,0.0439858568466698,2.17305894852642,0.80556005907959,0.805560059023939,29.9833984625527,0.696071094216221,,3651.18966666667,,,,,,84.8631305037137,4.30151869137732,0.678249253110639,0.0171675085250845,17.8746644525154,14.4118050984205,0.0162814685092183,0.0748574475333398,3.28348872240934,6.5466142731812,0.523874632358342,0.185339643378894,0.0121664239354243,,13.5659690519341,0.139816694827059,3.81565830336407,,12.8946425566221,233.711513142086,48.5788437599613,9.47942769536244,4.8491496136846,,0.345902973710205,0.0193576547943881,0.000370003352324389,0.00772642726191867,0.000615953288284453,0.0657348783541462,1.43908898367184,1.36377558157017,8.35257845664826e-05,0.0464437972799815,178.134037103303,0.00145104699404562,7.62869827385529,0.460231390662767,0.487024750064969,41.0981298400307,103.656804878397,7.8001089539041,,4.58647479740853,0.0261652937574474,11.2446683837295,,,0.167203839689499,,0.07453562898872,,137.962879846259,,,0.460231390662767,0.00618725884003347,0.0242884114454037,0.00730917804163751,0.0168347338606839,90.3579478911879,0.00325244472176482,90.2257256877757
NL34,223.895652876387,94.2265342742477,0.702387093623305,114.30072365299,110.738429418446,75.5594177781444,0.110624563826578,0.00915674851650386,0.104575035243863,75.9199690496219,265.76619841428,0.00218315750344433,0.0110039524368985,3.44413033423594,8.53789574069527,1.15570068970261,1.06566142071766,1.06566142045517,49.6910775340796,2.20695614598881,39.3231818229981,7.58825383524739,3.72751449750217,,,58.2289732747748,0.704253665743847,32.237163759792,,0.524656318090017,114.300729319158,0.210629844855003,112.073710195225,0.101441625145355,1.25538538717333,0.0393004324884463,0.0127725408355927,12.0482807082348,12.048280708891,24.0965614146584,,,,,0.0280802226260632,14.8729354012864,,0.145454750310223,1.44912178387441,31.3790505421543,0.0180669120011534,0.0396873568257349,13.8783332878907,13.6928788548162,0.0775199973063314,0.0139971533884354,0.0186355510763346,,,3.56229519118978,8.25305779469993,8.25305761554432,16.5061154102443,0.125954191497575,2.01978643894104,0.0708497927407285,22.1046680890503,23.576301772677,0.0244627129504842,0.0110715227595927,1.5609858733906,0.578651246006279,0.578651246180026,7.88654292594715,1.05152795572519,,381.708,,,,,,30.6873109509696,4.72719983467514,1.60615128881722,0.00611218508058264,50.169753330892,33.217770103816,0.0356035466019605,0.179597333192449,16.5118951441985,10.0963487781655,1.24329115908362,2.06680502090611,0.0432993649490921,,14.4737388121754,2.00584851533939,9.03405247140685,,14.222126440209,111.681727832694,34.8598405383773,19.6470342410624,7.23776051891825,,1.48348223881303,0.0411172825917162,0.000385441777680623,0.0130977584089193,0.000568706741511388,0.0262003301513835,1.50479395892644,1.42347642365773,7.7636140276618e-05,0.0493865190694054,62.063523996294,0.000120523306855636,7.27651147802196,0.703859746655079,0.731939969281142,13.4937547729536,34.1514321677343,2.4688752442028,,12.0872530602499,0.0198392229750015,28.0530557043648,,,0.396789281619137,,0.176656323853462,0.0104663195501781,130.806839063235,,,0.703859746655079,0.00551488134547898,0.0438230059308434,0.00343755992999013,0.00795293375190538,36.5860710260065,0.0013740789379041,36.5325098227574
NL41,2197.46149662095,191.062126558062,1.3731362211343,205.662867643642,198.698727458438,96.32980663958,0.191743976120213,0.0317575418848414,0.186313471989039,96.7892466575228,456.94830854669,0.00259907641923604,0.0111025869740879,2.27061106346291,22.0869196750969,3.97742428159049,5.12739977245488,5.12739977241978,390.542602969833,44.9823730565859,78.0957321943568,154.894142770639,7.40373175571982,,,412.62952264493,4.89176465624397,19.842125963336,,4.54246763560355,205.662867643643,0.247799177024742,201.742996014651,0.564893210901891,2.54994728706429,0.0518722165659275,0.0162333267156236,120.784316219714,120.784316219713,241.568632439426,,,,,0.897936979292317,109.436163840757,,0.145454750310223,2.75156118016747,152.325605086642,0.0212535624405749,0.0599378881529851,63.7285501104341,62.5947414379927,0.130100080411428,0.0159654428523067,0.0186865027397797,,,6.96414018520494,21.4447206229479,21.4447206229382,42.8894412458862,0.18073397907383,3.52999270648195,0.527732357826039,47.2766854016545,50.2183100642355,0.0292447178031431,0.0120000721670914,3.90845278648974,1.75943648826627,1.7594364882663,84.9670081451147,15.1411035265885,,2513.18866666667,,,,,,30.8737502409723,55.4968451839591,3.143287638313,0.432116049020143,46.3407450267434,37.7616339108911,0.116826740487768,0.349297020640963,7.63660090037604,53.6044597846131,2.43137494191109,0.72303418029052,0.166912924620143,,17.0044526482319,0.55083501431329,17.6914750865181,,27.752797590922,11286.047478662,1536.27966508649,25.1196493420644,104.345132844428,,0.335424834028776,0.0507851012194535,0.000423162119572,0.022483500492113,0.0032940476625745,0.0504566714635882,1.2288065641815,1.12763660401101,6.38757300583283e-05,0.334858872183943,434.699027429607,0.16248293543672,17.7513032587711,0.670064062302151,1.56800104159447,77.9051643645895,196.480875255284,509.253942608083,,12.3065597347969,0.121414064757777,12.4004405677041,,,0.775597290857139,,0.345621139031582,0.0163413838464843,248.552308889529,,,0.670064062302151,0.00923013728677818,0.11571355775127,0.00613151416519795,0.0248071516532478,39.3205275066726,0.0014885065298275,39.2624411423466
NL42,787.865931953508,77.5884045038607,0.760041667602467,82.3903232165495,78.4869157758439,43.0628387628749,0.0716327774669681,0.0151707139721939,0.0673103161084049,43.2992370847316,198.480096061848,0.00105181187880218,0.00446513581079852,3.59300402580186,12.9447083839194,2.23472044164747,2.44464644359702,2.44464644358074,93.9327029512735,7.54203350582945,31.356736164274,26.1063254344885,2.97353215128472,,,106.877411335193,4.32900798252407,16.1079396265061,,4.13568385812096,82.3903232165595,0.127580799999764,80.8248763920595,0.292265379467751,1.01279479491493,0.0175386891945664,0.006821589847206,27.4975310419698,27.4975310419688,54.9950620839375,,,,,0.659354578870939,28.8423264446248,,0.145454750310223,2.56591641553812,46.7297568112907,0.0110356443825355,0.0255081606671488,35.3780491302151,34.7886602953807,0.0557020211610416,0.00570118152889035,0.00855999601829564,,,3.9034074407156,8.94371518332136,8.94371518335122,17.8874303666726,0.093103801308847,1.41706513498583,0.277364903595295,18.75540022367,19.9230610699358,0.00991324751661804,0.00509885041358582,2.75091269828606,1.04453766038478,1.04453766038475,19.7649149500262,8.79359235559442,,1117.00133333333,,,,,,14.6487194074571,15.561488120142,1.74124169074295,0.138335831860597,19.6493642373004,18.229695447715,0.0799684168114866,0.193324124400032,0.898511271983248,13.2036151632855,1.3474630662827,0.29518638337587,0.0918809763940736,,4.87633685620947,0.243945543586742,9.79687821045385,,16.4576444044602,3633.63907314262,580.710767035093,8.93008435860227,60.6008861906331,,0.0671178892665421,0.0484342418997023,0.000204308613345184,0.00945781866179533,0.00172036178813358,0.0219519137191459,0.434198207569056,0.399350041339469,2.29495746721519e-05,0.0772231611905984,114.971314284098,0.20568726750794,9.948844054982,0.378507541417826,1.03786212028877,28.5665314879801,72.0600940624687,172.728954144772,,9.23249319984593,0.00280659788942574,7.90027193386383,,,0.429276541208331,,0.191442337752244,0.0546610160878717,100.277753583222,,,0.378507541417826,0.00447376755273303,0.0417829327206462,0.0028674760109678,0.00990180036186186,17.0552273528373,0.000643236110706125,17.0302588311729
NO02,410.004121093054,179.511410157905,0.0210253798289809,181.337791056777,181.047240408698,20.4300757049861,0.00638714692405263,0.0810497362467224,0.00273616148872877,20.7187351742221,5233.87244562912,0.000395237350581173,0.000336667730395112,42.6317383964322,38.0439004321714,15.8746205232901,14.3458944496964,14.3458944496964,81.3649237489946,0.488963430240673,29.2919443612182,2.10095594987683,28.9740664340725,,,119.408824181166,0.0405799435621777,66.4771842796754,,,181.337791056777,0.0620639461550155,180.468904213678,1.22866170559852,1.09959036942635,0.0683102099074932,0.0259677787453158,20.2065064230972,20.206506423122,40.4130128462192,,,,,13.6829569929293,92.4189242121538,,,0.00075419542934135,114.385456065902,0.0828124999289363,0.118096721660426,2311.01859540217,2307.0695729258,5.18642163406044,0.337625791230084,0.187662454114993,,,0.290550648078476,10.9832659268671,10.9832659268726,21.9665318537397,0.108356678445255,0.620704846690308,2.15275976952541,2101.71222686274,2110.63300843969,1.0731392397823,1.60635626104986,2.83947028130821,2.34896136697831,2.34896136697832,24.3631962930901,0.802499954214712,,,,,,,,162.569059936619,,,,6.81450323264132,5.27867298184827,13.81637127784,0.040579943562185,1.53583025079296,92.4189242121624,0.269525268249476,0.223102412107317,,,2536.26173220559,0.000540280991157062,1.42665318810253,,1.72111992726089,365.305833806278,87.2909740013719,5.19668573853425,14.0414701053868,,0.0819872433141135,0.22256213111616,0.0318399964052718,0.117184660058187,0.264842428901913,1.2937654655353,442.279022088516,440.749684824615,0.0611621561476666,,142.232445517587,0.803583029581376,24.162262034472,,13.6829569929293,175.624598014856,154.963497266778,11.1661133658745,,,,9.18491163225971,,,,,0.00316189565055952,,203.304322910516,,,,0.00358634830165005,0.00651346776829481,0.221708836097736,1.33826794644561,167.885293467748,0.0498667856354058,166.00380814996
NO06,358.526396315474,142.323090988982,0.0180858619952507,143.46411642037,143.301551277244,17.1332824505203,0.00544109340729077,0.05383778866283,0.00229642639352121,17.360635145851,4107.50891238614,0.000331263702424452,0.000282165005955314,38.8870648261075,29.2202752563134,15.2442382098134,13.456066002413,13.456066002413,85.3934807475343,0.46857815521484,28.0078080816126,2.01297580754989,27.7034312864102,,,114.613756003848,0.236960179285769,44.4628372837957,,,143.46411642037,0.048308367950574,142.649029845412,0.59532155174278,0.858829316846066,0.063255719930919,0.0253664943299773,23.1150690670268,23.1150690670622,46.230138134089,,,,,11.5383086521265,84.1927242881415,,,0.00100531365853369,101.136040591474,0.0607976619742437,0.0893590311365106,1431.98220251712,1429.49740672552,4.64262083154274,0.311366201345656,0.177131179758147,,,0.16256514312536,8.47165815166637,8.47165815166792,16.9433163033343,0.0869258607540256,0.595063898593482,1.49671567904263,1888.75599466249,1896.67906813641,1.02541893507971,1.58548051515633,2.7262549324089,2.2028620878425,2.2028620878425,23.3033416530206,0.944369730045459,,,,,,,,162.724191928717,,,,2.33768594335353,1.35922565509075,4.37229940348885,0.236960179285771,0.97846028826278,84.1927242881399,0.144479281129946,0.0667700218127588,,,2335.03445007075,0.00054482769326826,0.696869926727082,,0.865790231141395,285.581015212143,83.505207587922,1.31202110289216,26.4674559229685,,0.0472045521985921,0.0662251941194906,0.0279584249429251,0.118861971096371,0.189939990662228,1.19681881249066,449.701682001629,448.252245976618,0.0617752544168971,,127.549599892729,0.0489550247924989,14.062227642614,,11.5383086521265,65.4926757762157,102.034098831355,8.71459258627751,,,,0.917557850121094,,,,,0.00534984763058314,,160.407432723704,,,,0.00336237970878019,0.00636058072301454,0.148980781473751,1.22250808663235,168.321208164762,0.0490639049447418,166.471172556094
NO07,224.524331964173,95.1095687325859,0.0268588414586979,95.4763026828094,95.3779237221962,20.9491823349249,0.00454941157133165,0.101363278151664,0.00282512848177579,21.2617156445153,11147.2028608624,0.000405909017784861,0.00034572448298536,0.331087075765767,18.6945532965685,11.5807335584973,6.51912780784023,6.51912780773531,40.3888105965131,0.239638861430399,13.3591872341271,0.888735373238078,13.2133386927406,,,59.0833638930816,0.0398711671694827,0.591157776491599,,,95.4763026821702,0.0475312497515415,93.7719490447423,0.833667134110408,2.30691956340927,0.249978035787896,0.0807947180337334,11.224268753708,11.2242687536516,22.4485375073597,,,,,14.311835878219,79.2647283739573,,,0.00062821376692067,117.732517832776,0.0747976297650715,0.0815203282731721,2543.20471047244,2538.31497057705,12.1245902836574,1.80273141540968,0.76369226922805,,,0.0983789599740632,19.2338947295814,19.2338947290782,38.4677894586596,0.114588372219693,1.08291421654972,3.15395138044515,5286.37541515613,5307.56680065812,6.43517181090179,7.54203130906205,1.78589459463223,1.06641319448182,1.0664131944542,11.1152843001472,0.0939901716076526,,,,,,,,388.971633898601,,,,1.0422367153615,0.773881725728691,0.146218671051926,0.0398711671769658,0.268354989610256,79.2647283741162,0.0715201185151075,0.0334816961822881,,,8059.82070870597,0.00136834806458181,0.131814973870142,,0.23286224243878,86.6956848201357,31.4968759296228,0.773695502854764,0.00243297010134953,,0.000186222896477191,0.0321133481177063,0.0663774575419136,0.515287761524886,0.525631916891226,3.82093665795623,2576.49722951265,2567.76371653335,0.302129021860926,,79.9967210415553,0.0389946653224733,6.65990642923688,,14.311835878219,144.999706732259,148.637932117176,2.67458115306818,,,,0.0349861971744668,,,,,0.00204009482791185,,133.944092141469,,,,0.00923860031202707,0.0200819195085214,0.275126185755746,2.93611386842974,603.196101892508,0.245225808149652,594.507108849829
PL21,801.07084286306,309.794128723698,6.36718693011716,324.560959437192,311.395326441226,216.87780498691,0.0285177555967996,0.236854601996336,1.55823074989662,218.505723062353,1511.9370179464,0.0116574168330505,0.0289441816814691,30.8771571494976,23.7355929599503,19.0641246447461,10.4006830180841,10.4006830181083,127.85278466913,5.72680681339953,32.8851922977459,6.01329051890378,35.4376178349004,,,151.58837762908,71.8592919444315,237.153564816135,,24.0164358723366,324.56095943713,0.405507546487306,321.803113311746,0.497883850105705,13.9945924425409,0.0285427269581353,0.133731287992745,42.6424040678231,42.6424040678232,85.2848081356484,,,,,4.53695417338815,17.1626491262471,,0.23200264437362,0.374325022495203,239.569768095317,0.213218139421854,0.0637449030018864,450.946884989161,446.938359486132,1.23623409990597,0.00799412917853992,0.0980680465022669,,,13.1656329959043,111.203559484468,111.203559484518,222.407118968985,0.989385558507846,2.61651480518486,3.17674834003102,467.405679773008,484.926452788882,0.0713240913582295,0.366669623647447,1.56321390139723,2.37739390935631,2.37739390935399,13.7277157495845,1.47917831412406,,3343.23674404211,,,,,,7.07087227094156,5.21077867610119,0.0991673513741484,0.0206006802203807,35.0565095065837,31.8176463711627,35.4482854193844,47.8428560720754,1.60119771752744,11.012078017727,6.66607332417355,10.4491970775274,0.68067355444145,,288.445459217851,0.164777945627813,6.25734539521678,,20.2020847372253,333.224320602713,102.514386827803,22.4837948147228,23.1267047684436,,7.9891772251964,9.23358588305513,0.00294209739642499,0.00115130745813491,0.00441493348614262,0.137199788027763,2.85194385775469,2.73107836515397,0.000312542305457198,0.939792432503879,157.316101900384,6.49945259450817,3.88531801723491,,4.53695417338815,13.3570795297407,50.5217685848031,21.7367824050847,0.860301439920227,1.34467433120429,0.190531808924237,92.4693777083333,,0.033205390239369,0.0255636756346954,0.931428187856635,0.404781323609066,,546.968078406177,,,,0.0168647336253579,0.0479173541417809,0.0926237773931592,0.594515935495769,30.1450538111226,0.00134712827282619,29.5173281289935
PL22,534.739487188897,271.701759802497,5.24772336592923,284.06650693425,273.184332546467,309.126482527033,0.0403164710357219,0.313537731961775,1.04305183128425,310.666249313245,1230.837798261,0.0111222141131479,0.0398776069621553,31.3674551859604,23.1196790955318,19.4671170674935,11.1907867689864,11.1907867689842,76.5238082162833,4.52571886496642,21.7007141879974,4.74528404405896,23.3747386547835,,,99.6434873118151,58.1555201879956,206.129878455915,,18.5579561961,284.06650693467,0.394423198861607,281.774505028336,0.444879341691063,6.46187836595558,0.0197503387435841,0.12317698790168,22.6806795000268,22.680679500018,45.3613590000941,,,,,4.87621399561098,16.4410458035382,,0.23200264437362,0.210366383187406,91.9255077170529,0.205021915538797,0.0532574021585217,397.647219541862,394.067249520897,0.613339635911386,0.00585280001830851,0.0892223820109973,,,10.8821743882031,37.7422309567286,37.7422309564232,75.4844619131518,0.921390611869386,2.1566817475167,2.73588785719858,201.288066873078,209.736644900808,0.0326290914950743,0.329773629449665,0.822738078593457,1.92168938038087,1.9216893803831,11.6573756230931,0.0888941614586329,,4515.32976905047,,,,,,9.98428357529707,10.0089168401069,0.0830141553568285,0.0215876342903581,16.9965948530801,15.0413023545692,24.5919831162198,39.5975639913956,1.48257274397057,6.29300217105292,5.52418659532108,23.0148677367699,0.437689066972687,,152.989076982686,0.632201394946951,5.18186581229658,,16.6079060889731,478.066649387465,75.5450310296803,7.93115784889456,1.24101764349505,,5.23665488241173,22.1285770585451,0.00277511524184854,0.000709197490568433,0.00381583699339991,0.0675409909532401,1.49217620910605,1.42180751286483,0.000221981594606879,0.139126792741341,103.495838884618,22.0095583240225,3.53727993675436,,4.87621399561098,8.9283773738296,34.0079012007863,23.7790844297419,0.207336738731207,1.87348962352486,0.0467525445466126,70.0053616422169,,0.0272502715885877,0.0217287919718674,0.0133018953338318,0.333499505293435,,359.550968847402,,,,0.0161559446854631,0.0410370881404636,0.0818492531192854,0.262767203628584,27.2290013613095,0.00101425187108672,26.6467287733894
PL31,1877.70742903495,1134.65369839261,20.8508279771011,1186.43483116151,1143.25070951458,210.295096928957,0.0278314361321464,0.299887017738655,1.53042883069517,211.837461297311,2504.32894035374,0.010631077962359,0.0374519951063274,110.698929594414,59.805010603009,49.6493042747955,28.4875285900387,28.4875285900608,225.194913567422,13.86137057517,84.7373656830051,14.3881700116649,91.3669132453305,,,284.999924170431,187.848961829197,820.819016078979,,31.0760684162943,1186.43483116208,0.434963562224843,1176.62822347232,0.655320442042553,12.8112449704836,0.0600006774039304,0.170164965188196,60.9128347229591,60.9128347229601,121.825669445925,,,,,28.3533201155516,46.8252342025982,,0.23200264437362,0.302240004363152,258.250498595211,0.21405708799004,0.23159110201386,606.797821002864,602.014129412665,1.35559994014749,0.00935305439973476,0.12983482815518,,,43.1841216475028,105.712632196111,105.712632196583,211.425264392694,0.87366907215946,9.35735774234083,3.70670845528755,438.289442019616,454.759398920092,0.0613046094937228,0.450145890494119,2.24658463761269,5.23583264598424,5.23583264598523,30.2230672978078,1.78916311692513,,3036.2616151767,,,,,,14.6006017125592,30.1685148038111,0.332051092528619,0.0404628724581188,132.202797300163,106.229304480456,152.336172515402,156.772893412654,8.59701112197502,16.020203820596,21.8924145065183,92.9515250396873,8.53206645335867,,273.232960786097,1.751024466021,20.4719346588874,,65.282938424609,1053.42831110465,194.847409310317,19.4553328810074,27.8858771222273,,47.9101582583463,90.2573504682697,0.00279935476298379,0.00205850998336332,0.00529686021186024,0.166847198883377,2.67019310527127,2.52701215244303,0.000380923193786269,0.636515578110131,288.263479633217,49.4901613615422,9.8864021132337,,28.3533201155516,7.57443750446939,28.8047084847221,33.3292021244909,0.857771140528233,38.8638133411567,0.0853789648683309,320.444790778673,,0.108828071345967,0.085932001449408,8.75848324286986,1.32464211386435,,1397.8600955542,,,,0.0168752912241223,0.187768899348956,0.116478814953712,0.605835960274535,41.8292348661138,0.00189153356853832,41.0412562639794
PL32,877.407903396872,349.365387619566,5.83446927394998,364.897991111831,352.830929890639,167.986894279999,0.0220381975450619,0.498544939618192,1.01069138773691,169.42252676537,1782.37195011527,0.00629934662280448,0.03103331966094,22.6612694364142,8.0223105341895,5.70366494703387,3.10666759777223,3.10666759777364,61.5175139840558,1.92939383104085,33.04001668648,2.00832632269387,35.6250273551997,,,69.5398245182453,72.5906623690702,239.124292608088,,28.7114232834581,364.897991111758,0.394107891487241,362.281996060668,1.11631964170805,10.393587459863,0.0243297755471387,0.159970554593054,13.9039602958941,13.903960295891,27.8079205918,,,,,28.4498999127391,12.8406789212774,,0.23200264437362,0.0319597303234204,239.532266412239,0.174638299583378,0.0516422358991735,857.016402561487,848.109703328711,0.750831596127117,0.00973471058424799,0.0968793369437316,,,12.0670612211185,113.345793745035,113.345793745202,226.691587490238,0.84751248956554,2.49352345643208,7.06687964364298,337.990023959796,350.692353720771,0.0407671445442869,0.412516685275769,0.9758619754284,1.48863445833455,1.48863445833556,6.65461461318486,5.61815486384059,,2139.69513563111,,,,,,17.3474323852781,2.99179843352755,0.091253505755841,0.0161232144729582,41.4285848013709,35.6304694072965,39.700312360989,43.8792390859266,3.4655422710733,9.09215280518519,6.11090137012602,24.8529927590697,1.03561849100586,,146.996009801113,0.476866256177461,5.73166199095015,,18.2015421085619,292.15678025786,216.278500276559,24.2963818045154,89.7155124392781,,7.32115062888032,22.5451178447495,0.00274621109909052,0.000751263344173256,0.0100462386357847,0.116415002546046,1.44435386286731,1.36176409949411,0.000295090216636738,0.756727683288981,70.8563289946499,12.1613788495953,1.67847951465391,,28.4498999127391,3.07736751448858,11.6086359261412,16.2868978355324,1.19708130882651,4.01293697385427,0.633927349316312,92.0106695917044,,0.0304370712860869,0.0235304042817974,1.27342422775993,0.37085916617042,,591.589578602069,,,,0.0166275936298714,0.0480398978788624,0.21490876916646,0.430804314707161,38.8983220930157,0.00145878607472402,38.1976271063245
PL33,811.431016348945,371.617662990801,9.84693923050485,397.18671711779,376.811673851724,86.4169994546773,0.0113462246211407,0.240556272846785,0.620610679013972,87.3060955873247,1159.56923935927,0.00432182681206643,0.0128198573585841,50.1326922494711,34.3411958502752,29.088846150638,15.8400815512567,15.8400815512599,82.4575385292169,6.39379633515668,28.3289701685192,6.60701958845481,30.5487422010518,,,116.798734379492,80.1654752654637,274.062767724487,,6.19587962427378,397.186717117466,0.24249321209772,394.136615417063,0.563797941136683,6.26652004660388,0.0236140304973531,0.0668355995474738,22.5704204818527,22.5704204818575,45.1408409637284,,,,,17.6887647010213,19.5370456240605,,0.23200264437362,0.198801156719083,131.053191976394,0.100535288098591,0.0511720155809934,418.182587825569,413.584262031206,0.451018276534762,0.00527057773593876,0.040177831447197,,,20.3750432657424,55.7580731758978,55.7580731763893,111.516146352287,0.53456887192585,2.93221979812088,3.68157978423805,232.234478635668,239.934126796615,0.031487037610405,0.176990584014539,1.29740580701222,2.4963319227981,2.49633192279765,12.2773283106306,3.91544764190503,,1400.46019204823,,,,,,3.28120441852107,7.93343029654794,0.154452754305058,0.0198427531892769,44.4524798080458,36.7541246453846,40.4045567580735,73.9695956415178,5.19401086092219,11.0236704441192,10.3223114765144,10.5661492559267,1.54700748680516,,142.096488058289,0.260176123975804,9.67978873143374,,30.8795100042029,447.685817873457,185.929418499376,16.0477846561697,62.1465436523634,,16.462030259466,9.93432679808464,0.00184913245552077,0.000890250572095595,0.0055437863965288,0.0816905846290524,1.60171661861749,1.53643886390974,8.62648942682021e-05,0.579944883439982,117.845046801319,18.3304843744246,4.9436798657927,,17.6887647010213,2.41455542926437,9.24193910081312,23.6847025726615,0.27534614007964,4.24430972962656,0.0963001937865848,85.029559076726,,0.0513398044165673,0.0399189872804993,0.917417827775682,0.625876850309139,,508.702863470078,,,,0.00964962807000277,0.054473411494644,0.106848009751276,0.279808574161753,15.357995413674,0.000584282051972408,15.0610852764123
PL34,1894.15763084549,633.520920650123,8.06424654434605,651.612349956791,634.921040993129,179.902976651546,0.0237416235167378,0.289806856188219,1.34923080767546,181.500014441813,2015.18578792398,0.00679783530029684,0.0242624247551064,18.7052078402217,95.5476752602348,72.0559863307376,45.9914068445882,45.9914068444722,672.429399188755,29.6732727332119,63.8480435911089,31.0162749384203,68.7544326571169,,,767.97707444899,74.9590401165284,376.183719207981,,14.3412275055803,651.612349956985,0.361656401045458,644.901553530584,0.562926010532656,10.627327372736,0.0382649272713926,0.101189014418344,242.155338430281,242.155338430273,484.310676860588,,,,,9.69038188731861,198.755610722021,,0.23200264437362,0.0215616102692424,607.082971015075,0.210619825716034,0.149530545657096,619.182195463371,613.799579459666,1.23274570928011,0.00800999325941378,0.0864396366427022,,,16.6913089638557,204.163680145998,204.163680146001,408.327360291999,1.00285161882252,6.4063389929428,4.38824008997087,513.562529651382,527.602882730182,0.0561183103320098,0.333200815667177,8.29539118391716,20.0927446876434,20.0927446875743,113.029564385774,,,2455.77389865686,,,,,,11.093429379509,111.236129462656,0.127221780339653,0.0506639084386679,28.1798598081088,19.9406558974902,190.185198331123,60.6178126115582,1.40012034300637,87.5024041076096,8.45777212925223,13.6550791973357,6.31470043589617,,143.470438390382,0.239122002507179,7.92235945709687,,25.1476991329703,513.990888451994,66.240846147707,8.89198260412018,,,11.0171557932142,13.2277583232266,0.00317712044509032,0.00142564814177573,0.00619349996676866,0.17423439857634,1.79451980670988,1.68405301335462,0.00027660715029036,0.0170771528110262,769.949376676041,49.6849378413927,18.9953721820279,,9.69038188731861,4.59966251346697,17.3966977892257,12.4556264898951,0.0478872961623142,0.0315174999896898,0.140311575439597,42.6493350781052,,0.0420685099177051,0.0328844809814076,0.491498650900765,0.512469101748584,,1059.93971024879,,,,0.0187328242349736,0.129759616122543,0.135449546987587,0.656814790516863,33.4938255249213,0.00127572719209748,32.9484570262886
PL41,3882.70876755708,1416.50195358811,24.8583007589229,1483.68395493409,1432.13680258298,359.27846988621,0.0472145456008247,0.442377725115791,1.42010841144008,361.732031331902,2987.46399857558,0.0111380417756442,0.0515719167060874,146.706382483712,157.805157534313,134.122899070696,128.633005635471,128.63300563547,479.70419748735,41.3980760330574,102.751224875848,43.3250249746428,110.758653271687,,,637.509355021664,323.618596418127,1016.4274893623,,136.069937233573,1483.68395493411,0.675334221859097,1471.23276065675,0.849351644777698,10.7221628865103,0.0606996825661764,0.2002205894985,142.982344684358,142.982344684358,285.964689368716,,,,,4.5760445695729,149.707035450118,,0.23200264437362,0.92807298488958,376.8424617093,0.321528410352167,0.27058405912177,707.024422592415,700.919333303184,1.11780588555821,0.00898662866107004,0.146039950763385,,,51.547152351121,113.567713129601,113.567713129591,227.135426259192,1.42297441964829,11.8835552257596,4.64554602536041,363.115112882843,377.085899061649,0.044701700849594,0.512360341683234,9.23327277505349,23.4764068547832,23.4764068547822,88.403692114214,13.0614879076187,,3461.59712453525,,,,,,33.2895002141661,115.842609422051,0.393361014009631,0.347168572571191,123.619296035842,103.183832687462,146.404647031733,187.548659184563,15.6348489948755,32.4642945059919,26.1663907280404,110.756603494921,4.68137729125865,,174.5986632438,4.90896671473498,24.5424656770883,,78.5974860213462,8604.69650032982,1534.38003134213,35.8956196550353,207.877919119048,,22.7710911893177,105.125382348922,0.00481786668604989,0.00225296915207829,0.00722560000991242,0.169440307959199,1.87385957145985,1.7461581768881,0.000353261813483495,1.40013152206563,639.31103810788,175.311659951708,18.0612321107054,,4.5760445695729,4.13967582133427,15.9231491670259,285.189646891906,0.48707874243846,44.5171218430966,0.235175688824915,224.386203477013,,0.129099850148114,0.10293372184465,0.0163033404140142,1.57979500824725,,1710.81938119328,,,,0.0289065271360041,0.247587477590198,0.16058829400357,0.541268687346495,56.0638310840476,0.00217534071929297,55.1532850235843
PL42,1172.99606975947,651.780624660179,11.8612499410972,689.397459193685,664.868505900917,161.231837593869,0.0212199069096415,0.486181990725835,0.853364367804887,162.955943171558,2272.52398559106,0.00658606035474175,0.0498522205203109,55.4193674671139,27.3200197748295,10.558500408695,5.77723822812756,5.77723822812774,75.2952585512265,3.50038408096121,48.7693987470617,3.76104997081595,52.5072444674486,,,102.615278326056,99.6619451036398,428.131737976704,,11.0388552705549,689.39745919372,0.46403883110215,684.137900168247,1.16517198644587,9.49500084510672,0.0374642468191854,0.276127126232086,12.0589337794001,12.0589337793987,24.1178675587911,,,,,9.88944686394593,41.8459950842743,,0.23200264437362,0.135814330046534,200.78991926977,0.228012720171491,0.122151491846324,1018.76297363964,1009.31499269828,0.863821405348403,0.0116909293205379,0.192558034170216,,,24.5289532928032,79.4719620927528,79.4719620927385,158.943924185491,1.00722471266723,5.00532921870403,7.54402646825979,307.066194044054,318.838421684527,0.0415879167914608,0.752714139940483,2.27815026725374,3.47752374353501,3.47752374353507,10.9467893979086,4.39600641074715,,1683.12452591361,,,,,,56.5526257942666,11.5965416323828,0.191924725467564,0.0257790560055234,72.7945286871394,52.7955372080532,34.5716732967329,88.6230898330998,13.0878812407376,30.0918498119148,12.4133667122911,99.7782272809058,6.86225287003047,,185.911059606378,4.04770185844829,11.5397942051796,,36.9575233007112,565.344190745137,222.039408054241,13.6879215151096,69.692166282367,,26.6296116881816,95.5920744388487,0.00350117302716639,0.0013576046308415,0.0114765427723649,0.128330640258022,2.05726760461283,1.95682484482982,0.000466418718669251,0.157603639981184,102.788368069523,64.5817335813515,18.1042113736036,,9.88944686394593,0.414683929882576,1.5211669652446,36.5982626368037,0.0805879008917765,12.4780040047672,0.0578630827170052,173.897018527851,,0.0624119139484637,0.0488573683129488,,0.752961472680827,,848.341383379176,,,,0.0213281407334959,0.109500803322365,0.241123953113933,0.431710381951373,80.5119202970063,0.00311360649705823,79.2402023574242
PL43,607.462168700672,278.410627791296,6.47625365548783,295.741316209259,282.355129037938,118.021624303588,0.0154698876552675,0.35524142311729,0.652596503302796,119.129475314103,1392.21763289683,0.00532688395058964,0.0219040989789467,27.9043406839446,26.9000386285728,10.3591515766504,5.65487121347315,5.65487121347278,42.9041579641316,2.83042351889966,23.1928562674907,3.00018980451345,24.9888393828767,,,69.8041965927044,68.235840399839,195.357287632224,,19.8205088903731,295.741316209166,0.283653581337122,293.369493722878,0.76911126140509,6.60766606927624,0.0199673233537675,0.107528066697271,7.50233335147698,7.50233335147829,15.0046667029578,,,,,4.66772224443403,15.0070725044197,,0.23200264437362,0.567589179198058,115.020820156761,0.151396652062022,0.0596600219820095,716.391082697821,709.992073023788,0.62789997213765,0.00854217158096187,0.0798870999697278,,,13.3861871712274,50.0068738260339,50.0068738262973,100.013747652331,0.657742109447028,2.25039242042162,5.10963741037264,222.86283554045,231.131888479292,0.032511334404936,0.288733478070775,3.12434235196727,4.77881463524808,4.77881463524775,8.06301913716757,3.29076885402142,,1005.76744948883,,,,,,10.6594994701395,6.42798079972072,0.103028938984413,0.01483783354397,24.7098967757234,18.6154517946194,13.3671212648444,48.4153315093745,3.94450124664194,8.4646535981809,6.77292398189261,35.3132215885542,2.10650184982366,,150.282511553233,1.04668379796522,6.32093817503736,,20.6861154638937,315.04224888313,141.902908246378,3.61641651557769,51.8034770970775,,13.4510124203385,33.872025694521,0.00227530906565104,0.000813182389357035,0.00779346481163773,0.0822819211344477,1.66428256018686,1.59687760108249,0.000231352719873113,0.114438106528462,69.9158291814468,30.5639565169443,16.7706808749661,,4.66772224443403,0.265702931916465,0.981944020604769,11.2819052347278,0.195957023637311,1.54802285871557,0.198555072430643,55.2860287667429,,0.0339805948581834,0.0262943712492813,0.0171475133767909,0.411400938435259,,395.755063861591,,,,0.0127833585945196,0.0454869738440879,0.157226114352375,0.298608472969319,28.1595876362639,0.00105724581466323,27.6613035398305
PL51,1213.61111982597,721.71804477247,9.58422734626095,748.830486629514,729.080210571389,164.362494299742,0.0217302459519606,0.307025908055664,1.12660589701639,165.836032037915,1984.328712959,0.00967475203629006,0.0362063589369043,66.3918727382597,26.4121411021028,12.4094178902432,6.76498508843014,6.76498508842894,82.6167024263968,3.64251747577608,52.6698721321413,3.8319143491303,56.8570738616152,,,109.0288435285,141.78749873146,511.828686713807,,70.6039298011371,748.830486629531,0.397296269015724,742.871455147683,0.71947709111292,10.8484089687197,0.0447322109079644,0.184500767371789,14.1507601206586,14.1507601206602,28.3015202413118,,,,,4.72472308156949,17.9685361387553,,0.23200264437362,0.268880918871057,150.700993955171,0.197605002089096,0.148734729523089,647.613037249234,642.04690153667,1.06811151202876,0.00974061472882063,0.13508132861896,,,19.7502760581421,66.3662289080929,66.3662289083745,132.732457816467,0.859233370172539,5.67057973292614,4.39817744073447,358.11144788891,371.765282151235,0.0576871612802335,0.491814727000393,1.90513039052922,3.08291716893042,3.08291716893034,10.9842392834738,5.00969940120668,,2868.36974899667,,,,,,16.1424498847133,9.84278998424297,0.153284333050013,0.0203697167578418,58.9674990184266,50.1872155063758,24.5141349136099,71.1835689302722,7.36216579891839,7.81170867844916,9.96199152386745,125.461549495812,1.35261157879232,,273.174249341165,3.61410751698623,9.25178875857939,,29.8794921811961,402.615802188509,223.019331851486,20.675685763612,79.875751315303,,9.35658615388928,119.781213275746,0.00286015625176014,0.00171968201473519,0.00646387743246558,0.128773221868431,3.1313479793168,3.00758495569458,0.000395589043598906,0.314037476011285,109.533503270591,18.1845084651865,15.1219910267486,,4.72472308156949,1.13296815501827,4.47358765162596,35.1002690043258,1.57706640256625,20.1549435888604,0.489162300513766,260.950671865341,,0.0507728549635465,0.0381886813730036,0.0273174529811391,0.608546445603738,,881.562944445981,,,,0.01654294063455,0.116267091415465,0.134991395240795,0.481934662682723,47.1525269117642,0.00192828466904322,46.3045281407955
PL52,795.646324685446,453.635083368804,5.24281276137779,465.669336354461,454.851378901051,68.2392103749913,0.00896049188635316,0.174710988994614,0.383619092592345,68.6961913593377,941.199977473177,0.00307243684794421,0.021236840727351,60.3864216433535,15.2139206999169,10.7903837413346,10.4662170143332,10.466217014335,83.7789062895564,4.77287079576144,29.6772352183103,5.00235359294376,32.0019808088121,,,98.9928269894733,86.8075056190979,326.094273198582,,47.860907956038,465.66933635492,0.145906683478747,462.118548707714,0.367973288794669,3.0127810232824,0.0178059515340854,0.100635759060071,21.5488157936691,21.548815793668,43.0976315873426,,,,,0.977886105592318,16.6454154678899,,0.23200264437362,0.118431269007799,53.8869878826615,0.0608950062361914,0.0803967902326609,289.877043113811,287.310532643739,0.287055842642995,0.00352674513877062,0.0670113535400207,,,10.8179574538694,18.6207862074567,18.6207862072613,37.241572414718,0.244033794295831,3.39370035683774,1.95650296881021,88.4990819075048,92.3547093860731,0.013352250534516,0.246119141296515,1.12557027961952,2.86415044748351,2.86415044748391,13.2164164002441,2.61699267110333,,951.677398250923,,,,,,15.3247466579833,12.4836950487242,0.0856658069038138,0.03407516712317,29.1482483146045,27.5650169039179,19.3292874017622,38.946597663003,1.21629553224649,4.03728209980476,5.46165907647686,76.4833125401607,0.337825180527735,,64.3910875723038,2.48879518192065,5.05115898083643,,16.3202007275784,802.310664389625,193.742588926793,7.1546445791094,41.7253968159309,,4.81368491263474,73.2489947545974,0.000864163703681779,0.000678835537398672,0.00306282814209566,0.041858365511545,0.722763749884576,0.684128634962703,0.00015344910408726,0.124438319414659,99.9395599777825,11.0876380140697,4.12245834869851,,0.977886105592318,2.21781742763287,8.3456469417663,35.9759174992777,0.677840450770079,15.596687412193,0.0676821528725608,148.483420520355,,0.0278198091094893,0.0213930038309649,0.00771769406213984,0.332653023866245,,502.910908769179,,,,0.00528133663689682,0.0670511726980652,0.0642603953342123,0.130313154537112,23.8799335091507,0.000877730866568992,23.4447769654221
PL61,1738.37920980338,910.907850634887,12.7134558164266,943.946655207911,917.568656275152,173.157204818021,0.0228168882998047,0.204697141587527,0.823223936806184,174.433516164455,1796.31608202524,0.00676833689018387,0.035903622977801,101.251086776334,69.5257324450034,57.9156814529092,56.256986508564,56.256986508562,268.006836411773,20.9283784205911,63.1679636854204,21.7811723495648,67.989583123914,,,337.532568856777,176.034695349753,627.556251627457,,80.075561834253,943.94665520745,0.353059858958361,935.366825428271,0.429320738565733,6.04386192865138,0.0393814821899165,0.144919225382247,79.6902125249544,79.6902125249543,159.380425049906,,,,,3.81435837581033,89.4781597008951,,0.23200264437362,0.139469616508938,184.743754235096,0.185662350505159,0.197312129041835,408.324384919095,405.373628767564,0.733078308442639,0.00579669885633272,0.122151634220388,,,26.3779989322983,47.6327972670487,47.6327972671115,95.2655945341602,0.719120029677203,8.18662606092495,2.22955484073389,213.538581203285,221.563139433965,0.030335418038595,0.39248046034992,2.55741210110706,6.51024871793825,6.51024871793805,45.8983840609583,,,2062.91243746313,,,,,,26.9894374681548,60.8144821334953,0.203684526020112,0.107794576871242,96.597331728786,84.9776720369791,62.2779099669982,95.959133515657,6.66080564026435,27.8870350657027,13.3947360813916,86.6439616993433,4.14097395235584,,147.356493731986,5.05234725687717,12.5315263952418,,39.8565920755787,2459.52525691391,361.634391204535,23.2266212783082,,,17.9009167036797,81.4014258131169,0.00264644153550096,0.00170915637651545,0.00386779561591088,0.101504276419349,1.75375215167247,1.66975132415063,0.000296175713506548,0.776642501738107,338.80889160273,63.1259981397857,11.3157986137371,,3.81435837581033,2.97605968739487,11.2580560499708,128.203675650265,0.172215843422957,43.8501340549347,0.0179727859261948,224.866561394429,,0.0661225084546918,0.0532712082913518,0.764608890951768,0.807597131534905,,1039.21224974207,,,,0.0158226657610877,0.17136554455238,0.083315635029843,0.322889780361791,46.2946341486052,0.00171889154682568,45.5988830299614
PL62,1629.52576887791,590.464926373753,8.80666211225273,619.974054635094,601.731717890148,222.866928698554,0.0292857070960978,0.377713298728373,1.50125423320283,225.220575387171,2387.03799222175,0.00992480808948863,0.0650579267348492,45.3742227772126,71.1865450695232,39.3968683089528,21.4841120071563,21.484112007159,290.447340400235,14.9109608181703,56.7658373786757,15.5998206599424,61.1290710720517,,,361.633885469759,76.7988459995901,372.842592121202,,10.7685270121114,619.974054635021,0.560107461039138,614.302329889364,0.874469528964618,15.2139009980886,0.0421650515941104,0.334955537404145,93.4382867091602,93.4382867091636,186.876573418322,,,,,4.63241752525205,96.1143048560754,,0.23200264437362,0.0707516558577425,440.459753603654,0.294213280713703,0.128931866422783,820.858282968816,813.249281799201,1.5021401525254,0.0113260900717151,0.249977540025477,,,18.2423367448728,172.17272437356,172.172724374186,344.345448747745,1.46512341895084,5.39610371249117,6.14554033119565,586.562971233905,605.746490347385,0.0765979954716421,1.02949345391847,6.87183328336759,12.1122157538046,12.1122157538032,48.8178412184288,4.97843890297451,,1412.72667982445,,,,,,72.5168597955792,34.7473878507802,0.144400617909386,0.0578831018778526,61.8931918407867,38.301957514775,67.9436450197903,66.0303189873245,11.266791516395,61.2968180274502,9.24499933617726,57.038756052068,12.263601167722,,304.122770687493,2.13140709193071,8.58084232902072,,27.4527922398777,1056.77272256874,303.572380025309,7.78311438731511,79.0320442415788,,27.6684368250262,54.8148949020242,0.00472711132039651,0.00170471439671081,0.00896578893298505,0.198153441709863,3.26970795941625,3.12527725812293,0.00064422507087787,0.0700989776779199,362.210152388959,35.2525667956206,31.147304346493,,4.63241752525205,1.30312438859987,5.10360123677467,50.9474715971678,0.0612556268012987,2.85040630246626,0.031198431311695,147.473311529143,,0.0462746785356838,0.0370272716918614,0.0238143701703083,0.558861510124154,,964.31950338284,,,,0.0294754165900052,0.115698745225624,0.202312221827821,0.768070287958532,111.968880923945,0.00441675606633333,110.288752240788
PL63,1243.12546237834,578.138600186414,8.12983214845873,600.121347867684,583.263232628355,240.34849716399,0.0314469938262431,0.363776947894257,0.789576240816137,242.305583706504,1829.79026930018,0.00722605120501083,0.034423686766649,45.1759585996115,50.7929716360683,38.9852404954642,21.2456397332008,21.245639733211,123.269842395212,7.78705099618383,43.6109546864904,8.1281426578751,46.9624393316742,,,174.06281403128,69.3943097877096,396.588346754866,,7.96453055925115,600.121347867312,0.481778350491854,594.855998109379,0.695346709122641,6.46311326403574,0.0300758209454752,0.136522997899818,31.5646081950997,31.5646081950964,63.1292163901907,,,,,5.44975017536156,44.284255125209,,0.23200264437362,0.179445549534438,172.922255583149,0.26658846258776,0.119807676553167,705.918413168356,700.028228890117,0.727038300860807,0.00822806268994318,0.111651023352686,,,16.8581152389566,64.3190002289012,64.3190002289317,128.638000457833,1.18107712085491,5.00583675812606,4.66894807606514,227.827990734447,236.241783434435,0.029638718883833,0.384720599507239,1.63055251476331,3.42274748841412,3.42274748841387,21.642564552757,4.16603209232685,,2288.29566090925,,,,,,26.6880091147376,19.664580407164,0.128069427332535,0.0643419883743875,58.4557855383979,51.1207268730916,67.4263873385226,61.4297792285761,5.12463244194136,24.2580859910044,8.55803564902681,69.7531069645526,2.0779143512866,,126.118914985511,1.8689641298602,8.03581192436674,,25.5901033091891,1504.75742905913,340.303300021546,19.2046089625657,66.1351444769882,,22.6186317244715,67.7617175776892,0.00398379474922511,0.00114881969125959,0.00726056034846731,0.101041297282324,1.40895431540597,1.33215555188653,0.000268067695024882,0.361588727148234,174.73444237546,55.0362090583405,12.7214732823087,,5.44975017536156,1.53545974836796,5.9397095970047,68.7102651321768,0.0819142693327495,9.29748618609092,0.0405109876703543,159.555481970564,,0.0421780141333472,0.0335631057991937,0.0989487662426293,0.516730596336481,,728.759348325517,,,,0.0236588138239641,0.107109509784075,0.154851984781375,0.333023597017942,43.7941868081703,0.00163010979518145,43.1266004329484
PL71,1710.15730339633,798.975070620509,15.9548498001538,840.915363919435,807.866297865217,178.335843601945,0.0235583085636597,0.170645615803557,1.42881837830162,179.475654188695,1814.89743106956,0.0110854874885013,0.0271141047602279,68.3556706641367,45.0184749858575,37.9927491180023,30.2044660671121,30.2044660671489,252.484706569926,13.8567384027255,60.4944000665,14.3237581211768,65.2986776677516,,,297.503181555783,150.42235560289,608.118943313657,,29.9439510565396,840.91536391953,0.309342882723006,833.428348246161,0.362129801072878,10.2769835813711,0.0476268486230574,0.108251745419331,79.1760041726471,79.1760041726499,158.352008345275,,,,,21.7178824600519,64.9122416403112,,0.23200264437362,0.247335347025111,200.688364043319,0.162053056840251,0.167007443609558,381.775347977986,379.293879965779,1.20649217868743,0.00722251126335011,0.0873193142372245,,,33.0490660543128,67.8880612014987,67.8880612014102,135.776122402909,0.654637493417136,7.15938892007822,1.88741066584308,372.65964077996,386.195342786661,0.0585153107729313,0.29523094152117,3.53014713165795,8.81452792681315,8.81452792680489,36.0911020033614,7.0990556537201,,1776.02145454751,,,,,,4.72836615998773,46.8798445965931,0.245691506981618,0.076808486770066,72.8922395413144,62.8162728982532,135.521118191695,120.478404546394,8.89122724470733,17.5745486598764,16.7659517979192,23.1491551030484,1.08921718343717,,272.226576420489,0.850271480077347,15.8136362124439,,50.1249018609532,1661.75864871693,435.962635518198,38.792246330983,112.695638251648,,17.9962194278257,20.9382704770763,0.00207486522673839,0.00176823768422769,0.00289110091299249,0.128534418137339,2.78268430757015,2.65720683483434,0.000280472239988654,0.457848383940738,299.081185822278,131.513093248527,4.36947342024867,,21.7178824600519,3.67732082364568,13.9202015498688,54.2765872445027,0.323885385945793,6.02780713954932,1.03672775994898,122.306705606365,,0.0825729492684202,0.0644277827372306,0.0310944320746202,1.01486424716127,,976.691486322344,,,,0.0117022885414282,0.135292763427788,0.0583908285727703,0.494873450204029,23.7530378891141,0.00102731458787615,23.2348413109363
PT11,953.256174128971,198.327480442892,1.53231931029068,395.44658226529,199.694421004708,225.746363824364,0.15608206976729,0.49936181126701,1.130589332016,227.998891091635,2125.06048862859,0.00436746420744652,0.00463553259445808,0.205313673830628,57.693632770842,9.41409745738948,10.9310426277141,10.9310426277096,145.697764642344,18.7824292268286,28.442377109678,12.4532015545935,34.4050366394041,,,203.391397413186,30.4703232164736,50.6049360375896,0.712057503799264,28.2356573923673,395.44658226527,0.210568313455593,382.367983765291,3.14878577578795,20.9043420122939,0.0893443478632597,0.237880873089404,42.7512138723115,42.7512138723096,85.5024277446226,1.57664747962801,,,,19.3527934472859,109.90739753516,,0.0288441834327047,0.268906904503129,367.344530714118,0.468754425326623,1.61167518637458,714.399770301698,686.899518515696,18.9095904442825,0.113189388681585,0.898827281364709,,,195.752161260562,128.718566589464,128.718566589427,257.437133178892,1.19330669289276,10.5814767947819,23.0562940129759,701.611882127503,744.56451355806,0.148582608870177,1.25816987978564,2.49481582302803,3.02991469913475,3.029914699135,20.5418408635788,1.35994777533072,,3588.186,,,,,,17.0313204116643,39.4802746890847,0.0920685146778154,0.0783105520280182,11.4929955245861,10.1257048596401,4.14337757867139,2.23466582412181,1.36694056181559,69.3256559534091,19.7040985082121,0.0684849704926062,0.000234670903898325,79.8370590039113,512.746791379406,0.0644062918422756,3.51392919494866,,201.729049447968,153.382084459805,96.9810612716035,8.0296446929872,26.4053436224833,,2.09606016662176,,0.348223563154099,0.592193484335626,0.156926711357868,0.378698449662628,8.48996395244145,8.1316600119132,0.0010279295372197,1.10146689273271,242.65857827451,10.8646366284727,57.2308993629978,2.29092530214128,21.6437187494272,181.54414788256,286.717245987941,8.8686466049877,,,0.00407867865033051,3.34463746049775,5.60718244467248,0.43499101638035,,0.000115432257644791,2.19405208795609,87.8323849586162,652.883715444182,,,2.29092530214128,0.0316742724424989,0.137170964756932,0.638883474553006,1.62941119224383,34.1607674594853,0.00282013090463901,31.7602259631173
PT15,119.138547842013,28.6586057621563,1.10464053349274,75.1687453318296,28.8650854220109,57.0763859957648,0.0391117233072705,0.145787042913839,0.292354966923512,57.4771166041729,497.808479259591,0.00110532918265714,0.00167388122899674,0.421967260328104,3.92606857237738,0.416026769145532,0.410603560233464,0.410603560234288,4.91853433252283,0.608641131866007,4.4749311304492,0.425310811519311,5.42250575119127,,,8.84460290490021,2.16812343018407,3.95105185159809,16.2626052105353,0.258687958191084,75.168745332345,0.0338076000696082,72.3132258538558,0.701018772981105,4.04666805539047,0.0244534467846503,0.128243016002318,0.0389499273298391,0.0389499273298767,0.0778998546595502,0.102343126247173,,,,9.51119759268744,8.0848269008423,,0.0288441834327047,0.149780817812309,31.3490135501338,0.0826823336848606,0.357331663234227,174.065469797045,167.459585480046,4.13087910446565,0.0434165814508504,0.595910829005221,,,46.3036599103341,11.6320933249191,11.6320933244334,23.2641866493525,0.201284496433016,2.27889555937934,5.53706563991972,144.452620700894,153.406515776625,0.0433548762205794,0.804158612349206,0.197460500330598,0.190591103916619,0.190591103915083,0.610493905936895,,,441.005,,,,,,8.19401161917376,0.105349999880038,0.0667768004937167,0.0082039100286224,0.927560292471844,0.72108063261569,0.566401104429797,1.59766970566577,0.206479659854589,7.96878243206627,14.2560851141906,0.131017080640938,,11.8422664161517,159.638949257655,0.116805985304362,2.53588038697643,0.311765766328509,50.5552404153163,47.1016342465956,11.861012955931,0.470098559349244,0.0271163754170047,,0.186816798668765,,0.0760765324325594,0.145867825969933,0.0462790621896222,0.0997542213150241,6.99657552079196,6.88233848417606,0.000814506871370799,0.0106944688349887,15.1522986305961,0.0198312297034484,4.14072662859828,2.00785119833367,11.5190487910211,29.1464825324311,46.0662034278806,3.38058046119607,,0.0641652745992468,0.0142110953365761,0.672385700704204,0.977268695066309,0.248559264944994,,,1.56591930025103,1.54545787540109,98.4329319811821,,,2.00785119833367,0.00687964578799509,0.0343127065984156,0.17573379899436,0.384238727636005,30.6940562286114,0.00190680297716167,29.1632553831543
PT16,1187.47127647389,223.160393790838,0.837934222215402,339.853729245692,225.681029711052,262.380773500118,0.164713147919723,0.896963859138116,1.48687963606281,264.566629081402,2814.61852187656,0.00516295109388781,0.00571113991745419,0.628850359833419,54.4548451664062,10.1340961921385,10.0723470568455,10.0723470568455,70.0958116294139,13.2597173070912,26.3725339151317,8.81536186064345,31.9411018781522,,,124.55065679582,32.320470188167,43.4377187224469,0.66644218494724,26.1418364238006,339.853729245694,0.187694551640806,327.429491902147,4.61464962993638,23.6838164408803,0.104200454219091,0.289588383701973,13.9262275962146,13.9262275962155,27.8524551924281,0.00645308547833596,,,,12.9982415044058,151.67406774048,,0.0288441834327047,0.1254971351095,384.15075547294,0.541354470068337,1.76294564518078,1351.14427415587,1308.77256586904,25.7102056002455,0.199560512175508,1.44926537133337,,,114.172699534642,116.23834386628,116.238343866117,232.476687732397,1.09895334325901,9.82027723730883,35.5829415757725,749.218787017393,802.488472437983,0.180968578059108,1.60386703704884,2.76499045552785,2.66486726885663,2.66486726885702,10.4064032625281,6.74431064382216,,2243.88133333333,,,,,,19.9972396680409,21.2872216435708,0.0506293454874719,0.330093923243735,11.9034203792586,9.38199872595848,3.17983840636803,1.21261851111342,2.52063592021385,129.791630891166,10.8101473369428,0.272637082443976,0.000526057560811678,62.4096024984863,606.579961992969,0.00369704586807234,1.92351351452634,4.9660152532422,117.410575261027,2330.37215937854,490.590202699985,6.87675714355837,135.553360801907,,2.50139586494079,,0.326935846544995,0.543942729619849,0.256451249607357,0.451510808483762,11.4843343060027,10.9905360074275,0.00134957409841728,0.595215205806159,187.465848915063,5.27497217959514,51.9446981484224,2.15706855556688,15.1553100599727,290.749673477979,459.461766780358,95.9441502030944,,0.00384571745987515,0.268940036575904,2.02713450301582,0.671772169533823,0.395832339635295,,0.000259675524889871,1.18886507674788,38.3303394373946,572.330416978089,,,2.15706855556688,0.0309173698274636,0.132358583473448,1.0207019722471,1.93727293519901,45.0810826496055,0.00390580302747894,41.7313011435045
PT17,168.838612131141,26.3728520383372,0.460898615465697,45.198710746026,26.7090227413703,75.9319729362611,0.0281185626506132,0.0886464272227744,0.131084358266573,76.3446688228293,285.473353162539,0.00145581404450841,0.00138347795289446,0.273610338988065,16.0700197951229,6.73299466915076,10.6324461492483,10.6324461492201,20.7807230818033,5.00351565438095,3.19305103405095,3.35705774047086,3.86663949393423,,,36.8507428769262,8.36195328397142,9.36419418851052,0.271783012872353,1.8747014076245,45.1987107465707,0.0389514381733857,43.8106583427008,0.428328198278406,1.86318439687719,0.00770792484676132,0.0247429341070948,4.5221798634281,4.52217986343218,9.04435972685497,0.0158909033777387,,,,2.35397059775933,8.98451224995141,,0.0288441834327047,0.434838792993201,38.5736839341438,0.0854101038532602,0.175050997998414,95.8857837278891,92.2066583630341,1.61586223041202,0.00877182286663846,0.0908393241333691,,,18.4896880052004,14.7945858423395,14.7945858421298,29.5891716844693,0.229157839398595,1.11411060123993,3.06274590965652,60.6022441625805,64.3760450031372,0.0117948241348491,0.12369316405522,0.701642091709458,0.976914925394049,0.976914925393937,5.26589813113857,,,2822.56866666667,,,,,,2.26910517049025,1.33213189810011,0.0277222419883905,0.0811936429952731,3.07793266385272,2.74106795511664,0.135109136370307,0.67044663804062,0.33617070303308,7.60844710496061,5.92423104192286,0.621059609217579,0.000694005751862858,0.690958001129287,36.1859130108163,0.174901145953777,1.05753741982798,5.81680523830278,20.6412409615467,585.242151124092,57.1999868237193,2.62878630305202,,,0.106522928702087,,0.0537301851071378,0.0564106183524241,0.0182167821269243,0.0276726469625458,0.423334978740322,0.393376489911624,2.91405220912936e-05,0.0439332466137708,42.2281280370644,0.0632980558146235,10.7942287927826,0.155800475464657,2.50977107322399,24.7731907252043,39.3154809037744,20.0648428169675,,0.00575872331367206,0.446158463263801,0.514332469991887,0.0863857649943393,0.0745775219074422,,,0.659176743482298,10.9531318049629,74.7878824304953,,,0.155800475464657,0.00544632003597095,0.014361623628323,0.081188047568057,0.135997208038521,3.24480988337211,0.000228102935938878,3.00412184260141
PT18,2951.4963016621,484.734486088402,9.37894714823895,851.652505486271,487.632981257923,72.8463516183935,0.110488154214266,0.346438069136719,0.894348560899793,74.0553571789868,3146.12819672501,0.00142582781334542,0.00150719047052327,19.8729032258491,310.446625232303,32.8712969826557,32.764328586167,32.764328586198,186.385828629878,42.6333375329718,88.2820270651893,28.3647137341699,106.842849507765,,,496.832453862181,60.6486619723504,133.830547758547,1.80588886793232,28.8619508536166,851.652505487044,0.17037839798155,827.86783466172,5.04812945233077,40.2268155418966,0.110576012422224,0.31099122014885,13.3875421321301,13.3875421321288,26.7750842642578,2.61032099815048,,,,57.1156696720861,187.799284587287,,0.0288441834327047,0.23168964251957,1400.64040388811,0.236810610593435,2.5583491964434,854.972501363793,814.516782218715,28.2557941502465,0.0808319163052351,0.861270139174319,,,364.019524229121,606.420559650801,606.420559650501,1212.8411193013,0.649612225373846,20.0406683346439,34.0358189203483,1261.05581055331,1333.52541496248,0.181296160623573,1.47558759058792,5.28604300524512,4.76319090524175,4.76319090524088,48.0407046618859,0.0640305954651951,,718.142666666667,,,,,,25.2391531139804,4.6307811288301,0.567057802788618,0.446579464677716,20.2228910454756,17.3047285413565,30.231070906582,13.562472669868,2.89849516952157,182.809585268592,121.043434647432,15.9227885652056,0.00816964633744172,193.83350630215,127.367560278839,3.45682448520456,21.5309311579386,18.2242384487922,399.072969387724,2549.57437308375,390.170223012345,2.91084067292556,1.01085067604855,,14.2633094265073,,0.136235661749085,0.847353933085577,0.169397528236782,0.476068549553171,3.12526011653741,2.74891936557067,0.000614419091880061,0.35891818938869,646.098658996542,0.137439384859311,340.361606555503,37.6883544704212,94.8040241425073,688.853094814715,1090.62690327886,104.802473607817,,0.130578441891732,12.465964080001,20.3301512708299,1.5083498513376,0.894088698380352,,0.0114976882919731,13.2908243581787,34.9882509108271,2064.49362478757,,,37.6883544704212,0.0159686648955958,0.227811206937965,0.855935175025971,2.61657760657828,28.7971576161756,0.00221083380236093,26.1471870567021
PT20,325.613046210935,15.0233745927202,0.456946544489115,23.135994983551,15.4322844696067,17.9477678680889,0.0102673145391801,0.0427881069806553,0.564193770195245,18.0833751931847,232.721478877298,0.000356635902003122,0.000401978775738711,0.00832016122973143,33.0022395281168,4.94599125890374,7.75224220860937,7.75224220861021,130.773258708014,16.8404946136432,4.89202397825171,11.0422703064065,5.92211238252859,,,163.775498236131,0.883785111318732,0.967395383742036,0.346336358002256,0.21648574142221,23.1359949835533,0.0120286871937322,19.2080734582744,0.183012472977426,0.866872219101236,0.00735167177448189,0.0230809996052778,46.1430412708987,46.1430412708996,92.2860825417959,0.00235120592426156,,,,0.0575577774400275,11.387284358878,,0.0288441834327047,0.0836266637937637,105.093293376113,0.0274536887086675,0.112418035471893,44.7002597368534,42.7264116418636,3.60673852363545,0.0114935827553801,0.0883912440565688,,,7.70371051394657,46.8530045084861,46.8530045086223,93.7060090171084,0.0685943962462358,3.74927268494339,1.68291699425516,136.487559457775,141.951670089397,0.0212330477398391,0.145894463642135,1.61623589958714,2.24780029212074,2.24780029212086,20.7371554384815,1.06009500279155,,244.970333333333,,,,,,1.27613598284279,10.5707539715958,0.027365189380458,0.0539264519111797,1.0562573480092,0.603557741383107,,0.667299369899301,0.408909876886511,0.713662811317628,5.85487758295611,0.17260687740276,0.00032929626213571,,51.8197039637579,0.17260687740276,1.04847994387246,,9.49489323795254,81.1994572458023,44.995543974145,0.513271681209571,20.4524607034314,,0.0674285669780716,,0.0251506871451112,0.0458469057980533,0.0126760607324438,0.0851407297135813,1.0758884182694,1.0351154660862,6.38564162773196e-05,0.102867576091088,164.84214388439,,33.0500154623068,,0.0575577774400275,4.91774091125585,7.79631666571896,8.77696745516577,,0.0228574931959539,,0.0729389052665324,,0.0227828995622827,,0.0434604334769577,0.659076116339674,0.995401939556424,116.842004000659,,,,0.00237986580189184,0.0101165845263415,0.0524544600426988,0.341165388977798,3.7742904560408,0.000338014011490721,3.51645791354486
PT30,37.8549061062348,2.07059729320299,0.0523991847128141,4.29866338037474,2.23759310641436,10.5119919348849,0.00307643082064681,0.0277827692797868,0.0253896918966307,10.5780293173106,77.9531837244568,0.000203226387660905,0.000173105656597517,0.0481777376986331,1.01232965820143,0.123269832914313,0.193683171630001,0.193683171629191,0.800276852331428,0.225512765794362,0.238375839071772,0.158950198080236,0.288207176037555,,,1.81260651053286,0.132914387752151,0.275250041602027,0.153021833963683,0.056525957651674,4.29866338037365,0.00410158285033604,4.11898392567788,0.115567335618589,0.40178586936937,0.0129077913432294,0.0167291785024329,0.151102692955151,0.15110269295553,0.302205385908871,0.0250837180174647,,,,0.0130367800022684,0.408995832851093,,0.0288441834327047,0.0299919886820735,1.0152992056215,0.017960159154957,0.0252675536419394,42.115196326572,40.8618555685712,0.469509102895771,0.04209899950928,0.105480642815529,,,2.0610702739593,0.303151686437637,0.303151686352383,0.60630337279002,0.0317915242683086,0.141377967497608,1.06660151332379,12.599805139008,13.5454585743747,0.0224570978383326,0.112255487774017,0.128742968079759,0.179007208103095,0.179007208102475,0.154843508629902,0.905676038119667,,255.222666666667,,,,,,0.256623886155713,0.0808493130144129,0.00314550095139263,0.00169205511545498,1.30493125319242,1.13793543997269,,0.0763884301053515,0.166995813211368,0.246303529132506,0.672299242558235,0.0101133312037285,,,20.0983674412537,0.0101133312037285,0.120139886270434,,2.28633614154281,8.44716873842285,31.1373328425372,1.08006376998713,17.7161124857826,,0.0578716699939248,,0.0110496805486678,0.00776579711986498,0.00844001240715302,0.0102242474907007,3.36163923556093,3.28333544316931,0.000176082006063367,0.0818429906845667,2.87451150281079,,0.950396071535033,,0.0130367800022684,4.91244736023858,7.75199957983325,2.46814642671467,,,,0.0690741981289036,,0.00914056762051653,,,0.0751339926292841,1.17106394415438,4.90496675316476,,,,0.00113443560351475,0.00219170561573464,0.0349491273714747,0.0387445237138758,4.05419689026489,0.000636677313139915,3.81938239351046
RO11,2483.09378111609,897.929539341923,3.0192542506328,916.248995587007,902.417929693838,195.312743728665,1.5284741265258,0.0289891579907092,3.14558203697937,200.141849579742,3410.38659532375,0.0204274354955615,0.0397256657103728,40.1950032214797,11.1236119021611,8.57297023723854,3.33163420103582,3.33163420095252,251.249715284976,2.15033760386729,30.0197011614564,31.2468069793561,9.59893915110732,,,262.373327187137,253.630087534629,458.209789971445,,248.31186343546,916.248995587007,1.86767757933555,896.485817980128,1.73979498508311,35.5740192141712,0.0791056307904832,0.159456181961008,95.7449757801045,95.7449757801045,191.489951560209,0.599125736282837,,,,139.604743265081,160.179438277588,,0.693776586911261,0.0568820494873881,1089.99527380907,0.202076754347417,1.29911654421716,1153.36929579491,1141.63549415532,6.74400888427304,0.104357297109079,0.0684487459218572,,,13.8310658931692,464.907917765739,464.907917765739,929.815835531478,2.69010657338596,16.6823180892181,9.71632488121338,981.886648347315,1028.36650419898,0.113366912882723,0.460711237913254,1.52279070977701,1.04595966487466,1.04595966487466,37.0860871186407,3.95472179849552,,2568.451,,,,,,31.2422539245671,7.83543326287991,0.443930854368814,0.140115032243173,52.1118813501215,46.2077189815323,32.0875260983441,5.27475932705035,4.48839035191517,150.379262599285,4.59821686493095,84.6064091852896,1.30249038910449,,179.568364906038,0.203915469373013,5.84801824629302,0.043464772118606,21.5367335374827,649.135084069581,374.65562281047,40.6807326791426,23.6345591823269,,2.11802979464575,21.398952480911,0.0196664192001537,0.0876639604529169,0.144736761465046,0.18051187720129,4.06757899851249,3.74624317063661,0.000221745240041207,1.96474241542269,443.737969192959,0.732904235712664,1.28481369393194,,139.604743265081,747.87949847534,1450.2524078005,48.8628175822759,16.2311097111146,3.40895650774398,46.772431523891,130.965143144997,,0.208033754368796,0.0750450546428283,0.0382365729266842,1.80076734853316,5.5616301688678,1846.06483111848,,,,0.0495785247751015,0.165604886503521,0.103955854211197,0.835733838972357,108.192371164591,0.00407855159790038,107.463807587874
RO12,2457.4292205174,595.838333058898,2.98570684585383,614.201266173591,601.280023005923,149.408078253811,1.04137812672784,0.025326018577561,3.19390974253205,153.841801093225,3404.55346232785,0.0186219640860948,0.0375497185737893,27.3414777340326,14.3129269244138,9.7255903745518,3.77651653588974,3.77651653579781,242.396444014542,1.58833744084393,29.1060971566914,23.182743750902,9.34926281549305,,,256.709370938956,148.59958601521,270.019436526639,,143.41215585557,614.201266172845,1.59212082981216,599.006779663043,1.66856107461883,37.196018585904,0.0650986909126987,0.155414828418299,92.5943838514073,92.5943838513996,185.188767702876,0.271309970558347,,,,110.274567589662,126.973665011383,,0.693776586911261,0.0447011966511568,1306.22764960765,0.194092418682611,1.00419327642543,1266.77373698353,1254.08467528529,7.83828903558712,0.112721623561352,0.075905023230373,,,12.9212431669223,589.626992297903,589.626992297982,1179.25398459589,2.58540947321581,12.9671756842784,10.7414093255655,1211.6546374718,1260.98475039769,0.130391513862597,0.516417514722288,3.15442251778992,2.08235911680132,2.08235911680461,37.1190975644588,3.93073578741123,,2333.37333333333,,,,,,30.1662487108133,16.9645794216032,0.435227627716861,0.11325709832167,61.0706491682136,54.8651045245246,13.7255214214011,5.1874301598465,5.44168994702483,106.822135805303,4.5175662830448,25.336646638093,0.612245979878389,,160.316424771367,0.0309134394539478,5.64889993450899,,20.5263012392204,460.74838708371,407.264598808965,45.123271148522,23.0905369377554,,1.25700708065626,8.68792319818553,0.0175315486225808,0.0606571799214184,0.147063888414227,0.197189749453226,3.84277599476828,3.51198481415421,0.000208764362976535,3.18694978485575,497.308554139562,1.85817132556682,1.79114254009191,,110.274567589662,988.928013003955,1925.47255154197,43.4841357273341,6.88415999603597,8.48482629539197,9.73365000441754,78.2233700596639,,0.0642712155803532,0.0677131744375399,0.0838955423026594,1.91145694113325,4.91847119473116,1793.45525076948,,,,0.0445685691112657,0.121082242597494,0.106701391031637,0.904705812432173,104.909131685787,0.00395738819186954,104.123635836476
RO21,2713.22114829864,1221.72244904337,7.95991627155429,1305.52204908608,1253.2602676501,226.408733015359,2.21508938135534,0.0333865750977825,2.67218258621324,231.225380185775,3678.90989756411,0.0182997730133799,0.0432924887921529,29.3568716058174,18.5963095190379,13.9403693967293,6.80733820954173,6.8073382093569,316.875126570268,3.39081745263498,32.5678195824726,48.5459726103579,10.3945505786566,,,335.471436089306,469.307435968577,694.46851891557,,455.439706621258,1305.52204908592,1.97450979811885,1279.2349906898,1.98930483727231,29.1798044420325,0.0890394990286447,0.171924788467226,121.034555455929,121.034555455921,242.06911091182,0.39368598102798,,,,16.8379847817739,222.292907149145,,0.693776586911261,0.0383708367572204,897.572947558675,0.210118233436903,1.7971104279884,1279.64065113795,1267.25074739189,5.5055580505314,0.0879869099815632,0.0714780234185773,,,52.2617814358185,337.640020205217,337.640020204363,675.28004040958,2.56129700258991,21.9137702202488,10.0847063983208,705.059063708276,743.235387449634,0.0868700263002727,0.441913809604968,4.07619870626535,3.49304078202996,3.49304078202991,48.0015650609402,6.7719697602988,,3239.66866666667,,,,,,47.6974910477549,12.4428878797413,1.15633785839332,0.147816455854744,95.9324636702214,63.3953694642453,37.2394334714466,13.8677293474903,31.5378186067366,207.064553196619,12.076634991129,203.556897847223,0.756662620650184,,139.544285698735,0.907596023807069,15.1437588800298,,72.4332767221936,528.343400794621,396.947622713673,43.7103292024214,40.2659143262599,,9.63580637085254,40.1559483738162,0.0199670535125378,0.132442170858092,0.169045360475057,0.141010465075485,3.28137627966571,2.99481947628028,0.000183452757363077,2.78546607273534,500.818656349532,3.35236549952438,0.72467677005406,,16.8379847817739,682.1605815745,1322.01095617488,41.5304493296652,34.6860931522592,10.0492338909711,127.80726029734,154.818726389005,,0.911932712624263,0.192940891918043,0.0496720866713898,4.989365569648,30.1569596020578,1980.80208949566,,,,0.0507550827448719,0.228646195198158,0.113460575793079,0.67776819695562,116.005053425162,0.00436059506027513,115.27626086207
RO22,2884.81814176726,1869.50468792798,12.5809853413252,1982.52512985045,1881.76160466859,218.15825319615,2.96921376960821,0.023671551340593,1.92581678145093,223.585566757998,3569.84015892345,0.0256999616451884,0.0709616146811472,155.059896832088,7.77340299255283,5.81204714403445,4.15227445924418,4.15227445910619,157.146144236101,1.39457946401924,36.7894527048824,19.5118549466406,11.7507610492442,,,164.919547228654,500.917158855408,1146.5250123735,,473.995156491089,1982.52512985103,2.41096120838965,1946.31829335736,1.24665950136946,23.1483656301484,0.132952171076435,0.327411363791436,55.5616629034399,55.5616629034345,111.123325806871,1.6732804312079,,,,19.1250000793547,115.380203153721,,0.693776586911261,0.0566983515996666,405.157510649528,0.212668525353734,2.50659638744651,653.502538610377,647.227105415948,4.24329261521515,0.124112361645976,0.114727588965517,,,100.763525182438,144.888653748111,144.888653747742,289.777307495854,2.72254936549434,30.212693412111,4.85420969163761,474.02335812953,503.925838353834,0.0917025145132908,0.779037846946145,0.224624622824917,0.20982651434162,0.209826514338744,23.3464588939158,6.28261706271657,,2446.73233333333,,,,,,106.794381223193,3.283418567677,1.82846173639921,0.141837178641505,58.2847115313108,41.7471388760902,17.6800313279398,21.9219529634056,12.2569167406089,110.891709017495,19.0905220226347,510.567288883467,3.94959339696587,,313.655234985455,2.05305338909675,23.9533009844715,5.00004940137326,132.642913829147,718.500473806117,447.596157192305,2.49161784224837,37.383898779506,,38.5050964776418,145.698112965894,0.0242427963355291,0.211037020355514,0.0796931007139576,0.105831612910727,6.25451820819804,5.87259823495866,0.000339426878380612,1.20507556850227,354.717104531217,0.491483245914707,2.17091403217018,,19.1250000793547,782.239449306852,1517.88608988119,60.3285478804168,32.3596465446857,0.750424556363888,330.456475983791,470.703161680477,,4.41461569567124,0.305541754656952,0.0255207628249185,7.86938931062243,62.8489403864227,2272.3024373463,,,,0.0568916661948186,0.307295903467931,0.0711993514434868,0.479173584946069,200.046567142005,0.00745296435992085,198.754089300659
RO31,3013.24123697251,1989.60295878684,15.7926582326678,2070.97882305147,2002.15003642533,199.304677994749,3.06513668966992,0.0222836650302961,1.64017493872406,204.155418117576,3439.69992708737,0.0145276386875912,0.0335173025729162,121.02557415086,5.53997125084722,4.31572118336681,2.91889875340035,2.91889875398783,167.099795247494,1.15470545033322,38.9595780107518,16.0460796214325,12.5120998721775,,,172.639766498341,520.988527809542,1277.77220649099,,491.337443010851,2070.97882305183,2.22727647740509,2034.24605546377,1.24492973443617,20.0195759648745,0.110100561265179,0.158030675280359,61.1593912580378,61.1593912580328,122.318782516058,0.717284551002686,,,,48.0781099990962,77.3054848459412,,0.693776586911261,0.0988665397382182,390.486842249617,0.205573535130357,2.72748858016052,678.278039747997,672.374903553891,3.82022528090426,0.0709620464243882,0.0567833229560121,,,68.8287866264954,156.590678701775,156.590678701943,313.181357403718,2.34606565570144,30.372788703763,4.49724613390061,365.409032849589,391.41623322487,0.056687537354512,0.315209716471824,0.993697759018526,0.924781283710902,0.924781283710924,21.542720973608,9.47260830605921,,3000.12133333333,,,,,,44.8283270992955,5.87868239642513,2.29863431474961,0.160774944480385,68.5303297467813,53.9752431459925,25.150515198618,27.5124316227239,12.5470776384959,70.3406642378562,23.9614222887021,490.408572134774,1.31766191388613,,128.277961666837,1.65858239362352,30.0891556636013,2.13865317571493,108.884119833926,852.468313807921,456.441290018982,20.5805200301183,56.3046877356014,,33.3717401117524,231.328005823997,0.0203904803062835,0.234450205604345,0.0760617481018298,0.0838886146695055,2.57729724843706,2.32154430590778,0.000145190143690716,1.0861382116168,295.426561670539,0.227722655786556,0.288190385577331,,48.0781099990962,505.829032155815,982.086055191455,53.858657267584,34.8876213954124,0.0229830040521618,222.534362521741,609.662582125434,,0.299113635043245,0.380787520640918,0.309559527835478,9.86731100408829,26.4769581553358,2384.16018045519,,,,0.0514339742377721,0.332903409736116,0.062614912354501,0.443335575938144,92.2941156966611,0.00347515879710297,91.730429489248
RO32,126.680851138184,83.0456326562608,0.8239565859886,91.1122281218776,87.9877690313121,31.3017694168435,0.172899723216999,0.00330120747237659,0.0889316920258626,31.624674641711,181.627544591789,0.0033908469498796,0.0106382271949069,5.3341243205267,0.459550164813157,0.187540978301259,0.133650306126635,0.133650306123069,4.84939913676952,0.0550278018382185,1.20365790642888,0.565990317878961,0.386222237424314,,,5.30894930158268,15.4247895027065,45.3959537556016,,13.9890110590325,91.1122280827019,0.18942454447727,90.4389576963502,0.111867226881426,0.82388666050192,0.00879138089644264,0.0374305542465442,1.80145285765865,1.80145285765948,3.60290571530424,0.760159307818162,,,,3.23132732487706,3.59143418874668,,0.693776586911261,0.0597456091396799,3.92683580687147,0.0101272866668141,0.047396917152938,41.2701457425438,40.9199933654957,0.108284379890153,0.00948322047088812,0.00978872544483121,,,3.12445905138988,0.167700808572465,0.167700808752859,0.335401617325324,0.119952952067324,0.446823230963377,0.228716877233302,8.18677345061047,9.2184369055685,0.00416531165357074,0.0533351043438118,0.149242127196794,0.138024583089064,0.138024583088836,0.510721721693381,0.90930783417809,,2292.56733333333,,,,,,4.76857912612332,0.414049754946243,0.11990296796007,0.00597128534091557,6.48544006105096,1.46582679794456,0.726370209069811,1.43577845453854,4.94213637505132,2.98441708415066,1.2504611218922,27.1393426215128,0.0575033489872944,,12.5165153809543,0.0509932588674476,1.57072872072713,,5.26873016928906,32.2239387642285,29.924272097398,0.0679426188798581,5.24284635694383,,1.37085778484216,12.5127276206157,0.00095291794700767,0.00205299507039123,0.00341158968334356,0.00183315379855656,0.275369647098267,0.249236932742234,1.36571368273787e-05,0.19296735044925,9.5186478285591,0.129481633329577,0.15345882414314,,3.23132732487706,17.5350489366908,33.5767199052135,4.57119572403009,0.284888775614251,0.0270263948358232,14.2907329664153,23.0210287712863,,0.0985246301092287,0.0199735384545006,,0.513796788046603,0.83161374542555,91.4476297392029,,,,0.00244752370929354,0.0040975199433962,0.0028554757769326,0.00872756874138391,8.12668957216524,0.000301954385250889,8.01548330379802
RO41,2113.61229764232,1219.60306666073,8.51548291210555,1282.91049680607,1224.01520029374,153.71251738838,1.90739913908427,0.0209458809347773,1.73483243952355,157.121290427036,2916.3069343329,0.0144154258546174,0.0324171056475823,50.1143729849316,6.47719723156282,5.29915019241574,2.54733238427365,2.54733238420309,128.424099167092,1.12506957510303,27.8493559399677,15.7404650777551,8.88575966170988,,,134.901296398655,358.446014382212,841.480257028541,,341.97339959111,1282.91049680511,1.48426744640074,1259.00946096028,1.39288863463349,21.3240660869695,0.0823645268612195,0.152965188957409,48.3888927953204,48.3888927953131,96.7777855906698,0.237809343860317,,,,72.2284814293334,43.9474760541587,,0.693776586911261,0.028195560459683,430.323005278191,0.16154890213066,1.81860629610385,906.043149607345,898.357160056782,4.23203830222319,0.0797051583479129,0.06284179818342,,,58.8952965113718,193.187764612215,193.187764611678,386.375529223893,1.71343160306605,19.8353677644841,6.10012404085081,444.718860931825,472.572369594489,0.0641583659846008,0.354577242381824,0.56758120967948,0.487062300656304,0.487062300654865,13.7578087145307,5.34488211066567,,1972.09133333333,,,,,,42.4951881192171,0.677414351246377,1.23896363650567,0.12222544419242,27.4424855277646,22.3987354851592,23.7858038337019,14.8817380666385,4.41213363301089,42.9529935220989,12.9622994207628,217.359780765233,0.148271374931424,,141.361280151205,0.453409402345286,16.3765439622103,1.59087672488015,80.4520160009048,642.326627849035,309.424975213698,5.3552707709779,31.8396899309784,,17.0002489397537,54.4089657316729,0.0137435093653441,0.127323950163417,0.0979455946918318,0.0941737334672927,2.82273020265714,2.57852664572615,0.000154508028272266,0.317068180953008,232.261982680204,3.06995534303465,0.763082286819392,,72.2284814293334,402.017473970268,778.266914117689,37.2347491613405,3.60680882800388,0.0432157744456155,158.890596803211,405.826301140383,,0.357917632886557,0.218973005386549,0.264372029258455,5.15197996679641,35.8206329091778,1669.28602602997,,,,0.0357815777100022,0.212338695066646,0.0740853995684712,0.468398100449257,94.836897696265,0.00356007988195227,94.2339418530762
RO42,2189.50359235912,1021.74915040912,3.98569197183917,1049.68263799822,1035.01766099564,148.339460697244,1.74088726283076,0.0217512824124475,2.3036558873155,152.191394124771,3197.97822749448,0.0156605961836924,0.0285774774983813,25.6305226770651,5.28196008368935,3.87090430187495,1.50656936985998,1.50656936982481,115.785242031641,0.891888219558604,28.8961633195892,12.5156104924112,9.23628882455022,,,121.06720211533,311.881332320754,567.08531829693,,304.872618735226,1049.68263799842,1.49689226359082,1025.97114852617,1.38381156061888,26.509761760681,0.0778927508270002,0.123550135989725,41.3203915022787,41.320391502278,82.6407830045547,1.19700075641901,,,,162.102494137897,80.7538591210141,,0.693776586911261,0.034405878555233,740.703120648704,0.194377910823993,1.80410247269105,1153.52742265558,1144.45534122786,6.28125625053236,0.0990028259987268,0.0627813861902812,,,14.6649770027839,329.974630763841,329.974630763864,659.949261527704,2.10212984578317,19.8399261451108,7.46011133573959,710.300350574102,746.237736918653,0.0888683517045176,0.345485407303525,0.212192892155497,0.144404054837923,0.144404054837928,15.7724546190853,1.10800024260855,,1792.99966666667,,,,,,27.407866002559,3.77159316415151,0.581170898981116,0.168002560925189,37.9395173765984,23.5936706692047,15.1902784776755,6.89459456323119,13.2685105865174,75.9956321094186,6.00296253324712,177.00019189611,0.873015315686424,,155.219645185087,0.30747515450604,7.44272336785518,0.114119022252094,24.8012571696872,1038.41542979035,358.804490717868,18.0582135354243,6.31148778736578,,2.0385160106662,45.9493204968235,0.0164489616923058,0.117289077004672,0.118556416589802,0.142211325912658,3.59203953658724,3.30711325158504,0.000196422027676057,0.986633847429936,279.27318071759,0.164897631032728,1.4985786120736,,162.102494137897,653.939376796763,1264.31119899497,77.0795461195964,25.0102027311946,3.49694112310882,105.733193513585,213.021286434028,,0.281182085103852,0.0817590532264878,0.122561751968672,2.65915092049292,3.81396951361266,1709.63189952593,,,,0.0420844456394359,0.209284514405218,0.0878508326738005,0.700501120198717,92.7469962604556,0.00350176028730845,92.1864054313955
SE11,121.230881174899,87.3070263171513,0.020622886256443,87.9917077620548,87.9558370239683,27.10563292716,0.0183413073864266,0.0259305373352801,0.0035705825937207,27.3797059515337,709.375679550927,0.000521242487353658,0.000444712283762404,9.49411237745895,5.2534669939001,2.04510096468944,1.15983010377365,1.15983010377379,9.88687454760253,0.139419992987591,6.21580212985582,0.15037804260523,6.50791059418603,,,15.1403415415026,0.381624181591708,27.7880521265901,,0.0506376880706859,87.9917077625508,0.0221644619190569,87.1665600250283,0.0830711120995334,0.0766624689846652,0.00658629629627747,0.00101899023207832,1.40299316256467,1.40299316255857,2.80598632512369,,,,,9.19278559882668,33.8913742006477,,0.030155816115047,0.0257384249134126,46.3158331681285,0.154496207082725,0.277196343323711,485.217888247261,484.086646620105,1.33193665189894,0.00625319854379146,0.0113343746583561,,,0.0358707385824476,6.21222948371641,6.21222948379393,12.4244589675103,0.0889280727887541,0.419163519460029,1.0020018698247,13.3921888888821,14.9903418245722,0.00925752762302036,0.0636830632844345,0.671895152905413,0.414628597257452,0.414628597252497,1.69131146717435,0.0279371484345896,,2269.54733333333,,,,,,58.9201043503683,0.0540201200432952,0.00669605770021615,0.0160999485184704,2.35134730033098,1.66968117141535,3.76461473291929,0.330986493531261,0.648810706817027,33.8373540805748,0.00855179462563923,2.75610710183234,0.0328554221023436,,37.4418142711736,0.191766305862895,0.184102599455974,,0.246076005903887,31.1683536230137,5.67437290383142,0.120825422753311,0.0364562213525746,,1.5248416999007,2.56434079596944,0.00325658090949215,0.0791750221302096,0.000592809462595662,0.0555312095817992,3.4838276840703,3.45739538914397,0.000330370506752223,,16.4746456879864,0.0941660219310116,3.17058859533147,11.7659654279527,20.9587510267794,8.61194667751365,9.50357293164991,0.875975890597005,,0.0240140487576044,,14.0535348126789,,,,,0.000364242952201558,,100.416166729565,,,11.7659654279527,0.00522770167396483,0.0312715452221434,0.0196452984331621,0.13045202263096,90.3122080809393,0.00381402997589797,90.2353965699743
SE12,1144.76214503258,737.21313145374,0.191895903256681,747.452075013198,747.11707668684,72.8737836827327,0.133886951856539,0.126680509427034,0.00966425440634808,73.5019907164902,4206.52647608833,0.00140614309616444,0.00119865932647728,95.8953539126718,59.1215176758845,24.1427345720312,17.0004623581434,17.0004623581437,124.737017947115,1.96092260444321,53.299720992482,1.89577318359786,55.8037629244456,,,183.858535623,3.29459840527297,316.387377038347,,0.0618519170233797,747.4520750132,0.0907230685026722,740.575980701489,0.517779698512806,0.578617477134293,0.0505876554458871,0.0085384020831904,25.603847597307,25.6038475973063,51.2076951946182,,,,,10.2366053375038,247.546919424266,,0.030155816115047,0.0303277701213338,332.581015834837,0.335956366846146,2.41298828244773,2876.46950264639,2869.87023459409,8.39206185248622,0.0342799606742131,0.0517648487373605,,,0.334998326360047,42.5170482052677,42.5170482052714,85.0340964105391,0.180355534875851,3.40875705655991,5.84608556740001,84.6535820382001,94.7623861043194,0.0348220782293789,0.252664827155493,6.59249847673315,5.16300724719503,5.16300724719581,23.7715219051179,2.08916362968756,,1663.59333333333,,,,,,288.867533265302,1.06323225016525,0.0625676626581606,0.187800949210898,34.1626712976971,23.964757586199,51.453698320952,3.23274648825003,9.90394523309991,246.483687174133,0.0805347604452065,26.4001192117044,0.293968478394202,,135.201278036408,1.97624417019662,1.74420623068659,,2.1128624652279,489.882236730802,128.417437985844,2.32841904378086,21.2815907124863,,21.5179603199689,24.4238750415078,0.00651098660497074,0.645809711639946,0.0022195973030003,0.293286329257092,10.3322057595856,10.1944006621617,0.0011864221913526,,191.824509612408,2.98416853257101,35.4828557838877,110.60552023842,120.842125575924,51.4239815026002,56.7333602707665,30.7894273383466,,0.11837822245327,,162.759557866879,,,,,0.00333013805992653,,832.486171423737,,,110.60552023842,0.0146610769265652,0.274652309191029,0.106502679691104,0.835174152835022,404.008315848342,0.0167092599782358,403.692962688842
SE21,856.303723252863,349.935500894804,0.307986592885771,351.808420698265,351.267623349307,48.6134331815346,0.0624014448031276,0.114016917196019,0.00644739395648221,49.0836972481907,3627.72314112523,0.000938162338623216,0.000799637079415334,33.7865303706852,81.2755322576487,36.0004156388838,29.5481598555186,29.5481598555186,176.589243495848,3.18273458457867,34.1428962733416,2.95809762529299,35.7470148516453,,,257.864775753497,5.19110459182231,86.7305316540074,,0.200283750205291,351.808420698265,0.0503871374816788,348.264247950397,0.442645332433234,0.553379321184752,0.0258346294837005,0.00408615271030414,47.1648016111961,47.164801611195,94.3296032223957,,,,,4.25651193667906,219.446231152572,,0.030155816115047,0.014049296437947,390.438057992844,0.2540537950039,1.16134480553482,2768.15079150557,2761.43830375726,14.2423284424535,0.0329315234171333,0.0394182684949929,,,0.540797348958578,85.4959134201206,85.4959134201338,170.991826840254,0.151161048434048,1.92830307972373,6.06456549934255,178.323278697654,195.05259865254,0.0437391290920364,0.17529806522218,8.69493977299988,7.91044091501135,7.91044091501228,39.8011712993818,1.34328977947834,,846.276666666667,,,,,,169.125682057006,6.39262441802107,0.102435644620305,0.142314681022007,9.18486769997697,7.37398726040768,13.0935825689438,4.99082084162005,1.33212245450241,213.053606734568,0.130375111452486,10.7945249757167,0.478757985065713,,118.562722775942,0.499276988080095,2.66469834517132,,3.22504630506935,239.784597154688,75.6386999608466,2.28414325241002,13.9382473179498,,4.82700968061407,10.2952479876366,0.00466978758590217,0.264681818932794,0.00202449616304002,0.503533046434908,9.41835344912168,9.30387437776185,0.000909423350989674,,268.256002035977,1.17251799664211,45.7252210571654,18.1707069742263,22.4272189109054,66.9907735327649,74.045732455292,13.8680095008904,,0.262834327384758,,33.4867961259109,,,,,0.00550131450152323,,522.80024753852,,,18.1707069742263,0.00999229815094957,0.127441598874238,0.089235503179467,1.4236317508583,254.20927957154,0.0110356270284185,253.988768024682
SE22,923.525537868785,517.033667947683,0.509755252337134,529.311320518279,528.418967107727,49.9101055986977,0.0867944018245657,0.0404070575402989,0.00659222537555406,50.3549929739067,1516.68328943508,0.000961486011931411,0.000819682994481108,95.1985262038822,52.7387999209102,15.2484949436238,15.2060531143256,15.2060531143256,102.069939551402,1.89084337789662,36.6066213879132,1.80744548274381,38.3263605007123,,,154.808739472312,9.36644610414983,243.315226313219,,1.01576771894544,529.311320518279,0.0670071600065672,524.872163417274,0.195509290611758,0.3953942434814,0.0343058334567735,0.00578893796993603,21.0003982480125,21.0003982480137,42.0007964960259,,,,,1.90901299443209,128.662729155853,,0.030155816115047,0.11518254908296,177.828046671538,0.224770309634308,1.46024672977976,811.908211787841,809.769778453394,4.91282331578409,0.00993074640511555,0.0103454873345517,,,0.892353410552394,24.5826587578428,24.5826587578428,49.1653175156856,0.143011307042189,2.3687530322825,1.87724519723362,60.6404505596615,66.5853968259782,0.0150079939517945,0.0415499588929874,4.1394233603236,4.1389564976275,4.13895649762794,22.0903728812113,3.20599615761584,,1482.31933333333,,,,,,26.0817313963885,5.92483055470741,0.167973244790737,0.266470454685743,63.0274884266717,50.8506998446986,9.81966617760711,8.3506783852044,11.3852991600439,122.737898601145,0.214624913424808,49.0203654131235,0.791489421929107,,49.8617152429777,1.65954099705569,4.49801432822674,,5.51456202919835,793.623513272704,190.240160362507,13.9525490566145,32.2395225547678,,6.81177917373441,47.3608244160678,0.00360563795058148,0.360924818578375,0.000582910783476189,0.14369848398096,2.57592794545988,2.51312277403097,0.000198251928530406,,160.259899827088,9.62021621661387,41.6886020212025,37.8619361857818,39.7709491802139,35.1882864643232,38.8235920363949,41.9382840180835,,30.0863716143498,,119.310371610966,,,,,0.00901174133597072,,578.476638033965,,,37.8619361857818,0.00649296057620593,0.16243811849234,0.0246888782326226,0.486437997695654,55.9474393836136,0.00259911160316313,55.8887370644904
SE23,1104.45750294462,610.071659578416,0.416984500739131,619.408288677885,618.67864555532,68.1131474769948,0.114848352672868,0.092460278249988,0.00901663283186684,68.697529177524,3231.35518999294,0.00131340241702514,0.0011197552161399,68.5582929041577,67.485102064184,27.3748385328903,25.1027510221729,25.1027510221736,164.58380708362,2.75233562209588,44.3854602628888,2.54421353605704,46.4705592299874,,,232.068909147804,6.7074798251286,246.08549817174,,0.0389323456489262,619.408288677885,0.0793348251705205,613.673238157594,0.378823877095365,0.495990674332046,0.0440879356440327,0.00726066989578921,40.9156521477672,40.9156521477695,81.8313042955297,,,,,23.855047325662,233.106830514951,,0.030155816115047,0.0423735364287219,315.613662577838,0.304453665256922,1.91273424466762,1961.44838608311,1956.57943964727,7.20686069122301,0.0260280785261236,0.0565473183732435,,,0.729643122565081,41.2534160314619,41.2534160314517,82.5068320629136,0.178874795102679,2.90843138106142,4.3047589531374,76.7724583373559,85.4281100404312,0.0455213960158401,0.365040653169593,6.67610461882889,6.3101301945634,6.31013019456423,34.1215053907719,2.27062273596041,,1990.39633333333,,,,,,356.135104579252,3.07627376358405,0.13761946054228,0.285562927305962,31.4201249042463,22.1549284362173,73.5381669342543,6.66854747948128,8.60698597690403,230.030556751341,0.175039161283668,16.5736588049928,0.658210491125277,,143.15904941225,1.19837220244456,3.62665311559359,,4.40612118281094,786.035794800387,170.473473056012,4.24868384006884,22.8483785062426,,17.2711253587427,15.3752866025483,0.00679869094024473,0.575058365690407,0.00252821749426882,0.283290571575912,15.0134737276203,14.8764559529984,0.0017024877156256,,239.419275112731,4.98647076633179,41.7926986405907,63.9610077735086,87.8160550991706,47.411838642406,52.3660157020441,41.2746326127079,,0.635119237405491,,92.2950877418658,,,,,0.00745140822354527,,701.915120740799,,,63.9610077735086,0.0149197240593188,0.223978176196066,0.0903751098681978,0.660493133112533,481.359402286365,0.0200669620189358,480.927731401996
SE31,365.337232623511,230.461826746427,0.0436934228102745,231.509857408098,231.433376117729,75.9423414387469,0.0544631487529084,0.212149413905914,0.0100716420074179,76.5725470182185,6992.74530143245,0.00146499903362522,0.00124953166398731,18.8787772458041,35.838252491862,14.630059092421,9.4751770868065,9.47517708680534,50.8319211296525,0.928555951157892,17.4100755802694,0.871830493198814,18.2277391170908,,,86.6701736215144,0.721787867594715,47.3330929762859,,0.00910711260666472,231.509857408099,0.0478527197830718,229.254180417552,0.761126887459734,0.217347906525005,0.0251320685565326,0.00337240982548566,10.6543123133597,10.6543123133598,21.3086246267187,,,,,10.1476523101298,148.622388075433,,0.030155816115047,0.0108560480570517,171.948847082127,0.416662998693021,0.966704421032504,5619.13203817118,5610.22925742222,4.53507921602685,0.0683663249271432,0.112791112171514,,,0.0764812903696418,11.6632295033585,11.6632295033634,23.3264590067219,0.128563314523034,0.772313948054529,7.69294969163366,18.5651400183176,24.0478958789218,0.0540553267617698,0.46344335608229,3.31103986197465,2.39815288414628,2.39815288414634,11.7961400126879,0.159461474844094,,846.466333333333,,,,,,515.098006581695,0.184775752003118,0.0144016474225594,0.0612032297240502,3.74061518498456,2.70101742817785,15.3360595647923,0.712680754959647,0.971549371301665,148.437612323402,0.0183862201368058,1.40475738856953,0.0680483855051395,,527.106393246536,0.0745648225066172,0.384547659294666,,0.472658947877337,130.703580535988,23.8307425871771,0.939227450838723,1.18291756000009,,1.76178997733903,1.33019256606291,0.0120291794961176,0.324335210336199,0.00898505049845543,0.26189169297258,54.5342878541124,54.3444393494016,0.0047333981583921,,90.151640004546,0.341669680748779,22.3714419217634,19.788692524846,29.9363448349758,22.4307496633734,24.8143513887208,4.65999523926136,,,,12.0547986173745,,,,,0.000773950155979248,,254.83631641482,,,19.788692524846,0.0250973669790555,0.137860262376394,0.227569705402669,0.45836540307304,986.948675101918,0.0408297854333907,986.36308529403
SE32,150.177471188936,80.5599001802409,0.0173931422381808,80.7517061367016,80.7212492794177,51.8445592243138,0.0245674596078364,0.205965882839384,0.00689335934848284,52.3052100098759,7749.90129377008,0.00100229963798722,0.000853836561885067,3.24111567135512,14.7982486455629,5.80505447028486,3.36672187246832,3.36672187246832,26.5347351891365,0.425082645962788,6.95318574290023,0.382626347424538,7.28026387578934,,,41.3329838346994,0.284328403512831,4.58480161417721,,,80.7517061367017,0.0243367278354511,79.7112337401935,0.688516961722354,0.179656697258171,0.0445434185463087,0.00274703799542111,6.77152370972948,6.77152370972948,13.543047419459,,,,,4.76980358612257,69.2082835687275,,0.030155816115047,,91.4017509986413,0.299736189400379,0.443860680559532,5850.82597136304,5841.19773906757,6.00461347435626,0.106874379526728,0.220484015891213,,,0.0304568572839059,11.0967337149569,11.0967337149569,22.1934674299138,0.097601008681443,0.358316546041407,8.46290385471492,18.4889617446702,25.5289617056716,0.249278285597385,1.30834895686081,2.08402046250629,1.36032475153618,1.36032475153633,5.59529742829296,0.14920877397279,,373.764,,,,,,496.738608164727,,0.00573733537346235,0.0164451408727751,0.408489606332527,0.22011255417736,0.534304936562307,0.284328403512831,0.161349099176747,69.2082835687275,0.00732637967226274,0.0718590481558027,0.027027952978419,,1247.08633066583,,0.15307030734088,,0.183835122909503,11.6928540844581,5.8993137876209,0.195099214019122,1.20399557781768,,0.0250133401582382,0.0718590481558027,0.0106601857084455,0.124963579191288,0.0175817779471145,0.299553495353475,137.847296440874,137.369239720555,0.0109027808309623,,42.5189986271925,0.0329007904510707,8.63646714096463,1.52463359027655,6.29443717639912,7.6514607133111,8.44889333397973,0.616330996858046,,,,0.492151812295886,,,,,0.000307958284717296,,102.945173566615,,,1.52463359027655,0.0283166739362595,0.0887641311079575,0.253263818249507,0.549282934684883,1602.64214811392,0.0763583370097285,1601.09881148578
SE33,152.755061077937,91.9282390016502,0.0181880506769534,92.1692180874623,92.1373790442471,68.7391338894723,0.0298457021628305,0.339986468600926,0.00916629825971937,69.4425638022158,16783.2664558968,0.00133051122504933,0.00113330757516481,6.79178645522411,9.09904897132458,5.67116019958852,3.64490503156338,3.64490503154165,31.4754279155884,0.439281213613165,7.26628869226851,0.390007314908563,7.60747191636637,,,40.5744768869129,0.296385142817132,8.20196302782051,,,92.1692180874678,0.0306402175063523,90.6209756754771,1.50696147691288,0.449307107019076,0.172690426027074,0.00696908567784301,9.06809413981505,9.0680941398148,18.1361882796298,,,,,8.69173139029155,69.095486703559,,0.030155816115047,0.00925005838288863,79.1527599336262,0.402752084431409,0.527193055284708,10333.1360965079,10312.6813178901,17.1197277412403,0.303946767786344,0.669502993111253,,,0.0318390432207386,5.02863661507894,5.02863661509632,10.0572732301753,0.155432959760352,0.488367647425835,17.8167678109426,57.7280912325434,78.0248165956794,1.44445365979063,5.04786813655805,1.1778165473475,0.847253450516107,0.847253450519189,5.67172667861963,0.118984543149227,,516.440666666667,,,,,,1160.31161443513,0.0247469412208494,0.00599681215410856,0.0241026686600939,0.757298827677906,0.519819497050579,0.967358465509467,0.29638514281465,0.209140042596927,69.0707397622301,0.00765418038977195,0.132283534114084,0.0283392880545117,,5118.14968983399,,0.159921377084788,,0.201332836349812,45.5582148092284,9.95409287338699,0.493641044996072,0.952086043061825,,0.0261784520303961,0.132283534114084,0.0320752629633415,0.279136061801268,0.0765604576251709,0.988442482308052,654.249732127558,652.03414911992,0.0477854031228984,,41.6527029360674,,2.81259028047645,5.08912176775744,13.780853158049,6.96555355575424,7.67680423476117,2.24435358148915,,,,0.146432964272284,,,,,0.00032235766130126,,102.226491317638,,,5.08912176775744,0.0825293880823812,0.223699945316534,0.714502403673564,1.73008173430886,5556.24402877605,0.293161642814512,5550.47076985
SK01,93.5602658147943,58.3802698744682,0.0480782997683675,65.5367068158001,63.4947874394535,47.2970956237196,0.0835807045041699,0.122512276338064,0.10033919731562,47.5487214452934,204.204222630851,0.0240266277858073,0.0176301157711525,3.56416995877591,0.750001752278719,0.185714513061899,0.171578491607976,0.171578491605932,7.612160835628,0.00276909273569568,1.89583154496212,0.623895800116501,1.18139518416608,,,8.36216258790672,9.96766927172974,34.3183107120573,,9.73731996790582,65.5367068157101,0.053301067209685,64.6686549177269,0.15157660778131,0.877366976424307,0.0467676247737561,0.0193193475278948,2.38694136403809,2.38694136403519,4.77388272807766,4.27240903134572,,,,1.93850450828941,9.07651661185414,,0.834563074349658,0.169542287819317,13.5567477745433,0.0872648604058412,0.00992194650576299,64.2893745175105,63.1627325619326,0.74456674367141,0.0132450131237227,0.0483840792088449,,,2.04191937625658,2.2401155813293,2.240115581354,4.48023116268331,0.0909738714860848,0.745873270086348,0.762942953165629,22.5285857164772,24.2894991596193,0.0311579670368152,0.0484780932810545,,,,1.50802805617506,0.243117493464334,,642.006,,,,,,0.6638659093552,2.50478844913023,0.0950870321702518,0.0417462400049945,7.56175199418555,2.44700655656415,0.492652815891297,0.230349303811105,5.1145175649853,6.54070793962045,0.047102776404267,10.2913802619611,,,21.6853227801335,0.324184996453154,0.126680807735357,,2.35024272744665,28.184373245133,15.1811652484041,0.816938117312261,1.82568281967078,,0.442162199267208,5.04809960059535,0.0122442096173165,0.0013057299873177,0.0573021614405835,0.000181452458984857,0.258612219305408,0.143329656000088,1.13698205477777e-05,0.0310202231093452,8.54496323458043,2.34292605913591,0.70535904901332,,1.93850450828941,0.737412262762283,1.43628536464009,8.17367093357561,1.18568383368742,1.18790623998467,3.73341183122517,13.6784835751916,,0.0286483844139039,0.000227872636113735,,0.0121002556517108,1.82300288348348,70.0169379784834,,,,0.00784181285559437,0.027370246900182,0.0323079568508261,0.03845907327173,2.28130847341266,8.53305852172943e-05,2.14748546780322
SK02,1068.74343716201,699.397522413403,0.665035907979864,746.547083895553,738.830421056921,166.219723286417,0.637252851667739,0.477792153750351,0.419724499940721,168.053468347541,1489.06057164734,0.0674624337154221,0.104316428309434,73.1071447359838,9.23566261052528,6.60191856543218,6.0880446158324,6.0880446158303,81.8322586385648,0.0307182160646106,21.4307532014651,7.88468220732397,13.3777997778899,,,91.06792124909,134.309455919266,437.080362537244,,131.120851611063,746.547083895503,0.379199120509148,736.962942773026,0.915721698821609,5.81691426163896,0.190145276668451,0.153601915088038,26.5023111188388,26.5023111188385,53.0046222376665,32.0316732958937,,,,11.4665223787485,77.3809393412213,,0.834563074349658,0.156280318031591,126.623152417935,0.674139446862743,0.118487258053832,403.56926082828,397.026630361399,4.50278513562695,0.0574264922081627,0.414389299474687,,,7.71666283858147,24.6211065384491,24.6211065383363,49.2422130767854,0.664129362249288,8.4785518820712,4.65339553661468,138.347325591632,149.331678101158,0.124383975974884,0.394778235987764,,,,13.4759297545475,3.87995425017896,,1830.446,,,,,,10.8997311454274,34.4125517593467,1.31531842564981,0.598708937678662,67.9491089004211,28.0236186403987,3.3337954778001,3.18860430825638,39.4328986435179,42.8971610760746,0.651776160800227,142.879119743988,,,110.748814353781,5.32541152723032,1.75096222337137,,9.79103099400331,457.118726035497,181.886218940584,2.17353395556545,31.2818048302076,,6.89962639844069,78.7052921944211,0.0613932410403094,0.0125356765321997,0.30177441339624,0.000945762205994073,0.863481927787217,0.423289540780309,4.68893740721147e-05,0.0712265057278601,96.5974833336062,4.8993127136669,3.29218005636722,,11.4665223787485,22.011751492999,43.602748364768,44.9791964612113,6.1656060569413,18.9504582863132,52.6828099653949,189.39898039458,,0.150717276875142,0.0031543100485246,0.489437306535368,0.167125614018721,4.93381506727659,795.789296972339,,,,0.0548838904620065,0.33731345415166,0.193946664297382,0.243982850113343,20.695598547068,0.00077420843998811,19.628465778834
SK03,552.736444125405,169.377238114819,0.306101371465598,191.614352481725,189.578272450305,182.127012390713,0.188106921436515,0.936463953030567,0.78808148804446,184.195198705721,1636.52486191474,0.0781623259878025,0.0796129727197071,10.7651220887844,12.0528630549483,4.19360592472611,2.52202339219238,2.52202339219366,62.8067282547226,0.0237235226021563,11.9811044662488,6.01423043419668,7.45393079815154,,,74.8595913096709,11.0575939732231,70.6283008327316,,9.59111873020184,191.614352481725,0.340355630792696,188.610677905548,1.64329251057108,11.4393176566254,0.183477563730156,0.107177479629357,19.7283068942316,19.7283068942316,39.4566137884632,2.47301790852421,,,,8.65981297791164,61.551930776468,,0.834563074349658,0.0586416781798363,313.820335045541,0.751558973655109,0.0454752539517455,850.893483176437,835.97782852343,8.48523061379328,0.0746602346915341,0.319178446572233,,,2.03608003141936,126.134202134536,126.134202134536,252.268404269073,0.864877785420373,2.67521587226677,11.4214911557709,373.207721224874,394.394137399751,0.184931885067579,0.36168478018091,,,,14.4441281150965,0.0449195153438694,,1342.18533333333,,,,,,5.90007209406861,21.2110431256075,0.605486792093125,0.181873231981447,24.5035591882335,2.77685045153593,3.8856823722114,1.46647524302125,20.2010343354858,40.2895065772641,0.299950022501297,23.2917402568887,,,151.653351187712,1.19461686876888,0.807258606090805,,2.9790084494911,80.6724081840934,33.9940960649364,1.50212698598041,0.686710394111216,,1.17949791055645,12.5936057974762,0.0526949725018736,0.00277335016341979,0.522135888961495,0.00126083750949067,0.949086143432287,0.427298614555691,5.33669015514682e-05,0.051381073596393,96.730834133127,2.06444245312991,9.82407141277772,,8.65981297791164,87.1586003331404,172.412868674975,0.255741244226942,5.17074812837314,0.0952255549990699,4.33276946227047,40.3824420368587,,0.0663393120565113,0.00145045312041843,1.52422394809135,0.077028133801094,0.75820253330283,443.882756750797,,,,0.0586989526375708,0.0921031783577517,0.39227114467341,0.47252557890492,14.4786040076698,0.000555519399523669,13.6108969616661
SK04,769.950329827939,401.269743912132,1.33791238002171,419.411774853162,412.784591252092,73.9099682913192,0.296811308560681,0.44504722425742,0.443003965236871,75.1138296073157,1571.03948849576,0.0418734270535698,0.0478196805377087,32.9736008717998,16.1844454086318,5.11127538184881,2.83132853381461,2.831328533817,53.4197897579023,0.0227463272117834,18.2963938714755,5.71109812647145,11.4370079144044,,,69.6042351665341,39.5118320826198,197.328775594244,,33.094188362541,419.411774853162,0.207521166472145,412.115033644122,1.13025871128252,8.51367869431613,0.163714875400114,0.104210524829966,14.0561813189786,14.0561813189786,28.1123626379573,4.84772020350073,,,,17.2995505891811,73.3518024994329,,0.834563074349658,0.0384788981059306,294.280721774654,0.447810575938752,0.104920023653283,712.170645797732,701.43635818181,8.40991293443087,0.0709484771806804,0.365723553621223,,,6.62718360107055,110.46445963761,110.46445963761,220.928919275221,0.478888345245366,6.63675865453782,8.39978253793116,328.323162355583,346.135038764565,0.167120130308682,0.37810200165049,,,,12.6141993068985,1.51016959591117,,1620.26766666667,,,,,,9.65492013487918,19.1340128084203,2.64561826499479,0.177671590334896,21.876327911799,8.31499343473181,6.50008814395951,6.41764372007881,11.5148473399592,54.1046196087459,1.31110423841078,99.0366631213108,,,133.759398827452,4.07913987982335,3.51694749044243,,10.5186551371941,87.7001921680529,60.0054005330225,3.42703209121296,12.0465282005957,,3.16715208068981,47.2630256161376,0.0346610238982539,0.00767136893594485,0.448052477568377,0.00121727099538038,0.884360111448344,0.440042078922885,4.9414391694906e-05,0.113170082266741,82.2191682805287,2.38049022571305,13.8414625334787,,17.2995505891811,50.2975055782282,99.4307704205591,5.60689163913847,29.0186335406463,1.72080926282904,18.6758640847036,111.115044066651,,0.0674222998323349,0.00635014890171024,2.04013698820625,0.336045147575217,1.26512641781095,640.340694128383,,,,0.0349802044419794,0.250579853352842,0.311146664882357,0.44406354400229,17.3238393615386,0.000661122582411778,16.4279341865076
