region,input,crop,requirement
BL210000,SEED,SWHE,0.02388704173925969
BL210000,SEED,MAIZ,0.05545500547019564
BL210000,SEED,POTA,0.4880974676215361
BL210000,SEED,MAIF,0.02205542607945596
BL210000,SEED,OFAR,0.09062934071012227
BL210000,SEED,VSET,0.0
BL210000,SEED,FALL,0.0
BL210000,PLAP,SWHE,0.09979433105711588
BL210000,PLAP,MAIZ,0.07178696358543216
BL210000,PLAP,POTA,0.4667307289392955
BL210000,PLAP,MAIF,0.06735259984641961
BL210000,PLAP,OFAR,0.09314008198544099
BL210000,PLAP,VSET,0.0
BL210000,PLAP,FALL,0.0
BL210000,FERT,SWHE,4.07830217271471
BL210000,FERT,MAIZ,1.39731083081092
BL210000,FERT,POTA,5.686442037951071
BL210000,FERT,MAIF,5.483147351792518
BL210000,FERT,OFAR,2.59450844380925
BL210000,FERT,VSET,0.0
BL210000,FERT,FALL,0.0
BL210000,REPM,SWHE,0.0240649249893105
BL210000,REPM,MAIZ,0.05227218786863686
BL210000,REPM,POTA,0.5218625500966754
BL210000,REPM,MAIF,0.03097884382818076
BL210000,REPM,OFAR,0.1354701665356394
BL210000,REPM,FALL,0.0
BL210000,REPB,SWHE,0.01880376180806426
BL210000,REPB,MAIZ,0.0139800623041227
BL210000,REPB,POTA,0.1331056143639752
BL210000,REPB,MAIF,0.01273636810748629
BL210000,REPB,OFAR,0.0341457336354819
BL210000,REPB,FALL,0.0
BL210000,ELEC,SWHE,0.006921592783984996
BL210000,ELEC,MAIZ,0.003934392170906765
BL210000,ELEC,POTA,0.004615425809966744
BL210000,ELEC,MAIF,0.008045815429500544
BL210000,ELEC,OFAR,0.005796797356155575
BL210000,ELEC,VSET,0.0
BL210000,ELEC,FALL,0.0
BL210000,EGAS,SWHE,9.045976063786522e-05
BL210000,EGAS,MAIZ,0.0009542684615387823
BL210000,EGAS,POTA,0.0
BL210000,EGAS,MAIF,0.0
BL210000,EGAS,OFAR,0.0
BL210000,EGAS,VSET,0.0
BL210000,EGAS,FALL,0.0
BL210000,EFUL,SWHE,0.5341455092857292
BL210000,EFUL,MAIZ,0.56111984620084
BL210000,EFUL,POTA,1.12625578768624
BL210000,EFUL,MAIF,0.8076557346544063
BL210000,EFUL,OFAR,0.6141835700810786
BL210000,EFUL,FALL,0.0
BL210000,ELUB,SWHE,0.008387412800939775
BL210000,ELUB,MAIZ,0.006984447449480758
BL210000,ELUB,POTA,0.0164570187826958
BL210000,ELUB,MAIF,0.01115194943459023
BL210000,ELUB,OFAR,0.008947795717850076
BL210000,ELUB,FALL,0.0
BL210000,INPO,SWHE,0.0301283611783512
BL210000,INPO,MAIZ,0.08425602564718851
BL210000,INPO,POTA,0.748140949368805
BL210000,INPO,MAIF,0.03793911671407994
BL210000,INPO,OFAR,0.2277449337440856
BL210000,INPO,FALL,0.0
BL220000,SEED,SWHE,0.03476905140943519
BL220000,SEED,BARL,0.02759116430479088
BL220000,SEED,MAIZ,0.04275082245781429
BL220000,SEED,POTA,0.5166633128302456
BL220000,SEED,SUGB,0.0970978209609745
BL220000,SEED,MAIF,0.02136411391339078
BL220000,SEED,OFAR,0.1252429265481899
BL220000,SEED,VSET,0.0
BL220000,SEED,FALL,0.0
BL220000,PLAP,SWHE,0.1160495572148529
BL220000,PLAP,BARL,0.0744324441507865
BL220000,PLAP,MAIZ,0.06121485044672478
BL220000,PLAP,POTA,0.4838522329696642
BL220000,PLAP,SUGB,0.2552911812115278
BL220000,PLAP,MAIF,0.0660494989416417
BL220000,PLAP,OFAR,0.1124535570821871
BL220000,PLAP,VSET,0.0
BL220000,PLAP,FALL,0.0
BL220000,FERT,SWHE,5.279719667303111
BL220000,FERT,BARL,4.122052276747365
BL220000,FERT,MAIZ,0.8483275049891397
BL220000,FERT,POTA,5.871905176885338
BL220000,FERT,SUGB,7.98996136573385
BL220000,FERT,MAIF,5.204939448219574
BL220000,FERT,OFAR,3.895926097519285
BL220000,FERT,VSET,0.0
BL220000,FERT,FALL,0.0
BL220000,REPM,SWHE,0.02133985575722759
BL220000,REPM,BARL,0.0139832972478446
BL220000,REPM,MAIZ,0.04926427496944819
BL220000,REPM,POTA,0.5294957654021387
BL220000,REPM,SUGB,0.1298287001426213
BL220000,REPM,MAIF,0.03074041423045304
BL220000,REPM,OFAR,0.1452579628883683
BL220000,REPM,FALL,0.0
BL220000,REPB,SWHE,0.01960656911204958
BL220000,REPB,BARL,0.01681743088612075
BL220000,REPB,MAIZ,0.01323084676982559
BL220000,REPB,POTA,0.1350485093412771
BL220000,REPB,SUGB,0.05025850933418856
BL220000,REPB,MAIF,0.01263816643567091
BL220000,REPB,OFAR,0.03661320082220817
BL220000,REPB,FALL,0.0
BL220000,ELEC,SWHE,0.007393418748427779
BL220000,ELEC,BARL,0.003872557251966388
BL220000,ELEC,MAIZ,0.003697085371667399
BL220000,ELEC,POTA,0.004714006164803149
BL220000,ELEC,SUGB,0.005430172723784622
BL220000,ELEC,MAIF,0.007952895932070988
BL220000,ELEC,OFAR,0.006454212669052518
BL220000,ELEC,VSET,0.0
BL220000,ELEC,FALL,0.0
BL220000,EGAS,SWHE,9.616837738861747e-05
BL220000,EGAS,BARL,0.0004823580505937344
BL220000,EGAS,MAIZ,0.0009591770347009653
BL220000,EGAS,POTA,0.0
BL220000,EGAS,SUGB,0.0
BL220000,EGAS,MAIF,0.0
BL220000,EGAS,OFAR,0.0
BL220000,EGAS,VSET,0.0
BL220000,EGAS,FALL,0.0
BL220000,EFUL,SWHE,0.5671492449555472
BL220000,EFUL,BARL,0.5675717524903087
BL220000,EFUL,MAIZ,0.529370222295308
BL220000,EFUL,POTA,1.150252598205302
BL220000,EFUL,SUGB,0.6915906236587444
BL220000,EFUL,MAIF,0.7983800042932031
BL220000,EFUL,OFAR,0.6836459464224633
BL220000,EFUL,FALL,0.0
BL220000,ELUB,SWHE,0.00894577840287262
BL220000,ELUB,BARL,0.008993846789881093
BL220000,ELUB,MAIZ,0.007288926213410613
BL220000,ELUB,POTA,0.01681235216760825
BL220000,ELUB,SUGB,0.01047501645764293
BL220000,ELUB,MAIF,0.01102370911432598
BL220000,ELUB,OFAR,0.009961885620198742
BL220000,ELUB,FALL,0.0
BL220000,INPO,SWHE,0.03311842652571985
BL220000,INPO,BARL,0.02442723347316091
BL220000,INPO,MAIZ,0.07861189812558571
BL220000,INPO,POTA,0.7757916091932078
BL220000,INPO,SUGB,0.1988242121292664
BL220000,INPO,MAIF,0.03720038370409005
BL220000,INPO,OFAR,0.2748830961977545
BL220000,INPO,FALL,0.0
BL230000,SEED,SWHE,0.03293683729768701
BL230000,SEED,BARL,0.02475685683082914
BL230000,SEED,MAIZ,0.05114572593981496
BL230000,SEED,OCER,0.01696919620820288
BL230000,SEED,POTA,0.5074880135766833
BL230000,SEED,SUGB,0.09524279461779832
BL230000,SEED,MAIF,0.02361771385531547
BL230000,SEED,OFAR,0.1206070334897077
BL230000,SEED,OSET,0.009104325224176665
BL230000,SEED,VSET,0.0
BL230000,SEED,FALL,0.0
BL230000,PLAP,SWHE,0.1075617129086833
BL230000,PLAP,BARL,0.06969626297784717
BL230000,PLAP,MAIZ,0.06800577565527957
BL230000,PLAP,OCER,0.04454825657838068
BL230000,PLAP,POTA,0.4783685710902583
BL230000,PLAP,SUGB,0.252166067823084
BL230000,PLAP,MAIF,0.0703966459839929
BL230000,PLAP,OFAR,0.1095169131562557
BL230000,PLAP,OSET,0.003765553284031571
BL230000,PLAP,VSET,0.0
BL230000,PLAP,FALL,0.0
BL230000,FERT,SWHE,4.974894655469313
BL230000,FERT,BARL,3.640233834697175
BL230000,FERT,MAIZ,1.210207601692749
BL230000,FERT,OCER,4.907116558548162
BL230000,FERT,POTA,5.845108750593246
BL230000,FERT,SUGB,7.919297474722951
BL230000,FERT,MAIF,5.902240085178161
BL230000,FERT,OFAR,3.747479994092852
BL230000,FERT,OSET,0.07698931319370034
BL230000,FERT,VSET,0.0
BL230000,FERT,FALL,0.0
BL230000,REPM,SWHE,0.02105855771028068
BL230000,REPM,BARL,0.01361136141768055
BL230000,REPM,MAIZ,0.05124631357382435
BL230000,REPM,OCER,0.01400883011140083
BL230000,REPM,POTA,0.5269690095741778
BL230000,REPM,SUGB,0.1292061252501638
BL230000,REPM,MAIF,0.03152846023861575
BL230000,REPM,OFAR,0.1439682205248299
BL230000,REPM,OSET,0.06322068337673935
BL230000,REPM,FALL,0.0
BL230000,REPB,SWHE,0.01933794199850749
BL230000,REPB,BARL,0.01636427306296217
BL230000,REPB,MAIZ,0.01372990427718543
BL230000,REPB,OCER,0.009760356088014094
BL230000,REPB,POTA,0.1344013219537454
BL230000,REPB,SUGB,0.05001722298307591
BL230000,REPB,MAIF,0.012960841099721
BL230000,REPB,OFAR,0.03628709169002907
BL230000,REPB,OSET,0.007322237339150835
BL230000,REPB,FALL,0.0
BL230000,ELEC,SWHE,0.007240886354791243
BL230000,ELEC,BARL,0.00371608544959363
BL230000,ELEC,MAIZ,0.00385229664705008
BL230000,ELEC,OCER,0.001613032118081779
BL230000,ELEC,POTA,0.004676966616557359
BL230000,ELEC,SUGB,0.005391984948307697
BL230000,ELEC,MAIF,0.008250773885476967
BL230000,ELEC,OFAR,0.006361311473665216
BL230000,ELEC,OSET,0.0
BL230000,ELEC,VSET,0.0
BL230000,ELEC,FALL,0.0
BL230000,EGAS,SWHE,9.422280142723072e-05
BL230000,EGAS,BARL,0.0004636698106510801
BL230000,EGAS,MAIZ,0.000934080968954958
BL230000,EGAS,OCER,0.001271907357811108
BL230000,EGAS,POTA,0.0
BL230000,EGAS,SUGB,0.0
BL230000,EGAS,MAIF,0.0
BL230000,EGAS,OFAR,0.0
BL230000,EGAS,OSET,0.0
BL230000,EGAS,VSET,0.0
BL230000,EGAS,FALL,0.0
BL230000,EFUL,SWHE,0.5554083018734474
BL230000,EFUL,BARL,0.544551323965639
BL230000,EFUL,MAIZ,0.5502915911294872
BL230000,EFUL,OCER,0.1832583713181199
BL230000,EFUL,POTA,1.141198381784758
BL230000,EFUL,SUGB,0.6867159777824792
BL230000,EFUL,MAIF,0.8277187810440596
BL230000,EFUL,OFAR,0.6743535840581425
BL230000,EFUL,OSET,0.03007919713274057
BL230000,EFUL,FALL,0.0
BL230000,ELUB,SWHE,0.008764041969237756
BL230000,ELUB,BARL,0.008635091356496021
BL230000,ELUB,MAIZ,0.007563195149393877
BL230000,ELUB,OCER,0.002618441677108156
BL230000,ELUB,POTA,0.01668599344957516
BL230000,ELUB,SUGB,0.01039886658611191
BL230000,ELUB,MAIF,0.01142813788519399
BL230000,ELUB,OFAR,0.00982064049356107
BL230000,ELUB,OSET,0.0003960516691028921
BL230000,ELUB,FALL,0.0
BL230000,INPO,SWHE,0.03206977116269964
BL230000,INPO,BARL,0.02285837050012696
BL230000,INPO,MAIZ,0.08557555288892127
BL230000,INPO,OCER,0.01446560339984045
BL230000,INPO,POTA,0.7673334362184698
BL230000,INPO,SUGB,0.1963751989798337
BL230000,INPO,MAIF,0.03966217085054061
BL230000,INPO,OFAR,0.2679726429156328
BL230000,INPO,OSET,0.0732934380659439
BL230000,INPO,FALL,0.0
BL240000,SEED,SWHE,0.03411825189759768
BL240000,SEED,BARL,0.02751827971371478
BL240000,SEED,MAIZ,0.06182785565592019
BL240000,SEED,POTA,0.5094933701782659
BL240000,SEED,SUGB,0.09230503027477067
BL240000,SEED,MAIF,0.02263019138293737
BL240000,SEED,OFAR,0.1672404899985166
BL240000,SEED,OSET,0.002189905762952435
BL240000,SEED,VSET,0.0
BL240000,SEED,FALL,0.0
BL240000,PLAP,SWHE,0.109897578127573
BL240000,PLAP,BARL,0.07565942573784286
BL240000,PLAP,MAIZ,0.08046187036939678
BL240000,PLAP,POTA,0.4824466207967418
BL240000,PLAP,SUGB,0.2471712660529382
BL240000,PLAP,MAIF,0.06858985879388856
BL240000,PLAP,OFAR,0.1365459733498352
BL240000,PLAP,OSET,0.0009353406466543087
BL240000,PLAP,VSET,0.0
BL240000,PLAP,FALL,0.0
BL240000,FERT,SWHE,5.179505615583095
BL240000,FERT,BARL,4.253681758190233
BL240000,FERT,MAIZ,1.91692357846124
BL240000,FERT,POTA,6.855188485840837
BL240000,FERT,SUGB,7.86390344200127
BL240000,FERT,MAIF,5.840203546087194
BL240000,FERT,OFAR,5.69200482832363
BL240000,FERT,OSET,0.02502354727752774
BL240000,FERT,VSET,0.0
BL240000,FERT,FALL,0.0
BL240000,REPM,SWHE,0.02124161737590384
BL240000,REPM,BARL,0.01364709194455956
BL240000,REPM,MAIZ,0.05602975716210121
BL240000,REPM,POTA,0.5233045909823575
BL240000,REPM,SUGB,0.1282208259874522
BL240000,REPM,MAIF,0.03121560670934301
BL240000,REPM,OFAR,0.1571362300275423
BL240000,REPM,OSET,0.04834050782454263
BL240000,REPM,FALL,0.0
BL240000,REPB,SWHE,0.01951214964520885
BL240000,REPB,BARL,0.01754075892449648
BL240000,REPB,MAIZ,0.01489978068805473
BL240000,REPB,POTA,0.1342040830729266
BL240000,REPB,SUGB,0.04963438864989089
BL240000,REPB,MAIF,0.01283728547717624
BL240000,REPB,OFAR,0.0396088332168738
BL240000,REPB,OSET,0.007283280659536489
BL240000,REPB,FALL,0.0
BL240000,ELEC,SWHE,0.007339720817495387
BL240000,ELEC,BARL,0.003963005279141597
BL240000,ELEC,MAIZ,0.003605025892063124
BL240000,ELEC,POTA,0.004998412977308101
BL240000,ELEC,SUGB,0.005331324311526452
BL240000,ELEC,MAIF,0.00815528940067826
BL240000,ELEC,OFAR,0.007264076721097128
BL240000,ELEC,OSET,0.0
BL240000,ELEC,VSET,0.0
BL240000,ELEC,FALL,0.0
BL240000,EGAS,SWHE,9.549350789226784e-05
BL240000,EGAS,BARL,0.0004835621201167027
BL240000,EGAS,MAIZ,0.0008516670604964093
BL240000,EGAS,POTA,0.0
BL240000,EGAS,SUGB,0.0
BL240000,EGAS,MAIF,0.0
BL240000,EGAS,OFAR,0.0
BL240000,EGAS,OSET,0.0
BL240000,EGAS,VSET,0.0
BL240000,EGAS,FALL,0.0
BL240000,EFUL,SWHE,0.5630566903896534
BL240000,EFUL,BARL,0.6129524030831277
BL240000,EFUL,MAIZ,0.5534724587225216
BL240000,EFUL,POTA,1.223968669415458
BL240000,EFUL,SUGB,0.6789434649302749
BL240000,EFUL,MAIF,0.819452999228184
BL240000,EFUL,OFAR,0.76787525956588
BL240000,EFUL,OSET,0.03089207672111679
BL240000,EFUL,FALL,0.0
BL240000,ELUB,SWHE,0.008881996963826782
BL240000,ELUB,BARL,0.00944238632456895
BL240000,ELUB,MAIZ,0.007649171511978125
BL240000,ELUB,POTA,0.01757050047130409
BL240000,ELUB,SUGB,0.01027835676394548
BL240000,ELUB,MAIF,0.01131544905849575
BL240000,ELUB,OFAR,0.01120515630480074
BL240000,ELUB,OSET,0.0004054364350938615
BL240000,ELUB,FALL,0.0
BL240000,INPO,SWHE,0.03276099922910148
BL240000,INPO,BARL,0.02464486150192614
BL240000,INPO,MAIZ,0.09061887536825229
BL240000,INPO,POTA,0.7449408542261299
BL240000,INPO,SUGB,0.1925042795183138
BL240000,INPO,MAIF,0.03861437896822732
BL240000,INPO,OFAR,0.3331582945792669
BL240000,INPO,OSET,0.07382744811260016
BL240000,INPO,FALL,0.0
BL250000,SEED,SWHE,0.03464735650513595
BL250000,SEED,BARL,0.02621636217701189
BL250000,SEED,MAIZ,0.06831675650938741
BL250000,SEED,POTA,0.4767203942821888
BL250000,SEED,SUGB,0.0939668584805779
BL250000,SEED,MAIF,0.02376515237235901
BL250000,SEED,OFAR,0.1404027011136632
BL250000,SEED,OSET,0.002498660141635344
BL250000,SEED,VSET,0.0
BL250000,SEED,FALL,0.0
BL250000,PLAP,SWHE,0.1109934424557372
BL250000,PLAP,BARL,0.07233284316336047
BL250000,PLAP,MAIZ,0.09063530738359182
BL250000,PLAP,POTA,0.4599834489343501
BL250000,PLAP,SUGB,0.2501911473040196
BL250000,PLAP,MAIF,0.07069215246669469
BL250000,PLAP,OFAR,0.1204406029025699
BL250000,PLAP,OSET,0.001120457476801863
BL250000,PLAP,VSET,0.0
BL250000,PLAP,FALL,0.0
BL250000,FERT,SWHE,5.42779917274756
BL250000,FERT,BARL,4.095944232833699
BL250000,FERT,MAIZ,2.542617951726365
BL250000,FERT,POTA,5.778142869813037
BL250000,FERT,SUGB,8.123803875464523
BL250000,FERT,MAIF,6.180163375003159
BL250000,FERT,OFAR,4.687142362760484
BL250000,FERT,OSET,0.0406181332140739
BL250000,FERT,VSET,0.0
BL250000,FERT,FALL,0.0
BL250000,REPM,SWHE,0.02132693254547364
BL250000,REPM,BARL,0.0138105860665452
BL250000,REPM,MAIZ,0.05815530433382873
BL250000,REPM,POTA,0.5186084265680979
BL250000,REPM,SUGB,0.1287524190130186
BL250000,REPM,MAIF,0.03158037790923278
BL250000,REPM,OFAR,0.1495793518316118
BL250000,REPM,OSET,0.04822848225420034
BL250000,REPM,FALL,0.0
BL250000,REPB,SWHE,0.01958772602885122
BL250000,REPB,BARL,0.01659135429141808
BL250000,REPB,MAIZ,0.01547600925744091
BL250000,REPB,POTA,0.1322584878289341
BL250000,REPB,SUGB,0.04984259686550793
BL250000,REPB,MAIF,0.01298156876994492
BL250000,REPB,OFAR,0.03770142095691931
BL250000,REPB,OSET,0.007276406705338999
BL250000,REPB,FALL,0.0
BL250000,ELEC,SWHE,0.00738189405776579
BL250000,ELEC,BARL,0.003793433930446649
BL250000,ELEC,MAIZ,0.004413406356218652
BL250000,ELEC,POTA,0.004560030539722126
BL250000,ELEC,SUGB,0.005361697643722347
BL250000,ELEC,MAIF,0.008269996278811316
BL250000,ELEC,OFAR,0.006735628423805607
BL250000,ELEC,OSET,0.0
BL250000,ELEC,VSET,0.0
BL250000,ELEC,FALL,0.0
BL250000,EGAS,SWHE,9.60615718907757e-05
BL250000,EGAS,BARL,0.0004739510287146402
BL250000,EGAS,MAIZ,0.0009371070195075221
BL250000,EGAS,POTA,0.0
BL250000,EGAS,SUGB,0.0
BL250000,EGAS,MAIF,0.0
BL250000,EGAS,OFAR,0.0
BL250000,EGAS,OSET,0.0
BL250000,EGAS,VSET,0.0
BL250000,EGAS,FALL,0.0
BL250000,EFUL,SWHE,0.5663210903087403
BL250000,EFUL,BARL,0.5558867065585076
BL250000,EFUL,MAIZ,0.6176744556737965
BL250000,EFUL,POTA,1.11256107425382
BL250000,EFUL,SUGB,0.6829689912575049
BL250000,EFUL,MAIF,0.8296290586753005
BL250000,EFUL,OFAR,0.7140845237761234
BL250000,EFUL,OSET,0.03081518315132242
BL250000,EFUL,FALL,0.0
BL250000,ELUB,SWHE,0.008933962424215233
BL250000,ELUB,BARL,0.008817996531643037
BL250000,ELUB,MAIZ,0.00775055553114967
BL250000,ELUB,POTA,0.0162782901877933
BL250000,ELUB,SUGB,0.01034532703687049
BL250000,ELUB,MAIF,0.01145438971428198
BL250000,ELUB,OFAR,0.0103986897459636
BL250000,ELUB,OSET,0.0004044729915409853
BL250000,ELUB,FALL,0.0
BL250000,INPO,SWHE,0.0331047523081973
BL250000,INPO,BARL,0.02432249901136094
BL250000,INPO,MAIZ,0.1047531007816987
BL250000,INPO,POTA,0.7383480340880901
BL250000,INPO,SUGB,0.194876851854434
BL250000,INPO,MAIF,0.03981898439715727
BL250000,INPO,OFAR,0.2946759073671073
BL250000,INPO,OSET,0.07358268637779275
BL250000,INPO,FALL,0.0
BL310000,SEED,SWHE,0.03559022874410565
BL310000,SEED,BARL,0.03012920539908152
BL310000,SEED,POTA,0.5128296750585204
BL310000,SEED,SUGB,0.0932369750568206
BL310000,SEED,MAIF,0.02145003390739486
BL310000,SEED,OFAR,0.2153351501318724
BL310000,SEED,OSET,0.002769644130961523
BL310000,SEED,VSET,0.0
BL310000,SEED,FALL,0.0
BL310000,PLAP,SWHE,0.1128850406148644
BL310000,PLAP,BARL,0.09082214068174815
BL310000,PLAP,POTA,0.4725323627728543
BL310000,PLAP,SUGB,0.2487251336006655
BL310000,PLAP,MAIF,0.06619321063478593
BL310000,PLAP,OFAR,0.1695908220740985
BL310000,PLAP,OSET,0.001305587117303074
BL310000,PLAP,VSET,0.0
BL310000,PLAP,FALL,0.0
BL310000,FERT,SWHE,5.340045992586177
BL310000,FERT,BARL,4.718656786873346
BL310000,FERT,POTA,6.651542074737851
BL310000,FERT,SUGB,8.104670758429895
BL310000,FERT,MAIF,5.498565995185036
BL310000,FERT,OFAR,7.657334865603943
BL310000,FERT,OSET,0.06280771489279707
BL310000,FERT,VSET,0.0
BL310000,FERT,FALL,0.0
BL310000,REPM,SWHE,0.02147295396963881
BL310000,REPM,BARL,0.01406468108789193
BL310000,REPM,POTA,0.5099497556940209
BL310000,REPM,SUGB,0.1285387825486033
BL310000,REPM,MAIF,0.03076991560161591
BL310000,REPM,OFAR,0.1854644580618014
BL310000,REPM,OSET,0.0628233123676499
BL310000,REPM,FALL,0.0
BL310000,REPB,SWHE,0.0197231052524734
BL310000,REPB,BARL,0.01813082425175512
BL310000,REPB,POTA,0.1308902070977941
BL310000,REPB,SUGB,0.04975778952333365
BL310000,REPB,MAIF,0.01265086847208313
BL310000,REPB,OFAR,0.04673945726695568
BL310000,REPB,OSET,0.007265832875266243
BL310000,REPB,FALL,0.0
BL310000,ELEC,SWHE,0.007458548359321149
BL310000,ELEC,BARL,0.004202203887455343
BL310000,ELEC,POTA,0.005213652197212665
BL310000,ELEC,SUGB,0.005351472028371585
BL310000,ELEC,MAIF,0.007963372278924942
BL310000,ELEC,OFAR,0.00811346373873776
BL310000,ELEC,OSET,0.0
BL310000,ELEC,VSET,0.0
BL310000,ELEC,FALL,0.0
BL310000,EGAS,SWHE,9.704230847596803e-05
BL310000,EGAS,BARL,0.000499400475799707
BL310000,EGAS,POTA,0.0
BL310000,EGAS,SUGB,0.0
BL310000,EGAS,MAIF,0.0
BL310000,EGAS,OFAR,0.0
BL310000,EGAS,OSET,0.0
BL310000,EGAS,VSET,0.0
BL310000,EGAS,FALL,0.0
BL310000,EFUL,SWHE,0.5721533266394744
BL310000,EFUL,BARL,0.6463479788548773
BL310000,EFUL,POTA,1.28920139271483
BL310000,EFUL,SUGB,0.6815100360098261
BL310000,EFUL,MAIF,0.7991876140394288
BL310000,EFUL,OFAR,0.9746212789259933
BL310000,EFUL,OSET,0.03072630683944177
BL310000,EFUL,FALL,0.0
BL310000,ELUB,SWHE,0.0090261516801009
BL310000,ELUB,BARL,0.009889908481683956
BL310000,ELUB,POTA,0.01816516560733533
BL310000,ELUB,SUGB,0.01031677574796144
BL310000,ELUB,MAIF,0.01103574006449524
BL310000,ELUB,OFAR,0.01333802712682053
BL310000,ELUB,OSET,0.0004033405818428264
BL310000,ELUB,FALL,0.0
BL310000,INPO,SWHE,0.03365160088581681
BL310000,INPO,BARL,0.02548540324827647
BL310000,INPO,POTA,0.782503072477865
BL310000,INPO,SUGB,0.1936946180083692
BL310000,INPO,MAIF,0.03729518357085417
BL310000,INPO,OFAR,0.3305088763239304
BL310000,INPO,OSET,0.07325147055882388
BL310000,INPO,FALL,0.0
BL320000,SEED,SWHE,0.03402990170471506
BL320000,SEED,BARL,0.02788782846346964
BL320000,SEED,POTA,0.4979356827689865
BL320000,SEED,SUGB,0.09641489479526602
BL320000,SEED,MAIF,0.02297808052568018
BL320000,SEED,OFAR,0.13194152249736
BL320000,SEED,OSET,0.006878740939828301
BL320000,SEED,VSET,0.0
BL320000,SEED,FALL,0.0
BL320000,PLAP,SWHE,0.1144606625440261
BL320000,PLAP,BARL,0.07511667408904134
BL320000,PLAP,POTA,0.4726473450489152
BL320000,PLAP,SUGB,0.2542906987085467
BL320000,PLAP,MAIF,0.06909753789133971
BL320000,PLAP,OFAR,0.1158519094596383
BL320000,PLAP,OSET,0.003176872071927222
BL320000,PLAP,VSET,0.0
BL320000,PLAP,FALL,0.0
BL320000,FERT,SWHE,5.178293416367275
BL320000,FERT,BARL,4.25217180684035
BL320000,FERT,POTA,5.934166679487674
BL320000,FERT,SUGB,8.317478514427759
BL320000,FERT,MAIF,5.950221567627878
BL320000,FERT,OFAR,4.337223925009878
BL320000,FERT,OSET,0.140214293288899
BL320000,FERT,VSET,0.0
BL320000,FERT,FALL,0.0
BL320000,REPM,SWHE,0.02122324126498715
BL320000,REPM,BARL,0.01402875513540366
BL320000,REPM,POTA,0.5243766012546057
BL320000,REPM,SUGB,0.1295938332337117
BL320000,REPM,MAIF,0.03129775808655241
BL320000,REPM,OFAR,0.1471807046775567
BL320000,REPM,OSET,0.06234780012472956
BL320000,REPM,FALL,0.0
BL320000,REPB,SWHE,0.01950378063736045
BL320000,REPB,BARL,0.0168592759293427
BL320000,REPB,POTA,0.1337361604160094
BL320000,REPB,SUGB,0.05016908464063873
BL320000,REPB,MAIF,0.01286746164680106
BL320000,REPB,OFAR,0.03709700752071411
BL320000,REPB,OSET,0.007259544318953173
BL320000,REPB,FALL,0.0
BL320000,ELEC,SWHE,0.007335877168571011
BL320000,ELEC,BARL,0.003886400548257386
BL320000,ELEC,POTA,0.004640215453477658
BL320000,ELEC,SUGB,0.005414496278671545
BL320000,ELEC,MAIF,0.008167713772040336
BL320000,ELEC,OFAR,0.006577056222403865
BL320000,ELEC,OSET,0.0
BL320000,ELEC,VSET,0.0
BL320000,ELEC,FALL,0.0
BL320000,EGAS,SWHE,9.54141407931581e-05
BL320000,EGAS,BARL,0.0004849279876069633
BL320000,EGAS,POTA,0.0
BL320000,EGAS,SUGB,0.0
BL320000,EGAS,MAIF,0.0
BL320000,EGAS,OFAR,0.0
BL320000,EGAS,OSET,0.0
BL320000,EGAS,VSET,0.0
BL320000,EGAS,FALL,0.0
BL320000,EFUL,SWHE,0.5628083460201417
BL320000,EFUL,BARL,0.5695365524322704
BL320000,EFUL,POTA,1.132149057264721
BL320000,EFUL,SUGB,0.6896386645958019
BL320000,EFUL,MAIF,0.8196464595036483
BL320000,EFUL,OFAR,0.6970963350744998
BL320000,EFUL,OSET,0.0301044824433359
BL320000,EFUL,FALL,0.0
BL320000,ELUB,SWHE,0.008875031831062639
BL320000,ELUB,BARL,0.009030220588417324
BL320000,ELUB,POTA,0.01655834120702961
BL320000,ELUB,SUGB,0.01044814343311025
BL320000,ELUB,MAIF,0.01131787373915619
BL320000,ELUB,OFAR,0.01015311832592144
BL320000,ELUB,OSET,0.0003959028448546775
BL320000,ELUB,FALL,0.0
BL320000,INPO,SWHE,0.03266685133408931
BL320000,INPO,BARL,0.02465323867671371
BL320000,INPO,POTA,0.7582912974002144
BL320000,INPO,SUGB,0.1980170575483436
BL320000,INPO,MAIF,0.03893308815557905
BL320000,INPO,OFAR,0.2833931312867984
BL320000,INPO,OSET,0.0721790793122871
BL320000,INPO,FALL,0.0
BL330000,SEED,SWHE,0.03609953517959111
BL330000,SEED,BARL,0.02995224118787856
BL330000,SEED,POTA,0.469586138295777
BL330000,SEED,SUGB,0.09868631242620339
BL330000,SEED,MAIF,0.02193254033138394
BL330000,SEED,OFAR,0.1081104908487805
BL330000,SEED,OSET,0.0104746910869121
BL330000,SEED,VSET,0.0
BL330000,SEED,FALL,0.0
BL330000,PLAP,SWHE,0.1188216559187314
BL330000,PLAP,BARL,0.07871950595739291
BL330000,PLAP,POTA,0.4557147729807959
BL330000,PLAP,SUGB,0.2578939906625991
BL330000,PLAP,MAIF,0.06709996865221501
BL330000,PLAP,OFAR,0.1030947757300059
BL330000,PLAP,OSET,0.004713860763946643
BL330000,PLAP,VSET,0.0
BL330000,PLAP,FALL,0.0
BL330000,FERT,SWHE,5.562070408278796
BL330000,FERT,BARL,4.613376643327757
BL330000,FERT,POTA,5.673042752472298
BL330000,FERT,SUGB,8.513836631445956
BL330000,FERT,MAIF,5.646405459999308
BL330000,FERT,OFAR,3.413141965005542
BL330000,FERT,OSET,0.1842817459083531
BL330000,FERT,VSET,0.0
BL330000,FERT,FALL,0.0
BL330000,REPM,SWHE,0.02154801382747027
BL330000,REPM,BARL,0.01430264036902635
BL330000,REPM,POTA,0.5166866882779688
BL330000,REPM,SUGB,0.1303671441403038
BL330000,REPM,MAIF,0.03093593207366502
BL330000,REPM,OFAR,0.140410293709512
BL330000,REPM,OSET,0.06221481682270544
BL330000,REPM,FALL,0.0
BL330000,REPB,SWHE,0.01980269963584601
BL330000,REPB,BARL,0.01718266048871394
BL330000,REPB,POTA,0.1317735340267389
BL330000,REPB,SUGB,0.05046665721313188
BL330000,REPB,MAIF,0.01271934891107511
BL330000,REPB,OFAR,0.03539134918126328
BL330000,REPB,OSET,0.007270599878264247
BL330000,REPB,FALL,0.0
BL330000,ELEC,SWHE,0.007504500965563562
BL330000,ELEC,BARL,0.003996735607310039
BL330000,ELEC,POTA,0.00453553464775394
BL330000,ELEC,SUGB,0.005464092203968906
BL330000,ELEC,MAIF,0.00802948480259165
BL330000,ELEC,OFAR,0.006132562278909905
BL330000,ELEC,OSET,0.0
BL330000,ELEC,VSET,0.0
BL330000,ELEC,FALL,0.0
BL330000,EGAS,SWHE,9.760791265106879e-05
BL330000,EGAS,BARL,0.0004990572125822813
BL330000,EGAS,POTA,0.0
BL330000,EGAS,SUGB,0.0
BL330000,EGAS,MAIF,0.0
BL330000,EGAS,OFAR,0.0
BL330000,EGAS,OSET,0.0
BL330000,EGAS,VSET,0.0
BL330000,EGAS,FALL,0.0
BL330000,EFUL,SWHE,0.5757631703640366
BL330000,EFUL,BARL,0.5857288944785667
BL330000,EFUL,POTA,1.106702215995345
BL330000,EFUL,SUGB,0.6958986852570131
BL330000,EFUL,MAIF,0.8059011906066927
BL330000,EFUL,OFAR,0.6492471153212369
BL330000,EFUL,OSET,0.02963833770556074
BL330000,EFUL,FALL,0.0
BL330000,ELUB,SWHE,0.009078841204278177
BL330000,ELUB,BARL,0.009289037953567055
BL330000,ELUB,POTA,0.01619000633836654
BL330000,ELUB,SUGB,0.01053978430105594
BL330000,ELUB,MAIF,0.01112847461945814
BL330000,ELUB,OFAR,0.009463920642543202
BL330000,ELUB,OSET,0.0003904402479095662
BL330000,ELUB,FALL,0.0
BL330000,INPO,SWHE,0.03391447323928995
BL330000,INPO,BARL,0.02584078533485415
BL330000,INPO,POTA,0.7315723981322153
BL330000,INPO,SUGB,0.2008560944380588
BL330000,INPO,MAIF,0.03780721512112892
BL330000,INPO,OFAR,0.2519146981694298
BL330000,INPO,OSET,0.07095806305805485
BL330000,INPO,FALL,0.0
BL340000,SEED,SWHE,0.02556014243999372
BL340000,SEED,BARL,0.02069030579108378
BL340000,SEED,OATS,0.01345967227574173
BL340000,SEED,OCER,0.01475619331067744
BL340000,SEED,MAIF,0.02120047024039248
BL340000,SEED,OFAR,0.1639549272309081
BL340000,SEED,VSET,0.0
BL340000,SEED,FALL,0.0
BL340000,PLAP,SWHE,0.096598267321155
BL340000,PLAP,BARL,0.06261916303962542
BL340000,PLAP,OATS,0.04739626176033779
BL340000,PLAP,OCER,0.05103142137878264
BL340000,PLAP,MAIF,0.06572634920872308
BL340000,PLAP,OFAR,0.1348840351387887
BL340000,PLAP,VSET,0.0
BL340000,PLAP,FALL,0.0
BL340000,FERT,SWHE,3.635546582090402
BL340000,FERT,BARL,3.020884073348447
BL340000,FERT,OATS,3.103654750146732
BL340000,FERT,OCER,5.217798832169386
BL340000,FERT,MAIF,5.422904746386362
BL340000,FERT,OFAR,5.665623440039299
BL340000,FERT,VSET,0.0
BL340000,FERT,FALL,0.0
BL340000,REPM,SWHE,0.01989533494966293
BL340000,REPM,BARL,0.01308114622119042
BL340000,REPM,OATS,0.01448146079157289
BL340000,REPM,OCER,0.02338981501731215
BL340000,REPM,MAIF,0.03068392242575801
BL340000,REPM,OFAR,0.156180635969814
BL340000,REPM,FALL,0.0
BL340000,REPB,SWHE,0.01828513099868959
BL340000,REPB,BARL,0.0157297186014707
BL340000,REPB,OATS,0.01010914153088573
BL340000,REPB,OCER,0.009773191627180431
BL340000,REPB,MAIF,0.01261535062658294
BL340000,REPB,OFAR,0.03936867743684234
BL340000,REPB,FALL,0.0
BL340000,ELEC,SWHE,0.006649072825114739
BL340000,ELEC,BARL,0.003498769878947469
BL340000,ELEC,OATS,0.001017212005033111
BL340000,ELEC,OCER,0.001624962345605958
BL340000,ELEC,MAIF,0.007928876992488702
BL340000,ELEC,OFAR,0.007203073390468823
BL340000,ELEC,VSET,0.0
BL340000,ELEC,FALL,0.0
BL340000,EGAS,SWHE,8.647454034219998e-05
BL340000,EGAS,BARL,0.000435933665586377
BL340000,EGAS,OATS,0.001433011837101939
BL340000,EGAS,OCER,0.001315294929418102
BL340000,EGAS,MAIF,0.0
BL340000,EGAS,OFAR,0.0
BL340000,EGAS,VSET,0.0
BL340000,EGAS,FALL,0.0
BL340000,EFUL,SWHE,0.5101205254285618
BL340000,EFUL,BARL,0.5127925225396093
BL340000,EFUL,OATS,0.2218244342890411
BL340000,EFUL,OCER,0.1852570048463792
BL340000,EFUL,MAIF,0.7957065194391142
BL340000,EFUL,OFAR,0.7612900013579664
BL340000,EFUL,FALL,0.0
BL340000,ELUB,SWHE,0.008043679445303814
BL340000,ELUB,BARL,0.008126533852099648
BL340000,ELUB,OATS,0.002513669487420384
BL340000,ELUB,OCER,0.003065352134825824
BL340000,ELUB,MAIF,0.01098746963451693
BL340000,ELUB,OFAR,0.01111075908051364
BL340000,ELUB,FALL,0.0
BL340000,INPO,SWHE,0.02756403950362313
BL340000,INPO,BARL,0.02055269578130147
BL340000,INPO,OATS,0.01867214447826513
BL340000,INPO,OCER,0.01771877025907417
BL340000,INPO,MAIF,0.03703530533434567
BL340000,INPO,OFAR,0.3290142947325365
BL340000,INPO,FALL,0.0
BL350000,SEED,SWHE,0.0327323242838701
BL350000,SEED,BARL,0.02785946595198054
BL350000,SEED,RAPE,0.06320651034553747
BL350000,SEED,POTA,0.4934699671457745
BL350000,SEED,SUGB,0.09404056125147957
BL350000,SEED,MAIF,0.02063094056840616
BL350000,SEED,OFAR,0.1499861701851037
BL350000,SEED,OSET,0.01693511246845887
BL350000,SEED,VSET,0.0
BL350000,SEED,FALL,0.0
BL350000,PLAP,SWHE,0.1116824779541269
BL350000,PLAP,BARL,0.07499268655251892
BL350000,PLAP,RAPE,0.1117601287644197
BL350000,PLAP,POTA,0.4699753564203148
BL350000,PLAP,SUGB,0.2501466318067487
BL350000,PLAP,MAIF,0.0646343470692622
BL350000,PLAP,OFAR,0.1258242529887523
BL350000,PLAP,OSET,0.007856259739189965
BL350000,PLAP,VSET,0.0
BL350000,PLAP,FALL,0.0
BL350000,FERT,SWHE,5.018208827910533
BL350000,FERT,BARL,4.317442788377856
BL350000,FERT,RAPE,4.189998878634243
BL350000,FERT,POTA,5.958545480429051
BL350000,FERT,SUGB,8.207719310412404
BL350000,FERT,MAIF,5.280676128822231
BL350000,FERT,OFAR,5.102110448306239
BL350000,FERT,OSET,0.3569780619862239
BL350000,FERT,VSET,0.0
BL350000,FERT,FALL,0.0
BL350000,REPM,SWHE,0.02101740413506248
BL350000,REPM,BARL,0.01402370701626136
BL350000,REPM,RAPE,0.06749181776380098
BL350000,REPM,POTA,0.5232420128112346
BL350000,REPM,SUGB,0.1288065934697499
BL350000,REPM,MAIF,0.03048633126511323
BL350000,REPM,OFAR,0.1522827793862448
BL350000,REPM,OSET,0.06090344027925138
BL350000,REPM,FALL,0.0
BL350000,REPB,SWHE,0.01931906060988103
BL350000,REPB,BARL,0.0168577159715295
BL350000,REPB,RAPE,0.01477644252515243
BL350000,REPB,POTA,0.1334544475141625
BL350000,REPB,SUGB,0.04986221249148483
BL350000,REPB,MAIF,0.0125346042518984
BL350000,REPB,OFAR,0.0383829082815449
BL350000,REPB,OSET,0.008829500470929017
BL350000,REPB,FALL,0.0
BL350000,ELEC,SWHE,0.007232247974274889
BL350000,ELEC,BARL,0.003885988154245549
BL350000,ELEC,RAPE,0.001586422768472091
BL350000,ELEC,POTA,0.004630588335945597
BL350000,ELEC,SUGB,0.005367151662582641
BL350000,ELEC,MAIF,0.007856069813178795
BL350000,ELEC,OFAR,0.00691839142061421
BL350000,ELEC,OSET,0.0
BL350000,ELEC,VSET,0.0
BL350000,ELEC,FALL,0.0
BL350000,EGAS,SWHE,9.404880850944612e-05
BL350000,EGAS,BARL,0.0004844874722314047
BL350000,EGAS,RAPE,0.001445910943140943
BL350000,EGAS,POTA,0.0
BL350000,EGAS,SUGB,0.0
BL350000,EGAS,MAIF,0.0
BL350000,EGAS,OFAR,0.0
BL350000,EGAS,OSET,0.0
BL350000,EGAS,VSET,0.0
BL350000,EGAS,FALL,0.0
BL350000,EFUL,SWHE,0.5548711948184256
BL350000,EFUL,BARL,0.5695302586318105
BL350000,EFUL,RAPE,0.1631827975936206
BL350000,EFUL,POTA,1.129965244715594
BL350000,EFUL,SUGB,0.683510015603756
BL350000,EFUL,MAIF,0.788669901487765
BL350000,EFUL,OFAR,0.7333096104829222
BL350000,EFUL,OSET,0.02850533550616464
BL350000,EFUL,FALL,0.0
BL350000,ELUB,SWHE,0.008748413633963344
BL350000,ELUB,BARL,0.00902752660326119
BL350000,ELUB,RAPE,0.0022252430044653
BL350000,ELUB,POTA,0.01651619602156389
BL350000,ELUB,SUGB,0.01035072530323204
BL350000,ELUB,MAIF,0.01089043779623382
BL350000,ELUB,OFAR,0.0106802910940641
BL350000,ELUB,OSET,0.0003766631961869851
BL350000,ELUB,FALL,0.0
BL350000,INPO,SWHE,0.03186254723776091
BL350000,INPO,BARL,0.0246155604840244
BL350000,INPO,RAPE,0.0846778434384528
BL350000,INPO,POTA,0.7536796821498672
BL350000,INPO,SUGB,0.1948009915828576
BL350000,INPO,MAIF,0.03641177023089989
BL350000,INPO,OFAR,0.3078523619994986
BL350000,INPO,OSET,0.06844640981926778
BL350000,INPO,FALL,0.0
BL400000,SEED,SWHE,0.02664995657198397
BL400000,SEED,BARL,0.02174489467371246
BL400000,SEED,OATS,0.01279470453560592
BL400000,SEED,OCER,0.01275209421119498
BL400000,SEED,RAPE,0.05799426966385467
BL400000,SEED,MAIF,0.01666809945254378
BL400000,SEED,OFAR,0.09645218973949045
BL400000,SEED,OSET,0.0
BL400000,SEED,VSET,0.0
BL400000,SEED,FALL,0.0
BL400000,PLAP,SWHE,0.09486163545831372
BL400000,PLAP,BARL,0.06450652847134956
BL400000,PLAP,OATS,0.042866512633487
BL400000,PLAP,OCER,0.03641942954098269
BL400000,PLAP,RAPE,0.1063068535354978
BL400000,PLAP,MAIF,0.05567828294367209
BL400000,PLAP,OFAR,0.09703265736146213
BL400000,PLAP,OSET,0.0
BL400000,PLAP,VSET,0.0
BL400000,PLAP,FALL,0.0
BL400000,FERT,SWHE,4.401140212818257
BL400000,FERT,BARL,3.667694727769072
BL400000,FERT,OATS,4.069518767350198
BL400000,FERT,OCER,5.203351866212577
BL400000,FERT,RAPE,4.361268839263079
BL400000,FERT,MAIF,3.746009346744394
BL400000,FERT,OFAR,3.488629825343485
BL400000,FERT,OSET,0.0
BL400000,FERT,VSET,0.0
BL400000,FERT,FALL,0.0
BL400000,REPM,SWHE,0.02007681332956444
BL400000,REPM,BARL,0.01322401439287894
BL400000,REPM,OATS,0.01468561278784971
BL400000,REPM,OCER,0.01383694781524041
BL400000,REPM,RAPE,0.06616085055054834
BL400000,REPM,MAIF,0.0287522000384289
BL400000,REPM,OFAR,0.1370914185485896
BL400000,REPM,OSET,0.04837327688148482
BL400000,REPM,FALL,0.0
BL400000,REPB,SWHE,0.01843730647895562
BL400000,REPB,BARL,0.01589445605557185
BL400000,REPB,OATS,0.01006007916602137
BL400000,REPB,OCER,0.00955137247102172
BL400000,REPB,RAPE,0.01448139072389449
BL400000,REPB,MAIF,0.0117976952701038
BL400000,REPB,OFAR,0.03455596011488281
BL400000,REPB,OSET,0.007277363718546696
BL400000,REPB,FALL,0.0
BL400000,ELEC,SWHE,0.006733107882057638
BL400000,ELEC,BARL,0.003554988614965286
BL400000,ELEC,OATS,0.001062163814686953
BL400000,ELEC,OCER,0.001555168652334694
BL400000,ELEC,RAPE,0.00154004897494741
BL400000,ELEC,MAIF,0.007081899945563256
BL400000,ELEC,OFAR,0.005917649101348543
BL400000,ELEC,OSET,0.0
BL400000,ELEC,VSET,0.0
BL400000,ELEC,FALL,0.0
BL400000,EGAS,SWHE,8.7640088013079e-05
BL400000,EGAS,BARL,0.0004432916594474802
BL400000,EGAS,OATS,0.001389736386007413
BL400000,EGAS,OCER,0.001216791891313727
BL400000,EGAS,RAPE,0.001403638674483284
BL400000,EGAS,MAIF,0.0
BL400000,EGAS,OFAR,0.0
BL400000,EGAS,OSET,0.0
BL400000,EGAS,VSET,0.0
BL400000,EGAS,FALL,0.0
BL400000,EFUL,SWHE,0.5166004770318698
BL400000,EFUL,BARL,0.521033435183956
BL400000,EFUL,OATS,0.1364358413330853
BL400000,EFUL,OCER,0.1754398307953116
BL400000,EFUL,RAPE,0.1585177926533931
BL400000,EFUL,MAIF,0.7080113647401235
BL400000,EFUL,OFAR,0.6258347146280032
BL400000,EFUL,OSET,0.03117978174445499
BL400000,EFUL,FALL,0.0
BL400000,ELUB,SWHE,0.008149486052978955
BL400000,ELUB,BARL,0.008259024525617808
BL400000,ELUB,OATS,0.002444198447563008
BL400000,ELUB,OCER,0.002504321261089395
BL400000,ELUB,RAPE,0.002163231332668956
BL400000,ELUB,MAIF,0.009757739813704838
BL400000,ELUB,OFAR,0.009129554939138015
BL400000,ELUB,OSET,0.0004088144317078361
BL400000,ELUB,FALL,0.0
BL400000,INPO,SWHE,0.0283213865969289
BL400000,INPO,BARL,0.02117825151312761
BL400000,INPO,OATS,0.01546840288689158
BL400000,INPO,OCER,0.01561804861941036
BL400000,INPO,RAPE,0.08060972149849865
BL400000,INPO,MAIF,0.03126853309329095
BL400000,INPO,OFAR,0.2367967894115221
BL400000,INPO,OSET,0.07416120954838722
BL400000,INPO,FALL,0.0
DK000000,SEED,SWHE,0.07458397853070793
DK000000,SEED,RYEM,0.05868224385116364
DK000000,SEED,BARL,0.06652091361600387
DK000000,SEED,OATS,0.05924681625696625
DK000000,SEED,OCER,0.0428826600679921
DK000000,SEED,RAPE,0.06713723471425834
DK000000,SEED,PULS,0.05572710572666513
DK000000,SEED,POTA,0.3290468549810688
DK000000,SEED,SUGB,0.1877047603738944
DK000000,SEED,MAIF,0.0902538353031777
DK000000,SEED,OFAR,0.05738436463798392
DK000000,SEED,OSET,0.0005960896461063427
DK000000,SEED,VSET,0.0
DK000000,SEED,FALL,0.0
DK000000,PLAP,SWHE,0.0747844207100173
DK000000,PLAP,RYEM,0.06330458007257624
DK000000,PLAP,BARL,0.06965196672376368
DK000000,PLAP,OATS,0.06513007734463006
DK000000,PLAP,OCER,0.04778483661266206
DK000000,PLAP,RAPE,0.06501839300139814
DK000000,PLAP,PULS,0.04180399352042299
DK000000,PLAP,POTA,0.3045664427946716
DK000000,PLAP,SUGB,0.2056612645815575
DK000000,PLAP,MAIF,0.07336179898984697
DK000000,PLAP,OFAR,0.04459993868587792
DK000000,PLAP,OSET,0.0004255001605480826
DK000000,PLAP,VSET,0.0
DK000000,PLAP,FALL,0.0
DK000000,FERT,SWHE,2.668142809075877
DK000000,FERT,RYEM,1.793813682374636
DK000000,FERT,BARL,1.816632894850631
DK000000,FERT,OATS,1.950264086999421
DK000000,FERT,OCER,2.698937813325109
DK000000,FERT,RAPE,2.060772146056129
DK000000,FERT,PULS,1.092375802714713
DK000000,FERT,POTA,2.827454029921332
DK000000,FERT,SUGB,3.965616963244749
DK000000,FERT,MAIF,2.741694271017566
DK000000,FERT,OFAR,1.931772499682525
DK000000,FERT,OSET,0.01063197282650942
DK000000,FERT,VSET,0.0
DK000000,FERT,FALL,0.0
DK000000,REPM,SWHE,0.09402338037448259
DK000000,REPM,RYEM,0.07868975199100593
DK000000,REPM,BARL,0.0902915107241802
DK000000,REPM,OATS,0.08083608815497328
DK000000,REPM,OCER,0.0627813030938051
DK000000,REPM,RAPE,0.08255101294142766
DK000000,REPM,PULS,0.06644354979789094
DK000000,REPM,POTA,0.4673782954225298
DK000000,REPM,SUGB,0.2647899870912686
DK000000,REPM,MAIF,0.1354427216331298
DK000000,REPM,OFAR,0.07530470518082896
DK000000,REPM,OSET,0.1284063076212069
DK000000,REPM,VSET,0.1262674360974959
DK000000,REPM,FALL,0.0
DK000000,REPB,SWHE,0.02100154835536333
DK000000,REPB,RYEM,0.01898094143709333
DK000000,REPB,BARL,0.02054742874819628
DK000000,REPB,OATS,0.0188648685786464
DK000000,REPB,OCER,0.01762237980218064
DK000000,REPB,RAPE,0.01774703465023211
DK000000,REPB,PULS,0.0168412810156197
DK000000,REPB,POTA,0.1041881043703771
DK000000,REPB,SUGB,0.05766151392901418
DK000000,REPB,MAIF,0.03549390384213044
DK000000,REPB,OFAR,0.01552679275415691
DK000000,REPB,OSET,0.03188798106767258
DK000000,REPB,VSET,0.02566181702898239
DK000000,REPB,FALL,0.0
DK000000,ELEC,SWHE,0.004999999977786779
DK000000,ELEC,RYEM,0.001610798954636942
DK000000,ELEC,BARL,0.004999999979994484
DK000000,ELEC,OATS,0.001395022243565119
DK000000,ELEC,OCER,0.001302649841250259
DK000000,ELEC,RAPE,0.002126356293206948
DK000000,ELEC,PULS,0.002017972228308348
DK000000,ELEC,POTA,0.001278833178925859
DK000000,ELEC,SUGB,0.001180388254029186
DK000000,ELEC,MAIF,0.001893807254991354
DK000000,ELEC,OFAR,0.004544793203323392
DK000000,ELEC,OSET,0.0
DK000000,ELEC,VSET,0.0
DK000000,ELEC,FALL,0.0
DK000000,EGAS,SWHE,0.001332731754415722
DK000000,EGAS,RYEM,0.001971489294433976
DK000000,EGAS,BARL,0.00118666271654845
DK000000,EGAS,OATS,0.001895376402501109
DK000000,EGAS,OCER,0.001915135628807516
DK000000,EGAS,RAPE,0.001910170426439802
DK000000,EGAS,PULS,0.0
DK000000,EGAS,POTA,0.0
DK000000,EGAS,SUGB,0.0
DK000000,EGAS,MAIF,0.0
DK000000,EGAS,OFAR,0.0
DK000000,EGAS,OSET,0.0
DK000000,EGAS,VSET,0.0
DK000000,EGAS,FALL,0.0
DK000000,EFUL,SWHE,0.0797422054986585
DK000000,EFUL,RYEM,0.07533647413094535
DK000000,EFUL,BARL,0.08089949517127754
DK000000,EFUL,OATS,0.08053672495029383
DK000000,EFUL,OCER,0.06458960032350125
DK000000,EFUL,RAPE,0.06885395189301019
DK000000,EFUL,PULS,0.06963440395748714
DK000000,EFUL,POTA,0.1450467647651574
DK000000,EFUL,SUGB,0.104453590238229
DK000000,EFUL,MAIF,0.09572758784818262
DK000000,EFUL,OFAR,0.105408007880991
DK000000,EFUL,OSET,0.08536705042187903
DK000000,EFUL,VSET,0.0666655925669459
DK000000,EFUL,FALL,0.0
DK000000,ELUB,SWHE,0.003687831377828519
DK000000,ELUB,RYEM,0.003664566833518345
DK000000,ELUB,BARL,0.003691702381228777
DK000000,ELUB,OATS,0.003700900905487514
DK000000,ELUB,OCER,0.003934404750228444
DK000000,ELUB,RAPE,0.003241859011057182
DK000000,ELUB,PULS,0.003640125387807108
DK000000,ELUB,POTA,0.006331471232164959
DK000000,ELUB,SUGB,0.004595841845947041
DK000000,ELUB,MAIF,0.004986053988869902
DK000000,ELUB,OFAR,0.005052795692604948
DK000000,ELUB,OSET,0.001279702823391873
DK000000,ELUB,VSET,0.001108019875213238
DK000000,ELUB,FALL,0.0
DK000000,INPO,SWHE,0.1984018045698066
DK000000,INPO,RYEM,0.135773464651586
DK000000,INPO,BARL,0.1835672184773839
DK000000,INPO,OATS,0.1506600340560844
DK000000,INPO,OCER,0.1010506512083462
DK000000,INPO,RAPE,0.1901819710958746
DK000000,INPO,PULS,0.1360462735684347
DK000000,INPO,POTA,1.111620464261562
DK000000,INPO,SUGB,0.5805477253270865
DK000000,INPO,MAIF,0.2588730628156397
DK000000,INPO,OFAR,0.1655540339160558
DK000000,INPO,OSET,0.1827294743369117
DK000000,INPO,VSET,0.1731254503745343
DK000000,INPO,FALL,0.0
DE110000,SEED,SWHE,0.03466963720422805
DE110000,SEED,RYEM,0.02829387019539418
DE110000,SEED,BARL,0.03008172897801707
DE110000,SEED,OATS,0.02827138511007136
DE110000,SEED,MAIZ,0.04916439748902267
DE110000,SEED,OCER,0.05073711811511623
DE110000,SEED,RAPE,0.0368718529911458
DE110000,SEED,PULS,0.02521657267176279
DE110000,SEED,POTA,0.1200257135104981
DE110000,SEED,SUGB,0.08629547044220179
DE110000,SEED,MAIF,0.04635654216972755
DE110000,SEED,OFAR,0.05253307852371972
DE110000,SEED,OSET,0.0
DE110000,SEED,VSET,0.0
DE110000,SEED,FALL,0.0
DE110000,PLAP,SWHE,0.1024146817784842
DE110000,PLAP,RYEM,0.07628156202683554
DE110000,PLAP,BARL,0.08996600032431357
DE110000,PLAP,OATS,0.08098029264642494
DE110000,PLAP,MAIZ,0.1027671145156225
DE110000,PLAP,OCER,0.1099872846173165
DE110000,PLAP,RAPE,0.0978729391058268
DE110000,PLAP,PULS,0.03713246724523708
DE110000,PLAP,POTA,0.3048921824043911
DE110000,PLAP,SUGB,0.2409220926171163
DE110000,PLAP,MAIF,0.09689999791919714
DE110000,PLAP,OFAR,0.0878671233351408
DE110000,PLAP,OSET,0.0
DE110000,PLAP,VSET,0.0
DE110000,PLAP,FALL,0.0
DE110000,FERT,SWHE,2.781580466313006
DE110000,FERT,RYEM,2.213327398188894
DE110000,FERT,BARL,2.174539093727847
DE110000,FERT,OATS,4.939787399147837
DE110000,FERT,MAIZ,3.754590668879148
DE110000,FERT,OCER,6.702595661375919
DE110000,FERT,RAPE,2.777346449517021
DE110000,FERT,PULS,1.293501467193794
DE110000,FERT,POTA,3.304925239337735
DE110000,FERT,SUGB,5.672353067262307
DE110000,FERT,MAIF,4.46520397445018
DE110000,FERT,OFAR,2.246617611466792
DE110000,FERT,OSET,0.0
DE110000,FERT,VSET,0.0
DE110000,FERT,FALL,0.0
DE110000,REPM,SWHE,0.06212314360101832
DE110000,REPM,RYEM,0.04934392074697756
DE110000,REPM,BARL,0.05430344672988512
DE110000,REPM,OATS,0.04283286493935239
DE110000,REPM,MAIZ,0.09358261300238888
DE110000,REPM,OCER,0.06844146804820615
DE110000,REPM,RAPE,0.06648477499680291
DE110000,REPM,PULS,0.0399980499636487
DE110000,REPM,POTA,0.2675020129784551
DE110000,REPM,SUGB,0.1545299444317475
DE110000,REPM,MAIF,0.08613194802792246
DE110000,REPM,OFAR,0.1055862507868807
DE110000,REPM,OSET,0.04749657350428475
DE110000,REPM,VSET,0.1105479382786379
DE110000,REPM,FALL,0.0
DE110000,REPB,SWHE,0.02366097871406184
DE110000,REPB,RYEM,0.01876703563947115
DE110000,REPB,BARL,0.02087104466284651
DE110000,REPB,OATS,0.01719241543442657
DE110000,REPB,MAIZ,0.03229523242364845
DE110000,REPB,OCER,0.02521561843413461
DE110000,REPB,RAPE,0.02509433549164914
DE110000,REPB,PULS,0.01371658391294012
DE110000,REPB,POTA,0.09249498096394618
DE110000,REPB,SUGB,0.05916749806495235
DE110000,REPB,MAIF,0.03083870419262058
DE110000,REPB,OFAR,0.03571032846399227
DE110000,REPB,OSET,0.00929236447804924
DE110000,REPB,VSET,0.02442267081978999
DE110000,REPB,FALL,0.0
DE110000,ELEC,SWHE,0.00484040500562349
DE110000,ELEC,RYEM,0.004666593699492813
DE110000,ELEC,BARL,0.004914399099259469
DE110000,ELEC,OATS,0.002296990330082305
DE110000,ELEC,MAIZ,0.003553865486964051
DE110000,ELEC,OCER,0.00507663464586758
DE110000,ELEC,RAPE,0.004953187480224453
DE110000,ELEC,PULS,0.002384187260231466
DE110000,ELEC,POTA,0.002398867701111309
DE110000,ELEC,SUGB,0.003539983429511506
DE110000,ELEC,MAIF,0.005115035364008627
DE110000,ELEC,OFAR,0.003726709643292055
DE110000,ELEC,OSET,0.0
DE110000,ELEC,VSET,0.0
DE110000,ELEC,FALL,0.0
DE110000,EGAS,SWHE,0.0003593480220050262
DE110000,EGAS,RYEM,0.0003432830791981832
DE110000,EGAS,BARL,0.0003648305633289458
DE110000,EGAS,OATS,0.001288718250165906
DE110000,EGAS,MAIZ,0.001035097214777559
DE110000,EGAS,OCER,0.000822591780291009
DE110000,EGAS,RAPE,0.0003367902230493418
DE110000,EGAS,PULS,0.0
DE110000,EGAS,POTA,0.0
DE110000,EGAS,SUGB,0.0
DE110000,EGAS,MAIF,0.0
DE110000,EGAS,OFAR,0.0
DE110000,EGAS,OSET,0.0
DE110000,EGAS,VSET,0.0
DE110000,EGAS,FALL,0.0
DE110000,EFUL,SWHE,0.06903603610335092
DE110000,EFUL,RYEM,0.06843043492695343
DE110000,EFUL,BARL,0.06874699147250428
DE110000,EFUL,OATS,0.07312766080160621
DE110000,EFUL,MAIZ,0.07378045130525397
DE110000,EFUL,OCER,0.06678816938616378
DE110000,EFUL,RAPE,0.06094932531594723
DE110000,EFUL,PULS,0.04729464357113985
DE110000,EFUL,POTA,0.1338416373444452
DE110000,EFUL,SUGB,0.07706303189150804
DE110000,EFUL,MAIF,0.09006298240604593
DE110000,EFUL,OFAR,0.08154819382366296
DE110000,EFUL,OSET,0.07323743134381382
DE110000,EFUL,VSET,0.08321496955447027
DE110000,EFUL,FALL,0.0
DE110000,ELUB,SWHE,0.004670924592626654
DE110000,ELUB,RYEM,0.004846629620209741
DE110000,ELUB,BARL,0.004731328610019429
DE110000,ELUB,OATS,0.004996190165741002
DE110000,ELUB,MAIZ,0.00491119978386553
DE110000,ELUB,OCER,0.006738560501086623
DE110000,ELUB,RAPE,0.004102407692529714
DE110000,ELUB,PULS,0.005787732748286162
DE110000,ELUB,POTA,0.006630419669704662
DE110000,ELUB,SUGB,0.006319683841913668
DE110000,ELUB,MAIF,0.007130948840600045
DE110000,ELUB,OFAR,0.005530399066908335
DE110000,ELUB,OSET,0.001714974358589176
DE110000,ELUB,VSET,0.001998523185373302
DE110000,ELUB,FALL,0.0
DE110000,INPO,SWHE,0.1706616573489229
DE110000,INPO,RYEM,0.1262377342352415
DE110000,INPO,BARL,0.1453615391480253
DE110000,INPO,OATS,0.101966215136517
DE110000,INPO,MAIZ,0.313197198498322
DE110000,INPO,OCER,0.187280216826508
DE110000,INPO,RAPE,0.1837058762266651
DE110000,INPO,PULS,0.1004622125557488
DE110000,INPO,POTA,0.7708976945672619
DE110000,INPO,SUGB,0.4389017118053453
DE110000,INPO,MAIF,0.2706225678252439
DE110000,INPO,OFAR,0.3826696778317292
DE110000,INPO,OSET,0.1315513585517492
DE110000,INPO,VSET,0.2387381975695601
DE110000,INPO,FALL,0.0
DE120000,SEED,SWHE,0.03343907667875051
DE120000,SEED,RYEM,0.02490864693489038
DE120000,SEED,BARL,0.02841907120602835
DE120000,SEED,OATS,0.02868052701917788
DE120000,SEED,MAIZ,0.0498731664134332
DE120000,SEED,OCER,0.05455041125870212
DE120000,SEED,RAPE,0.03516655145869675
DE120000,SEED,PULS,0.02521655713623958
DE120000,SEED,POTA,0.117701523112571
DE120000,SEED,SUGB,0.08134109620462085
DE120000,SEED,MAIF,0.04714528451429391
DE120000,SEED,OFAR,0.05809889678884657
DE120000,SEED,OSET,0.0
DE120000,SEED,VSET,0.0
DE120000,SEED,FALL,0.0
DE120000,PLAP,SWHE,0.100219682666186
DE120000,PLAP,RYEM,0.06722774111618893
DE120000,PLAP,BARL,0.08693127410762025
DE120000,PLAP,OATS,0.07894741854200601
DE120000,PLAP,MAIZ,0.1036477483771946
DE120000,PLAP,OCER,0.1172238102071006
DE120000,PLAP,RAPE,0.09504096363726443
DE120000,PLAP,PULS,0.03713246891613945
DE120000,PLAP,POTA,0.2985329510368198
DE120000,PLAP,SUGB,0.232426913398267
DE120000,PLAP,MAIF,0.09795285949358998
DE120000,PLAP,OFAR,0.09344139747031151
DE120000,PLAP,OSET,0.0
DE120000,PLAP,VSET,0.0
DE120000,PLAP,FALL,0.0
DE120000,FERT,SWHE,2.628285252268949
DE120000,FERT,RYEM,1.931587584859345
DE120000,FERT,BARL,2.01795830028657
DE120000,FERT,OATS,4.981182950245405
DE120000,FERT,MAIZ,3.79455066323488
DE120000,FERT,OCER,6.703365353202667
DE120000,FERT,RAPE,2.6033761032242
DE120000,FERT,PULS,1.288259464057858
DE120000,FERT,POTA,3.359568548129356
DE120000,FERT,SUGB,5.361002704423806
DE120000,FERT,MAIF,4.531878391735376
DE120000,FERT,OFAR,2.522606102312513
DE120000,FERT,OSET,0.0
DE120000,FERT,VSET,0.0
DE120000,FERT,FALL,0.0
DE120000,REPM,SWHE,0.06162249759560623
DE120000,REPM,RYEM,0.04339015729128943
DE120000,REPM,BARL,0.05359290906054616
DE120000,REPM,OATS,0.0430257025049143
DE120000,REPM,MAIZ,0.09396743208274916
DE120000,REPM,OCER,0.07009194067055179
DE120000,REPM,RAPE,0.06576036563739268
DE120000,REPM,PULS,0.03999804273133472
DE120000,REPM,POTA,0.2745779417088142
DE120000,REPM,SUGB,0.1521906778416628
DE120000,REPM,MAIF,0.08648330682053529
DE120000,REPM,OFAR,0.1082351461872526
DE120000,REPM,OSET,0.04749657346659412
DE120000,REPM,VSET,0.1105479382931216
DE120000,REPM,FALL,0.0
DE120000,REPB,SWHE,0.0234699312952546
DE120000,REPB,RYEM,0.01650539220418452
DE120000,REPB,BARL,0.02059793702208715
DE120000,REPB,OATS,0.01726778181932303
DE120000,REPB,MAIZ,0.03242661572662407
DE120000,REPB,OCER,0.02334975468847252
DE120000,REPB,RAPE,0.02481951505194298
DE120000,REPB,PULS,0.01371658073511401
DE120000,REPB,POTA,0.08645672144923242
DE120000,REPB,SUGB,0.05827884427473533
DE120000,REPB,MAIF,0.03096514879177455
DE120000,REPB,OFAR,0.03660549043886491
DE120000,REPB,OSET,0.00929236565798472
DE120000,REPB,VSET,0.02442267012747371
DE120000,REPB,FALL,0.0
DE120000,ELEC,SWHE,0.00478028801676558
DE120000,ELEC,RYEM,0.004105784173208327
DE120000,ELEC,BARL,0.004816739942448181
DE120000,ELEC,OATS,0.002312812460893435
DE120000,ELEC,MAIZ,0.00357383108836432
DE120000,ELEC,OCER,0.005214436524936491
DE120000,ELEC,RAPE,0.004870311258135766
DE120000,ELEC,PULS,0.002384186866955942
DE120000,ELEC,POTA,0.002585266127295502
DE120000,ELEC,SUGB,0.003461437235368288
DE120000,ELEC,MAIF,0.005147751482485594
DE120000,ELEC,OFAR,0.003866759708349043
DE120000,ELEC,OSET,0.0
DE120000,ELEC,VSET,0.0
DE120000,ELEC,FALL,0.0
DE120000,EGAS,SWHE,0.0003548882376574205
DE120000,EGAS,RYEM,0.0003021780955837232
DE120000,EGAS,BARL,0.0003575871998217187
DE120000,EGAS,OATS,0.001296224361723225
DE120000,EGAS,MAIZ,0.00103904695059302
DE120000,EGAS,OCER,0.0009048658055975933
DE120000,EGAS,RAPE,0.0003312944751602138
DE120000,EGAS,PULS,0.0
DE120000,EGAS,POTA,0.0
DE120000,EGAS,SUGB,0.0
DE120000,EGAS,MAIF,0.0
DE120000,EGAS,OFAR,0.0
DE120000,EGAS,OSET,0.0
DE120000,EGAS,VSET,0.0
DE120000,EGAS,FALL,0.0
DE120000,EFUL,SWHE,0.0681725352537101
DE120000,EFUL,RYEM,0.06022244539759294
DE120000,EFUL,BARL,0.06737335231313263
DE120000,EFUL,OATS,0.0734870699494958
DE120000,EFUL,MAIZ,0.07419122020834641
DE120000,EFUL,OCER,0.07780600481078653
DE120000,EFUL,RAPE,0.05991334277901525
DE120000,EFUL,PULS,0.04729462519092001
DE120000,EFUL,POTA,0.1157796409090578
DE120000,EFUL,SUGB,0.07534857565772743
DE120000,EFUL,MAIF,0.0905991678164185
DE120000,EFUL,OFAR,0.08480805989920975
DE120000,EFUL,OSET,0.07323742997644464
DE120000,EFUL,VSET,0.083214969551637
DE120000,EFUL,FALL,0.0
DE120000,ELUB,SWHE,0.004613398825763888
DE120000,ELUB,RYEM,0.004260355358314896
DE120000,ELUB,BARL,0.00463769131155198
DE120000,ELUB,OATS,0.005028827088917641
DE120000,ELUB,MAIZ,0.004941145623909829
DE120000,ELUB,OCER,0.006918031526689724
DE120000,ELUB,RAPE,0.004036029317849726
DE120000,ELUB,PULS,0.005787731801245586
DE120000,ELUB,POTA,0.007342430654475139
DE120000,ELUB,SUGB,0.00617880913628932
DE120000,ELUB,MAIF,0.007175259114593948
DE120000,ELUB,OFAR,0.005742270496373256
DE120000,ELUB,OSET,0.001714974347709129
DE120000,ELUB,VSET,0.001998523174095961
DE120000,ELUB,FALL,0.0
DE120000,INPO,SWHE,0.1670246687978905
DE120000,INPO,RYEM,0.1111125504328463
DE120000,INPO,BARL,0.140454437090376
DE120000,INPO,OATS,0.102940477422956
DE120000,INPO,MAIZ,0.3158307657210911
DE120000,INPO,OCER,0.1950449391625467
DE120000,INPO,RAPE,0.1784580249610508
DE120000,INPO,PULS,0.1004621787262407
DE120000,INPO,POTA,0.7316947831103864
DE120000,INPO,SUGB,0.4230369698289158
DE120000,INPO,MAIF,0.273571076447192
DE120000,INPO,OFAR,0.4069428810980948
DE120000,INPO,OSET,0.1315513585903103
DE120000,INPO,VSET,0.2387381975726488
DE120000,INPO,FALL,0.0
DE130000,SEED,SWHE,0.0331436793943942
DE130000,SEED,BARL,0.02815404143333111
DE130000,SEED,OATS,0.02992005539664656
DE130000,SEED,MAIZ,0.05377648318027535
DE130000,SEED,OCER,0.05111304719733255
DE130000,SEED,RAPE,0.03623768095285269
DE130000,SEED,POTA,0.1172556863499454
DE130000,SEED,SUGB,0.0852576277241832
DE130000,SEED,MAIF,0.04869414568495078
DE130000,SEED,OFAR,0.04389206509507442
DE130000,SEED,OSET,0.0
DE130000,SEED,VSET,0.0
DE130000,SEED,FALL,0.0
DE130000,PLAP,SWHE,0.0996972362707908
DE130000,PLAP,BARL,0.08645508564617335
DE130000,PLAP,OATS,0.08114638961722367
DE130000,PLAP,MAIZ,0.1086581436959434
DE130000,PLAP,OCER,0.1105169666557482
DE130000,PLAP,RAPE,0.09689113552839017
DE130000,PLAP,POTA,0.2996400686284181
DE130000,PLAP,SUGB,0.2254212639228806
DE130000,PLAP,MAIF,0.0999870678666851
DE130000,PLAP,OFAR,0.07910954353153396
DE130000,PLAP,OSET,0.0
DE130000,PLAP,VSET,0.0
DE130000,PLAP,FALL,0.0
DE130000,FERT,SWHE,2.604574550881704
DE130000,FERT,BARL,1.99525489741961
DE130000,FERT,OATS,5.318365159399865
DE130000,FERT,MAIZ,4.162673559791588
DE130000,FERT,OCER,6.759966745798907
DE130000,FERT,RAPE,2.701344742050573
DE130000,FERT,POTA,3.346901903109764
DE130000,FERT,SUGB,5.711511253427265
DE130000,FERT,MAIF,4.719099384588993
DE130000,FERT,OFAR,1.786147024752667
DE130000,FERT,OSET,0.0
DE130000,FERT,VSET,0.0
DE130000,FERT,FALL,0.0
DE130000,REPM,SWHE,0.06150116392361987
DE130000,REPM,BARL,0.05347937279917561
DE130000,REPM,OATS,0.04354105850185286
DE130000,REPM,MAIZ,0.0957608729710985
DE130000,REPM,OCER,0.06866051782712619
DE130000,REPM,RAPE,0.06618827179455855
DE130000,REPM,POTA,0.2754954153817082
DE130000,REPM,SUGB,0.1616784533027478
DE130000,REPM,MAIF,0.0872640067787869
DE130000,REPM,OFAR,0.1015512657548603
DE130000,REPM,OSET,0.04749657349750831
DE130000,REPM,VSET,0.1105479382737363
DE130000,REPM,FALL,0.0
DE130000,REPB,SWHE,0.02342368709005395
DE130000,REPB,BARL,0.0205540241140264
DE130000,REPB,OATS,0.01747438332863282
DE130000,REPB,MAIZ,0.03304565073460233
DE130000,REPB,OCER,0.02529071662094773
DE130000,REPB,RAPE,0.02498442063245026
DE130000,REPB,POTA,0.08689236006492176
DE130000,REPB,SUGB,0.06076301641481865
DE130000,REPB,MAIF,0.03124383995515297
DE130000,REPB,OFAR,0.03434545094614842
DE130000,REPB,OSET,0.009292365468051275
DE130000,REPB,VSET,0.02442266954477507
DE130000,REPB,FALL,0.0
DE130000,ELEC,SWHE,0.004765896685931162
DE130000,ELEC,BARL,0.004801485355868741
DE130000,ELEC,OATS,0.002354013079099421
DE130000,ELEC,MAIZ,0.003676647959878057
DE130000,ELEC,OCER,0.005098650948659628
DE130000,ELEC,RAPE,0.004921301189410478
DE130000,ELEC,POTA,0.002610371237540457
DE130000,ELEC,SUGB,0.003738569156661447
DE130000,ELEC,MAIF,0.005214446863320034
DE130000,ELEC,OFAR,0.003509829182028336
DE130000,ELEC,OSET,0.0
DE130000,ELEC,VSET,0.0
DE130000,ELEC,FALL,0.0
DE130000,EGAS,SWHE,0.000353819150552096
DE130000,EGAS,BARL,0.0003564412466904863
DE130000,EGAS,OATS,0.001318840806671232
DE130000,EGAS,MAIZ,0.00106913838223366
DE130000,EGAS,OCER,0.0008231951838328303
DE130000,EGAS,RAPE,0.0003344993834598638
DE130000,EGAS,POTA,0.0
DE130000,EGAS,SUGB,0.0
DE130000,EGAS,MAIF,0.0
DE130000,EGAS,OFAR,0.0
DE130000,EGAS,OSET,0.0
DE130000,EGAS,VSET,0.0
DE130000,EGAS,FALL,0.0
DE130000,EFUL,SWHE,0.06796752714995742
DE130000,EFUL,BARL,0.0671726432043925
DE130000,EFUL,OATS,0.07473017156608602
DE130000,EFUL,MAIZ,0.07632387145379056
DE130000,EFUL,OCER,0.06723039969084318
DE130000,EFUL,RAPE,0.06056683493739272
DE130000,EFUL,POTA,0.124234216550912
DE130000,EFUL,SUGB,0.06367667728048443
DE130000,EFUL,MAIF,0.09183358531987823
DE130000,EFUL,OFAR,0.07687659068953556
DE130000,EFUL,OSET,0.07323742875593084
DE130000,EFUL,VSET,0.08321496945147125
DE130000,EFUL,FALL,0.0
DE130000,ELUB,SWHE,0.004599518844506194
DE130000,ELUB,BARL,0.004622552410331672
DE130000,ELUB,OATS,0.005117521490906425
DE130000,ELUB,MAIZ,0.005083203976706765
DE130000,ELUB,OCER,0.006768129438808038
DE130000,ELUB,RAPE,0.004073784840267411
DE130000,ELUB,POTA,0.007420836362966142
DE130000,ELUB,SUGB,0.006107503036689129
DE130000,ELUB,MAIF,0.007270309267855288
DE130000,ELUB,OFAR,0.005210133460529868
DE130000,ELUB,OSET,0.001714974338647371
DE130000,ELUB,VSET,0.001998523165337831
DE130000,ELUB,FALL,0.0
DE130000,INPO,SWHE,0.1661557422949505
DE130000,INPO,BARL,0.1397082046802058
DE130000,INPO,OATS,0.105829012558649
DE130000,INPO,MAIZ,0.3311052565054393
DE130000,INPO,OCER,0.1886498907333125
DE130000,INPO,RAPE,0.1817685403144704
DE130000,INPO,POTA,0.7281150340679478
DE130000,INPO,SUGB,0.45825443606061
DE130000,INPO,MAIF,0.2792411437739049
DE130000,INPO,OFAR,0.3446139313972451
DE130000,INPO,OSET,0.1315513585358764
DE130000,INPO,VSET,0.2387381975548944
DE130000,INPO,FALL,0.0
DE140000,SEED,SWHE,0.036027268255254
DE140000,SEED,RYEM,0.02935026758257242
DE140000,SEED,BARL,0.03013177999820439
DE140000,SEED,OATS,0.02888547655145008
DE140000,SEED,MAIZ,0.05189452788603283
DE140000,SEED,OCER,0.0524091279810548
DE140000,SEED,RAPE,0.03677602268273548
DE140000,SEED,PULS,0.02521665507124266
DE140000,SEED,POTA,0.1154058739605236
DE140000,SEED,MAIF,0.04683934035200453
DE140000,SEED,OFAR,0.04438954650256114
DE140000,SEED,OSET,0.0
DE140000,SEED,VSET,0.0
DE140000,SEED,FALL,0.0
DE140000,PLAP,SWHE,0.1047700115093934
DE140000,PLAP,RYEM,0.07906831036352835
DE140000,PLAP,BARL,0.08999136973353518
DE140000,PLAP,OATS,0.08212736559506037
DE140000,PLAP,MAIZ,0.1062447825155894
DE140000,PLAP,OCER,0.1125767393030137
DE140000,PLAP,RAPE,0.09775251225326745
DE140000,PLAP,PULS,0.03713245709188227
DE140000,PLAP,POTA,0.296789589529338
DE140000,PLAP,MAIF,0.09759061766614052
DE140000,PLAP,OFAR,0.07974012534727908
DE140000,PLAP,OSET,0.0
DE140000,PLAP,VSET,0.0
DE140000,PLAP,FALL,0.0
DE140000,FERT,SWHE,3.003454668994494
DE140000,FERT,RYEM,2.34995042254069
DE140000,FERT,BARL,2.26544481569744
DE140000,FERT,OATS,5.097468710067334
DE140000,FERT,MAIZ,4.123496732302574
DE140000,FERT,OCER,6.917239555655982
DE140000,FERT,RAPE,2.840348956123894
DE140000,FERT,PULS,1.314660259451996
DE140000,FERT,POTA,3.352149032314469
DE140000,FERT,MAIF,4.614073367445833
DE140000,FERT,OFAR,1.861596285986573
DE140000,FERT,OSET,0.0
DE140000,FERT,VSET,0.0
DE140000,FERT,FALL,0.0
DE140000,REPM,SWHE,0.062695825888752
DE140000,REPM,RYEM,0.05123565725714683
DE140000,REPM,BARL,0.05434367074808603
DE140000,REPM,OATS,0.04308354746370451
DE140000,REPM,MAIZ,0.0949228474822548
DE140000,REPM,OCER,0.06932077111317293
DE140000,REPM,RAPE,0.06642919587279456
DE140000,REPM,PULS,0.03999808890220161
DE140000,REPM,POTA,0.2743949436343227
DE140000,REPM,MAIF,0.08635844404144934
DE140000,REPM,OFAR,0.1017191934883276
DE140000,REPM,OSET,0.04749657346353983
DE140000,REPM,VSET,0.1105479380374719
DE140000,REPM,FALL,0.0
DE140000,REPB,SWHE,0.02387789554678692
DE140000,REPB,RYEM,0.01948333866323671
DE140000,REPB,BARL,0.02088461917467908
DE140000,REPB,OATS,0.01729308928460428
DE140000,REPB,MAIZ,0.03275549179300213
DE140000,REPB,OCER,0.02555104479821048
DE140000,REPB,RAPE,0.02507467855641998
DE140000,REPB,PULS,0.01371660138647882
DE140000,REPB,POTA,0.08649345971263857
DE140000,REPB,MAIF,0.03091908730832969
DE140000,REPB,OFAR,0.03440324725786011
DE140000,REPB,OSET,0.009292365283069717
DE140000,REPB,VSET,0.02442266850115811
DE140000,REPB,FALL,0.0
DE140000,ELEC,SWHE,0.004906596314807108
DE140000,ELEC,RYEM,0.004843357724959377
DE140000,ELEC,BARL,0.00491756847729654
DE140000,ELEC,OATS,0.002316846898041311
DE140000,ELEC,MAIZ,0.003627786482742608
DE140000,ELEC,OCER,0.005160320295736924
DE140000,ELEC,RAPE,0.004947935486971519
DE140000,ELEC,PULS,0.002384189346356054
DE140000,ELEC,POTA,0.002593240419980549
DE140000,ELEC,MAIF,0.005136275931089864
DE140000,ELEC,OFAR,0.003522095164042249
DE140000,ELEC,OSET,0.0
DE140000,ELEC,VSET,0.0
DE140000,ELEC,FALL,0.0
DE140000,EGAS,SWHE,0.0003642580292294561
DE140000,EGAS,RYEM,0.0003559961073277581
DE140000,EGAS,BARL,0.0003650554954353284
DE140000,EGAS,OATS,0.001299918529920761
DE140000,EGAS,MAIZ,0.0009251816298065387
DE140000,EGAS,OCER,0.0008386517031901109
DE140000,EGAS,RAPE,0.0003363462802209681
DE140000,EGAS,PULS,0.0
DE140000,EGAS,POTA,0.0
DE140000,EGAS,MAIF,0.0
DE140000,EGAS,OFAR,0.0
DE140000,EGAS,OSET,0.0
DE140000,EGAS,VSET,0.0
DE140000,EGAS,FALL,0.0
DE140000,EFUL,SWHE,0.06997564958033671
DE140000,EFUL,RYEM,0.07102953188391768
DE140000,EFUL,BARL,0.06878610650271227
DE140000,EFUL,OATS,0.07376680489724113
DE140000,EFUL,MAIZ,0.07531660577771351
DE140000,EFUL,OCER,0.06833986179069175
DE140000,EFUL,RAPE,0.06089215322175731
DE140000,EFUL,PULS,0.04729474099349448
DE140000,EFUL,POTA,0.1234854408021799
DE140000,EFUL,MAIF,0.09045618100929684
DE140000,EFUL,OFAR,0.07681943599435603
DE140000,EFUL,OSET,0.07323742639979071
DE140000,EFUL,VSET,0.08321496939743919
DE140000,EFUL,FALL,0.0
DE140000,ELUB,SWHE,0.004735679066897202
DE140000,ELUB,RYEM,0.005033146206083246
DE140000,ELUB,BARL,0.004735908781170392
DE140000,ELUB,OATS,0.005039469985614593
DE140000,ELUB,MAIZ,0.005016478241065246
DE140000,ELUB,OCER,0.006858597269258066
DE140000,ELUB,RAPE,0.004096527924064942
DE140000,ELUB,PULS,0.005787737631565744
DE140000,ELUB,POTA,0.007372970996678408
DE140000,ELUB,MAIF,0.00715895677063734
DE140000,ELUB,OFAR,0.005221492715439487
DE140000,ELUB,OSET,0.001714974322648455
DE140000,ELUB,VSET,0.001998523140997975
DE140000,ELUB,FALL,0.0
DE140000,INPO,SWHE,0.1746638756580562
DE140000,INPO,RYEM,0.1309926093404048
DE140000,INPO,BARL,0.1455227022980039
DE140000,INPO,OATS,0.1034052564687463
DE140000,INPO,MAIZ,0.3237144122763237
DE140000,INPO,OCER,0.1896417785481411
DE140000,INPO,RAPE,0.1834177117171827
DE140000,INPO,PULS,0.1004623899240665
DE140000,INPO,POTA,0.7213126042572546
DE140000,INPO,MAIF,0.27253181012966
DE140000,INPO,OFAR,0.3471581692551318
DE140000,INPO,OSET,0.131551358602941
DE140000,INPO,VSET,0.2387381975483602
DE140000,INPO,FALL,0.0
DE210000,SEED,SWHE,0.03522218406366068
DE210000,SEED,RYEM,0.02434544561061677
DE210000,SEED,BARL,0.03046907428679175
DE210000,SEED,OATS,0.02871962865652576
DE210000,SEED,MAIZ,0.05132446214265827
DE210000,SEED,OCER,0.05459641013096741
DE210000,SEED,RAPE,0.03827031251182933
DE210000,SEED,PULS,0.02521661824029077
DE210000,SEED,POTA,0.1272811453124869
DE210000,SEED,SUGB,0.09306065885887249
DE210000,SEED,MAIF,0.04868747229926842
DE210000,SEED,OFAR,0.04587781174354931
DE210000,SEED,OSET,0.0
DE210000,SEED,VSET,0.0
DE210000,SEED,FALL,0.0
DE210000,PLAP,SWHE,0.103341715041244
DE210000,PLAP,RYEM,0.06575203240935265
DE210000,PLAP,BARL,0.0907573542352525
DE210000,PLAP,OATS,0.081757894976493
DE210000,PLAP,MAIZ,0.1055052469975748
DE210000,PLAP,OCER,0.1184860814569697
DE210000,PLAP,RAPE,0.1002759546043954
DE210000,PLAP,PULS,0.0371324622538434
DE210000,PLAP,POTA,0.3156763095676949
DE210000,PLAP,SUGB,0.2528183268302105
DE210000,PLAP,MAIF,0.09997932949191508
DE210000,PLAP,OFAR,0.0811535688237997
DE210000,PLAP,OSET,0.0
DE210000,PLAP,VSET,0.0
DE210000,PLAP,FALL,0.0
DE210000,FERT,SWHE,2.863484503451161
DE210000,FERT,RYEM,1.909008895122595
DE210000,FERT,BARL,2.205805963939719
DE210000,FERT,OATS,5.168146580920521
DE210000,FERT,MAIZ,4.038984777670324
DE210000,FERT,OCER,6.9950596238653
DE210000,FERT,RAPE,2.959681920211424
DE210000,FERT,PULS,1.297355591545933
DE210000,FERT,POTA,3.54087699837874
DE210000,FERT,SUGB,6.090513694732046
DE210000,FERT,MAIF,4.743174827012916
DE210000,FERT,OFAR,1.906908752645351
DE210000,FERT,OSET,0.0
DE210000,FERT,VSET,0.0
DE210000,FERT,FALL,0.0
DE210000,REPM,SWHE,0.06236631218656516
DE210000,REPM,RYEM,0.04239602844437124
DE210000,REPM,BARL,0.05444884642352387
DE210000,REPM,OATS,0.04302996423321004
DE210000,REPM,MAIZ,0.09464417400248905
DE210000,REPM,OCER,0.07030649207183988
DE210000,REPM,RAPE,0.0670465914340396
DE210000,REPM,PULS,0.03999807145777824
DE210000,REPM,POTA,0.2711287258110155
DE210000,REPM,SUGB,0.1576536986762131
DE210000,REPM,MAIF,0.08728468045125726
DE210000,REPM,OFAR,0.1024798083068556
DE210000,REPM,OSET,0.04749657351737722
DE210000,REPM,VSET,0.1105479382655319
DE210000,REPM,FALL,0.0
DE210000,REPB,SWHE,0.02375224721398091
DE210000,REPB,RYEM,0.01612592520901351
DE210000,REPB,BARL,0.02092842131290557
DE210000,REPB,OATS,0.01727064991526329
DE210000,REPB,MAIZ,0.03265993436914039
DE210000,REPB,OCER,0.02579156726392608
DE210000,REPB,RAPE,0.02531067652986102
DE210000,REPB,PULS,0.0137165935851317
DE210000,REPB,POTA,0.0937510909939349
DE210000,REPB,SUGB,0.06035868308396279
DE210000,REPB,MAIF,0.03125031982944339
DE210000,REPB,OFAR,0.03465943688013627
DE210000,REPB,OSET,0.009292363998781621
DE210000,REPB,VSET,0.02442266746244825
DE210000,REPB,FALL,0.0
DE210000,ELEC,SWHE,0.004867337331482397
DE210000,ELEC,RYEM,0.00401296103839829
DE210000,ELEC,BARL,0.004937527784253253
DE210000,ELEC,OATS,0.002313043826776081
DE210000,ELEC,MAIZ,0.003612277543437
DE210000,ELEC,OCER,0.005321620721754743
DE210000,ELEC,RAPE,0.005019793417247213
DE210000,ELEC,PULS,0.00238418842846724
DE210000,ELEC,POTA,0.002449043762401618
DE210000,ELEC,SUGB,0.003646166751462533
DE210000,ELEC,MAIF,0.005214989184161842
DE210000,ELEC,OFAR,0.003559855972223116
DE210000,ELEC,OSET,0.0
DE210000,ELEC,VSET,0.0
DE210000,ELEC,FALL,0.0
DE210000,EGAS,SWHE,0.0003613431881892999
DE210000,EGAS,RYEM,0.0002948430940538393
DE210000,EGAS,BARL,0.0003665312612407032
DE210000,EGAS,OATS,0.001296910990783577
DE210000,EGAS,MAIZ,0.0009216327903522699
DE210000,EGAS,OCER,0.0008309997254948021
DE210000,EGAS,RAPE,0.0003410131650868305
DE210000,EGAS,PULS,0.0
DE210000,EGAS,POTA,0.0
DE210000,EGAS,SUGB,0.0
DE210000,EGAS,MAIF,0.0
DE210000,EGAS,OFAR,0.0
DE210000,EGAS,OSET,0.0
DE210000,EGAS,VSET,0.0
DE210000,EGAS,FALL,0.0
DE210000,EFUL,SWHE,0.06941493242316167
DE210000,EFUL,RYEM,0.05891966131196584
DE210000,EFUL,BARL,0.0691060745179282
DE210000,EFUL,OATS,0.07354319568198792
DE210000,EFUL,MAIZ,0.07498826898537281
DE210000,EFUL,OCER,0.0694053054219465
DE210000,EFUL,RAPE,0.06179732302077785
DE210000,EFUL,PULS,0.04729469701663913
DE210000,EFUL,POTA,0.1365851775198451
DE210000,EFUL,SUGB,0.07941530469476987
DE210000,EFUL,MAIF,0.09187712787491062
DE210000,EFUL,OFAR,0.07795522405785876
DE210000,EFUL,OSET,0.07323742452984323
DE210000,EFUL,VSET,0.08321496930581687
DE210000,EFUL,FALL,0.0
DE210000,ELUB,SWHE,0.004697913937173765
DE210000,ELUB,RYEM,0.004161477817184841
DE210000,ELUB,BARL,0.00475082159825632
DE210000,ELUB,OATS,0.005029882309243558
DE210000,ELUB,MAIZ,0.004994663118121172
DE210000,ELUB,OCER,0.007003613285967445
DE210000,ELUB,RAPE,0.004152264786739805
DE210000,ELUB,PULS,0.005787735447597213
DE210000,ELUB,POTA,0.006771100761172103
DE210000,ELUB,SUGB,0.006509197186582954
DE210000,ELUB,MAIF,0.00727207531445623
DE210000,ELUB,OFAR,0.005283973709053719
DE210000,ELUB,OSET,0.001714974306077231
DE210000,ELUB,VSET,0.001998523132535348
DE210000,ELUB,FALL,0.0
DE210000,INPO,SWHE,0.1722920067879802
DE210000,INPO,RYEM,0.1086631135042385
DE210000,INPO,BARL,0.1465610691491153
DE210000,INPO,OATS,0.1030104999793429
DE210000,INPO,MAIZ,0.3214854616683694
DE210000,INPO,OCER,0.2025473061351275
DE210000,INPO,RAPE,0.1880132049776934
DE210000,INPO,PULS,0.1004623107987043
DE210000,INPO,POTA,0.7982246057828403
DE210000,INPO,SUGB,0.4608973173695465
DE210000,INPO,MAIF,0.2792092070566296
DE210000,INPO,OFAR,0.3533886090416569
DE210000,INPO,OSET,0.1315513585956455
DE210000,INPO,VSET,0.2387381975310946
DE210000,INPO,FALL,0.0
DE220000,SEED,SWHE,0.03531742516652605
DE220000,SEED,RYEM,0.02445739208827729
DE220000,SEED,BARL,0.03215622900595185
DE220000,SEED,OATS,0.01983928331533469
DE220000,SEED,MAIZ,0.05247871856661464
DE220000,SEED,OCER,0.02451217181179859
DE220000,SEED,RAPE,0.03912636312938038
DE220000,SEED,SUNF,0.02857486733316611
DE220000,SEED,PULS,0.02521661825166438
DE220000,SEED,POTA,0.135492396455671
DE220000,SEED,SUGB,0.09682283682325715
DE220000,SEED,MAIF,0.04895602711312345
DE220000,SEED,OFAR,0.05009071938520803
DE220000,SEED,OSET,0.0
DE220000,SEED,VSET,0.0
DE220000,SEED,FALL,0.0
DE220000,PLAP,SWHE,0.1035537379374141
DE220000,PLAP,RYEM,0.0658787631646082
DE220000,PLAP,BARL,0.09360213958972766
DE220000,PLAP,OATS,0.06329477009096252
DE220000,PLAP,MAIZ,0.1070151377124086
DE220000,PLAP,OCER,0.06969356420390242
DE220000,PLAP,RAPE,0.1015424031617745
DE220000,PLAP,SUNF,0.05931041076008287
DE220000,PLAP,PULS,0.03713246226730184
DE220000,PLAP,POTA,0.3280145391637032
DE220000,PLAP,SUGB,0.2594760525269473
DE220000,PLAP,MAIF,0.1003420317306649
DE220000,PLAP,OFAR,0.08535169632531724
DE220000,PLAP,OSET,0.0
DE220000,PLAP,VSET,0.0
DE220000,PLAP,FALL,0.0
DE220000,FERT,SWHE,2.800011553621729
DE220000,FERT,RYEM,1.897773118988269
DE220000,FERT,BARL,2.36379860965178
DE220000,FERT,OATS,2.794180720226031
DE220000,FERT,MAIZ,4.050108638555358
DE220000,FERT,OCER,3.158488643785058
DE220000,FERT,RAPE,2.972829385394796
DE220000,FERT,SUNF,2.805395057710365
DE220000,FERT,PULS,1.27777299070783
DE220000,FERT,POTA,3.749653859792207
DE220000,FERT,SUGB,6.183590437619046
DE220000,FERT,MAIF,4.685563489009652
DE220000,FERT,OFAR,2.084555617434284
DE220000,FERT,OSET,0.0
DE220000,FERT,VSET,0.0
DE220000,FERT,FALL,0.0
DE220000,REPM,SWHE,0.06239139884785493
DE220000,REPM,RYEM,0.04268305724028851
DE220000,REPM,BARL,0.0552264354427645
DE220000,REPM,OATS,0.03550876950050087
DE220000,REPM,MAIZ,0.0951598759716579
DE220000,REPM,OCER,0.05286868903410744
DE220000,REPM,RAPE,0.06746936759034732
DE220000,REPM,SUNF,0.04553743140789918
DE220000,REPM,PULS,0.03999807145854219
DE220000,REPM,POTA,0.2751832425902889
DE220000,REPM,SUGB,0.1593696496625636
DE220000,REPM,MAIF,0.0874056749999499
DE220000,REPM,OFAR,0.1044863100606599
DE220000,REPM,OSET,0.04749657348035567
DE220000,REPM,VSET,0.110547938269687
DE220000,REPM,FALL,0.0
DE220000,REPB,SWHE,0.02376301871573296
DE220000,REPB,RYEM,0.01623315186519345
DE220000,REPB,BARL,0.02122294953139479
DE220000,REPB,OATS,0.01435863533538266
DE220000,REPB,MAIZ,0.03283805260374342
DE220000,REPB,OCER,0.0194146024365779
DE220000,REPB,RAPE,0.0254654599055658
DE220000,REPB,SUNF,0.01304249091707284
DE220000,REPB,PULS,0.0137165935813024
DE220000,REPB,POTA,0.09515193269722841
DE220000,REPB,SUGB,0.06101639981284428
DE220000,REPB,MAIF,0.03129377364534038
DE220000,REPB,OFAR,0.03533755449814346
DE220000,REPB,OSET,0.009292365698012992
DE220000,REPB,VSET,0.02442266869995814
DE220000,REPB,FALL,0.0
DE220000,ELEC,SWHE,0.004871974737127038
DE220000,ELEC,RYEM,0.004034932468938484
DE220000,ELEC,BARL,0.005035656071103333
DE220000,ELEC,OATS,0.002397562427253403
DE220000,ELEC,MAIZ,0.003642514490237247
DE220000,ELEC,OCER,0.003626564849066916
DE220000,ELEC,RAPE,0.005063730067316031
DE220000,ELEC,SUNF,0.001071965308808319
DE220000,ELEC,PULS,0.00238418842949991
DE220000,ELEC,POTA,0.002504206611270664
DE220000,ELEC,SUGB,0.003705075897445924
DE220000,ELEC,MAIF,0.005226247285894399
DE220000,ELEC,OFAR,0.003665766233328511
DE220000,ELEC,OSET,0.0
DE220000,ELEC,VSET,0.0
DE220000,ELEC,FALL,0.0
DE220000,EGAS,SWHE,0.0003616918120213691
DE220000,EGAS,RYEM,0.0002970484951936982
DE220000,EGAS,BARL,0.0003738489496433647
DE220000,EGAS,OATS,0.001007125511380689
DE220000,EGAS,MAIZ,0.001059042343638363
DE220000,EGAS,OCER,0.0008404040578838085
DE220000,EGAS,RAPE,0.0003443085112502274
DE220000,EGAS,SUNF,0.002112010722111177
DE220000,EGAS,PULS,0.0
DE220000,EGAS,POTA,0.0
DE220000,EGAS,SUGB,0.0
DE220000,EGAS,MAIF,0.0
DE220000,EGAS,OFAR,0.0
DE220000,EGAS,OSET,0.0
DE220000,EGAS,VSET,0.0
DE220000,EGAS,FALL,0.0
DE220000,EFUL,SWHE,0.06948526209039878
DE220000,EFUL,RYEM,0.05912685600067474
DE220000,EFUL,BARL,0.07039561972908816
DE220000,EFUL,OATS,0.08607216415788281
DE220000,EFUL,MAIZ,0.07562314728748352
DE220000,EFUL,OCER,0.0416933532000955
DE220000,EFUL,RAPE,0.06231193305825315
DE220000,EFUL,SUNF,0.06712059377830723
DE220000,EFUL,PULS,0.04729469646948189
DE220000,EFUL,POTA,0.1396996943107355
DE220000,EFUL,SUGB,0.08069790097929384
DE220000,EFUL,MAIF,0.09206720933258902
DE220000,EFUL,OFAR,0.08043204854961594
DE220000,EFUL,OSET,0.07323742704205277
DE220000,EFUL,VSET,0.08321496944622107
DE220000,EFUL,FALL,0.0
DE220000,ELUB,SWHE,0.004701513398225218
DE220000,ELUB,RYEM,0.004193827116252503
DE220000,ELUB,BARL,0.004852263729775886
DE220000,ELUB,OATS,0.003756338530259778
DE220000,ELUB,MAIZ,0.005035546586378771
DE220000,ELUB,OCER,0.004621751471257306
DE220000,ELUB,RAPE,0.004194144398624133
DE220000,ELUB,SUNF,0.00485521052273308
DE220000,ELUB,PULS,0.005787735454139122
DE220000,ELUB,POTA,0.006921708998589092
DE220000,ELUB,SUGB,0.006614300448731308
DE220000,ELUB,MAIF,0.007287284366486622
DE220000,ELUB,OFAR,0.005444489068370141
DE220000,ELUB,OSET,0.001714974325470125
DE220000,ELUB,VSET,0.001998523152025892
DE220000,ELUB,FALL,0.0
DE220000,INPO,SWHE,0.172568690077201
DE220000,INPO,RYEM,0.109094276554247
DE220000,INPO,BARL,0.1513920383033146
DE220000,INPO,OATS,0.06379253161271357
DE220000,INPO,MAIZ,0.3260855765992829
DE220000,INPO,OCER,0.1098275794041961
DE220000,INPO,RAPE,0.1906180535108937
DE220000,INPO,SUNF,0.064589994295897
DE220000,INPO,PULS,0.1004623108335439
DE220000,INPO,POTA,0.8293430522334195
DE220000,INPO,SUGB,0.4730014580853346
DE220000,INPO,MAIF,0.2802227898969608
DE220000,INPO,OFAR,0.3717347541435191
DE220000,INPO,OSET,0.1315513586012343
DE220000,INPO,VSET,0.2387381975418636
DE220000,INPO,FALL,0.0
DE230000,SEED,SWHE,0.03316128771480625
DE230000,SEED,RYEM,0.02458027906768901
DE230000,SEED,BARL,0.02863032366633761
DE230000,SEED,OATS,0.05580546337596032
DE230000,SEED,MAIZ,0.05038923279222339
DE230000,SEED,OCER,0.04719421658557823
DE230000,SEED,RAPE,0.03645332750446312
DE230000,SEED,PULS,0.02521661824974653
DE230000,SEED,POTA,0.1252604959960169
DE230000,SEED,SUGB,0.09632661925203308
DE230000,SEED,MAIF,0.04699247587839964
DE230000,SEED,OFAR,0.04987549881182115
DE230000,SEED,OSET,0.0
DE230000,SEED,VSET,0.0
DE230000,SEED,FALL,0.0
DE230000,PLAP,SWHE,0.09973059335675559
DE230000,PLAP,RYEM,0.06642621593706863
DE230000,PLAP,BARL,0.08739298289101938
DE230000,PLAP,OATS,0.1035179679933524
DE230000,PLAP,MAIZ,0.1043384562288745
DE230000,PLAP,OCER,0.09241612908148787
DE230000,PLAP,RAPE,0.09733840960442372
DE230000,PLAP,PULS,0.03713246237476336
DE230000,PLAP,POTA,0.3124784847331085
DE230000,PLAP,SUGB,0.258614493918243
DE230000,PLAP,MAIF,0.09778717267641682
DE230000,PLAP,OFAR,0.08512754909598638
DE230000,PLAP,OSET,0.0
DE230000,PLAP,VSET,0.0
DE230000,PLAP,FALL,0.0
DE230000,FERT,SWHE,2.613160112617951
DE230000,FERT,RYEM,1.884675965891464
DE230000,FERT,BARL,1.997809169074037
DE230000,FERT,OATS,6.341626497623734
DE230000,FERT,MAIZ,3.855845585496356
DE230000,FERT,OCER,6.341131096552543
DE230000,FERT,RAPE,2.725387392630901
DE230000,FERT,PULS,1.279885441865131
DE230000,FERT,POTA,3.412841964889026
DE230000,FERT,SUGB,6.16282109796516
DE230000,FERT,MAIF,4.464747899175063
DE230000,FERT,OFAR,2.076443678368135
DE230000,FERT,OSET,0.0
DE230000,FERT,VSET,0.0
DE230000,FERT,FALL,0.0
DE230000,REPM,SWHE,0.06150913547545915
DE230000,REPM,RYEM,0.0427818535669354
DE230000,REPM,BARL,0.05366554830389833
DE230000,REPM,OATS,0.05195835075141565
DE230000,REPM,MAIZ,0.09417741334372398
DE230000,REPM,OCER,0.07150640536220315
DE230000,REPM,RAPE,0.06624801647576245
DE230000,REPM,PULS,0.03999807140813399
DE230000,REPM,POTA,0.2701620634570223
DE230000,REPM,SUGB,0.1591398863836987
DE230000,REPM,MAIF,0.08641446506896071
DE230000,REPM,OFAR,0.1044058109842287
DE230000,REPM,OSET,0.04749657349548819
DE230000,REPM,VSET,0.1105479382722151
DE230000,REPM,FALL,0.0
DE230000,REPB,SWHE,0.02342647460327327
DE230000,REPB,RYEM,0.01627353362075602
DE230000,REPB,BARL,0.0206270329366744
DE230000,REPB,OATS,0.01866387433984866
DE230000,REPB,MAIZ,0.03249958361786523
DE230000,REPB,OCER,0.02388438146420113
DE230000,REPB,RAPE,0.02500984626098376
DE230000,REPB,PULS,0.01371659352792494
DE230000,REPB,POTA,0.09342165742142619
DE230000,REPB,SUGB,0.06092845015952915
DE230000,REPB,MAIF,0.03093998733073786
DE230000,REPB,OFAR,0.03530998726980844
DE230000,REPB,OSET,0.009292365645621421
DE230000,REPB,VSET,0.02442266897509664
DE230000,REPB,FALL,0.0
DE230000,ELEC,SWHE,0.004766932644905306
DE230000,ELEC,RYEM,0.004050669602609924
DE230000,ELEC,BARL,0.004829594809078123
DE230000,ELEC,OATS,0.003186900854454401
DE230000,ELEC,MAIZ,0.003586950366634597
DE230000,ELEC,OCER,0.005406745949126384
DE230000,ELEC,RAPE,0.004930665079469008
DE230000,ELEC,PULS,0.002384188429146794
DE230000,ELEC,POTA,0.002436848102771131
DE230000,ELEC,SUGB,0.003697242770323569
DE230000,ELEC,MAIF,0.005142073742492113
DE230000,ELEC,OFAR,0.003660627627056623
DE230000,ELEC,OSET,0.0
DE230000,ELEC,VSET,0.0
DE230000,ELEC,FALL,0.0
DE230000,EGAS,SWHE,0.0003538893819669609
DE230000,EGAS,RYEM,0.0002975567170857733
DE230000,EGAS,BARL,0.0003585214096220837
DE230000,EGAS,OATS,0.001669296167545894
DE230000,EGAS,MAIZ,0.001043559876752346
DE230000,EGAS,OCER,0.0009321071116892315
DE230000,EGAS,RAPE,0.0003348887226800883
DE230000,EGAS,PULS,0.0
DE230000,EGAS,POTA,0.0
DE230000,EGAS,SUGB,0.0
DE230000,EGAS,MAIF,0.0
DE230000,EGAS,OFAR,0.0
DE230000,EGAS,OSET,0.0
DE230000,EGAS,VSET,0.0
DE230000,EGAS,FALL,0.0
DE230000,EFUL,SWHE,0.06798883057391615
DE230000,EFUL,RYEM,0.05949261298396907
DE230000,EFUL,BARL,0.0675884209770133
DE230000,EFUL,OATS,0.07995203045214132
DE230000,EFUL,MAIZ,0.07447058771969157
DE230000,EFUL,OCER,0.07027471393895779
DE230000,EFUL,RAPE,0.0607081227065254
DE230000,EFUL,PULS,0.04729469639990988
DE230000,EFUL,POTA,0.1357673485962794
DE230000,EFUL,SUGB,0.08053055596576714
DE230000,EFUL,MAIF,0.09053167094779205
DE230000,EFUL,OFAR,0.0804161561973274
DE230000,EFUL,OSET,0.07323742759853238
DE230000,EFUL,VSET,0.08321496945140129
DE230000,EFUL,FALL,0.0
DE230000,ELUB,SWHE,0.004600324367455401
DE230000,ELUB,RYEM,0.00419844461099887
DE230000,ELUB,BARL,0.004647519794830624
DE230000,ELUB,OATS,0.006653382342417888
DE230000,ELUB,MAIZ,0.004957955731990906
DE230000,ELUB,OCER,0.007192836646416113
DE230000,ELUB,RAPE,0.004077449586288449
DE230000,ELUB,PULS,0.005787735463512435
DE230000,ELUB,POTA,0.006741267277146273
DE230000,ELUB,SUGB,0.006600267697633671
DE230000,ELUB,MAIF,0.007166455444949857
DE230000,ELUB,OFAR,0.005438867837931845
DE230000,ELUB,OSET,0.00171497432969877
DE230000,ELUB,VSET,0.001998523156307072
DE230000,ELUB,FALL,0.0
DE230000,INPO,SWHE,0.1662277916366571
DE230000,INPO,RYEM,0.1097162727467666
DE230000,INPO,BARL,0.141140587505935
DE230000,INPO,OATS,0.1388504904546117
DE230000,INPO,MAIZ,0.3179491602344361
DE230000,INPO,OCER,0.2004420480345768
DE230000,INPO,RAPE,0.1824704633612699
DE230000,INPO,PULS,0.1004623110410418
DE230000,INPO,POTA,0.790234403963934
DE230000,INPO,SUGB,0.471432152384181
DE230000,INPO,MAIF,0.2730899336656573
DE230000,INPO,OFAR,0.3707148300546146
DE230000,INPO,OSET,0.1315513585426606
DE230000,INPO,VSET,0.2387381975502827
DE230000,INPO,FALL,0.0
DE240000,SEED,SWHE,0.03180245279444218
DE240000,SEED,RYEM,0.02340290089455098
DE240000,SEED,BARL,0.02719650518924252
DE240000,SEED,OATS,0.0264911631993064
DE240000,SEED,OCER,0.04876532410893829
DE240000,SEED,RAPE,0.0363761854884495
DE240000,SEED,PULS,0.0252166182227238
DE240000,SEED,POTA,0.1175531643306686
DE240000,SEED,SUGB,0.07768498866107203
DE240000,SEED,MAIF,0.04604148332412639
DE240000,SEED,OFAR,0.04957054803587974
DE240000,SEED,OSET,0.0
DE240000,SEED,VSET,0.0
DE240000,SEED,FALL,0.0
DE240000,PLAP,SWHE,0.09734941729511555
DE240000,PLAP,RYEM,0.06324149874577635
DE240000,PLAP,BARL,0.08479203134033875
DE240000,PLAP,OATS,0.07761973994454063
DE240000,PLAP,OCER,0.1093393563118919
DE240000,PLAP,RAPE,0.09705685792236313
DE240000,PLAP,PULS,0.03713246227553436
DE240000,PLAP,POTA,0.2928958572009354
DE240000,PLAP,SUGB,0.2255126809027451
DE240000,PLAP,MAIF,0.09644286685397938
DE240000,PLAP,OFAR,0.08482690753405908
DE240000,PLAP,OSET,0.0
DE240000,PLAP,VSET,0.0
DE240000,PLAP,FALL,0.0
DE240000,FERT,SWHE,2.407685865761734
DE240000,FERT,RYEM,1.77144062587674
DE240000,FERT,BARL,1.856517768479739
DE240000,FERT,OATS,4.627295613217765
DE240000,FERT,OCER,6.352689042268948
DE240000,FERT,RAPE,2.684597024216346
DE240000,FERT,PULS,1.268152956601068
DE240000,FERT,POTA,3.150834960185503
DE240000,FERT,SUGB,5.03457247699539
DE240000,FERT,MAIF,4.305834753454849
DE240000,FERT,OFAR,2.035334839183658
DE240000,FERT,OSET,0.0
DE240000,FERT,VSET,0.0
DE240000,FERT,FALL,0.0
DE240000,REPM,SWHE,0.06094216420277851
DE240000,REPM,RYEM,0.04073415577278301
DE240000,REPM,BARL,0.0530487921887923
DE240000,REPM,OATS,0.04211450099758064
DE240000,REPM,OCER,0.0671946737307861
DE240000,REPM,RAPE,0.06627237836647387
DE240000,REPM,PULS,0.03999807143823617
DE240000,REPM,POTA,0.2707255611714759
DE240000,REPM,SUGB,0.1506598035887651
DE240000,REPM,MAIF,0.08600672166628827
DE240000,REPM,OFAR,0.1042593937446847
DE240000,REPM,OSET,0.04749657346236637
DE240000,REPM,VSET,0.1105479382733197
DE240000,REPM,FALL,0.0
DE240000,REPB,SWHE,0.02321141687278369
DE240000,REPB,RYEM,0.01549460024124894
DE240000,REPB,BARL,0.02039031752888924
DE240000,REPB,OATS,0.01690337275131167
DE240000,REPB,OCER,0.02464451694157046
DE240000,REPB,RAPE,0.02501381420828029
DE240000,REPB,PULS,0.01371659356818753
DE240000,REPB,POTA,0.08463750032842098
DE240000,REPB,SUGB,0.05767742759927792
DE240000,REPB,MAIF,0.03079356682315233
DE240000,REPB,OFAR,0.03526052114505242
DE240000,REPB,OSET,0.009292365189434229
DE240000,REPB,VSET,0.02442266775297408
DE240000,REPB,FALL,0.0
DE240000,ELEC,SWHE,0.004700485568199407
DE240000,ELEC,RYEM,0.003856701479505334
DE240000,ELEC,BARL,0.004745410690574406
DE240000,ELEC,OATS,0.002240351355990972
DE240000,ELEC,OCER,0.005016465185013745
DE240000,ELEC,RAPE,0.004929082488451215
DE240000,ELEC,PULS,0.00238418842773175
DE240000,ELEC,POTA,0.002493474615178995
DE240000,ELEC,SUGB,0.003405743906614208
DE240000,ELEC,MAIF,0.005101823923401459
DE240000,ELEC,OFAR,0.003652963915590583
DE240000,ELEC,OSET,0.0
DE240000,ELEC,VSET,0.0
DE240000,ELEC,FALL,0.0
DE240000,EGAS,SWHE,0.0003489676928087893
DE240000,EGAS,RYEM,0.0002833214369833304
DE240000,EGAS,BARL,0.0003522774620178003
DE240000,EGAS,OATS,0.001256259212531432
DE240000,EGAS,OCER,0.0007863224531158012
DE240000,EGAS,RAPE,0.0003351699422672887
DE240000,EGAS,PULS,0.0
DE240000,EGAS,POTA,0.0
DE240000,EGAS,SUGB,0.0
DE240000,EGAS,MAIF,0.0
DE240000,EGAS,OFAR,0.0
DE240000,EGAS,OSET,0.0
DE240000,EGAS,VSET,0.0
DE240000,EGAS,FALL,0.0
DE240000,EFUL,SWHE,0.0670370438672107
DE240000,EFUL,RYEM,0.0566417953642462
DE240000,EFUL,BARL,0.0664097657434878
DE240000,EFUL,OATS,0.07124433059184791
DE240000,EFUL,OCER,0.0638438783262004
DE240000,EFUL,RAPE,0.06065124790137395
DE240000,EFUL,PULS,0.04729469725064694
DE240000,EFUL,POTA,0.1337138855589207
DE240000,EFUL,SUGB,0.07416125625109517
DE240000,EFUL,MAIF,0.0898489031247936
DE240000,EFUL,OFAR,0.08023095331968128
DE240000,EFUL,OSET,0.07323742512519278
DE240000,EFUL,VSET,0.0832149693454131
DE240000,EFUL,FALL,0.0
DE240000,ELUB,SWHE,0.0045358938840854
DE240000,ELUB,RYEM,0.003997561147066184
DE240000,ELUB,BARL,0.004566284478440679
DE240000,ELUB,OATS,0.004871964526544648
DE240000,ELUB,OCER,0.006579155808458301
DE240000,ELUB,RAPE,0.004082796964569959
DE240000,ELUB,PULS,0.005787735450207996
DE240000,ELUB,POTA,0.00698599734010245
DE240000,ELUB,SUGB,0.006080557201045203
DE240000,ELUB,MAIF,0.007114674334624407
DE240000,ELUB,OFAR,0.005427129145780748
DE240000,ELUB,OSET,0.001714974310430617
DE240000,ELUB,VSET,0.001998523136745764
DE240000,ELUB,FALL,0.0
DE240000,INPO,SWHE,0.1622017695228218
DE240000,INPO,RYEM,0.1044596622997511
DE240000,INPO,BARL,0.1369155314806963
DE240000,INPO,OATS,0.09779048668048629
DE240000,INPO,OCER,0.185827893864942
DE240000,INPO,RAPE,0.182190250398027
DE240000,INPO,PULS,0.1004623107978272
DE240000,INPO,POTA,0.7434917513079697
DE240000,INPO,SUGB,0.4112612110661504
DE240000,INPO,MAIF,0.2693516802167353
DE240000,INPO,OFAR,0.3693946693199698
DE240000,INPO,OSET,0.1315513585442678
DE240000,INPO,VSET,0.2387381975363846
DE240000,INPO,FALL,0.0
DE250000,SEED,SWHE,0.02940635364014166
DE250000,SEED,RYEM,0.02202571121968157
DE250000,SEED,BARL,0.02995789696091864
DE250000,SEED,OATS,0.03315809673873649
DE250000,SEED,MAIZ,0.04679611744879623
DE250000,SEED,OCER,0.02095059337478907
DE250000,SEED,RAPE,0.03716409603278999
DE250000,SEED,PULS,0.02521661826407319
DE250000,SEED,POTA,0.1133046790391906
DE250000,SEED,SUGB,0.0835283214430743
DE250000,SEED,MAIF,0.04589463373144463
DE250000,SEED,OFAR,0.05148441350892771
DE250000,SEED,OSET,0.0
DE250000,SEED,VSET,0.0
DE250000,SEED,FALL,0.0
DE250000,PLAP,SWHE,0.09308695269161993
DE250000,PLAP,RYEM,0.05958474433250166
DE250000,PLAP,BARL,0.08973966696905439
DE250000,PLAP,OATS,0.05836897211310504
DE250000,PLAP,MAIZ,0.09817737901582702
DE250000,PLAP,OCER,0.06172366140138669
DE250000,PLAP,RAPE,0.09834088363538365
DE250000,PLAP,PULS,0.03713246243681739
DE250000,PLAP,POTA,0.2947808447930045
DE250000,PLAP,SUGB,0.2362174368921834
DE250000,PLAP,MAIF,0.09628076663514673
DE250000,PLAP,OFAR,0.0867653850853202
DE250000,PLAP,OSET,0.0
DE250000,PLAP,VSET,0.0
DE250000,PLAP,FALL,0.0
DE250000,FERT,SWHE,2.243278474263295
DE250000,FERT,RYEM,1.666421416814929
DE250000,FERT,BARL,2.128401774088948
DE250000,FERT,OATS,3.660279386558647
DE250000,FERT,MAIZ,3.620424636533419
DE250000,FERT,OCER,2.757657827969521
DE250000,FERT,RAPE,2.799029905531315
DE250000,FERT,PULS,1.279920688172158
DE250000,FERT,POTA,3.000655768722527
DE250000,FERT,SUGB,5.430428390511398
DE250000,FERT,MAIF,4.338220041382776
DE250000,FERT,OFAR,2.159754926061507
DE250000,FERT,OSET,0.0
DE250000,FERT,VSET,0.0
DE250000,FERT,FALL,0.0
DE250000,REPM,SWHE,0.05996625736333218
DE250000,REPM,RYEM,0.03829887432088896
DE250000,REPM,BARL,0.05425000120270746
DE250000,REPM,OATS,0.04070396371750112
DE250000,REPM,MAIZ,0.09719533773218016
DE250000,REPM,OCER,0.054867537892344
DE250000,REPM,RAPE,0.06661617850757942
DE250000,REPM,PULS,0.0399980713994449
DE250000,REPM,POTA,0.2641676414442486
DE250000,REPM,SUGB,0.153214527614802
DE250000,REPM,MAIF,0.08591417360671283
DE250000,REPM,OFAR,0.1051360176174561
DE250000,REPM,OSET,0.04749657352970076
DE250000,REPM,VSET,0.1105479382678975
DE250000,REPM,FALL,0.0
DE250000,REPB,SWHE,0.02283870645418194
DE250000,REPB,RYEM,0.01456975841770625
DE250000,REPB,BARL,0.02085050710923345
DE250000,REPB,OATS,0.01422010183439506
DE250000,REPB,MAIZ,0.03308200825442843
DE250000,REPB,OCER,0.02014214366174838
DE250000,REPB,RAPE,0.02514341613973868
DE250000,REPB,PULS,0.0137165935063044
DE250000,REPB,POTA,0.09134432995161998
DE250000,REPB,SUGB,0.05866825770427202
DE250000,REPB,MAIF,0.03076075285074657
DE250000,REPB,OFAR,0.03555733702537363
DE250000,REPB,OSET,0.009292364444456132
DE250000,REPB,VSET,0.02442266806549908
DE250000,REPB,FALL,0.0
DE250000,ELEC,SWHE,0.004583793493193621
DE250000,ELEC,RYEM,0.003628065068030247
DE250000,ELEC,BARL,0.004907035539629895
DE250000,ELEC,OATS,0.003560077956131671
DE250000,ELEC,MAIZ,0.003729799870394599
DE250000,ELEC,OCER,0.003878595326772748
DE250000,ELEC,RAPE,0.004967718745108081
DE250000,ELEC,PULS,0.002384188430461329
DE250000,ELEC,POTA,0.002353517157895652
DE250000,ELEC,SUGB,0.003495990349995298
DE250000,ELEC,MAIF,0.005095428865214809
DE250000,ELEC,OFAR,0.003700739445477821
DE250000,ELEC,OSET,0.0
DE250000,ELEC,VSET,0.0
DE250000,ELEC,FALL,0.0
DE250000,EGAS,SWHE,0.0003402948204769945
DE250000,EGAS,RYEM,0.000266458992264528
DE250000,EGAS,BARL,0.0003642877423662119
DE250000,EGAS,OATS,0.001204873495540275
DE250000,EGAS,MAIZ,0.0009423180564308762
DE250000,EGAS,OCER,0.0007242136394602751
DE250000,EGAS,RAPE,0.0003377930626824872
DE250000,EGAS,PULS,0.0
DE250000,EGAS,POTA,0.0
DE250000,EGAS,SUGB,0.0
DE250000,EGAS,MAIF,0.0
DE250000,EGAS,OFAR,0.0
DE250000,EGAS,OSET,0.0
DE250000,EGAS,VSET,0.0
DE250000,EGAS,FALL,0.0
DE250000,EFUL,SWHE,0.06537365349881828
DE250000,EFUL,RYEM,0.0533141838148289
DE250000,EFUL,BARL,0.06863945324361936
DE250000,EFUL,OATS,0.09796674178133624
DE250000,EFUL,MAIZ,0.06093552545676034
DE250000,EFUL,OCER,0.0451354037355382
DE250000,EFUL,RAPE,0.06112836869099206
DE250000,EFUL,PULS,0.04729469685689669
DE250000,EFUL,POTA,0.1312563008453649
DE250000,EFUL,SUGB,0.07610967715172855
DE250000,EFUL,MAIF,0.08971942184420698
DE250000,EFUL,OFAR,0.08117977511373092
DE250000,EFUL,OSET,0.07323742575546396
DE250000,EFUL,VSET,0.0832149693809985
DE250000,EFUL,FALL,0.0
DE250000,ELUB,SWHE,0.004423812663788212
DE250000,ELUB,RYEM,0.003757099710629872
DE250000,ELUB,BARL,0.004724385261701476
DE250000,ELUB,OATS,0.00490805422939271
DE250000,ELUB,MAIZ,0.004707602110079575
DE250000,ELUB,OCER,0.005477274791003009
DE250000,ELUB,RAPE,0.004114787211566008
DE250000,ELUB,PULS,0.005787735471616304
DE250000,ELUB,POTA,0.006505961779786275
DE250000,ELUB,SUGB,0.006240654327619467
DE250000,ELUB,MAIF,0.007103920350050324
DE250000,ELUB,OFAR,0.005496014054227671
DE250000,ELUB,OSET,0.001714974315512729
DE250000,ELUB,VSET,0.00199852314203052
DE250000,ELUB,FALL,0.0
DE250000,INPO,SWHE,0.1551600751837923
DE250000,INPO,RYEM,0.09831843763392246
DE250000,INPO,BARL,0.1449862790953331
DE250000,INPO,OATS,0.09150010880391367
DE250000,INPO,MAIZ,0.2967706118610786
DE250000,INPO,OCER,0.1218237328673503
DE250000,INPO,RAPE,0.184608113862891
DE250000,INPO,PULS,0.1004623111461452
DE250000,INPO,POTA,0.7453064426061615
DE250000,INPO,SUGB,0.4300892478954121
DE250000,INPO,MAIF,0.2688945632409372
DE250000,INPO,OFAR,0.3778774320812057
DE250000,INPO,OSET,0.1315513585032944
DE250000,INPO,VSET,0.2387381975381574
DE250000,INPO,FALL,0.0
DE260000,SEED,SWHE,0.03441753004884552
DE260000,SEED,DWHE,0.04012348357549329
DE260000,SEED,RYEM,0.02626064170941275
DE260000,SEED,BARL,0.03044866594572399
DE260000,SEED,OATS,0.0228391308463435
DE260000,SEED,MAIZ,0.04827513494103895
DE260000,SEED,OCER,0.0451789051482915
DE260000,SEED,RAPE,0.03588837441773497
DE260000,SEED,SUNF,0.02937068038947367
DE260000,SEED,PULS,0.02521661824514936
DE260000,SEED,POTA,0.1200527543935015
DE260000,SEED,SUGB,0.08339211646444859
DE260000,SEED,MAIF,0.04598732821073397
DE260000,SEED,OFAR,0.06819313133000107
DE260000,SEED,OSET,0.0
DE260000,SEED,VSET,0.0
DE260000,SEED,FALL,0.0
DE260000,PLAP,SWHE,0.1019991102662065
DE260000,PLAP,DWHE,0.08436201941846938
DE260000,PLAP,RYEM,0.07103363501573064
DE260000,PLAP,BARL,0.09073383295903645
DE260000,PLAP,OATS,0.07194564809732201
DE260000,PLAP,MAIZ,0.09972501043037263
DE260000,PLAP,OCER,0.103873379922252
DE260000,PLAP,RAPE,0.09638433637612354
DE260000,PLAP,SUNF,0.0617524187317717
DE260000,PLAP,PULS,0.03713246234501913
DE260000,PLAP,POTA,0.3038418396933688
DE260000,PLAP,SUGB,0.2361123025599422
DE260000,PLAP,MAIF,0.0964046209564739
DE260000,PLAP,OFAR,0.1038439398799329
DE260000,PLAP,OSET,0.0
DE260000,PLAP,VSET,0.0
DE260000,PLAP,FALL,0.0
DE260000,FERT,SWHE,2.673162741654041
DE260000,FERT,DWHE,2.70013022507906
DE260000,FERT,RYEM,1.971951017406319
DE260000,FERT,BARL,2.127117890099014
DE260000,FERT,OATS,4.587714389854151
DE260000,FERT,MAIZ,3.677280104700129
DE260000,FERT,OCER,5.865485305846157
DE260000,FERT,RAPE,2.66217920859069
DE260000,FERT,SUNF,2.617523576013316
DE260000,FERT,PULS,1.27364152528468
DE260000,FERT,POTA,3.37695037615307
DE260000,FERT,SUGB,5.396932214638896
DE260000,FERT,MAIF,4.326816369389011
DE260000,FERT,OFAR,3.007388998713249
DE260000,FERT,OSET,0.0
DE260000,FERT,VSET,0.0
DE260000,FERT,FALL,0.0
DE260000,REPM,SWHE,0.06200947613120765
DE260000,REPM,DWHE,0.04873334361561935
DE260000,REPM,RYEM,0.04566709886126412
DE260000,REPM,BARL,0.05443344209176525
DE260000,REPM,OATS,0.04034619685746506
DE260000,REPM,MAIZ,0.09717450134091161
DE260000,REPM,OCER,0.0631360652308904
DE260000,REPM,RAPE,0.06601106201396963
DE260000,REPM,SUNF,0.04688074870897576
DE260000,REPM,PULS,0.03999807141318489
DE260000,REPM,POTA,0.2771600514797228
DE260000,REPM,SUGB,0.153111625688727
DE260000,REPM,MAIF,0.08593704101048803
DE260000,REPM,OFAR,0.1128379785687693
DE260000,REPM,OSET,0.04749657350525498
DE260000,REPM,VSET,0.1105479382712252
DE260000,REPM,FALL,0.0
DE260000,REPB,SWHE,0.02361863989266915
DE260000,REPB,DWHE,0.01856666514660849
DE260000,REPB,RYEM,0.01737265584928721
DE260000,REPB,BARL,0.0209235348543025
DE260000,REPB,OATS,0.01621372045316728
DE260000,REPB,MAIZ,0.03291395431131798
DE260000,REPB,OCER,0.02324447638784501
DE260000,REPB,RAPE,0.02491995528838452
DE260000,REPB,SUNF,0.01704687314490074
DE260000,REPB,PULS,0.01371659353935757
DE260000,REPB,POTA,0.0874994076327824
DE260000,REPB,SUGB,0.05863305000631992
DE260000,REPB,MAIF,0.03076955003003759
DE260000,REPB,OFAR,0.0381643799300697
DE260000,REPB,OSET,0.009292364585777826
DE260000,REPB,VSET,0.02442266918834033
DE260000,REPB,FALL,0.0
DE260000,ELEC,SWHE,0.004828031872762447
DE260000,ELEC,DWHE,0.001014403770770292
DE260000,ELEC,RYEM,0.0043258266545316
DE260000,ELEC,BARL,0.004935797341099226
DE260000,ELEC,OATS,0.002094049182570791
DE260000,ELEC,MAIZ,0.003726924799078172
DE260000,ELEC,OCER,0.004946078785983816
DE260000,ELEC,RAPE,0.004903157810182229
DE260000,ELEC,SUNF,0.0009321659348628382
DE260000,ELEC,PULS,0.002384188428527471
DE260000,ELEC,POTA,0.00263631325675567
DE260000,ELEC,SUGB,0.003493355762672875
DE260000,ELEC,MAIF,0.005098661310944065
DE260000,ELEC,OFAR,0.004119496008918529
DE260000,ELEC,OSET,0.0
DE260000,ELEC,VSET,0.0
DE260000,ELEC,FALL,0.0
DE260000,EGAS,SWHE,0.0003584389622848172
DE260000,EGAS,DWHE,0.002001589199814087
DE260000,EGAS,RYEM,0.0003177189232561426
DE260000,EGAS,BARL,0.0003664282181122213
DE260000,EGAS,OATS,0.00118917399120216
DE260000,EGAS,MAIZ,0.0009463367734251413
DE260000,EGAS,OCER,0.0007208962784895523
DE260000,EGAS,RAPE,0.0003331104859548202
DE260000,EGAS,SUNF,0.001970334582618961
DE260000,EGAS,PULS,0.0
DE260000,EGAS,POTA,0.0
DE260000,EGAS,SUGB,0.0
DE260000,EGAS,MAIF,0.0
DE260000,EGAS,OFAR,0.0
DE260000,EGAS,OSET,0.0
DE260000,EGAS,VSET,0.0
DE260000,EGAS,FALL,0.0
DE260000,EFUL,SWHE,0.06886134172506271
DE260000,EFUL,DWHE,0.05060730708775228
DE260000,EFUL,RYEM,0.06356375065567374
DE260000,EFUL,BARL,0.06906423146721079
DE260000,EFUL,OATS,0.06823302627281651
DE260000,EFUL,MAIZ,0.06368055752849253
DE260000,EFUL,OCER,0.05226330302476798
DE260000,EFUL,RAPE,0.06035561976986094
DE260000,EFUL,SUNF,0.06758923369671356
DE260000,EFUL,PULS,0.04729469669609299
DE260000,EFUL,POTA,0.1253580459767053
DE260000,EFUL,SUGB,0.07604748118103587
DE260000,EFUL,MAIF,0.08974169468279264
DE260000,EFUL,OFAR,0.0897102071930761
DE260000,EFUL,OSET,0.07323742803397636
DE260000,EFUL,VSET,0.08321496948289786
DE260000,EFUL,FALL,0.0
DE260000,ELUB,SWHE,0.004658315036199365
DE260000,ELUB,DWHE,0.005825349362021206
DE260000,ELUB,RYEM,0.004480091588761452
DE260000,ELUB,BARL,0.004749285286115024
DE260000,ELUB,OATS,0.00457435167954928
DE260000,ELUB,MAIZ,0.005209125823756805
DE260000,ELUB,OCER,0.006042290745062387
DE260000,ELUB,RAPE,0.004056076443435072
DE260000,ELUB,SUNF,0.004508613327725034
DE260000,ELUB,PULS,0.005787735459686066
DE260000,ELUB,POTA,0.007497746443105385
DE260000,ELUB,SUGB,0.006235591014500849
DE260000,ELUB,MAIF,0.007107462292380991
DE260000,ELUB,OFAR,0.006104256196213716
DE260000,ELUB,OSET,0.001714974333123878
DE260000,ELUB,VSET,0.001998523159750151
DE260000,ELUB,FALL,0.0
DE260000,INPO,SWHE,0.16990870837761
DE260000,INPO,DWHE,0.08212918536051958
DE260000,INPO,RYEM,0.1172209246273717
DE260000,INPO,BARL,0.1464448143495305
DE260000,INPO,OATS,0.08913547718190601
DE260000,INPO,MAIZ,0.3016904839327843
DE260000,INPO,OCER,0.1755107583875603
DE260000,INPO,RAPE,0.1807056206604089
DE260000,INPO,SUNF,0.09922173735417572
DE260000,INPO,PULS,0.1004623109947513
DE260000,INPO,POTA,0.7383162157887871
DE260000,INPO,SUGB,0.4296761627082325
DE260000,INPO,MAIF,0.2692489794057339
DE260000,INPO,OFAR,0.4519664307051696
DE260000,INPO,OSET,0.1315513585072346
DE260000,INPO,VSET,0.2387381975505856
DE260000,INPO,FALL,0.0
DE270000,SEED,SWHE,0.03551934526051148
DE270000,SEED,RYEM,0.02554492855271389
DE270000,SEED,BARL,0.03176467407365476
DE270000,SEED,OATS,0.02888743375087811
DE270000,SEED,MAIZ,0.05240842070413054
DE270000,SEED,OCER,0.02911208917658167
DE270000,SEED,RAPE,0.03887439879936113
DE270000,SEED,PULS,0.02521661826241189
DE270000,SEED,POTA,0.1344662008542067
DE270000,SEED,SUGB,0.09384365867490774
DE270000,SEED,MAIF,0.04937911594796519
DE270000,SEED,OFAR,0.04359085787674402
DE270000,SEED,OSET,0.0
DE270000,SEED,VSET,0.0
DE270000,SEED,FALL,0.0
DE270000,PLAP,SWHE,0.1039377860170867
DE270000,PLAP,RYEM,0.068807304241184
DE270000,PLAP,BARL,0.09309924144953327
DE270000,PLAP,OATS,0.07693081230680696
DE270000,PLAP,MAIZ,0.1068775495729704
DE270000,PLAP,OCER,0.08124232619709945
DE270000,PLAP,RAPE,0.1012897069999541
DE270000,PLAP,PULS,0.03713246244970168
DE270000,PLAP,POTA,0.3261284014780675
DE270000,PLAP,SUGB,0.2540208818036321
DE270000,PLAP,MAIF,0.1009554537925003
DE270000,PLAP,OFAR,0.07887709105091374
DE270000,PLAP,OSET,0.0
DE270000,PLAP,VSET,0.0
DE270000,PLAP,FALL,0.0
DE270000,FERT,SWHE,2.903066660059597
DE270000,FERT,RYEM,2.032022849591779
DE270000,FERT,BARL,2.335716739059396
DE270000,FERT,OATS,4.295978976210836
DE270000,FERT,MAIZ,4.131763508262994
DE270000,FERT,OCER,4.637689605852697
DE270000,FERT,RAPE,3.01007332134634
DE270000,FERT,PULS,1.314241172824513
DE270000,FERT,POTA,3.845156639547338
DE270000,FERT,SUGB,6.168470319589326
DE270000,FERT,MAIF,4.865572996449108
DE270000,FERT,OFAR,1.804567193756578
DE270000,FERT,OSET,0.0
DE270000,FERT,VSET,0.0
DE270000,FERT,FALL,0.0
DE270000,REPM,SWHE,0.06246648332166321
DE270000,REPM,RYEM,0.04458177746450598
DE270000,REPM,BARL,0.0550084304054212
DE270000,REPM,OATS,0.03806394001314341
DE270000,REPM,MAIZ,0.09517662315096102
DE270000,REPM,OCER,0.04580627603232622
DE270000,REPM,RAPE,0.06729924558336131
DE270000,REPM,PULS,0.03999807137805236
DE270000,REPM,POTA,0.27481398388344
DE270000,REPM,SUGB,0.1580599350159653
DE270000,REPM,MAIF,0.08758548122033176
DE270000,REPM,OFAR,0.1013942516030418
DE270000,REPM,OSET,0.04749657347018994
DE270000,REPM,VSET,0.1105479382721207
DE270000,REPM,FALL,0.0
DE270000,REPB,SWHE,0.02379220205274465
DE270000,REPB,RYEM,0.01695515753133599
DE270000,REPB,BARL,0.02114298614360958
DE270000,REPB,OATS,0.01542467357354636
DE270000,REPB,MAIZ,0.03284289218480407
DE270000,REPB,OCER,0.01680524582844838
DE270000,REPB,RAPE,0.0254068853708269
DE270000,REPB,PULS,0.01371659349410027
DE270000,REPB,POTA,0.09503223515749812
DE270000,REPB,SUGB,0.06051007926110319
DE270000,REPB,MAIF,0.03135812995516656
DE270000,REPB,OFAR,0.03429248865777923
DE270000,REPB,OSET,0.009292365049678918
DE270000,REPB,VSET,0.02442266891302831
DE270000,REPB,FALL,0.0
DE270000,ELEC,SWHE,0.004881916687340191
DE270000,ELEC,RYEM,0.004214406361754072
DE270000,ELEC,BARL,0.005013607366669799
DE270000,ELEC,OATS,0.002917030122724327
DE270000,ELEC,MAIZ,0.003641554915962064
DE270000,ELEC,OCER,0.003378172228183836
DE270000,ELEC,RAPE,0.005049007079136993
DE270000,ELEC,PULS,0.002384188429749345
DE270000,ELEC,POTA,0.002501659248915902
DE270000,ELEC,SUGB,0.003659064294021067
DE270000,ELEC,MAIF,0.005244380405911985
DE270000,ELEC,OFAR,0.003502424923909578
DE270000,ELEC,OSET,0.0
DE270000,ELEC,VSET,0.0
DE270000,ELEC,FALL,0.0
DE270000,EGAS,SWHE,0.000362428553629537
DE270000,EGAS,RYEM,0.0003102477288068556
DE270000,EGAS,BARL,0.0003721734422216051
DE270000,EGAS,OATS,0.001119576072349317
DE270000,EGAS,MAIZ,0.0009286367789720273
DE270000,EGAS,OCER,0.0008088003900188869
DE270000,EGAS,RAPE,0.0003429219077849001
DE270000,EGAS,PULS,0.0
DE270000,EGAS,POTA,0.0
DE270000,EGAS,SUGB,0.0
DE270000,EGAS,MAIF,0.0
DE270000,EGAS,OFAR,0.0
DE270000,EGAS,OSET,0.0
DE270000,EGAS,VSET,0.0
DE270000,EGAS,FALL,0.0
DE270000,EFUL,SWHE,0.06963320941850962
DE270000,EFUL,RYEM,0.06175774529345612
DE270000,EFUL,BARL,0.07016977925285123
DE270000,EFUL,OATS,0.08116028390564789
DE270000,EFUL,MAIZ,0.07559394314166275
DE270000,EFUL,OCER,0.06336623056933532
DE270000,EFUL,RAPE,0.06216530171665149
DE270000,EFUL,PULS,0.04729469570320002
DE270000,EFUL,POTA,0.1393046205580116
DE270000,EFUL,SUGB,0.07968770557266583
DE270000,EFUL,MAIF,0.09238072043832674
DE270000,EFUL,OFAR,0.0766289879397043
DE270000,EFUL,OSET,0.07323742747354267
DE270000,EFUL,VSET,0.08321496950554497
DE270000,EFUL,FALL,0.0
DE270000,ELUB,SWHE,0.004710485695549652
DE270000,ELUB,RYEM,0.004380395177902766
DE270000,ELUB,BARL,0.004824457058453049
DE270000,ELUB,OATS,0.004186793509702661
DE270000,ELUB,MAIZ,0.005036496712164561
DE270000,ELUB,OCER,0.004176515975350783
DE270000,ELUB,RAPE,0.004175211619952077
DE270000,ELUB,PULS,0.005787735473423898
DE270000,ELUB,POTA,0.006925952419424442
DE270000,ELUB,SUGB,0.006532730601091731
DE270000,ELUB,MAIF,0.007310099260455648
DE270000,ELUB,OFAR,0.005197275625544806
DE270000,ELUB,OSET,0.001714974328767233
DE270000,ELUB,VSET,0.001998523155367208
DE270000,ELUB,FALL,0.0
DE270000,INPO,SWHE,0.1731726401435762
DE270000,INPO,RYEM,0.113947236459792
DE270000,INPO,BARL,0.1503784561599325
DE270000,INPO,OATS,0.07579810383699351
DE270000,INPO,MAIZ,0.3256411062872627
DE270000,INPO,OCER,0.1061994460873384
DE270000,INPO,RAPE,0.1898767676696753
DE270000,INPO,PULS,0.1004623112114959
DE270000,INPO,POTA,0.8250262635773966
DE270000,INPO,SUGB,0.4633026502250794
DE270000,INPO,MAIF,0.2819222297815741
DE270000,INPO,OFAR,0.3434196183181175
DE270000,INPO,OSET,0.1315513586383222
DE270000,INPO,VSET,0.238738197547562
DE270000,INPO,FALL,0.0
DE400000,SEED,SWHE,0.03307671713513348
DE400000,SEED,RYEM,0.02282905552615879
DE400000,SEED,BARL,0.02842315110541589
DE400000,SEED,OATS,0.00983575821409957
DE400000,SEED,MAIZ,0.04542149732708857
DE400000,SEED,OCER,0.01445824191457942
DE400000,SEED,RAPE,0.02920475424963754
DE400000,SEED,SUNF,0.0214413556254162
DE400000,SEED,PULS,0.02521661804870975
DE400000,SEED,POTA,0.1153183015188696
DE400000,SEED,SUGB,0.07330497613379229
DE400000,SEED,MAIF,0.03611634168522813
DE400000,SEED,OFAR,0.06411752572292626
DE400000,SEED,OSET,0.0
DE400000,SEED,VSET,0.0
DE400000,SEED,FALL,0.0
DE400000,PLAP,SWHE,0.0994726017236292
DE400000,PLAP,RYEM,0.06148713930931578
DE400000,PLAP,BARL,0.0868266204678101
DE400000,PLAP,OATS,0.04822472619143101
DE400000,PLAP,MAIZ,0.09799782552625819
DE400000,PLAP,OCER,0.05337827757004597
DE400000,PLAP,RAPE,0.08503577452538541
DE400000,PLAP,SUNF,0.05069437309341402
DE400000,PLAP,PULS,0.03713246216099278
DE400000,PLAP,POTA,0.297429207947046
DE400000,PLAP,SUGB,0.2175166015660663
DE400000,PLAP,MAIF,0.08329345175423288
DE400000,PLAP,OFAR,0.09952604088174838
DE400000,PLAP,OSET,0.0
DE400000,PLAP,VSET,0.0
DE400000,PLAP,FALL,0.0
DE400000,FERT,SWHE,2.665376630292928
DE400000,FERT,RYEM,1.859184484910182
DE400000,FERT,BARL,2.156569696221796
DE400000,FERT,OATS,1.217714369561972
DE400000,FERT,MAIZ,3.380854997265874
DE400000,FERT,OCER,1.243284210576133
DE400000,FERT,RAPE,2.091235236353649
DE400000,FERT,SUNF,1.862956756999762
DE400000,FERT,PULS,1.318471386954219
DE400000,FERT,POTA,3.202528278812577
DE400000,FERT,SUGB,4.958792900028024
DE400000,FERT,MAIF,3.298355712859076
DE400000,FERT,OFAR,2.876197864739584
DE400000,FERT,OSET,0.0
DE400000,FERT,VSET,0.0
DE400000,FERT,FALL,0.0
DE400000,REPM,SWHE,0.06150450039852789
DE400000,REPM,RYEM,0.03985076946248341
DE400000,REPM,BARL,0.05362289294126364
DE400000,REPM,OATS,0.03495824394277217
DE400000,REPM,MAIZ,0.09188458946864261
DE400000,REPM,OCER,0.04871688272683303
DE400000,REPM,RAPE,0.0633140724232987
DE400000,REPM,SUNF,0.04333441062504763
DE400000,REPM,PULS,0.03999807131863127
DE400000,REPM,POTA,0.2652916869533817
DE400000,REPM,SUGB,0.1487244357576493
DE400000,REPM,MAIF,0.08127933380125546
DE400000,REPM,OFAR,0.111061778307374
DE400000,REPM,OSET,0.04749657348571028
DE400000,REPM,VSET,0.1105479384925274
DE400000,REPM,FALL,0.0
DE400000,REPB,SWHE,0.0234226228810053
DE400000,REPB,RYEM,0.01515449525320678
DE400000,REPB,BARL,0.02060702106737194
DE400000,REPB,OATS,0.01401804831312737
DE400000,REPB,MAIZ,0.0317079490383891
DE400000,REPB,OCER,0.01778081390926291
DE400000,REPB,RAPE,0.02387939037354768
DE400000,REPB,SUNF,0.01577583178541712
DE400000,REPB,PULS,0.0137165935024562
DE400000,REPB,POTA,0.09174159340378907
DE400000,REPB,SUGB,0.05693047247497923
DE400000,REPB,MAIF,0.02910011817411445
DE400000,REPB,OFAR,0.03756138032245186
DE400000,REPB,OSET,0.009292365324808177
DE400000,REPB,VSET,0.02442266813851009
DE400000,REPB,FALL,0.0
DE400000,ELEC,SWHE,0.004762259228255152
DE400000,ELEC,RYEM,0.003767006889632873
DE400000,ELEC,BARL,0.004816739681342088
DE400000,ELEC,OATS,0.001894718310670044
DE400000,ELEC,MAIZ,0.003456144348076738
DE400000,ELEC,OCER,0.003193676738390747
DE400000,ELEC,RAPE,0.004586596748123069
DE400000,ELEC,SUNF,0.000833537236194621
DE400000,ELEC,PULS,0.0023841884216482
DE400000,ELEC,POTA,0.002371397805995182
DE400000,ELEC,SUGB,0.003338053104916548
DE400000,ELEC,MAIF,0.004681680343147118
DE400000,ELEC,OFAR,0.0040179547403087
DE400000,ELEC,OSET,0.0
DE400000,ELEC,VSET,0.0
DE400000,ELEC,FALL,0.0
DE400000,EGAS,SWHE,0.0003535510069790086
DE400000,EGAS,RYEM,0.0002770932082470758
DE400000,EGAS,BARL,0.0003575955843550239
DE400000,EGAS,OATS,0.0009510734060796368
DE400000,EGAS,MAIZ,0.001005223269507543
DE400000,EGAS,OCER,0.0006570122428149409
DE400000,EGAS,RAPE,0.0003125990888216989
DE400000,EGAS,SUNF,0.001757659937142287
DE400000,EGAS,PULS,0.0
DE400000,EGAS,POTA,0.0
DE400000,EGAS,SUGB,0.0
DE400000,EGAS,MAIF,0.0
DE400000,EGAS,OFAR,0.0
DE400000,EGAS,OSET,0.0
DE400000,EGAS,VSET,0.0
DE400000,EGAS,FALL,0.0
DE400000,EFUL,SWHE,0.06789080900014398
DE400000,EFUL,RYEM,0.0552210404264095
DE400000,EFUL,BARL,0.06733871616784429
DE400000,EFUL,OATS,0.0593527644562357
DE400000,EFUL,MAIZ,0.07176770216293406
DE400000,EFUL,OCER,0.03970252098706947
DE400000,EFUL,RAPE,0.05642541238358793
DE400000,EFUL,SUNF,0.06008042870875602
DE400000,EFUL,PULS,0.04729469651134222
DE400000,EFUL,POTA,0.1319861757597142
DE400000,EFUL,SUGB,0.07266548420960546
DE400000,EFUL,MAIF,0.08248146587718624
DE400000,EFUL,OFAR,0.0881459560708368
DE400000,EFUL,OSET,0.07323742594661496
DE400000,EFUL,VSET,0.08321496935129616
DE400000,EFUL,FALL,0.0
DE400000,ELUB,SWHE,0.004598509367461865
DE400000,ELUB,RYEM,0.003915359039435038
DE400000,ELUB,BARL,0.004640982447338072
DE400000,ELUB,OATS,0.003655200360491036
DE400000,ELUB,MAIZ,0.004776340621064952
DE400000,ELUB,OCER,0.004048398633332602
DE400000,ELUB,RAPE,0.003813102723114236
DE400000,ELUB,SUNF,0.004020635880404464
DE400000,ELUB,PULS,0.00578773544149485
DE400000,ELUB,POTA,0.006565873362398087
DE400000,ELUB,SUGB,0.005960538494428965
DE400000,ELUB,MAIF,0.006529654483027083
DE400000,ELUB,OFAR,0.005967257260005725
DE400000,ELUB,OSET,0.001714974320542232
DE400000,ELUB,VSET,0.001998523149731836
DE400000,ELUB,FALL,0.0
DE400000,INPO,SWHE,0.1659233370964753
DE400000,INPO,RYEM,0.1018627356562315
DE400000,INPO,BARL,0.1404203899540698
DE400000,INPO,OATS,0.06066683350560019
DE400000,INPO,MAIZ,0.2986062694982453
DE400000,INPO,OCER,0.08870189127304834
DE400000,INPO,RAPE,0.1604438043913008
DE400000,INPO,SUNF,0.06389242784500117
DE400000,INPO,PULS,0.1004623104220387
DE400000,INPO,POTA,0.7524010447860126
DE400000,INPO,SUGB,0.3969602768661391
DE400000,INPO,MAIF,0.2326180366048997
DE400000,INPO,OFAR,0.4333798759899585
DE400000,INPO,OSET,0.1315513585470381
DE400000,INPO,VSET,0.2387381975542925
DE400000,INPO,FALL,0.0
DE710000,SEED,SWHE,0.03952989157115752
DE710000,SEED,RYEM,0.02749546817529238
DE710000,SEED,BARL,0.0312812371182758
DE710000,SEED,OATS,0.02935120325556693
DE710000,SEED,MAIZ,0.05323580576844391
DE710000,SEED,OCER,0.056989242146923
DE710000,SEED,RAPE,0.04017348145700503
DE710000,SEED,PULS,0.02521663684266146
DE710000,SEED,POTA,0.1401449264433225
DE710000,SEED,SUGB,0.08493329118297455
DE710000,SEED,MAIF,0.04760773311075414
DE710000,SEED,OFAR,0.1000270666117338
DE710000,SEED,OSET,0.0
DE710000,SEED,VSET,0.0
DE710000,SEED,FALL,0.0
DE710000,PLAP,SWHE,0.1108646516935387
DE710000,PLAP,RYEM,0.07410191645136889
DE710000,PLAP,BARL,0.09215203365843777
DE710000,PLAP,OATS,0.07549261329261239
DE710000,PLAP,MAIZ,0.1079453796307158
DE710000,PLAP,OCER,0.1325373251240878
DE710000,PLAP,RAPE,0.1032007107978117
DE710000,PLAP,PULS,0.03713247642759933
DE710000,PLAP,POTA,0.3344777993260977
DE710000,PLAP,SUGB,0.2383294481872174
DE710000,PLAP,MAIF,0.0985715858184884
DE710000,PLAP,OFAR,0.1108283922628688
DE710000,PLAP,OSET,0.0
DE710000,PLAP,VSET,0.0
DE710000,PLAP,FALL,0.0
DE710000,FERT,SWHE,3.270045204623507
DE710000,FERT,RYEM,2.170575621306222
DE710000,FERT,BARL,2.274710860487919
DE710000,FERT,OATS,5.083974520873154
DE710000,FERT,MAIZ,4.141193409487202
DE710000,FERT,OCER,7.599071070027247
DE710000,FERT,RAPE,3.080135958145838
DE710000,FERT,PULS,1.288120899230591
DE710000,FERT,POTA,4.031654893740551
DE710000,FERT,SUGB,5.602204647150497
DE710000,FERT,MAIF,4.618687131007595
DE710000,FERT,OFAR,4.730676035435277
DE710000,FERT,OSET,0.0
DE710000,FERT,VSET,0.0
DE710000,FERT,FALL,0.0
DE710000,REPM,SWHE,0.0641615051992963
DE710000,REPM,RYEM,0.04796459637339589
DE710000,REPM,BARL,0.05481498469549283
DE710000,REPM,OATS,0.04959529010365942
DE710000,REPM,MAIZ,0.09552095651107825
DE710000,REPM,OCER,0.0674643983210563
DE710000,REPM,RAPE,0.06793869297813808
DE710000,REPM,PULS,0.03999808037601196
DE710000,REPM,POTA,0.277640403832395
DE710000,REPM,SUGB,0.1539595116649539
DE710000,REPM,MAIF,0.0867481105378672
DE710000,REPM,OFAR,0.1294073081671158
DE710000,REPM,OSET,0.04749657346364759
DE710000,REPM,VSET,0.1105479383013545
DE710000,REPM,FALL,0.0
DE710000,REPB,SWHE,0.02443473258961222
DE710000,REPB,RYEM,0.01824211677391008
DE710000,REPB,BARL,0.02106805492424917
DE710000,REPB,OATS,0.01950331483126179
DE710000,REPB,MAIZ,0.03296280057966329
DE710000,REPB,OCER,0.02459552662386781
DE710000,REPB,RAPE,0.0256418282276722
DE710000,REPB,PULS,0.01371659727798034
DE710000,REPB,POTA,0.09601383941657904
DE710000,REPB,SUGB,0.05894412741278633
DE710000,REPB,MAIF,0.03105837829414743
DE710000,REPB,OFAR,0.04373399544008111
DE710000,REPB,OSET,0.00929236546181306
DE710000,REPB,VSET,0.02442266835329333
DE710000,REPB,FALL,0.0
DE710000,ELEC,SWHE,0.005076633754510543
DE710000,ELEC,RYEM,0.004535401732598778
DE710000,ELEC,BARL,0.004984479647717734
DE710000,ELEC,OATS,0.003114824114548068
DE710000,ELEC,MAIZ,0.003662478278480653
DE710000,ELEC,OCER,0.00551058029105535
DE710000,ELEC,RAPE,0.005115213853395602
DE710000,ELEC,PULS,0.002384188972454742
DE710000,ELEC,POTA,0.00254112979059503
DE710000,ELEC,SUGB,0.003519242321253715
DE710000,ELEC,MAIF,0.005168940738281057
DE710000,ELEC,OFAR,0.004944194863608253
DE710000,ELEC,OSET,0.0
DE710000,ELEC,VSET,0.0
DE710000,ELEC,FALL,0.0
DE710000,EGAS,SWHE,0.0003768994451324841
DE710000,EGAS,RYEM,0.0003337361348773253
DE710000,EGAS,BARL,0.0003700473587567497
DE710000,EGAS,OATS,0.001489809640649876
DE710000,EGAS,MAIZ,0.001064898278109997
DE710000,EGAS,OCER,0.000681140449686013
DE710000,EGAS,RAPE,0.0003479472881420881
DE710000,EGAS,PULS,0.0
DE710000,EGAS,POTA,0.0
DE710000,EGAS,SUGB,0.0
DE710000,EGAS,MAIF,0.0
DE710000,EGAS,OFAR,0.0
DE710000,EGAS,OSET,0.0
DE710000,EGAS,VSET,0.0
DE710000,EGAS,FALL,0.0
DE710000,EFUL,SWHE,0.07236459812345332
DE710000,EFUL,RYEM,0.06648821601966999
DE710000,EFUL,BARL,0.06971714363932498
DE710000,EFUL,OATS,0.09618522416227149
DE710000,EFUL,MAIZ,0.07602520122315158
DE710000,EFUL,OCER,0.07357267492222125
DE710000,EFUL,RAPE,0.06292601325831676
DE710000,EFUL,PULS,0.04729471909015859
DE710000,EFUL,POTA,0.1413825907858957
DE710000,EFUL,SUGB,0.07661158991691201
DE710000,EFUL,MAIF,0.09104551933735588
DE710000,EFUL,OFAR,0.1151966420104488
DE710000,EFUL,OSET,0.0732374260435861
DE710000,EFUL,VSET,0.08321496940427499
DE710000,EFUL,FALL,0.0
DE710000,ELUB,SWHE,0.004902305423649153
DE710000,ELUB,RYEM,0.004711825505760761
DE710000,ELUB,BARL,0.004798985504855055
DE710000,ELUB,OATS,0.006151605511481195
DE710000,ELUB,MAIZ,0.005064172486890835
DE710000,ELUB,OCER,0.006596090915279717
DE710000,ELUB,RAPE,0.004238840052406261
DE710000,ELUB,PULS,0.005787736804276343
DE710000,ELUB,POTA,0.007036894327265675
DE710000,ELUB,SUGB,0.006283137229972125
DE710000,ELUB,MAIF,0.007206411584120017
DE710000,ELUB,OFAR,0.007477823437653106
DE710000,ELUB,OSET,0.001714974318565056
DE710000,ELUB,VSET,0.001998523145049999
DE710000,ELUB,FALL,0.0
DE710000,INPO,SWHE,0.1849040554767855
DE710000,INPO,RYEM,0.1226640786430778
DE710000,INPO,BARL,0.1488589862352953
DE710000,INPO,OATS,0.1042404347822873
DE710000,INPO,MAIZ,0.3289358266550244
DE710000,INPO,OCER,0.2217384491307203
DE710000,INPO,RAPE,0.1937716424011777
DE710000,INPO,PULS,0.1004623513792657
DE710000,INPO,POTA,0.8461251274682592
DE710000,INPO,SUGB,0.4344325846255029
DE710000,INPO,MAIF,0.2752771434441863
DE710000,INPO,OFAR,0.5860712211531652
DE710000,INPO,OSET,0.1315513586245158
DE710000,INPO,VSET,0.238738197635089
DE710000,INPO,FALL,0.0
DE720000,SEED,SWHE,0.03925613644706578
DE720000,SEED,RYEM,0.03250659707700143
DE720000,SEED,BARL,0.03180850246199583
DE720000,SEED,OATS,0.02867271199601997
DE720000,SEED,OCER,0.0618232513481375
DE720000,SEED,RAPE,0.03730812795912758
DE720000,SEED,PULS,0.02521659676684249
DE720000,SEED,SUGB,0.0860977271787594
DE720000,SEED,MAIF,0.05016898791340246
DE720000,SEED,OFAR,0.09118047622605452
DE720000,SEED,OSET,0.0
DE720000,SEED,VSET,0.0
DE720000,SEED,FALL,0.0
DE720000,PLAP,SWHE,0.1104066670575616
DE720000,PLAP,RYEM,0.0873586237289271
DE720000,PLAP,BARL,0.09311986610234077
DE720000,PLAP,OATS,0.08396273039562738
DE720000,PLAP,OCER,0.1248530212562461
DE720000,PLAP,RAPE,0.09863763434711273
DE720000,PLAP,PULS,0.03713244602191526
DE720000,PLAP,SUGB,0.2403517101967367
DE720000,PLAP,MAIF,0.101963765384203
DE720000,PLAP,OFAR,0.1037347198985467
DE720000,PLAP,OSET,0.0
DE720000,PLAP,VSET,0.0
DE720000,PLAP,FALL,0.0
DE720000,FERT,SWHE,3.24293401056389
DE720000,FERT,RYEM,2.581552203244956
DE720000,FERT,BARL,2.337198080434885
DE720000,FERT,OATS,5.931362142909232
DE720000,FERT,OCER,7.468561826659604
DE720000,FERT,RAPE,2.816930274664947
DE720000,FERT,PULS,1.287577368187264
DE720000,FERT,SUGB,5.674642463995597
DE720000,FERT,MAIF,4.921870588879379
DE720000,FERT,OFAR,4.276279074947904
DE720000,FERT,OSET,0.0
DE720000,FERT,VSET,0.0
DE720000,FERT,FALL,0.0
DE720000,REPM,SWHE,0.06404133322361386
DE720000,REPM,RYEM,0.05684816475068562
DE720000,REPM,BARL,0.05504041778522374
DE720000,REPM,OATS,0.05536169575824822
DE720000,REPM,OCER,0.07314922097550079
DE720000,REPM,RAPE,0.06665110499879023
DE720000,REPM,PULS,0.03999806117722482
DE720000,REPM,SUGB,0.1545147084525918
DE720000,REPM,MAIF,0.08797648636614831
DE720000,REPM,OFAR,0.1251231052513723
DE720000,REPM,OSET,0.04749657352621023
DE720000,REPM,VSET,0.1105479382630742
DE720000,REPM,FALL,0.0
DE720000,REPB,SWHE,0.02438950396637905
DE720000,REPB,RYEM,0.02161661222896335
DE720000,REPB,BARL,0.02115441469907945
DE720000,REPB,OATS,0.02162155042082551
DE720000,REPB,OCER,0.026686631921969
DE720000,REPB,RAPE,0.02515959064426403
DE720000,REPB,PULS,0.0137165892776164
DE720000,REPB,SUGB,0.05915264243840623
DE720000,REPB,MAIF,0.03149812826026065
DE720000,REPB,OFAR,0.04228634871818911
DE720000,REPB,OSET,0.00929236576913629
DE720000,REPB,VSET,0.02442266668094299
DE720000,REPB,FALL,0.0
DE720000,ELEC,SWHE,0.005063382637398476
DE720000,ELEC,RYEM,0.005367802884067949
DE720000,ELEC,BARL,0.005015740586098602
DE720000,ELEC,OATS,0.003583291334005151
DE720000,ELEC,OCER,0.005648226030768758
DE720000,ELEC,RAPE,0.004973419174965086
DE720000,ELEC,PULS,0.002384187800548173
DE720000,ELEC,SUGB,0.00353763338918347
DE720000,ELEC,MAIF,0.005277623781155802
DE720000,ELEC,OFAR,0.004722555430229263
DE720000,ELEC,OSET,0.0
DE720000,ELEC,VSET,0.0
DE720000,ELEC,FALL,0.0
DE720000,EGAS,SWHE,0.0003759144422852559
DE720000,EGAS,RYEM,0.0003955209542933335
DE720000,EGAS,BARL,0.0003723512901164464
DE720000,EGAS,OATS,0.001695240736177643
DE720000,EGAS,OCER,0.0008154080420155372
DE720000,EGAS,RAPE,0.0003380488867998157
DE720000,EGAS,PULS,0.0
DE720000,EGAS,SUGB,0.0
DE720000,EGAS,MAIF,0.0
DE720000,EGAS,OFAR,0.0
DE720000,EGAS,OSET,0.0
DE720000,EGAS,VSET,0.0
DE720000,EGAS,FALL,0.0
DE720000,EFUL,SWHE,0.07218169183251608
DE720000,EFUL,RYEM,0.0785570664280286
DE720000,EFUL,BARL,0.07016918736213074
DE720000,EFUL,OATS,0.1094411780957292
DE720000,EFUL,OCER,0.07403184707007113
DE720000,EFUL,RAPE,0.06120428818140546
DE720000,EFUL,PULS,0.04729467179060293
DE720000,EFUL,SUGB,0.07704139513152534
DE720000,EFUL,MAIF,0.09296334658797181
DE720000,EFUL,OFAR,0.1095954083585508
DE720000,EFUL,OSET,0.07323742294394735
DE720000,EFUL,VSET,0.08321496944229262
DE720000,EFUL,FALL,0.0
DE720000,ELUB,SWHE,0.004888915127507583
DE720000,ELUB,RYEM,0.005589963140963078
DE720000,ELUB,BARL,0.004828549703361366
DE720000,ELUB,OATS,0.007131337964467518
DE720000,ELUB,OCER,0.007389161473935632
DE720000,ELUB,RAPE,0.004116867769458275
DE720000,ELUB,PULS,0.005787733901061497
DE720000,ELUB,SUGB,0.006315975953410439
DE720000,ELUB,MAIF,0.007358153192342516
DE720000,ELUB,OFAR,0.007132528118529201
DE720000,ELUB,OSET,0.001714974293856672
DE720000,ELUB,VSET,0.001998523120239681
DE720000,ELUB,FALL,0.0
DE720000,INPO,SWHE,0.184106942509044
DE720000,INPO,RYEM,0.1449635343924187
DE720000,INPO,BARL,0.1504485060481795
DE720000,INPO,OATS,0.1197445563792059
DE720000,INPO,OCER,0.1585397061918897
DE720000,INPO,RAPE,0.1850244889908052
DE720000,INPO,PULS,0.1004622640113664
DE720000,INPO,SUGB,0.4383728958608795
DE720000,INPO,MAIF,0.2847505803024343
DE720000,INPO,OFAR,0.5480364828659237
DE720000,INPO,OSET,0.1315513582335865
DE720000,INPO,VSET,0.2387381975227276
DE720000,INPO,FALL,0.0
DE730000,SEED,SWHE,0.04020092257917241
DE730000,SEED,RYEM,0.03172318599801753
DE730000,SEED,BARL,0.03340256900236159
DE730000,SEED,OATS,0.03332610340302272
DE730000,SEED,OCER,0.04402245910288206
DE730000,SEED,RAPE,0.03794270732493354
DE730000,SEED,PULS,0.02521662042258547
DE730000,SEED,SUGB,0.0863287366117807
DE730000,SEED,MAIF,0.04906768240728056
DE730000,SEED,OFAR,0.07794470240142268
DE730000,SEED,OSET,0.0
DE730000,SEED,VSET,0.0
DE730000,SEED,FALL,0.0
DE730000,PLAP,SWHE,0.1120455664588053
DE730000,PLAP,RYEM,0.08553237157311595
DE730000,PLAP,BARL,0.09603247910569165
DE730000,PLAP,OATS,0.0905979045775501
DE730000,PLAP,OCER,0.1122944035804433
DE730000,PLAP,RAPE,0.09957410676354767
DE730000,PLAP,PULS,0.03713246395883902
DE730000,PLAP,SUGB,0.240307480778576
DE730000,PLAP,MAIF,0.1005122995556048
DE730000,PLAP,OFAR,0.04749285572569289
DE730000,PLAP,OSET,0.0
DE730000,PLAP,VSET,0.0
DE730000,PLAP,FALL,0.0
DE730000,FERT,SWHE,3.282747859093725
DE730000,FERT,RYEM,2.445030939083827
DE730000,FERT,BARL,2.41941419563687
DE730000,FERT,OATS,7.181191447545051
DE730000,FERT,OCER,7.748794687023482
DE730000,FERT,RAPE,2.832778514943092
DE730000,FERT,PULS,1.273297990310382
DE730000,FERT,SUGB,5.595410117003081
DE730000,FERT,MAIF,4.715672622983853
DE730000,FERT,OFAR,2.711756290400392
DE730000,FERT,OSET,0.0
DE730000,FERT,VSET,0.0
DE730000,FERT,FALL,0.0
DE730000,REPM,SWHE,0.06443901912986785
DE730000,REPM,RYEM,0.05532399275972731
DE730000,REPM,BARL,0.05571732178102836
DE730000,REPM,OATS,0.06151661175151193
DE730000,REPM,OCER,0.07847410432059243
DE730000,REPM,RAPE,0.06696137802721483
DE730000,REPM,PULS,0.03999807248878558
DE730000,REPM,SUGB,0.154737768951181
DE730000,REPM,MAIF,0.08741463089116217
DE730000,REPM,OFAR,0.1319344338663452
DE730000,REPM,OSET,0.04749657347433195
DE730000,REPM,VSET,0.1105479382696114
DE730000,REPM,FALL,0.0
DE730000,REPB,SWHE,0.02454033064429971
DE730000,REPB,RYEM,0.02104106178353413
DE730000,REPB,BARL,0.02141560765691482
DE730000,REPB,OATS,0.02392633770367727
DE730000,REPB,OCER,0.02589340451019807
DE730000,REPB,RAPE,0.02527386763740438
DE730000,REPB,PULS,0.01371659399301017
DE730000,REPB,SUGB,0.0592282892716627
DE730000,REPB,MAIF,0.03129821331337585
DE730000,REPB,OFAR,0.04430821829277824
DE730000,REPB,OSET,0.009292365442332525
DE730000,REPB,VSET,0.02442266847795393
DE730000,REPB,FALL,0.0
DE730000,ELEC,SWHE,0.005109330993425392
DE730000,ELEC,RYEM,0.005232285723411376
DE730000,ELEC,BARL,0.005108720153580662
DE730000,ELEC,OATS,0.004093791679317912
DE730000,ELEC,OCER,0.006207961439093185
DE730000,ELEC,RAPE,0.005005629155374659
DE730000,ELEC,PULS,0.00238418849163989
DE730000,ELEC,SUGB,0.003542849513990976
DE730000,ELEC,MAIF,0.005229894232374436
DE730000,ELEC,OFAR,0.005032199589027725
DE730000,ELEC,OSET,0.0
DE730000,ELEC,VSET,0.0
DE730000,ELEC,FALL,0.0
DE730000,EGAS,SWHE,0.0003793271226661696
DE730000,EGAS,RYEM,0.0003848023808749211
DE730000,EGAS,BARL,0.0003792806588618465
DE730000,EGAS,OATS,0.001919321567165959
DE730000,EGAS,OCER,0.0007135917733990093
DE730000,EGAS,RAPE,0.0003404892265459
DE730000,EGAS,PULS,0.0
DE730000,EGAS,SUGB,0.0
DE730000,EGAS,MAIF,0.0
DE730000,EGAS,OFAR,0.0
DE730000,EGAS,OSET,0.0
DE730000,EGAS,VSET,0.0
DE730000,EGAS,FALL,0.0
DE730000,EFUL,SWHE,0.0728297367144609
DE730000,EFUL,RYEM,0.07673677977526061
DE730000,EFUL,BARL,0.07145304264833807
DE730000,EFUL,OATS,0.12171988623925
DE730000,EFUL,OCER,0.08595994276795813
DE730000,EFUL,RAPE,0.06157355480147171
DE730000,EFUL,PULS,0.04729469924166771
DE730000,EFUL,SUGB,0.0771267378374175
DE730000,EFUL,MAIF,0.09208313697723172
DE730000,EFUL,OFAR,0.1449830797706066
DE730000,EFUL,OSET,0.07323742659080208
DE730000,EFUL,VSET,0.0832149694180539
DE730000,EFUL,FALL,0.0
DE730000,ELUB,SWHE,0.004933974435940406
DE730000,ELUB,RYEM,0.005433782360489779
DE730000,ELUB,BARL,0.004918184510782242
DE730000,ELUB,OATS,0.008218304881887835
DE730000,ELUB,OCER,0.008135754804525754
DE730000,ELUB,RAPE,0.004147701623377621
DE730000,ELUB,PULS,0.005787735614100089
DE730000,ELUB,SUGB,0.006326602285093927
DE730000,ELUB,MAIF,0.007289752569445645
DE730000,ELUB,OFAR,0.007848649024134634
DE730000,ELUB,OSET,0.001714974321962382
DE730000,ELUB,VSET,0.001998523148518383
DE730000,ELUB,FALL,0.0
DE730000,INPO,SWHE,0.1868788127397663
DE730000,INPO,RYEM,0.1415510132180189
DE730000,INPO,BARL,0.1550815213291337
DE730000,INPO,OATS,0.1089337854749792
DE730000,INPO,OCER,0.1551816424966508
DE730000,INPO,RAPE,0.1869210979711363
DE730000,INPO,PULS,0.1004623156306993
DE730000,INPO,SUGB,0.4387623171245791
DE730000,INPO,MAIF,0.2807067596179095
DE730000,INPO,OFAR,0.4719478645366036
DE730000,INPO,OSET,0.1315513586142777
DE730000,INPO,VSET,0.2387381975427203
DE730000,INPO,FALL,0.0
DE800000,SEED,SWHE,0.03951973061621161
DE800000,SEED,RYEM,0.03030720869428219
DE800000,SEED,BARL,0.03464696734405347
DE800000,SEED,OATS,0.01075321914363436
DE800000,SEED,MAIZ,0.04560416445492756
DE800000,SEED,OCER,0.0306121724108441
DE800000,SEED,RAPE,0.03969655170575521
DE800000,SEED,PULS,0.02521661807260261
DE800000,SEED,POTA,0.1295384964305152
DE800000,SEED,SUGB,0.0753535021993185
DE800000,SEED,MAIF,0.03965208087788115
DE800000,SEED,OFAR,0.07041134120173721
DE800000,SEED,OSET,0.0
DE800000,SEED,VSET,0.0
DE800000,SEED,FALL,0.0
DE800000,PLAP,SWHE,0.1108454558773852
DE800000,PLAP,RYEM,0.0817405879915202
DE800000,PLAP,BARL,0.09801723995090722
DE800000,PLAP,OATS,0.05077496853544694
DE800000,PLAP,MAIZ,0.09818279222283638
DE800000,PLAP,OCER,0.05560785785802504
DE800000,PLAP,RAPE,0.1023005475347819
DE800000,PLAP,PULS,0.03713246221118613
DE800000,PLAP,POTA,0.3187182636070365
DE800000,PLAP,SUGB,0.2209579397003484
DE800000,PLAP,MAIF,0.08794816047876308
DE800000,PLAP,OFAR,0.08566631397586316
DE800000,PLAP,OSET,0.0
DE800000,PLAP,VSET,0.0
DE800000,PLAP,FALL,0.0
DE800000,FERT,SWHE,3.280300898429244
DE800000,FERT,RYEM,2.375046299201475
DE800000,FERT,BARL,2.703699493640956
DE800000,FERT,OATS,1.346176769632823
DE800000,FERT,MAIZ,3.393734942266474
DE800000,FERT,OCER,2.77271109073325
DE800000,FERT,RAPE,3.015497750975693
DE800000,FERT,PULS,1.297612909658517
DE800000,FERT,POTA,3.642773820292922
DE800000,FERT,SUGB,5.01119993492607
DE800000,FERT,MAIF,3.666261313660802
DE800000,FERT,OFAR,3.02220600329541
DE800000,FERT,OSET,0.0
DE800000,FERT,VSET,0.0
DE800000,FERT,FALL,0.0
DE800000,REPM,SWHE,0.06415869712995845
DE800000,REPM,RYEM,0.05283274341223267
DE800000,REPM,BARL,0.05632170512125487
DE800000,REPM,OATS,0.03510791131788213
DE800000,REPM,MAIZ,0.09199843187281126
DE800000,REPM,OCER,0.04105931637463328
DE800000,REPM,RAPE,0.0677741458584776
DE800000,REPM,PULS,0.03999807138359883
DE800000,REPM,POTA,0.2723529939934369
DE800000,REPM,SUGB,0.1497120683455203
DE800000,REPM,MAIF,0.08298775105500737
DE800000,REPM,OFAR,0.1055672936923358
DE800000,REPM,OSET,0.04749657350526096
DE800000,REPM,VSET,0.1105479382695949
DE800000,REPM,FALL,0.0
DE800000,REPB,SWHE,0.02443339327945736
DE800000,REPB,RYEM,0.02009498286475867
DE800000,REPB,BARL,0.02164181052912335
DE800000,REPB,OATS,0.01410105645768287
DE800000,REPB,MAIZ,0.03174696125915689
DE800000,REPB,OCER,0.01424654555023114
DE800000,REPB,RAPE,0.02557615441090082
DE800000,REPB,PULS,0.01371659352210124
DE800000,REPB,POTA,0.0941826064258051
DE800000,REPB,SUGB,0.05730375998145164
DE800000,REPB,MAIF,0.02971172907953074
DE800000,REPB,OFAR,0.03640702700459203
DE800000,REPB,OSET,0.009292365772761671
DE800000,REPB,VSET,0.02442266820822336
DE800000,REPB,FALL,0.0
DE800000,ELEC,SWHE,0.005076283203177752
DE800000,ELEC,RYEM,0.004997572913869926
DE800000,ELEC,BARL,0.005181243654920469
DE800000,ELEC,OATS,0.001906225791710933
DE800000,ELEC,MAIZ,0.003461314087271512
DE800000,ELEC,OCER,0.002934483144288584
DE800000,ELEC,RAPE,0.0050933419973953
DE800000,ELEC,PULS,0.002384188425018909
DE800000,ELEC,POTA,0.002468055076663611
DE800000,ELEC,SUGB,0.003370750367720941
DE800000,ELEC,MAIF,0.004831640822362334
DE800000,ELEC,OFAR,0.003732490725202714
DE800000,ELEC,OSET,0.0
DE800000,ELEC,VSET,0.0
DE800000,ELEC,FALL,0.0
DE800000,EGAS,SWHE,0.0003768667144461891
DE800000,EGAS,RYEM,0.0003676990708608471
DE800000,EGAS,BARL,0.0003846785750960569
DE800000,EGAS,OATS,0.0009675039756645371
DE800000,EGAS,MAIZ,0.001006224792766186
DE800000,EGAS,OCER,0.001203422979287311
DE800000,EGAS,RAPE,0.000346780126813446
DE800000,EGAS,PULS,0.0
DE800000,EGAS,POTA,0.0
DE800000,EGAS,SUGB,0.0
DE800000,EGAS,MAIF,0.0
DE800000,EGAS,OFAR,0.0
DE800000,EGAS,OSET,0.0
DE800000,EGAS,VSET,0.0
DE800000,EGAS,FALL,0.0
DE800000,EFUL,SWHE,0.07236410351071992
DE800000,EFUL,RYEM,0.07329362621913654
DE800000,EFUL,BARL,0.07238629711362618
DE800000,EFUL,OATS,0.06587432047042256
DE800000,EFUL,MAIZ,0.07186099141653253
DE800000,EFUL,OCER,0.06794490229027034
DE800000,EFUL,RAPE,0.06262247739587856
DE800000,EFUL,PULS,0.04729469618895626
DE800000,EFUL,POTA,0.1373922325849249
DE800000,EFUL,SUGB,0.07338093053551414
DE800000,EFUL,MAIF,0.08513298564147773
DE800000,EFUL,OFAR,0.0714948860855491
DE800000,EFUL,OSET,0.07323742604321251
DE800000,EFUL,VSET,0.08321496945453695
DE800000,EFUL,FALL,0.0
DE800000,ELUB,SWHE,0.004901913395598107
DE800000,ELUB,RYEM,0.005188597272218485
DE800000,ELUB,BARL,0.00499612754117008
DE800000,ELUB,OATS,0.003673222476140124
DE800000,ELUB,MAIZ,0.00478521740147537
DE800000,ELUB,OCER,0.00448040581522121
DE800000,ELUB,RAPE,0.004225975622090211
DE800000,ELUB,PULS,0.005787735445559032
DE800000,ELUB,POTA,0.006832744105134982
DE800000,ELUB,SUGB,0.006019350515286445
DE800000,ELUB,MAIF,0.006740300808066218
DE800000,ELUB,OFAR,0.005739986208682032
DE800000,ELUB,OSET,0.00171497431773531
DE800000,ELUB,VSET,0.001998523144255514
DE800000,ELUB,FALL,0.0
DE800000,INPO,SWHE,0.1848905551452112
DE800000,INPO,RYEM,0.1352142496035945
DE800000,INPO,BARL,0.1586407559558031
DE800000,INPO,OATS,0.06308772007485886
DE800000,INPO,MAIZ,0.2991691440901843
DE800000,INPO,OCER,0.09921289640087415
DE800000,INPO,RAPE,0.1922541967928401
DE800000,INPO,PULS,0.100462310323634
DE800000,INPO,POTA,0.8062312877036276
DE800000,INPO,SUGB,0.4034983729965873
DE800000,INPO,MAIF,0.2456232615036035
DE800000,INPO,OFAR,0.4607827044212554
DE800000,INPO,OSET,0.131551358572548
DE800000,INPO,VSET,0.2387381975395413
DE800000,INPO,FALL,0.0
DE910000,SEED,SWHE,0.04270634972252489
DE910000,SEED,RYEM,0.03325462614053282
DE910000,SEED,BARL,0.03628845145779945
DE910000,SEED,OATS,0.03536616699611986
DE910000,SEED,OCER,0.02495147065828782
DE910000,SEED,RAPE,0.04021866204595706
DE910000,SEED,PULS,0.02521660866266521
DE910000,SEED,POTA,0.1576756147832694
DE910000,SEED,SUGB,0.08472331932587486
DE910000,SEED,MAIF,0.04743958754830866
DE910000,SEED,OFAR,0.1828556123958175
DE910000,SEED,OSET,0.0
DE910000,SEED,VSET,0.0
DE910000,SEED,FALL,0.0
DE910000,PLAP,SWHE,0.1166371126574481
DE910000,PLAP,RYEM,0.08966268767201951
DE910000,PLAP,BARL,0.1012340326355261
DE910000,PLAP,OATS,0.09088599596094532
DE910000,PLAP,OCER,0.07889305502387156
DE910000,PLAP,RAPE,0.1033411257564549
DE910000,PLAP,PULS,0.03713245371404891
DE910000,PLAP,POTA,0.360821341571758
DE910000,PLAP,SUGB,0.2377433646230276
DE910000,PLAP,MAIF,0.09835764473300303
DE910000,PLAP,OFAR,0.1154819232622027
DE910000,PLAP,OSET,0.0
DE910000,PLAP,VSET,0.0
DE910000,PLAP,FALL,0.0
DE910000,FERT,SWHE,3.418689668130395
DE910000,FERT,RYEM,2.469956234030266
DE910000,FERT,BARL,2.597836388825186
DE910000,FERT,OATS,5.992053830022191
DE910000,FERT,OCER,4.891870511699118
DE910000,FERT,RAPE,2.929109866841486
DE910000,FERT,PULS,1.207107850030722
DE910000,FERT,POTA,4.249791412019184
DE910000,FERT,SUGB,5.397303951092501
DE910000,FERT,MAIF,4.438094382182958
DE910000,FERT,OFAR,8.880187797436232
DE910000,FERT,OSET,0.0
DE910000,FERT,VSET,0.0
DE910000,FERT,FALL,0.0
DE910000,REPM,SWHE,0.06541996013461643
DE910000,REPM,RYEM,0.05798695499695616
DE910000,REPM,BARL,0.05696419717287669
DE910000,REPM,OATS,0.04578822745510404
DE910000,REPM,OCER,0.04333788960178167
DE910000,REPM,RAPE,0.06793869856380494
DE910000,REPM,PULS,0.03999806745410818
DE910000,REPM,POTA,0.2863170181009422
DE910000,REPM,SUGB,0.1539345017118061
DE910000,REPM,MAIF,0.08667008691316666
DE910000,REPM,OFAR,0.1733716293781587
DE910000,REPM,OSET,0.04749657348559309
DE910000,REPM,VSET,0.1105479382531854
DE910000,REPM,FALL,0.0
DE910000,REPB,SWHE,0.02491787794302399
DE910000,REPB,RYEM,0.02205449731617578
DE910000,REPB,BARL,0.02189419219514675
DE910000,REPB,OATS,0.01837490587821259
DE910000,REPB,OCER,0.01846751412388382
DE910000,REPB,RAPE,0.02564307341110462
DE910000,REPB,PULS,0.01371659212001649
DE910000,REPB,POTA,0.0990107532289407
DE910000,REPB,SUGB,0.05892612848346419
DE910000,REPB,MAIF,0.03103029454115663
DE910000,REPB,OFAR,0.05845242332197943
DE910000,REPB,OSET,0.009292365247095688
DE910000,REPB,VSET,0.02442266800907387
DE910000,REPB,FALL,0.0
DE910000,ELEC,SWHE,0.005231798780282046
DE910000,ELEC,RYEM,0.00548440348226261
DE910000,ELEC,BARL,0.005277587384591492
DE910000,ELEC,OATS,0.002532514953181546
DE910000,ELEC,OCER,0.003840728507665426
DE910000,ELEC,RAPE,0.005116991370802647
DE910000,ELEC,PULS,0.002384188099799912
DE910000,ELEC,POTA,0.00265924643640974
DE910000,ELEC,SUGB,0.003516732450632357
DE910000,ELEC,MAIF,0.005162050076100557
DE910000,ELEC,OFAR,0.007161845794067154
DE910000,ELEC,OSET,0.0
DE910000,ELEC,VSET,0.0
DE910000,ELEC,FALL,0.0
DE910000,EGAS,SWHE,0.0003884269320454871
DE910000,EGAS,RYEM,0.0004034878209260679
DE910000,EGAS,BARL,0.0003918322926145677
DE910000,EGAS,OATS,0.001418210287239442
DE910000,EGAS,OCER,0.001370356464603569
DE910000,EGAS,RAPE,0.0003478837219627034
DE910000,EGAS,PULS,0.0
DE910000,EGAS,POTA,0.0
DE910000,EGAS,SUGB,0.0
DE910000,EGAS,MAIF,0.0
DE910000,EGAS,OFAR,0.0
DE910000,EGAS,OSET,0.0
DE910000,EGAS,VSET,0.0
DE910000,EGAS,FALL,0.0
DE910000,EFUL,SWHE,0.07460679106295275
DE910000,EFUL,RYEM,0.08042150898571773
DE910000,EFUL,BARL,0.07378886219899874
DE910000,EFUL,OATS,0.08033765371705938
DE910000,EFUL,OCER,0.08017539306971841
DE910000,EFUL,RAPE,0.06297322144359681
DE910000,EFUL,PULS,0.04729468926929972
DE910000,EFUL,POTA,0.1480655138918942
DE910000,EFUL,SUGB,0.0765764808832878
DE910000,EFUL,MAIF,0.09093821804266322
DE910000,EFUL,OFAR,0.1841799589887722
DE910000,EFUL,OSET,0.0732374256356794
DE910000,EFUL,VSET,0.08321496934721903
DE910000,EFUL,FALL,0.0
DE910000,ELUB,SWHE,0.005048377156861824
DE910000,ELUB,RYEM,0.005695622740491601
DE910000,ELUB,BARL,0.005082497460923613
DE910000,ELUB,OATS,0.00550489718708852
DE910000,ELUB,OCER,0.005409419420307276
DE910000,ELUB,RAPE,0.004237476373190879
DE910000,ELUB,PULS,0.005787734654304362
DE910000,ELUB,POTA,0.007360418688759314
DE910000,ELUB,SUGB,0.00627919486832257
DE910000,ELUB,MAIF,0.007196616791323495
DE910000,ELUB,OFAR,0.01115984461342733
DE910000,ELUB,OSET,0.001714974314405163
DE910000,ELUB,VSET,0.001998523141656275
DE910000,ELUB,FALL,0.0
DE910000,INPO,SWHE,0.1942858311856811
DE910000,INPO,RYEM,0.1483665113670615
DE910000,INPO,BARL,0.1635174703360419
DE910000,INPO,OATS,0.1186063575959718
DE910000,INPO,OCER,0.1264201706850785
DE910000,INPO,RAPE,0.1939711653719127
DE910000,INPO,PULS,0.1004622876502047
DE910000,INPO,POTA,0.9126560303315004
DE910000,INPO,SUGB,0.4338353923038856
DE910000,INPO,MAIF,0.2746740334453492
DE910000,INPO,OFAR,0.9404323229702918
DE910000,INPO,OSET,0.1315513585611339
DE910000,INPO,VSET,0.2387381975374429
DE910000,INPO,FALL,0.0
DE920000,SEED,SWHE,0.04406415700562571
DE920000,SEED,RYEM,0.03372084170855003
DE920000,SEED,BARL,0.03548458891729404
DE920000,SEED,OATS,0.03038926892021155
DE920000,SEED,MAIZ,0.04863436400235443
DE920000,SEED,OCER,0.06178619968113649
DE920000,SEED,RAPE,0.04044791011213507
DE920000,SEED,PULS,0.02521661906691404
DE920000,SEED,POTA,0.1542230832137244
DE920000,SEED,SUGB,0.08807783991080517
DE920000,SEED,MAIF,0.04426651339316545
DE920000,SEED,OFAR,0.1217745303455684
DE920000,SEED,OSET,0.0
DE920000,SEED,VSET,0.0
DE920000,SEED,FALL,0.0
DE920000,PLAP,SWHE,0.1189714406453459
DE920000,PLAP,RYEM,0.09087352697619507
DE920000,PLAP,BARL,0.09976612604867661
DE920000,PLAP,OATS,0.08485999591319335
DE920000,PLAP,MAIZ,0.102085782127082
DE920000,PLAP,OCER,0.1275692803726027
DE920000,PLAP,RAPE,0.1036954366079506
DE920000,PLAP,PULS,0.03713246303723752
DE920000,PLAP,POTA,0.3558393696849216
DE920000,PLAP,SUGB,0.2434506175832908
DE920000,PLAP,MAIF,0.09415209389960759
DE920000,PLAP,OFAR,0.04493004882879406
DE920000,PLAP,OSET,0.0
DE920000,PLAP,VSET,0.0
DE920000,PLAP,FALL,0.0
DE920000,FERT,SWHE,3.57319366758891
DE920000,FERT,RYEM,2.516394757923781
DE920000,FERT,BARL,2.532305568858061
DE920000,FERT,OATS,5.199478192995644
DE920000,FERT,MAIZ,3.547437568670586
DE920000,FERT,OCER,7.053830502591969
DE920000,FERT,RAPE,2.960998125275837
DE920000,FERT,PULS,1.21430357582519
DE920000,FERT,POTA,4.184216548101619
DE920000,FERT,SUGB,5.586248850692964
DE920000,FERT,MAIF,4.082228255323726
DE920000,FERT,OFAR,5.072080460807052
DE920000,FERT,OSET,0.0
DE920000,FERT,VSET,0.0
DE920000,FERT,FALL,0.0
DE920000,REPM,SWHE,0.06599852377599934
DE920000,REPM,RYEM,0.05882492858829057
DE920000,REPM,BARL,0.0566213361487221
DE920000,REPM,OATS,0.04371546292821415
DE920000,REPM,MAIZ,0.09338213300275654
DE920000,REPM,OCER,0.07290730629269619
DE920000,REPM,RAPE,0.06804750160474385
DE920000,REPM,PULS,0.03999807176241614
DE920000,REPM,POTA,0.2845382206680969
DE920000,REPM,SUGB,0.1555262223540537
DE920000,REPM,MAIF,0.08513056621831426
DE920000,REPM,OFAR,0.1218843040709484
DE920000,REPM,OSET,0.04749657343005995
DE920000,REPM,VSET,0.1105479382516531
DE920000,REPM,FALL,0.0
DE920000,REPB,SWHE,0.02513662159130373
DE920000,REPB,RYEM,0.02237271382502889
DE920000,REPB,BARL,0.02176227043872755
DE920000,REPB,OATS,0.01754568984367039
DE920000,REPB,MAIZ,0.03222469538702662
DE920000,REPB,OCER,0.02673575904368531
DE920000,REPB,RAPE,0.02568317231590671
DE920000,REPB,PULS,0.01371659365657302
DE920000,REPB,POTA,0.09839142029112345
DE920000,REPB,SUGB,0.05953073054771024
DE920000,REPB,MAIF,0.03047988376038325
DE920000,REPB,OFAR,0.04192776120692977
DE920000,REPB,OSET,0.009292365268126507
DE920000,REPB,VSET,0.02442266714469683
DE920000,REPB,FALL,0.0
DE920000,ELEC,SWHE,0.005297904139656826
DE920000,ELEC,RYEM,0.005562242545964173
DE920000,ELEC,BARL,0.005230456816230655
DE920000,ELEC,OATS,0.00236746390342189
DE920000,ELEC,MAIZ,0.003541000592702111
DE920000,ELEC,OCER,0.005607100862775024
DE920000,ELEC,RAPE,0.005128656587203786
DE920000,ELEC,PULS,0.002384188459950449
DE920000,ELEC,POTA,0.002633605286053674
DE920000,ELEC,SUGB,0.003570057696255912
DE920000,ELEC,MAIF,0.005026747306855549
DE920000,ELEC,OFAR,0.00464187283447363
DE920000,ELEC,OSET,0.0
DE920000,ELEC,VSET,0.0
DE920000,ELEC,FALL,0.0
DE920000,EGAS,SWHE,0.0003933290066880035
DE920000,EGAS,RYEM,0.000409368190212914
DE920000,EGAS,BARL,0.0003883325994597725
DE920000,EGAS,OATS,0.001327368133328204
DE920000,EGAS,MAIZ,0.001029707216013362
DE920000,EGAS,OCER,0.0008596905997344149
DE920000,EGAS,RAPE,0.0003487190115783043
DE920000,EGAS,PULS,0.0
DE920000,EGAS,POTA,0.0
DE920000,EGAS,SUGB,0.0
DE920000,EGAS,MAIF,0.0
DE920000,EGAS,OFAR,0.0
DE920000,EGAS,OSET,0.0
DE920000,EGAS,VSET,0.0
DE920000,EGAS,FALL,0.0
DE920000,EFUL,SWHE,0.07553804590233458
DE920000,EFUL,RYEM,0.0815331087523933
DE920000,EFUL,BARL,0.07312906082772921
DE920000,EFUL,OATS,0.07526703094794011
DE920000,EFUL,MAIZ,0.07351729891821844
DE920000,EFUL,OCER,0.07309808502012495
DE920000,EFUL,RAPE,0.06311539778347962
DE920000,EFUL,PULS,0.04729469746850273
DE920000,EFUL,POTA,0.1467697645854868
DE920000,EFUL,SUGB,0.07772857165992651
DE920000,EFUL,MAIF,0.08852401484723002
DE920000,EFUL,OFAR,0.07252737420143818
DE920000,EFUL,OSET,0.07323742402866446
DE920000,EFUL,VSET,0.08321496941406609
DE920000,EFUL,FALL,0.0
DE920000,ELUB,SWHE,0.005113688562638607
DE920000,ELUB,RYEM,0.005778974062318372
DE920000,ELUB,BARL,0.005037247900506357
DE920000,ELUB,OATS,0.005148140546258016
DE920000,ELUB,MAIZ,0.004894848270525085
DE920000,ELUB,OCER,0.007361871321343662
DE920000,ELUB,RAPE,0.004247934209589342
DE920000,ELUB,PULS,0.005787735531858469
DE920000,ELUB,POTA,0.007284186597914143
DE920000,ELUB,SUGB,0.00637498699284552
DE920000,ELUB,MAIF,0.007007070386068784
DE920000,ELUB,OFAR,0.006640768157163503
DE920000,ELUB,OSET,0.001714974297134661
DE920000,ELUB,VSET,0.001998523127664534
DE920000,ELUB,FALL,0.0
DE920000,INPO,SWHE,0.1982779352998458
DE920000,INPO,RYEM,0.1504287444035695
DE920000,INPO,BARL,0.1611542790292696
DE920000,INPO,OATS,0.1069216718991103
DE920000,INPO,MAIZ,0.3110680505863788
DE920000,INPO,OCER,0.2191601626935047
DE920000,INPO,RAPE,0.1946806694372939
DE920000,INPO,PULS,0.1004623129968109
DE920000,INPO,POTA,0.8998500877496355
DE920000,INPO,SUGB,0.4444815606533505
DE920000,INPO,MAIF,0.2629381800140524
DE920000,INPO,OFAR,0.6732130062983341
DE920000,INPO,OSET,0.1315513585790457
DE920000,INPO,VSET,0.2387381975059901
DE920000,INPO,FALL,0.0
DE930000,SEED,SWHE,0.03990400372056942
DE930000,SEED,RYEM,0.03260240961951891
DE930000,SEED,BARL,0.03137953193316943
DE930000,SEED,OATS,0.02911368047585847
DE930000,SEED,MAIZ,0.04667707099067126
DE930000,SEED,OCER,0.05743003651409694
DE930000,SEED,RAPE,0.03693765832360223
DE930000,SEED,PULS,0.0252166228965581
DE930000,SEED,POTA,0.1478817121288127
DE930000,SEED,SUGB,0.08173018695379139
DE930000,SEED,MAIF,0.04400128446582386
DE930000,SEED,OFAR,0.06386304103220966
DE930000,SEED,OSET,0.0
DE930000,SEED,VSET,0.0
DE930000,SEED,FALL,0.0
DE930000,PLAP,SWHE,0.1116232573738337
DE930000,PLAP,RYEM,0.08782273575995629
DE930000,PLAP,BARL,0.09229032382350988
DE930000,PLAP,OATS,0.08248660328162559
DE930000,PLAP,MAIZ,0.09958979340106952
DE930000,PLAP,OCER,0.1209960143763333
DE930000,PLAP,RAPE,0.09798831305036065
DE930000,PLAP,PULS,0.03713246701625241
DE930000,PLAP,POTA,0.346186336184075
DE930000,PLAP,SUGB,0.2324752832113473
DE930000,PLAP,MAIF,0.09379351797048605
DE930000,PLAP,OFAR,0.08187320880732017
DE930000,PLAP,OSET,0.0
DE930000,PLAP,VSET,0.0
DE930000,PLAP,FALL,0.0
DE930000,FERT,SWHE,3.196688733104827
DE930000,FERT,RYEM,2.44971643715036
DE930000,FERT,BARL,2.224156792119442
DE930000,FERT,OATS,5.09746964788015
DE930000,FERT,MAIZ,3.386485774199792
DE930000,FERT,OCER,6.842842566299252
DE930000,FERT,RAPE,2.668521651523979
DE930000,FERT,PULS,1.233443138191166
DE930000,FERT,POTA,4.063810468149921
DE930000,FERT,SUGB,5.250350419878067
DE930000,FERT,MAIF,4.06550264268072
DE930000,FERT,OFAR,2.752783047512008
DE930000,FERT,OSET,0.0
DE930000,FERT,VSET,0.0
DE930000,FERT,FALL,0.0
DE930000,REPM,SWHE,0.06428654644651165
DE930000,REPM,RYEM,0.05689361573382124
DE930000,REPM,BARL,0.05486516421385559
DE930000,REPM,OATS,0.04319248400951613
DE930000,REPM,MAIZ,0.09247534190585568
DE930000,REPM,OCER,0.07072066054125428
DE930000,REPM,RAPE,0.06651437472760074
DE930000,REPM,PULS,0.03999807332954931
DE930000,REPM,POTA,0.281446339213237
DE930000,REPM,SUGB,0.1525595692536753
DE930000,REPM,MAIF,0.08502664656273258
DE930000,REPM,OFAR,0.1115586977405266
DE930000,REPM,OSET,0.04749657348086192
DE930000,REPM,VSET,0.1105479382609571
DE930000,REPM,FALL,0.0
DE930000,REPB,SWHE,0.02448445881338679
DE930000,REPB,RYEM,0.02163782862770237
DE930000,REPB,BARL,0.0210870172334174
DE930000,REPB,OATS,0.01733582259456916
DE930000,REPB,MAIZ,0.03191164734605639
DE930000,REPB,OCER,0.0259141181693646
DE930000,REPB,RAPE,0.02510500685551432
DE930000,REPB,PULS,0.01371659420652244
DE930000,REPB,POTA,0.09732632052264376
DE930000,REPB,SUGB,0.05840033333231971
DE930000,REPB,MAIF,0.03044194837276409
DE930000,REPB,OFAR,0.03771537671456068
DE930000,REPB,OSET,0.009292365152520705
DE930000,REPB,VSET,0.02442266794762296
DE930000,REPB,FALL,0.0
DE930000,ELEC,SWHE,0.005095191584809492
DE930000,ELEC,RYEM,0.005378496424497414
DE930000,ELEC,BARL,0.004989797984634948
DE930000,ELEC,OATS,0.002325984675881643
DE930000,ELEC,MAIZ,0.003489416653058017
DE930000,ELEC,OCER,0.005393702413108094
DE930000,ELEC,RAPE,0.004956686085728473
DE930000,ELEC,PULS,0.002384188593093472
DE930000,ELEC,POTA,0.002592395978199495
DE930000,ELEC,SUGB,0.003469755836972816
DE930000,ELEC,MAIF,0.005016148510990034
DE930000,ELEC,OFAR,0.004023476387537505
DE930000,ELEC,OSET,0.0
DE930000,ELEC,VSET,0.0
DE930000,ELEC,FALL,0.0
DE930000,EGAS,SWHE,0.0003782739737134808
DE930000,EGAS,RYEM,0.0003959741270973965
DE930000,EGAS,BARL,0.0003704618678298143
DE930000,EGAS,OATS,0.00130409847623561
DE930000,EGAS,MAIZ,0.00101468500827367
DE930000,EGAS,OCER,0.0008233056605985471
DE930000,EGAS,RAPE,0.0003369935370050024
DE930000,EGAS,PULS,0.0
DE930000,EGAS,POTA,0.0
DE930000,EGAS,SUGB,0.0
DE930000,EGAS,MAIF,0.0
DE930000,EGAS,OFAR,0.0
DE930000,EGAS,OSET,0.0
DE930000,EGAS,VSET,0.0
DE930000,EGAS,FALL,0.0
DE930000,EFUL,SWHE,0.07265071987189023
DE930000,EFUL,RYEM,0.07881543258180047
DE930000,EFUL,BARL,0.06976568257856655
DE930000,EFUL,OATS,0.07394638054145923
DE930000,EFUL,MAIZ,0.07245237454257299
DE930000,EFUL,OCER,0.06933355415291585
DE930000,EFUL,RAPE,0.06100158121836854
DE930000,EFUL,PULS,0.04729470053843507
DE930000,EFUL,POTA,0.1443474915646627
DE930000,EFUL,SUGB,0.07554961973162107
DE930000,EFUL,MAIF,0.08836703559556264
DE930000,EFUL,OFAR,0.09093445628113705
DE930000,EFUL,OSET,0.07323742550104742
DE930000,EFUL,VSET,0.08321496934285613
DE930000,EFUL,FALL,0.0
DE930000,ELUB,SWHE,0.004917961877105565
DE930000,ELUB,RYEM,0.005590067562429604
DE930000,ELUB,BARL,0.004805594887740255
DE930000,ELUB,OATS,0.005057914335865093
DE930000,ELUB,MAIZ,0.004823063180689487
DE930000,ELUB,OCER,0.007063538777867367
DE930000,ELUB,RAPE,0.004104952655420938
DE930000,ELUB,PULS,0.005787735865028997
DE930000,ELUB,POTA,0.007175164814838174
DE930000,ELUB,SUGB,0.006195313317059538
DE930000,ELUB,MAIF,0.006993455547594919
DE930000,ELUB,OFAR,0.006028129894029129
DE930000,ELUB,OSET,0.001714974313650241
DE930000,ELUB,VSET,0.001998523140164548
DE930000,ELUB,FALL,0.0
DE930000,INPO,SWHE,0.1860362318649885
DE930000,INPO,RYEM,0.1454243076778041
DE930000,INPO,BARL,0.1490924887543102
DE930000,INPO,OATS,0.1039320319824017
DE930000,INPO,MAIZ,0.3034568478181011
DE930000,INPO,OCER,0.2078181369776408
DE930000,INPO,RAPE,0.1839424374382127
DE930000,INPO,PULS,0.1004623224615561
DE930000,INPO,POTA,0.875626937358543
DE930000,INPO,SUGB,0.4241960214116967
DE930000,INPO,MAIF,0.2619299095876495
DE930000,INPO,OFAR,0.4304457199396004
DE930000,INPO,OSET,0.1315513585720648
DE930000,INPO,VSET,0.2387381975401735
DE930000,INPO,FALL,0.0
DE940000,SEED,SWHE,0.04085923120953114
DE940000,SEED,RYEM,0.03120167299708221
DE940000,SEED,BARL,0.0315247452428263
DE940000,SEED,OATS,0.03069327640403036
DE940000,SEED,MAIZ,0.04847240894448664
DE940000,SEED,OCER,0.06209051921722956
DE940000,SEED,RAPE,0.03657879052683465
DE940000,SEED,POTA,0.1455251281137755
DE940000,SEED,SUGB,0.08414169557491553
DE940000,SEED,MAIF,0.04313761479148934
DE940000,SEED,OFAR,0.05438978806191204
DE940000,SEED,OSET,0.0
DE940000,SEED,VSET,0.0
DE940000,SEED,FALL,0.0
DE940000,PLAP,SWHE,0.1131332544256516
DE940000,PLAP,RYEM,0.08386783415711598
DE940000,PLAP,BARL,0.09238058816490718
DE940000,PLAP,OATS,0.08251339714416436
DE940000,PLAP,MAIZ,0.1018216471089952
DE940000,PLAP,OCER,0.1280093251219573
DE940000,PLAP,RAPE,0.09722523495316
DE940000,PLAP,POTA,0.3429524713631729
DE940000,PLAP,SUGB,0.2245728352405162
DE940000,PLAP,MAIF,0.09257500349550557
DE940000,PLAP,OFAR,0.07426332221012837
DE940000,PLAP,OSET,0.0
DE940000,PLAP,VSET,0.0
DE940000,PLAP,FALL,0.0
DE940000,FERT,SWHE,3.52794129586226
DE940000,FERT,RYEM,2.553812394456292
DE940000,FERT,BARL,2.437294852593547
DE940000,FERT,OATS,5.851264916637186
DE940000,FERT,MAIZ,3.771239463591456
DE940000,FERT,OCER,7.622157020530736
DE940000,FERT,RAPE,2.826441494285586
DE940000,FERT,POTA,4.251212528285186
DE940000,FERT,SUGB,5.782032204772939
DE940000,FERT,MAIF,4.224344844037283
DE940000,FERT,OFAR,2.430039941218908
DE940000,FERT,OSET,0.0
DE940000,FERT,VSET,0.0
DE940000,FERT,FALL,0.0
DE940000,REPM,SWHE,0.06473282863177517
DE940000,REPM,RYEM,0.05455466273713429
DE940000,REPM,BARL,0.05497287225542635
DE940000,REPM,OATS,0.04386336186414889
DE940000,REPM,MAIZ,0.09334151447854688
DE940000,REPM,OCER,0.07317157026616976
DE940000,REPM,RAPE,0.06641911793401399
DE940000,REPM,POTA,0.2801662611251863
DE940000,REPM,SUGB,0.1618510125442993
DE940000,REPM,MAIF,0.08464539367447026
DE940000,REPM,OFAR,0.1068248893823355
DE940000,REPM,OSET,0.0474965734819692
DE940000,REPM,VSET,0.1105479382686834
DE940000,REPM,FALL,0.0
DE940000,REPB,SWHE,0.0246504159309241
DE940000,REPB,RYEM,0.02074492604336262
DE940000,REPB,BARL,0.02112437391826405
DE940000,REPB,OATS,0.01760343442203019
DE940000,REPB,MAIZ,0.03221031770232788
DE940000,REPB,OCER,0.02680265130600536
DE940000,REPB,RAPE,0.02506417577585893
DE940000,REPB,POTA,0.09687639180520521
DE940000,REPB,SUGB,0.06080752336258972
DE940000,REPB,MAIF,0.03030549238849672
DE940000,REPB,OFAR,0.03612158675594847
DE940000,REPB,OSET,0.009292365578886783
DE940000,REPB,VSET,0.02442266864027344
DE940000,REPB,FALL,0.0
DE940000,ELEC,SWHE,0.005141281327910617
DE940000,ELEC,RYEM,0.005151797203240747
DE940000,ELEC,BARL,0.004998196798333455
DE940000,ELEC,OATS,0.002379795952776643
DE940000,ELEC,MAIZ,0.003537187138855652
DE940000,ELEC,OCER,0.005638744045140216
DE940000,ELEC,RAPE,0.004941104160244236
DE940000,ELEC,POTA,0.002572798257419021
DE940000,ELEC,SUGB,0.003750078987526374
DE940000,ELEC,MAIF,0.004979263166371962
DE940000,ELEC,OFAR,0.003779197060546888
DE940000,ELEC,OSET,0.0
DE940000,ELEC,VSET,0.0
DE940000,ELEC,FALL,0.0
DE940000,EGAS,SWHE,0.0003816964054520065
DE940000,EGAS,RYEM,0.0003796190292606741
DE940000,EGAS,BARL,0.0003710869911131687
DE940000,EGAS,OATS,0.001332949879308037
DE940000,EGAS,MAIZ,0.0009024699023119185
DE940000,EGAS,OCER,0.0008519463650472867
DE940000,EGAS,RAPE,0.0003364036405733315
DE940000,EGAS,POTA,0.0
DE940000,EGAS,SUGB,0.0
DE940000,EGAS,MAIF,0.0
DE940000,EGAS,OFAR,0.0
DE940000,EGAS,OSET,0.0
DE940000,EGAS,VSET,0.0
DE940000,EGAS,FALL,0.0
DE940000,EFUL,SWHE,0.07327190893517284
DE940000,EFUL,RYEM,0.07540065892320116
DE940000,EFUL,BARL,0.06983883722671112
DE940000,EFUL,OATS,0.07550789050838133
DE940000,EFUL,MAIZ,0.07342339197926812
DE940000,EFUL,OCER,0.07378884756881163
DE940000,EFUL,RAPE,0.0607571583269854
DE940000,EFUL,POTA,0.1434715723691183
DE940000,EFUL,SUGB,0.06250281514801143
DE940000,EFUL,MAIF,0.08772365660074663
DE940000,EFUL,OFAR,0.08435873221953
DE940000,EFUL,OSET,0.0732374269199389
DE940000,EFUL,VSET,0.08321496940253073
DE940000,EFUL,FALL,0.0
DE940000,ELUB,SWHE,0.004966509359426396
DE940000,ELUB,RYEM,0.00536413610178057
DE940000,ELUB,BARL,0.004818593468452686
DE940000,ELUB,OATS,0.005173043020502529
DE940000,ELUB,MAIZ,0.004891505769360396
DE940000,ELUB,OCER,0.007397113511005481
DE940000,ELUB,RAPE,0.004099624338677485
DE940000,ELUB,POTA,0.007111971882000225
DE940000,ELUB,SUGB,0.006120088941682359
DE940000,ELUB,MAIF,0.006945500446789678
DE940000,ELUB,OFAR,0.005641766483991294
DE940000,ELUB,OSET,0.001714974324528509
DE940000,ELUB,VSET,0.001998523151101673
DE940000,ELUB,FALL,0.0
DE940000,INPO,SWHE,0.1888062390135566
DE940000,INPO,RYEM,0.1391420213431467
DE940000,INPO,BARL,0.1494749380159644
DE940000,INPO,OATS,0.1076348956139005
DE940000,INPO,MAIZ,0.3102629320121795
DE940000,INPO,OCER,0.2216117032814545
DE940000,INPO,RAPE,0.1827464957704049
DE940000,INPO,POTA,0.8671202155545595
DE940000,INPO,SUGB,0.4546835152658309
DE940000,INPO,MAIF,0.2585459926807852
DE940000,INPO,OFAR,0.3895841774126526
DE940000,INPO,OSET,0.131551358599352
DE940000,INPO,VSET,0.2387381975500324
DE940000,INPO,FALL,0.0
DEA10000,SEED,SWHE,0.04448126026925357
DEA10000,SEED,RYEM,0.03604627174632152
DEA10000,SEED,BARL,0.03520495787544398
DEA10000,SEED,OATS,0.03495120929039063
DEA10000,SEED,MAIZ,0.05175899066894969
DEA10000,SEED,OCER,0.06562845129257938
DEA10000,SEED,RAPE,0.03984296037287263
DEA10000,SEED,POTA,0.159097397070775
DEA10000,SEED,SUGB,0.08935799949498924
DEA10000,SEED,MAIF,0.04721824585533636
DEA10000,SEED,OFAR,0.05884386981359541
DEA10000,SEED,OSET,0.0
DEA10000,SEED,VSET,0.0
DEA10000,SEED,FALL,0.0
DEA10000,PLAP,SWHE,0.1195957373304986
DEA10000,PLAP,RYEM,0.0968882074653998
DEA10000,PLAP,BARL,0.09919135082032308
DEA10000,PLAP,OATS,0.0900468469633569
DEA10000,PLAP,MAIZ,0.1060190602478054
DEA10000,PLAP,OCER,0.1328038216089462
DEA10000,PLAP,RAPE,0.10270837501077
DEA10000,PLAP,POTA,0.3628533345986952
DEA10000,PLAP,SUGB,0.2458413379015461
DEA10000,PLAP,MAIF,0.09794864536129103
DEA10000,PLAP,OFAR,0.09430166708122768
DEA10000,PLAP,OSET,0.0
DEA10000,PLAP,VSET,0.0
DEA10000,PLAP,FALL,0.0
DEA10000,FERT,SWHE,3.700782816764618
DEA10000,FERT,RYEM,2.78775195834686
DEA10000,FERT,BARL,2.619973977552134
DEA10000,FERT,OATS,6.061007397037106
DEA10000,FERT,MAIZ,3.941923590378846
DEA10000,FERT,OCER,7.559767537528534
DEA10000,FERT,RAPE,3.006123124096457
DEA10000,FERT,POTA,4.327037775559754
DEA10000,FERT,SUGB,5.763331423753367
DEA10000,FERT,MAIF,4.506087793456863
DEA10000,FERT,OFAR,2.540213893595154
DEA10000,FERT,OSET,0.0
DEA10000,FERT,VSET,0.0
DEA10000,FERT,FALL,0.0
DEA10000,REPM,SWHE,0.06620398262471863
DEA10000,REPM,RYEM,0.06302445176675102
DEA10000,REPM,BARL,0.0565195059682218
DEA10000,REPM,OATS,0.04564062743775221
DEA10000,REPM,MAIZ,0.09489365174641738
DEA10000,REPM,OCER,0.07480427282435173
DEA10000,REPM,RAPE,0.0677825360849072
DEA10000,REPM,POTA,0.2870698942750335
DEA10000,REPM,SUGB,0.1560787496572637
DEA10000,REPM,MAIF,0.08663935366270349
DEA10000,REPM,OFAR,0.1084796772512949
DEA10000,REPM,OSET,0.0474965734831488
DEA10000,REPM,VSET,0.1105479382561003
DEA10000,REPM,FALL,0.0
DEA10000,REPB,SWHE,0.02521231446498394
DEA10000,REPB,RYEM,0.02396593310021579
DEA10000,REPB,BARL,0.02172133466291557
DEA10000,REPB,OATS,0.01831419921926124
DEA10000,REPB,MAIZ,0.03274506015880756
DEA10000,REPB,OCER,0.02470454306891101
DEA10000,REPB,RAPE,0.02558350528628042
DEA10000,REPB,POTA,0.09927322606724981
DEA10000,REPB,SUGB,0.05974494746320894
DEA10000,REPB,MAIF,0.03101853096619971
DEA10000,REPB,OFAR,0.0366900776573257
DEA10000,REPB,OSET,0.009292364215253333
DEA10000,REPB,VSET,0.02442266806758
DEA10000,REPB,FALL,0.0
DEA10000,ELEC,SWHE,0.005317946230363689
DEA10000,ELEC,RYEM,0.005951603305529589
DEA10000,ELEC,BARL,0.005214154857292771
DEA10000,ELEC,OATS,0.002521326040923649
DEA10000,ELEC,MAIZ,0.003624654408848617
DEA10000,ELEC,OCER,0.005799769515528706
DEA10000,ELEC,RAPE,0.005098882556305319
DEA10000,ELEC,POTA,0.002670292573922999
DEA10000,ELEC,SUGB,0.003589665967671549
DEA10000,ELEC,MAIF,0.005153114710242987
DEA10000,ELEC,OFAR,0.003884475717589316
DEA10000,ELEC,OSET,0.0
DEA10000,ELEC,VSET,0.0
DEA10000,ELEC,FALL,0.0
DEA10000,EGAS,SWHE,0.0003948160633237917
DEA10000,EGAS,RYEM,0.0004386130121054061
DEA10000,EGAS,BARL,0.0003871136595375274
DEA10000,EGAS,OATS,0.001410683874159754
DEA10000,EGAS,MAIZ,0.0009242510232739805
DEA10000,EGAS,OCER,0.0008897017084617158
DEA10000,EGAS,RAPE,0.0003467007749733824
DEA10000,EGAS,POTA,0.0
DEA10000,EGAS,SUGB,0.0
DEA10000,EGAS,MAIF,0.0
DEA10000,EGAS,OFAR,0.0
DEA10000,EGAS,OSET,0.0
DEA10000,EGAS,VSET,0.0
DEA10000,EGAS,FALL,0.0
DEA10000,EFUL,SWHE,0.07580096458229357
DEA10000,EFUL,RYEM,0.08710010976435427
DEA10000,EFUL,BARL,0.07288921663042973
DEA10000,EFUL,OATS,0.07058656040996107
DEA10000,EFUL,MAIZ,0.07523713312223632
DEA10000,EFUL,OCER,0.0761316868123591
DEA10000,EFUL,RAPE,0.06274529595893574
DEA10000,EFUL,POTA,0.1486152908468334
DEA10000,EFUL,SUGB,0.07816735259589835
DEA10000,EFUL,MAIF,0.09083206782717385
DEA10000,EFUL,OFAR,0.08469679772578576
DEA10000,EFUL,OSET,0.07323742577759346
DEA10000,EFUL,VSET,0.08321496943887952
DEA10000,EFUL,FALL,0.0
DEA10000,ELUB,SWHE,0.005135632447793451
DEA10000,ELUB,RYEM,0.006197061421475022
DEA10000,ELUB,BARL,0.00502331497071302
DEA10000,ELUB,OATS,0.005478705120736745
DEA10000,ELUB,MAIZ,0.005014012062897597
DEA10000,ELUB,OCER,0.007612548851371349
DEA10000,ELUB,RAPE,0.004223313127076062
DEA10000,ELUB,POTA,0.007394489264128327
DEA10000,ELUB,SUGB,0.006409591584541663
DEA10000,ELUB,MAIF,0.007190597624670276
DEA10000,ELUB,OFAR,0.00575823459335687
DEA10000,ELUB,OSET,0.001714974315298314
DEA10000,ELUB,VSET,0.001998523141729871
DEA10000,ELUB,FALL,0.0
DEA10000,INPO,SWHE,0.1994796725765971
DEA10000,INPO,RYEM,0.1607383986335192
DEA10000,INPO,BARL,0.1603311033656149
DEA10000,INPO,OATS,0.1176362468772368
DEA10000,INPO,MAIZ,0.3230233205973378
DEA10000,INPO,OCER,0.2284331141544187
DEA10000,INPO,RAPE,0.192814928509782
DEA10000,INPO,POTA,0.9179445320761985
DEA10000,INPO,SUGB,0.4487116737574333
DEA10000,INPO,MAIF,0.2735501572625103
DEA10000,INPO,OFAR,0.4106851395297413
DEA10000,INPO,OSET,0.1315513584870307
DEA10000,INPO,VSET,0.2387381975217809
DEA10000,INPO,FALL,0.0
DEA20000,SEED,SWHE,0.04513153147928409
DEA20000,SEED,RYEM,0.03981934633709541
DEA20000,SEED,BARL,0.03722551856020492
DEA20000,SEED,OATS,0.05061907867033651
DEA20000,SEED,MAIZ,0.05163244340257372
DEA20000,SEED,OCER,0.06773216588716333
DEA20000,SEED,RAPE,0.03972509364866508
DEA20000,SEED,POTA,0.166827463732493
DEA20000,SEED,SUGB,0.08856141159142371
DEA20000,SEED,MAIF,0.04800010256853223
DEA20000,SEED,OFAR,0.05996245544841182
DEA20000,SEED,OSET,0.0
DEA20000,SEED,VSET,0.0
DEA20000,SEED,FALL,0.0
DEA20000,PLAP,SWHE,0.1207444589327643
DEA20000,PLAP,RYEM,0.1071172916499296
DEA20000,PLAP,BARL,0.1028254431305969
DEA20000,PLAP,OATS,0.1104218441670172
DEA20000,PLAP,MAIZ,0.1059198238156374
DEA20000,PLAP,OCER,0.1556569824118463
DEA20000,PLAP,RAPE,0.1024915601539148
DEA20000,PLAP,POTA,0.3746776079316584
DEA20000,PLAP,SUGB,0.2446557348354872
DEA20000,PLAP,MAIF,0.09906580008359976
DEA20000,PLAP,OFAR,0.07915813906175931
DEA20000,PLAP,OSET,0.0
DEA20000,PLAP,VSET,0.0
DEA20000,PLAP,FALL,0.0
DEA20000,FERT,SWHE,3.703984942682752
DEA20000,FERT,RYEM,2.996272323506947
DEA20000,FERT,BARL,2.749099916438707
DEA20000,FERT,OATS,7.165000764909993
DEA20000,FERT,MAIZ,3.862080926682862
DEA20000,FERT,OCER,7.642634173538825
DEA20000,FERT,RAPE,2.946322673250318
DEA20000,FERT,POTA,4.420649643409752
DEA20000,FERT,SUGB,5.643299765635692
DEA20000,FERT,MAIF,4.538432756411991
DEA20000,FERT,OFAR,2.487966974929866
DEA20000,FERT,OSET,0.0
DEA20000,FERT,VSET,0.0
DEA20000,FERT,FALL,0.0
DEA20000,REPM,SWHE,0.06647163435299429
DEA20000,REPM,RYEM,0.06957064524670244
DEA20000,REPM,BARL,0.05739958116383857
DEA20000,REPM,OATS,0.05278757787881745
DEA20000,REPM,MAIZ,0.09478797368929676
DEA20000,REPM,OCER,0.07138630044553962
DEA20000,REPM,RAPE,0.06773915847897224
DEA20000,REPM,POTA,0.2908235640167147
DEA20000,REPM,SUGB,0.1556518734744538
DEA20000,REPM,MAIF,0.08695730477497693
DEA20000,REPM,OFAR,0.1122546157209641
DEA20000,REPM,OSET,0.0474965734970645
DEA20000,REPM,VSET,0.110547938322732
DEA20000,REPM,FALL,0.0
DEA20000,REPB,SWHE,0.02531425111938486
DEA20000,REPB,RYEM,0.02645674860786316
DEA20000,REPB,BARL,0.02205782188273669
DEA20000,REPB,OATS,0.02112465608355369
DEA20000,REPB,MAIZ,0.0327092395015699
DEA20000,REPB,OCER,0.02617297741698862
DEA20000,REPB,RAPE,0.02556659850956157
DEA20000,REPB,POTA,0.1005641766631655
DEA20000,REPB,SUGB,0.05958751390736979
DEA20000,REPB,MAIF,0.03113308112619702
DEA20000,REPB,OFAR,0.03657828120042358
DEA20000,REPB,OSET,0.009292365395075289
DEA20000,REPB,VSET,0.02442266798676244
DEA20000,REPB,FALL,0.0
DEA20000,ELEC,SWHE,0.00534964799309959
DEA20000,ELEC,RYEM,0.006572475395933414
DEA20000,ELEC,BARL,0.005333240686082936
DEA20000,ELEC,OATS,0.003099330519869954
DEA20000,ELEC,MAIZ,0.003620582999327181
DEA20000,ELEC,OCER,0.006000415158357905
DEA20000,ELEC,RAPE,0.005093341618605074
DEA20000,ELEC,POTA,0.002719992474814429
DEA20000,ELEC,SUGB,0.00357641139441821
DEA20000,ELEC,MAIF,0.005185839686626325
DEA20000,ELEC,OFAR,0.004003749696921464
DEA20000,ELEC,OSET,0.0
DEA20000,ELEC,VSET,0.0
DEA20000,ELEC,FALL,0.0
DEA20000,EGAS,SWHE,0.0003971696179692258
DEA20000,EGAS,RYEM,0.0004842016219834353
DEA20000,EGAS,BARL,0.0003959288106911068
DEA20000,EGAS,OATS,0.001698082980487074
DEA20000,EGAS,MAIZ,0.0009235175266884266
DEA20000,EGAS,OCER,0.000736474305097838
DEA20000,EGAS,RAPE,0.000346389209372219
DEA20000,EGAS,POTA,0.0
DEA20000,EGAS,SUGB,0.0
DEA20000,EGAS,MAIF,0.0
DEA20000,EGAS,OFAR,0.0
DEA20000,EGAS,OSET,0.0
DEA20000,EGAS,VSET,0.0
DEA20000,EGAS,FALL,0.0
DEA20000,EFUL,SWHE,0.07625296605587935
DEA20000,EFUL,RYEM,0.09623194741845062
DEA20000,EFUL,BARL,0.07456815694436039
DEA20000,EFUL,OATS,0.08454283900768644
DEA20000,EFUL,MAIZ,0.07516678163225764
DEA20000,EFUL,OCER,0.0817865325360348
DEA20000,EFUL,RAPE,0.06266907551366652
DEA20000,EFUL,POTA,0.1515834607483696
DEA20000,EFUL,SUGB,0.07788038878838117
DEA20000,EFUL,MAIF,0.09136644730054377
DEA20000,EFUL,OFAR,0.1171049379179331
DEA20000,EFUL,OSET,0.07323742528965116
DEA20000,EFUL,VSET,0.08321496929684277
DEA20000,EFUL,FALL,0.0
DEA20000,ELUB,SWHE,0.005166235891313961
DEA20000,ELUB,RYEM,0.006838842991564864
DEA20000,ELUB,BARL,0.005138566423941561
DEA20000,ELUB,OATS,0.00668904462868359
DEA20000,ELUB,MAIZ,0.005005926152197424
DEA20000,ELUB,OCER,0.007135911343338787
DEA20000,ELUB,RAPE,0.004219765571943063
DEA20000,ELUB,POTA,0.007524383029003785
DEA20000,ELUB,SUGB,0.006385333560780396
DEA20000,ELUB,MAIF,0.007231563463539739
DEA20000,ELUB,OFAR,0.006081317918291368
DEA20000,ELUB,OSET,0.001714974310433353
DEA20000,ELUB,VSET,0.001998523130445766
DEA20000,ELUB,FALL,0.0
DEA20000,INPO,SWHE,0.2013949069171999
DEA20000,INPO,RYEM,0.177580969083127
DEA20000,INPO,BARL,0.1663292739686615
DEA20000,INPO,OATS,0.1550363949703023
DEA20000,INPO,MAIZ,0.3227323594712961
DEA20000,INPO,OCER,0.2625770429183615
DEA20000,INPO,RAPE,0.1924371053129084
DEA20000,INPO,POTA,0.9475956084902172
DEA20000,INPO,SUGB,0.4462351288112647
DEA20000,INPO,MAIF,0.2766583396508731
DEA20000,INPO,OFAR,0.4027120010576891
DEA20000,INPO,OSET,0.1315513584924031
DEA20000,INPO,VSET,0.2387381974391366
DEA20000,INPO,FALL,0.0
DEA30000,SEED,SWHE,0.04219619062666396
DEA30000,SEED,RYEM,0.03475682715896518
DEA30000,SEED,BARL,0.03466281615713677
DEA30000,SEED,OATS,0.03236882216257114
DEA30000,SEED,MAIZ,0.05549849480395332
DEA30000,SEED,OCER,0.06484756660558791
DEA30000,SEED,RAPE,0.03815970001659265
DEA30000,SEED,POTA,0.1430619529268713
DEA30000,SEED,SUGB,0.08281945453573314
DEA30000,SEED,MAIF,0.04694385554882346
DEA30000,SEED,OFAR,0.0542716578516075
DEA30000,SEED,OSET,0.0
DEA30000,SEED,VSET,0.0
DEA30000,SEED,FALL,0.0
DEA30000,PLAP,SWHE,0.115569474450726
DEA30000,PLAP,RYEM,0.09346874564323582
DEA30000,PLAP,BARL,0.0981479789688241
DEA30000,PLAP,OATS,0.08557894731406107
DEA30000,PLAP,MAIZ,0.1108455682129377
DEA30000,PLAP,OCER,0.1323795572020593
DEA30000,PLAP,RAPE,0.09995197795507678
DEA30000,PLAP,POTA,0.3390303062951529
DEA30000,PLAP,SUGB,0.222408576453213
DEA30000,PLAP,MAIF,0.09763647725521882
DEA30000,PLAP,OFAR,0.08960387515435339
DEA30000,PLAP,OSET,0.0
DEA30000,PLAP,VSET,0.0
DEA30000,PLAP,FALL,0.0
DEA30000,FERT,SWHE,3.608918581526937
DEA30000,FERT,RYEM,2.760167635723767
DEA30000,FERT,BARL,2.646165838761204
DEA30000,FERT,OATS,5.978015958223226
DEA30000,FERT,MAIZ,4.443722375987217
DEA30000,FERT,OCER,7.679968926189288
DEA30000,FERT,RAPE,2.959450404414691
DEA30000,FERT,POTA,4.119512111181604
DEA30000,FERT,SUGB,5.625989145400191
DEA30000,FERT,MAIF,4.6018937510631
DEA30000,FERT,OFAR,2.379993419051656
DEA30000,FERT,OSET,0.0
DEA30000,FERT,VSET,0.0
DEA30000,FERT,FALL,0.0
DEA30000,REPM,SWHE,0.06526039111236102
DEA30000,REPM,RYEM,0.06074243565449766
DEA30000,REPM,BARL,0.05630193040490945
DEA30000,REPM,OATS,0.04453793395174017
DEA30000,REPM,MAIZ,0.09660249506824052
DEA30000,REPM,OCER,0.0747215844866767
DEA30000,REPM,RAPE,0.06705287826202169
DEA30000,REPM,POTA,0.2790524984786797
DEA30000,REPM,SUGB,0.1610821399845022
DEA30000,REPM,MAIF,0.08646015697499496
DEA30000,REPM,OFAR,0.1064201730635727
DEA30000,REPM,OSET,0.04749657345428893
DEA30000,REPM,VSET,0.1105479382654825
DEA30000,REPM,FALL,0.0
DEA30000,REPB,SWHE,0.02485316686899636
DEA30000,REPB,RYEM,0.02309906171406599
DEA30000,REPB,BARL,0.02163651167990657
DEA30000,REPB,OATS,0.01787507214716279
DEA30000,REPB,MAIZ,0.03333484384152588
DEA30000,REPB,OCER,0.02474682650977785
DEA30000,REPB,RAPE,0.0253080359498324
DEA30000,REPB,POTA,0.09649669181646946
DEA30000,REPB,SUGB,0.06053190524858908
DEA30000,REPB,MAIF,0.03095520025725784
DEA30000,REPB,OFAR,0.03599209076454185
DEA30000,REPB,OSET,0.009292363873271283
DEA30000,REPB,VSET,0.0244226674340507
DEA30000,REPB,FALL,0.0
DEA30000,ELEC,SWHE,0.005206579899224891
DEA30000,ELEC,RYEM,0.005737540772279576
DEA30000,ELEC,BARL,0.005182270611683566
DEA30000,ELEC,OATS,0.002433066906222353
DEA30000,ELEC,MAIZ,0.003723109952112147
DEA30000,ELEC,OCER,0.005790316388489532
DEA30000,ELEC,RAPE,0.005016503627073149
DEA30000,ELEC,POTA,0.002559359402128572
DEA30000,ELEC,SUGB,0.003724844027760065
DEA30000,ELEC,MAIF,0.005140784457479761
DEA30000,ELEC,OFAR,0.003770511070205918
DEA30000,ELEC,OSET,0.0
DEA30000,ELEC,VSET,0.0
DEA30000,ELEC,FALL,0.0
DEA30000,EGAS,SWHE,0.0003865477802280333
DEA30000,EGAS,RYEM,0.0004227669048056206
DEA30000,EGAS,BARL,0.0003847511490611572
DEA30000,EGAS,OATS,0.001363488830505227
DEA30000,EGAS,MAIZ,0.000949397696105089
DEA30000,EGAS,OCER,0.0008958316183501263
DEA30000,EGAS,RAPE,0.0003411445354486283
DEA30000,EGAS,POTA,0.0
DEA30000,EGAS,SUGB,0.0
DEA30000,EGAS,MAIF,0.0
DEA30000,EGAS,OFAR,0.0
DEA30000,EGAS,OSET,0.0
DEA30000,EGAS,VSET,0.0
DEA30000,EGAS,FALL,0.0
DEA30000,EFUL,SWHE,0.07421540878737384
DEA30000,EFUL,RYEM,0.08399000506435203
DEA30000,EFUL,BARL,0.07242723405806045
DEA30000,EFUL,OATS,0.0772752690014526
DEA30000,EFUL,MAIZ,0.07728697471127051
DEA30000,EFUL,OCER,0.07675337762056275
DEA30000,EFUL,RAPE,0.06172430829475532
DEA30000,EFUL,POTA,0.1425505226272304
DEA30000,EFUL,SUGB,0.06188107415269292
DEA30000,EFUL,MAIF,0.09056729791790738
DEA30000,EFUL,OFAR,0.08260152871581472
DEA30000,EFUL,OSET,0.0732374244722063
DEA30000,EFUL,VSET,0.08321496936916427
DEA30000,EFUL,FALL,0.0
DEA30000,ELUB,SWHE,0.005027884170251844
DEA30000,ELUB,RYEM,0.005971688746107491
DEA30000,ELUB,BARL,0.004994250381832941
DEA30000,ELUB,OATS,0.005289803468140373
DEA30000,ELUB,MAIZ,0.005149352504462484
DEA30000,ELUB,OCER,0.007614548560852603
DEA30000,ELUB,RAPE,0.004155693826404321
DEA30000,ELUB,POTA,0.007083255798623109
DEA30000,ELUB,SUGB,0.006075649765758385
DEA30000,ELUB,MAIF,0.007169968049026999
DEA30000,ELUB,OFAR,0.005597392935987065
DEA30000,ELUB,OSET,0.001714974305628057
DEA30000,ELUB,VSET,0.001998523132093283
DEA30000,ELUB,FALL,0.0
DEA30000,INPO,SWHE,0.1927527474273216
DEA30000,INPO,RYEM,0.1549955076751183
DEA30000,INPO,BARL,0.1587166620785543
DEA30000,INPO,OATS,0.1115539725127689
DEA30000,INPO,MAIZ,0.3377291877644296
DEA30000,INPO,OCER,0.2244554278767578
DEA30000,INPO,RAPE,0.1876430536425274
DEA30000,INPO,POTA,0.8575514465929324
DEA30000,INPO,SUGB,0.4500459584745654
DEA30000,INPO,MAIF,0.2726765805361177
DEA30000,INPO,OFAR,0.3902277832013243
DEA30000,INPO,OSET,0.1315513586434469
DEA30000,INPO,VSET,0.2387381975313608
DEA30000,INPO,FALL,0.0
DEA40000,SEED,SWHE,0.043302191816006
DEA40000,SEED,RYEM,0.03575165279900482
DEA40000,SEED,BARL,0.03575390458220416
DEA40000,SEED,OATS,0.03073836624620385
DEA40000,SEED,MAIZ,0.05156255805781643
DEA40000,SEED,OCER,0.06483292442343806
DEA40000,SEED,RAPE,0.03963397193502918
DEA40000,SEED,PULS,0.02521661673511845
DEA40000,SEED,POTA,0.1479370540831615
DEA40000,SEED,SUGB,0.09154747628256159
DEA40000,SEED,MAIF,0.04562913513482977
DEA40000,SEED,OFAR,0.06392267855366018
DEA40000,SEED,OSET,0.0
DEA40000,SEED,VSET,0.0
DEA40000,SEED,FALL,0.0
DEA40000,PLAP,SWHE,0.1175142215185479
DEA40000,PLAP,RYEM,0.0961510733454613
DEA40000,PLAP,BARL,0.1002219455942881
DEA40000,PLAP,OATS,0.08548034448726187
DEA40000,PLAP,MAIZ,0.1058184821715349
DEA40000,PLAP,OCER,0.1317854745811642
DEA40000,PLAP,RAPE,0.1023229085867409
DEA40000,PLAP,PULS,0.03713246123615249
DEA40000,PLAP,POTA,0.345721093229206
DEA40000,PLAP,SUGB,0.249850512840579
DEA40000,PLAP,MAIF,0.09598037860617027
DEA40000,PLAP,OFAR,0.09932080856754628
DEA40000,PLAP,OSET,0.0
DEA40000,PLAP,VSET,0.0
DEA40000,PLAP,FALL,0.0
DEA40000,FERT,SWHE,3.563284630841023
DEA40000,FERT,RYEM,2.725764777393892
DEA40000,FERT,BARL,2.630590978903768
DEA40000,FERT,OATS,5.47342771138183
DEA40000,FERT,MAIZ,3.896287069317486
DEA40000,FERT,OCER,7.392194673196889
DEA40000,FERT,RAPE,2.969316812809544
DEA40000,FERT,PULS,1.273496636999614
DEA40000,FERT,POTA,4.254502796501923
DEA40000,FERT,SUGB,5.860062947571704
DEA40000,FERT,MAIF,4.30217362612662
DEA40000,FERT,OFAR,2.787805968029861
DEA40000,FERT,OSET,0.0
DEA40000,FERT,VSET,0.0
DEA40000,FERT,FALL,0.0
DEA40000,REPM,SWHE,0.0657182993316162
DEA40000,REPM,RYEM,0.06247691096090102
DEA40000,REPM,BARL,0.05674653764091433
DEA40000,REPM,OATS,0.04386543873940546
DEA40000,REPM,MAIZ,0.09474003734196179
DEA40000,REPM,OCER,0.07467497610015228
DEA40000,REPM,RAPE,0.06770529921006367
DEA40000,REPM,PULS,0.03999807066589078
DEA40000,REPM,POTA,0.2937599093693544
DEA40000,REPM,SUGB,0.1570429156358046
DEA40000,REPM,MAIF,0.08577043750703132
DEA40000,REPM,OFAR,0.1109662140848452
DEA40000,REPM,OSET,0.04749657346437074
DEA40000,REPM,VSET,0.1105479382571035
DEA40000,REPM,FALL,0.0
DEA40000,REPB,SWHE,0.02502736077626077
DEA40000,REPB,RYEM,0.02375878924163624
DEA40000,REPB,BARL,0.02180931718581047
DEA40000,REPB,OATS,0.01760544128162888
DEA40000,REPB,MAIZ,0.03269338915232839
DEA40000,REPB,OCER,0.0247221376438266
DEA40000,REPB,RAPE,0.0255534543376812
DEA40000,REPB,PULS,0.01371659322043043
DEA40000,REPB,POTA,0.09354578557017008
DEA40000,REPB,SUGB,0.06011726251764647
DEA40000,REPB,MAIF,0.03070902813110377
DEA40000,REPB,OFAR,0.03752918294499509
DEA40000,REPB,OSET,0.0092923651104319
DEA40000,REPB,VSET,0.02442266773310885
DEA40000,REPB,FALL,0.0
DEA40000,ELEC,SWHE,0.00526047418832977
DEA40000,ELEC,RYEM,0.005901588262131181
DEA40000,ELEC,BARL,0.005246412954836572
DEA40000,ELEC,OATS,0.002379577330438675
DEA40000,ELEC,MAIZ,0.00361825128599554
DEA40000,ELEC,OCER,0.005775574456085813
DEA40000,ELEC,RAPE,0.005088982647125816
DEA40000,ELEC,PULS,0.002384188386060313
DEA40000,ELEC,POTA,0.002894589687425128
DEA40000,ELEC,SUGB,0.003623479251160983
DEA40000,ELEC,MAIF,0.005084536020561505
DEA40000,ELEC,OFAR,0.004012972043189882
DEA40000,ELEC,OSET,0.0
DEA40000,ELEC,VSET,0.0
DEA40000,ELEC,FALL,0.0
DEA40000,EGAS,SWHE,0.0003905489750347606
DEA40000,EGAS,RYEM,0.0004348440830629452
DEA40000,EGAS,BARL,0.0003895060409126056
DEA40000,EGAS,OATS,0.001333743579542148
DEA40000,EGAS,MAIZ,0.001052153191674273
DEA40000,EGAS,OCER,0.0008946633379194183
DEA40000,EGAS,RAPE,0.0003461549461732074
DEA40000,EGAS,PULS,0.0
DEA40000,EGAS,POTA,0.0
DEA40000,EGAS,SUGB,0.0
DEA40000,EGAS,MAIF,0.0
DEA40000,EGAS,OFAR,0.0
DEA40000,EGAS,OSET,0.0
DEA40000,EGAS,VSET,0.0
DEA40000,EGAS,FALL,0.0
DEA40000,EFUL,SWHE,0.07498197490818985
DEA40000,EFUL,RYEM,0.08639482739186888
DEA40000,EFUL,BARL,0.07334983286894634
DEA40000,EFUL,OATS,0.0756034111063677
DEA40000,EFUL,MAIZ,0.0751134686824994
DEA40000,EFUL,OCER,0.076817112815997
DEA40000,EFUL,RAPE,0.0626069605123425
DEA40000,EFUL,PULS,0.04729469509078607
DEA40000,EFUL,POTA,0.1231612073779758
DEA40000,EFUL,SUGB,0.07891315610911692
DEA40000,EFUL,MAIF,0.08952759302760552
DEA40000,EFUL,OFAR,0.08801770216368565
DEA40000,EFUL,OSET,0.07323742507179086
DEA40000,EFUL,VSET,0.08321496933921574
DEA40000,EFUL,FALL,0.0
DEA40000,ELUB,SWHE,0.005080119343161985
DEA40000,ELUB,RYEM,0.006142058123209804
DEA40000,ELUB,BARL,0.005053483412705589
DEA40000,ELUB,OATS,0.005173856574794352
DEA40000,ELUB,MAIZ,0.005002363202835948
DEA40000,ELUB,OCER,0.007605433118643808
DEA40000,ELUB,RAPE,0.00421705554778628
DEA40000,ELUB,PULS,0.005787735353253812
DEA40000,ELUB,POTA,0.008265709256583448
DEA40000,ELUB,SUGB,0.006469523457058262
DEA40000,ELUB,MAIF,0.007086553831586537
DEA40000,ELUB,OFAR,0.005959489465371382
DEA40000,ELUB,OSET,0.001714974310030573
DEA40000,ELUB,VSET,0.001998523136548457
DEA40000,ELUB,FALL,0.0
DEA40000,INPO,SWHE,0.1960079870705056
DEA40000,INPO,RYEM,0.1594328619732341
DEA40000,INPO,BARL,0.1619579617647763
DEA40000,INPO,OATS,0.1077364233769536
DEA40000,INPO,MAIZ,0.3224512284609301
DEA40000,INPO,OCER,0.2266757733858464
DEA40000,INPO,RAPE,0.1921360827782515
DEA40000,INPO,PULS,0.1004623077974621
DEA40000,INPO,POTA,0.8402197753065563
DEA40000,INPO,SUGB,0.4558695441391156
DEA40000,INPO,MAIF,0.2680403161434541
DEA40000,INPO,OFAR,0.4325310980009691
DEA40000,INPO,OSET,0.1315513585758943
DEA40000,INPO,VSET,0.2387381975348412
DEA40000,INPO,FALL,0.0
DEA50000,SEED,SWHE,0.04412255422261199
DEA50000,SEED,RYEM,0.03713596433546836
DEA50000,SEED,BARL,0.03575439186919048
DEA50000,SEED,OATS,0.03257445991594759
DEA50000,SEED,MAIZ,0.05792508485135402
DEA50000,SEED,OCER,0.04542068635575618
DEA50000,SEED,RAPE,0.03902369609310213
DEA50000,SEED,POTA,0.143687904266911
DEA50000,SEED,SUGB,0.0941682034450719
DEA50000,SEED,MAIF,0.04884421968162642
DEA50000,SEED,OSET,0.0
DEA50000,SEED,VSET,0.0
DEA50000,SEED,FALL,0.0
DEA50000,PLAP,SWHE,0.1190048298367238
DEA50000,PLAP,RYEM,0.09984188750389172
DEA50000,PLAP,BARL,0.1001174106663805
DEA50000,PLAP,OATS,0.08586397859788364
DEA50000,PLAP,MAIZ,0.1139561395938175
DEA50000,PLAP,OCER,0.1275578585660604
DEA50000,PLAP,RAPE,0.1013647419099755
DEA50000,PLAP,POTA,0.339261230290501
DEA50000,PLAP,SUGB,0.2454151108621921
DEA50000,PLAP,MAIF,0.1001266282304639
DEA50000,PLAP,OSET,0.0
DEA50000,PLAP,VSET,0.0
DEA50000,PLAP,FALL,0.0
DEA50000,FERT,SWHE,3.648672224576957
DEA50000,FERT,RYEM,2.83500626290465
DEA50000,FERT,BARL,2.649079876269039
DEA50000,FERT,OATS,5.926294495030492
DEA50000,FERT,MAIZ,4.460429935842221
DEA50000,FERT,OCER,6.734078579967828
DEA50000,FERT,RAPE,2.89933374341273
DEA50000,FERT,POTA,4.158315292039427
DEA50000,FERT,SUGB,5.889455930613514
DEA50000,FERT,MAIF,4.663357495752213
DEA50000,FERT,OSET,0.0
DEA50000,FERT,VSET,0.0
DEA50000,FERT,FALL,0.0
DEA50000,REPM,SWHE,0.0660435971994931
DEA50000,REPM,RYEM,0.06491531000758734
DEA50000,REPM,BARL,0.05677377475857277
DEA50000,REPM,OATS,0.04464282777051099
DEA50000,REPM,MAIZ,0.09772451303186051
DEA50000,REPM,OCER,0.05909720585344182
DEA50000,REPM,RAPE,0.0674269397659577
DEA50000,REPM,POTA,0.2912289415069274
DEA50000,REPM,SUGB,0.1625762260086498
DEA50000,REPM,MAIF,0.0873870412587147
DEA50000,REPM,OSET,0.04749657345625483
DEA50000,REPM,VSET,0.1105479382660854
DEA50000,REPM,FALL,0.0
DEA50000,REPB,SWHE,0.02515220835023389
DEA50000,REPB,RYEM,0.02468541365342393
DEA50000,REPB,BARL,0.02181755971417117
DEA50000,REPB,OATS,0.01791568882366394
DEA50000,REPB,MAIZ,0.03372196641934773
DEA50000,REPB,OCER,0.02146086679106106
DEA50000,REPB,RAPE,0.02544942456913097
DEA50000,REPB,POTA,0.09262533773591888
DEA50000,REPB,SUGB,0.06023823533815716
DEA50000,REPB,MAIF,0.03128689793961895
DEA50000,REPB,OSET,0.009292365091942444
DEA50000,REPB,VSET,0.02442266770265473
DEA50000,REPB,FALL,0.0
DEA50000,ELEC,SWHE,0.005300568440202984
DEA50000,ELEC,RYEM,0.006130921100472845
DEA50000,ELEC,BARL,0.005246233114631868
DEA50000,ELEC,OATS,0.002441823885777406
DEA50000,ELEC,MAIZ,0.003787172957483963
DEA50000,ELEC,OCER,0.004982624537743164
DEA50000,ELEC,RAPE,0.005058688229944801
DEA50000,ELEC,POTA,0.002855099712642412
DEA50000,ELEC,SUGB,0.003775584320889194
DEA50000,ELEC,MAIF,0.005221466682845493
DEA50000,ELEC,OSET,0.0
DEA50000,ELEC,VSET,0.0
DEA50000,ELEC,FALL,0.0
DEA50000,EGAS,SWHE,0.0003935261795421454
DEA50000,EGAS,RYEM,0.0004517846616325946
DEA50000,EGAS,BARL,0.0003895024604180012
DEA50000,EGAS,OATS,0.001367278287105415
DEA50000,EGAS,MAIZ,0.0009657159138583143
DEA50000,EGAS,OCER,0.001071889553254317
DEA50000,EGAS,RAPE,0.0003440020271448471
DEA50000,EGAS,POTA,0.0
DEA50000,EGAS,SUGB,0.0
DEA50000,EGAS,MAIF,0.0
DEA50000,EGAS,OSET,0.0
DEA50000,EGAS,VSET,0.0
DEA50000,EGAS,FALL,0.0
DEA50000,EFUL,SWHE,0.07556171994849369
DEA50000,EFUL,RYEM,0.0897369306190586
DEA50000,EFUL,BARL,0.07331574568471601
DEA50000,EFUL,OATS,0.07742826030821857
DEA50000,EFUL,MAIZ,0.07861550780172485
DEA50000,EFUL,OCER,0.084825670487136
DEA50000,EFUL,RAPE,0.06224417969106681
DEA50000,EFUL,POTA,0.1213992316141917
DEA50000,EFUL,SUGB,0.07324366317119055
DEA50000,EFUL,MAIF,0.09200038475858502
DEA50000,EFUL,OSET,0.07323742501746193
DEA50000,EFUL,VSET,0.08321496933466711
DEA50000,EFUL,FALL,0.0
DEA50000,ELUB,SWHE,0.005117875799315254
DEA50000,ELUB,RYEM,0.006382452111424471
DEA50000,ELUB,BARL,0.005056352613350443
DEA50000,ELUB,OATS,0.005307263438132198
DEA50000,ELUB,MAIZ,0.005238155996740678
DEA50000,ELUB,OCER,0.005472690008687048
DEA50000,ELUB,RAPE,0.004190426727228106
DEA50000,ELUB,POTA,0.008151684274817708
DEA50000,ELUB,SUGB,0.006764319519288688
DEA50000,ELUB,MAIF,0.007284012104465569
DEA50000,ELUB,OSET,0.001714974309840063
DEA50000,ELUB,VSET,0.001998523136311134
DEA50000,ELUB,FALL,0.0
DEA50000,INPO,SWHE,0.1984328557910143
DEA50000,INPO,RYEM,0.1656020555754247
DEA50000,INPO,BARL,0.1619167755455271
DEA50000,INPO,OATS,0.1120429942953605
DEA50000,INPO,MAIZ,0.3472063922978879
DEA50000,INPO,OCER,0.2146828464212555
DEA50000,INPO,RAPE,0.1902858585651128
DEA50000,INPO,POTA,0.8246548475999316
DEA50000,INPO,SUGB,0.4558755884759859
DEA50000,INPO,MAIF,0.2796360616179157
DEA50000,INPO,OSET,0.1315513586343036
DEA50000,INPO,VSET,0.2387381975345069
DEA50000,INPO,FALL,0.0
DEB10000,SEED,SWHE,0.0364581177530599
DEB10000,SEED,RYEM,0.03130778831588957
DEB10000,SEED,BARL,0.02953381475195604
DEB10000,SEED,OATS,0.0285939794358336
DEB10000,SEED,OCER,0.05289904883629631
DEB10000,SEED,RAPE,0.03680440684111323
DEB10000,SEED,PULS,0.02521661791514241
DEB10000,SEED,POTA,0.1160349857919411
DEB10000,SEED,SUGB,0.0820066373275551
DEB10000,SEED,MAIF,0.04694622357747389
DEB10000,SEED,OFAR,0.07010297416018683
DEB10000,SEED,OSET,0.0
DEB10000,SEED,VSET,0.0
DEB10000,SEED,FALL,0.0
DEB10000,PLAP,SWHE,0.1054615779177902
DEB10000,PLAP,RYEM,0.08434761035912425
DEB10000,PLAP,BARL,0.08896923648781704
DEB10000,PLAP,OATS,0.07873760510585232
DEB10000,PLAP,OCER,0.1136320796594516
DEB10000,PLAP,RAPE,0.09770637323848001
DEB10000,PLAP,PULS,0.03713246158550799
DEB10000,PLAP,POTA,0.2977985406317005
DEB10000,PLAP,SUGB,0.2210478317543041
DEB10000,PLAP,MAIF,0.0977111535156994
DEB10000,PLAP,OFAR,0.04080979641622702
DEB10000,PLAP,OSET,0.0
DEB10000,PLAP,VSET,0.0
DEB10000,PLAP,FALL,0.0
DEB10000,FERT,SWHE,3.003143969136892
DEB10000,FERT,RYEM,2.489544647151595
DEB10000,FERT,BARL,2.171985069631876
DEB10000,FERT,OATS,5.211932855069199
DEB10000,FERT,OCER,6.777133913843452
DEB10000,FERT,RAPE,2.787061409099407
DEB10000,FERT,PULS,1.307577139276336
DEB10000,FERT,POTA,3.375870380753772
DEB10000,FERT,SUGB,5.586521213049404
DEB10000,FERT,MAIF,4.609892295031772
DEB10000,FERT,OFAR,2.88732331521667
DEB10000,FERT,OSET,0.0
DEB10000,FERT,VSET,0.0
DEB10000,FERT,FALL,0.0
DEB10000,REPM,SWHE,0.06289104203294427
DEB10000,REPM,RYEM,0.0546293207029944
DEB10000,REPM,BARL,0.05406684485870715
DEB10000,REPM,OATS,0.04300261546634382
DEB10000,REPM,OCER,0.06815483191582572
DEB10000,REPM,RAPE,0.06647157977570137
DEB10000,REPM,PULS,0.03999807116603932
DEB10000,REPM,POTA,0.2747681340008131
DEB10000,REPM,SUGB,0.1606103511742589
DEB10000,REPM,MAIF,0.08640675741068851
DEB10000,REPM,OFAR,0.09981646286925971
DEB10000,REPM,OSET,0.04749657353435545
DEB10000,REPM,VSET,0.1105479382709331
DEB10000,REPM,FALL,0.0
DEB10000,REPB,SWHE,0.0239512427348822
DEB10000,REPB,RYEM,0.02077676294293803
DEB10000,REPB,BARL,0.02078051357168557
DEB10000,REPB,OATS,0.01725798099051615
DEB10000,REPB,OCER,0.02502399704190991
DEB10000,REPB,RAPE,0.02508836339078365
DEB10000,REPB,PULS,0.01371659341945556
DEB10000,REPB,POTA,0.08662820265048454
DEB10000,REPB,SUGB,0.0603665695843391
DEB10000,REPB,MAIF,0.03093687548499504
DEB10000,REPB,OFAR,0.03433303863311749
DEB10000,REPB,OSET,0.009292365979816412
DEB10000,REPB,VSET,0.02442266882242413
DEB10000,REPB,FALL,0.0
DEB10000,ELEC,SWHE,0.00492704756598108
DEB10000,ELEC,RYEM,0.005164744334715938
DEB10000,ELEC,BARL,0.004881959664244535
DEB10000,ELEC,OATS,0.002311448790276675
DEB10000,ELEC,OCER,0.005133909455848948
DEB10000,ELEC,RAPE,0.004950215336678868
DEB10000,ELEC,PULS,0.002384188421739901
DEB10000,ELEC,POTA,0.0025990795774294
DEB10000,ELEC,SUGB,0.003709204712414654
DEB10000,ELEC,MAIF,0.005140339096949979
DEB10000,ELEC,OFAR,0.003565255000683436
DEB10000,ELEC,OSET,0.0
DEB10000,ELEC,VSET,0.0
DEB10000,ELEC,FALL,0.0
DEB10000,EGAS,SWHE,0.000365790191140215
DEB10000,EGAS,RYEM,0.0003801771103218862
DEB10000,EGAS,BARL,0.0003624348465709951
DEB10000,EGAS,OATS,0.00129465924989199
DEB10000,EGAS,OCER,0.0007936430288474272
DEB10000,EGAS,RAPE,0.0003367410575980896
DEB10000,EGAS,PULS,0.0
DEB10000,EGAS,POTA,0.0
DEB10000,EGAS,SUGB,0.0
DEB10000,EGAS,MAIF,0.0
DEB10000,EGAS,OFAR,0.0
DEB10000,EGAS,OSET,0.0
DEB10000,EGAS,VSET,0.0
DEB10000,EGAS,FALL,0.0
DEB10000,EFUL,SWHE,0.07024021604347407
DEB10000,EFUL,RYEM,0.07569232107568862
DEB10000,EFUL,BARL,0.06828096581120698
DEB10000,EFUL,OATS,0.073338629991012
DEB10000,EFUL,OCER,0.06447632664088056
DEB10000,EFUL,RAPE,0.06089088171946395
DEB10000,EFUL,PULS,0.04729469461504412
DEB10000,EFUL,POTA,0.1237371987758501
DEB10000,EFUL,SUGB,0.06148218751097465
DEB10000,EFUL,MAIF,0.0905159924603382
DEB10000,EFUL,OFAR,0.06154845005336357
DEB10000,EFUL,OSET,0.07323742732009611
DEB10000,EFUL,VSET,0.08321496966888577
DEB10000,EFUL,FALL,0.0
DEB10000,ELUB,SWHE,0.004757291544871637
DEB10000,ELUB,RYEM,0.00536725169494734
DEB10000,ELUB,BARL,0.004700430128174751
DEB10000,ELUB,OATS,0.005024462467867682
DEB10000,ELUB,OCER,0.006712255187604281
DEB10000,ELUB,RAPE,0.004102350902633486
DEB10000,ELUB,PULS,0.00578773543102217
DEB10000,ELUB,POTA,0.007387456836275182
DEB10000,ELUB,SUGB,0.00604844449050565
DEB10000,ELUB,MAIF,0.007164983425197035
DEB10000,ELUB,OFAR,0.004928177853648113
DEB10000,ELUB,OSET,0.001714974327578225
DEB10000,ELUB,VSET,0.001998523154168369
DEB10000,ELUB,FALL,0.0
DEB10000,INPO,SWHE,0.1758743137112817
DEB10000,INPO,RYEM,0.1396560408916075
DEB10000,INPO,BARL,0.1437169328394773
DEB10000,INPO,OATS,0.1027196019332754
DEB10000,INPO,OCER,0.1934973748480092
DEB10000,INPO,RAPE,0.1834468942729008
DEB10000,INPO,PULS,0.1004623104025439
DEB10000,INPO,POTA,0.7236320979740292
DEB10000,INPO,SUGB,0.4471190194724314
DEB10000,INPO,MAIF,0.2728768871663022
DEB10000,INPO,OFAR,0.4609589286582404
DEB10000,INPO,OSET,0.1315513585963654
DEB10000,INPO,VSET,0.2387381975468697
DEB10000,INPO,FALL,0.0
DEB20000,SEED,SWHE,0.03497123659348826
DEB20000,SEED,BARL,0.02900525158458789
DEB20000,SEED,OATS,0.04204238462818506
DEB20000,SEED,OCER,0.05365660152371
DEB20000,SEED,RAPE,0.03380142949435003
DEB20000,SEED,MAIF,0.04734245018351436
DEB20000,SEED,OFAR,0.05381459295266144
DEB20000,SEED,OSET,0.0
DEB20000,SEED,VSET,0.0
DEB20000,SEED,FALL,0.0
DEB20000,PLAP,SWHE,0.1027879670809457
DEB20000,PLAP,BARL,0.08783698163375683
DEB20000,PLAP,OATS,0.09441502489676631
DEB20000,PLAP,OCER,0.1171239709961431
DEB20000,PLAP,RAPE,0.0928018450657137
DEB20000,PLAP,MAIF,0.09827120927362412
DEB20000,PLAP,OFAR,0.08920371132831405
DEB20000,PLAP,OSET,0.0
DEB20000,PLAP,VSET,0.0
DEB20000,PLAP,FALL,0.0
DEB20000,FERT,SWHE,2.882936279841033
DEB20000,FERT,BARL,2.149104817299182
DEB20000,FERT,OATS,6.519138701907004
DEB20000,FERT,OCER,7.235643024169304
DEB20000,FERT,RAPE,2.518290692130617
DEB20000,FERT,MAIF,4.657295750408311
DEB20000,FERT,OFAR,2.351716330937267
DEB20000,FERT,OSET,0.0
DEB20000,FERT,VSET,0.0
DEB20000,FERT,FALL,0.0
DEB20000,REPM,SWHE,0.06229488393449045
DEB20000,REPM,BARL,0.05388511281330288
DEB20000,REPM,OATS,0.04966602583467451
DEB20000,REPM,OCER,0.07024773019696776
DEB20000,REPM,RAPE,0.06517116226672572
DEB20000,REPM,MAIF,0.0865540989595381
DEB20000,REPM,OFAR,0.1061543399747631
DEB20000,REPM,OSET,0.04749657349812418
DEB20000,REPM,VSET,0.1105479382685944
DEB20000,REPM,FALL,0.0
DEB20000,REPB,SWHE,0.02372267994637899
DEB20000,REPB,BARL,0.02070675767244565
DEB20000,REPB,OATS,0.01981423437602096
DEB20000,REPB,OCER,0.02581795641225194
DEB20000,REPB,RAPE,0.02459669526632204
DEB20000,REPB,MAIF,0.03099060853040739
DEB20000,REPB,OFAR,0.03590305399349018
DEB20000,REPB,OSET,0.009292364795946546
DEB20000,REPB,VSET,0.02442266843992593
DEB20000,REPB,FALL,0.0
DEB20000,ELEC,SWHE,0.00485469132374581
DEB20000,ELEC,BARL,0.004850828968280494
DEB20000,ELEC,OATS,0.00284528205272176
DEB20000,ELEC,OCER,0.005295024672989047
DEB20000,ELEC,RAPE,0.004803677539246203
DEB20000,ELEC,MAIF,0.005156352499504417
DEB20000,ELEC,OFAR,0.003758631817305003
DEB20000,ELEC,OSET,0.0
DEB20000,ELEC,VSET,0.0
DEB20000,ELEC,FALL,0.0
DEB20000,EGAS,SWHE,0.0003604074569794282
DEB20000,EGAS,BARL,0.0003601299382312185
DEB20000,EGAS,OATS,0.001543036220916233
DEB20000,EGAS,OCER,0.0008308058152991146
DEB20000,EGAS,RAPE,0.0003268040467079998
DEB20000,EGAS,MAIF,0.0
DEB20000,EGAS,OFAR,0.0
DEB20000,EGAS,OSET,0.0
DEB20000,EGAS,VSET,0.0
DEB20000,EGAS,FALL,0.0
DEB20000,EFUL,SWHE,0.0692077686700859
DEB20000,EFUL,BARL,0.06780274297072307
DEB20000,EFUL,OATS,0.08016518350652263
DEB20000,EFUL,OCER,0.07000660186740226
DEB20000,EFUL,RAPE,0.05908874554674927
DEB20000,EFUL,MAIF,0.09075266773815091
DEB20000,EFUL,OFAR,0.08209072186259736
DEB20000,EFUL,OSET,0.07323742670796773
DEB20000,EFUL,VSET,0.08321496953828253
DEB20000,EFUL,FALL,0.0
DEB20000,ELUB,SWHE,0.004688343968083411
DEB20000,ELUB,BARL,0.004675173306776756
DEB20000,ELUB,OATS,0.006141459010377209
DEB20000,ELUB,OCER,0.006990288526206912
DEB20000,ELUB,RAPE,0.003981460735578621
DEB20000,ELUB,MAIF,0.007184548920187578
DEB20000,ELUB,OFAR,0.005574542398617523
DEB20000,ELUB,OSET,0.001714974329971993
DEB20000,ELUB,VSET,0.001998523149255198
DEB20000,ELUB,FALL,0.0
DEB20000,INPO,SWHE,0.1715133026205679
DEB20000,INPO,BARL,0.1421170961580555
DEB20000,INPO,OATS,0.1367688771612591
DEB20000,INPO,OCER,0.2014028144263984
DEB20000,INPO,RAPE,0.1742724888480423
DEB20000,INPO,MAIF,0.2744443766403296
DEB20000,INPO,OFAR,0.3884594677169427
DEB20000,INPO,OSET,0.1315513586723608
DEB20000,INPO,VSET,0.2387381973535439
DEB20000,INPO,FALL,0.0
DEB30000,SEED,SWHE,0.03530899251434345
DEB30000,SEED,DWHE,0.0397965895485724
DEB30000,SEED,RYEM,0.02806684045112234
DEB30000,SEED,BARL,0.02905877424640239
DEB30000,SEED,OATS,0.03182715757472013
DEB30000,SEED,MAIZ,0.04885195675214454
DEB30000,SEED,OCER,0.04241108030730537
DEB30000,SEED,RAPE,0.03491091896612049
DEB30000,SEED,PULS,0.02521661950439404
DEB30000,SEED,POTA,0.1267325997573635
DEB30000,SEED,SUGB,0.08187442831528349
DEB30000,SEED,MAIF,0.04690114703064517
DEB30000,SEED,OFAR,0.08153465698725391
DEB30000,SEED,OSET,0.0
DEB30000,SEED,VSET,0.0
DEB30000,SEED,FALL,0.0
DEB30000,PLAP,SWHE,0.103598519979525
DEB30000,PLAP,DWHE,0.08397287615111662
DEB30000,PLAP,RYEM,0.07585193544993948
DEB30000,PLAP,BARL,0.08801044688451515
DEB30000,PLAP,OATS,0.08780404844785897
DEB30000,PLAP,MAIZ,0.1023829478861998
DEB30000,PLAP,OCER,0.1107180337329598
DEB30000,PLAP,RAPE,0.09466794572152967
DEB30000,PLAP,PULS,0.03713246325479543
DEB30000,PLAP,POTA,0.3147300306902913
DEB30000,PLAP,SUGB,0.2333230245129918
DEB30000,PLAP,MAIF,0.09764726985740307
DEB30000,PLAP,OFAR,0.04768148042440817
DEB30000,PLAP,OSET,0.0
DEB30000,PLAP,VSET,0.0
DEB30000,PLAP,FALL,0.0
DEB30000,FERT,SWHE,2.846476770190582
DEB30000,FERT,DWHE,2.714104039118133
DEB30000,FERT,RYEM,2.204556984142739
DEB30000,FERT,BARL,2.132738765918176
DEB30000,FERT,OATS,5.094386074671674
DEB30000,FERT,MAIZ,3.749428574356149
DEB30000,FERT,OCER,5.951629783799307
DEB30000,FERT,RAPE,2.609744747452315
DEB30000,FERT,PULS,1.306811354530054
DEB30000,FERT,POTA,3.624015563404646
DEB30000,FERT,SUGB,5.510165269598862
DEB30000,FERT,MAIF,4.604427936143099
DEB30000,FERT,OFAR,3.343621837841203
DEB30000,FERT,OSET,0.0
DEB30000,FERT,VSET,0.0
DEB30000,FERT,FALL,0.0
DEB30000,REPM,SWHE,0.06236883817788846
DEB30000,REPM,DWHE,0.04860940972825083
DEB30000,REPM,RYEM,0.0488482540195655
DEB30000,REPM,BARL,0.0538856497766242
DEB30000,REPM,OATS,0.04424227028654161
DEB30000,REPM,MAIZ,0.09347039819241945
DEB30000,REPM,OCER,0.06176550754119908
DEB30000,REPM,RAPE,0.06562767525269309
DEB30000,REPM,PULS,0.03999807197017375
DEB30000,REPM,POTA,0.2708785120146688
DEB30000,REPM,SUGB,0.1524585857769107
DEB30000,REPM,MAIF,0.08636467705497533
DEB30000,REPM,OFAR,0.09260544536956469
DEB30000,REPM,OSET,0.04749657356370686
DEB30000,REPM,VSET,0.1105479382570823
DEB30000,REPM,FALL,0.0
DEB30000,REPB,SWHE,0.02375610176151255
DEB30000,REPB,DWHE,0.018518656700839
DEB30000,REPB,RYEM,0.01858111997590715
DEB30000,REPB,BARL,0.02070927532443222
DEB30000,REPB,OATS,0.01776069622084508
DEB30000,REPB,MAIZ,0.03225523931094244
DEB30000,REPB,OCER,0.02263325365987737
DEB30000,REPB,RAPE,0.02477186283927885
DEB30000,REPB,PULS,0.01371659375212003
DEB30000,REPB,POTA,0.09366804623121797
DEB30000,REPB,SUGB,0.05837753663643426
DEB30000,REPB,MAIF,0.03092266663762714
DEB30000,REPB,OFAR,0.03176647710843994
DEB30000,REPB,OSET,0.00929236556297023
DEB30000,REPB,VSET,0.02442266667726889
DEB30000,REPB,FALL,0.0
DEB30000,ELEC,SWHE,0.004871531408915174
DEB30000,ELEC,DWHE,0.001010986559473116
DEB30000,ELEC,RYEM,0.004625163707074191
DEB30000,ELEC,BARL,0.004853599072519416
DEB30000,ELEC,OATS,0.002406934611601602
DEB30000,ELEC,MAIZ,0.003546594080779763
DEB30000,ELEC,OCER,0.004905832385846532
DEB30000,ELEC,RAPE,0.004856680220374167
DEB30000,ELEC,PULS,0.002384188469998558
DEB30000,ELEC,POTA,0.002446334202884019
DEB30000,ELEC,SUGB,0.003469970823740853
DEB30000,ELEC,MAIF,0.005137660052374754
DEB30000,ELEC,OFAR,0.004101201287039898
DEB30000,ELEC,OSET,0.0
DEB30000,ELEC,VSET,0.0
DEB30000,ELEC,FALL,0.0
DEB30000,EGAS,SWHE,0.0003616695954412585
DEB30000,EGAS,DWHE,0.001995151110653004
DEB30000,EGAS,RYEM,0.0003397459757168624
DEB30000,EGAS,BARL,0.0003603531864340042
DEB30000,EGAS,OATS,0.001353541726932612
DEB30000,EGAS,MAIZ,0.001031563920464276
DEB30000,EGAS,OCER,0.0007834655036013725
DEB30000,EGAS,RAPE,0.0003302744447072515
DEB30000,EGAS,PULS,0.0
DEB30000,EGAS,POTA,0.0
DEB30000,EGAS,SUGB,0.0
DEB30000,EGAS,MAIF,0.0
DEB30000,EGAS,OFAR,0.0
DEB30000,EGAS,OSET,0.0
DEB30000,EGAS,VSET,0.0
DEB30000,EGAS,FALL,0.0
DEB30000,EFUL,SWHE,0.06948578238176421
DEB30000,EFUL,DWHE,0.0504167239808489
DEB30000,EFUL,RYEM,0.06793246953910574
DEB30000,EFUL,BARL,0.06784430853892086
DEB30000,EFUL,OATS,0.07701459263652552
DEB30000,EFUL,MAIZ,0.07363820729170888
DEB30000,EFUL,OCER,0.06894784135868065
DEB30000,EFUL,RAPE,0.05974664435254523
DEB30000,EFUL,PULS,0.04729469792643215
DEB30000,EFUL,POTA,0.1363350104221567
DEB30000,EFUL,SUGB,0.07556252447682399
DEB30000,EFUL,MAIF,0.09044332277885891
DEB30000,EFUL,OFAR,0.02197826872706155
DEB30000,EFUL,OSET,0.07323742293837417
DEB30000,EFUL,VSET,0.08321496938888298
DEB30000,EFUL,FALL,0.0
DEB30000,ELUB,SWHE,0.004699747203026834
DEB30000,ELUB,DWHE,0.00580924010908135
DEB30000,ELUB,RYEM,0.004793706089946058
DEB30000,ELUB,BARL,0.004676111618371735
DEB30000,ELUB,OATS,0.005240372785562917
DEB30000,ELUB,MAIZ,0.004901915764388377
DEB30000,ELUB,OCER,0.005878750161791324
DEB30000,ELUB,RAPE,0.004022867296460652
DEB30000,ELUB,PULS,0.005787735556180332
DEB30000,ELUB,POTA,0.006766158170532981
DEB30000,ELUB,SUGB,0.006194077200852782
DEB30000,ELUB,MAIF,0.007160488013380797
DEB30000,ELUB,OFAR,0.006731225448840281
DEB30000,ELUB,OSET,0.001714974293767652
DEB30000,ELUB,VSET,0.001998523120114533
DEB30000,ELUB,FALL,0.0
DEB30000,INPO,SWHE,0.1725375026610748
DEB30000,INPO,DWHE,0.08173011499885888
DEB30000,INPO,RYEM,0.1252803380469146
DEB30000,INPO,BARL,0.1422480176834085
DEB30000,INPO,OATS,0.1103520775900906
DEB30000,INPO,MAIZ,0.3119757524859008
DEB30000,INPO,OCER,0.1892803366572204
DEB30000,INPO,RAPE,0.17764660991829
DEB30000,INPO,PULS,0.10046231388061
DEB30000,INPO,POTA,0.7958867601652407
DEB30000,INPO,SUGB,0.4249041624071461
DEB30000,INPO,MAIF,0.2727091444876276
DEB30000,INPO,OFAR,0.4806439710578853
DEB30000,INPO,OSET,0.1315513585713302
DEB30000,INPO,VSET,0.2387381975117922
DEB30000,INPO,FALL,0.0
DEC00000,SEED,SWHE,0.03551635034259777
DEC00000,SEED,RYEM,0.03009270495841257
DEC00000,SEED,BARL,0.02944707844666903
DEC00000,SEED,OATS,0.008409254968283545
DEC00000,SEED,OCER,0.01988011310517114
DEC00000,SEED,RAPE,0.03440616719668402
DEC00000,SEED,MAIF,0.04502986002791873
DEC00000,SEED,OFAR,0.05869523145217456
DEC00000,SEED,OSET,0.0
DEC00000,SEED,VSET,0.0
DEC00000,SEED,FALL,0.0
DEC00000,PLAP,SWHE,0.1037702831335025
DEC00000,PLAP,RYEM,0.08095089204849168
DEC00000,PLAP,BARL,0.08859720412262367
DEC00000,PLAP,OATS,0.04742086562939371
DEC00000,PLAP,OCER,0.05400669733543515
DEC00000,PLAP,RAPE,0.09382649402507011
DEC00000,PLAP,MAIF,0.09508921526728223
DEC00000,PLAP,OFAR,0.09430569593179283
DEC00000,PLAP,OSET,0.0
DEC00000,PLAP,VSET,0.0
DEC00000,PLAP,FALL,0.0
DEC00000,FERT,SWHE,2.876914421820137
DEC00000,FERT,RYEM,2.379446059542188
DEC00000,FERT,BARL,2.214104441561727
DEC00000,FERT,OATS,0.9704089845921016
DEC00000,FERT,OCER,2.263459724231089
DEC00000,FERT,RAPE,2.543879861879283
DEC00000,FERT,MAIF,4.275548795489997
DEC00000,FERT,OFAR,2.567890581358608
DEC00000,FERT,OSET,0.0
DEC00000,FERT,VSET,0.0
DEC00000,FERT,FALL,0.0
DEC00000,REPM,SWHE,0.0625119284401086
DEC00000,REPM,RYEM,0.0525778651287095
DEC00000,REPM,BARL,0.05408390725626158
DEC00000,REPM,OATS,0.03391295478138828
DEC00000,REPM,OCER,0.04235333903219893
DEC00000,REPM,RAPE,0.06542321240837527
DEC00000,REPM,MAIF,0.08556138743738392
DEC00000,REPM,OFAR,0.1083680863385162
DEC00000,REPM,OSET,0.04749657349871925
DEC00000,REPM,VSET,0.1105479382531581
DEC00000,REPM,FALL,0.0
DEC00000,REPB,SWHE,0.02380611239164013
DEC00000,REPB,RYEM,0.01999461053673253
DEC00000,REPB,BARL,0.02078254474781892
DEC00000,REPB,OATS,0.01363874584503422
DEC00000,REPB,OCER,0.01490992990782373
DEC00000,REPB,RAPE,0.02469248631263637
DEC00000,REPB,MAIF,0.03063299762608102
DEC00000,REPB,OFAR,0.03665286375087448
DEC00000,REPB,OSET,0.009292365287460375
DEC00000,REPB,VSET,0.02442266792800403
DEC00000,REPB,FALL,0.0
DEC00000,ELEC,SWHE,0.004881114115402357
DEC00000,ELEC,RYEM,0.004967081000863535
DEC00000,ELEC,BARL,0.004876398571308204
DEC00000,ELEC,OATS,0.001792958562919286
DEC00000,ELEC,OCER,0.002973076545214561
DEC00000,ELEC,RAPE,0.004833073933003816
DEC00000,ELEC,MAIF,0.005059993284739198
DEC00000,ELEC,OFAR,0.003881075861341543
DEC00000,ELEC,OSET,0.0
DEC00000,ELEC,VSET,0.0
DEC00000,ELEC,FALL,0.0
DEC00000,EGAS,SWHE,0.0003623771172595358
DEC00000,EGAS,RYEM,0.0003659220066946627
DEC00000,EGAS,BARL,0.0003620417632691255
DEC00000,EGAS,OATS,0.0009246431213871479
DEC00000,EGAS,OCER,0.001030893225720927
DEC00000,EGAS,RAPE,0.0003286858922717311
DEC00000,EGAS,MAIF,0.0
DEC00000,EGAS,OFAR,0.0
DEC00000,EGAS,OSET,0.0
DEC00000,EGAS,VSET,0.0
DEC00000,EGAS,FALL,0.0
DEC00000,EFUL,SWHE,0.06958133030449992
DEC00000,EFUL,RYEM,0.07272624798205166
DEC00000,EFUL,BARL,0.06813671752572988
DEC00000,EFUL,OATS,0.06427885996717142
DEC00000,EFUL,OCER,0.06388772833011852
DEC00000,EFUL,RAPE,0.05946705570696813
DEC00000,EFUL,MAIF,0.08916610780935072
DEC00000,EFUL,OFAR,0.08439346753997146
DEC00000,EFUL,OSET,0.0732374254773687
DEC00000,EFUL,VSET,0.08321496954385028
DEC00000,EFUL,FALL,0.0
DEC00000,ELUB,SWHE,0.004713552397820498
DEC00000,ELUB,RYEM,0.005168460532912893
DEC00000,ELUB,BARL,0.004701352970768796
DEC00000,ELUB,OATS,0.00346362966904459
DEC00000,ELUB,OCER,0.004404153563647578
DEC00000,ELUB,RAPE,0.004004112361375649
DEC00000,ELUB,MAIF,0.007058301872614093
DEC00000,ELUB,OFAR,0.00574822261285848
DEC00000,ELUB,OSET,0.00171497431321676
DEC00000,ELUB,VSET,0.001998523139829287
DEC00000,ELUB,FALL,0.0
DEC00000,INPO,SWHE,0.1731001970450068
DEC00000,INPO,RYEM,0.1342040876526383
DEC00000,INPO,BARL,0.1433709521434046
DEC00000,INPO,OATS,0.05766311697668425
DEC00000,INPO,OCER,0.0911706584324674
DEC00000,INPO,RAPE,0.1761665124556627
DEC00000,INPO,MAIF,0.2655596999383525
DEC00000,INPO,OFAR,0.410336265552327
DEC00000,INPO,OSET,0.1315513585311479
DEC00000,INPO,VSET,0.2387381975608897
DEC00000,INPO,FALL,0.0
DED00000,SEED,SWHE,0.03658008981513865
DED00000,SEED,RYEM,0.02848671538678574
DED00000,SEED,BARL,0.03230421741202944
DED00000,SEED,OATS,0.01001726875263814
DED00000,SEED,MAIZ,0.0518249348783064
DED00000,SEED,OCER,0.02492534834038511
DED00000,SEED,RAPE,0.03844335085291326
DED00000,SEED,SUNF,0.02322650211152679
DED00000,SEED,PULS,0.02521661805269314
DED00000,SEED,POTA,0.140256374638872
DED00000,SEED,SUGB,0.07960044561294453
DED00000,SEED,MAIF,0.04328282399033165
DED00000,SEED,OFAR,0.1269365468302435
DED00000,SEED,OSET,0.0
DED00000,SEED,VSET,0.0
DED00000,SEED,FALL,0.0
DED00000,PLAP,SWHE,0.1056735907808474
DED00000,PLAP,RYEM,0.07679139178342959
DED00000,PLAP,BARL,0.09392026703414297
DED00000,PLAP,OATS,0.04988129994138198
DED00000,PLAP,MAIZ,0.1061490746085082
DED00000,PLAP,OCER,0.05321440892035408
DED00000,PLAP,RAPE,0.1003781579712997
DED00000,PLAP,SUNF,0.05315171221920058
DED00000,PLAP,PULS,0.03713246217293489
DED00000,PLAP,POTA,0.3346863660655758
DED00000,PLAP,SUGB,0.2285120771064887
DED00000,PLAP,MAIF,0.09278254977503099
DED00000,PLAP,OFAR,0.0751637377382933
DED00000,PLAP,OSET,0.0
DED00000,PLAP,VSET,0.0
DED00000,PLAP,FALL,0.0
DED00000,FERT,SWHE,3.066003056926362
DED00000,FERT,RYEM,2.317007724259283
DED00000,FERT,BARL,2.466681741487259
DED00000,FERT,OATS,1.345826834376089
DED00000,FERT,MAIZ,4.026220643558848
DED00000,FERT,OCER,2.68375092384652
DED00000,FERT,RAPE,2.944568889500742
DED00000,FERT,SUNF,2.071614478811806
DED00000,FERT,PULS,1.327863798048375
DED00000,FERT,POTA,4.094608566391641
DED00000,FERT,SUGB,5.340980791727929
DED00000,FERT,MAIF,4.156057742465583
DED00000,FERT,OFAR,5.871463945225232
DED00000,FERT,OSET,0.0
DED00000,FERT,VSET,0.0
DED00000,FERT,FALL,0.0
DED00000,REPM,SWHE,0.06294220980001938
DED00000,REPM,RYEM,0.04968593922899575
DED00000,REPM,BARL,0.05527764707420095
DED00000,REPM,OATS,0.03476915447152774
DED00000,REPM,MAIZ,0.09487814555819445
DED00000,REPM,OCER,0.04668267741249171
DED00000,REPM,RAPE,0.06718805703141756
DED00000,REPM,SUNF,0.04412043982057822
DED00000,REPM,PULS,0.03999807140507112
DED00000,REPM,POTA,0.277692326311297
DED00000,REPM,SUGB,0.1516351111524775
DED00000,REPM,MAIF,0.08468683081673935
DED00000,REPM,OFAR,0.132091510092842
DED00000,REPM,OSET,0.04749657360456842
DED00000,REPM,VSET,0.1105479382706652
DED00000,REPM,FALL,0.0
DED00000,REPB,SWHE,0.02397061408640308
DED00000,REPB,RYEM,0.01889611050589717
DED00000,REPB,BARL,0.02124371727463152
DED00000,REPB,OATS,0.01394620172142894
DED00000,REPB,MAIZ,0.03274057097084193
DED00000,REPB,OCER,0.01364419559155906
DED00000,REPB,RAPE,0.02535820163474699
DED00000,REPB,SUNF,0.01606304706503028
DED00000,REPB,PULS,0.01371659352775352
DED00000,REPB,POTA,0.09603042084171674
DED00000,REPB,SUGB,0.0580426856224663
DED00000,REPB,MAIF,0.03032110378842269
DED00000,REPB,OFAR,0.04552512196876901
DED00000,REPB,OSET,0.00929236521916621
DED00000,REPB,VSET,0.02442266801179284
DED00000,REPB,FALL,0.0
DED00000,ELEC,SWHE,0.004932997774701461
DED00000,ELEC,RYEM,0.004698838900507104
DED00000,ELEC,BARL,0.005044438491549496
DED00000,ELEC,OATS,0.001871758640872601
DED00000,ELEC,MAIZ,0.003625569268244872
DED00000,ELEC,OCER,0.00302179840946665
DED00000,ELEC,RAPE,0.005030731738234572
DED00000,ELEC,SUNF,0.0008569872433591005
DED00000,ELEC,PULS,0.002384188426013699
DED00000,ELEC,POTA,0.002541622976945972
DED00000,ELEC,SUGB,0.003437119376145149
DED00000,ELEC,MAIF,0.004984750225825717
DED00000,ELEC,OFAR,0.005000067323446281
DED00000,ELEC,OSET,0.0
DED00000,ELEC,VSET,0.0
DED00000,ELEC,FALL,0.0
DED00000,EGAS,SWHE,0.0003662302158682613
DED00000,EGAS,RYEM,0.0003455652408777734
DED00000,EGAS,BARL,0.0003744979695217295
DED00000,EGAS,OATS,0.000954319068017013
DED00000,EGAS,MAIZ,0.0009249427914327917
DED00000,EGAS,OCER,0.001198271359867572
DED00000,EGAS,RAPE,0.0003422028771919247
DED00000,EGAS,SUNF,0.001806959059960538
DED00000,EGAS,PULS,0.0
DED00000,EGAS,POTA,0.0
DED00000,EGAS,SUGB,0.0
DED00000,EGAS,MAIF,0.0
DED00000,EGAS,OFAR,0.0
DED00000,EGAS,OSET,0.0
DED00000,EGAS,VSET,0.0
DED00000,EGAS,FALL,0.0
DED00000,EFUL,SWHE,0.07032440065833041
DED00000,EFUL,RYEM,0.068909197874047
DED00000,EFUL,BARL,0.07053322002903367
DED00000,EFUL,OATS,0.06604355657002049
DED00000,EFUL,MAIZ,0.07526482417000681
DED00000,EFUL,OCER,0.05542862244826567
DED00000,EFUL,RAPE,0.06188817647691207
DED00000,EFUL,SUNF,0.06175259454716626
DED00000,EFUL,PULS,0.04729469645477288
DED00000,EFUL,POTA,0.141446255575919
DED00000,EFUL,SUGB,0.0748189353732877
DED00000,EFUL,MAIF,0.08778685178864265
DED00000,EFUL,OFAR,0.1093347630210748
DED00000,EFUL,OSET,0.07323742564646742
DED00000,EFUL,VSET,0.08321496949127943
DED00000,EFUL,FALL,0.0
DED00000,ELUB,SWHE,0.004763137665475729
DED00000,ELUB,RYEM,0.004880459632598505
DED00000,ELUB,BARL,0.004859315819401981
DED00000,ELUB,OATS,0.003617624008065524
DED00000,ELUB,MAIZ,0.005013137869153675
DED00000,ELUB,OCER,0.005096358860242645
DED00000,ELUB,RAPE,0.004168986771242876
DED00000,ELUB,SUNF,0.004133357823233259
DED00000,ELUB,PULS,0.005787735443025597
DED00000,ELUB,POTA,0.007037606347254383
DED00000,ELUB,SUGB,0.006137687014336943
DED00000,ELUB,MAIF,0.006951491608893209
DED00000,ELUB,OFAR,0.007966937836146222
DED00000,ELUB,OSET,0.001714974314654914
DED00000,ELUB,VSET,0.00199852314116747
DED00000,ELUB,FALL,0.0
DED00000,INPO,SWHE,0.1762341949961148
DED00000,INPO,RYEM,0.1271135801916369
DED00000,INPO,BARL,0.151846404786548
DED00000,INPO,OATS,0.06186430943786857
DED00000,INPO,MAIZ,0.3234421698669008
DED00000,INPO,OCER,0.09190937609081104
DED00000,INPO,RAPE,0.1884887022599162
DED00000,INPO,SUNF,0.0669689559598455
DED00000,INPO,PULS,0.1004623101766718
DED00000,INPO,POTA,0.8466578107644207
DED00000,INPO,SUGB,0.4171244388688029
DED00000,INPO,MAIF,0.259130290663175
DED00000,INPO,OFAR,0.6941254060024589
DED00000,INPO,OSET,0.1315513586318381
DED00000,INPO,VSET,0.2387381975376135
DED00000,INPO,FALL,0.0
DEE00000,SEED,SWHE,0.03905105700669297
DEE00000,SEED,DWHE,0.03972731826015639
DEE00000,SEED,RYEM,0.02675138879316286
DEE00000,SEED,BARL,0.03446525167279312
DEE00000,SEED,OATS,0.00910185176519182
DEE00000,SEED,MAIZ,0.04864784861692135
DEE00000,SEED,OCER,0.01623113129780453
DEE00000,SEED,RAPE,0.0373656950336339
DEE00000,SEED,SUNF,0.02583193731226643
DEE00000,SEED,PULS,0.02521661805468334
DEE00000,SEED,POTA,0.1394568537694929
DEE00000,SEED,SUGB,0.07580000523987199
DEE00000,SEED,MAIF,0.0393396202088158
DEE00000,SEED,OFAR,0.08894038207020688
DEE00000,SEED,OSET,0.0
DEE00000,SEED,VSET,0.0
DEE00000,SEED,FALL,0.0
DEE00000,PLAP,SWHE,0.1100317494161724
DEE00000,PLAP,DWHE,0.0805950433156333
DEE00000,PLAP,RYEM,0.07214117432191641
DEE00000,PLAP,BARL,0.0977393006860314
DEE00000,PLAP,OATS,0.04579332864585561
DEE00000,PLAP,MAIZ,0.1020585476971922
DEE00000,PLAP,OCER,0.05638872814670881
DEE00000,PLAP,RAPE,0.09857605742302764
DEE00000,PLAP,SUNF,0.05675326416907653
DEE00000,PLAP,PULS,0.03713246217637012
DEE00000,PLAP,POTA,0.3335208075974578
DEE00000,PLAP,SUGB,0.2218347002948897
DEE00000,PLAP,MAIF,0.08753499338077352
DEE00000,PLAP,OFAR,0.1024351149525668
DEE00000,PLAP,OSET,0.0
DEE00000,PLAP,VSET,0.0
DEE00000,PLAP,FALL,0.0
DEE00000,FERT,SWHE,3.239460590887283
DEE00000,FERT,DWHE,2.629101338576567
DEE00000,FERT,RYEM,2.127161204755359
DEE00000,FERT,BARL,2.664601657271241
DEE00000,FERT,OATS,1.094646423984069
DEE00000,FERT,MAIZ,3.672541454047431
DEE00000,FERT,OCER,1.982879963772504
DEE00000,FERT,RAPE,2.806555453765858
DEE00000,FERT,SUNF,2.306204620180911
DEE00000,FERT,PULS,1.31014248958485
DEE00000,FERT,POTA,3.983352436201178
DEE00000,FERT,SUGB,5.028937385683979
DEE00000,FERT,MAIF,3.630732080493402
DEE00000,FERT,OFAR,4.124433404404423
DEE00000,FERT,OSET,0.0
DEE00000,FERT,VSET,0.0
DEE00000,FERT,FALL,0.0
DEE00000,REPM,SWHE,0.06396091664476852
DEE00000,REPM,DWHE,0.05012249266611395
DEE00000,REPM,RYEM,0.04663977493963754
DEE00000,REPM,BARL,0.05623147112933379
DEE00000,REPM,OATS,0.03314561513285835
DEE00000,REPM,MAIZ,0.09341625333821921
DEE00000,REPM,OCER,0.05047470491127784
DEE00000,REPM,RAPE,0.06673375090740398
DEE00000,REPM,SUNF,0.04527377425957053
DEE00000,REPM,PULS,0.03999807133637388
DEE00000,REPM,POTA,0.2772912591307635
DEE00000,REPM,SUGB,0.1498891728092719
DEE00000,REPM,MAIF,0.08284125730992874
DEE00000,REPM,OFAR,0.1237751809774456
DEE00000,REPM,OSET,0.04749657346072253
DEE00000,REPM,VSET,0.1105479382173198
DEE00000,REPM,FALL,0.0
DEE00000,REPB,SWHE,0.02435853440440633
DEE00000,REPB,DWHE,0.01920961695580221
DEE00000,REPB,RYEM,0.01773940377653093
DEE00000,REPB,BARL,0.02160800898028589
DEE00000,REPB,OATS,0.01337259482944048
DEE00000,REPB,MAIZ,0.03223616051248308
DEE00000,REPB,OCER,0.01541587046119392
DEE00000,REPB,RAPE,0.02518563114487736
DEE00000,REPB,SUNF,0.01648255347047067
DEE00000,REPB,PULS,0.01371659350961128
DEE00000,REPB,POTA,0.0958908102517289
DEE00000,REPB,SUGB,0.05737450866845839
DEE00000,REPB,MAIF,0.02965914725220115
DEE00000,REPB,OFAR,0.04184042711308011
DEE00000,REPB,OSET,0.009292365284651813
DEE00000,REPB,VSET,0.02442266797244325
DEE00000,REPB,FALL,0.0
DEE00000,ELEC,SWHE,0.005053385116450472
DEE00000,ELEC,DWHE,0.001041687308556547
DEE00000,ELEC,RYEM,0.004411414133863088
DEE00000,ELEC,BARL,0.005170865172077529
DEE00000,ELEC,OATS,0.001741559224046285
DEE00000,ELEC,MAIZ,0.003541741013773599
DEE00000,ELEC,OCER,0.003354088011371146
DEE00000,ELEC,RAPE,0.0049784134205092
DEE00000,ELEC,SUNF,0.0008906111784881031
DEE00000,ELEC,PULS,0.002384188426486441
DEE00000,ELEC,POTA,0.002535960191003374
DEE00000,ELEC,SUGB,0.003377442302540684
DEE00000,ELEC,MAIF,0.004818506313419834
DEE00000,ELEC,OFAR,0.004657345073851374
DEE00000,ELEC,OSET,0.0
DEE00000,ELEC,VSET,0.0
DEE00000,ELEC,FALL,0.0
DEE00000,EGAS,SWHE,0.0003751703834555799
DEE00000,EGAS,DWHE,0.002047808441357326
DEE00000,EGAS,RYEM,0.0003246029434504946
DEE00000,EGAS,BARL,0.0003838963236104472
DEE00000,EGAS,OATS,0.0009017738270711852
DEE00000,EGAS,MAIZ,0.0009036348900068245
DEE00000,EGAS,OCER,0.0008692825631713919
DEE00000,EGAS,RAPE,0.000338771733217383
DEE00000,EGAS,SUNF,0.001878004196760685
DEE00000,EGAS,PULS,0.0
DEE00000,EGAS,POTA,0.0
DEE00000,EGAS,SUGB,0.0
DEE00000,EGAS,MAIF,0.0
DEE00000,EGAS,OFAR,0.0
DEE00000,EGAS,OSET,0.0
DEE00000,EGAS,VSET,0.0
DEE00000,EGAS,FALL,0.0
DEE00000,EFUL,SWHE,0.07203752875334671
DEE00000,EFUL,DWHE,0.05278605569563576
DEE00000,EFUL,RYEM,0.06469111648064187
DEE00000,EFUL,BARL,0.0722641206846346
DEE00000,EFUL,OATS,0.07517777086703807
DEE00000,EFUL,MAIZ,0.07352077957589223
DEE00000,EFUL,OCER,0.0395739382184338
DEE00000,EFUL,RAPE,0.06122874997660337
DEE00000,EFUL,SUNF,0.06419696737105303
DEE00000,EFUL,PULS,0.0472946967175838
DEE00000,EFUL,POTA,0.1411552650173045
DEE00000,EFUL,SUGB,0.07352233833534808
DEE00000,EFUL,MAIF,0.08490598263665405
DEE00000,EFUL,OFAR,0.1071574382527512
DEE00000,EFUL,OSET,0.07323742554003079
DEE00000,EFUL,VSET,0.0832149693530795
DEE00000,EFUL,FALL,0.0
DEE00000,ELUB,SWHE,0.004879549467004462
DEE00000,ELUB,DWHE,0.005583330580891803
DEE00000,ELUB,RYEM,0.004580538426838038
DEE00000,ELUB,BARL,0.004984404657196447
DEE00000,ELUB,OATS,0.003341485998110513
DEE00000,ELUB,MAIZ,0.004897438837078038
DEE00000,ELUB,OCER,0.00499522386697352
DEE00000,ELUB,RAPE,0.004127627184916197
DEE00000,ELUB,SUNF,0.004295938712096947
DEE00000,ELUB,PULS,0.005787735445010413
DEE00000,ELUB,POTA,0.007021402313362173
DEE00000,ELUB,SUGB,0.006031074045454511
DEE00000,ELUB,MAIF,0.006722101384401584
DEE00000,ELUB,OFAR,0.007017107174240879
DEE00000,ELUB,OSET,0.001714974314851913
DEE00000,ELUB,VSET,0.001998523140877144
DEE00000,ELUB,FALL,0.0
DEE00000,INPO,SWHE,0.1835035824025639
DEE00000,INPO,DWHE,0.07928371511506022
DEE00000,INPO,RYEM,0.1193452372887347
DEE00000,INPO,BARL,0.1581467271669728
DEE00000,INPO,OATS,0.05365371812797977
DEE00000,INPO,MAIZ,0.3109836005597959
DEE00000,INPO,OCER,0.102440843449896
DEE00000,INPO,RAPE,0.1851577528278384
DEE00000,INPO,SUNF,0.0715452076541556
DEE00000,INPO,PULS,0.100462310576297
DEE00000,INPO,POTA,0.8437039655727409
DEE00000,INPO,SUGB,0.4049351674829665
DEE00000,INPO,MAIF,0.2444679576967532
DEE00000,INPO,OFAR,0.5389906085476651
DEE00000,INPO,OSET,0.1315513585626399
DEE00000,INPO,VSET,0.2387381975079281
DEE00000,INPO,FALL,0.0
DEF00000,SEED,SWHE,0.04606563268006647
DEF00000,SEED,RYEM,0.036832645083936
DEF00000,SEED,BARL,0.03993550962489225
DEF00000,SEED,OATS,0.0112642629939034
DEF00000,SEED,OCER,0.03173416701413968
DEF00000,SEED,RAPE,0.04402322679728222
DEF00000,SEED,PULS,0.02521661805474962
DEF00000,SEED,POTA,0.1362796877394403
DEF00000,SEED,SUGB,0.0836571042877573
DEF00000,SEED,MAIF,0.03870462552806439
DEF00000,SEED,OFAR,0.05970096735957482
DEF00000,SEED,OSET,0.0
DEF00000,SEED,VSET,0.0
DEF00000,SEED,FALL,0.0
DEF00000,PLAP,SWHE,0.1224328681817948
DEF00000,PLAP,RYEM,0.0990381194531573
DEF00000,PLAP,BARL,0.1077544234951924
DEF00000,PLAP,OATS,0.04627403833634823
DEF00000,PLAP,OCER,0.05321345817389098
DEF00000,PLAP,RAPE,0.1094258345743548
DEF00000,PLAP,PULS,0.0371324622938597
DEF00000,PLAP,POTA,0.3288900969334478
DEF00000,PLAP,SUGB,0.2357765803912112
DEF00000,PLAP,MAIF,0.08671396267212192
DEF00000,PLAP,OFAR,0.07707616047786088
DEF00000,PLAP,OSET,0.0
DEF00000,PLAP,VSET,0.0
DEF00000,PLAP,FALL,0.0
DEF00000,FERT,SWHE,3.957437668937135
DEF00000,FERT,RYEM,2.874671679178302
DEF00000,FERT,BARL,3.139052201495799
DEF00000,FERT,OATS,1.040005397242565
DEF00000,FERT,OCER,2.523163395525652
DEF00000,FERT,RAPE,3.421951758471006
DEF00000,FERT,PULS,1.297931262512316
DEF00000,FERT,POTA,3.846714759389128
DEF00000,FERT,SUGB,5.456799474213809
DEF00000,FERT,MAIF,3.544543579579233
DEF00000,FERT,OFAR,2.461554764810894
DEF00000,FERT,OSET,0.0
DEF00000,FERT,VSET,0.0
DEF00000,FERT,FALL,0.0
DEF00000,REPM,SWHE,0.06684635977174523
DEF00000,REPM,RYEM,0.06438063963529414
DEF00000,REPM,BARL,0.05856015504843583
DEF00000,REPM,OATS,0.03274151946929389
DEF00000,REPM,OCER,0.04032539294211161
DEF00000,REPM,RAPE,0.06963509093846203
DEF00000,REPM,PULS,0.03999807138952906
DEF00000,REPM,POTA,0.2756708851814668
DEF00000,REPM,SUGB,0.1534674601001276
DEF00000,REPM,MAIF,0.08252794665333661
DEF00000,REPM,OFAR,0.1010826617039454
DEF00000,REPM,OSET,0.04749657348593306
DEF00000,REPM,VSET,0.1105479382628374
DEF00000,REPM,FALL,0.0
DEF00000,REPB,SWHE,0.02545744820870961
DEF00000,REPB,RYEM,0.02448189165353207
DEF00000,REPB,BARL,0.02250414095207515
DEF00000,REPB,OATS,0.01323069528776689
DEF00000,REPB,OCER,0.01400643270130891
DEF00000,REPB,RAPE,0.02627995207167189
DEF00000,REPB,PULS,0.01371659352443903
DEF00000,REPB,POTA,0.09532754058858442
DEF00000,REPB,SUGB,0.05874578360924909
DEF00000,REPB,MAIF,0.02954703065640357
DEF00000,REPB,OFAR,0.03486050212097799
DEF00000,REPB,OSET,0.009292364023253528
DEF00000,REPB,VSET,0.02442266670149685
DEF00000,REPB,FALL,0.0
DEF00000,ELEC,SWHE,0.00539552322866564
DEF00000,ELEC,RYEM,0.006080749019847448
DEF00000,ELEC,BARL,0.005491966309088429
DEF00000,ELEC,OATS,0.001707870261692938
DEF00000,ELEC,OCER,0.002847360629213621
DEF00000,ELEC,RAPE,0.005304530375800278
DEF00000,ELEC,PULS,0.002384188426366621
DEF00000,ELEC,POTA,0.002512935000132723
DEF00000,ELEC,SUGB,0.003500307196367282
DEF00000,ELEC,MAIF,0.004791625681792125
DEF00000,ELEC,OFAR,0.003499284574627969
DEF00000,ELEC,OSET,0.0
DEF00000,ELEC,VSET,0.0
DEF00000,ELEC,FALL,0.0
DEF00000,EGAS,SWHE,0.0004005653076278238
DEF00000,EGAS,RYEM,0.0004479900288876452
DEF00000,EGAS,BARL,0.0004077238682587056
DEF00000,EGAS,OATS,0.0008957227627161212
DEF00000,EGAS,OCER,0.00111743536691713
DEF00000,EGAS,RAPE,0.0003609342569644409
DEF00000,EGAS,PULS,0.0
DEF00000,EGAS,POTA,0.0
DEF00000,EGAS,SUGB,0.0
DEF00000,EGAS,MAIF,0.0
DEF00000,EGAS,OFAR,0.0
DEF00000,EGAS,OSET,0.0
DEF00000,EGAS,VSET,0.0
DEF00000,EGAS,FALL,0.0
DEF00000,EFUL,SWHE,0.07692263916033135
DEF00000,EFUL,RYEM,0.08901622101035243
DEF00000,EFUL,BARL,0.07677905575279372
DEF00000,EFUL,OATS,0.08638685203533439
DEF00000,EFUL,OCER,0.06584023177370618
DEF00000,EFUL,RAPE,0.0652491650390196
DEF00000,EFUL,PULS,0.04729469692505558
DEF00000,EFUL,POTA,0.139960618698456
DEF00000,EFUL,SUGB,0.07621012141486604
DEF00000,EFUL,MAIF,0.08443253858419072
DEF00000,EFUL,OFAR,0.0670231818245332
DEF00000,EFUL,OSET,0.07323742298556883
DEF00000,EFUL,VSET,0.08321496970332452
DEF00000,EFUL,FALL,0.0
DEF00000,ELUB,SWHE,0.005209502330990956
DEF00000,ELUB,RYEM,0.006329505318626357
DEF00000,ELUB,BARL,0.005291693286932689
DEF00000,ELUB,OATS,0.003281203508434107
DEF00000,ELUB,OCER,0.004379538691283681
DEF00000,ELUB,RAPE,0.00439770634900934
DEF00000,ELUB,PULS,0.00578773544887382
DEF00000,ELUB,POTA,0.006954211430282926
DEF00000,ELUB,SUGB,0.006250133196262237
DEF00000,ELUB,MAIF,0.006683599187351144
DEF00000,ELUB,OFAR,0.005381282242794494
DEF00000,ELUB,OSET,0.001714974294177098
DEF00000,ELUB,VSET,0.001998523120562273
DEF00000,ELUB,FALL,0.0
DEF00000,INPO,SWHE,0.2041818921463641
DEF00000,INPO,RYEM,0.1642619319550809
DEF00000,INPO,BARL,0.1742730124084093
DEF00000,INPO,OATS,0.0535386280633868
DEF00000,INPO,OCER,0.09379858965988819
DEF00000,INPO,RAPE,0.2055580820510883
DEF00000,INPO,PULS,0.100462310456864
DEF00000,INPO,POTA,0.8318652088519856
DEF00000,INPO,SUGB,0.430320427320944
DEF00000,INPO,MAIF,0.2421693480786021
DEF00000,INPO,OFAR,0.4145659338210347
DEF00000,INPO,OSET,0.1315513584970518
DEF00000,INPO,VSET,0.2387381975223871
DEF00000,INPO,FALL,0.0
DEG00000,SEED,SWHE,0.03745600341408532
DEG00000,SEED,RYEM,0.03539117556141069
DEG00000,SEED,BARL,0.0324300389688619
DEG00000,SEED,OATS,0.0117227323453822
DEG00000,SEED,MAIZ,0.0498053785743694
DEG00000,SEED,OCER,0.02880333872739782
DEG00000,SEED,RAPE,0.03891447940076727
DEG00000,SEED,SUNF,0.0259784729370207
DEG00000,SEED,PULS,0.02521661802670883
DEG00000,SEED,POTA,0.1436508244367087
DEG00000,SEED,SUGB,0.0786472965464486
DEG00000,SEED,MAIF,0.04533495429646139
DEG00000,SEED,OFAR,0.06751223116424607
DEG00000,SEED,OSET,0.0
DEG00000,SEED,VSET,0.0
DEG00000,SEED,FALL,0.0
DEG00000,PLAP,SWHE,0.1072212244719967
DEG00000,PLAP,RYEM,0.09527949760395002
DEG00000,PLAP,BARL,0.09416503768981993
DEG00000,PLAP,OATS,0.05051734183523657
DEG00000,PLAP,MAIZ,0.1031771544999442
DEG00000,PLAP,OCER,0.05854080518215544
DEG00000,PLAP,RAPE,0.1011127310452643
DEG00000,PLAP,SUNF,0.05697992248924603
DEG00000,PLAP,PULS,0.03713246224901866
DEG00000,PLAP,POTA,0.3398234674987468
DEG00000,PLAP,SUGB,0.2267513646839367
DEG00000,PLAP,MAIF,0.09546459615708212
DEG00000,PLAP,OFAR,0.1028880285647071
DEG00000,PLAP,OSET,0.0
DEG00000,PLAP,VSET,0.0
DEG00000,PLAP,FALL,0.0
DEG00000,FERT,SWHE,3.137845680602021
DEG00000,FERT,RYEM,2.810253242263383
DEG00000,FERT,BARL,2.452851513576421
DEG00000,FERT,OATS,1.358166115806678
DEG00000,FERT,MAIZ,3.80829394300859
DEG00000,FERT,OCER,2.659665318235075
DEG00000,FERT,RAPE,2.962421149476519
DEG00000,FERT,SUNF,2.342450763420745
DEG00000,FERT,PULS,1.315376232907157
DEG00000,FERT,POTA,4.15095338458142
DEG00000,FERT,SUGB,5.27965394921161
DEG00000,FERT,MAIF,4.391135960481539
DEG00000,FERT,OFAR,3.065458969848393
DEG00000,FERT,OSET,0.0
DEG00000,FERT,VSET,0.0
DEG00000,FERT,FALL,0.0
DEG00000,REPM,SWHE,0.06330273006594055
DEG00000,REPM,RYEM,0.06179770173148488
DEG00000,REPM,BARL,0.05532656841955984
DEG00000,REPM,OATS,0.03433283263375349
DEG00000,REPM,MAIZ,0.09416448033407607
DEG00000,REPM,OCER,0.04269500205994406
DEG00000,REPM,RAPE,0.06740285130128523
DEG00000,REPM,SUNF,0.04534730441742243
DEG00000,REPM,PULS,0.03999807133684191
DEG00000,REPM,POTA,0.2793613866049752
DEG00000,REPM,SUGB,0.1512219270189837
DEG00000,REPM,MAIF,0.08571717719639933
DEG00000,REPM,OFAR,0.1126611287817167
DEG00000,REPM,OSET,0.04749657357581426
DEG00000,REPM,VSET,0.1105479382753231
DEG00000,REPM,FALL,0.0
DEG00000,REPB,SWHE,0.02410791084967893
DEG00000,REPB,RYEM,0.02350106350851136
DEG00000,REPB,BARL,0.02126306857010534
DEG00000,REPB,OATS,0.01379758671139068
DEG00000,REPB,MAIZ,0.0324929048748434
DEG00000,REPB,OCER,0.01487545741255022
DEG00000,REPB,RAPE,0.02543864461984117
DEG00000,REPB,SUNF,0.01650291654128066
DEG00000,REPB,PULS,0.01371659351179068
DEG00000,REPB,POTA,0.09660588159169826
DEG00000,REPB,SUGB,0.05788213054209847
DEG00000,REPB,MAIF,0.03068888923492009
DEG00000,REPB,OFAR,0.03810228565824207
DEG00000,REPB,OSET,0.009292365020925997
DEG00000,REPB,VSET,0.02442266881001265
DEG00000,REPB,FALL,0.0
DEG00000,ELEC,SWHE,0.004975708810983393
DEG00000,ELEC,RYEM,0.005840298703258246
DEG00000,ELEC,BARL,0.005051702555495122
DEG00000,ELEC,OATS,0.001832336395679248
DEG00000,ELEC,MAIZ,0.003574655437778407
DEG00000,ELEC,OCER,0.003070727283891033
DEG00000,ELEC,RAPE,0.005053995523872226
DEG00000,ELEC,SUNF,0.0008915424093830474
DEG00000,ELEC,PULS,0.002384188425337028
DEG00000,ELEC,POTA,0.00256409399524756
DEG00000,ELEC,SUGB,0.003422449852850545
DEG00000,ELEC,MAIF,0.005072740772472018
DEG00000,ELEC,OFAR,0.004102940398207296
DEG00000,ELEC,OSET,0.0
DEG00000,ELEC,VSET,0.0
DEG00000,ELEC,FALL,0.0
DEG00000,EGAS,SWHE,0.0003694009108301359
DEG00000,EGAS,RYEM,0.0004299180900002157
DEG00000,EGAS,BARL,0.0003750417829077857
DEG00000,EGAS,OATS,0.0009480342313978468
DEG00000,EGAS,MAIZ,0.0009115483973408502
DEG00000,EGAS,OCER,0.00110117956784318
DEG00000,EGAS,RAPE,0.0003438744481924416
DEG00000,EGAS,SUNF,0.001881495018295679
DEG00000,EGAS,PULS,0.0
DEG00000,EGAS,POTA,0.0
DEG00000,EGAS,SUGB,0.0
DEG00000,EGAS,MAIF,0.0
DEG00000,EGAS,OFAR,0.0
DEG00000,EGAS,OSET,0.0
DEG00000,EGAS,VSET,0.0
DEG00000,EGAS,FALL,0.0
DEG00000,EFUL,SWHE,0.07093378472635606
DEG00000,EFUL,RYEM,0.08556961882817411
DEG00000,EFUL,BARL,0.07063391750765567
DEG00000,EFUL,OATS,0.0765684734333682
DEG00000,EFUL,MAIZ,0.07409347864522434
DEG00000,EFUL,OCER,0.06881831258064783
DEG00000,EFUL,RAPE,0.06216194333195295
DEG00000,EFUL,SUNF,0.06436149458464863
DEG00000,EFUL,PULS,0.04729469563494798
DEG00000,EFUL,POTA,0.1427466402871334
DEG00000,EFUL,SUGB,0.07450049059814409
DEG00000,EFUL,MAIF,0.08938946415682575
DEG00000,EFUL,OFAR,0.09005463425792681
DEG00000,EFUL,OSET,0.07323742727935557
DEG00000,EFUL,VSET,0.08321496942790009
DEG00000,EFUL,FALL,0.0
DEG00000,ELUB,SWHE,0.004804350525661969
DEG00000,ELUB,RYEM,0.006072797955592714
DEG00000,ELUB,BARL,0.004865989815060133
DEG00000,ELUB,OATS,0.00354607044677824
DEG00000,ELUB,MAIZ,0.0049557132635678
DEG00000,ELUB,OCER,0.004626919811442266
DEG00000,ELUB,RAPE,0.004189652297877616
DEG00000,ELUB,SUNF,0.00430432127076176
DEG00000,ELUB,PULS,0.005787735443241331
DEG00000,ELUB,POTA,0.007098163997757822
DEG00000,ELUB,SUGB,0.006111708469296802
DEG00000,ELUB,MAIF,0.007077326559392025
DEG00000,ELUB,OFAR,0.006094467851432877
DEG00000,ELUB,OSET,0.001714974327475169
DEG00000,ELUB,VSET,0.001998523153421376
DEG00000,ELUB,FALL,0.0
DEG00000,INPO,SWHE,0.1788150448923382
DEG00000,INPO,RYEM,0.1578735624243995
DEG00000,INPO,BARL,0.152207051501706
DEG00000,INPO,OATS,0.06175577493751692
DEG00000,INPO,MAIZ,0.3143901871863042
DEG00000,INPO,OCER,0.1047234580582062
DEG00000,INPO,RAPE,0.18989996474608
DEG00000,INPO,SUNF,0.07192331331796531
DEG00000,INPO,PULS,0.1004623103667729
DEG00000,INPO,POTA,0.8596012585707365
DEG00000,INPO,SUGB,0.4140394912117915
DEG00000,INPO,MAIF,0.266616854318203
DEG00000,INPO,OFAR,0.448200296427
DEG00000,INPO,OSET,0.131551358623227
DEG00000,INPO,VSET,0.2387381975614569
DEG00000,INPO,FALL,0.0
EL110000,SEED,SWHE,0.0140271192145264
EL110000,SEED,DWHE,0.01674507927883897
EL110000,SEED,RYEM,0.01650565084360585
EL110000,SEED,BARL,0.008791486807406657
EL110000,SEED,MAIZ,0.04384494562537964
EL110000,SEED,SUNF,0.01493908105452166
EL110000,SEED,PULS,0.07865005016740001
EL110000,SEED,POTA,0.2600124297775842
EL110000,SEED,SUGB,0.04008929905844686
EL110000,SEED,OFAR,0.004354478834937479
EL110000,SEED,OSET,0.005073197074967863
EL110000,SEED,VSET,0.0
EL110000,SEED,FALL,0.0
EL110000,PLAP,SWHE,0.02287295014659486
EL110000,PLAP,DWHE,0.0231373188765893
EL110000,PLAP,RYEM,0.01485742509585734
EL110000,PLAP,BARL,0.01861717907918137
EL110000,PLAP,MAIZ,0.06186751712832964
EL110000,PLAP,SUNF,0.02702074240714276
EL110000,PLAP,PULS,0.0246642530887495
EL110000,PLAP,POTA,0.3127536867985219
EL110000,PLAP,SUGB,0.1531593666214394
EL110000,PLAP,OFAR,0.005679388358782898
EL110000,PLAP,OSET,0.00205454985127076
EL110000,PLAP,VSET,0.0
EL110000,PLAP,FALL,0.0
EL110000,FERT,SWHE,1.466863759115429
EL110000,FERT,DWHE,1.040093716576256
EL110000,FERT,RYEM,0.591808441588797
EL110000,FERT,BARL,1.078138654519305
EL110000,FERT,MAIZ,3.426530752854769
EL110000,FERT,SUNF,1.381457265024515
EL110000,FERT,PULS,0.8192144763626712
EL110000,FERT,POTA,2.372710877314516
EL110000,FERT,SUGB,5.157187246130291
EL110000,FERT,OFAR,0.4143174404136523
EL110000,FERT,OSET,0.02424813162861731
EL110000,FERT,VSET,0.0
EL110000,FERT,FALL,0.0
EL110000,REPM,SWHE,0.004532589540726615
EL110000,REPM,DWHE,0.003941847973024784
EL110000,REPM,RYEM,0.00253901491019383
EL110000,REPM,BARL,0.00369453254825194
EL110000,REPM,MAIZ,0.01451210573633513
EL110000,REPM,SUNF,0.003514873684983867
EL110000,REPM,PULS,0.00700228124374533
EL110000,REPM,POTA,0.07123902371583576
EL110000,REPM,SUGB,0.01902916242960771
EL110000,REPM,OFAR,0.001654303781227641
EL110000,REPM,OSET,0.001377962745189114
EL110000,REPM,VSET,0.0006955202863332972
EL110000,REPM,FALL,0.0
EL110000,REPB,SWHE,0.0003763419264610871
EL110000,REPB,DWHE,0.0003043109402470776
EL110000,REPB,RYEM,0.0002291653654759077
EL110000,REPB,BARL,0.0003218041472880737
EL110000,REPB,MAIZ,0.001222905297485135
EL110000,REPB,SUNF,0.0003130172806041064
EL110000,REPB,PULS,0.0004625516413935281
EL110000,REPB,POTA,0.0053079264457343
EL110000,REPB,SUGB,0.001814771765967059
EL110000,REPB,OFAR,0.0001284081810874949
EL110000,REPB,OSET,0.0001120164993066024
EL110000,REPB,VSET,8.170821970640088e-05
EL110000,REPB,FALL,0.0
EL110000,ELEC,SWHE,0.005389091329603571
EL110000,ELEC,DWHE,0.005176018227438246
EL110000,ELEC,RYEM,0.001182636089717515
EL110000,ELEC,BARL,0.005068238901024376
EL110000,ELEC,MAIZ,0.005080495898588361
EL110000,ELEC,SUNF,0.001514314107686521
EL110000,ELEC,PULS,0.002637167329023994
EL110000,ELEC,POTA,0.002778839939056264
EL110000,ELEC,SUGB,0.002632280626740821
EL110000,ELEC,OFAR,0.0051805932629071
EL110000,ELEC,OSET,0.0
EL110000,ELEC,VSET,0.0
EL110000,ELEC,FALL,0.0
EL110000,EGAS,SWHE,0.001427958782888537
EL110000,EGAS,DWHE,0.000271592352220302
EL110000,EGAS,RYEM,0.001451221313067038
EL110000,EGAS,BARL,0.001466618053586341
EL110000,EGAS,MAIZ,0.0008862007494626852
EL110000,EGAS,SUNF,0.00202243899386717
EL110000,EGAS,PULS,0.0
EL110000,EGAS,POTA,0.0
EL110000,EGAS,SUGB,0.0
EL110000,EGAS,OFAR,0.0
EL110000,EGAS,OSET,0.0
EL110000,EGAS,VSET,0.0
EL110000,EGAS,FALL,0.0
EL110000,EFUL,SWHE,0.09086944183175677
EL110000,EFUL,DWHE,0.1575819591816096
EL110000,EFUL,RYEM,0.1010305067128229
EL110000,EFUL,BARL,0.06606753707519054
EL110000,EFUL,MAIZ,0.08048472939632559
EL110000,EFUL,SUNF,0.2130392151768896
EL110000,EFUL,PULS,0.3771746673586934
EL110000,EFUL,POTA,0.3076464465408575
EL110000,EFUL,SUGB,0.08188237057524314
EL110000,EFUL,OFAR,0.1015243856947201
EL110000,EFUL,OSET,0.01550163783985233
EL110000,EFUL,VSET,0.005735936627441754
EL110000,EFUL,FALL,0.0
EL110000,ELUB,SWHE,0.006760917307448687
EL110000,ELUB,DWHE,0.007298684801247233
EL110000,ELUB,RYEM,0.005018412746776149
EL110000,ELUB,BARL,0.00614805104358454
EL110000,ELUB,MAIZ,0.006369283150178475
EL110000,ELUB,SUNF,0.006340267414004728
EL110000,ELUB,PULS,0.009456592090139031
EL110000,ELUB,POTA,0.01310397746864106
EL110000,ELUB,SUGB,0.006943514380405452
EL110000,ELUB,OFAR,0.00957476697001756
EL110000,ELUB,OSET,0.001240155466756098
EL110000,ELUB,VSET,0.000860344845064342
EL110000,ELUB,FALL,0.0
EL110000,INPO,SWHE,0.01922404517543918
EL110000,INPO,DWHE,0.022660626168481
EL110000,INPO,RYEM,0.004728114476753373
EL110000,INPO,BARL,0.01187330427262889
EL110000,INPO,MAIZ,0.07645150975043935
EL110000,INPO,SUNF,0.007155795433126473
EL110000,INPO,PULS,0.02066998697344595
EL110000,INPO,POTA,0.4148751927730842
EL110000,INPO,SUGB,0.07251305640954898
EL110000,INPO,OFAR,0.005568095727508163
EL110000,INPO,OSET,0.002516374718386745
EL110000,INPO,VSET,0.001010835393481545
EL110000,INPO,FALL,0.0
EL120000,SEED,SWHE,0.01081429796080875
EL120000,SEED,DWHE,0.01372944414124339
EL120000,SEED,RYEM,0.02710973439769904
EL120000,SEED,BARL,0.008395948468190622
EL120000,SEED,OATS,0.02068685994801099
EL120000,SEED,MAIZ,0.04423275213076849
EL120000,SEED,SUNF,0.01236337248006759
EL120000,SEED,POTA,0.2579599573168405
EL120000,SEED,SUGB,0.03784364765914188
EL120000,SEED,MAIF,0.1297202431949878
EL120000,SEED,OFAR,0.004900299730441148
EL120000,SEED,OSET,0.0148713569597464
EL120000,SEED,VSET,0.0
EL120000,SEED,FALL,0.0
EL120000,PLAP,SWHE,0.01941601148406185
EL120000,PLAP,DWHE,0.02046297822936121
EL120000,PLAP,RYEM,0.01643324224352596
EL120000,PLAP,BARL,0.01808482199795134
EL120000,PLAP,OATS,0.02689098881362083
EL120000,PLAP,MAIZ,0.06221652724416597
EL120000,PLAP,SUNF,0.01858637471083781
EL120000,PLAP,POTA,0.3089220372236823
EL120000,PLAP,SUGB,0.1478783660108363
EL120000,PLAP,MAIF,0.09636537989095337
EL120000,PLAP,OFAR,0.005775960860720492
EL120000,PLAP,OSET,0.00602262119373657
EL120000,PLAP,VSET,0.0
EL120000,PLAP,FALL,0.0
EL120000,FERT,SWHE,1.07327932515712
EL120000,FERT,DWHE,0.821710349309281
EL120000,FERT,RYEM,0.878741784345898
EL120000,FERT,BARL,1.047669479846506
EL120000,FERT,OATS,1.211229638918459
EL120000,FERT,MAIZ,3.466690008085334
EL120000,FERT,SUNF,0.5431645310621349
EL120000,FERT,POTA,2.340491150768096
EL120000,FERT,SUGB,4.892351117096829
EL120000,FERT,MAIF,3.390611928648329
EL120000,FERT,OFAR,0.8982845690576896
EL120000,FERT,OSET,0.07186639342049247
EL120000,FERT,VSET,0.0
EL120000,FERT,FALL,0.0
EL120000,REPM,SWHE,0.00424173051505435
EL120000,REPM,DWHE,0.003752934493469881
EL120000,REPM,RYEM,0.00285233915323274
EL120000,REPM,BARL,0.003651095541855105
EL120000,REPM,OATS,0.005012418673303506
EL120000,REPM,MAIZ,0.01454784581757827
EL120000,REPM,SUNF,0.003037436539346708
EL120000,REPM,POTA,0.07092636525095058
EL120000,REPM,SUGB,0.01875111430996737
EL120000,REPM,MAIF,0.01309701117749733
EL120000,REPM,OFAR,0.001387582923129916
EL120000,REPM,OSET,0.001794157690524469
EL120000,REPM,VSET,0.0006955202861457844
EL120000,REPM,FALL,0.0
EL120000,REPB,SWHE,0.0003522097630449806
EL120000,REPB,DWHE,0.000289772068296782
EL120000,REPB,RYEM,0.0002908199125035936
EL120000,REPB,BARL,0.0003180428319334296
EL120000,REPB,OATS,0.0003706049165264398
EL120000,REPB,MAIZ,0.001225781431977075
EL120000,REPB,SUNF,0.0002723162929362854
EL120000,REPB,POTA,0.005283691537213907
EL120000,REPB,SUGB,0.001788349794502653
EL120000,REPB,MAIF,0.0009930947451886813
EL120000,REPB,OFAR,0.0001297604277793986
EL120000,REPB,OSET,0.0001291410490989027
EL120000,REPB,VSET,8.170822087290946e-05
EL120000,REPB,FALL,0.0
EL120000,ELEC,SWHE,0.004880313723993694
EL120000,ELEC,DWHE,0.004807689595412119
EL120000,ELEC,RYEM,0.001544015307208274
EL120000,ELEC,BARL,0.004979716760306119
EL120000,ELEC,OATS,0.003575380316468448
EL120000,ELEC,MAIZ,0.005098750492831461
EL120000,ELEC,SUNF,0.001205975783901517
EL120000,ELEC,POTA,0.002766671551446021
EL120000,ELEC,SUGB,0.002574575768083448
EL120000,ELEC,MAIF,0.001711006601248922
EL120000,ELEC,OFAR,0.005153307731418643
EL120000,ELEC,OSET,0.0
EL120000,ELEC,VSET,0.0
EL120000,ELEC,FALL,0.0
EL120000,EGAS,SWHE,0.001293444797315284
EL120000,EGAS,DWHE,0.0002523884769483411
EL120000,EGAS,RYEM,0.001844991607476933
EL120000,EGAS,BARL,0.001441212875836236
EL120000,EGAS,OATS,0.002016869592930645
EL120000,EGAS,MAIZ,0.0008892924620829909
EL120000,EGAS,SUNF,0.001628262854428045
EL120000,EGAS,POTA,0.0
EL120000,EGAS,SUGB,0.0
EL120000,EGAS,MAIF,0.0
EL120000,EGAS,OFAR,0.0
EL120000,EGAS,OSET,0.0
EL120000,EGAS,VSET,0.0
EL120000,EGAS,FALL,0.0
EL120000,EFUL,SWHE,0.08228380307996762
EL120000,EFUL,DWHE,0.1462705390189573
EL120000,EFUL,RYEM,0.1254130251587414
EL120000,EFUL,BARL,0.0649112414799105
EL120000,EFUL,OATS,0.1326564457131316
EL120000,EFUL,MAIZ,0.08081027931547774
EL120000,EFUL,SUNF,0.1764439581345054
EL120000,EFUL,POTA,0.3057898347817702
EL120000,EFUL,SUGB,0.0801622489936116
EL120000,EFUL,MAIF,0.3262606222560074
EL120000,EFUL,OFAR,0.09549404198030728
EL120000,EFUL,OSET,0.02238345073924827
EL120000,EFUL,VSET,0.005735936627256581
EL120000,EFUL,FALL,0.0
EL120000,ELUB,SWHE,0.006122172255032109
EL120000,ELUB,DWHE,0.006778020818381865
EL120000,ELUB,RYEM,0.006543087970023605
EL120000,ELUB,BARL,0.006040529268218642
EL120000,ELUB,OATS,0.00756323109344263
EL120000,ELUB,MAIZ,0.006392749844286992
EL120000,ELUB,SUNF,0.005148373838715467
EL120000,ELUB,POTA,0.01303755783975474
EL120000,ELUB,SUGB,0.006791029135530946
EL120000,ELUB,MAIF,0.01158746405213814
EL120000,ELUB,OFAR,0.009117635715379572
EL120000,ELUB,OSET,0.001310028784824226
EL120000,ELUB,VSET,0.000860344847199864
EL120000,ELUB,FALL,0.0
EL120000,INPO,SWHE,0.01631504499315048
EL120000,INPO,DWHE,0.02002792026941956
EL120000,INPO,RYEM,0.005462403226411
EL120000,INPO,BARL,0.01152936003894507
EL120000,INPO,OATS,0.01217241173233547
EL120000,INPO,MAIZ,0.07691959596973832
EL120000,INPO,SUNF,0.005410740292314715
EL120000,INPO,POTA,0.4104558836229245
EL120000,INPO,SUGB,0.06988576908451617
EL120000,INPO,MAIF,0.03372372075559665
EL120000,INPO,OFAR,0.00445133537304745
EL120000,INPO,OSET,0.004095430070956894
EL120000,INPO,VSET,0.001010835395879481
EL120000,INPO,FALL,0.0
EL130000,SEED,SWHE,0.01200295084890874
EL130000,SEED,DWHE,0.01318396893924614
EL130000,SEED,RYEM,0.02361696887165281
EL130000,SEED,BARL,0.008975715244419607
EL130000,SEED,MAIZ,0.04385218828977568
EL130000,SEED,PULS,0.07504152764153282
EL130000,SEED,POTA,0.2804574134245135
EL130000,SEED,SUGB,0.03293081128464014
EL130000,SEED,OFAR,0.003896969277592945
EL130000,SEED,OSET,0.01184290237942426
EL130000,SEED,VSET,0.0
EL130000,SEED,FALL,0.0
EL130000,PLAP,SWHE,0.02069511980339332
EL130000,PLAP,DWHE,0.01997822581012613
EL130000,PLAP,RYEM,0.02125382155015006
EL130000,PLAP,BARL,0.0188682052211387
EL130000,PLAP,MAIZ,0.06187305900220581
EL130000,PLAP,PULS,0.02401716190032695
EL130000,PLAP,POTA,0.326655701594953
EL130000,PLAP,SUGB,0.1358883639758723
EL130000,PLAP,OFAR,0.005038644355097874
EL130000,PLAP,OSET,0.004796153768652753
EL130000,PLAP,VSET,0.0
EL130000,PLAP,FALL,0.0
EL130000,FERT,SWHE,1.216685700576271
EL130000,FERT,DWHE,0.7660657625585352
EL130000,FERT,RYEM,0.8485544428396797
EL130000,FERT,BARL,1.097388158695883
EL130000,FERT,MAIZ,3.400278346984265
EL130000,FERT,PULS,0.7763198404335251
EL130000,FERT,POTA,2.552143311159687
EL130000,FERT,SUGB,4.296607277900636
EL130000,FERT,OFAR,0.6953330435146334
EL130000,FERT,OSET,0.05657875722662409
EL130000,FERT,VSET,0.0
EL130000,FERT,FALL,0.0
EL130000,REPM,SWHE,0.004349559932169397
EL130000,REPM,DWHE,0.003719346425156184
EL130000,REPM,RYEM,0.003631431564473925
EL130000,REPM,BARL,0.003714044850686921
EL130000,REPM,MAIZ,0.01451511549866592
EL130000,REPM,PULS,0.006896580950366424
EL130000,REPM,POTA,0.07264221787662031
EL130000,REPM,SUGB,0.01815996742051203
EL130000,REPM,OFAR,0.001313162131460689
EL130000,REPM,OSET,0.001665518486716326
EL130000,REPM,VSET,0.0006955203054932412
EL130000,REPM,FALL,0.0
EL130000,REPB,SWHE,0.0003611526013577515
EL130000,REPB,DWHE,0.0002871636553007097
EL130000,REPB,RYEM,0.0003278937539373814
EL130000,REPB,BARL,0.0003235334168322736
EL130000,REPB,MAIZ,0.00122305264360004
EL130000,REPB,PULS,0.000455690774804147
EL130000,REPB,POTA,0.005411626613886182
EL130000,REPB,SUGB,0.001731784634557536
EL130000,REPB,OFAR,0.0001228144910636174
EL130000,REPB,OSET,0.0001238481322617327
EL130000,REPB,VSET,8.170821463871645e-05
EL130000,REPB,FALL,0.0
EL130000,ELEC,SWHE,0.005068947749851832
EL130000,ELEC,DWHE,0.004742053198806284
EL130000,ELEC,RYEM,0.001690800924467731
EL130000,ELEC,BARL,0.005108366091692686
EL130000,ELEC,MAIZ,0.005081702200470781
EL130000,ELEC,PULS,0.002583230469347586
EL130000,ELEC,POTA,0.002864127781199652
EL130000,ELEC,SUGB,0.00245254449914029
EL130000,ELEC,OFAR,0.004742947501770879
EL130000,ELEC,OSET,0.0
EL130000,ELEC,VSET,0.0
EL130000,ELEC,FALL,0.0
EL130000,EGAS,SWHE,0.001343244596894252
EL130000,EGAS,DWHE,0.0002489146733008542
EL130000,EGAS,RYEM,0.002075651581053695
EL130000,EGAS,BARL,0.001478548131318367
EL130000,EGAS,MAIZ,0.0008863462235800888
EL130000,EGAS,PULS,0.0
EL130000,EGAS,POTA,0.0
EL130000,EGAS,SUGB,0.0
EL130000,EGAS,OFAR,0.0
EL130000,EGAS,OSET,0.0
EL130000,EGAS,VSET,0.0
EL130000,EGAS,FALL,0.0
EL130000,EFUL,SWHE,0.08546926851488193
EL130000,EFUL,DWHE,0.1443011095919572
EL130000,EFUL,RYEM,0.1444308524451605
EL130000,EFUL,BARL,0.06658507249852594
EL130000,EFUL,MAIZ,0.08052860873142487
EL130000,EFUL,PULS,0.3693729763358052
EL130000,EFUL,POTA,0.3166460993543063
EL130000,EFUL,SUGB,0.07629841142725946
EL130000,EFUL,OFAR,0.08787079882068438
EL130000,EFUL,OSET,0.02025639239102943
EL130000,EFUL,VSET,0.005735936747162277
EL130000,EFUL,FALL,0.0
EL130000,ELUB,SWHE,0.00635911606595222
EL130000,ELUB,DWHE,0.00668583324847091
EL130000,ELUB,RYEM,0.007177332221028519
EL130000,ELUB,BARL,0.006196300059331195
EL130000,ELUB,MAIZ,0.006371166028743108
EL130000,ELUB,PULS,0.009260326927587709
EL130000,ELUB,POTA,0.01349830008155159
EL130000,ELUB,SUGB,0.006469392591312087
EL130000,ELUB,OFAR,0.008391999820660374
EL130000,ELUB,OSET,0.001288432059273663
EL130000,ELUB,VSET,0.0008603448989129983
EL130000,ELUB,FALL,0.0
EL130000,INPO,SWHE,0.01739214115449297
EL130000,INPO,DWHE,0.01955763972846151
EL130000,INPO,RYEM,0.006763209319900654
EL130000,INPO,BARL,0.01202740560247443
EL130000,INPO,MAIZ,0.0764905393579994
EL130000,INPO,PULS,0.01996200259668678
EL130000,INPO,POTA,0.4339051386407865
EL130000,INPO,SUGB,0.06433427473096028
EL130000,INPO,OFAR,0.003868355684209363
EL130000,INPO,OSET,0.00360736930788618
EL130000,INPO,VSET,0.00101083545137493
EL130000,INPO,FALL,0.0
EL140000,SEED,SWHE,0.01218298129484158
EL140000,SEED,DWHE,0.01939323331207119
EL140000,SEED,BARL,0.009790308389878512
EL140000,SEED,OATS,0.02173270489828079
EL140000,SEED,MAIZ,0.04688089813233905
EL140000,SEED,PULS,0.05195359846290014
EL140000,SEED,POTA,0.212616124739008
EL140000,SEED,SUGB,0.0407346658358425
EL140000,SEED,OFAR,0.005133205618489222
EL140000,SEED,OSET,0.0178258218984375
EL140000,SEED,VSET,0.0
EL140000,SEED,FALL,0.0
EL140000,PLAP,SWHE,0.02088883693408157
EL140000,PLAP,DWHE,0.02549158879769031
EL140000,PLAP,BARL,0.01996898693921561
EL140000,PLAP,OATS,0.02709764545723758
EL140000,PLAP,MAIZ,0.06455294434250136
EL140000,PLAP,PULS,0.01901081641486969
EL140000,PLAP,POTA,0.2730574056948955
EL140000,PLAP,SUGB,0.1547340413596721
EL140000,PLAP,OFAR,0.005957930098109817
EL140000,PLAP,OSET,0.007219124183329634
EL140000,PLAP,VSET,0.0
EL140000,PLAP,FALL,0.0
EL140000,FERT,SWHE,1.24307346126288
EL140000,FERT,DWHE,1.229468469493544
EL140000,FERT,BARL,1.229241119014408
EL140000,FERT,OATS,1.209314390225163
EL140000,FERT,MAIZ,3.76919652926354
EL140000,FERT,PULS,0.5424937929708904
EL140000,FERT,POTA,1.886766944411948
EL140000,FERT,SUGB,5.293203410986695
EL140000,FERT,OFAR,0.9632918461000424
EL140000,FERT,OSET,0.08748022941527728
EL140000,FERT,VSET,0.0
EL140000,FERT,FALL,0.0
EL140000,REPM,SWHE,0.00436595921480815
EL140000,REPM,DWHE,0.004105139209540703
EL140000,REPM,BARL,0.003802733633651929
EL140000,REPM,OATS,0.005078511681282176
EL140000,REPM,MAIZ,0.01476771675448445
EL140000,REPM,PULS,0.006274883119673404
EL140000,REPM,POTA,0.06742711962654457
EL140000,REPM,SUGB,0.0191078563211276
EL140000,REPM,OFAR,0.001404816048137196
EL140000,REPM,OSET,0.001919654046711576
EL140000,REPM,VSET,0.0006955202856637306
EL140000,REPM,FALL,0.0
EL140000,REPB,SWHE,0.000362515930881549
EL140000,REPB,DWHE,0.0003169797534751119
EL140000,REPB,BARL,0.0003312661766418182
EL140000,REPB,OATS,0.000374509555534092
EL140000,REPB,MAIZ,0.001244298683617512
EL140000,REPB,PULS,0.0004145880101604009
EL140000,REPB,POTA,0.005023209887313864
EL140000,REPB,SUGB,0.001822202528059415
EL140000,REPB,OFAR,0.0001313748840232623
EL140000,REPB,OSET,0.0001405184389958162
EL140000,REPB,VSET,8.170822005730588e-05
EL140000,REPB,FALL,0.0
EL140000,ELEC,SWHE,0.005097689060821958
EL140000,ELEC,DWHE,0.005494840186949202
EL140000,ELEC,BARL,0.00528962066415992
EL140000,ELEC,OATS,0.003639103823623487
EL140000,ELEC,MAIZ,0.005214137399171561
EL140000,ELEC,PULS,0.002243075794315024
EL140000,ELEC,POTA,0.002565040516352212
EL140000,ELEC,SUGB,0.002648486022855523
EL140000,ELEC,OFAR,0.00524883879385455
EL140000,ELEC,OSET,0.0
EL140000,ELEC,VSET,0.0
EL140000,ELEC,FALL,0.0
EL140000,EGAS,SWHE,0.001350840147240282
EL140000,EGAS,DWHE,0.0002884751308174645
EL140000,EGAS,BARL,0.001531127184480192
EL140000,EGAS,OATS,0.002058216657813462
EL140000,EGAS,MAIZ,0.0009094193036447495
EL140000,EGAS,PULS,0.0
EL140000,EGAS,POTA,0.0
EL140000,EGAS,SUGB,0.0
EL140000,EGAS,OFAR,0.0
EL140000,EGAS,OSET,0.0
EL140000,EGAS,VSET,0.0
EL140000,EGAS,FALL,0.0
EL140000,EFUL,SWHE,0.08595690603188637
EL140000,EFUL,DWHE,0.1671568223226636
EL140000,EFUL,BARL,0.0689442239630287
EL140000,EFUL,OATS,0.1355768879386277
EL140000,EFUL,MAIZ,0.08263937765293575
EL140000,EFUL,PULS,0.3207494345989431
EL140000,EFUL,POTA,0.2835827357968743
EL140000,EFUL,SUGB,0.08239405494858482
EL140000,EFUL,OFAR,0.09725926381044872
EL140000,EFUL,OSET,0.02445854187821648
EL140000,EFUL,VSET,0.005735936733131362
EL140000,EFUL,FALL,0.0
EL140000,ELUB,SWHE,0.006395286882858469
EL140000,ELUB,DWHE,0.00774656221148655
EL140000,ELUB,BARL,0.006415903630278164
EL140000,ELUB,OATS,0.007703784606781608
EL140000,ELUB,MAIZ,0.006537413132658342
EL140000,ELUB,PULS,0.00804144171866792
EL140000,ELUB,POTA,0.01208884049998994
EL140000,ELUB,SUGB,0.006986256705234336
EL140000,ELUB,OFAR,0.009286823767975983
EL140000,ELUB,OSET,0.001331097870147078
EL140000,ELUB,VSET,0.0008603448453065275
EL140000,ELUB,FALL,0.0
EL140000,INPO,SWHE,0.01755396681911662
EL140000,INPO,DWHE,0.02494652721021849
EL140000,INPO,BARL,0.0127274738500733
EL140000,INPO,OATS,0.01254550109324767
EL140000,INPO,MAIZ,0.07981284462910739
EL140000,INPO,PULS,0.0158219492524006
EL140000,INPO,POTA,0.362708728949521
EL140000,INPO,SUGB,0.07326048838741951
EL140000,INPO,OFAR,0.00458653043368462
EL140000,INPO,OSET,0.004571566782694344
EL140000,INPO,VSET,0.001010835402103084
EL140000,INPO,FALL,0.0
EL210000,SEED,OATS,0.01645434326047082
EL210000,SEED,MAIZ,0.04260130051231254
EL210000,SEED,POTA,0.1822630388792375
EL210000,SEED,OFAR,0.006210176205390118
EL210000,SEED,VSET,0.0
EL210000,SEED,FALL,0.0
EL210000,PLAP,OATS,0.02230242155031543
EL210000,PLAP,MAIZ,0.06078611916696543
EL210000,PLAP,POTA,0.2506937401961193
EL210000,PLAP,OFAR,0.00677402205403005
EL210000,PLAP,VSET,0.0
EL210000,PLAP,FALL,0.0
EL210000,FERT,OATS,0.9184222009960126
EL210000,FERT,MAIZ,3.278872192581754
EL210000,FERT,POTA,1.543449864273631
EL210000,FERT,OFAR,1.144538093492531
EL210000,FERT,VSET,0.0
EL210000,FERT,FALL,0.0
EL210000,REPM,OATS,0.004512244189382414
EL210000,REPM,MAIZ,0.0144139850986654
EL210000,REPM,POTA,0.0652232643161933
EL210000,REPM,OFAR,0.001484550734411953
EL210000,REPM,FALL,0.0
EL210000,REPB,OATS,0.000351769024268204
EL210000,REPB,MAIZ,0.001214508551462338
EL210000,REPB,POTA,0.00485950606304176
EL210000,REPB,OFAR,0.0001388337280427325
EL210000,REPB,FALL,0.0
EL210000,ELEC,OATS,0.002869214226435796
EL210000,ELEC,MAIZ,0.005028576005500681
EL210000,ELEC,POTA,0.00243605644362187
EL210000,ELEC,OFAR,0.005689841173526221
EL210000,ELEC,VSET,0.0
EL210000,ELEC,FALL,0.0
EL210000,EGAS,OATS,0.0017511965503895
EL210000,EGAS,MAIZ,0.0008769829826964963
EL210000,EGAS,POTA,0.0
EL210000,EGAS,OFAR,0.0
EL210000,EGAS,VSET,0.0
EL210000,EGAS,FALL,0.0
EL210000,EFUL,OATS,0.1334221093150557
EL210000,EFUL,MAIZ,0.07971720525257825
EL210000,EFUL,POTA,0.2695628736014009
EL210000,EFUL,OFAR,0.1054274004355489
EL210000,EFUL,FALL,0.0
EL210000,ELUB,OATS,0.006271988829703676
EL210000,ELUB,MAIZ,0.006305124443804867
EL210000,ELUB,POTA,0.0114851194909757
EL210000,ELUB,OFAR,0.0100671697352295
EL210000,ELUB,FALL,0.0
EL210000,INPO,OATS,0.008778773102500373
EL210000,INPO,MAIZ,0.07515515950076085
EL210000,INPO,POTA,0.3326924068891099
EL210000,INPO,OFAR,0.005211624994173375
EL210000,INPO,FALL,0.0
EL230000,SEED,SWHE,0.0131186686454991
EL230000,SEED,DWHE,0.01407708021259738
EL230000,SEED,BARL,0.007737046317050765
EL230000,SEED,MAIZ,0.04325635875519443
EL230000,SEED,PULS,0.05078312827299535
EL230000,SEED,POTA,0.2290531718781543
EL230000,SEED,OFAR,0.005152674580764261
EL230000,SEED,VSET,0.0
EL230000,SEED,FALL,0.0
EL230000,PLAP,SWHE,0.02189662127517509
EL230000,PLAP,DWHE,0.02076641582885286
EL230000,PLAP,BARL,0.01719405075572634
EL230000,PLAP,MAIZ,0.06132551245314459
EL230000,PLAP,PULS,0.02448054361451632
EL230000,PLAP,POTA,0.288074404712544
EL230000,PLAP,OFAR,0.00596750045394304
EL230000,PLAP,VSET,0.0
EL230000,PLAP,FALL,0.0
EL230000,FERT,SWHE,1.321754914198404
EL230000,FERT,DWHE,0.8296121945535893
EL230000,FERT,BARL,0.9249145741552073
EL230000,FERT,MAIZ,3.286927052885766
EL230000,FERT,PULS,0.4776513689363667
EL230000,FERT,POTA,1.949060053154202
EL230000,FERT,OFAR,0.87435070473346
EL230000,FERT,VSET,0.0
EL230000,FERT,FALL,0.0
EL230000,REPM,SWHE,0.004451218436303852
EL230000,REPM,DWHE,0.003775539191791912
EL230000,REPM,BARL,0.003579460527686585
EL230000,REPM,MAIZ,0.01445676831482961
EL230000,REPM,PULS,0.006387106498493725
EL230000,REPM,POTA,0.06885734081905343
EL230000,REPM,OFAR,0.00140627477049591
EL230000,REPM,FALL,0.0
EL230000,REPB,SWHE,0.0003695871466374083
EL230000,REPB,DWHE,0.0002914865549262401
EL230000,REPB,BARL,0.0003117888311639166
EL230000,REPB,MAIZ,0.00121840700033499
EL230000,REPB,PULS,0.0004192265626215802
EL230000,REPB,POTA,0.005130208395369508
EL230000,REPB,OFAR,0.0001315085421944932
EL230000,REPB,FALL,0.0
EL230000,ELEC,SWHE,0.005246890059034571
EL230000,ELEC,DWHE,0.004851889001972079
EL230000,ELEC,BARL,0.00483322350786003
EL230000,ELEC,MAIZ,0.005051987467562937
EL230000,ELEC,PULS,0.002330258041441993
EL230000,ELEC,POTA,0.00264408478094287
EL230000,ELEC,OFAR,0.005256671906131286
EL230000,ELEC,VSET,0.0
EL230000,ELEC,FALL,0.0
EL230000,EGAS,SWHE,0.001390176127548199
EL230000,EGAS,DWHE,0.0002545898511716901
EL230000,EGAS,BARL,0.001398641218076195
EL230000,EGAS,MAIZ,0.0008814227995106229
EL230000,EGAS,PULS,0.0
EL230000,EGAS,POTA,0.0
EL230000,EGAS,OFAR,0.0
EL230000,EGAS,VSET,0.0
EL230000,EGAS,FALL,0.0
EL230000,EFUL,SWHE,0.08848237673091373
EL230000,EFUL,DWHE,0.1477028715743783
EL230000,EFUL,BARL,0.06300567866502607
EL230000,EFUL,MAIZ,0.07996216287233221
EL230000,EFUL,PULS,0.3322715732376302
EL230000,EFUL,POTA,0.2925822712741069
EL230000,EFUL,OFAR,0.09740861580608895
EL230000,EFUL,FALL,0.0
EL230000,ELUB,SWHE,0.006582969757048061
EL230000,ELUB,DWHE,0.006841534589528249
EL230000,ELUB,BARL,0.005863101912619822
EL230000,ELUB,MAIZ,0.006332328425763601
EL230000,ELUB,PULS,0.008316606982644923
EL230000,ELUB,POTA,0.01246600925127119
EL230000,ELUB,OFAR,0.009300559874295443
EL230000,ELUB,FALL,0.0
EL230000,INPO,SWHE,0.01840018966080668
EL230000,INPO,DWHE,0.02033944291901268
EL230000,INPO,BARL,0.01096448678556006
EL230000,INPO,MAIZ,0.07573009988030026
EL230000,INPO,PULS,0.01657214901394191
EL230000,INPO,POTA,0.3823114125780088
EL230000,INPO,OFAR,0.004597889635460314
EL230000,INPO,FALL,0.0
EL240000,SEED,SWHE,0.01081064057062756
EL240000,SEED,DWHE,0.01865011372023751
EL240000,SEED,BARL,0.008597454512163911
EL240000,SEED,OATS,0.01652945623987336
EL240000,SEED,MAIZ,0.04168752987443909
EL240000,SEED,PULS,0.05299755179039368
EL240000,SEED,POTA,0.2167549244394794
EL240000,SEED,SUGB,0.03653342157956462
EL240000,SEED,OFAR,0.004079490442034536
EL240000,SEED,VSET,0.0
EL240000,SEED,FALL,0.0
EL240000,PLAP,SWHE,0.01941397362635474
EL240000,PLAP,DWHE,0.0248309485504797
EL240000,PLAP,BARL,0.01836759191790989
EL240000,PLAP,OATS,0.02065186299362147
EL240000,PLAP,MAIZ,0.05994176762466651
EL240000,PLAP,PULS,0.02362485609837022
EL240000,PLAP,POTA,0.2762962357736642
EL240000,PLAP,SUGB,0.1445193252271268
EL240000,PLAP,OFAR,0.005168914527940886
EL240000,PLAP,VSET,0.0
EL240000,PLAP,FALL,0.0
EL240000,FERT,SWHE,1.051277897711717
EL240000,FERT,DWHE,1.131588818620414
EL240000,FERT,BARL,0.9846498725092098
EL240000,FERT,OATS,1.016463661373445
EL240000,FERT,MAIZ,3.169818477371474
EL240000,FERT,PULS,0.5266030080787926
EL240000,FERT,POTA,1.823124272066014
EL240000,FERT,SUGB,4.612963038377124
EL240000,FERT,OFAR,0.6988213194658001
EL240000,FERT,VSET,0.0
EL240000,FERT,FALL,0.0
EL240000,REPM,SWHE,0.004242794322115512
EL240000,REPM,DWHE,0.004058710623141084
EL240000,REPM,BARL,0.003669512832795
EL240000,REPM,OATS,0.004174678426388254
EL240000,REPM,MAIZ,0.01432506621194868
EL240000,REPM,PULS,0.0064154176851083
EL240000,REPM,POTA,0.06773592765620429
EL240000,REPM,SUGB,0.01860106947823481
EL240000,REPM,OFAR,0.001326714021455349
EL240000,REPM,FALL,0.0
EL240000,REPB,SWHE,0.0003522621296705817
EL240000,REPB,DWHE,0.00031340454881656
EL240000,REPB,BARL,0.0003197436259083171
EL240000,REPB,OATS,0.0003628867020116014
EL240000,REPB,MAIZ,0.001207389855077662
EL240000,REPB,PULS,0.0004233613779301273
EL240000,REPB,POTA,0.00504629532577839
EL240000,REPB,SUGB,0.001773724472417058
EL240000,REPB,OFAR,0.0001240772126064448
EL240000,REPB,FALL,0.0
EL240000,ELEC,SWHE,0.004882111980494516
EL240000,ELEC,DWHE,0.005404446305138737
EL240000,ELEC,BARL,0.005017567807592637
EL240000,ELEC,OATS,0.003026607694271645
EL240000,ELEC,MAIZ,0.004983161869049869
EL240000,ELEC,PULS,0.002381031231849378
EL240000,ELEC,POTA,0.002582100811312222
EL240000,ELEC,SUGB,0.002543786144822476
EL240000,ELEC,OFAR,0.004817498142999343
EL240000,ELEC,VSET,0.0
EL240000,ELEC,FALL,0.0
EL240000,EGAS,SWHE,0.0012933691785919
EL240000,EGAS,DWHE,0.0002837324336304219
EL240000,EGAS,BARL,0.00145350218828999
EL240000,EGAS,OATS,0.001730767366495272
EL240000,EGAS,MAIZ,0.0008694536087778461
EL240000,EGAS,PULS,0.0
EL240000,EGAS,POTA,0.0
EL240000,EGAS,SUGB,0.0
EL240000,EGAS,OFAR,0.0
EL240000,EGAS,VSET,0.0
EL240000,EGAS,FALL,0.0
EL240000,EFUL,SWHE,0.08232153012669557
EL240000,EFUL,DWHE,0.1643967586923046
EL240000,EFUL,BARL,0.06536901129430321
EL240000,EFUL,OATS,0.1343776714998281
EL240000,EFUL,MAIZ,0.0788579264557141
EL240000,EFUL,PULS,0.3392601974365073
EL240000,EFUL,POTA,0.2855219586035425
EL240000,EFUL,SUGB,0.07909393833942549
EL240000,EFUL,OFAR,0.08925901729964927
EL240000,EFUL,FALL,0.0
EL240000,ELUB,SWHE,0.006125078504126092
EL240000,ELUB,DWHE,0.007619019052274454
EL240000,ELUB,BARL,0.006083846832683228
EL240000,ELUB,OATS,0.006711469621269953
EL240000,ELUB,MAIZ,0.006245856055325806
EL240000,ELUB,PULS,0.008471891608344755
EL240000,ELUB,POTA,0.0121702310824235
EL240000,ELUB,SUGB,0.00671022947684173
EL240000,ELUB,OFAR,0.008523732509933567
EL240000,ELUB,FALL,0.0
EL240000,INPO,SWHE,0.01632221953579112
EL240000,INPO,DWHE,0.02429880124114689
EL240000,INPO,BARL,0.01168962000033412
EL240000,INPO,OATS,0.008877699115026153
EL240000,INPO,MAIZ,0.07399710726095168
EL240000,INPO,PULS,0.01660461511950424
EL240000,INPO,POTA,0.3669404850746546
EL240000,INPO,SUGB,0.06849871338922606
EL240000,INPO,OFAR,0.003974446511176667
EL240000,INPO,FALL,0.0
EL250000,SEED,SWHE,0.01182157890837118
EL250000,SEED,DWHE,0.01541556537955356
EL250000,SEED,BARL,0.00729957897311444
EL250000,SEED,OATS,0.01612148504155402
EL250000,SEED,MAIZ,0.03197561614224448
EL250000,SEED,PULS,0.07420495584018588
EL250000,SEED,POTA,0.256709449863782
EL250000,SEED,OFAR,0.003451048694196796
EL250000,SEED,VSET,0.0
EL250000,SEED,FALL,0.0
EL250000,PLAP,SWHE,0.02057384873948627
EL250000,PLAP,DWHE,0.0219594539288561
EL250000,PLAP,BARL,0.01659744846201486
EL250000,PLAP,OATS,0.02230625653043604
EL250000,PLAP,MAIZ,0.05135722749259421
EL250000,PLAP,PULS,0.03065416140564139
EL250000,PLAP,POTA,0.3078536714060775
EL250000,PLAP,OFAR,0.004693725998003192
EL250000,PLAP,VSET,0.0
EL250000,PLAP,FALL,0.0
EL250000,FERT,SWHE,1.236466930563025
EL250000,FERT,DWHE,0.9273211874941325
EL250000,FERT,BARL,0.9086068806044603
EL250000,FERT,OATS,0.8541627670351114
EL250000,FERT,MAIZ,2.289315248739757
EL250000,FERT,PULS,0.7579080687630382
EL250000,FERT,POTA,2.259230229188751
EL250000,FERT,OFAR,0.592611463876865
EL250000,FERT,VSET,0.0
EL250000,FERT,FALL,0.0
EL250000,REPM,SWHE,0.004509207765197681
EL250000,REPM,DWHE,0.003857926283972226
EL250000,REPM,BARL,0.003533266851453959
EL250000,REPM,OATS,0.004651898241953464
EL250000,REPM,MAIZ,0.01352071418391462
EL250000,REPM,PULS,0.006019879505904289
EL250000,REPM,POTA,0.0708021084246657
EL250000,REPM,OFAR,0.001280178003631426
EL250000,REPM,FALL,0.0
EL250000,REPB,SWHE,0.0003696124646769215
EL250000,REPB,DWHE,0.000297877811784406
EL250000,REPB,BARL,0.0003076971332826633
EL250000,REPB,OATS,0.0003662465048277266
EL250000,REPB,MAIZ,0.001139492777602656
EL250000,REPB,PULS,0.0004641602055732198
EL250000,REPB,POTA,0.005274766167243751
EL250000,REPB,OFAR,0.0001197248376896874
EL250000,REPB,FALL,0.0
EL250000,ELEC,SWHE,0.005297765269436179
EL250000,ELEC,DWHE,0.005012520679727117
EL250000,ELEC,BARL,0.004738355627211931
EL250000,ELEC,OATS,0.003183128195196503
EL250000,ELEC,MAIZ,0.004560492198550547
EL250000,ELEC,PULS,0.002751918129455425
EL250000,ELEC,POTA,0.002757587617637511
EL250000,ELEC,OFAR,0.004560179533111524
EL250000,ELEC,VSET,0.0
EL250000,ELEC,FALL,0.0
EL250000,EGAS,SWHE,0.001337683803378769
EL250000,EGAS,DWHE,0.0002631313866196167
EL250000,EGAS,BARL,0.001370378710014022
EL250000,EGAS,OATS,0.001804422902345009
EL250000,EGAS,MAIZ,0.0007956878991529305
EL250000,EGAS,PULS,0.0
EL250000,EGAS,POTA,0.0
EL250000,EGAS,OFAR,0.0
EL250000,EGAS,VSET,0.0
EL250000,EGAS,FALL,0.0
EL250000,EFUL,SWHE,0.09115168357469142
EL250000,EFUL,DWHE,0.152508159001882
EL250000,EFUL,BARL,0.06178566034987747
EL250000,EFUL,OATS,0.1308888135303988
EL250000,EFUL,MAIZ,0.07217766446647148
EL250000,EFUL,PULS,0.3916632096979865
EL250000,EFUL,POTA,0.304955714379287
EL250000,EFUL,OFAR,0.08449190533024009
EL250000,EFUL,FALL,0.0
EL250000,ELUB,SWHE,0.006802153436704856
EL250000,ELUB,DWHE,0.007066886390213618
EL250000,ELUB,BARL,0.005749177311963467
EL250000,ELUB,OATS,0.006738912357650751
EL250000,ELUB,MAIZ,0.005716160418204415
EL250000,ELUB,PULS,0.009768406547916561
EL250000,ELUB,POTA,0.01299783102707351
EL250000,ELUB,OFAR,0.008068429632326842
EL250000,ELUB,FALL,0.0
EL250000,INPO,SWHE,0.01886668729053464
EL250000,INPO,DWHE,0.02149358595398428
EL250000,INPO,BARL,0.01059821285386546
EL250000,INPO,OATS,0.01033771079205915
EL250000,INPO,MAIZ,0.06341570624570905
EL250000,INPO,PULS,0.01855879591540128
EL250000,INPO,POTA,0.4088094411362876
EL250000,INPO,OFAR,0.003609638157173248
EL250000,INPO,FALL,0.0
EL300000,SEED,DWHE,0.013608620541567
EL300000,SEED,BARL,0.005582579645371226
EL300000,SEED,OFAR,0.005144643285115703
EL300000,SEED,VSET,0.0
EL300000,SEED,FALL,0.0
EL300000,PLAP,DWHE,0.02034775613256374
EL300000,PLAP,BARL,0.01429321975311358
EL300000,PLAP,OFAR,0.005652785379833478
EL300000,PLAP,VSET,0.0
EL300000,PLAP,FALL,0.0
EL300000,FERT,DWHE,0.8675142446724573
EL300000,FERT,BARL,0.665963686556803
EL300000,FERT,OFAR,0.6094910699513655
EL300000,FERT,VSET,0.0
EL300000,FERT,FALL,0.0
EL300000,REPM,DWHE,0.003747443257957314
EL300000,REPM,BARL,0.003341881931218913
EL300000,REPM,OFAR,0.001424416553273444
EL300000,REPM,FALL,0.0
EL300000,REPB,DWHE,0.0002892764984120801
EL300000,REPB,BARL,0.000291166607557098
EL300000,REPB,OFAR,0.000133814490493209
EL300000,REPB,FALL,0.0
EL300000,ELEC,DWHE,0.004796924684939433
EL300000,ELEC,BARL,0.004348002435051818
EL300000,ELEC,OFAR,0.005383344003896187
EL300000,ELEC,VSET,0.0
EL300000,ELEC,FALL,0.0
EL300000,EGAS,DWHE,0.0002515981525252311
EL300000,EGAS,BARL,0.001259107455696796
EL300000,EGAS,OFAR,0.0
EL300000,EGAS,VSET,0.0
EL300000,EGAS,FALL,0.0
EL300000,EFUL,DWHE,0.146118904338271
EL300000,EFUL,BARL,0.05666022846190696
EL300000,EFUL,OFAR,0.0995624199664815
EL300000,EFUL,FALL,0.0
EL300000,ELUB,DWHE,0.006765192016668397
EL300000,ELUB,BARL,0.005273005208482895
EL300000,ELUB,OFAR,0.009489880934403092
EL300000,ELUB,FALL,0.0
EL300000,INPO,DWHE,0.01994290275312409
EL300000,INPO,BARL,0.009100455141149872
EL300000,INPO,OFAR,0.004731508758756416
EL300000,INPO,FALL,0.0
EL410000,SEED,DWHE,0.008032411692930216
EL410000,SEED,BARL,0.006062541917685104
EL410000,SEED,OATS,0.01273214629509827
EL410000,SEED,OFAR,0.004285850270872086
EL410000,SEED,VSET,0.0
EL410000,SEED,FALL,0.0
EL410000,PLAP,DWHE,0.01538516334326525
EL410000,PLAP,BARL,0.01493417172162691
EL410000,PLAP,OATS,0.01942381593197715
EL410000,PLAP,OFAR,0.005322114700990363
EL410000,PLAP,VSET,0.0
EL410000,PLAP,FALL,0.0
EL410000,FERT,DWHE,0.5201014137429006
EL410000,FERT,BARL,0.6571924818167386
EL410000,FERT,OATS,0.6183482729816531
EL410000,FERT,OFAR,0.6944420206243247
EL410000,FERT,VSET,0.0
EL410000,FERT,FALL,0.0
EL410000,REPM,DWHE,0.003408506200567047
EL410000,REPM,BARL,0.003396199858469835
EL410000,REPM,OATS,0.004394467961185849
EL410000,REPM,OFAR,0.001342038023694586
EL410000,REPM,FALL,0.0
EL410000,REPB,DWHE,0.0002627791501473844
EL410000,REPB,BARL,0.0002958211766971543
EL410000,REPB,OATS,0.0003464704621337271
EL410000,REPB,OFAR,0.0001255069154065157
EL410000,REPB,FALL,0.0
EL410000,ELEC,DWHE,0.004133377991836527
EL410000,ELEC,BARL,0.004458493429429318
EL410000,ELEC,OATS,0.002907416381738942
EL410000,ELEC,OFAR,0.00490198419999018
EL410000,ELEC,VSET,0.0
EL410000,ELEC,FALL,0.0
EL410000,EGAS,DWHE,0.0002161304719412219
EL410000,EGAS,BARL,0.001290202503049977
EL410000,EGAS,OATS,0.001651423754722187
EL410000,EGAS,OFAR,0.0
EL410000,EGAS,VSET,0.0
EL410000,EGAS,FALL,0.0
EL410000,EFUL,DWHE,0.1265460482548882
EL410000,EFUL,BARL,0.05811823204721665
EL410000,EFUL,OATS,0.1201061163314707
EL410000,EFUL,OFAR,0.09082844689100493
EL410000,EFUL,FALL,0.0
EL410000,ELUB,DWHE,0.005837497506404173
EL410000,ELUB,BARL,0.005408344879867705
EL410000,ELUB,OATS,0.006154448429394616
EL410000,ELUB,OFAR,0.008673195798102254
EL410000,ELUB,FALL,0.0
EL410000,INPO,DWHE,0.01518079542460586
EL410000,INPO,BARL,0.00952468216890793
EL410000,INPO,OATS,0.0089989324484043
EL410000,INPO,OFAR,0.00409449434408898
EL410000,INPO,FALL,0.0
EL420000,SEED,DWHE,0.007304786352742842
EL420000,SEED,BARL,0.004706064605253846
EL420000,SEED,POTA,0.1871527231404863
EL420000,SEED,OFAR,0.004860626589113759
EL420000,SEED,VSET,0.0
EL420000,SEED,FALL,0.0
EL420000,PLAP,DWHE,0.01473804818950474
EL420000,PLAP,BARL,0.01310547462704554
EL420000,PLAP,POTA,0.2529004838894993
EL420000,PLAP,OFAR,0.005745186848547383
EL420000,PLAP,VSET,0.0
EL420000,PLAP,FALL,0.0
EL420000,FERT,DWHE,0.5139172863138494
EL420000,FERT,BARL,0.539615656146561
EL420000,FERT,POTA,1.548859440820706
EL420000,FERT,OFAR,0.8274156343503415
EL420000,FERT,VSET,0.0
EL420000,FERT,FALL,0.0
EL420000,REPM,DWHE,0.0033675261263089
EL420000,REPM,BARL,0.003247492171856048
EL420000,REPM,POTA,0.06545048315431443
EL420000,REPM,OFAR,0.001384598933517572
EL420000,REPM,VSET,0.0005494554081153296
EL420000,REPM,FALL,0.0
EL420000,REPB,DWHE,0.0002594309598571551
EL420000,REPB,BARL,0.0002828990947965755
EL420000,REPB,POTA,0.00487626208815634
EL420000,REPB,OFAR,0.000129477711086692
EL420000,REPB,VSET,7.012888168166538e-05
EL420000,REPB,FALL,0.0
EL420000,ELEC,DWHE,0.004051488077586358
EL420000,ELEC,BARL,0.004154864141758387
EL420000,ELEC,POTA,0.002450344732517149
EL420000,ELEC,OFAR,0.005136951108164941
EL420000,ELEC,VSET,0.0
EL420000,ELEC,FALL,0.0
EL420000,EGAS,DWHE,0.0002115827216641151
EL420000,EGAS,BARL,0.00120264776963366
EL420000,EGAS,POTA,0.0
EL420000,EGAS,OFAR,0.0
EL420000,EGAS,VSET,0.0
EL420000,EGAS,FALL,0.0
EL420000,EFUL,DWHE,0.1243521884002187
EL420000,EFUL,BARL,0.0541557314673799
EL420000,EFUL,POTA,0.2710334366263418
EL420000,EFUL,OFAR,0.09518909905739076
EL420000,EFUL,VSET,0.003202498553727028
EL420000,EFUL,FALL,0.0
EL420000,ELUB,DWHE,0.00572569305964522
EL420000,ELUB,BARL,0.00503972300058032
EL420000,ELUB,POTA,0.01155051891604615
EL420000,ELUB,OFAR,0.009088613975357677
EL420000,ELUB,VSET,0.000790750566847289
EL420000,ELUB,FALL,0.0
EL420000,INPO,DWHE,0.01459389678949634
EL420000,INPO,BARL,0.008352584613844888
EL420000,INPO,POTA,0.3357620406462859
EL420000,INPO,OFAR,0.004427961404453892
EL420000,INPO,VSET,0.000522788232010787
EL420000,INPO,FALL,0.0
EL430000,SEED,DWHE,0.01122171868175349
EL430000,SEED,BARL,0.00593346015999573
EL430000,SEED,OATS,0.01298309780063148
EL430000,SEED,PULS,0.05787019068897036
EL430000,SEED,POTA,0.1685326384651352
EL430000,SEED,OFAR,0.005801448281120617
EL430000,SEED,VSET,0.0
EL430000,SEED,FALL,0.0
EL430000,PLAP,DWHE,0.01933071848358907
EL430000,PLAP,BARL,0.01476605455998256
EL430000,PLAP,OATS,0.01963805203461548
EL430000,PLAP,PULS,0.02510088856287928
EL430000,PLAP,POTA,0.2397567661129537
EL430000,PLAP,OFAR,0.00643569010775565
EL430000,PLAP,VSET,0.0
EL430000,PLAP,FALL,0.0
EL430000,FERT,DWHE,0.6904894233550884
EL430000,FERT,BARL,0.6341410252051284
EL430000,FERT,OATS,0.6388100177405813
EL430000,FERT,PULS,0.5604092784363516
EL430000,FERT,POTA,1.338960626100399
EL430000,FERT,OFAR,0.996491158528771
EL430000,FERT,VSET,0.0
EL430000,FERT,FALL,0.0
EL430000,REPM,DWHE,0.003774441118835587
EL430000,REPM,BARL,0.003380073647563443
EL430000,REPM,OATS,0.004413534091465103
EL430000,REPM,PULS,0.00655053713761267
EL430000,REPM,POTA,0.06417133791634377
EL430000,REPM,OFAR,0.001454393599720237
EL430000,REPM,FALL,0.0
EL430000,REPB,DWHE,0.0002855097842429783
EL430000,REPB,BARL,0.0002944647140763665
EL430000,REPB,OATS,0.0003479425396932049
EL430000,REPB,PULS,0.0004324184308159668
EL430000,REPB,POTA,0.004780928594560046
EL430000,REPB,OFAR,0.000135997224292606
EL430000,REPB,FALL,0.0
EL430000,ELEC,DWHE,0.004777569451212348
EL430000,ELEC,BARL,0.004425545196112111
EL430000,ELEC,OATS,0.002927787521371432
EL430000,ELEC,PULS,0.002463370019412879
EL430000,ELEC,POTA,0.002376836924514385
EL430000,ELEC,OFAR,0.005521736603090665
EL430000,ELEC,VSET,0.0
EL430000,ELEC,FALL,0.0
EL430000,EGAS,DWHE,0.0002149639823504853
EL430000,EGAS,BARL,0.001281379452557486
EL430000,EGAS,OATS,0.001662768244522072
EL430000,EGAS,PULS,0.0
EL430000,EGAS,POTA,0.0
EL430000,EGAS,OFAR,0.0
EL430000,EGAS,VSET,0.0
EL430000,EGAS,FALL,0.0
EL430000,EFUL,DWHE,0.1544225675234471
EL430000,EFUL,BARL,0.05766809359900177
EL430000,EFUL,OATS,0.1208992123809751
EL430000,EFUL,PULS,0.3508948370428607
EL430000,EFUL,POTA,0.26291345310027
EL430000,EFUL,OFAR,0.102338351616102
EL430000,EFUL,FALL,0.0
EL430000,ELUB,DWHE,0.006842966870649873
EL430000,ELUB,BARL,0.005366900638625922
EL430000,ELUB,OATS,0.006197545074906988
EL430000,ELUB,PULS,0.008759729316286977
EL430000,ELUB,POTA,0.01120423690579261
EL430000,ELUB,OFAR,0.009769018002192209
EL430000,ELUB,FALL,0.0
EL430000,INPO,DWHE,0.0198172739456494
EL430000,INPO,BARL,0.009407293177041918
EL430000,INPO,OATS,0.00909754402050318
EL430000,INPO,PULS,0.01549439102973366
EL430000,INPO,POTA,0.3183016691849002
EL430000,INPO,OFAR,0.004974690796753386
EL430000,INPO,FALL,0.0
ES110000,SEED,SWHE,0.01159864679831105
ES110000,SEED,RYEM,0.02378180621816554
ES110000,SEED,BARL,0.00769727532235152
ES110000,SEED,MAIZ,0.02417306794165771
ES110000,SEED,PULS,0.01669739828981644
ES110000,SEED,POTA,0.2394595022961887
ES110000,SEED,MAIF,0.0755859687745486
ES110000,SEED,OFAR,0.009966654762601513
ES110000,SEED,OSET,0.06539332151644824
ES110000,SEED,VSET,0.0
ES110000,SEED,FALL,0.0
ES110000,PLAP,SWHE,0.0109152437054972
ES110000,PLAP,RYEM,0.02586833580118902
ES110000,PLAP,BARL,0.00890625704130182
ES110000,PLAP,MAIZ,0.03430159747507083
ES110000,PLAP,PULS,0.007996473463660215
ES110000,PLAP,POTA,0.2382512126952617
ES110000,PLAP,MAIF,0.06056543285226412
ES110000,PLAP,OFAR,0.005485632603145186
ES110000,PLAP,OSET,0.03094359821655218
ES110000,PLAP,VSET,0.0
ES110000,PLAP,FALL,0.0
ES110000,FERT,SWHE,0.9708275766138948
ES110000,FERT,RYEM,0.6628505755061238
ES110000,FERT,BARL,0.83582013293989
ES110000,FERT,MAIZ,1.239621867262505
ES110000,FERT,PULS,0.3372577989433808
ES110000,FERT,POTA,1.370128273683956
ES110000,FERT,MAIF,2.880988899030986
ES110000,FERT,OFAR,0.7076415447096365
ES110000,FERT,OSET,0.3952215411495454
ES110000,FERT,VSET,0.0
ES110000,FERT,FALL,0.0
ES110000,REPM,SWHE,0.01358540886760794
ES110000,REPM,RYEM,0.01901641711233245
ES110000,REPM,BARL,0.01168318899615148
ES110000,REPM,MAIZ,0.04537427934681389
ES110000,REPM,PULS,0.0126168134732542
ES110000,REPM,POTA,0.3059457936499096
ES110000,REPM,MAIF,0.0490366959506562
ES110000,REPM,OFAR,0.007697053410099037
ES110000,REPM,OSET,0.03443543145066723
ES110000,REPM,FALL,0.0
ES110000,REPB,SWHE,0.00559395744232218
ES110000,REPB,RYEM,0.00396788107573955
ES110000,REPB,BARL,0.00463223102261157
ES110000,REPB,MAIZ,0.01677013061527215
ES110000,REPB,PULS,0.00258658233090106
ES110000,REPB,POTA,0.07024678173056012
ES110000,REPB,MAIF,0.009133182355826976
ES110000,REPB,OFAR,0.001575014030564426
ES110000,REPB,OSET,0.00539107668874146
ES110000,REPB,FALL,0.0
ES110000,ELEC,SWHE,0.00496646653131985
ES110000,ELEC,RYEM,0.0024648062462612
ES110000,ELEC,BARL,0.004799900282622339
ES110000,ELEC,MAIZ,0.004089528164666136
ES110000,ELEC,PULS,0.004925332153220179
ES110000,ELEC,POTA,0.002202026030199272
ES110000,ELEC,MAIF,0.002364837243930072
ES110000,ELEC,OFAR,0.005049560917191014
ES110000,ELEC,OSET,0.0
ES110000,ELEC,VSET,0.0
ES110000,ELEC,FALL,0.0
ES110000,EGAS,SWHE,0.0006633189808614912
ES110000,EGAS,RYEM,0.002015343683470844
ES110000,EGAS,BARL,0.0002018439623091067
ES110000,EGAS,MAIZ,0.001124890288639471
ES110000,EGAS,PULS,0.0
ES110000,EGAS,POTA,0.0
ES110000,EGAS,MAIF,0.0
ES110000,EGAS,OFAR,0.0
ES110000,EGAS,OSET,0.0
ES110000,EGAS,VSET,0.0
ES110000,EGAS,FALL,0.0
ES110000,EFUL,SWHE,0.01525323197726619
ES110000,EFUL,RYEM,0.1581524192090116
ES110000,EFUL,BARL,0.01640559329207415
ES110000,EFUL,MAIZ,0.01245228603195138
ES110000,EFUL,PULS,0.1179359395941657
ES110000,EFUL,POTA,0.07176496690131053
ES110000,EFUL,MAIF,0.2983685869310251
ES110000,EFUL,OFAR,0.07299648594422273
ES110000,EFUL,OSET,0.04404422881787419
ES110000,EFUL,FALL,0.0
ES110000,ELUB,SWHE,0.002093581934614548
ES110000,ELUB,RYEM,0.002880358893450109
ES110000,ELUB,BARL,0.002297161177178609
ES110000,ELUB,MAIZ,0.001990519299913685
ES110000,ELUB,PULS,0.002821605187924977
ES110000,ELUB,POTA,0.003934605482986032
ES110000,ELUB,MAIF,0.004371041886121654
ES110000,ELUB,OFAR,0.002609756115175453
ES110000,ELUB,OSET,0.0008288616525860069
ES110000,ELUB,FALL,0.0
ES110000,INPO,SWHE,0.01216809890607352
ES110000,INPO,RYEM,0.01180937829874715
ES110000,INPO,BARL,0.0114105239452689
ES110000,INPO,MAIZ,0.03154007839203351
ES110000,INPO,PULS,0.007078458065556996
ES110000,INPO,POTA,0.2320198652157542
ES110000,INPO,MAIF,0.06749363149368254
ES110000,INPO,OFAR,0.008237572300884701
ES110000,INPO,OSET,0.01692982078166842
ES110000,INPO,FALL,0.0
ES210000,SEED,SWHE,0.02078421587871509
ES210000,SEED,DWHE,0.06142113669239328
ES210000,SEED,BARL,0.01448367410601158
ES210000,SEED,OATS,0.01018635295408655
ES210000,SEED,POTA,0.3216975129365639
ES210000,SEED,SUGB,0.2565495682110625
ES210000,SEED,MAIF,0.08030879971004193
ES210000,SEED,OFAR,0.01183445076819695
ES210000,SEED,OSET,0.002752950470598947
ES210000,SEED,VSET,0.0
ES210000,SEED,FALL,0.0
ES210000,PLAP,SWHE,0.0160315168008204
ES210000,PLAP,DWHE,0.05027534833879989
ES210000,PLAP,BARL,0.01353108522153288
ES210000,PLAP,OATS,0.007087896194721988
ES210000,PLAP,POTA,0.2852616349485262
ES210000,PLAP,SUGB,0.2398167459703312
ES210000,PLAP,MAIF,0.06289186210879372
ES210000,PLAP,OFAR,0.00608942582394097
ES210000,PLAP,OSET,0.001342688250974777
ES210000,PLAP,VSET,0.0
ES210000,PLAP,FALL,0.0
ES210000,FERT,SWHE,2.173834777615844
ES210000,FERT,DWHE,1.715155670015403
ES210000,FERT,BARL,1.88324301348096
ES210000,FERT,OATS,1.797009263010443
ES210000,FERT,POTA,2.392901727172808
ES210000,FERT,SUGB,5.570388032664247
ES210000,FERT,MAIF,3.781702334784141
ES210000,FERT,OFAR,1.047702688573215
ES210000,FERT,OSET,0.02395499686662074
ES210000,FERT,VSET,0.0
ES210000,FERT,FALL,0.0
ES210000,REPM,SWHE,0.01600035535918964
ES210000,REPM,DWHE,0.04018080089338816
ES210000,REPM,BARL,0.01398113024000502
ES210000,REPM,OATS,0.007097081432096781
ES210000,REPM,POTA,0.3284764320519897
ES210000,REPM,SUGB,0.2499984278046685
ES210000,REPM,MAIF,0.04974318919570159
ES210000,REPM,OFAR,0.00802565881253072
ES210000,REPM,OSET,0.002663172006584487
ES210000,REPM,VSET,0.0007922471547564009
ES210000,REPM,FALL,0.0
ES210000,REPB,SWHE,0.006585786115218782
ES210000,REPB,DWHE,0.007690085905638676
ES210000,REPB,BARL,0.005541356517605075
ES210000,REPB,OATS,0.004077330034566794
ES210000,REPB,POTA,0.07542786559619286
ES210000,REPB,SUGB,0.05760430378986531
ES210000,REPB,MAIF,0.00926301485992894
ES210000,REPB,OFAR,0.001641559773246493
ES210000,REPB,OSET,0.001534161044623256
ES210000,REPB,VSET,0.001096768998946081
ES210000,REPB,FALL,0.0
ES210000,ELEC,SWHE,0.006314697804747393
ES210000,ELEC,DWHE,0.006606756724092917
ES210000,ELEC,BARL,0.006245942738702048
ES210000,ELEC,OATS,0.006237488318614464
ES210000,ELEC,POTA,0.002451389514565232
ES210000,ELEC,SUGB,0.002614077952555922
ES210000,ELEC,MAIF,0.002419061312426969
ES210000,ELEC,OFAR,0.00538413020264468
ES210000,ELEC,OSET,0.0
ES210000,ELEC,VSET,0.0
ES210000,ELEC,FALL,0.0
ES210000,EGAS,SWHE,0.0008428410365214477
ES210000,EGAS,DWHE,0.001643861385938971
ES210000,EGAS,BARL,0.0002619780484813496
ES210000,EGAS,OATS,0.001654359464167512
ES210000,EGAS,POTA,0.0
ES210000,EGAS,SUGB,0.0
ES210000,EGAS,MAIF,0.0
ES210000,EGAS,OFAR,0.0
ES210000,EGAS,OSET,0.0
ES210000,EGAS,VSET,0.0
ES210000,EGAS,FALL,0.0
ES210000,EFUL,SWHE,0.0193768955978854
ES210000,EFUL,DWHE,0.1248008682369404
ES210000,EFUL,BARL,0.02130984933436837
ES210000,EFUL,OATS,0.01871572685533608
ES210000,EFUL,POTA,0.07980800415926508
ES210000,EFUL,SUGB,0.06644605208722544
ES210000,EFUL,MAIF,0.3052109047944866
ES210000,EFUL,OFAR,0.07770939954227343
ES210000,EFUL,OSET,0.005076723908623226
ES210000,EFUL,VSET,0.003102195179275694
ES210000,EFUL,FALL,0.0
ES210000,ELUB,SWHE,0.00265864817551318
ES210000,ELUB,DWHE,0.003668492332161117
ES210000,ELUB,BARL,0.002981665686613544
ES210000,ELUB,OATS,0.002915604467365948
ES210000,ELUB,POTA,0.004382849882620923
ES210000,ELUB,SUGB,0.003587554073803944
ES210000,ELUB,MAIF,0.004467247016335181
ES210000,ELUB,OFAR,0.002779159785943575
ES210000,ELUB,OSET,0.0004852839510958574
ES210000,ELUB,VSET,0.0003872378064923346
ES210000,ELUB,FALL,0.0
ES210000,INPO,SWHE,0.01784711348570236
ES210000,INPO,DWHE,0.04516859749439592
ES210000,INPO,BARL,0.0167675977374716
ES210000,INPO,OATS,0.0105931332233742
ES210000,INPO,POTA,0.2782143416459985
ES210000,INPO,SUGB,0.2168536427101812
ES210000,INPO,MAIF,0.07069306610988467
ES210000,INPO,OFAR,0.00922186578058509
ES210000,INPO,OSET,0.002087287959244743
ES210000,INPO,VSET,0.001194384752388411
ES210000,INPO,FALL,0.0
ES220000,SEED,SWHE,0.01766631472658802
ES220000,SEED,DWHE,0.02297941563581381
ES220000,SEED,BARL,0.01140078766105676
ES220000,SEED,OATS,0.01870220126482335
ES220000,SEED,MAIZ,0.04396971214286066
ES220000,SEED,RAPE,0.01585101086273932
ES220000,SEED,SUNF,0.02369429255924343
ES220000,SEED,PULS,0.03313966551333841
ES220000,SEED,POTA,0.2688962800562305
ES220000,SEED,MAIF,0.07756063298210139
ES220000,SEED,OFAR,0.007256997684840236
ES220000,SEED,OSET,0.001314138335885423
ES220000,SEED,VSET,0.0
ES220000,SEED,FALL,0.0
ES220000,PLAP,SWHE,0.01429013486766448
ES220000,PLAP,DWHE,0.02683672170140488
ES220000,PLAP,BARL,0.01143013552991501
ES220000,PLAP,OATS,0.01266699174688234
ES220000,PLAP,MAIZ,0.0475411477035721
ES220000,PLAP,RAPE,0.01389442301160877
ES220000,PLAP,SUNF,0.01716956979137623
ES220000,PLAP,PULS,0.01259150327371479
ES220000,PLAP,POTA,0.25519590350814
ES220000,PLAP,MAIF,0.06153704992210625
ES220000,PLAP,OFAR,0.004581696826904066
ES220000,PLAP,OSET,0.0006399965943528744
ES220000,PLAP,VSET,0.0
ES220000,PLAP,FALL,0.0
ES220000,FERT,SWHE,1.822985419686521
ES220000,FERT,DWHE,0.642174280325965
ES220000,FERT,BARL,1.444840319781713
ES220000,FERT,OATS,2.597511786245722
ES220000,FERT,MAIZ,3.301263798909389
ES220000,FERT,RAPE,0.6196822752863242
ES220000,FERT,SUNF,1.315429676821083
ES220000,FERT,PULS,0.5480797850197807
ES220000,FERT,POTA,1.88275894753527
ES220000,FERT,MAIF,3.532089421021215
ES220000,FERT,OFAR,0.6080873054716583
ES220000,FERT,OSET,0.01078632417600746
ES220000,FERT,VSET,0.0
ES220000,FERT,FALL,0.0
ES220000,REPM,SWHE,0.01517922478024121
ES220000,REPM,DWHE,0.03115471092448716
ES220000,REPM,BARL,0.01293791569535135
ES220000,REPM,OATS,0.01136196024286443
ES220000,REPM,MAIZ,0.05092385976045982
ES220000,REPM,RAPE,0.01200267007295028
ES220000,REPM,SUNF,0.01625758424841175
ES220000,REPM,PULS,0.0153669184864114
ES220000,REPM,POTA,0.3140233424020857
ES220000,REPM,MAIF,0.04932338616359337
ES220000,REPM,OFAR,0.007213163972851764
ES220000,REPM,OSET,0.001965497874477779
ES220000,REPM,VSET,0.0007922476532461237
ES220000,REPM,FALL,0.0
ES220000,REPB,SWHE,0.006251099349509458
ES220000,REPB,DWHE,0.005971695548663647
ES220000,REPB,BARL,0.005128054793301511
ES220000,REPB,OATS,0.00556704136105305
ES220000,REPB,MAIZ,0.01882952480885507
ES220000,REPB,RAPE,0.003360749682800009
ES220000,REPB,SUNF,0.002749796635309849
ES220000,REPB,PULS,0.00314989946652127
ES220000,REPB,POTA,0.07209831991129567
ES220000,REPB,MAIF,0.00918481243918898
ES220000,REPB,OFAR,0.001475164737857641
ES220000,REPB,OSET,0.001452979803342745
ES220000,REPB,VSET,0.001096769114156525
ES220000,REPB,FALL,0.0
ES220000,ELEC,SWHE,0.005855525778730732
ES220000,ELEC,DWHE,0.004488401505991011
ES220000,ELEC,BARL,0.005589772503761126
ES220000,ELEC,OATS,0.009292908049586653
ES220000,ELEC,MAIZ,0.004913767970243533
ES220000,ELEC,RAPE,0.0008270305740762482
ES220000,ELEC,SUNF,0.005154690845381669
ES220000,ELEC,PULS,0.0065643556399793
ES220000,ELEC,POTA,0.002291443059402017
ES220000,ELEC,MAIF,0.002387444612742487
ES220000,ELEC,OFAR,0.004576003721630233
ES220000,ELEC,OSET,0.0
ES220000,ELEC,VSET,0.0
ES220000,ELEC,FALL,0.0
ES220000,EGAS,SWHE,0.0007822574338675736
ES220000,EGAS,DWHE,0.001130078707178026
ES220000,EGAS,BARL,0.0002345986578926958
ES220000,EGAS,OATS,0.002540472129394305
ES220000,EGAS,MAIZ,0.00134624062327614
ES220000,EGAS,RAPE,0.00157945450842177
ES220000,EGAS,SUNF,0.001001358111412267
ES220000,EGAS,PULS,0.0
ES220000,EGAS,POTA,0.0
ES220000,EGAS,MAIF,0.0
ES220000,EGAS,OFAR,0.0
ES220000,EGAS,OSET,0.0
ES220000,EGAS,VSET,0.0
ES220000,EGAS,FALL,0.0
ES220000,EFUL,SWHE,0.01798758560789696
ES220000,EFUL,DWHE,0.0860673930981274
ES220000,EFUL,BARL,0.01908008473507423
ES220000,EFUL,OATS,0.02812405642836896
ES220000,EFUL,MAIZ,0.01490186770648945
ES220000,EFUL,RAPE,0.08333411154881915
ES220000,EFUL,SUNF,0.05502456412328721
ES220000,EFUL,PULS,0.157239082524949
ES220000,EFUL,POTA,0.0746613629600893
ES220000,EFUL,MAIF,0.3012241497350812
ES220000,EFUL,OFAR,0.06599366485962384
ES220000,EFUL,OSET,0.0040638197671084
ES220000,EFUL,VSET,0.00310219520677222
ES220000,EFUL,FALL,0.0
ES220000,ELUB,SWHE,0.002469243702510801
ES220000,ELUB,DWHE,0.002518501471864502
ES220000,ELUB,BARL,0.002670263492102482
ES220000,ELUB,OATS,0.004427900718344028
ES220000,ELUB,MAIZ,0.002380572983416512
ES220000,ELUB,RAPE,0.001707127373604458
ES220000,ELUB,SUNF,0.001761091240558821
ES220000,ELUB,PULS,0.003760925428879155
ES220000,ELUB,POTA,0.004093881757895024
ES220000,ELUB,MAIF,0.004409810352208824
ES220000,ELUB,OFAR,0.002360628725737869
ES220000,ELUB,OSET,0.0004718626719079934
ES220000,ELUB,VSET,0.0003872378151416266
ES220000,ELUB,FALL,0.0
ES220000,INPO,SWHE,0.01593203074152118
ES220000,INPO,DWHE,0.02404177588268581
ES220000,INPO,BARL,0.01416995686535972
ES220000,INPO,OATS,0.01758632841922095
ES220000,INPO,MAIZ,0.04337206132498499
ES220000,INPO,RAPE,0.008227492967335541
ES220000,INPO,SUNF,0.01953982249811587
ES220000,INPO,PULS,0.01117131906321219
ES220000,INPO,POTA,0.248550748674361
ES220000,INPO,MAIF,0.06908122254045142
ES220000,INPO,OFAR,0.006956450887141918
ES220000,INPO,OSET,0.00185771880055925
ES220000,INPO,VSET,0.00119438464029087
ES220000,INPO,FALL,0.0
ES230000,SEED,SWHE,0.01944184555819733
ES230000,SEED,BARL,0.01244519701857532
ES230000,SEED,MAIZ,0.04621318655347308
ES230000,SEED,POTA,0.496166157226919
ES230000,SEED,SUGB,0.2642778434596869
ES230000,SEED,OFAR,0.00767649820588033
ES230000,SEED,OSET,0.0
ES230000,SEED,VSET,0.0
ES230000,SEED,FALL,0.0
ES230000,PLAP,SWHE,0.01528759770325343
ES230000,PLAP,BARL,0.0121346600772422
ES230000,PLAP,MAIZ,0.0490099362623717
ES230000,PLAP,POTA,0.38543516484817
ES230000,PLAP,SUGB,0.2445734692227098
ES230000,PLAP,OFAR,0.004688742830430651
ES230000,PLAP,OSET,0.0
ES230000,PLAP,VSET,0.0
ES230000,PLAP,FALL,0.0
ES230000,FERT,SWHE,1.946103268327093
ES230000,FERT,BARL,1.542777197283493
ES230000,FERT,MAIZ,3.524046577370624
ES230000,FERT,POTA,3.648475502576344
ES230000,FERT,SUGB,5.617910255649433
ES230000,FERT,OFAR,0.6427626014606797
ES230000,FERT,OSET,0.0
ES230000,FERT,VSET,0.0
ES230000,FERT,FALL,0.0
ES230000,REPM,SWHE,0.0156483183050983
ES230000,REPM,BARL,0.01328575583522497
ES230000,REPM,MAIZ,0.05157134582105474
ES230000,REPM,POTA,0.3762871222828812
ES230000,REPM,SUGB,0.252093115479155
ES230000,REPM,OFAR,0.007277427061628842
ES230000,REPM,OSET,0.001319873538839474
ES230000,REPM,FALL,0.0
ES230000,REPB,SWHE,0.006439128666321344
ES230000,REPB,BARL,0.00526388471733104
ES230000,REPB,MAIZ,0.01906557671155958
ES230000,REPB,POTA,0.0864023545121179
ES230000,REPB,SUGB,0.0580860945270372
ES230000,REPB,OFAR,0.001486352654233971
ES230000,REPB,OSET,0.001376549348729993
ES230000,REPB,FALL,0.0
ES230000,ELEC,SWHE,0.006118954160811009
ES230000,ELEC,BARL,0.00581253887194347
ES230000,ELEC,MAIZ,0.005000971559548699
ES230000,ELEC,POTA,0.002980230873314248
ES230000,ELEC,SUGB,0.002646282025024751
ES230000,ELEC,OFAR,0.004667191725394195
ES230000,ELEC,OSET,0.0
ES230000,ELEC,VSET,0.0
ES230000,ELEC,FALL,0.0
ES230000,EGAS,SWHE,0.0008162424762663961
ES230000,EGAS,BARL,0.0002433543388444103
ES230000,EGAS,MAIZ,0.001371805721802111
ES230000,EGAS,POTA,0.0
ES230000,EGAS,SUGB,0.0
ES230000,EGAS,OFAR,0.0
ES230000,EGAS,OSET,0.0
ES230000,EGAS,VSET,0.0
ES230000,EGAS,FALL,0.0
ES230000,EFUL,SWHE,0.01876503016734353
ES230000,EFUL,BARL,0.01980683819700806
ES230000,EFUL,MAIZ,0.01518733807375749
ES230000,EFUL,POTA,0.09702082008549456
ES230000,EFUL,SUGB,0.06726624549852844
ES230000,EFUL,OFAR,0.06686758814802234
ES230000,EFUL,OSET,0.003174842433906307
ES230000,EFUL,FALL,0.0
ES230000,ELUB,SWHE,0.002573904001219097
ES230000,ELUB,BARL,0.002770049208062352
ES230000,ELUB,MAIZ,0.002426417296641207
ES230000,ELUB,POTA,0.005327477535177888
ES230000,ELUB,SUGB,0.003631496929915876
ES230000,ELUB,OFAR,0.002395626960598815
ES230000,ELUB,OSET,0.0004613010077579785
ES230000,ELUB,FALL,0.0
ES230000,INPO,SWHE,0.01700466345258211
ES230000,INPO,BARL,0.01502794717230654
ES230000,INPO,MAIZ,0.04482606802607055
ES230000,INPO,POTA,0.3758935478400883
ES230000,INPO,SUGB,0.2211320302161194
ES230000,INPO,OFAR,0.007310641042425793
ES230000,INPO,OSET,0.001538026414953533
ES230000,INPO,FALL,0.0
ES240000,SEED,SWHE,0.01307898420384599
ES240000,SEED,DWHE,0.02285115221818843
ES240000,SEED,RYEM,0.02092740034449316
ES240000,SEED,BARL,0.008800204592185975
ES240000,SEED,OATS,0.008099532239236554
ES240000,SEED,MAIZ,0.04637961154597296
ES240000,SEED,OCER,0.04388868226896135
ES240000,SEED,RAPE,0.03363386035688012
ES240000,SEED,SUNF,0.02246976221012605
ES240000,SEED,PULS,0.01680997294245591
ES240000,SEED,POTA,0.3131520673649423
ES240000,SEED,MAIF,0.09562853773303893
ES240000,SEED,OFAR,0.007053323999623521
ES240000,SEED,OSET,0.000699312842504075
ES240000,SEED,VSET,0.0
ES240000,SEED,FALL,0.0
ES240000,PLAP,SWHE,0.01175093915751637
ES240000,PLAP,DWHE,0.02653924293708738
ES240000,PLAP,RYEM,0.02278569663292779
ES240000,PLAP,BARL,0.009652162579052827
ES240000,PLAP,OATS,0.006322735560424651
ES240000,PLAP,MAIZ,0.0491768072912228
ES240000,PLAP,OCER,0.03592414107994982
ES240000,PLAP,RAPE,0.01770750737742555
ES240000,PLAP,SUNF,0.01662523677396128
ES240000,PLAP,PULS,0.00794385020254236
ES240000,PLAP,POTA,0.2805111825054069
ES240000,PLAP,MAIF,0.07037637485023018
ES240000,PLAP,OFAR,0.004513602773185067
ES240000,PLAP,OSET,0.0003351167297368902
ES240000,PLAP,VSET,0.0
ES240000,PLAP,FALL,0.0
ES240000,FERT,SWHE,1.245671527878803
ES240000,FERT,DWHE,0.6131296570791102
ES240000,FERT,RYEM,0.6603829177451084
ES240000,FERT,BARL,1.062461547517203
ES240000,FERT,OATS,1.138526894475049
ES240000,FERT,MAIZ,3.520322765744033
ES240000,FERT,OCER,1.376165697380191
ES240000,FERT,RAPE,1.375434945259795
ES240000,FERT,SUNF,1.210272353511332
ES240000,FERT,PULS,0.3904483600740621
ES240000,FERT,POTA,2.244889388641449
ES240000,FERT,MAIF,4.512192496189154
ES240000,FERT,OFAR,0.5928673848777108
ES240000,FERT,OSET,0.005440374861796466
ES240000,FERT,VSET,0.0
ES240000,FERT,FALL,0.0
ES240000,REPM,SWHE,0.01397760674969087
ES240000,REPM,DWHE,0.03115745170030128
ES240000,REPM,RYEM,0.01673336248234727
ES240000,REPM,BARL,0.01205206840373099
ES240000,REPM,OATS,0.007766752070335801
ES240000,REPM,MAIZ,0.05164437952657359
ES240000,REPM,OCER,0.02013188991806662
ES240000,REPM,RAPE,0.01339252969011969
ES240000,REPM,SUNF,0.01597734196203781
ES240000,REPM,PULS,0.01263887552808404
ES240000,REPM,POTA,0.3261475390150781
ES240000,REPM,MAIF,0.05214510047218986
ES240000,REPM,OFAR,0.007176737043784773
ES240000,REPM,OSET,0.001666727185795047
ES240000,REPM,VSET,0.0007922476674857288
ES240000,REPM,FALL,0.0
ES240000,REPB,SWHE,0.005748760092408343
ES240000,REPB,DWHE,0.005985306504245115
ES240000,REPB,RYEM,0.00347289942558344
ES240000,REPB,BARL,0.004776558608157283
ES240000,REPB,OATS,0.003769400536711355
ES240000,REPB,MAIZ,0.01909312720367585
ES240000,REPB,OCER,0.004897723310153484
ES240000,REPB,RAPE,0.003999855577938626
ES240000,REPB,SUNF,0.00267660176609774
ES240000,REPB,PULS,0.00259027871021318
ES240000,REPB,POTA,0.07488509312847955
ES240000,REPB,MAIF,0.009710416788179625
ES240000,REPB,OFAR,0.00146763768330952
ES240000,REPB,OSET,0.001418123059370132
ES240000,REPB,VSET,0.001096768792997947
ES240000,REPB,FALL,0.0
ES240000,ELEC,SWHE,0.00518772393927483
ES240000,ELEC,DWHE,0.004455687583409061
ES240000,ELEC,RYEM,0.002157628075255045
ES240000,ELEC,BARL,0.005035400958487191
ES240000,ELEC,OATS,0.005589322912161916
ES240000,ELEC,MAIZ,0.005008326277705519
ES240000,ELEC,OCER,0.001526345801302008
ES240000,ELEC,RAPE,0.001113751426653341
ES240000,ELEC,SUNF,0.00497629149573144
ES240000,ELEC,PULS,0.004933620323525818
ES240000,ELEC,POTA,0.002425627049597219
ES240000,ELEC,MAIF,0.002590979965306603
ES240000,ELEC,OFAR,0.004540489358961424
ES240000,ELEC,OSET,0.0
ES240000,ELEC,VSET,0.0
ES240000,ELEC,FALL,0.0
ES240000,EGAS,SWHE,0.0006912751727407565
ES240000,EGAS,DWHE,0.001135906739429557
ES240000,EGAS,RYEM,0.001761916391670328
ES240000,EGAS,BARL,0.0002111889358786772
ES240000,EGAS,OATS,0.001482325365938432
ES240000,EGAS,MAIZ,0.001374928962790817
ES240000,EGAS,OCER,0.001714559528824819
ES240000,EGAS,RAPE,0.002072000796474817
ES240000,EGAS,SUNF,0.0009653208171063949
ES240000,EGAS,PULS,0.0
ES240000,EGAS,POTA,0.0
ES240000,EGAS,MAIF,0.0
ES240000,EGAS,OFAR,0.0
ES240000,EGAS,OSET,0.0
ES240000,EGAS,VSET,0.0
ES240000,EGAS,FALL,0.0
ES240000,EFUL,SWHE,0.01589101947869684
ES240000,EFUL,DWHE,0.08633737432500303
ES240000,EFUL,RYEM,0.139314292733942
ES240000,EFUL,BARL,0.01717926859125927
ES240000,EFUL,OATS,0.01665441982470355
ES240000,EFUL,MAIZ,0.01521706947263437
ES240000,EFUL,OCER,0.1244464832531918
ES240000,EFUL,RAPE,0.1350550894369452
ES240000,EFUL,SUNF,0.05362511498948538
ES240000,EFUL,PULS,0.1179714185334428
ES240000,EFUL,POTA,0.07901055913877836
ES240000,EFUL,MAIF,0.326906841047002
ES240000,EFUL,OFAR,0.06546618234400116
ES240000,EFUL,OSET,0.003633763726978584
ES240000,EFUL,VSET,0.003102195459054052
ES240000,EFUL,FALL,0.0
ES240000,ELUB,SWHE,0.002178463782670708
ES240000,ELUB,DWHE,0.00252567792264716
ES240000,ELUB,RYEM,0.002517414184518789
ES240000,ELUB,BARL,0.00240371700448744
ES240000,ELUB,OATS,0.002591667404802517
ES240000,ELUB,MAIZ,0.002431959719030068
ES240000,ELUB,OCER,0.002449145180788845
ES240000,ELUB,RAPE,0.002244014449356141
ES240000,ELUB,SUNF,0.00169395185662385
ES240000,ELUB,PULS,0.002816755785855409
ES240000,ELUB,POTA,0.004334610989844867
ES240000,ELUB,MAIF,0.004788005421226441
ES240000,ELUB,OFAR,0.002341881831959802
ES240000,ELUB,OSET,0.0004662575703672142
ES240000,ELUB,VSET,0.0003872377744624998
ES240000,ELUB,FALL,0.0
ES240000,INPO,SWHE,0.01304899768256626
ES240000,INPO,DWHE,0.02385676308448606
ES240000,INPO,RYEM,0.01039571997606348
ES240000,INPO,BARL,0.01196128849039425
ES240000,INPO,OATS,0.009065101679015341
ES240000,INPO,MAIZ,0.04504412698803893
ES240000,INPO,OCER,0.01438028477612714
ES240000,INPO,RAPE,0.010322316411365
ES240000,INPO,SUNF,0.01637524028970531
ES240000,INPO,PULS,0.007107813927251225
ES240000,INPO,POTA,0.2733791320663831
ES240000,INPO,MAIF,0.07871378136283759
ES240000,INPO,OFAR,0.006860853941400156
ES240000,INPO,OSET,0.001759493167260628
ES240000,INPO,VSET,0.001194384633200363
ES240000,INPO,FALL,0.0
ES300000,SEED,SWHE,0.01177089759666249
ES300000,SEED,BARL,0.007601201646223193
ES300000,SEED,OATS,0.008494291159272267
ES300000,SEED,MAIZ,0.05158859028871307
ES300000,SEED,SUNF,0.01564133011520539
ES300000,SEED,PULS,0.02193162705031064
ES300000,SEED,POTA,0.3136441557390085
ES300000,SEED,OFAR,0.00864705722868048
ES300000,SEED,OSET,0.003959285120286996
ES300000,SEED,VSET,0.0
ES300000,SEED,FALL,0.0
ES300000,PLAP,SWHE,0.01101878992690175
ES300000,PLAP,BARL,0.00885346180569252
ES300000,PLAP,OATS,0.007125574913502291
ES300000,PLAP,MAIZ,0.05260579604870064
ES300000,PLAP,SUNF,0.01302298123373212
ES300000,PLAP,PULS,0.009355372395201074
ES300000,PLAP,POTA,0.2807827708019868
ES300000,PLAP,OFAR,0.005035786992171045
ES300000,PLAP,OSET,0.00168457587545205
ES300000,PLAP,VSET,0.0
ES300000,PLAP,FALL,0.0
ES300000,FERT,SWHE,1.179099335419653
ES300000,FERT,BARL,1.027672584282367
ES300000,FERT,OATS,1.198182395511188
ES300000,FERT,MAIZ,4.195245772981681
ES300000,FERT,SUNF,0.8869701341425797
ES300000,FERT,PULS,0.4292584518348274
ES300000,FERT,POTA,2.361578272441193
ES300000,FERT,OFAR,0.7516038404499579
ES300000,FERT,OSET,0.02603579625686517
ES300000,FERT,VSET,0.0
ES300000,FERT,FALL,0.0
ES300000,REPM,SWHE,0.01363280285831805
ES300000,REPM,BARL,0.01165720305373288
ES300000,REPM,OATS,0.007925485835698066
ES300000,REPM,MAIZ,0.05313841949665177
ES300000,REPM,SUNF,0.0144548761321138
ES300000,REPM,PULS,0.01349667125164666
ES300000,REPM,POTA,0.3262762876316103
ES300000,REPM,OFAR,0.007459534015369728
ES300000,REPM,OSET,0.003383463549889677
ES300000,REPM,VSET,0.00079224764946663
ES300000,REPM,FALL,0.0
ES300000,REPB,SWHE,0.005609717976518368
ES300000,REPB,BARL,0.004625019570154685
ES300000,REPB,OATS,0.003849206086428799
ES300000,REPB,MAIZ,0.01963984256524416
ES300000,REPB,SUNF,0.002452936649489266
ES300000,REPB,PULS,0.002765770465914089
ES300000,REPB,POTA,0.07491631803987361
ES300000,REPB,OFAR,0.001525357194623871
ES300000,REPB,OSET,0.001628578940507557
ES300000,REPB,VSET,0.001096769038916386
ES300000,REPB,FALL,0.0
ES300000,ELEC,SWHE,0.004994118851358248
ES300000,ELEC,BARL,0.004781343723190777
ES300000,ELEC,OATS,0.005737069033290988
ES300000,ELEC,MAIZ,0.005214255099810866
ES300000,ELEC,SUNF,0.004350379547515619
ES300000,ELEC,PULS,0.005680886365620608
ES300000,ELEC,POTA,0.002426969964930388
ES300000,ELEC,OFAR,0.004822027272103631
ES300000,ELEC,OSET,0.0
ES300000,ELEC,VSET,0.0
ES300000,ELEC,FALL,0.0
ES300000,EGAS,SWHE,0.0006661376702238866
ES300000,EGAS,BARL,0.0002016859236300946
ES300000,EGAS,OATS,0.001537587723046055
ES300000,EGAS,MAIZ,0.00143402562522535
ES300000,EGAS,SUNF,0.0008455473954464172
ES300000,EGAS,PULS,0.0
ES300000,EGAS,POTA,0.0
ES300000,EGAS,OFAR,0.0
ES300000,EGAS,OSET,0.0
ES300000,EGAS,VSET,0.0
ES300000,EGAS,FALL,0.0
ES300000,EFUL,SWHE,0.01531550356198737
ES300000,EFUL,BARL,0.0163748354590633
ES300000,EFUL,OATS,0.0172312365714317
ES300000,EFUL,MAIZ,0.01587493687450317
ES300000,EFUL,SUNF,0.04639717187674541
ES300000,EFUL,PULS,0.1300555002356876
ES300000,EFUL,POTA,0.0790509730223947
ES300000,EFUL,OFAR,0.06953265490286707
ES300000,EFUL,OSET,0.005506479557245468
ES300000,EFUL,VSET,0.003102195189891211
ES300000,EFUL,FALL,0.0
ES300000,ELUB,SWHE,0.002100616558347295
ES300000,ELUB,BARL,0.00229475190143474
ES300000,ELUB,OATS,0.002690338999511826
ES300000,ELUB,MAIZ,0.002537511344220454
ES300000,ELUB,SUNF,0.001489035768047451
ES300000,ELUB,PULS,0.003102178411261121
ES300000,ELUB,POTA,0.004337395620240807
ES300000,ELUB,OFAR,0.002487183781230642
ES300000,ELUB,OSET,0.0004768532675210177
ES300000,ELUB,VSET,0.0003872378094510796
ES300000,ELUB,FALL,0.0
ES300000,INPO,SWHE,0.01225607331329672
ES300000,INPO,BARL,0.01134641499045449
ES300000,INPO,OATS,0.00954012700219611
ES300000,INPO,MAIZ,0.04835941021514664
ES300000,INPO,SUNF,0.01489970895823627
ES300000,INPO,PULS,0.008382780991776827
ES300000,INPO,POTA,0.2736278457628436
ES300000,INPO,OFAR,0.007665035464032662
ES300000,INPO,OSET,0.002317025124260378
ES300000,INPO,VSET,0.001194384679972224
ES300000,INPO,FALL,0.0
ES410000,SEED,SWHE,0.01417034767473873
ES410000,SEED,DWHE,0.02971862606670612
ES410000,SEED,RYEM,0.02200616564106624
ES410000,SEED,BARL,0.0089662690991718
ES410000,SEED,OATS,0.00919960122056026
ES410000,SEED,MAIZ,0.04750600639172574
ES410000,SEED,OCER,0.04931786045560029
ES410000,SEED,SUNF,0.01474419157033275
ES410000,SEED,PULS,0.02510890781543338
ES410000,SEED,POTA,0.3890473574863709
ES410000,SEED,SUGB,0.2442365083686753
ES410000,SEED,MAIF,0.1055602524775658
ES410000,SEED,OFAR,0.01059968556168348
ES410000,SEED,OSET,0.00125950055153897
ES410000,SEED,VSET,0.0
ES410000,SEED,FALL,0.0
ES410000,PLAP,SWHE,0.01235636553544891
ES410000,PLAP,DWHE,0.03081387256427051
ES410000,PLAP,RYEM,0.02393852249518456
ES410000,PLAP,BARL,0.009800558711791668
ES410000,PLAP,OATS,0.005933899862958035
ES410000,PLAP,MAIZ,0.04990678983103618
ES410000,PLAP,OCER,0.03561735231803129
ES410000,PLAP,SUNF,0.01256883372958715
ES410000,PLAP,PULS,0.01021373382459333
ES410000,PLAP,POTA,0.3238548316280956
ES410000,PLAP,SUGB,0.2321657807980218
ES410000,PLAP,MAIF,0.07525484624906889
ES410000,PLAP,OFAR,0.005672600056523082
ES410000,PLAP,OSET,0.0006149634545428927
ES410000,PLAP,VSET,0.0
ES410000,PLAP,FALL,0.0
ES410000,FERT,SWHE,1.345135355087183
ES410000,FERT,DWHE,0.8002696190386188
ES410000,FERT,RYEM,0.6981356965031529
ES410000,FERT,BARL,1.096254756282986
ES410000,FERT,OATS,1.302338892099925
ES410000,FERT,MAIZ,3.629436763287404
ES410000,FERT,OCER,1.90565169823894
ES410000,FERT,SUNF,0.7780449867505448
ES410000,FERT,PULS,0.4207382961655385
ES410000,FERT,POTA,2.88415468965136
ES410000,FERT,SUGB,5.17336923168626
ES410000,FERT,MAIF,5.067362042468976
ES410000,FERT,OFAR,0.8949360941951116
ES410000,FERT,OSET,0.01165636413312653
ES410000,FERT,VSET,0.0
ES410000,FERT,FALL,0.0
ES410000,REPM,SWHE,0.01426375021949405
ES410000,REPM,DWHE,0.03275288396322996
ES410000,REPM,RYEM,0.01759636468421521
ES410000,REPM,BARL,0.01212716752441131
ES410000,REPM,OATS,0.008149503022919533
ES410000,REPM,MAIZ,0.05196804752797914
ES410000,REPM,OCER,0.02249370375667497
ES410000,REPM,SUNF,0.01424474678354751
ES410000,REPM,PULS,0.01403101129805673
ES410000,REPM,POTA,0.3469320229587559
ES410000,REPM,SUGB,0.2466521713101552
ES410000,REPM,MAIF,0.05368821894877748
ES410000,REPM,OFAR,0.007802837613218141
ES410000,REPM,OSET,0.001921989339371422
ES410000,REPM,VSET,0.0007922475389132361
ES410000,REPM,FALL,0.0
ES410000,REPB,SWHE,0.005868345979605282
ES410000,REPB,DWHE,0.006279035826891305
ES410000,REPB,RYEM,0.003669817604223847
ES410000,REPB,BARL,0.004819476761019709
ES410000,REPB,OATS,0.003964247215731297
ES410000,REPB,MAIZ,0.01921051539294979
ES410000,REPB,OCER,0.005470241884521385
ES410000,REPB,SUNF,0.002410266894929672
ES410000,REPB,PULS,0.002874595059052719
ES410000,REPB,POTA,0.07966733728471669
ES410000,REPB,SUGB,0.05683758468179887
ES410000,REPB,MAIF,0.009999643862717067
ES410000,REPB,OFAR,0.001595285873874806
ES410000,REPB,OSET,0.001445298064667881
ES410000,REPB,VSET,0.001096769225951436
ES410000,REPB,FALL,0.0
ES410000,ELEC,SWHE,0.005346658834180059
ES410000,ELEC,DWHE,0.00485369883090524
ES410000,ELEC,RYEM,0.002279625409556504
ES410000,ELEC,BARL,0.005068658696353378
ES410000,ELEC,OATS,0.00595690540362064
ES410000,ELEC,MAIZ,0.005051853568750668
ES410000,ELEC,OCER,0.001744497605502702
ES410000,ELEC,SUNF,0.004245609424061107
ES410000,ELEC,PULS,0.006008191233773906
ES410000,ELEC,POTA,0.002655605257275897
ES410000,ELEC,SUGB,0.002562452109179422
ES410000,ELEC,MAIF,0.002704278492607721
ES410000,ELEC,OFAR,0.005172141235933693
ES410000,ELEC,OSET,0.0
ES410000,ELEC,VSET,0.0
ES410000,ELEC,FALL,0.0
ES410000,EGAS,SWHE,0.0007128998886663884
ES410000,EGAS,DWHE,0.001222441996242071
ES410000,EGAS,RYEM,0.001863877370821228
ES410000,EGAS,BARL,0.0002153527225605538
ES410000,EGAS,OATS,0.001613126613175942
ES410000,EGAS,MAIZ,0.001387613843609732
ES410000,EGAS,OCER,0.001984993403142811
ES410000,EGAS,SUNF,0.0008247503146769316
ES410000,EGAS,PULS,0.0
ES410000,EGAS,POTA,0.0
ES410000,EGAS,SUGB,0.0
ES410000,EGAS,MAIF,0.0
ES410000,EGAS,OFAR,0.0
ES410000,EGAS,OSET,0.0
ES410000,EGAS,VSET,0.0
ES410000,EGAS,FALL,0.0
ES410000,EFUL,SWHE,0.01639010645055652
ES410000,EFUL,DWHE,0.0932220920781861
ES410000,EFUL,RYEM,0.1463594059152585
ES410000,EFUL,BARL,0.01743858014677579
ES410000,EFUL,OATS,0.01808183330129984
ES410000,EFUL,MAIZ,0.01535835443637945
ES410000,EFUL,OCER,0.1419360931329652
ES410000,EFUL,SUNF,0.04532218095176063
ES410000,EFUL,PULS,0.1373614815884783
ES410000,EFUL,POTA,0.08642790571170418
ES410000,EFUL,SUGB,0.0651528883529051
ES410000,EFUL,MAIF,0.3411899685892081
ES410000,EFUL,OFAR,0.07448173504512576
ES410000,EFUL,OSET,0.004098522276788183
ES410000,EFUL,VSET,0.00310219522852226
ES410000,EFUL,FALL,0.0
ES410000,ELUB,SWHE,0.002247578045020755
ES410000,ELUB,DWHE,0.002725456446711955
ES410000,ELUB,RYEM,0.002663901977891712
ES410000,ELUB,BARL,0.00244791736289594
ES410000,ELUB,OATS,0.002835381174948628
ES410000,ELUB,MAIZ,0.0024547520007837
ES410000,ELUB,OCER,0.002894549523229925
ES410000,ELUB,SUNF,0.00145083894250621
ES410000,ELUB,PULS,0.003270353270528277
ES410000,ELUB,POTA,0.004748606531643213
ES410000,ELUB,SUGB,0.003517994195997268
ES410000,ELUB,MAIF,0.004998023300327495
ES410000,ELUB,OFAR,0.002665172853601759
ES410000,ELUB,OSET,0.0004747861887870573
ES410000,ELUB,VSET,0.0003872378260596696
ES410000,ELUB,FALL,0.0
ES410000,INPO,SWHE,0.01373539103479562
ES410000,INPO,DWHE,0.02748447275690347
ES410000,INPO,RYEM,0.0109281754624752
ES410000,INPO,BARL,0.01258104909999258
ES410000,INPO,OATS,0.01014089501533116
ES410000,INPO,MAIZ,0.04576522238215404
ES410000,INPO,OCER,0.01283695488039304
ES410000,INPO,SUNF,0.01431074449453248
ES410000,INPO,PULS,0.009174556317258161
ES410000,INPO,POTA,0.3159854316239096
ES410000,INPO,SUGB,0.2100297264800266
ES410000,INPO,MAIF,0.08392742817087037
ES410000,INPO,OFAR,0.008659653924229915
ES410000,INPO,OSET,0.001842513548801159
ES410000,INPO,VSET,0.001194384634248617
ES410000,INPO,FALL,0.0
ES420000,SEED,SWHE,0.01091857094504614
ES420000,SEED,DWHE,0.02226983516286476
ES420000,SEED,RYEM,0.01527074142934494
ES420000,SEED,BARL,0.006882815743293393
ES420000,SEED,OATS,0.004693921055543064
ES420000,SEED,MAIZ,0.05545995990342136
ES420000,SEED,OCER,0.04019151875943304
ES420000,SEED,RAPE,0.02294420267940693
ES420000,SEED,SUNF,0.01181043107917643
ES420000,SEED,PULS,0.01461376588252559
ES420000,SEED,POTA,0.2861814952798051
ES420000,SEED,SUGB,0.2598940409136181
ES420000,SEED,MAIF,0.0780986959514043
ES420000,SEED,OFAR,0.0105789225122593
ES420000,SEED,OSET,0.006469262079229746
ES420000,SEED,VSET,0.0
ES420000,SEED,FALL,0.0
ES420000,PLAP,SWHE,0.01054509437701812
ES420000,PLAP,DWHE,0.02644177169869784
ES420000,PLAP,RYEM,0.01661207115862956
ES420000,PLAP,BARL,0.008282205222229656
ES420000,PLAP,OATS,0.004340623806976221
ES420000,PLAP,MAIZ,0.05521558814232125
ES420000,PLAP,OCER,0.0349807658100411
ES420000,PLAP,RAPE,0.01641418185649757
ES420000,PLAP,SUNF,0.01112411313582467
ES420000,PLAP,PULS,0.007149781473100516
ES420000,PLAP,POTA,0.2649171874007842
ES420000,PLAP,SUGB,0.2418676897248227
ES420000,PLAP,MAIF,0.06181618872931363
ES420000,PLAP,OFAR,0.005648438666750488
ES420000,PLAP,OSET,0.00303306709101414
ES420000,PLAP,VSET,0.0
ES420000,PLAP,FALL,0.0
ES420000,FERT,SWHE,1.013630314353777
ES420000,FERT,DWHE,0.6153029974691746
ES420000,FERT,RYEM,0.5597722562354108
ES420000,FERT,BARL,0.8771844165909204
ES420000,FERT,OATS,0.6937001371218174
ES420000,FERT,MAIZ,4.372011526507463
ES420000,FERT,OCER,1.5689714595655
ES420000,FERT,RAPE,1.169952476936821
ES420000,FERT,SUNF,0.6096638205575142
ES420000,FERT,PULS,0.365424908080577
ES420000,FERT,POTA,2.02331942396562
ES420000,FERT,SUGB,5.497737611608729
ES420000,FERT,MAIF,3.555000620032509
ES420000,FERT,OFAR,0.9008547368845072
ES420000,FERT,OSET,0.04361466320617699
ES420000,FERT,VSET,0.0
ES420000,FERT,FALL,0.0
ES420000,REPM,SWHE,0.01340903946488959
ES420000,REPM,DWHE,0.03098319996560405
ES420000,REPM,RYEM,0.01221004057547017
ES420000,REPM,BARL,0.01137535404271649
ES420000,REPM,OATS,0.006632337749135389
ES420000,REPM,MAIZ,0.05423060045540733
ES420000,REPM,OCER,0.02312789322981328
ES420000,REPM,RAPE,0.01293762836487168
ES420000,REPM,SUNF,0.01358454544954172
ES420000,REPM,PULS,0.01228651371365434
ES420000,REPM,POTA,0.3187498787282709
ES420000,REPM,SUGB,0.2509035466303716
ES420000,REPM,MAIF,0.04940914536949843
ES420000,REPM,OFAR,0.007795163071598051
ES420000,REPM,OSET,0.004654319959858037
ES420000,REPM,VSET,0.0007922476705106371
ES420000,REPM,FALL,0.0
ES420000,REPB,SWHE,0.005516878064693799
ES420000,REPB,DWHE,0.005937396092277386
ES420000,REPB,RYEM,0.002546406142634856
ES420000,REPB,BARL,0.004512626656944171
ES420000,REPB,OATS,0.003178566628117638
ES420000,REPB,MAIZ,0.02004553660594604
ES420000,REPB,OCER,0.005614786004337177
ES420000,REPB,RAPE,0.003863539151388243
ES420000,REPB,SUNF,0.002297341121584368
ES420000,REPB,PULS,0.002512459713609131
ES420000,REPB,POTA,0.0731925270411254
ES420000,REPB,SUGB,0.05781246143571307
ES420000,REPB,MAIF,0.00920218854068422
ES420000,REPB,OFAR,0.001592546078611078
ES420000,REPB,OSET,0.001782880411706933
ES420000,REPB,VSET,0.001096769133320378
ES420000,REPB,FALL,0.0
ES420000,ELEC,SWHE,0.004869497193741308
ES420000,ELEC,DWHE,0.004450805577067907
ES420000,ELEC,RYEM,0.001581757228986928
ES420000,ELEC,BARL,0.004608018537810672
ES420000,ELEC,OATS,0.004380472245551671
ES420000,ELEC,MAIZ,0.005376191792533826
ES420000,ELEC,OCER,0.001687043575517673
ES420000,ELEC,RAPE,0.001053450894822983
ES420000,ELEC,SUNF,0.003944233846248868
ES420000,ELEC,PULS,0.004897648590072318
ES420000,ELEC,POTA,0.002343828057636785
ES420000,ELEC,SUGB,0.002627970929695305
ES420000,ELEC,MAIF,0.002394339366617935
ES420000,ELEC,OFAR,0.00517489863814427
ES420000,ELEC,OSET,0.0
ES420000,ELEC,VSET,0.0
ES420000,ELEC,FALL,0.0
ES420000,EGAS,SWHE,0.0006493435136120237
ES420000,EGAS,DWHE,0.001119588480720206
ES420000,EGAS,RYEM,0.001293466552777189
ES420000,EGAS,BARL,0.0001942064499325444
ES420000,EGAS,OATS,0.00113628317807304
ES420000,EGAS,MAIZ,0.001477655830741486
ES420000,EGAS,OCER,0.001955745793367429
ES420000,EGAS,RAPE,0.001955535155945728
ES420000,EGAS,SUNF,0.0007661598411515547
ES420000,EGAS,PULS,0.0
ES420000,EGAS,POTA,0.0
ES420000,EGAS,SUGB,0.0
ES420000,EGAS,MAIF,0.0
ES420000,EGAS,OFAR,0.0
ES420000,EGAS,OSET,0.0
ES420000,EGAS,VSET,0.0
ES420000,EGAS,FALL,0.0
ES420000,EFUL,SWHE,0.01492870690442028
ES420000,EFUL,DWHE,0.08525953005291517
ES420000,EFUL,RYEM,0.1015754028035941
ES420000,EFUL,BARL,0.01577429406432344
ES420000,EFUL,OATS,0.01298429548720111
ES420000,EFUL,MAIZ,0.0163555556864677
ES420000,EFUL,OCER,0.1387589126258258
ES420000,EFUL,RAPE,0.1236202494702301
ES420000,EFUL,SUNF,0.04213469776770953
ES420000,EFUL,PULS,0.1113476028466308
ES420000,EFUL,POTA,0.07631425416233584
ES420000,EFUL,SUGB,0.06680258466463307
ES420000,EFUL,MAIF,0.3020953176505965
ES420000,EFUL,OFAR,0.0743259692548532
ES420000,EFUL,OSET,0.007071774010012215
ES420000,EFUL,VSET,0.003102195208268312
ES420000,EFUL,FALL,0.0
ES420000,ELUB,SWHE,0.002047287483270304
ES420000,ELUB,DWHE,0.002495131426405828
ES420000,ELUB,RYEM,0.001848807264540275
ES420000,ELUB,BARL,0.002211173362225402
ES420000,ELUB,OATS,0.001997069828372552
ES420000,ELUB,MAIZ,0.002614334556802076
ES420000,ELUB,OCER,0.002993376620035725
ES420000,ELUB,RAPE,0.002138653246851361
ES420000,ELUB,SUNF,0.001347587745274788
ES420000,ELUB,PULS,0.00262292157016008
ES420000,ELUB,POTA,0.004190048487571089
ES420000,ELUB,SUGB,0.003606499647845451
ES420000,ELUB,MAIF,0.004423003687105324
ES420000,ELUB,OFAR,0.002661011136268566
ES420000,ELUB,OSET,0.0004908024223935339
ES420000,ELUB,VSET,0.0003872378164849251
ES420000,ELUB,FALL,0.0
ES420000,INPO,SWHE,0.01172400488487817
ES420000,INPO,DWHE,0.02371020035763607
ES420000,INPO,RYEM,0.007582805191650086
ES420000,INPO,BARL,0.01059334961263857
ES420000,INPO,OATS,0.006008702356574425
ES420000,INPO,MAIZ,0.05070001823207686
ES420000,INPO,OCER,0.01167303256841984
ES420000,INPO,RAPE,0.009706738626404313
ES420000,INPO,SUNF,0.01259388966395261
ES420000,INPO,PULS,0.006492993959476615
ES420000,INPO,POTA,0.2583321315265878
ES420000,INPO,SUGB,0.2186966313131043
ES420000,INPO,MAIF,0.06917918325002026
ES420000,INPO,OFAR,0.008742602428045023
ES420000,INPO,OSET,0.00277829695258122
ES420000,INPO,VSET,0.001194384539361794
ES420000,INPO,FALL,0.0
ES430000,SEED,SWHE,0.01032637102948802
ES430000,SEED,DWHE,0.03112750550852171
ES430000,SEED,RYEM,0.01037426766517149
ES430000,SEED,BARL,0.007058089714832855
ES430000,SEED,OATS,0.004617714848577787
ES430000,SEED,MAIZ,0.05576049434425216
ES430000,SEED,OCER,0.04053761531997519
ES430000,SEED,RAPE,0.01968737767931552
ES430000,SEED,SUNF,0.009031200360843629
ES430000,SEED,SOYA,0.06100560837911008
ES430000,SEED,PULS,0.01532572233990088
ES430000,SEED,POTA,0.2615020871518513
ES430000,SEED,SUGB,0.1862118367557798
ES430000,SEED,OFAR,0.01287913668123995
ES430000,SEED,OSET,0.01520818710689829
ES430000,SEED,VSET,0.0
ES430000,SEED,FALL,0.0
ES430000,PLAP,SWHE,0.01016566505432465
ES430000,PLAP,DWHE,0.03140785445669931
ES430000,PLAP,RYEM,0.01218610054905016
ES430000,PLAP,BARL,0.008070704068732119
ES430000,PLAP,OATS,0.003601730357121536
ES430000,PLAP,MAIZ,0.05205775708896641
ES430000,PLAP,OCER,0.0352790735666003
ES430000,PLAP,RAPE,0.01387767733200202
ES430000,PLAP,SUNF,0.009726628012223926
ES430000,PLAP,SOYA,0.05365705013116105
ES430000,PLAP,PULS,0.007494746439026824
ES430000,PLAP,POTA,0.251045693595355
ES430000,PLAP,SUGB,0.196850736223616
ES430000,PLAP,OFAR,0.006426693917468534
ES430000,PLAP,OSET,0.007342463492747357
ES430000,PLAP,VSET,0.0
ES430000,PLAP,FALL,0.0
ES430000,FERT,SWHE,1.143043159079999
ES430000,FERT,DWHE,0.8822088548640321
ES430000,FERT,RYEM,0.6164124101427799
ES430000,FERT,BARL,1.0974534903755
ES430000,FERT,OATS,0.921098875763399
ES430000,FERT,MAIZ,4.021182481119461
ES430000,FERT,OCER,1.660705946579342
ES430000,FERT,RAPE,0.8740192934293288
ES430000,FERT,SUNF,0.9108182903537236
ES430000,FERT,SOYA,1.378895767837882
ES430000,FERT,PULS,0.3727718634252288
ES430000,FERT,POTA,1.825051687070492
ES430000,FERT,SUGB,3.992423606904262
ES430000,FERT,OFAR,1.121793329053651
ES430000,FERT,OSET,0.1343777005925159
ES430000,FERT,VSET,0.0
ES430000,FERT,FALL,0.0
ES430000,REPM,SWHE,0.01377914737172927
ES430000,REPM,DWHE,0.03310596782796717
ES430000,REPM,RYEM,0.007686223541770025
ES430000,REPM,BARL,0.01069388722441701
ES430000,REPM,OATS,0.005560998747886989
ES430000,REPM,MAIZ,0.05330395500261437
ES430000,REPM,OCER,0.02342729837120637
ES430000,REPM,RAPE,0.01212041154956023
ES430000,REPM,SUNF,0.01352017441460759
ES430000,REPM,SOYA,0.03312234027710077
ES430000,REPM,PULS,0.01239429103543386
ES430000,REPM,POTA,0.3119877158413813
ES430000,REPM,SUGB,0.2309460102085339
ES430000,REPM,OFAR,0.008208418289099777
ES430000,REPM,OSET,0.008749401901735909
ES430000,REPM,VSET,0.0007922476815747893
ES430000,REPM,FALL,0.0
ES430000,REPB,SWHE,0.005668487173036333
ES430000,REPB,DWHE,0.006356784368221902
ES430000,REPB,RYEM,0.002080065401219139
ES430000,REPB,BARL,0.004828568215776808
ES430000,REPB,OATS,0.003473785387777068
ES430000,REPB,MAIZ,0.01979782169227439
ES430000,REPB,OCER,0.005694845703949443
ES430000,REPB,RAPE,0.003626020466467476
ES430000,REPB,SUNF,0.002561597933541279
ES430000,REPB,SOYA,0.007722186284283727
ES430000,REPB,PULS,0.002539086594707618
ES430000,REPB,POTA,0.0716273904978529
ES430000,REPB,SUGB,0.0531913205456652
ES430000,REPB,OFAR,0.001678564721735382
ES430000,REPB,OSET,0.002232675932214934
ES430000,REPB,VSET,0.001096769085517799
ES430000,REPB,FALL,0.0
ES430000,ELEC,SWHE,0.005064768884206101
ES430000,ELEC,DWHE,0.004923713422155822
ES430000,ELEC,RYEM,0.001163289203838141
ES430000,ELEC,BARL,0.005043390561626055
ES430000,ELEC,OATS,0.004876244360538936
ES430000,ELEC,MAIZ,0.005487144126038488
ES430000,ELEC,OCER,0.001681473217827017
ES430000,ELEC,RAPE,0.0009567226897302925
ES430000,ELEC,SUNF,0.004490324430607466
ES430000,ELEC,SOYA,0.001193049869745705
ES430000,ELEC,PULS,0.004989576712475706
ES430000,ELEC,POTA,0.002268739144638998
ES430000,ELEC,SUGB,0.002321108251892505
ES430000,ELEC,OFAR,0.005573005102725415
ES430000,ELEC,OSET,0.0
ES430000,ELEC,VSET,0.0
ES430000,ELEC,FALL,0.0
ES430000,EGAS,SWHE,0.0006869344953895672
ES430000,EGAS,DWHE,0.001247038264141548
ES430000,EGAS,RYEM,0.001312463544767621
ES430000,EGAS,BARL,0.0002183479103206494
ES430000,EGAS,OATS,0.001350071194440646
ES430000,EGAS,MAIZ,0.001451513255827596
ES430000,EGAS,OCER,0.00198516481739883
ES430000,EGAS,RAPE,0.001780697409850341
ES430000,EGAS,SUNF,0.0008818853360098352
ES430000,EGAS,SOYA,0.002001859798676488
ES430000,EGAS,PULS,0.0
ES430000,EGAS,POTA,0.0
ES430000,EGAS,SUGB,0.0
ES430000,EGAS,OFAR,0.0
ES430000,EGAS,OSET,0.0
ES430000,EGAS,VSET,0.0
ES430000,EGAS,FALL,0.0
ES430000,EFUL,SWHE,0.01559337122689002
ES430000,EFUL,DWHE,0.09533420367964165
ES430000,EFUL,RYEM,0.07527381407422742
ES430000,EFUL,BARL,0.01763603044196933
ES430000,EFUL,OATS,0.01515187269056473
ES430000,EFUL,MAIZ,0.01633300393177768
ES430000,EFUL,OCER,0.1409998899141526
ES430000,EFUL,RAPE,0.1132850852485498
ES430000,EFUL,SUNF,0.05055664193178512
ES430000,EFUL,SOYA,0.1282938747786073
ES430000,EFUL,PULS,0.1140658769539455
ES430000,EFUL,POTA,0.07399523205338024
ES430000,EFUL,SUGB,0.05892016877532802
ES430000,EFUL,OFAR,0.0803368889096074
ES430000,EFUL,OSET,0.01391371316562625
ES430000,EFUL,VSET,0.003102195208266741
ES430000,EFUL,FALL,0.0
ES430000,ELUB,SWHE,0.002162391926028278
ES430000,ELUB,DWHE,0.002780792665234206
ES430000,ELUB,RYEM,0.001707158713535494
ES430000,ELUB,BARL,0.002499714080550434
ES430000,ELUB,OATS,0.002404328104236344
ES430000,ELUB,MAIZ,0.002566235515146074
ES430000,ELUB,OCER,0.003059443709236189
ES430000,ELUB,RAPE,0.001940841232933078
ES430000,ELUB,SUNF,0.00159906353472332
ES430000,ELUB,SOYA,0.002716339079011833
ES430000,ELUB,PULS,0.002714718804493114
ES430000,ELUB,POTA,0.004051791236052459
ES430000,ELUB,SUGB,0.003178574414978169
ES430000,ELUB,OFAR,0.002873999193277079
ES430000,ELUB,OSET,0.0006046892485333703
ES430000,ELUB,VSET,0.0003872378119030686
ES430000,ELUB,FALL,0.0
ES430000,INPO,SWHE,0.01435618670441858
ES430000,INPO,DWHE,0.02307194568376925
ES430000,INPO,RYEM,0.004429336276122309
ES430000,INPO,BARL,0.01328766624539989
ES430000,INPO,OATS,0.007163009717444932
ES430000,INPO,MAIZ,0.05602084591486468
ES430000,INPO,OCER,0.01276363889732748
ES430000,INPO,RAPE,0.00792470994728426
ES430000,INPO,SUNF,0.0123434641068249
ES430000,INPO,SOYA,0.01781905540171718
ES430000,INPO,PULS,0.006739423133533687
ES430000,INPO,POTA,0.2442378966076586
ES430000,INPO,SUGB,0.1774656689189158
ES430000,INPO,OFAR,0.00977013626454096
ES430000,INPO,OSET,0.004129790066583481
ES430000,INPO,VSET,0.00119438465706862
ES430000,INPO,FALL,0.0
ES510000,SEED,SWHE,0.0154358402790525
ES510000,SEED,BARL,0.009608432074846997
ES510000,SEED,OATS,0.01136077695574547
ES510000,SEED,MAIZ,0.0476617304629843
ES510000,SEED,OCER,0.06853694021456595
ES510000,SEED,RAPE,0.03552031213424247
ES510000,SEED,SUNF,0.02632769522132458
ES510000,SEED,PULS,0.03221786831507356
ES510000,SEED,POTA,0.2699237202299746
ES510000,SEED,MAIF,0.06502942271749079
ES510000,SEED,OFAR,0.007805281234142327
ES510000,SEED,OSET,6.124004433631911e-05
ES510000,SEED,VSET,0.0
ES510000,SEED,FALL,0.0
ES510000,PLAP,SWHE,0.01306152399347357
ES510000,PLAP,BARL,0.009155088749446033
ES510000,PLAP,OATS,0.007871490730203911
ES510000,PLAP,MAIZ,0.0500181279750781
ES510000,PLAP,OCER,0.05120792698508112
ES510000,PLAP,RAPE,0.01815862423786149
ES510000,PLAP,SUNF,0.01856695765543217
ES510000,PLAP,PULS,0.01218517080419737
ES510000,PLAP,POTA,0.2557265504615753
ES510000,PLAP,MAIF,0.05543153687265203
ES510000,PLAP,OFAR,0.004767964703096381
ES510000,PLAP,OSET,3.21424182898137e-05
ES510000,PLAP,VSET,0.0
ES510000,PLAP,FALL,0.0
ES510000,FERT,SWHE,1.450808928889529
ES510000,FERT,BARL,0.9661348541929027
ES510000,FERT,OATS,1.502982644899174
ES510000,FERT,MAIZ,3.639870883338785
ES510000,FERT,OCER,2.668917810968761
ES510000,FERT,RAPE,1.437591713201564
ES510000,FERT,SUNF,1.397570295724437
ES510000,FERT,PULS,0.5140479692137178
ES510000,FERT,POTA,1.887602694835648
ES510000,FERT,MAIF,2.847537290941073
ES510000,FERT,OFAR,0.63207044382827
ES510000,FERT,OSET,0.001168147622987383
ES510000,FERT,VSET,0.0
ES510000,FERT,FALL,0.0
ES510000,REPM,SWHE,0.01459619674907577
ES510000,REPM,BARL,0.01177447116983082
ES510000,REPM,OATS,0.00863698815175749
ES510000,REPM,MAIZ,0.0520256038389479
ES510000,REPM,OCER,0.02840916051015413
ES510000,REPM,RAPE,0.01354815889910124
ES510000,REPM,SUNF,0.01682967172577748
ES510000,REPM,PULS,0.01522121824727348
ES510000,REPM,POTA,0.3142984776621413
ES510000,REPM,MAIF,0.04733553872888524
ES510000,REPM,OFAR,0.007311902721422585
ES510000,REPM,OSET,0.001344097593613847
ES510000,REPM,VSET,0.00079224774254627
ES510000,REPM,FALL,0.0
ES510000,REPB,SWHE,0.006005145955547907
ES510000,REPB,BARL,0.004792036603404009
ES510000,REPB,OATS,0.00414936783823363
ES510000,REPB,MAIZ,0.01923079078048224
ES510000,REPB,OCER,0.006956454435372546
ES510000,REPB,RAPE,0.004048122636607645
ES510000,REPB,SUNF,0.002789796096244739
ES510000,REPB,PULS,0.003118515887642796
ES510000,REPB,POTA,0.0721643445768361
ES510000,REPB,MAIF,0.008814852222412694
ES510000,REPB,OFAR,0.001495756642791256
ES510000,REPB,OSET,0.001378242061644299
ES510000,REPB,VSET,0.001096768907563116
ES510000,REPB,FALL,0.0
ES510000,ELEC,SWHE,0.005532344088710438
ES510000,ELEC,BARL,0.004899759531014299
ES510000,ELEC,OATS,0.006433793838517075
ES510000,ELEC,MAIZ,0.005056400723064505
ES510000,ELEC,OCER,0.002247548910518004
ES510000,ELEC,RAPE,0.001134335435450607
ES510000,ELEC,SUNF,0.005306555886044702
ES510000,ELEC,PULS,0.006747780394589717
ES510000,ELEC,POTA,0.002294482001002102
ES510000,ELEC,MAIF,0.002248341544937875
ES510000,ELEC,OFAR,0.004670450151490214
ES510000,ELEC,OSET,0.0
ES510000,ELEC,VSET,0.0
ES510000,ELEC,FALL,0.0
ES510000,EGAS,SWHE,0.0007375726423399199
ES510000,EGAS,BARL,0.0002010006512784905
ES510000,EGAS,OATS,0.001675882202919672
ES510000,EGAS,MAIZ,0.001389917050068557
ES510000,EGAS,OCER,0.002643134018909124
ES510000,EGAS,RAPE,0.002112353895545262
ES510000,EGAS,SUNF,0.001027776345044769
ES510000,EGAS,PULS,0.0
ES510000,EGAS,POTA,0.0
ES510000,EGAS,MAIF,0.0
ES510000,EGAS,OFAR,0.0
ES510000,EGAS,OSET,0.0
ES510000,EGAS,VSET,0.0
ES510000,EGAS,FALL,0.0
ES510000,EFUL,SWHE,0.01695874057211139
ES510000,EFUL,BARL,0.01645416248932529
ES510000,EFUL,OATS,0.01907535713713124
ES510000,EFUL,MAIZ,0.0153837211175102
ES510000,EFUL,OCER,0.1846493312413086
ES510000,EFUL,RAPE,0.1319739989673763
ES510000,EFUL,SUNF,0.05760910227558855
ES510000,EFUL,PULS,0.1541861373617943
ES510000,EFUL,POTA,0.07475757846830859
ES510000,EFUL,MAIF,0.2836442985086713
ES510000,EFUL,OFAR,0.06743014267191232
ES510000,EFUL,OSET,0.003252607075094396
ES510000,EFUL,VSET,0.003102195479406787
ES510000,EFUL,FALL,0.0
ES510000,ELUB,SWHE,0.002325423174237853
ES510000,ELUB,BARL,0.002286704300474769
ES510000,ELUB,OATS,0.002943135248282602
ES510000,ELUB,MAIZ,0.002459073953304173
ES510000,ELUB,OCER,0.004051603244428578
ES510000,ELUB,RAPE,0.002281711704303333
ES510000,ELUB,SUNF,0.001798314298492007
ES510000,ELUB,PULS,0.003669525771723884
ES510000,ELUB,POTA,0.004099987859982272
ES510000,ELUB,MAIF,0.004147420363580854
ES510000,ELUB,OFAR,0.002411440882527584
ES510000,ELUB,OSET,0.0004634042232024453
ES510000,ELUB,VSET,0.0003872378158617359
ES510000,ELUB,FALL,0.0
ES510000,INPO,SWHE,0.01451690235620052
ES510000,INPO,BARL,0.01097551399465487
ES510000,INPO,OATS,0.01100235006702049
ES510000,INPO,MAIZ,0.04593216874043702
ES510000,INPO,OCER,0.01882654535098242
ES510000,INPO,RAPE,0.01063462513719499
ES510000,INPO,SUNF,0.01821920988931468
ES510000,INPO,PULS,0.01094366321591961
ES510000,INPO,POTA,0.2491251906257776
ES510000,INPO,MAIF,0.06285453921777213
ES510000,INPO,OFAR,0.00720036345492764
ES510000,INPO,OSET,0.001545505524584793
ES510000,INPO,VSET,0.001194384685077887
ES510000,INPO,FALL,0.0
ES520000,SEED,SWHE,0.0116687029603082
ES520000,SEED,BARL,0.007619145761071453
ES520000,SEED,OATS,0.005529400805471036
ES520000,SEED,MAIZ,0.03600691511973814
ES520000,SEED,SUNF,0.01357896387459544
ES520000,SEED,PULS,0.02310133619293014
ES520000,SEED,POTA,0.2724097555117039
ES520000,SEED,OFAR,0.0178234281696966
ES520000,SEED,VSET,0.0
ES520000,SEED,FALL,0.0
ES520000,PLAP,SWHE,0.01090973713435271
ES520000,PLAP,BARL,0.008841886884784515
ES520000,PLAP,OATS,0.00532757877090744
ES520000,PLAP,MAIZ,0.04223630301080086
ES520000,PLAP,SUNF,0.0119691900589853
ES520000,PLAP,PULS,0.009647067195484287
ES520000,PLAP,POTA,0.2573733355801249
ES520000,PLAP,OFAR,0.008748289829865991
ES520000,PLAP,VSET,0.0
ES520000,PLAP,FALL,0.0
ES520000,FERT,SWHE,1.129356023581436
ES520000,FERT,BARL,0.9101300666078815
ES520000,FERT,OATS,0.551859189538566
ES520000,FERT,MAIZ,2.693540983732847
ES520000,FERT,SUNF,0.7432380530151326
ES520000,FERT,PULS,0.4207988511049909
ES520000,FERT,POTA,2.00182835982268
ES520000,FERT,OFAR,1.780866750619001
ES520000,FERT,VSET,0.0
ES520000,FERT,FALL,0.0
ES520000,REPM,SWHE,0.0137948264691292
ES520000,REPM,BARL,0.01164969174357035
ES520000,REPM,OATS,0.006846586476503602
ES520000,REPM,MAIZ,0.04865990758629334
ES520000,REPM,SUNF,0.01398374655809579
ES520000,REPM,PULS,0.01369624530136851
ES520000,REPM,POTA,0.3149929065134081
ES520000,REPM,OFAR,0.008981217256613947
ES520000,REPM,VSET,0.0007922475780399371
ES520000,REPM,FALL,0.0
ES520000,REPB,SWHE,0.005783833174579952
ES520000,REPB,BARL,0.004612806425180602
ES520000,REPB,OATS,0.003150420830535094
ES520000,REPB,MAIZ,0.01799462073360401
ES520000,REPB,SUNF,0.002369896318149408
ES520000,REPB,PULS,0.002805691089515308
ES520000,REPB,POTA,0.07231385286611569
ES520000,REPB,OFAR,0.001882230404773448
ES520000,REPB,VSET,0.00109676914108365
ES520000,REPB,FALL,0.0
ES520000,ELEC,SWHE,0.005018565876603011
ES520000,ELEC,BARL,0.004788121048318373
ES520000,ELEC,OATS,0.004455648890107756
ES520000,ELEC,MAIZ,0.004589685734942052
ES520000,ELEC,SUNF,0.004134612923367594
ES520000,ELEC,PULS,0.005798216811682053
ES520000,ELEC,POTA,0.002302059605155976
ES520000,ELEC,OFAR,0.006647704940324054
ES520000,ELEC,VSET,0.0
ES520000,ELEC,FALL,0.0
ES520000,EGAS,SWHE,0.0006874011137677833
ES520000,EGAS,BARL,0.0001999236945358267
ES520000,EGAS,OATS,0.001048066798945454
ES520000,EGAS,MAIZ,0.001256223814233697
ES520000,EGAS,SUNF,0.0008034211686212566
ES520000,EGAS,PULS,0.0
ES520000,EGAS,POTA,0.0
ES520000,EGAS,OFAR,0.0
ES520000,EGAS,VSET,0.0
ES520000,EGAS,FALL,0.0
ES520000,EFUL,SWHE,0.01612648156572969
ES520000,EFUL,BARL,0.01628922910918487
ES520000,EFUL,OATS,0.01243287657567486
ES520000,EFUL,MAIZ,0.01390461912111383
ES520000,EFUL,SUNF,0.04407216955302466
ES520000,EFUL,PULS,0.132514546901267
ES520000,EFUL,POTA,0.07504924504678055
ES520000,EFUL,OFAR,0.09442379650665818
ES520000,EFUL,VSET,0.003102195225164075
ES520000,EFUL,FALL,0.0
ES520000,ELUB,SWHE,0.00224673436511358
ES520000,ELUB,BARL,0.002276928939653306
ES520000,ELUB,OATS,0.001801648308200137
ES520000,ELUB,MAIZ,0.002220952213386027
ES520000,ELUB,SUNF,0.001413865714591728
ES520000,ELUB,PULS,0.003153100844013818
ES520000,ELUB,POTA,0.004110862617808684
ES520000,ELUB,OFAR,0.003431090991385893
ES520000,ELUB,VSET,0.0003872378150890512
ES520000,ELUB,FALL,0.0
ES520000,INPO,SWHE,0.01242055955753903
ES520000,INPO,BARL,0.01130311210078715
ES520000,INPO,OATS,0.006704013576809716
ES520000,INPO,MAIZ,0.0384354398271056
ES520000,INPO,SUNF,0.01363669731984164
ES520000,INPO,PULS,0.008675489678371675
ES520000,INPO,POTA,0.2504272398356562
ES520000,INPO,OFAR,0.008502332613446704
ES520000,INPO,VSET,0.001194384631365773
ES520000,INPO,FALL,0.0
ES530000,SEED,SWHE,0.00783169664282518
ES530000,SEED,BARL,0.005584212244464521
ES530000,SEED,OATS,0.003703273634314642
ES530000,SEED,OCER,0.02765346322904074
ES530000,SEED,RAPE,0.02709814294695239
ES530000,SEED,PULS,0.02704366823801647
ES530000,SEED,POTA,0.3047454128683967
ES530000,SEED,OFAR,0.01096477411760152
ES530000,SEED,VSET,0.0
ES530000,SEED,FALL,0.0
ES530000,PLAP,SWHE,0.008828427559331466
ES530000,PLAP,BARL,0.007455564162991667
ES530000,PLAP,OATS,0.003118210408188301
ES530000,PLAP,OCER,0.02819913505317369
ES530000,PLAP,RAPE,0.02032794649240591
ES530000,PLAP,PULS,0.01078823579775929
ES530000,PLAP,POTA,0.2755081589478113
ES530000,PLAP,OFAR,0.005861597958176091
ES530000,PLAP,VSET,0.0
ES530000,PLAP,FALL,0.0
ES530000,FERT,SWHE,0.6715590963728979
ES530000,FERT,BARL,0.6372692964114341
ES530000,FERT,OATS,0.6499019111047418
ES530000,FERT,OCER,1.123712471178619
ES530000,FERT,RAPE,1.485702275273847
ES530000,FERT,PULS,0.4443226711991269
ES530000,FERT,POTA,2.234347675008045
ES530000,FERT,OFAR,0.9428544552277174
ES530000,FERT,VSET,0.0
ES530000,FERT,FALL,0.0
ES530000,REPM,SWHE,0.01259845859810347
ES530000,REPM,BARL,0.01095961729693682
ES530000,REPM,OATS,0.005156768606908172
ES530000,REPM,OCER,0.02134375463761356
ES530000,REPM,RAPE,0.01389962112581857
ES530000,REPM,PULS,0.01435074874399089
ES530000,REPM,POTA,0.3238375021323122
ES530000,REPM,OFAR,0.00788579704542872
ES530000,REPM,VSET,0.000792247810907267
ES530000,REPM,FALL,0.0
ES530000,REPB,SWHE,0.005181994752785256
ES530000,REPB,BARL,0.004343178989349491
ES530000,REPB,OATS,0.003197568856839101
ES530000,REPB,OCER,0.00519270611651804
ES530000,REPB,RAPE,0.004451849584710169
ES530000,REPB,PULS,0.002941556533682058
ES530000,REPB,POTA,0.07436317626615421
ES530000,REPB,OFAR,0.001616942289084601
ES530000,REPB,VSET,0.001096769261026275
ES530000,REPB,FALL,0.0
ES530000,ELEC,SWHE,0.004417635842243593
ES530000,ELEC,BARL,0.004350014266349082
ES530000,ELEC,OATS,0.00432888343764354
ES530000,ELEC,OCER,0.001497309627097976
ES530000,ELEC,RAPE,0.001304939809166285
ES530000,ELEC,PULS,0.006211114531643159
ES530000,ELEC,POTA,0.002400176836998211
ES530000,ELEC,OFAR,0.005208259741138835
ES530000,ELEC,VSET,0.0
ES530000,ELEC,FALL,0.0
ES530000,EGAS,SWHE,0.0005887774940752543
ES530000,EGAS,BARL,0.000182376304308161
ES530000,EGAS,OATS,0.001182706246773358
ES530000,EGAS,OCER,0.001737993072120975
ES530000,EGAS,RAPE,0.00230430146339893
ES530000,EGAS,PULS,0.0
ES530000,EGAS,POTA,0.0
ES530000,EGAS,OFAR,0.0
ES530000,EGAS,VSET,0.0
ES530000,EGAS,FALL,0.0
ES530000,EFUL,SWHE,0.01353474315293682
ES530000,EFUL,BARL,0.01483755864253644
ES530000,EFUL,OATS,0.01320356489523634
ES530000,EFUL,OCER,0.1227067772257441
ES530000,EFUL,RAPE,0.08095265914137069
ES530000,EFUL,PULS,0.1419219770325065
ES530000,EFUL,POTA,0.07811892361392696
ES530000,EFUL,OFAR,0.075845514156744
ES530000,EFUL,VSET,0.003102195225336206
ES530000,EFUL,FALL,0.0
ES530000,ELUB,SWHE,0.001855620104566579
ES530000,ELUB,BARL,0.00207589926479847
ES530000,ELUB,OATS,0.002090718854133169
ES530000,ELUB,OCER,0.002662347058606835
ES530000,ELUB,RAPE,0.002677137641115066
ES530000,ELUB,PULS,0.003380517643583899
ES530000,ELUB,POTA,0.004291628834436258
ES530000,ELUB,OFAR,0.002707681779638257
ES530000,ELUB,VSET,0.0003872378226994311
ES530000,ELUB,FALL,0.0
ES530000,INPO,SWHE,0.009805869354298016
ES530000,INPO,BARL,0.00923898583015154
ES530000,INPO,OATS,0.00580823120517448
ES530000,INPO,OCER,0.009635594880060388
ES530000,INPO,RAPE,0.01008619470234433
ES530000,INPO,PULS,0.009653240328623537
ES530000,INPO,POTA,0.2687929989467678
ES530000,INPO,OFAR,0.008441366918188774
ES530000,INPO,VSET,0.001194384650909929
ES530000,INPO,FALL,0.0
ES610000,SEED,SWHE,0.01014151686052555
ES610000,SEED,DWHE,0.02593599631064589
ES610000,SEED,BARL,0.006341947402415195
ES610000,SEED,OATS,0.005635737057416029
ES610000,SEED,MAIZ,0.05171359998625209
ES610000,SEED,OCER,0.04332238011244015
ES610000,SEED,RAPE,0.01650552785847363
ES610000,SEED,SUNF,0.014143582125833
ES610000,SEED,PULS,0.01657303061137454
ES610000,SEED,POTA,0.2871144870485203
ES610000,SEED,SUGB,0.1817852496716986
ES610000,SEED,MAIF,0.074640294797512
ES610000,SEED,OFAR,0.01534161037776863
ES610000,SEED,OSET,0.01737420233086639
ES610000,SEED,VSET,0.0
ES610000,SEED,FALL,0.0
ES610000,PLAP,SWHE,0.01009101614828771
ES610000,PLAP,DWHE,0.028551621205534
ES610000,PLAP,BARL,0.008286344481469993
ES610000,PLAP,OATS,0.004544400444354946
ES610000,PLAP,MAIZ,0.05269478264530632
ES610000,PLAP,OCER,0.03705254734023753
ES610000,PLAP,RAPE,0.01362039862253935
ES610000,PLAP,SUNF,0.01134630223811868
ES610000,PLAP,PULS,0.007809351214563541
ES610000,PLAP,POTA,0.2659948473880385
ES610000,PLAP,SUGB,0.1936327506276421
ES610000,PLAP,MAIF,0.06010745148177883
ES610000,PLAP,OFAR,0.00722684775128322
ES610000,PLAP,OSET,0.00738858438678615
ES610000,PLAP,VSET,0.0
ES610000,PLAP,FALL,0.0
ES610000,FERT,SWHE,0.9956901283001711
ES610000,FERT,DWHE,0.7730788616711799
ES610000,FERT,BARL,0.7850509295314605
ES610000,FERT,OATS,0.6846916217501456
ES610000,FERT,MAIZ,4.052598728927559
ES610000,FERT,OCER,1.678083911440931
ES610000,FERT,RAPE,0.8188484683423842
ES610000,FERT,SUNF,0.8721040538675615
ES610000,FERT,PULS,0.3760722028417678
ES610000,FERT,POTA,2.017666753879957
ES610000,FERT,SUGB,3.849188041734037
ES610000,FERT,MAIF,3.359427879155155
ES610000,FERT,OFAR,1.348258297247213
ES610000,FERT,OSET,0.1093105732553233
ES610000,FERT,VSET,0.0
ES610000,FERT,FALL,0.0
ES610000,REPM,SWHE,0.01320339087546817
ES610000,REPM,DWHE,0.03181452508428703
ES610000,REPM,BARL,0.009651984399402498
ES610000,REPM,OATS,0.006728875635660296
ES610000,REPM,MAIZ,0.05316044252332813
ES610000,REPM,OCER,0.02380125095129006
ES610000,REPM,RAPE,0.01199665459260636
ES610000,REPM,SUNF,0.01409074776650987
ES610000,REPM,PULS,0.01260981919137266
ES610000,REPM,POTA,0.3190115801116497
ES610000,REPM,SUGB,0.2296975237508985
ES610000,REPM,MAIF,0.04888732014987573
ES610000,REPM,OFAR,0.008644138366676773
ES610000,REPM,OSET,0.01029021694983833
ES610000,REPM,VSET,0.0007922476637565951
ES610000,REPM,FALL,0.0
ES610000,REPB,SWHE,0.005421138483701978
ES610000,REPB,DWHE,0.006100182987454766
ES610000,REPB,BARL,0.004510707279786527
ES610000,REPB,OATS,0.003187218435805532
ES610000,REPB,MAIZ,0.0196499312832695
ES610000,REPB,OCER,0.005781186597150383
ES610000,REPB,RAPE,0.003598823023086832
ES610000,REPB,SUNF,0.002481979400271385
ES610000,REPB,PULS,0.002582911714338099
ES610000,REPB,POTA,0.07322929979587582
ES610000,REPB,SUGB,0.05293080301963034
ES610000,REPB,MAIF,0.00910517532120695
ES610000,REPB,OFAR,0.001767030899291788
ES610000,REPB,OSET,0.002483630379696653
ES610000,REPB,VSET,0.001096769048731846
ES610000,REPB,FALL,0.0
ES610000,ELEC,SWHE,0.004757143639662603
ES610000,ELEC,DWHE,0.004679577459086983
ES610000,ELEC,BARL,0.004568118770766136
ES610000,ELEC,OATS,0.004445418951149015
ES610000,ELEC,MAIZ,0.005222279070100336
ES610000,ELEC,OCER,0.001748254604778625
ES610000,ELEC,RAPE,0.000940403769269084
ES610000,ELEC,SUNF,0.004404905266166177
ES610000,ELEC,PULS,0.005114310217678606
ES610000,ELEC,POTA,0.002346225726331934
ES610000,ELEC,SUGB,0.002301003532590599
ES610000,ELEC,MAIF,0.002354235633079105
ES610000,ELEC,OFAR,0.006009966764994799
ES610000,ELEC,OSET,0.0
ES610000,ELEC,VSET,0.0
ES610000,ELEC,FALL,0.0
ES610000,EGAS,SWHE,0.0006335083926142483
ES610000,EGAS,DWHE,0.001168501840868522
ES610000,EGAS,BARL,0.0001964464275161262
ES610000,EGAS,OATS,0.001119951268699339
ES610000,EGAS,MAIZ,0.001434992882090199
ES610000,EGAS,OCER,0.002029597097055573
ES610000,EGAS,RAPE,0.00175016500189686
ES610000,EGAS,SUNF,0.0008589889810625398
ES610000,EGAS,PULS,0.0
ES610000,EGAS,POTA,0.0
ES610000,EGAS,SUGB,0.0
ES610000,EGAS,MAIF,0.0
ES610000,EGAS,OFAR,0.0
ES610000,EGAS,OSET,0.0
ES610000,EGAS,VSET,0.0
ES610000,EGAS,FALL,0.0
ES610000,EFUL,SWHE,0.0145250730452092
ES610000,EFUL,DWHE,0.08937469857770625
ES610000,EFUL,BARL,0.01580199021957313
ES610000,EFUL,OATS,0.01300105154080509
ES610000,EFUL,MAIZ,0.01588521187955921
ES610000,EFUL,OCER,0.1439755165549556
ES610000,EFUL,RAPE,0.09232537318218628
ES610000,EFUL,SUNF,0.04454642157618492
ES610000,EFUL,PULS,0.1161739791716453
ES610000,EFUL,POTA,0.0765962397913369
ES610000,EFUL,SUGB,0.05854281533611203
ES610000,EFUL,MAIF,0.2970427410399766
ES610000,EFUL,OFAR,0.08658147416621045
ES610000,EFUL,OSET,0.01338892713791487
ES610000,EFUL,VSET,0.003102195176372816
ES610000,EFUL,FALL,0.0
ES610000,ELUB,SWHE,0.001991200278918025
ES610000,ELUB,DWHE,0.002610748520415471
ES610000,ELUB,BARL,0.002216587511567277
ES610000,ELUB,OATS,0.001964306986032234
ES610000,ELUB,MAIZ,0.002538839228619932
ES610000,ELUB,OCER,0.003127470976704461
ES610000,ELUB,RAPE,0.001924088980114172
ES610000,ELUB,SUNF,0.001524686817427229
ES610000,ELUB,PULS,0.00274899579404291
ES610000,ELUB,POTA,0.00418708301536061
ES610000,ELUB,SUGB,0.003159338767725501
ES610000,ELUB,MAIF,0.004351066914568517
ES610000,ELUB,OFAR,0.003097562138487806
ES610000,ELUB,OSET,0.0005287199336257817
ES610000,ELUB,VSET,0.0003872378066232227
ES610000,ELUB,FALL,0.0
ES610000,INPO,SWHE,0.01119083595974575
ES610000,INPO,DWHE,0.02514161656248198
ES610000,INPO,BARL,0.01053420348017
ES610000,INPO,OATS,0.006663958956598565
ES610000,INPO,MAIZ,0.04836202256333341
ES610000,INPO,OCER,0.01285505823537376
ES610000,INPO,RAPE,0.007790299728145548
ES610000,INPO,SUNF,0.01370085964205954
ES610000,INPO,PULS,0.006973867907308568
ES610000,INPO,POTA,0.2583964158930072
ES610000,INPO,SUGB,0.1751602987824171
ES610000,INPO,MAIF,0.06702331661201896
ES610000,INPO,OFAR,0.01105107090962828
ES610000,INPO,OSET,0.004669378238483783
ES610000,INPO,VSET,0.001194384642402286
ES610000,INPO,FALL,0.0
ES620000,SEED,SWHE,0.006189384234059202
ES620000,SEED,BARL,0.004541201078546388
ES620000,SEED,OATS,0.003403889540251123
ES620000,SEED,OCER,0.0259220547553675
ES620000,SEED,POTA,0.2630355493517325
ES620000,SEED,OFAR,0.02531698841775474
ES620000,SEED,OSET,0.005125794892439682
ES620000,SEED,VSET,0.0
ES620000,SEED,FALL,0.0
ES620000,PLAP,SWHE,0.007912297486005877
ES620000,PLAP,BARL,0.006208413483321022
ES620000,PLAP,OATS,0.003562889259430751
ES620000,PLAP,OCER,0.02711398171778692
ES620000,PLAP,POTA,0.2582727206925077
ES620000,PLAP,OFAR,0.01216319504352783
ES620000,PLAP,OSET,0.002158147750782269
ES620000,PLAP,VSET,0.0
ES620000,PLAP,FALL,0.0
ES620000,FERT,SWHE,0.5654155964820375
ES620000,FERT,BARL,0.454534662037948
ES620000,FERT,OATS,0.5134738687953144
ES620000,FERT,OCER,0.9603979143764834
ES620000,FERT,POTA,1.848743775944421
ES620000,FERT,OFAR,2.60462975126091
ES620000,FERT,OSET,0.03161291512077094
ES620000,FERT,VSET,0.0
ES620000,FERT,FALL,0.0
ES620000,REPM,SWHE,0.01216627474010354
ES620000,REPM,BARL,0.01088315120289796
ES620000,REPM,OATS,0.005197516756188762
ES620000,REPM,OCER,0.02100156207598096
ES620000,REPM,POTA,0.312437925714882
ES620000,REPM,OFAR,0.01083731084470689
ES620000,REPM,OSET,0.00400936744789831
ES620000,REPM,VSET,0.0007922475645889308
ES620000,REPM,FALL,0.0
ES620000,REPB,SWHE,0.005005447256805315
ES620000,REPB,BARL,0.004172361180752785
ES620000,REPB,OATS,0.002961926967000679
ES620000,REPB,OCER,0.005109032534523313
ES620000,REPB,POTA,0.0717016315351523
ES620000,REPB,OFAR,0.002255230246153707
ES620000,REPB,OSET,0.001709646791355714
ES620000,REPB,VSET,0.001096769136634508
ES620000,REPB,FALL,0.0
ES620000,ELEC,SWHE,0.004175950080879298
ES620000,ELEC,BARL,0.004182481145309565
ES620000,ELEC,OATS,0.003917496923120947
ES620000,ELEC,OCER,0.001465197001582157
ES620000,ELEC,POTA,0.002273425533708826
ES620000,ELEC,OFAR,0.008205675425377933
ES620000,ELEC,OSET,0.0
ES620000,ELEC,VSET,0.0
ES620000,ELEC,FALL,0.0
ES620000,EGAS,SWHE,0.0005568198322202585
ES620000,EGAS,BARL,0.0001590818203049332
ES620000,EGAS,OATS,0.001018343081561525
ES620000,EGAS,OCER,0.001700879176810377
ES620000,EGAS,POTA,0.0
ES620000,EGAS,OFAR,0.0
ES620000,EGAS,OSET,0.0
ES620000,EGAS,VSET,0.0
ES620000,EGAS,FALL,0.0
ES620000,EFUL,SWHE,0.01280162070366044
ES620000,EFUL,BARL,0.01322789469102679
ES620000,EFUL,OATS,0.01168568524716004
ES620000,EFUL,OCER,0.1197709441059397
ES620000,EFUL,POTA,0.07433311751594023
ES620000,EFUL,OFAR,0.1197297707545619
ES620000,EFUL,OSET,0.006084977058548555
ES620000,EFUL,VSET,0.003102195208652977
ES620000,EFUL,FALL,0.0
ES620000,ELUB,SWHE,0.001755515662028226
ES620000,ELUB,BARL,0.001826913556406749
ES620000,ELUB,OATS,0.001797683441861726
ES620000,ELUB,OCER,0.002595224794102293
ES620000,ELUB,POTA,0.004051811275533567
ES620000,ELUB,OFAR,0.004281728873480507
ES620000,ELUB,OSET,0.0004763460037922216
ES620000,ELUB,VSET,0.0003872378167059116
ES620000,ELUB,FALL,0.0
ES620000,INPO,SWHE,0.008795863376867252
ES620000,INPO,BARL,0.008273393345693113
ES620000,INPO,OATS,0.005348222601628458
ES620000,INPO,OCER,0.009103906203344815
ES620000,INPO,POTA,0.2447497074385905
ES620000,INPO,OFAR,0.009962230020134091
ES620000,INPO,OSET,0.002564534208974778
ES620000,INPO,VSET,0.001194384338056016
ES620000,INPO,FALL,0.0
FR100000,SEED,SWHE,0.03995462280592486
FR100000,SEED,DWHE,0.04713837246602054
FR100000,SEED,BARL,0.04576161221562678
FR100000,SEED,OATS,0.0142642574484853
FR100000,SEED,MAIZ,0.04821938474107008
FR100000,SEED,OCER,0.02062259339595364
FR100000,SEED,RAPE,0.02845396318462182
FR100000,SEED,SUNF,0.02744353074099761
FR100000,SEED,PULS,0.02992976893072621
FR100000,SEED,POTA,0.3476324304832998
FR100000,SEED,SUGB,0.09122304676204757
FR100000,SEED,MAIF,0.02592737951723347
FR100000,SEED,OFAR,0.05239962532308174
FR100000,SEED,OSET,0.0
FR100000,SEED,VSET,0.0
FR100000,SEED,FALL,0.0
FR100000,PLAP,SWHE,0.1141257440058555
FR100000,PLAP,DWHE,0.1252881996248036
FR100000,PLAP,BARL,0.1292079180553644
FR100000,PLAP,OATS,0.03385209469949736
FR100000,PLAP,MAIZ,0.09174192960981867
FR100000,PLAP,OCER,0.0853705009922452
FR100000,PLAP,RAPE,0.08737561093792849
FR100000,PLAP,SUNF,0.08374488466950666
FR100000,PLAP,PULS,0.01772480315282376
FR100000,PLAP,POTA,0.4609065633206451
FR100000,PLAP,SUGB,0.2602461662011886
FR100000,PLAP,MAIF,0.07508204797107994
FR100000,PLAP,OFAR,0.03827023469626652
FR100000,PLAP,OSET,0.0
FR100000,PLAP,VSET,0.0
FR100000,PLAP,FALL,0.0
FR100000,FERT,SWHE,4.369157175599081
FR100000,FERT,DWHE,3.756981740304143
FR100000,FERT,BARL,3.475473019808592
FR100000,FERT,OATS,3.051499218414026
FR100000,FERT,MAIZ,4.630689961304792
FR100000,FERT,OCER,3.824739495314439
FR100000,FERT,RAPE,3.839711102382457
FR100000,FERT,SUNF,2.955419932681322
FR100000,FERT,PULS,2.293858621820126
FR100000,FERT,POTA,4.641975783222004
FR100000,FERT,SUGB,7.115551326322205
FR100000,FERT,MAIF,4.366485986439336
FR100000,FERT,OFAR,5.283338842646001
FR100000,FERT,OSET,0.0
FR100000,FERT,VSET,0.0
FR100000,FERT,FALL,0.0
FR100000,REPM,SWHE,0.04173555844901672
FR100000,REPM,DWHE,0.04286136158196986
FR100000,REPM,BARL,0.041362770901171
FR100000,REPM,OATS,0.01875913609620597
FR100000,REPM,MAIZ,0.05049699256437726
FR100000,REPM,OCER,0.01982166223671909
FR100000,REPM,RAPE,0.02786314015991477
FR100000,REPM,SUNF,0.0245501116841805
FR100000,REPM,PULS,0.0279714107376405
FR100000,REPM,POTA,0.3813195336476919
FR100000,REPM,SUGB,0.1086355125181419
FR100000,REPM,MAIF,0.03564062300554307
FR100000,REPM,OFAR,0.03574797599137981
FR100000,REPM,OSET,0.04608160968950634
FR100000,REPM,VSET,0.03490079513206912
FR100000,REPM,FALL,0.0
FR100000,REPB,SWHE,0.007988920947949788
FR100000,REPB,DWHE,0.005970779022456124
FR100000,REPB,BARL,0.007808211836729848
FR100000,REPB,OATS,0.004107201073453335
FR100000,REPB,MAIZ,0.009526268100235493
FR100000,REPB,OCER,0.005317120422274366
FR100000,REPB,RAPE,0.005957747677998246
FR100000,REPB,SUNF,0.005430046193293471
FR100000,REPB,PULS,0.006234279499421442
FR100000,REPB,POTA,0.05822207388055263
FR100000,REPB,SUGB,0.02038347874853546
FR100000,REPB,MAIF,0.007912870986001682
FR100000,REPB,OFAR,0.005930736410620112
FR100000,REPB,OSET,0.003841730135086533
FR100000,REPB,VSET,0.003352128755158996
FR100000,REPB,FALL,0.0
FR100000,ELEC,SWHE,0.005212054532310693
FR100000,ELEC,DWHE,0.003600214061578214
FR100000,ELEC,BARL,0.005183895093018486
FR100000,ELEC,OATS,0.001766482917269558
FR100000,ELEC,MAIZ,0.005059071456697662
FR100000,ELEC,OCER,0.003804111353586731
FR100000,ELEC,RAPE,0.005231246321456108
FR100000,ELEC,SUNF,0.00525741444100707
FR100000,ELEC,PULS,0.004319960051898215
FR100000,ELEC,POTA,0.002028018741615038
FR100000,ELEC,SUGB,0.003562453428459759
FR100000,ELEC,MAIF,0.005034807237294523
FR100000,ELEC,OFAR,0.007594598552735667
FR100000,ELEC,OSET,0.0
FR100000,ELEC,VSET,0.0
FR100000,ELEC,FALL,0.0
FR100000,EGAS,SWHE,0.0001399670096880096
FR100000,EGAS,DWHE,0.001257380384216398
FR100000,EGAS,BARL,0.0004322226388356428
FR100000,EGAS,OATS,0.001550472830257505
FR100000,EGAS,MAIZ,0.0004169112033917579
FR100000,EGAS,OCER,0.001143115386519608
FR100000,EGAS,RAPE,0.000787981855437319
FR100000,EGAS,SUNF,0.0007323030055687984
FR100000,EGAS,PULS,0.0
FR100000,EGAS,POTA,0.0
FR100000,EGAS,SUGB,0.0
FR100000,EGAS,MAIF,0.0
FR100000,EGAS,OFAR,0.0
FR100000,EGAS,OSET,0.0
FR100000,EGAS,VSET,0.0
FR100000,EGAS,FALL,0.0
FR100000,EFUL,SWHE,0.04080967351555061
FR100000,EFUL,DWHE,0.04523993944172248
FR100000,EFUL,BARL,0.05966501375038377
FR100000,EFUL,OATS,0.01948803020267598
FR100000,EFUL,MAIZ,0.05719676270977515
FR100000,EFUL,OCER,0.03827038720052021
FR100000,EFUL,RAPE,0.04731443494194051
FR100000,EFUL,SUNF,0.0456167418119279
FR100000,EFUL,PULS,0.04135340930365051
FR100000,EFUL,POTA,0.09649666608609184
FR100000,EFUL,SUGB,0.07367058900421716
FR100000,EFUL,MAIF,0.06119240920241271
FR100000,EFUL,OFAR,0.02950335732210264
FR100000,EFUL,OSET,0.03655576308553084
FR100000,EFUL,VSET,0.03586273734505846
FR100000,EFUL,FALL,0.0
FR100000,ELUB,SWHE,0.00566267261358073
FR100000,ELUB,DWHE,0.009147200983555594
FR100000,ELUB,BARL,0.008641643307255151
FR100000,ELUB,OATS,0.007899887920381515
FR100000,ELUB,MAIZ,0.008439563660027315
FR100000,ELUB,OCER,0.008448609699788884
FR100000,ELUB,RAPE,0.007445041290507549
FR100000,ELUB,SUNF,0.007591657341453794
FR100000,ELUB,PULS,0.00840209108542762
FR100000,ELUB,POTA,0.01291328410594552
FR100000,ELUB,SUGB,0.01044300519877661
FR100000,ELUB,MAIF,0.01147401266867725
FR100000,ELUB,OFAR,0.004671814615069101
FR100000,ELUB,OSET,0.001775585897981933
FR100000,ELUB,VSET,0.00177280460670241
FR100000,ELUB,FALL,0.0
FR100000,INPO,SWHE,0.08322732083992215
FR100000,INPO,DWHE,0.1087564263617055
FR100000,INPO,BARL,0.0872355588197167
FR100000,INPO,OATS,0.02327063255368537
FR100000,INPO,MAIZ,0.1018363147610738
FR100000,INPO,OCER,0.02946305106793953
FR100000,INPO,RAPE,0.07769284858576886
FR100000,INPO,SUNF,0.0808963930251122
FR100000,INPO,PULS,0.05791945857030717
FR100000,INPO,POTA,0.963238023243457
FR100000,INPO,SUGB,0.2275487214179609
FR100000,INPO,MAIF,0.04097128176454774
FR100000,INPO,OFAR,0.1183443294746154
FR100000,INPO,OSET,0.146605972667349
FR100000,INPO,VSET,0.1073599109801039
FR100000,INPO,FALL,0.0
FR210000,SEED,SWHE,0.04043645698083261
FR210000,SEED,BARL,0.04608513540226088
FR210000,SEED,OATS,0.01293142009794517
FR210000,SEED,MAIZ,0.04724184348170422
FR210000,SEED,OCER,0.01821935788670084
FR210000,SEED,RAPE,0.02755657658345415
FR210000,SEED,SUNF,0.02949121237165281
FR210000,SEED,PULS,0.0297623819850997
FR210000,SEED,POTA,0.3951345913413054
FR210000,SEED,SUGB,0.09867602912263487
FR210000,SEED,MAIF,0.02552308636249315
FR210000,SEED,OFAR,0.01781009672896078
FR210000,SEED,OSET,0.0007288285475926305
FR210000,SEED,VSET,0.0
FR210000,SEED,FALL,0.0
FR210000,PLAP,SWHE,0.1150279408708707
FR210000,PLAP,BARL,0.1296944663002908
FR210000,PLAP,OATS,0.03181412369359927
FR210000,PLAP,MAIZ,0.09054615240350672
FR210000,PLAP,OCER,0.07873991274848524
FR210000,PLAP,RAPE,0.08546703113029787
FR210000,PLAP,SUNF,0.08774124426876631
FR210000,PLAP,PULS,0.01766948588337801
FR210000,PLAP,POTA,0.4998748101519712
FR210000,PLAP,SUGB,0.2728003523912573
FR210000,PLAP,MAIF,0.07410002464202087
FR210000,PLAP,OFAR,0.01808615554883473
FR210000,PLAP,OSET,0.0003494504368814795
FR210000,PLAP,VSET,0.0
FR210000,PLAP,FALL,0.0
FR210000,FERT,SWHE,4.323195513491716
FR210000,FERT,BARL,3.437084927323224
FR210000,FERT,OATS,2.432070525282808
FR210000,FERT,MAIZ,4.433315294386372
FR210000,FERT,OCER,3.18525573514294
FR210000,FERT,RAPE,3.601079816437703
FR210000,FERT,SUNF,3.097074376448535
FR210000,FERT,PULS,2.181794119337845
FR210000,FERT,POTA,5.02329306134417
FR210000,FERT,SUGB,7.572096494574603
FR210000,FERT,MAIF,4.189427695062204
FR210000,FERT,OFAR,1.524928955213993
FR210000,FERT,OSET,0.01274775751239936
FR210000,FERT,VSET,0.0
FR210000,FERT,FALL,0.0
FR210000,REPM,SWHE,0.04186921408131376
FR210000,REPM,BARL,0.04145113068367678
FR210000,REPM,OATS,0.01827518061607634
FR210000,REPM,MAIZ,0.05024321547179014
FR210000,REPM,OCER,0.01918655961211176
FR210000,REPM,RAPE,0.02764024619060639
FR210000,REPM,SUNF,0.02506768850684707
FR210000,REPM,PULS,0.02793507490194121
FR210000,REPM,POTA,0.3940919273265355
FR210000,REPM,SUGB,0.1108220038215957
FR210000,REPM,MAIF,0.03549483184450326
FR210000,REPM,OFAR,0.02537250949322181
FR210000,REPM,OSET,0.04590834336068671
FR210000,REPM,VSET,0.03490079376183229
FR210000,REPM,FALL,0.0
FR210000,REPB,SWHE,0.008014718252930198
FR210000,REPB,BARL,0.007822883604360523
FR210000,REPB,OATS,0.00400191915214571
FR210000,REPB,MAIZ,0.009477383967866853
FR210000,REPB,OCER,0.005146061309754304
FR210000,REPB,RAPE,0.00590706130769993
FR210000,REPB,SUNF,0.005542649073600746
FR210000,REPB,PULS,0.006225563354140076
FR210000,REPB,POTA,0.06017158692453291
FR210000,REPB,SUGB,0.02078627558681064
FR210000,REPB,MAIF,0.007871606014928164
FR210000,REPB,OFAR,0.004204163394667985
FR210000,REPB,OSET,0.003836971008941743
FR210000,REPB,VSET,0.003352128749337313
FR210000,REPB,FALL,0.0
FR210000,ELEC,SWHE,0.005237228932092148
FR210000,ELEC,BARL,0.005197635489516337
FR210000,ELEC,OATS,0.001697216577482358
FR210000,ELEC,MAIZ,0.005019559688108407
FR210000,ELEC,OCER,0.003625542968812816
FR210000,ELEC,RAPE,0.005160476081046314
FR210000,ELEC,SUNF,0.005414377800684424
FR210000,ELEC,PULS,0.004309912279717839
FR210000,ELEC,POTA,0.002130652705789987
FR210000,ELEC,SUGB,0.003668196918426062
FR210000,ELEC,MAIF,0.005007264711966514
FR210000,ELEC,OFAR,0.004648820846677942
FR210000,ELEC,OSET,0.0
FR210000,ELEC,VSET,0.0
FR210000,ELEC,FALL,0.0
FR210000,EGAS,SWHE,0.0001406175159287535
FR210000,EGAS,BARL,0.0004330978615106112
FR210000,EGAS,OATS,0.001491432133933386
FR210000,EGAS,MAIZ,0.0004136016120971732
FR210000,EGAS,OCER,0.001088602106449361
FR210000,EGAS,RAPE,0.0007487549335084145
FR210000,EGAS,SUNF,0.000754499297108029
FR210000,EGAS,PULS,0.0
FR210000,EGAS,POTA,0.0
FR210000,EGAS,SUGB,0.0
FR210000,EGAS,MAIF,0.0
FR210000,EGAS,OFAR,0.0
FR210000,EGAS,OSET,0.0
FR210000,EGAS,VSET,0.0
FR210000,EGAS,FALL,0.0
FR210000,EFUL,SWHE,0.04100793432051485
FR210000,EFUL,BARL,0.05980710791351425
FR210000,EFUL,OATS,0.01875417582168014
FR210000,EFUL,MAIZ,0.05674226502811415
FR210000,EFUL,OCER,0.03646108595591131
FR210000,EFUL,RAPE,0.04666525244425421
FR210000,EFUL,SUNF,0.04695655704189326
FR210000,EFUL,PULS,0.04124919466461489
FR210000,EFUL,POTA,0.1013364369339852
FR210000,EFUL,SUGB,0.0757933249651035
FR210000,EFUL,MAIF,0.06088381869973492
FR210000,EFUL,OFAR,0.01804072918089148
FR210000,EFUL,OSET,0.03654731741526603
FR210000,EFUL,VSET,0.03586273522650388
FR210000,EFUL,FALL,0.0
FR210000,ELUB,SWHE,0.005690031654159797
FR210000,ELUB,BARL,0.008662261534220657
FR210000,ELUB,OATS,0.007603244181339104
FR210000,ELUB,MAIZ,0.00837290838743494
FR210000,ELUB,OCER,0.008044009967768172
FR210000,ELUB,RAPE,0.007342570590116095
FR210000,ELUB,SUNF,0.007815385309733037
FR210000,ELUB,PULS,0.008381587886826688
FR210000,ELUB,POTA,0.01356190470096072
FR210000,ELUB,SUGB,0.0107419655396742
FR210000,ELUB,MAIF,0.01139519595641897
FR210000,ELUB,OFAR,0.00274431114190167
FR210000,ELUB,OSET,0.001786311135856521
FR210000,ELUB,VSET,0.001772804439976624
FR210000,ELUB,FALL,0.0
FR210000,INPO,SWHE,0.08387729370765552
FR210000,INPO,BARL,0.08765547269542154
FR210000,INPO,OATS,0.0218771684766244
FR210000,INPO,MAIZ,0.1005368746110874
FR210000,INPO,OCER,0.02718724993914692
FR210000,INPO,RAPE,0.076010700175257
FR210000,INPO,SUNF,0.0845651053318529
FR210000,INPO,PULS,0.05766651876834997
FR210000,INPO,POTA,1.044581983714346
FR210000,INPO,SUGB,0.2389581228908596
FR210000,INPO,MAIF,0.04056432399997098
FR210000,INPO,OFAR,0.05600095914955093
FR210000,INPO,OSET,0.145782647909189
FR210000,INPO,VSET,0.1073599078678486
FR210000,INPO,FALL,0.0
FR220000,SEED,SWHE,0.0416469196511294
FR220000,SEED,BARL,0.0493421550602778
FR220000,SEED,OATS,0.01576213858461606
FR220000,SEED,MAIZ,0.04844838462978916
FR220000,SEED,OCER,0.02211640849690408
FR220000,SEED,RAPE,0.02919394157701635
FR220000,SEED,PULS,0.03116350498333465
FR220000,SEED,POTA,0.3950376491088039
FR220000,SEED,SUGB,0.09442194258409871
FR220000,SEED,MAIF,0.02903060191488675
FR220000,SEED,OFAR,0.02339091925814998
FR220000,SEED,OSET,0.0
FR220000,SEED,VSET,0.0
FR220000,SEED,FALL,0.0
FR220000,PLAP,SWHE,0.1173036615158519
FR220000,PLAP,BARL,0.1358662061286216
FR220000,PLAP,OATS,0.03362980687251423
FR220000,PLAP,MAIZ,0.09193378524264209
FR220000,PLAP,OCER,0.08812073614945012
FR220000,PLAP,RAPE,0.08832406765769713
FR220000,PLAP,PULS,0.01820150596081537
FR220000,PLAP,POTA,0.4997877624483386
FR220000,PLAP,SUGB,0.2649881960824111
FR220000,PLAP,MAIF,0.08039408429184801
FR220000,PLAP,OFAR,0.02134793071858237
FR220000,PLAP,OSET,0.0
FR220000,PLAP,VSET,0.0
FR220000,PLAP,FALL,0.0
FR220000,FERT,SWHE,4.580008607645169
FR220000,FERT,BARL,3.742904305613164
FR220000,FERT,OATS,2.723769503572127
FR220000,FERT,MAIZ,4.630478748298614
FR220000,FERT,OCER,4.119559753915575
FR220000,FERT,RAPE,3.874170058942385
FR220000,FERT,PULS,2.322763433095983
FR220000,FERT,POTA,5.085362033734953
FR220000,FERT,SUGB,7.342170263375262
FR220000,FERT,MAIF,4.948640418203219
FR220000,FERT,OFAR,2.137427477790614
FR220000,FERT,OSET,0.0
FR220000,FERT,VSET,0.0
FR220000,FERT,FALL,0.0
FR220000,REPM,SWHE,0.04220982793178192
FR220000,REPM,BARL,0.04220819592627103
FR220000,REPM,OATS,0.01866682483700198
FR220000,REPM,MAIZ,0.0505823878485358
FR220000,REPM,OCER,0.02031617749127793
FR220000,REPM,RAPE,0.02808928633661013
FR220000,REPM,PULS,0.02827836648881697
FR220000,REPM,POTA,0.394001800879402
FR220000,REPM,SUGB,0.1096390754204299
FR220000,REPM,MAIF,0.03670600114224795
FR220000,REPM,OFAR,0.02704603294940981
FR220000,REPM,OSET,0.04608161005240624
FR220000,REPM,VSET,0.0349007954914805
FR220000,REPM,FALL,0.0
FR220000,REPB,SWHE,0.00808002896893278
FR220000,REPB,BARL,0.00797068140049605
FR220000,REPB,OATS,0.004087846202260262
FR220000,REPB,MAIZ,0.009539411049619629
FR220000,REPB,OCER,0.005413328765712228
FR220000,REPB,RAPE,0.005995182011902309
FR220000,REPB,PULS,0.006301964130800149
FR220000,REPB,POTA,0.06015930317840737
FR220000,REPB,SUGB,0.02055812982532671
FR220000,REPB,MAIF,0.008138682870724043
FR220000,REPB,OFAR,0.004482227517792104
FR220000,REPB,OSET,0.003841730137378649
FR220000,REPB,VSET,0.003352128748546093
FR220000,REPB,FALL,0.0
FR220000,ELEC,SWHE,0.005300311171015849
FR220000,ELEC,BARL,0.005345001651706207
FR220000,ELEC,OATS,0.001748282570492203
FR220000,ELEC,MAIZ,0.005066871179116999
FR220000,ELEC,OCER,0.00388823867227662
FR220000,ELEC,RAPE,0.005263363225586647
FR220000,ELEC,PULS,0.004388481867239099
FR220000,ELEC,POTA,0.002129342836291396
FR220000,ELEC,SUGB,0.003607660652630894
FR220000,ELEC,MAIF,0.005263714201274153
FR220000,ELEC,OFAR,0.005122776878764665
FR220000,ELEC,OSET,0.0
FR220000,ELEC,VSET,0.0
FR220000,ELEC,FALL,0.0
FR220000,EGAS,SWHE,0.0001423038995871299
FR220000,EGAS,BARL,0.0004463763117532113
FR220000,EGAS,OATS,0.001539050006566899
FR220000,EGAS,MAIZ,0.0004164338769541831
FR220000,EGAS,OCER,0.001177220492710265
FR220000,EGAS,RAPE,0.0007609715754775994
FR220000,EGAS,PULS,0.0
FR220000,EGAS,POTA,0.0
FR220000,EGAS,SUGB,0.0
FR220000,EGAS,MAIF,0.0
FR220000,EGAS,OFAR,0.0
FR220000,EGAS,OSET,0.0
FR220000,EGAS,VSET,0.0
FR220000,EGAS,FALL,0.0
FR220000,EFUL,SWHE,0.04150300118271393
FR220000,EFUL,BARL,0.06154383507169899
FR220000,EFUL,OATS,0.0193709874301034
FR220000,EFUL,MAIZ,0.05724807621149831
FR220000,EFUL,OCER,0.0391376422778246
FR220000,EFUL,RAPE,0.04757029704127486
FR220000,EFUL,PULS,0.04199945792876829
FR220000,EFUL,POTA,0.101355427380932
FR220000,EFUL,SUGB,0.07448505481402948
FR220000,EFUL,MAIF,0.06400953011781362
FR220000,EFUL,OFAR,0.01988216114924501
FR220000,EFUL,OSET,0.03655576336527445
FR220000,EFUL,VSET,0.03586273702797378
FR220000,EFUL,FALL,0.0
FR220000,ELUB,SWHE,0.005758774087708059
FR220000,ELUB,BARL,0.008913869540791462
FR220000,ELUB,OATS,0.007853689373514092
FR220000,ELUB,MAIZ,0.008448292630788444
FR220000,ELUB,OCER,0.008623792075547615
FR220000,ELUB,RAPE,0.007483624758288036
FR220000,ELUB,PULS,0.008534163831999014
FR220000,ELUB,POTA,0.01356094112682928
FR220000,ELUB,SUGB,0.01055657122149353
FR220000,ELUB,MAIF,0.01197493730343577
FR220000,ELUB,OFAR,0.003133931886434015
FR220000,ELUB,OSET,0.001775585971774154
FR220000,ELUB,VSET,0.001772804650278834
FR220000,ELUB,FALL,0.0
FR220000,INPO,SWHE,0.08551789479706327
FR220000,INPO,BARL,0.09160427820195828
FR220000,INPO,OATS,0.02315074018433723
FR220000,INPO,MAIZ,0.1021331960465552
FR220000,INPO,OCER,0.03059831900400421
FR220000,INPO,RAPE,0.0785898625812805
FR220000,INPO,PULS,0.05938632377218489
FR220000,INPO,POTA,1.044470840601912
FR220000,INPO,SUGB,0.2323868881799293
FR220000,INPO,MAIF,0.04406678153645972
FR220000,INPO,OFAR,0.0660535829659142
FR220000,INPO,OSET,0.146605973746234
FR220000,INPO,VSET,0.1073599104997887
FR220000,INPO,FALL,0.0
FR230000,SEED,SWHE,0.04037502990198386
FR230000,SEED,BARL,0.04837760692064107
FR230000,SEED,OATS,0.01656114159306614
FR230000,SEED,MAIZ,0.04624106612202886
FR230000,SEED,OCER,0.02249367998393594
FR230000,SEED,RAPE,0.02832686269308827
FR230000,SEED,PULS,0.03015120383423644
FR230000,SEED,POTA,0.3372514551622208
FR230000,SEED,SUGB,0.0949626964349457
FR230000,SEED,MAIF,0.027796183673414
FR230000,SEED,OFAR,0.0171498750495115
FR230000,SEED,OSET,0.0
FR230000,SEED,VSET,0.0
FR230000,SEED,FALL,0.0
FR230000,PLAP,SWHE,0.1147586658567008
FR230000,PLAP,BARL,0.1341254949545615
FR230000,PLAP,OATS,0.03473557787630516
FR230000,PLAP,MAIZ,0.08936228463527293
FR230000,PLAP,OCER,0.08895750385111789
FR230000,PLAP,RAPE,0.0868791048809241
FR230000,PLAP,PULS,0.01781382308807803
FR230000,PLAP,POTA,0.4524208918613594
FR230000,PLAP,SUGB,0.2659916337565323
FR230000,PLAP,MAIF,0.07819360743833376
FR230000,PLAP,OFAR,0.01770895404447634
FR230000,PLAP,OSET,0.0
FR230000,PLAP,VSET,0.0
FR230000,PLAP,FALL,0.0
FR230000,FERT,SWHE,4.393705191255389
FR230000,FERT,BARL,3.653681348284407
FR230000,FERT,OATS,2.960084428719953
FR230000,FERT,MAIZ,4.350755395937512
FR230000,FERT,OCER,4.175143073028852
FR230000,FERT,RAPE,3.738605981292344
FR230000,FERT,PULS,2.226926346613272
FR230000,FERT,POTA,4.430754449700536
FR230000,FERT,SUGB,7.33642184663428
FR230000,FERT,MAIF,4.669105321241005
FR230000,FERT,OFAR,1.463882127246358
FR230000,FERT,OSET,0.0
FR230000,FERT,VSET,0.0
FR230000,FERT,FALL,0.0
FR230000,REPM,SWHE,0.04185996112814417
FR230000,REPM,BARL,0.04197445478251188
FR230000,REPM,OATS,0.01893296061306345
FR230000,REPM,MAIZ,0.04997266632303194
FR230000,REPM,OCER,0.02043101844662427
FR230000,REPM,RAPE,0.02784292725989562
FR230000,REPM,PULS,0.02802604080461286
FR230000,REPM,POTA,0.3784243849390583
FR230000,REPM,SUGB,0.1097900298553437
FR230000,REPM,MAIF,0.03627981755222377
FR230000,REPM,OFAR,0.02517367429158496
FR230000,REPM,OSET,0.04608160960141226
FR230000,REPM,VSET,0.03490079504400395
FR230000,REPM,FALL,0.0
FR230000,REPB,SWHE,0.008011376475795012
FR230000,REPB,BARL,0.007926813856185193
FR230000,REPB,OATS,0.004145897444143915
FR230000,REPB,MAIZ,0.009426942798291486
FR230000,REPB,OCER,0.005438701538642874
FR230000,REPB,RAPE,0.00594862822254714
FR230000,REPB,PULS,0.006246538987280705
FR230000,REPB,POTA,0.05778241254738802
FR230000,REPB,SUGB,0.02058732153937918
FR230000,REPB,MAIF,0.00804521432609911
FR230000,REPB,OFAR,0.004171108391294942
FR230000,REPB,OSET,0.003841730141778949
FR230000,REPB,VSET,0.003352128750464165
FR230000,REPB,FALL,0.0
FR230000,ELEC,SWHE,0.005232527436844539
FR230000,ELEC,BARL,0.005301951891819106
FR230000,ELEC,OATS,0.001786902223304698
FR230000,ELEC,MAIZ,0.004979747111294127
FR230000,ELEC,OCER,0.003912245151144588
FR230000,ELEC,RAPE,0.005211809406348163
FR230000,ELEC,PULS,0.004332352132856631
FR230000,ELEC,POTA,0.002003984001973108
FR230000,ELEC,SUGB,0.003615413813334298
FR230000,ELEC,MAIF,0.005173195018882221
FR230000,ELEC,OFAR,0.004592396289107245
FR230000,ELEC,OSET,0.0
FR230000,ELEC,VSET,0.0
FR230000,ELEC,FALL,0.0
FR230000,EGAS,SWHE,0.0001406871197445188
FR230000,EGAS,BARL,0.0004429919695713024
FR230000,EGAS,OATS,0.001571650684831833
FR230000,EGAS,MAIZ,0.000410615146864268
FR230000,EGAS,OCER,0.001185826292825246
FR230000,EGAS,RAPE,0.0007544193580662949
FR230000,EGAS,PULS,0.0
FR230000,EGAS,POTA,0.0
FR230000,EGAS,SUGB,0.0
FR230000,EGAS,MAIF,0.0
FR230000,EGAS,OFAR,0.0
FR230000,EGAS,OSET,0.0
FR230000,EGAS,VSET,0.0
FR230000,EGAS,FALL,0.0
FR230000,EFUL,SWHE,0.0409593921374337
FR230000,EFUL,BARL,0.06105134579994743
FR230000,EFUL,OATS,0.01977206519722205
FR230000,EFUL,MAIZ,0.05630051889266076
FR230000,EFUL,OCER,0.03938317156351409
FR230000,EFUL,RAPE,0.04712101538770622
FR230000,EFUL,PULS,0.04146770788770442
FR230000,EFUL,POTA,0.09547976915121421
FR230000,EFUL,SUGB,0.07465193460112202
FR230000,EFUL,MAIF,0.06290605377243494
FR230000,EFUL,OFAR,0.01782068974046944
FR230000,EFUL,OSET,0.03655576362146243
FR230000,EFUL,VSET,0.03586273672247
FR230000,EFUL,FALL,0.0
FR230000,ELUB,SWHE,0.005684537935137126
FR230000,ELUB,BARL,0.008842488689208498
FR230000,ELUB,OATS,0.008016685462447062
FR230000,ELUB,MAIZ,0.008307990627208058
FR230000,ELUB,OCER,0.008675935715085977
FR230000,ELUB,RAPE,0.007413183165895388
FR230000,ELUB,PULS,0.008425457149251109
FR230000,ELUB,POTA,0.01277061587634582
FR230000,ELUB,SUGB,0.01058066447336756
FR230000,ELUB,MAIF,0.01177108464886569
FR230000,ELUB,OFAR,0.002709989377655326
FR230000,ELUB,OSET,0.001775585880039058
FR230000,ELUB,VSET,0.001772804596094497
FR230000,ELUB,FALL,0.0
FR230000,INPO,SWHE,0.08376406129306199
FR230000,INPO,BARL,0.09041710464392858
FR230000,INPO,OATS,0.02389287809069878
FR230000,INPO,MAIZ,0.09920412996609343
FR230000,INPO,OCER,0.02845134285947701
FR230000,INPO,RAPE,0.07725289068560137
FR230000,INPO,PULS,0.058134469427087
FR230000,INPO,POTA,0.9455453749265731
FR230000,INPO,SUGB,0.2332080955195826
FR230000,INPO,MAIF,0.04283508776807904
FR230000,INPO,OFAR,0.05481446972807735
FR230000,INPO,OSET,0.1466059724054387
FR230000,INPO,VSET,0.1073599100496174
FR230000,INPO,FALL,0.0
FR240000,SEED,SWHE,0.03572516068668331
FR240000,SEED,DWHE,0.04837721417706862
FR240000,SEED,RYEM,0.04174480327383756
FR240000,SEED,BARL,0.04310279348897864
FR240000,SEED,OATS,0.01105047687948118
FR240000,SEED,MAIZ,0.04870848737022804
FR240000,SEED,OCER,0.01620890447012029
FR240000,SEED,RAPE,0.02659349926155166
FR240000,SEED,SUNF,0.02453584997025814
FR240000,SEED,PULS,0.02803601072803588
FR240000,SEED,POTA,0.351447908102978
FR240000,SEED,SUGB,0.1008672455447077
FR240000,SEED,MAIF,0.02342326795728054
FR240000,SEED,OFAR,0.02876735159754231
FR240000,SEED,OSET,0.0005136653615339327
FR240000,SEED,VSET,0.0
FR240000,SEED,FALL,0.0
FR240000,PLAP,SWHE,0.1061711501299103
FR240000,PLAP,DWHE,0.1275024402972251
FR240000,PLAP,RYEM,0.07947462168332578
FR240000,PLAP,BARL,0.1241159491060136
FR240000,PLAP,OATS,0.02891996344146724
FR240000,PLAP,MAIZ,0.09213910496588426
FR240000,PLAP,OCER,0.073256680429978
FR240000,PLAP,RAPE,0.0835196713071573
FR240000,PLAP,SUNF,0.07772073393347632
FR240000,PLAP,PULS,0.01700846061447582
FR240000,PLAP,POTA,0.4640654595174172
FR240000,PLAP,SUGB,0.27628195499848
FR240000,PLAP,MAIF,0.07032424771860649
FR240000,PLAP,OFAR,0.02437892309707573
FR240000,PLAP,OSET,0.0002413350310208451
FR240000,PLAP,VSET,0.0
FR240000,PLAP,FALL,0.0
FR240000,FERT,SWHE,3.782087847439656
FR240000,FERT,DWHE,3.783546547107031
FR240000,FERT,RYEM,2.720625018790592
FR240000,FERT,BARL,3.221984858860005
FR240000,FERT,OATS,2.153724294687489
FR240000,FERT,MAIZ,4.613590663551971
FR240000,FERT,OCER,2.820392804036705
FR240000,FERT,RAPE,3.460182640104019
FR240000,FERT,SUNF,2.50473244524801
FR240000,FERT,PULS,2.040770668857179
FR240000,FERT,POTA,4.600648510312914
FR240000,FERT,SUGB,7.765452236906328
FR240000,FERT,MAIF,3.784477464078743
FR240000,FERT,OFAR,2.680011246604882
FR240000,FERT,OSET,0.01082736359078873
FR240000,FERT,VSET,0.0
FR240000,FERT,FALL,0.0
FR240000,REPM,SWHE,0.04055768450240094
FR240000,REPM,DWHE,0.04319720865959521
FR240000,REPM,RYEM,0.03229462083109428
FR240000,REPM,BARL,0.04074856333914366
FR240000,REPM,OATS,0.0176156676721993
FR240000,REPM,MAIZ,0.05068209529157713
FR240000,REPM,OCER,0.01868403815268941
FR240000,REPM,RAPE,0.02739218142084981
FR240000,REPM,SUNF,0.02384691590191333
FR240000,REPM,PULS,0.02751236143001316
FR240000,REPM,POTA,0.3825905231922382
FR240000,REPM,SUGB,0.1114894631094976
FR240000,REPM,MAIF,0.03476789795447839
FR240000,REPM,OFAR,0.02867038569181015
FR240000,REPM,OSET,0.04591861014108448
FR240000,REPM,VSET,0.03490079371238261
FR240000,REPM,FALL,0.0
FR240000,REPB,SWHE,0.007761873716033544
FR240000,REPB,DWHE,0.006022539846469862
FR240000,REPB,RYEM,0.005457244723272569
FR240000,REPB,BARL,0.007687452255602063
FR240000,REPB,OATS,0.003857063700966963
FR240000,REPB,MAIZ,0.00955441243857574
FR240000,REPB,OCER,0.005005916647929694
FR240000,REPB,RAPE,0.005853182385265166
FR240000,REPB,SUNF,0.005270650929140162
FR240000,REPB,PULS,0.006131321772643269
FR240000,REPB,POTA,0.05841038564974144
FR240000,REPB,SUGB,0.02090574362391593
FR240000,REPB,MAIF,0.007711486251751571
FR240000,REPB,OFAR,0.004747044800234206
FR240000,REPB,OSET,0.003834924615488349
FR240000,REPB,VSET,0.003352128749564881
FR240000,REPB,FALL,0.0
FR240000,ELEC,SWHE,0.00499093417548145
FR240000,ELEC,DWHE,0.003644412881168302
FR240000,ELEC,RYEM,0.001175863357012888
FR240000,ELEC,BARL,0.005063309999052547
FR240000,ELEC,OATS,0.001605986632731837
FR240000,ELEC,MAIZ,0.005075357287110742
FR240000,ELEC,OCER,0.003472941856767151
FR240000,ELEC,RAPE,0.005088991273112465
FR240000,ELEC,SUNF,0.005023547349648905
FR240000,ELEC,PULS,0.004212889995817634
FR240000,ELEC,POTA,0.002040452888136007
FR240000,ELEC,SUGB,0.003699339835223104
FR240000,ELEC,MAIF,0.00485271334679296
FR240000,ELEC,OFAR,0.005570229064445271
FR240000,ELEC,OSET,0.0
FR240000,ELEC,VSET,0.0
FR240000,ELEC,FALL,0.0
FR240000,EGAS,SWHE,0.0001342337525302999
FR240000,EGAS,DWHE,0.00127271978585755
FR240000,EGAS,RYEM,0.002041147990850754
FR240000,EGAS,BARL,0.0003981836591508509
FR240000,EGAS,OATS,0.001410539482707306
FR240000,EGAS,MAIZ,0.000415891898800277
FR240000,EGAS,OCER,0.001044718264359034
FR240000,EGAS,RAPE,0.0007378366103499098
FR240000,EGAS,SUNF,0.0007003354109693421
FR240000,EGAS,PULS,0.0
FR240000,EGAS,POTA,0.0
FR240000,EGAS,SUGB,0.0
FR240000,EGAS,MAIF,0.0
FR240000,EGAS,OFAR,0.0
FR240000,EGAS,OSET,0.0
FR240000,EGAS,VSET,0.0
FR240000,EGAS,FALL,0.0
FR240000,EFUL,SWHE,0.03906669498252374
FR240000,EFUL,DWHE,0.04574179258131695
FR240000,EFUL,RYEM,0.04077325771199062
FR240000,EFUL,BARL,0.05823752740658275
FR240000,EFUL,OATS,0.01773425728835076
FR240000,EFUL,MAIZ,0.05729948967113777
FR240000,EFUL,OCER,0.03493909872290775
FR240000,EFUL,RAPE,0.04601530549335073
FR240000,EFUL,SUNF,0.04355691574531857
FR240000,EFUL,PULS,0.04032980972281876
FR240000,EFUL,POTA,0.09736378395952663
FR240000,EFUL,SUGB,0.07638411941869097
FR240000,EFUL,MAIF,0.05900328299288828
FR240000,EFUL,OFAR,0.02159985248281254
FR240000,EFUL,OSET,0.03658147586193962
FR240000,EFUL,VSET,0.03586273553026975
FR240000,EFUL,FALL,0.0
FR240000,ELUB,SWHE,0.005422215811650006
FR240000,ELUB,DWHE,0.009254541298950364
FR240000,ELUB,RYEM,0.00950350938704942
FR240000,ELUB,BARL,0.008434378210060357
FR240000,ELUB,OATS,0.007189447160139553
FR240000,ELUB,MAIZ,0.008457634800753072
FR240000,ELUB,OCER,0.007709167802285729
FR240000,ELUB,RAPE,0.007239932898733968
FR240000,ELUB,SUNF,0.007249948910749352
FR240000,ELUB,PULS,0.00819435952097747
FR240000,ELUB,POTA,0.01296407831007966
FR240000,ELUB,SUGB,0.01082564958452792
FR240000,ELUB,MAIF,0.01104500587022487
FR240000,ELUB,OFAR,0.003274060346337699
FR240000,ELUB,OSET,0.001785485258618135
FR240000,ELUB,VSET,0.001772804438970445
FR240000,ELUB,FALL,0.0
FR240000,INPO,SWHE,0.07749625964478556
FR240000,INPO,DWHE,0.1105797932128631
FR240000,INPO,RYEM,0.04805104980234241
FR240000,INPO,BARL,0.08402394569323299
FR240000,INPO,OATS,0.01988402509010494
FR240000,INPO,MAIZ,0.102469299273978
FR240000,INPO,OCER,0.02531824841655789
FR240000,INPO,RAPE,0.07428035576873172
FR240000,INPO,SUNF,0.07485367877452198
FR240000,INPO,PULS,0.05560185886432047
FR240000,INPO,POTA,0.9695770931448888
FR240000,INPO,SUGB,0.2422651322189874
FR240000,INPO,MAIF,0.03849205436721875
FR240000,INPO,OFAR,0.07559975098288567
FR240000,INPO,OSET,0.145896203796679
FR240000,INPO,VSET,0.1073599083104843
FR240000,INPO,FALL,0.0
FR250000,SEED,SWHE,0.03810756495337035
FR250000,SEED,BARL,0.04455108741628102
FR250000,SEED,OATS,0.01375387992178993
FR250000,SEED,MAIZ,0.04634130602564922
FR250000,SEED,OCER,0.02088231042993897
FR250000,SEED,RAPE,0.02746166565257935
FR250000,SEED,PULS,0.02869953820424831
FR250000,SEED,POTA,0.2788847913769946
FR250000,SEED,SUGB,0.09279030884726602
FR250000,SEED,MAIF,0.02801540221968114
FR250000,SEED,OFAR,0.0129474725248797
FR250000,SEED,OSET,0.0004122175476723135
FR250000,SEED,VSET,0.0
FR250000,SEED,FALL,0.0
FR250000,PLAP,SWHE,0.1106216739032592
FR250000,PLAP,BARL,0.1268240035629807
FR250000,PLAP,OATS,0.03305828181892491
FR250000,PLAP,MAIZ,0.08941927400241817
FR250000,PLAP,OCER,0.08474338946090351
FR250000,PLAP,RAPE,0.08501407485967354
FR250000,PLAP,PULS,0.01724227651736859
FR250000,PLAP,POTA,0.4045469010766437
FR250000,PLAP,SUGB,0.2622497272107007
FR250000,PLAP,MAIF,0.078603225693302
FR250000,PLAP,OFAR,0.01526472827612233
FR250000,PLAP,OSET,0.0002040608585262354
FR250000,PLAP,VSET,0.0
FR250000,PLAP,FALL,0.0
FR250000,FERT,SWHE,3.989783146204186
FR250000,FERT,BARL,3.281896029752092
FR250000,FERT,OATS,2.783485153962007
FR250000,FERT,MAIZ,4.254336806827344
FR250000,FERT,OCER,3.749974890943683
FR250000,FERT,RAPE,3.505523959850769
FR250000,FERT,PULS,2.070542846533002
FR250000,FERT,POTA,3.42980351450734
FR250000,FERT,SUGB,7.017948952249973
FR250000,FERT,MAIF,4.618151927946775
FR250000,FERT,OFAR,1.000306391635135
FR250000,FERT,OSET,0.004839931706262522
FR250000,FERT,VSET,0.0
FR250000,FERT,FALL,0.0
FR250000,REPM,SWHE,0.04122235526898448
FR250000,REPM,BARL,0.04109123036718229
FR250000,REPM,OATS,0.01858119261500458
FR250000,REPM,MAIZ,0.05002009985271457
FR250000,REPM,OCER,0.0200020350068471
FR250000,REPM,RAPE,0.02763145645253753
FR250000,REPM,PULS,0.02766831579264308
FR250000,REPM,POTA,0.3627430551857233
FR250000,REPM,SUGB,0.1091570128720116
FR250000,REPM,MAIF,0.0363559805305129
FR250000,REPM,OFAR,0.02391249205963038
FR250000,REPM,OSET,0.0460365842069958
FR250000,REPM,VSET,0.03490079375920566
FR250000,REPM,FALL,0.0
FR250000,REPB,SWHE,0.007889698974523143
FR250000,REPB,BARL,0.007753266971020422
FR250000,REPB,OATS,0.004068155162765483
FR250000,REPB,MAIZ,0.00943364079464552
FR250000,REPB,OCER,0.005326726852920492
FR250000,REPB,RAPE,0.005899716955451573
FR250000,REPB,PULS,0.006166689105132999
FR250000,REPB,POTA,0.05538754776091954
FR250000,REPB,SUGB,0.02046956890297081
FR250000,REPB,MAIF,0.008062656922978771
FR250000,REPB,OFAR,0.003961547706503761
FR250000,REPB,OSET,0.003843510308433102
FR250000,REPB,VSET,0.003352128749280595
FR250000,REPB,FALL,0.0
FR250000,ELEC,SWHE,0.005115220185480796
FR250000,ELEC,BARL,0.005128386983085987
FR250000,ELEC,OATS,0.001742261537031384
FR250000,ELEC,MAIZ,0.004983101706338672
FR250000,ELEC,OCER,0.003795193526772838
FR250000,ELEC,RAPE,0.005142633935394262
FR250000,ELEC,PULS,0.004250977841265455
FR250000,ELEC,POTA,0.001878065886485542
FR250000,ELEC,SUGB,0.003584447097320764
FR250000,ELEC,MAIF,0.005189110601625614
FR250000,ELEC,OFAR,0.004235143816958247
FR250000,ELEC,OSET,0.0
FR250000,ELEC,VSET,0.0
FR250000,ELEC,FALL,0.0
FR250000,EGAS,SWHE,0.0001374868181954706
FR250000,EGAS,BARL,0.0004038915622801779
FR250000,EGAS,OATS,0.001528723421947547
FR250000,EGAS,MAIZ,0.000409577671812831
FR250000,EGAS,OCER,0.001149944262244985
FR250000,EGAS,RAPE,0.0007440165428914485
FR250000,EGAS,PULS,0.0
FR250000,EGAS,POTA,0.0
FR250000,EGAS,SUGB,0.0
FR250000,EGAS,MAIF,0.0
FR250000,EGAS,OFAR,0.0
FR250000,EGAS,OSET,0.0
FR250000,EGAS,VSET,0.0
FR250000,EGAS,FALL,0.0
FR250000,EFUL,SWHE,0.04004448547356343
FR250000,EFUL,BARL,0.05899702444915603
FR250000,EFUL,OATS,0.01921195679424891
FR250000,EFUL,MAIZ,0.05630409427263985
FR250000,EFUL,OCER,0.03820470465183767
FR250000,EFUL,RAPE,0.04648541360615434
FR250000,EFUL,PULS,0.04071162394330682
FR250000,EFUL,POTA,0.08952737876130383
FR250000,EFUL,SUGB,0.07402305428010306
FR250000,EFUL,MAIF,0.06309711552216643
FR250000,EFUL,OFAR,0.01643147449042448
FR250000,EFUL,OSET,0.03650995928585986
FR250000,EFUL,VSET,0.03586273557399611
FR250000,EFUL,FALL,0.0
FR250000,ELUB,SWHE,0.005557254879608358
FR250000,ELUB,BARL,0.008545072892981925
FR250000,ELUB,OATS,0.007787695800282501
FR250000,ELUB,MAIZ,0.008308723121048717
FR250000,ELUB,OCER,0.008417514504699568
FR250000,ELUB,RAPE,0.007313117170393265
FR250000,ELUB,PULS,0.008270758304430824
FR250000,ELUB,POTA,0.01197409965831347
FR250000,ELUB,SUGB,0.01049106622785088
FR250000,ELUB,MAIF,0.01180823082562521
FR250000,ELUB,OFAR,0.002496935780895364
FR250000,ELUB,OSET,0.00177861933170113
FR250000,ELUB,VSET,0.00177280444044187
FR250000,ELUB,FALL,0.0
FR250000,INPO,SWHE,0.080720087344378
FR250000,INPO,BARL,0.08578859223915092
FR250000,INPO,OATS,0.02272275209654148
FR250000,INPO,MAIZ,0.09933235199961322
FR250000,INPO,OCER,0.02944164206028368
FR250000,INPO,RAPE,0.07563038263613897
FR250000,INPO,PULS,0.05656544949097492
FR250000,INPO,POTA,0.8456262399222787
FR250000,INPO,SUGB,0.2299054109817819
FR250000,INPO,MAIF,0.04305706669565499
FR250000,INPO,OFAR,0.04724820180990674
FR250000,INPO,OSET,0.1463081016910059
FR250000,INPO,VSET,0.1073599083685785
FR250000,INPO,FALL,0.0
FR260000,SEED,SWHE,0.03422443287008463
FR260000,SEED,RYEM,0.04033465808966846
FR260000,SEED,BARL,0.04072211213613503
FR260000,SEED,OATS,0.01183871380944216
FR260000,SEED,MAIZ,0.04478944137238111
FR260000,SEED,OCER,0.01734096537688236
FR260000,SEED,RAPE,0.02586969440946456
FR260000,SEED,SUNF,0.02583675548248129
FR260000,SEED,SOYA,0.03405736849463994
FR260000,SEED,PULS,0.02616472356841389
FR260000,SEED,SUGB,0.08687319196424931
FR260000,SEED,MAIF,0.02312430590882131
FR260000,SEED,OFAR,0.02562001052864411
FR260000,SEED,OSET,0.0
FR260000,SEED,VSET,0.0
FR260000,SEED,FALL,0.0
FR260000,PLAP,SWHE,0.1035938622278397
FR260000,PLAP,RYEM,0.07818327431208445
FR260000,PLAP,BARL,0.1198534315953217
FR260000,PLAP,OATS,0.03012630607333977
FR260000,PLAP,MAIZ,0.08749107039395597
FR260000,PLAP,OCER,0.07602981079884578
FR260000,PLAP,RAPE,0.08220263247166332
FR260000,PLAP,SUNF,0.08046111535176702
FR260000,PLAP,SOYA,0.07287148994661093
FR260000,PLAP,PULS,0.0163030830227343
FR260000,PLAP,SUGB,0.2522349113684636
FR260000,PLAP,MAIF,0.06989014468718878
FR260000,PLAP,OFAR,0.02265530636136238
FR260000,PLAP,OSET,0.0
FR260000,PLAP,VSET,0.0
FR260000,PLAP,FALL,0.0
FR260000,FERT,SWHE,3.563828731768868
FR260000,FERT,RYEM,2.596444459477387
FR260000,FERT,BARL,3.019279723313656
FR260000,FERT,OATS,2.307336258390185
FR260000,FERT,MAIZ,4.130624615388601
FR260000,FERT,OCER,3.014602329781143
FR260000,FERT,RAPE,3.328831344113451
FR260000,FERT,SUNF,2.648587440164586
FR260000,FERT,SOYA,1.91714948492844
FR260000,FERT,PULS,1.870159031300717
FR260000,FERT,SUGB,6.666405103267317
FR260000,FERT,MAIF,3.696942300362045
FR260000,FERT,OFAR,2.341169037131086
FR260000,FERT,OSET,0.0
FR260000,FERT,VSET,0.0
FR260000,FERT,FALL,0.0
FR260000,REPM,SWHE,0.0401246656396152
FR260000,REPM,RYEM,0.03112548179613298
FR260000,REPM,BARL,0.04017115980223024
FR260000,REPM,OATS,0.0179001169514777
FR260000,REPM,MAIZ,0.0496269980975742
FR260000,REPM,OCER,0.01899890508865485
FR260000,REPM,RAPE,0.02719621776972725
FR260000,REPM,SUNF,0.02415818892567456
FR260000,REPM,SOYA,0.03101131452416932
FR260000,REPM,PULS,0.02705516338935845
FR260000,REPM,SUGB,0.1074189377293842
FR260000,REPM,MAIF,0.03466831792483566
FR260000,REPM,OFAR,0.02771451680673761
FR260000,REPM,OSET,0.04608160870971618
FR260000,REPM,VSET,0.03490079417132634
FR260000,REPM,FALL,0.0
FR260000,REPB,SWHE,0.007680970576725422
FR260000,REPB,RYEM,0.005306294533685225
FR260000,REPB,BARL,0.007579432030995011
FR260000,REPB,OATS,0.00391929319099486
FR260000,REPB,MAIZ,0.009356917660603604
FR260000,REPB,OCER,0.00508320035971957
FR260000,REPB,RAPE,0.005813768163221375
FR260000,REPB,SUNF,0.005341839929319284
FR260000,REPB,SOYA,0.003139421483889396
FR260000,REPB,PULS,0.006029465046619092
FR260000,REPB,SUGB,0.02014896588247409
FR260000,REPB,MAIF,0.007692599209083723
FR260000,REPB,OFAR,0.004593270609766839
FR260000,REPB,OSET,0.00384172981297257
FR260000,REPB,VSET,0.003352128749735651
FR260000,REPB,FALL,0.0
FR260000,ELEC,SWHE,0.004915017179903167
FR260000,ELEC,RYEM,0.001190856495692994
FR260000,ELEC,BARL,0.004957106672194739
FR260000,ELEC,OATS,0.001646581622297279
FR260000,ELEC,MAIZ,0.004919783180186347
FR260000,ELEC,OCER,0.003551407416512721
FR260000,ELEC,RAPE,0.005040949259846281
FR260000,ELEC,SUNF,0.005129121116901002
FR260000,ELEC,SOYA,0.001355853840522017
FR260000,ELEC,PULS,0.004107866914427671
FR260000,ELEC,SUGB,0.003500273954623783
FR260000,ELEC,MAIF,0.004830961177076792
FR260000,ELEC,OFAR,0.005311778227008749
FR260000,ELEC,OSET,0.0
FR260000,ELEC,VSET,0.0
FR260000,ELEC,FALL,0.0
FR260000,EGAS,SWHE,0.0001319111840606526
FR260000,EGAS,RYEM,0.002023034164217491
FR260000,EGAS,BARL,0.0003903443219398216
FR260000,EGAS,OATS,0.001445423982184967
FR260000,EGAS,MAIZ,0.000403809679538806
FR260000,EGAS,OCER,0.001069964956652746
FR260000,EGAS,RAPE,0.0007580296880677484
FR260000,EGAS,SUNF,0.0007146298168285188
FR260000,EGAS,SOYA,0.001649259292611903
FR260000,EGAS,PULS,0.0
FR260000,EGAS,SUGB,0.0
FR260000,EGAS,MAIF,0.0
FR260000,EGAS,OFAR,0.0
FR260000,EGAS,OSET,0.0
FR260000,EGAS,VSET,0.0
FR260000,EGAS,FALL,0.0
FR260000,EFUL,SWHE,0.03848920402150212
FR260000,EFUL,RYEM,0.03866481248725923
FR260000,EFUL,BARL,0.05702460449567885
FR260000,EFUL,OATS,0.01816772267120617
FR260000,EFUL,MAIZ,0.05556224321753521
FR260000,EFUL,OCER,0.03573024680496727
FR260000,EFUL,RAPE,0.04558776247248962
FR260000,EFUL,SUNF,0.04449602159455109
FR260000,EFUL,SOYA,0.08381553346298687
FR260000,EFUL,PULS,0.03932121169820906
FR260000,EFUL,SUGB,0.0723341510065746
FR260000,EFUL,MAIF,0.05872676656004941
FR260000,EFUL,OFAR,0.02061535258770669
FR260000,EFUL,OSET,0.03655576421881856
FR260000,EFUL,VSET,0.03586273580251407
FR260000,EFUL,FALL,0.0
FR260000,ELUB,SWHE,0.005340028463088506
FR260000,ELUB,RYEM,0.009273886147765762
FR260000,ELUB,BARL,0.008259302325691206
FR260000,ELUB,OATS,0.007365138796049659
FR260000,ELUB,MAIZ,0.00820097644935585
FR260000,ELUB,OCER,0.00788015126154086
FR260000,ELUB,RAPE,0.007172924125268682
FR260000,ELUB,SUNF,0.007405584598407846
FR260000,ELUB,SOYA,0.005767674300981833
FR260000,ELUB,PULS,0.00798955185543478
FR260000,ELUB,SUGB,0.01025164529193751
FR260000,ELUB,MAIF,0.01100235219105356
FR260000,ELUB,OFAR,0.003248857064753284
FR260000,ELUB,OSET,0.001775585700165107
FR260000,ELUB,VSET,0.001772804489833322
FR260000,ELUB,FALL,0.0
FR260000,INPO,SWHE,0.075519800022308
FR260000,INPO,RYEM,0.0452695591257805
FR260000,INPO,BARL,0.08108526608701941
FR260000,INPO,OATS,0.02070498913905166
FR260000,INPO,MAIZ,0.09726007608781664
FR260000,INPO,OCER,0.02630507687259173
FR260000,INPO,RAPE,0.07307421043108733
FR260000,INPO,SUNF,0.07766996018970485
FR260000,INPO,SOYA,0.04670227507285551
FR260000,INPO,PULS,0.0532642892355225
FR260000,INPO,SUGB,0.2208890733565941
FR260000,INPO,MAIF,0.03817336849310679
FR260000,INPO,OFAR,0.07006102554053589
FR260000,INPO,OSET,0.1466059697761022
FR260000,INPO,VSET,0.1073599089880721
FR260000,INPO,FALL,0.0
FR300000,SEED,SWHE,0.04222760076850202
FR300000,SEED,DWHE,0.04411207848105226
FR300000,SEED,BARL,0.05004862458770455
FR300000,SEED,OATS,0.01794580066714946
FR300000,SEED,MAIZ,0.04812016330446171
FR300000,SEED,OCER,0.022174424123259
FR300000,SEED,RAPE,0.02790288622053699
FR300000,SEED,PULS,0.03151214643253389
FR300000,SEED,POTA,0.3967924312327597
FR300000,SEED,SUGB,0.0938379020533982
FR300000,SEED,MAIF,0.02924464905961912
FR300000,SEED,OFAR,0.02034980858759801
FR300000,SEED,OSET,0.0
FR300000,SEED,VSET,0.0
FR300000,SEED,FALL,0.0
FR300000,PLAP,SWHE,0.118107986803553
FR300000,PLAP,DWHE,0.1199868621413559
FR300000,PLAP,BARL,0.1368417047078433
FR300000,PLAP,OATS,0.0366547312951172
FR300000,PLAP,MAIZ,0.09142513609226617
FR300000,PLAP,OCER,0.08921369232013521
FR300000,PLAP,RAPE,0.0860013691425943
FR300000,PLAP,PULS,0.01835430512176438
FR300000,PLAP,POTA,0.5011789940111653
FR300000,PLAP,SUGB,0.2638942145444134
FR300000,PLAP,MAIF,0.08093860783308988
FR300000,PLAP,OFAR,0.01954554256500542
FR300000,PLAP,OSET,0.0
FR300000,PLAP,VSET,0.0
FR300000,PLAP,FALL,0.0
FR300000,FERT,SWHE,4.563238307009025
FR300000,FERT,DWHE,3.343040227570385
FR300000,FERT,BARL,3.81726166828916
FR300000,FERT,OATS,3.076433045796859
FR300000,FERT,MAIZ,4.494091734353028
FR300000,FERT,OCER,4.032455728261816
FR300000,FERT,RAPE,3.648204686663523
FR300000,FERT,PULS,2.403433590246917
FR300000,FERT,POTA,4.989727273582452
FR300000,FERT,SUGB,7.079980040459759
FR300000,FERT,MAIF,4.896015948570113
FR300000,FERT,OFAR,1.875952090233014
FR300000,FERT,OSET,0.0
FR300000,FERT,VSET,0.0
FR300000,FERT,FALL,0.0
FR300000,REPM,SWHE,0.04238572756404548
FR300000,REPM,DWHE,0.04201623519484679
FR300000,REPM,BARL,0.0424053247170882
FR300000,REPM,OATS,0.01933120088828882
FR300000,REPM,MAIZ,0.05052955735729743
FR300000,REPM,OCER,0.02024262544040819
FR300000,REPM,RAPE,0.02773734015580162
FR300000,REPM,PULS,0.02837044160594992
FR300000,REPM,POTA,0.3944005991284185
FR300000,REPM,SUGB,0.1094793432647799
FR300000,REPM,MAIF,0.03678450986451888
FR300000,REPM,OFAR,0.0261370133631919
FR300000,REPM,OSET,0.04608161004050695
FR300000,REPM,VSET,0.03490079548013193
FR300000,REPM,FALL,0.0
FR300000,REPB,SWHE,0.008111141943754755
FR300000,REPB,DWHE,0.00584045827148493
FR300000,REPB,BARL,0.008002548622696327
FR300000,REPB,OATS,0.00423483312369282
FR300000,REPB,MAIZ,0.009525280665539463
FR300000,REPB,OCER,0.005422774155163364
FR300000,REPB,RAPE,0.005924938303066439
FR300000,REPB,PULS,0.006321792148285843
FR300000,REPB,POTA,0.06022130837277581
FR300000,REPB,SUGB,0.02052692625000822
FR300000,REPB,MAIF,0.008161587884881619
FR300000,REPB,OFAR,0.004329650493050035
FR300000,REPB,OSET,0.003841730142732836
FR300000,REPB,VSET,0.003352128750409064
FR300000,REPB,FALL,0.0
FR300000,ELEC,SWHE,0.005327929443378917
FR300000,ELEC,DWHE,0.003495424160839149
FR300000,ELEC,BARL,0.005374821964583732
FR300000,ELEC,OATS,0.001837054730523693
FR300000,ELEC,MAIZ,0.00505196492135712
FR300000,ELEC,OCER,0.0039137236488655
FR300000,ELEC,RAPE,0.005179798480208867
FR300000,ELEC,PULS,0.004407282216195331
FR300000,ELEC,POTA,0.002131664407950986
FR300000,ELEC,SUGB,0.003599366551376173
FR300000,ELEC,MAIF,0.005278510719411531
FR300000,ELEC,OFAR,0.004861492375704235
FR300000,ELEC,OSET,0.0
FR300000,ELEC,VSET,0.0
FR300000,ELEC,FALL,0.0
FR300000,EGAS,SWHE,0.0001433702408974222
FR300000,EGAS,DWHE,0.00121913682670237
FR300000,EGAS,BARL,0.0004227756599284406
FR300000,EGAS,OATS,0.001620769473316181
FR300000,EGAS,MAIZ,0.0004136114279822389
FR300000,EGAS,OCER,0.001177289479742736
FR300000,EGAS,RAPE,0.0007503655097205662
FR300000,EGAS,PULS,0.0
FR300000,EGAS,POTA,0.0
FR300000,EGAS,SUGB,0.0
FR300000,EGAS,MAIF,0.0
FR300000,EGAS,OFAR,0.0
FR300000,EGAS,OSET,0.0
FR300000,EGAS,VSET,0.0
FR300000,EGAS,FALL,0.0
FR300000,EFUL,SWHE,0.04169955733388011
FR300000,EFUL,DWHE,0.04453138867120501
FR300000,EFUL,BARL,0.06184189342007056
FR300000,EFUL,OATS,0.02041493207559122
FR300000,EFUL,MAIZ,0.05702764109603195
FR300000,EFUL,OCER,0.03937078965224985
FR300000,EFUL,RAPE,0.04682953057348498
FR300000,EFUL,PULS,0.04215686054218154
FR300000,EFUL,POTA,0.10157288492895
FR300000,EFUL,SUGB,0.07430189567018242
FR300000,EFUL,MAIF,0.06417130964079269
FR300000,EFUL,OFAR,0.01885988823929809
FR300000,EFUL,OSET,0.03655576370003812
FR300000,EFUL,VSET,0.0358627366303667
FR300000,EFUL,FALL,0.0
FR300000,ELUB,SWHE,0.005788076113704479
FR300000,ELUB,DWHE,0.008889239141941053
FR300000,ELUB,BARL,0.008955605237347612
FR300000,ELUB,OATS,0.008279121537381367
FR300000,ELUB,MAIZ,0.008417289634052538
FR300000,ELUB,OCER,0.008685594091422576
FR300000,ELUB,RAPE,0.007367464416824804
FR300000,ELUB,PULS,0.008567577870263878
FR300000,ELUB,POTA,0.01358722840612008
FR300000,ELUB,SUGB,0.01053078107535603
FR300000,ELUB,MAIF,0.01201896415978475
FR300000,ELUB,OFAR,0.002864726645604171
FR300000,ELUB,OSET,0.00177558596897531
FR300000,ELUB,VSET,0.001772804648480357
FR300000,ELUB,FALL,0.0
FR300000,INPO,SWHE,0.08624779752070114
FR300000,INPO,DWHE,0.1042715657583786
FR300000,INPO,BARL,0.09253828847759339
FR300000,INPO,OATS,0.0252393614129695
FR300000,INPO,MAIZ,0.1016865685745069
FR300000,INPO,OCER,0.03083838183293195
FR300000,INPO,RAPE,0.07650767753709334
FR300000,INPO,PULS,0.05965252806337197
FR300000,INPO,POTA,1.047562162276711
FR300000,INPO,SUGB,0.2314757800773245
FR300000,INPO,MAIF,0.04427326400747696
FR300000,INPO,OFAR,0.06053660553170917
FR300000,INPO,OSET,0.1466059737086332
FR300000,INPO,VSET,0.1073599099138887
FR300000,INPO,FALL,0.0
FR410000,SEED,SWHE,0.03503395846891567
FR410000,SEED,BARL,0.04153769274485954
FR410000,SEED,OATS,0.01512440464147807
FR410000,SEED,MAIZ,0.04281189868060023
FR410000,SEED,OCER,0.01944726048217022
FR410000,SEED,RAPE,0.02619114903662963
FR410000,SEED,SUNF,0.02514296126471819
FR410000,SEED,PULS,0.02516753529699736
FR410000,SEED,MAIF,0.02392439762531774
FR410000,SEED,OFAR,0.01964248758836212
FR410000,SEED,OSET,0.0001832282461155749
FR410000,SEED,VSET,0.0
FR410000,SEED,FALL,0.0
FR410000,PLAP,SWHE,0.1049324633628278
FR410000,PLAP,BARL,0.1213079401922963
FR410000,PLAP,OATS,0.03275943389928941
FR410000,PLAP,MAIZ,0.08521238634155033
FR410000,PLAP,OCER,0.08232081988587903
FR410000,PLAP,RAPE,0.08300647369536389
FR410000,PLAP,SUNF,0.07900061797158492
FR410000,PLAP,PULS,0.01593652369969079
FR410000,PLAP,MAIF,0.07129386805208962
FR410000,PLAP,OFAR,0.01909482267173951
FR410000,PLAP,OSET,8.558800164764935e-05
FR410000,PLAP,VSET,0.0
FR410000,PLAP,FALL,0.0
FR410000,FERT,SWHE,3.098638081940059
FR410000,FERT,BARL,2.663589146626382
FR410000,FERT,OATS,2.130974420779218
FR410000,FERT,MAIZ,3.228264622228275
FR410000,FERT,OCER,2.778980481125006
FR410000,FERT,RAPE,2.826786696940457
FR410000,FERT,SUNF,2.19787804565823
FR410000,FERT,PULS,1.605026103988668
FR410000,FERT,MAIF,3.387903772293826
FR410000,FERT,OFAR,1.480358721758262
FR410000,FERT,OSET,0.003340408649990014
FR410000,FERT,VSET,0.0
FR410000,FERT,FALL,0.0
FR410000,REPM,SWHE,0.0403607734974991
FR410000,REPM,BARL,0.04036939133016949
FR410000,REPM,OATS,0.01845636014073594
FR410000,REPM,MAIZ,0.04907208747045559
FR410000,REPM,OCER,0.01948439580822172
FR410000,REPM,RAPE,0.02726775976809398
FR410000,REPM,SUNF,0.02399166380207828
FR410000,REPM,PULS,0.02681738821776809
FR410000,REPM,MAIF,0.03494390159350595
FR410000,REPM,OFAR,0.02592875421686724
FR410000,REPM,OSET,0.04601935384125576
FR410000,REPM,VSET,0.03490079379810748
FR410000,REPM,FALL,0.0
FR410000,REPB,SWHE,0.007724645326364592
FR410000,REPB,BARL,0.007616437359456256
FR410000,REPB,OATS,0.004042813264084704
FR410000,REPB,MAIZ,0.009255399196701647
FR410000,REPB,OCER,0.005233972442444399
FR410000,REPB,RAPE,0.005832724179323001
FR410000,REPB,SUNF,0.005303825472809149
FR410000,REPB,PULS,0.005975685302397506
FR410000,REPB,MAIF,0.007752503257223986
FR410000,REPB,OFAR,0.004293483239553932
FR410000,REPB,OSET,0.003838955452510526
FR410000,REPB,VSET,0.003352128749470037
FR410000,REPB,FALL,0.0
FR410000,ELEC,SWHE,0.004955463154237057
FR410000,ELEC,BARL,0.00499349207773094
FR410000,ELEC,OATS,0.001717861970201174
FR410000,ELEC,MAIZ,0.004842177999547348
FR410000,ELEC,OCER,0.003722319554185721
FR410000,ELEC,RAPE,0.005071578556713456
FR410000,ELEC,SUNF,0.005073398025363831
FR410000,ELEC,PULS,0.004051030942365884
FR410000,ELEC,MAIF,0.004889577312075094
FR410000,ELEC,OFAR,0.004798682231919474
FR410000,ELEC,OSET,0.0
FR410000,ELEC,VSET,0.0
FR410000,ELEC,FALL,0.0
FR410000,EGAS,SWHE,0.000133219166536182
FR410000,EGAS,BARL,0.0003929527962599749
FR410000,EGAS,OATS,0.001513761546838951
FR410000,EGAS,MAIZ,0.0003990770022425844
FR410000,EGAS,OCER,0.001115778446903983
FR410000,EGAS,RAPE,0.0007641141145343751
FR410000,EGAS,SUNF,0.0007071307733579333
FR410000,EGAS,PULS,0.0
FR410000,EGAS,MAIF,0.0
FR410000,EGAS,OFAR,0.0
FR410000,EGAS,OSET,0.0
FR410000,EGAS,VSET,0.0
FR410000,EGAS,FALL,0.0
FR410000,EFUL,SWHE,0.03879252307377423
FR410000,EFUL,BARL,0.05743906758606994
FR410000,EFUL,OATS,0.01905632345493988
FR410000,EFUL,MAIZ,0.05473112743312944
FR410000,EFUL,OCER,0.037430664876833
FR410000,EFUL,RAPE,0.04587640311756059
FR410000,EFUL,SUNF,0.04400000844777717
FR410000,EFUL,PULS,0.03876564296133113
FR410000,EFUL,MAIF,0.0594432917261159
FR410000,EFUL,OFAR,0.01860991057850207
FR410000,EFUL,OSET,0.03656812077556975
FR410000,EFUL,VSET,0.03586273539877863
FR410000,EFUL,FALL,0.0
FR410000,ELUB,SWHE,0.005383740753234026
FR410000,ELUB,BARL,0.008319052806726911
FR410000,ELUB,OATS,0.007727657606074023
FR410000,ELUB,MAIZ,0.008077208508061833
FR410000,ELUB,OCER,0.008261644938831057
FR410000,ELUB,RAPE,0.007218766693692201
FR410000,ELUB,SUNF,0.007323210704144472
FR410000,ELUB,PULS,0.007877676774650061
FR410000,ELUB,MAIF,0.01113318408490685
FR410000,ELUB,OFAR,0.002822339921921981
FR410000,ELUB,OSET,0.001779352290818124
FR410000,ELUB,VSET,0.001772804445206099
FR410000,ELUB,FALL,0.0
FR410000,INPO,SWHE,0.07657184701028955
FR410000,INPO,BARL,0.08209300480101303
FR410000,INPO,OATS,0.02254673876068426
FR410000,INPO,MAIZ,0.09464248645166072
FR410000,INPO,OCER,0.02838583425197256
FR410000,INPO,RAPE,0.07378339136740612
FR410000,INPO,SUNF,0.07621279082831003
FR410000,INPO,PULS,0.05196601053709721
FR410000,INPO,MAIF,0.03897451601525218
FR410000,INPO,OFAR,0.05922100009246071
FR410000,INPO,OSET,0.1463397657651948
FR410000,INPO,VSET,0.107359908118852
FR410000,INPO,FALL,0.0
FR420000,SEED,SWHE,0.03578163684825435
FR420000,SEED,BARL,0.03981004933406686
FR420000,SEED,OATS,0.0130732320684689
FR420000,SEED,MAIZ,0.05367766622131124
FR420000,SEED,OCER,0.02135046274225761
FR420000,SEED,RAPE,0.02628903445802187
FR420000,SEED,POTA,0.3163744209567041
FR420000,SEED,SUGB,0.09412288340404974
FR420000,SEED,MAIF,0.03168793321303298
FR420000,SEED,OFAR,0.01826567751910745
FR420000,SEED,OSET,0.0
FR420000,SEED,VSET,0.0
FR420000,SEED,FALL,0.0
FR420000,PLAP,SWHE,0.1061328716577864
FR420000,PLAP,BARL,0.1182417561192654
FR420000,PLAP,OATS,0.02993138567472334
FR420000,PLAP,MAIZ,0.09830181515555082
FR420000,PLAP,OCER,0.08716468158299373
FR420000,PLAP,RAPE,0.08317351937231965
FR420000,PLAP,POTA,0.4352347437489186
FR420000,PLAP,SUGB,0.2641157853915636
FR420000,PLAP,MAIF,0.08564775431152556
FR420000,PLAP,OFAR,0.01831050066035675
FR420000,PLAP,OSET,0.0
FR420000,PLAP,VSET,0.0
FR420000,PLAP,FALL,0.0
FR420000,FERT,SWHE,3.2124340806544
FR420000,FERT,BARL,2.546793543367366
FR420000,FERT,OATS,1.68612195198681
FR420000,FERT,MAIZ,4.259344916700024
FR420000,FERT,OCER,3.198717847232859
FR420000,FERT,RAPE,2.842777051143446
FR420000,FERT,POTA,3.59862006990277
FR420000,FERT,SUGB,6.231551911596745
FR420000,FERT,MAIF,4.758959711680865
FR420000,FERT,OFAR,1.362686348632997
FR420000,FERT,OSET,0.0
FR420000,FERT,VSET,0.0
FR420000,FERT,FALL,0.0
FR420000,REPM,SWHE,0.04057886652808964
FR420000,REPM,BARL,0.03994835362531349
FR420000,REPM,OATS,0.01780297980895902
FR420000,REPM,MAIZ,0.05193668429659456
FR420000,REPM,OCER,0.02001726648112026
FR420000,REPM,RAPE,0.0272934244691361
FR420000,REPM,POTA,0.3729173897141486
FR420000,REPM,SUGB,0.1095888686110274
FR420000,REPM,MAIF,0.03764086166168221
FR420000,REPM,OFAR,0.02551383641444367
FR420000,REPM,OSET,0.04608161048235714
FR420000,REPM,VSET,0.03490079591790364
FR420000,REPM,FALL,0.0
FR420000,REPB,SWHE,0.0077648013569607
FR420000,REPB,BARL,0.007538166802457938
FR420000,REPB,OATS,0.003899788052385705
FR420000,REPB,MAIZ,0.009798737886361018
FR420000,REPB,OCER,0.005366425248625718
FR420000,REPB,RAPE,0.005837843326123256
FR420000,REPB,POTA,0.05693839456086494
FR420000,REPB,SUGB,0.02054308602835141
FR420000,REPB,MAIF,0.008360094307451505
FR420000,REPB,OFAR,0.00422544474583249
FR420000,REPB,OSET,0.003841730134865095
FR420000,REPB,VSET,0.003352128750966798
FR420000,REPB,FALL,0.0
FR420000,ELEC,SWHE,0.004992545996690527
FR420000,ELEC,BARL,0.004916636642530928
FR420000,ELEC,OATS,0.001626448072736762
FR420000,ELEC,MAIZ,0.005276497553622196
FR420000,ELEC,OCER,0.003855728031451299
FR420000,ELEC,RAPE,0.005077444967170102
FR420000,ELEC,POTA,0.001960319457297148
FR420000,ELEC,SUGB,0.003603301096296641
FR420000,ELEC,MAIF,0.005458081239599827
FR420000,ELEC,OFAR,0.004683377382394454
FR420000,ELEC,OSET,0.0
FR420000,ELEC,VSET,0.0
FR420000,ELEC,FALL,0.0
FR420000,EGAS,SWHE,0.0001344438634140351
FR420000,EGAS,BARL,0.0003871612332498013
FR420000,EGAS,OATS,0.001433791243082851
FR420000,EGAS,MAIZ,0.0004358332944309368
FR420000,EGAS,OCER,0.001159012514964659
FR420000,EGAS,RAPE,0.0007642702771525129
FR420000,EGAS,POTA,0.0
FR420000,EGAS,SUGB,0.0
FR420000,EGAS,MAIF,0.0
FR420000,EGAS,OFAR,0.0
FR420000,EGAS,OSET,0.0
FR420000,EGAS,VSET,0.0
FR420000,EGAS,FALL,0.0
FR420000,EFUL,SWHE,0.03906851323913491
FR420000,EFUL,BARL,0.05656391724839234
FR420000,EFUL,OATS,0.01805334784220636
FR420000,EFUL,MAIZ,0.05967486258192363
FR420000,EFUL,OCER,0.03878711801346459
FR420000,EFUL,RAPE,0.04592715213048817
FR420000,EFUL,POTA,0.09331573917983349
FR420000,EFUL,SUGB,0.07434484652317738
FR420000,EFUL,MAIF,0.06632210530714032
FR420000,EFUL,OFAR,0.0181654154766203
FR420000,EFUL,OSET,0.03655576307436724
FR420000,EFUL,VSET,0.03586273737191783
FR420000,EFUL,FALL,0.0
FR420000,ELUB,SWHE,0.005423693509067961
FR420000,ELUB,BARL,0.00819283256241601
FR420000,ELUB,OATS,0.007320779447877916
FR420000,ELUB,MAIZ,0.008805422407538836
FR420000,ELUB,OCER,0.00855935257299854
FR420000,ELUB,RAPE,0.00722644504468492
FR420000,ELUB,POTA,0.01248848561047473
FR420000,ELUB,SUGB,0.01053597002484245
FR420000,ELUB,MAIF,0.01244608791758221
FR420000,ELUB,OFAR,0.00275686193712617
FR420000,ELUB,OSET,0.001775586059266976
FR420000,ELUB,VSET,0.001772804701953241
FR420000,ELUB,FALL,0.0
FR420000,INPO,SWHE,0.07753330537513627
FR420000,INPO,BARL,0.07995310035229117
FR420000,INPO,OATS,0.02060898742689551
FR420000,INPO,MAIZ,0.1091010312062912
FR420000,INPO,OCER,0.03010890378253369
FR420000,INPO,RAPE,0.07391762535436133
FR420000,INPO,POTA,0.9097605059762905
FR420000,INPO,SUGB,0.2319036999114134
FR420000,INPO,MAIF,0.04663418749692808
FR420000,INPO,OFAR,0.05676371314359917
FR420000,INPO,OSET,0.1466059750245908
FR420000,INPO,VSET,0.1073599109942977
FR420000,INPO,FALL,0.0
FR430000,SEED,SWHE,0.03444294822129795
FR430000,SEED,BARL,0.03815898700557541
FR430000,SEED,OATS,0.014600065187999
FR430000,SEED,MAIZ,0.04716377238603943
FR430000,SEED,OCER,0.01830688468865703
FR430000,SEED,RAPE,0.02550609407159835
FR430000,SEED,SUNF,0.02810737103148492
FR430000,SEED,SOYA,0.03359515192067782
FR430000,SEED,SUGB,0.0879930033660738
FR430000,SEED,MAIF,0.02707060884715438
FR430000,SEED,OFAR,0.0113719169191991
FR430000,SEED,OSET,0.0
FR430000,SEED,VSET,0.0
FR430000,SEED,FALL,0.0
FR430000,PLAP,SWHE,0.1039637928400619
FR430000,PLAP,BARL,0.1152971018429942
FR430000,PLAP,OATS,0.03203264717218118
FR430000,PLAP,MAIZ,0.09032457154436982
FR430000,PLAP,OCER,0.07905312402173652
FR430000,PLAP,RAPE,0.08167128424809719
FR430000,PLAP,SUNF,0.08547256676598126
FR430000,PLAP,SOYA,0.07227574456962171
FR430000,PLAP,SUGB,0.2544635100085123
FR430000,PLAP,MAIF,0.07703897000127732
FR430000,PLAP,OFAR,0.01431480625838845
FR430000,PLAP,OSET,0.0
FR430000,PLAP,VSET,0.0
FR430000,PLAP,FALL,0.0
FR430000,FERT,SWHE,3.105767047160003
FR430000,FERT,BARL,2.467317859614262
FR430000,FERT,OATS,2.203878325397131
FR430000,FERT,MAIZ,3.731284122751793
FR430000,FERT,OCER,2.747900555615409
FR430000,FERT,RAPE,2.80790938828478
FR430000,FERT,SUNF,2.585197778176662
FR430000,FERT,SOYA,1.729022877738914
FR430000,FERT,SUGB,5.974782072846923
FR430000,FERT,MAIF,4.014664069704097
FR430000,FERT,OFAR,0.7431225349839502
FR430000,FERT,OSET,0.0
FR430000,FERT,VSET,0.0
FR430000,FERT,FALL,0.0
FR430000,REPM,SWHE,0.04018624952298971
FR430000,REPM,BARL,0.03954448502362544
FR430000,REPM,OATS,0.01829407755278595
FR430000,REPM,MAIZ,0.05026090081392189
FR430000,REPM,OCER,0.01921282666650655
FR430000,REPM,RAPE,0.02708936923838833
FR430000,REPM,SUNF,0.02467680675003182
FR430000,REPM,SOYA,0.0309127979583874
FR430000,REPM,SUGB,0.107735383095663
FR430000,REPM,MAIF,0.03603463797731558
FR430000,REPM,OFAR,0.02344307970044791
FR430000,REPM,OSET,0.04608160983245377
FR430000,REPM,VSET,0.0349007952737795
FR430000,REPM,FALL,0.0
FR430000,REPB,SWHE,0.00769261215615144
FR430000,REPB,BARL,0.007463066147055818
FR430000,REPB,OATS,0.004006806115099526
FR430000,REPB,MAIZ,0.009476195557157098
FR430000,REPB,OCER,0.005153431329143036
FR430000,REPB,RAPE,0.005794890766473633
FR430000,REPB,SUNF,0.005466698610040344
FR430000,REPB,SOYA,0.003123328870369509
FR430000,REPB,SUGB,0.02021176171479603
FR430000,REPB,MAIF,0.007995915164770254
FR430000,REPB,OFAR,0.003882181428264768
FR430000,REPB,OSET,0.003841730144479834
FR430000,REPB,VSET,0.003352128750293765
FR430000,REPB,FALL,0.0
FR430000,ELEC,SWHE,0.004926103117852822
FR430000,ELEC,BARL,0.004843150069271171
FR430000,ELEC,OATS,0.001695781605332934
FR430000,ELEC,MAIZ,0.005014304676821448
FR430000,ELEC,OCER,0.003632403990838878
FR430000,ELEC,RAPE,0.005022314979112235
FR430000,ELEC,SUNF,0.005322563685578429
FR430000,ELEC,SOYA,0.001347425685669408
FR430000,ELEC,SUGB,0.003516813845649769
FR430000,ELEC,MAIF,0.005120191506438733
FR430000,ELEC,OFAR,0.004098768813098799
FR430000,ELEC,OSET,0.0
FR430000,ELEC,VSET,0.0
FR430000,ELEC,FALL,0.0
FR430000,EGAS,SWHE,0.0001322360567138474
FR430000,EGAS,BARL,0.0004037894300347651
FR430000,EGAS,OATS,0.001493698331115308
FR430000,EGAS,MAIZ,0.0004114089776198185
FR430000,EGAS,OCER,0.001090997250432306
FR430000,EGAS,RAPE,0.0007565183397490249
FR430000,EGAS,SUNF,0.0007400424382052314
FR430000,EGAS,SOYA,0.001638924824024484
FR430000,EGAS,SUGB,0.0
FR430000,EGAS,MAIF,0.0
FR430000,EGAS,OFAR,0.0
FR430000,EGAS,OSET,0.0
FR430000,EGAS,VSET,0.0
FR430000,EGAS,FALL,0.0
FR430000,EFUL,SWHE,0.03857385596612352
FR430000,EFUL,BARL,0.0557294999957722
FR430000,EFUL,OATS,0.01880246372526487
FR430000,EFUL,MAIZ,0.05662586780090258
FR430000,EFUL,OCER,0.03653635641955746
FR430000,EFUL,RAPE,0.04543122725948612
FR430000,EFUL,SUNF,0.04623463044300957
FR430000,EFUL,SOYA,0.08345192997631415
FR430000,EFUL,SUGB,0.07269329455420381
FR430000,EFUL,MAIF,0.06224083457977891
FR430000,EFUL,OFAR,0.0158960702018917
FR430000,EFUL,OSET,0.03655576383438847
FR430000,EFUL,VSET,0.03586273647156644
FR430000,EFUL,FALL,0.0
FR430000,ELUB,SWHE,0.005351984936038665
FR430000,ELUB,BARL,0.00807187244341081
FR430000,ELUB,OATS,0.007624022956723324
FR430000,ELUB,MAIZ,0.008357894420209346
FR430000,ELUB,OCER,0.008062835770951054
FR430000,ELUB,RAPE,0.00714892966412283
FR430000,ELUB,SUNF,0.007692772199061285
FR430000,ELUB,SOYA,0.005734333490702749
FR430000,ELUB,SUGB,0.01030627857241219
FR430000,ELUB,MAIF,0.01166114310869987
FR430000,ELUB,OFAR,0.002411053026657183
FR430000,ELUB,OSET,0.00177558592700836
FR430000,ELUB,VSET,0.001772804623847582
FR430000,ELUB,FALL,0.0
FR430000,INPO,SWHE,0.07580341708043162
FR430000,INPO,BARL,0.07791378573313172
FR430000,INPO,OATS,0.02205043872434444
FR430000,INPO,MAIZ,0.100417630099549
FR430000,INPO,OCER,0.02729538105562684
FR430000,INPO,RAPE,0.07257360405976243
FR430000,INPO,SUNF,0.08283500990170128
FR430000,INPO,SOYA,0.04630652380538094
FR430000,INPO,SUGB,0.222527061633647
FR430000,INPO,MAIF,0.04208942595401149
FR430000,INPO,OFAR,0.04437359626420709
FR430000,INPO,OSET,0.1466059730922013
FR430000,INPO,VSET,0.1073599096813831
FR430000,INPO,FALL,0.0
FR510000,SEED,SWHE,0.03417093941567677
FR510000,SEED,DWHE,0.04774526708011638
FR510000,SEED,RYEM,0.03979957870825151
FR510000,SEED,BARL,0.03844588405563789
FR510000,SEED,OATS,0.01533917558013633
FR510000,SEED,MAIZ,0.04420937992974212
FR510000,SEED,OCER,0.01933631237771111
FR510000,SEED,RAPE,0.02426822895813814
FR510000,SEED,SUNF,0.02419121301985639
FR510000,SEED,PULS,0.02445207465670728
FR510000,SEED,POTA,0.2693095950267193
FR510000,SEED,MAIF,0.02402602931729605
FR510000,SEED,OFAR,0.0217732206555225
FR510000,SEED,OSET,6.447089005731095e-05
FR510000,SEED,VSET,0.0
FR510000,SEED,FALL,0.0
FR510000,PLAP,SWHE,0.1031867389745096
FR510000,PLAP,DWHE,0.1264445554601989
FR510000,PLAP,RYEM,0.07590578368163303
FR510000,PLAP,BARL,0.1157535155963632
FR510000,PLAP,OATS,0.03543207288937281
FR510000,PLAP,MAIZ,0.08677197312037083
FR510000,PLAP,OCER,0.08189819385558261
FR510000,PLAP,RAPE,0.07886515330157359
FR510000,PLAP,SUNF,0.07720779617697704
FR510000,PLAP,PULS,0.01563217956118824
FR510000,PLAP,POTA,0.39666625548399
FR510000,PLAP,MAIF,0.07119019676792321
FR510000,PLAP,OFAR,0.020347374064797
FR510000,PLAP,OSET,3.125747764027473e-05
FR510000,PLAP,VSET,0.0
FR510000,PLAP,FALL,0.0
FR510000,FERT,SWHE,3.236210749697483
FR510000,FERT,DWHE,3.334794826680072
FR510000,FERT,RYEM,2.271439354821367
FR510000,FERT,BARL,2.504704860807123
FR510000,FERT,OATS,2.386131117344185
FR510000,FERT,MAIZ,3.712824105911861
FR510000,FERT,OCER,3.054060662682013
FR510000,FERT,RAPE,2.807821831453233
FR510000,FERT,SUNF,2.236067770094182
FR510000,FERT,PULS,1.594444829302573
FR510000,FERT,POTA,2.977574976356505
FR510000,FERT,MAIF,3.533129832948761
FR510000,FERT,OFAR,1.753005627463984
FR510000,FERT,OSET,0.0008448433823970204
FR510000,FERT,VSET,0.0
FR510000,FERT,FALL,0.0
FR510000,REPM,SWHE,0.04012827255798267
FR510000,REPM,DWHE,0.04300682854808966
FR510000,REPM,RYEM,0.03075721738200653
FR510000,REPM,BARL,0.03961961823876341
FR510000,REPM,OATS,0.01852597891871873
FR510000,REPM,MAIZ,0.04948188202432444
FR510000,REPM,OCER,0.01947301679477113
FR510000,REPM,RAPE,0.02678989799734122
FR510000,REPM,SUNF,0.02374420191344413
FR510000,REPM,PULS,0.02662852239434067
FR510000,REPM,POTA,0.3601474649992464
FR510000,REPM,MAIF,0.03496974302144148
FR510000,REPM,OFAR,0.02656725621229048
FR510000,REPM,OSET,0.04606913610606178
FR510000,REPM,VSET,0.03490079375938655
FR510000,REPM,FALL,0.0
FR510000,REPB,SWHE,0.007678462041354605
FR510000,REPB,DWHE,0.005986343317657565
FR510000,REPB,RYEM,0.005200542070698032
FR510000,REPB,BARL,0.007476079570650866
FR510000,REPB,OATS,0.004057210956957124
FR510000,REPB,MAIZ,0.00932865414759525
FR510000,REPB,OCER,0.005225894740972052
FR510000,REPB,RAPE,0.005723392305227144
FR510000,REPB,SUNF,0.005251837077501522
FR510000,REPB,PULS,0.005935234985730344
FR510000,REPB,POTA,0.05499163409365246
FR510000,REPB,MAIF,0.007748422276491893
FR510000,REPB,OFAR,0.004399596193850137
FR510000,REPB,OSET,0.003841550148744982
FR510000,REPB,VSET,0.003352128748345459
FR510000,REPB,FALL,0.0
FR510000,ELEC,SWHE,0.004909058251196188
FR510000,ELEC,DWHE,0.003619594732273035
FR510000,ELEC,RYEM,0.001116604448706779
FR510000,ELEC,BARL,0.004855571503800039
FR510000,ELEC,OATS,0.001727510613694414
FR510000,ELEC,MAIZ,0.004896601197481933
FR510000,ELEC,OCER,0.003710570631542454
FR510000,ELEC,RAPE,0.004918187021951121
FR510000,ELEC,SUNF,0.005002644697396948
FR510000,ELEC,PULS,0.004012648482387205
FR510000,ELEC,POTA,0.001856891857056649
FR510000,ELEC,MAIF,0.004897745154596721
FR510000,ELEC,OFAR,0.004979470051994892
FR510000,ELEC,OSET,0.0
FR510000,ELEC,VSET,0.0
FR510000,ELEC,FALL,0.0
FR510000,EGAS,SWHE,0.0001321941166747134
FR510000,EGAS,DWHE,0.001262869810489127
FR510000,EGAS,RYEM,0.001942896754720902
FR510000,EGAS,BARL,0.0003824451825320048
FR510000,EGAS,OATS,0.001521792302426905
FR510000,EGAS,MAIZ,0.0004011856002894322
FR510000,EGAS,OCER,0.001113758963326366
FR510000,EGAS,RAPE,0.0007118647491301975
FR510000,EGAS,SUNF,0.0006968275576736026
FR510000,EGAS,PULS,0.0
FR510000,EGAS,POTA,0.0
FR510000,EGAS,MAIF,0.0
FR510000,EGAS,OFAR,0.0
FR510000,EGAS,OSET,0.0
FR510000,EGAS,VSET,0.0
FR510000,EGAS,FALL,0.0
FR510000,EFUL,SWHE,0.03841635066768744
FR510000,EFUL,DWHE,0.04553050477145383
FR510000,EFUL,RYEM,0.03952850515658829
FR510000,EFUL,BARL,0.0558626364386994
FR510000,EFUL,OATS,0.0191590839318164
FR510000,EFUL,MAIZ,0.05528394316976143
FR510000,EFUL,OCER,0.03732040465207307
FR510000,EFUL,RAPE,0.04446525768529799
FR510000,EFUL,SUNF,0.04339964137203048
FR510000,EFUL,PULS,0.03843435110571215
FR510000,EFUL,POTA,0.08856438641092029
FR510000,EFUL,MAIF,0.05958035358265431
FR510000,EFUL,OFAR,0.01931157385850958
FR510000,EFUL,OSET,0.03655280699112044
FR510000,EFUL,VSET,0.03586273500939473
FR510000,EFUL,FALL,0.0
FR510000,ELUB,SWHE,0.00533306632794929
FR510000,ELUB,DWHE,0.009197431720585656
FR510000,ELUB,RYEM,0.009072275564850676
FR510000,ELUB,BARL,0.008090952225350612
FR510000,ELUB,OATS,0.007768503775024539
FR510000,ELUB,MAIZ,0.008159686826900141
FR510000,ELUB,OCER,0.008236565547074543
FR510000,ELUB,RAPE,0.006995276168782845
FR510000,ELUB,SUNF,0.00722291935707646
FR510000,ELUB,PULS,0.007807691971048067
FR510000,ELUB,POTA,0.01184450016730372
FR510000,ELUB,MAIF,0.01113241493669393
FR510000,ELUB,OFAR,0.002929119704985406
FR510000,ELUB,OSET,0.001776370965136213
FR510000,ELUB,VSET,0.001772804440539868
FR510000,ELUB,FALL,0.0
FR510000,INPO,SWHE,0.07537667824583247
FR510000,INPO,DWHE,0.1097752974360447
FR510000,INPO,RYEM,0.0458238927767447
FR510000,INPO,BARL,0.07828020072757673
FR510000,INPO,OATS,0.02275813888889343
FR510000,INPO,MAIZ,0.0964869626038003
FR510000,INPO,OCER,0.02827026732535452
FR510000,INPO,RAPE,0.07013187530438526
FR510000,INPO,SUNF,0.0744911182074341
FR510000,INPO,PULS,0.05132258401229912
FR510000,INPO,POTA,0.8292572645838451
FR510000,INPO,MAIF,0.03909212558029946
FR510000,INPO,OFAR,0.06305872824494713
FR510000,INPO,OSET,0.1465421809132192
FR510000,INPO,VSET,0.1073599075515841
FR510000,INPO,FALL,0.0
FR520000,SEED,SWHE,0.0356954164784857
FR520000,SEED,DWHE,0.03764108586644503
FR520000,SEED,RYEM,0.04211600223900467
FR520000,SEED,BARL,0.04202566774150409
FR520000,SEED,OATS,0.0166767959428939
FR520000,SEED,MAIZ,0.04337854572994553
FR520000,SEED,OCER,0.02047130840949889
FR520000,SEED,RAPE,0.02458128778474294
FR520000,SEED,PULS,0.02715029570129379
FR520000,SEED,POTA,0.2795400038988142
FR520000,SEED,MAIF,0.02533570603811549
FR520000,SEED,OFAR,0.0148985747019017
FR520000,SEED,OSET,0.0004608175565811373
FR520000,SEED,VSET,0.0
FR520000,SEED,FALL,0.0
FR520000,PLAP,SWHE,0.1059011424711761
FR520000,PLAP,DWHE,0.1082928685579194
FR520000,PLAP,RYEM,0.08037575189948407
FR520000,PLAP,BARL,0.1219901210252085
FR520000,PLAP,OATS,0.03489486561529041
FR520000,PLAP,MAIZ,0.08581853389026674
FR520000,PLAP,OCER,0.08479952330050868
FR520000,PLAP,RAPE,0.07967980994257537
FR520000,PLAP,PULS,0.01666492475161865
FR520000,PLAP,POTA,0.4051147779435376
FR520000,PLAP,MAIF,0.07371458472124218
FR520000,PLAP,OFAR,0.01642755707821782
FR520000,PLAP,OSET,0.0002178070566523669
FR520000,PLAP,VSET,0.0
FR520000,PLAP,FALL,0.0
FR520000,FERT,SWHE,3.549721981025006
FR520000,FERT,DWHE,2.591089671734625
FR520000,FERT,RYEM,2.513553879029268
FR520000,FERT,BARL,2.943440351546085
FR520000,FERT,OATS,2.753839014990398
FR520000,FERT,MAIZ,3.750254259488614
FR520000,FERT,OCER,3.489259252415242
FR520000,FERT,RAPE,2.982565803262331
FR520000,FERT,PULS,1.919954481937137
FR520000,FERT,POTA,3.270052354956491
FR520000,FERT,MAIF,3.914448856729922
FR520000,FERT,OFAR,1.195577712045953
FR520000,FERT,OSET,0.008447799905988209
FR520000,FERT,VSET,0.0
FR520000,FERT,FALL,0.0
FR520000,REPM,SWHE,0.04056133513333363
FR520000,REPM,DWHE,0.04027659379840817
FR520000,REPM,RYEM,0.03254897174196276
FR520000,REPM,BARL,0.04050383712787647
FR520000,REPM,OATS,0.01895688909070401
FR520000,REPM,MAIZ,0.04924734020666253
FR520000,REPM,OCER,0.01978371884089977
FR520000,REPM,RAPE,0.02685806829934172
FR520000,REPM,PULS,0.02729222094067876
FR520000,REPM,POTA,0.3629772194301327
FR520000,REPM,MAIF,0.035427988061926
FR520000,REPM,OFAR,0.02449529880848429
FR520000,REPM,OSET,0.04594612638321391
FR520000,REPM,VSET,0.03490079375320235
FR520000,REPM,FALL,0.0
FR520000,REPB,SWHE,0.007760363667730145
FR520000,REPB,DWHE,0.005600232789147565
FR520000,REPB,RYEM,0.00550472352039125
FR520000,REPB,BARL,0.007638403987891665
FR520000,REPB,OATS,0.004151720489105515
FR520000,REPB,MAIZ,0.00928590408776427
FR520000,REPB,OCER,0.005304545796549751
FR520000,REPB,RAPE,0.005742146656194505
FR520000,REPB,PULS,0.006082682022876845
FR520000,REPB,POTA,0.05542268699911248
FR520000,REPB,MAIF,0.00785526753024584
FR520000,REPB,OFAR,0.004059776040679023
FR520000,REPB,OSET,0.003836532003986057
FR520000,REPB,VSET,0.003352128749099621
FR520000,REPB,FALL,0.0
FR520000,ELEC,SWHE,0.004987226812186646
FR520000,ELEC,DWHE,0.003282877699970544
FR520000,ELEC,RYEM,0.001180947924104792
FR520000,ELEC,BARL,0.005014198574686365
FR520000,ELEC,OATS,0.001788707362645724
FR520000,ELEC,MAIZ,0.004863967828827602
FR520000,ELEC,OCER,0.003791128598375418
FR520000,ELEC,RAPE,0.00494903964245849
FR520000,ELEC,PULS,0.004163666663591902
FR520000,ELEC,POTA,0.001880614693321565
FR520000,ELEC,MAIF,0.004993396227801076
FR520000,ELEC,OFAR,0.004403689544434167
FR520000,ELEC,OSET,0.0
FR520000,ELEC,VSET,0.0
FR520000,ELEC,FALL,0.0
FR520000,EGAS,SWHE,0.0001344252418258606
FR520000,EGAS,DWHE,0.001145298872291682
FR520000,EGAS,RYEM,0.002055770517233333
FR520000,EGAS,BARL,0.0003935152538714423
FR520000,EGAS,OATS,0.001574746283572
FR520000,EGAS,MAIZ,0.0003993192635049158
FR520000,EGAS,OCER,0.001139237979831458
FR520000,EGAS,RAPE,0.0007442047269357343
FR520000,EGAS,PULS,0.0
FR520000,EGAS,POTA,0.0
FR520000,EGAS,MAIF,0.0
FR520000,EGAS,OFAR,0.0
FR520000,EGAS,OSET,0.0
FR520000,EGAS,VSET,0.0
FR520000,EGAS,FALL,0.0
FR520000,EFUL,SWHE,0.03902029395592897
FR520000,EFUL,DWHE,0.04180828812734688
FR520000,EFUL,RYEM,0.04183199409740891
FR520000,EFUL,BARL,0.05764845747528786
FR520000,EFUL,OATS,0.01981841729859911
FR520000,EFUL,MAIZ,0.05493728862254873
FR520000,EFUL,OCER,0.03813437092443939
FR520000,EFUL,RAPE,0.04475744791753913
FR520000,EFUL,PULS,0.03986724012091029
FR520000,EFUL,POTA,0.08956425089656006
FR520000,EFUL,MAIF,0.06072220200721382
FR520000,EFUL,OFAR,0.01709238776867012
FR520000,EFUL,OSET,0.03657050793875346
FR520000,EFUL,VSET,0.03586273490889423
FR520000,EFUL,FALL,0.0
FR520000,ELUB,SWHE,0.00541775849598222
FR520000,ELUB,DWHE,0.008348118522888944
FR520000,ELUB,RYEM,0.009607320577210723
FR520000,ELUB,BARL,0.00834814143781077
FR520000,ELUB,OATS,0.008035892434301703
FR520000,ELUB,MAIZ,0.00810823995086278
FR520000,ELUB,OCER,0.008414753207468425
FR520000,ELUB,RAPE,0.007041902476623475
FR520000,ELUB,PULS,0.008099681185284008
FR520000,ELUB,POTA,0.01198130672352452
FR520000,ELUB,MAIF,0.01136036571742595
FR520000,ELUB,OFAR,0.002695439881764628
FR520000,ELUB,OSET,0.001783851551774489
FR520000,ELUB,VSET,0.001772804442126465
FR520000,ELUB,FALL,0.0
FR520000,INPO,SWHE,0.07740971273551027
FR520000,INPO,DWHE,0.09409949673938009
FR520000,INPO,RYEM,0.04848330505192438
FR520000,INPO,BARL,0.08273644565729482
FR520000,INPO,OATS,0.02401250561563966
FR520000,INPO,MAIZ,0.09538623712520039
FR520000,INPO,OCER,0.02928860623394757
FR520000,INPO,RAPE,0.07083478234896798
FR520000,INPO,PULS,0.05456981791604354
FR520000,INPO,POTA,0.8466687978340315
FR520000,INPO,MAIF,0.04038806488573943
FR520000,INPO,OFAR,0.05079498750937669
FR520000,INPO,OSET,0.1460032674101588
FR520000,INPO,VSET,0.1073599073938626
FR520000,INPO,FALL,0.0
FR530000,SEED,SWHE,0.03322456301041811
FR530000,SEED,DWHE,0.04446429302351176
FR530000,SEED,BARL,0.03889669076000583
FR530000,SEED,OATS,0.01453141838752252
FR530000,SEED,MAIZ,0.04911714318697
FR530000,SEED,OCER,0.01864661300590828
FR530000,SEED,RAPE,0.02566724099041753
FR530000,SEED,SUNF,0.02384255739652711
FR530000,SEED,PULS,0.02485054191585675
FR530000,SEED,MAIF,0.0238678423469425
FR530000,SEED,OFAR,0.03377798353370942
FR530000,SEED,OSET,0.0006024954260622295
FR530000,SEED,VSET,0.0
FR530000,SEED,FALL,0.0
FR530000,PLAP,SWHE,0.1013612030388891
FR530000,PLAP,DWHE,0.1204765059775055
FR530000,PLAP,BARL,0.1164003983073539
FR530000,PLAP,OATS,0.03425310517783384
FR530000,PLAP,MAIZ,0.09271019603775613
FR530000,PLAP,OCER,0.08003603638821521
FR530000,PLAP,RAPE,0.0814563317574068
FR530000,PLAP,SUNF,0.07642475266131807
FR530000,PLAP,PULS,0.01582620962979846
FR530000,PLAP,MAIF,0.07116337814302173
FR530000,PLAP,OFAR,0.02734436944434079
FR530000,PLAP,OSET,0.0002841636188217292
FR530000,PLAP,VSET,0.0
FR530000,PLAP,FALL,0.0
FR530000,FERT,SWHE,3.085134303553815
FR530000,FERT,DWHE,3.046453697636499
FR530000,FERT,BARL,2.537712491022508
FR530000,FERT,OATS,2.218351176352741
FR530000,FERT,MAIZ,4.195848690670434
FR530000,FERT,OCER,2.892468638642298
FR530000,FERT,RAPE,2.962976109110222
FR530000,FERT,SUNF,2.155511533142167
FR530000,FERT,PULS,1.586824044118683
FR530000,FERT,MAIF,3.464897984208377
FR530000,FERT,OFAR,2.861832182687623
FR530000,FERT,OSET,0.009425127587667642
FR530000,FERT,VSET,0.0
FR530000,FERT,FALL,0.0
FR530000,REPM,SWHE,0.03986464522405422
FR530000,REPM,DWHE,0.04213453732111239
FR530000,REPM,BARL,0.03974093336557887
FR530000,REPM,OATS,0.01826445631647884
FR530000,REPM,MAIZ,0.05076440657072887
FR530000,REPM,OCER,0.0192882492695437
FR530000,REPM,RAPE,0.02716673750153062
FR530000,REPM,SUNF,0.02366727193802925
FR530000,REPM,PULS,0.02673929086392916
FR530000,REPM,MAIF,0.03492402867758328
FR530000,REPM,OFAR,0.03016991591426312
FR530000,REPM,OSET,0.04589945260465646
FR530000,REPM,VSET,0.03490079375891057
FR530000,REPM,FALL,0.0
FR530000,REPB,SWHE,0.007627453504189161
FR530000,REPB,DWHE,0.005870110843685042
FR530000,REPB,BARL,0.007496309646495739
FR530000,REPB,OATS,0.004000794734008751
FR530000,REPB,MAIZ,0.009572845869016359
FR530000,REPB,OCER,0.005177140961435787
FR530000,REPB,RAPE,0.005800003960910127
FR530000,REPB,SUNF,0.005232600421715495
FR530000,REPB,PULS,0.005958663526739107
FR530000,REPB,MAIF,0.007746649754106561
FR530000,REPB,OFAR,0.004997321403945624
FR530000,REPB,OSET,0.00383451003160658
FR530000,REPB,VSET,0.003352128750244636
FR530000,REPB,FALL,0.0
FR530000,ELEC,SWHE,0.004859244390144706
FR530000,ELEC,DWHE,0.003513272891366102
FR530000,ELEC,BARL,0.004874932854293407
FR530000,ELEC,OATS,0.001690214792640196
FR530000,ELEC,MAIZ,0.005092448406180709
FR530000,ELEC,OCER,0.003660001059053131
FR530000,ELEC,RAPE,0.005012426208490309
FR530000,ELEC,SUNF,0.004971764596291444
FR530000,ELEC,PULS,0.004033526785197575
FR530000,ELEC,MAIF,0.004886110935889084
FR530000,ELEC,OFAR,0.005997317302722922
FR530000,ELEC,OSET,0.0
FR530000,ELEC,VSET,0.0
FR530000,ELEC,FALL,0.0
FR530000,EGAS,SWHE,0.0001309322922844043
FR530000,EGAS,DWHE,0.001226572998825875
FR530000,EGAS,BARL,0.0003829061868625978
FR530000,EGAS,OATS,0.001490153505220947
FR530000,EGAS,MAIZ,0.0004189488882053281
FR530000,EGAS,OCER,0.001098134346276888
FR530000,EGAS,RAPE,0.0007252761214440436
FR530000,EGAS,SUNF,0.0006928222801034012
FR530000,EGAS,PULS,0.0
FR530000,EGAS,MAIF,0.0
FR530000,EGAS,OFAR,0.0
FR530000,EGAS,OSET,0.0
FR530000,EGAS,VSET,0.0
FR530000,EGAS,FALL,0.0
FR530000,EFUL,SWHE,0.03802112946613755
FR530000,EFUL,DWHE,0.04413835787491006
FR530000,EFUL,BARL,0.05606217055407912
FR530000,EFUL,OATS,0.01876361421430311
FR530000,EFUL,MAIZ,0.05753628248564484
FR530000,EFUL,OCER,0.03680741231020192
FR530000,EFUL,RAPE,0.04530676107552246
FR530000,EFUL,SUNF,0.04312198220681471
FR530000,EFUL,PULS,0.0385874806622237
FR530000,EFUL,MAIF,0.05940524004782383
FR530000,EFUL,OFAR,0.02326178184755191
FR530000,EFUL,OSET,0.03657892788935545
FR530000,EFUL,VSET,0.03586273589653018
FR530000,EFUL,FALL,0.0
FR530000,ELUB,SWHE,0.005278751530062308
FR530000,ELUB,DWHE,0.008924527616523917
FR530000,ELUB,BARL,0.008118392354507899
FR530000,ELUB,OATS,0.007609550165992957
FR530000,ELUB,MAIZ,0.008492393700624965
FR530000,ELUB,OCER,0.00812259173536942
FR530000,ELUB,RAPE,0.007127601624579313
FR530000,ELUB,SUNF,0.007177340657063094
FR530000,ELUB,PULS,0.007841763212353066
FR530000,ELUB,MAIF,0.01112311484013318
FR530000,ELUB,OFAR,0.003529769334307591
FR530000,ELUB,OSET,0.001786680280887724
FR530000,ELUB,VSET,0.001772804440439368
FR530000,ELUB,FALL,0.0
FR530000,INPO,SWHE,0.07408017790468774
FR530000,INPO,DWHE,0.1045411744910488
FR530000,INPO,BARL,0.0788705478111022
FR530000,INPO,OATS,0.02199443475069945
FR530000,INPO,MAIZ,0.1030183211597009
FR530000,INPO,OCER,0.02761929763145236
FR530000,INPO,RAPE,0.07247949493057433
FR530000,INPO,SUNF,0.07368198248398643
FR530000,INPO,PULS,0.05146259025340388
FR530000,INPO,MAIF,0.03890695463316463
FR530000,INPO,OFAR,0.08464655693583015
FR530000,INPO,OSET,0.1458020657199017
FR530000,INPO,VSET,0.1073599088577864
FR530000,INPO,FALL,0.0
FR610000,SEED,SWHE,0.02986608721792177
FR610000,SEED,BARL,0.03301309631257957
FR610000,SEED,OATS,0.01427540890208707
FR610000,SEED,MAIZ,0.04742523091592156
FR610000,SEED,OCER,0.01851021686155811
FR610000,SEED,RAPE,0.02279276890027086
FR610000,SEED,SUNF,0.02402096420764673
FR610000,SEED,SOYA,0.0341227462224734
FR610000,SEED,PULS,0.02075803694515647
FR610000,SEED,POTA,0.3102308566971825
FR610000,SEED,MAIF,0.02571126670104366
FR610000,SEED,OFAR,0.02530139902335546
FR610000,SEED,OSET,0.0002063960914850475
FR610000,SEED,VSET,0.0
FR610000,SEED,FALL,0.0
FR610000,PLAP,SWHE,0.09528424516815708
FR610000,PLAP,BARL,0.1059518996255105
FR610000,PLAP,OATS,0.03219578906422314
FR610000,PLAP,MAIZ,0.0907502718287525
FR610000,PLAP,OCER,0.07958976348050387
FR610000,PLAP,RAPE,0.07612257160193489
FR610000,PLAP,SUNF,0.07665162735933641
FR610000,PLAP,SOYA,0.072957680031282
FR610000,PLAP,PULS,0.01621928698466769
FR610000,PLAP,POTA,0.4302700434865771
FR610000,PLAP,MAIF,0.07455973912864354
FR610000,PLAP,OFAR,0.02248746287028616
FR610000,PLAP,OSET,9.732304023258353e-05
FR610000,PLAP,VSET,0.0
FR610000,PLAP,FALL,0.0
FR610000,FERT,SWHE,2.603219215785697
FR610000,FERT,BARL,2.01311823328903
FR610000,FERT,OATS,2.288935865218036
FR610000,FERT,MAIZ,3.793874999152492
FR610000,FERT,OCER,2.739004804717614
FR610000,FERT,RAPE,2.454317327833753
FR610000,FERT,SUNF,2.109190363954978
FR610000,FERT,SOYA,1.719950993935198
FR610000,FERT,PULS,1.197470542962279
FR610000,FERT,POTA,3.470894816179766
FR610000,FERT,MAIF,3.701770465708889
FR610000,FERT,OFAR,2.02013380874266
FR610000,FERT,OSET,0.003336833438091886
FR610000,FERT,VSET,0.0
FR610000,FERT,FALL,0.0
FR610000,REPM,SWHE,0.03891363597798329
FR610000,REPM,BARL,0.0383033103344858
FR610000,REPM,OATS,0.0183570974834314
FR610000,REPM,MAIZ,0.05029498844516176
FR610000,REPM,OCER,0.01927198864998761
FR610000,REPM,RAPE,0.02639631406085838
FR610000,REPM,SUNF,0.02372226112583629
FR610000,REPM,SOYA,0.03102899997594418
FR610000,REPM,PULS,0.02703151181977272
FR610000,REPM,POTA,0.3712925729127293
FR610000,REPM,MAIF,0.03556416911821715
FR610000,REPM,OFAR,0.02761774529876656
FR610000,REPM,OSET,0.0460190214799913
FR610000,REPM,VSET,0.03490079390958242
FR610000,REPM,FALL,0.0
FR610000,REPB,SWHE,0.007446808978018178
FR610000,REPB,BARL,0.007229289614018937
FR610000,REPB,OATS,0.004019428073674561
FR610000,REPB,MAIZ,0.009486609623038326
FR610000,REPB,OCER,0.005168042942633296
FR610000,REPB,RAPE,0.005642776585095485
FR610000,REPB,SUNF,0.005242527581023225
FR610000,REPB,SOYA,0.00313085732606636
FR610000,REPB,PULS,0.005929286134647294
FR610000,REPB,POTA,0.05669065800577136
FR610000,REPB,MAIF,0.007890523216707626
FR610000,REPB,OFAR,0.004577650422795817
FR610000,REPB,OSET,0.003839241069435658
FR610000,REPB,VSET,0.00335212874936465
FR610000,REPB,FALL,0.0
FR610000,ELEC,SWHE,0.00468619536310737
FR610000,ELEC,BARL,0.004613256617071495
FR610000,ELEC,OATS,0.001707691885661234
FR610000,ELEC,MAIZ,0.005026078767284599
FR610000,ELEC,OCER,0.003646514360779096
FR610000,ELEC,RAPE,0.004818130918700086
FR610000,ELEC,SUNF,0.004982310731406979
FR610000,ELEC,SOYA,0.001353432576120026
FR610000,ELEC,PULS,0.003868447900282769
FR610000,ELEC,POTA,0.0019478979282604
FR610000,ELEC,MAIF,0.00502116995334599
FR610000,ELEC,OFAR,0.005285251066349275
FR610000,ELEC,OSET,0.0
FR610000,ELEC,VSET,0.0
FR610000,ELEC,FALL,0.0
FR610000,EGAS,SWHE,0.0001260898929183753
FR610000,EGAS,BARL,0.0003844867900628874
FR610000,EGAS,OATS,0.001501086730332801
FR610000,EGAS,MAIZ,0.0004144246015744712
FR610000,EGAS,OCER,0.001095830251623678
FR610000,EGAS,RAPE,0.0007240552240893206
FR610000,EGAS,SUNF,0.0006947004884856697
FR610000,EGAS,SOYA,0.001646112143462075
FR610000,EGAS,PULS,0.0
FR610000,EGAS,POTA,0.0
FR610000,EGAS,MAIF,0.0
FR610000,EGAS,OFAR,0.0
FR610000,EGAS,OSET,0.0
FR610000,EGAS,VSET,0.0
FR610000,EGAS,FALL,0.0
FR610000,EFUL,SWHE,0.0366777664883269
FR610000,EFUL,BARL,0.05308829519394084
FR610000,EFUL,OATS,0.01888054782851235
FR610000,EFUL,MAIZ,0.05681580363277405
FR610000,EFUL,OCER,0.03668219383616751
FR610000,EFUL,RAPE,0.04357138533505666
FR610000,EFUL,SUNF,0.04319120933978882
FR610000,EFUL,SOYA,0.08394520995771712
FR610000,EFUL,PULS,0.03584587565130623
FR610000,EFUL,POTA,0.09266673954176527
FR610000,EFUL,MAIF,0.06103983126881436
FR610000,EFUL,OFAR,0.02051273322685147
FR610000,EFUL,OSET,0.03656384400553145
FR610000,EFUL,VSET,0.03586273527067876
FR610000,EFUL,FALL,0.0
FR610000,ELUB,SWHE,0.00509094143665082
FR610000,ELUB,BARL,0.007688603099199455
FR610000,ELUB,OATS,0.007654610628149656
FR610000,ELUB,MAIZ,0.008385173994209603
FR610000,ELUB,OCER,0.00809577397076246
FR610000,ELUB,RAPE,0.006855341865120062
FR610000,ELUB,SUNF,0.007189319400583195
FR610000,ELUB,SOYA,0.005761802967091456
FR610000,ELUB,PULS,0.007422950684544834
FR610000,ELUB,POTA,0.01240096324948289
FR610000,ELUB,MAIF,0.01143435657907054
FR610000,ELUB,OFAR,0.003232790884858228
FR610000,ELUB,OSET,0.001779396946209315
FR610000,ELUB,VSET,0.001772804441421623
FR610000,ELUB,FALL,0.0
FR610000,INPO,SWHE,0.06958134174814662
FR610000,INPO,BARL,0.07158850138319675
FR610000,INPO,OATS,0.02214500860825153
FR610000,INPO,MAIZ,0.1007746134128209
FR610000,INPO,OCER,0.02748107940959877
FR610000,INPO,RAPE,0.06765917444664184
FR610000,INPO,SUNF,0.07375378815365971
FR610000,INPO,SOYA,0.04674839583917539
FR610000,INPO,PULS,0.0419264931906858
FR610000,INPO,POTA,0.8991679128360793
FR610000,INPO,MAIF,0.04072758584952341
FR610000,INPO,OFAR,0.06949247681644108
FR610000,INPO,OSET,0.1463299875949492
FR610000,INPO,VSET,0.1073599079323335
FR610000,INPO,FALL,0.0
FR620000,SEED,SWHE,0.02917198937764056
FR620000,SEED,DWHE,0.03800967832922652
FR620000,SEED,RYEM,0.03296715581219665
FR620000,SEED,BARL,0.0335962724431655
FR620000,SEED,OATS,0.01270162546487009
FR620000,SEED,MAIZ,0.04542007596820825
FR620000,SEED,OCER,0.01827501894207467
FR620000,SEED,RAPE,0.02260477802978377
FR620000,SEED,SUNF,0.02249744818841198
FR620000,SEED,SOYA,0.03412150423685324
FR620000,SEED,PULS,0.01946611335042406
FR620000,SEED,MAIF,0.02373738667312872
FR620000,SEED,OFAR,0.02298113933830121
FR620000,SEED,OSET,6.261268837305333e-05
FR620000,SEED,VSET,0.0
FR620000,SEED,FALL,0.0
FR620000,PLAP,SWHE,0.09402262429252238
FR620000,PLAP,DWHE,0.1088197320405638
FR620000,PLAP,RYEM,0.0628987239547131
FR620000,PLAP,BARL,0.1071278577579403
FR620000,PLAP,OATS,0.03147138057908797
FR620000,PLAP,MAIZ,0.0882495875156385
FR620000,PLAP,OCER,0.07900031015326062
FR620000,PLAP,RAPE,0.07571284642179486
FR620000,PLAP,SUNF,0.07361751048078856
FR620000,PLAP,SOYA,0.07295381251569998
FR620000,PLAP,PULS,0.0137424792492136
FR620000,PLAP,MAIF,0.07091397039924201
FR620000,PLAP,OFAR,0.02113445556252613
FR620000,PLAP,OSET,2.92471006662502e-05
FR620000,PLAP,VSET,0.0
FR620000,PLAP,FALL,0.0
FR620000,FERT,SWHE,2.529880432528973
FR620000,FERT,DWHE,2.453509345366721
FR620000,FERT,RYEM,1.787718240765832
FR620000,FERT,BARL,2.009781899318889
FR620000,FERT,OATS,2.181571502448041
FR620000,FERT,MAIZ,3.601669746695609
FR620000,FERT,OCER,2.697632679137821
FR620000,FERT,RAPE,2.430612484627968
FR620000,FERT,SUNF,1.952076163024755
FR620000,FERT,SOYA,1.741741701958116
FR620000,FERT,PULS,1.173253725180401
FR620000,FERT,MAIF,3.361043213161805
FR620000,FERT,OFAR,1.809307171666355
FR620000,FERT,OSET,0.001098106122459029
FR620000,FERT,VSET,0.0
FR620000,FERT,FALL,0.0
FR620000,REPM,SWHE,0.03872041548126418
FR620000,REPM,DWHE,0.04039456870038537
FR620000,REPM,RYEM,0.02544665837179052
FR620000,REPM,BARL,0.03843280153898564
FR620000,REPM,OATS,0.01820572525383982
FR620000,REPM,MAIZ,0.0497936728602997
FR620000,REPM,OCER,0.01920560677550861
FR620000,REPM,RAPE,0.02634987075447864
FR620000,REPM,SUNF,0.02334422134134938
FR620000,REPM,SOYA,0.03102329428486279
FR620000,REPM,PULS,0.02540693691393341
FR620000,REPM,MAIF,0.03487887071474642
FR620000,REPM,OFAR,0.02692149561885707
FR620000,REPM,OSET,0.04606033473114125
FR620000,REPM,VSET,0.03490079375037782
FR620000,REPM,FALL,0.0
FR620000,REPB,SWHE,0.007409767568353036
FR620000,REPB,DWHE,0.005629117315090745
FR620000,REPB,RYEM,0.004306213186966633
FR620000,REPB,BARL,0.007255861469210579
FR620000,REPB,OATS,0.00398608975367448
FR620000,REPB,MAIZ,0.009388504905957738
FR620000,REPB,OCER,0.005151747176944872
FR620000,REPB,RAPE,0.005632045651710814
FR620000,REPB,SUNF,0.005158654449080665
FR620000,REPB,SOYA,0.003146043856225947
FR620000,REPB,PULS,0.005663471404931644
FR620000,REPB,MAIF,0.007736053861407723
FR620000,REPB,OFAR,0.004462146326007582
FR620000,REPB,OSET,0.003840781988735173
FR620000,REPB,VSET,0.003352128749249157
FR620000,REPB,FALL,0.0
FR620000,ELEC,SWHE,0.004650210390678261
FR620000,ELEC,DWHE,0.003301607465297409
FR620000,ELEC,RYEM,0.0009206959169217184
FR620000,ELEC,BARL,0.004640048380499562
FR620000,ELEC,OATS,0.001688658116086791
FR620000,ELEC,MAIZ,0.00494504542613325
FR620000,ELEC,OCER,0.003630129237143265
FR620000,ELEC,RAPE,0.004803026944974817
FR620000,ELEC,SUNF,0.00486266410752135
FR620000,ELEC,SOYA,0.001358453491986671
FR620000,ELEC,PULS,0.003733103116686828
FR620000,ELEC,MAIF,0.004876871736606641
FR620000,ELEC,OFAR,0.005088562347586261
FR620000,ELEC,OSET,0.0
FR620000,ELEC,VSET,0.0
FR620000,ELEC,FALL,0.0
FR620000,EGAS,SWHE,0.0001251328852183151
FR620000,EGAS,DWHE,0.001152641713729237
FR620000,EGAS,RYEM,0.001606548212841525
FR620000,EGAS,BARL,0.0003871399918026407
FR620000,EGAS,OATS,0.001482678651750455
FR620000,EGAS,MAIZ,0.0004058703721771431
FR620000,EGAS,OCER,0.001090494630155928
FR620000,EGAS,RAPE,0.000721544354916625
FR620000,EGAS,SUNF,0.0006779805940836845
FR620000,EGAS,SOYA,0.001652467861691875
FR620000,EGAS,PULS,0.0
FR620000,EGAS,MAIF,0.0
FR620000,EGAS,OFAR,0.0
FR620000,EGAS,OSET,0.0
FR620000,EGAS,VSET,0.0
FR620000,EGAS,FALL,0.0
FR620000,EFUL,SWHE,0.03639617075172846
FR620000,EFUL,DWHE,0.04146210535346297
FR620000,EFUL,RYEM,0.03282800647447977
FR620000,EFUL,BARL,0.05341390177164483
FR620000,EFUL,OATS,0.01863834328436396
FR620000,EFUL,MAIZ,0.05584858936304514
FR620000,EFUL,OCER,0.03651508839352081
FR620000,EFUL,RAPE,0.04343218709435714
FR620000,EFUL,SUNF,0.04216327130781181
FR620000,EFUL,SOYA,0.08383196156482463
FR620000,EFUL,PULS,0.03576144092503385
FR620000,EFUL,MAIF,0.05929407469091703
FR620000,EFUL,OFAR,0.01974954444272688
FR620000,EFUL,OSET,0.03655998731175711
FR620000,EFUL,VSET,0.03586273507495633
FR620000,EFUL,FALL,0.0
FR620000,ELUB,SWHE,0.005051988362189932
FR620000,ELUB,DWHE,0.008385075027306798
FR620000,ELUB,RYEM,0.007527654161598672
FR620000,ELUB,BARL,0.007736094658129166
FR620000,ELUB,OATS,0.007556280185238047
FR620000,ELUB,MAIZ,0.008243003841603713
FR620000,ELUB,OCER,0.00805934703616979
FR620000,ELUB,RAPE,0.006833275445609215
FR620000,ELUB,SUNF,0.00701817490433581
FR620000,ELUB,SOYA,0.005776587758702457
FR620000,ELUB,PULS,0.007264233856820002
FR620000,ELUB,MAIF,0.01110123538949009
FR620000,ELUB,OFAR,0.003112696649184385
FR620000,ELUB,OSET,0.001776872760121864
FR620000,ELUB,VSET,0.001772804440096474
FR620000,ELUB,FALL,0.0
FR620000,INPO,SWHE,0.0686514941278639
FR620000,INPO,DWHE,0.09439504062401945
FR620000,INPO,RYEM,0.03796159278522448
FR620000,INPO,BARL,0.07227953673912255
FR620000,INPO,OATS,0.02162838374805416
FR620000,INPO,MAIZ,0.09809982608406644
FR620000,INPO,OCER,0.02726466739142101
FR620000,INPO,RAPE,0.06730198598136991
FR620000,INPO,SUNF,0.07091531005773763
FR620000,INPO,SOYA,0.0467617733092016
FR620000,INPO,PULS,0.0451609772459052
FR620000,INPO,MAIF,0.03877200215829626
FR620000,INPO,OFAR,0.06531983588750107
FR620000,INPO,OSET,0.1465150017791897
FR620000,INPO,VSET,0.1073599076471263
FR620000,INPO,FALL,0.0
FR630000,SEED,SWHE,0.02797002741736796
FR630000,SEED,DWHE,0.02888303390720902
FR630000,SEED,RYEM,0.03546392977376667
FR630000,SEED,BARL,0.03164440508804982
FR630000,SEED,OATS,0.01192449897774039
FR630000,SEED,MAIZ,0.04003325205857194
FR630000,SEED,OCER,0.01698206761341012
FR630000,SEED,RAPE,0.02484374043683377
FR630000,SEED,SUNF,0.02187958093279803
FR630000,SEED,MAIF,0.02273635113238448
FR630000,SEED,OFAR,0.033425588293705
FR630000,SEED,OSET,0.0
FR630000,SEED,VSET,0.0
FR630000,SEED,FALL,0.0
FR630000,PLAP,SWHE,0.09183098031702105
FR630000,PLAP,DWHE,0.09243393330769793
FR630000,PLAP,RYEM,0.06763383631201418
FR630000,PLAP,BARL,0.1031253968561976
FR630000,PLAP,OATS,0.03024595893069708
FR630000,PLAP,MAIZ,0.08174183671356704
FR630000,PLAP,OCER,0.07522629111715547
FR630000,PLAP,RAPE,0.07959133393161152
FR630000,PLAP,SUNF,0.07240642461270673
FR630000,PLAP,MAIF,0.06908291702049306
FR630000,PLAP,OFAR,0.02724037318322041
FR630000,PLAP,OSET,0.0
FR630000,PLAP,VSET,0.0
FR630000,PLAP,FALL,0.0
FR630000,FERT,SWHE,2.462636072537523
FR630000,FERT,DWHE,1.784229228010943
FR630000,FERT,RYEM,1.974830188905369
FR630000,FERT,BARL,2.04866963098457
FR630000,FERT,OATS,2.099679159239619
FR630000,FERT,MAIZ,3.175327033604959
FR630000,FERT,OCER,2.607388269801909
FR630000,FERT,RAPE,2.775749042034462
FR630000,FERT,SUNF,1.939560611021803
FR630000,FERT,MAIF,3.260889211837457
FR630000,FERT,OFAR,2.842447686546469
FR630000,FERT,OSET,0.0
FR630000,FERT,VSET,0.0
FR630000,FERT,FALL,0.0
FR630000,REPM,SWHE,0.03838113737573015
FR630000,REPM,DWHE,0.03792149148175226
FR630000,REPM,RYEM,0.02737463000336446
FR630000,REPM,BARL,0.03800982150237643
FR630000,REPM,OATS,0.01793376885695656
FR630000,REPM,MAIZ,0.0483795342678289
FR630000,REPM,OCER,0.01889000993653993
FR630000,REPM,RAPE,0.02697159587332287
FR630000,REPM,SUNF,0.02318599736416846
FR630000,REPM,MAIF,0.03453196235135839
FR630000,REPM,OFAR,0.03005338552178589
FR630000,REPM,OSET,0.0460816104021118
FR630000,REPM,FALL,0.0
FR630000,REPB,SWHE,0.00734514015781999
FR630000,REPB,DWHE,0.005275362191340178
FR630000,REPB,RYEM,0.004631880875897182
FR630000,REPB,BARL,0.007167324267996111
FR630000,REPB,OATS,0.003926511863665059
FR630000,REPB,MAIZ,0.009119618277757487
FR630000,REPB,OCER,0.005059013782024972
FR630000,REPB,RAPE,0.005752853433076066
FR630000,REPB,SUNF,0.00512513258160141
FR630000,REPB,MAIF,0.007658573983673183
FR630000,REPB,OFAR,0.004983647449625254
FR630000,REPB,OSET,0.00384172991208738
FR630000,REPB,FALL,0.0
FR630000,ELEC,SWHE,0.004588104395683083
FR630000,ELEC,DWHE,0.00299569863446301
FR630000,ELEC,RYEM,0.0009909694606472386
FR630000,ELEC,BARL,0.004549754828590478
FR630000,ELEC,OATS,0.001652026565370379
FR630000,ELEC,MAIZ,0.00472945747536371
FR630000,ELEC,OCER,0.003528522661724789
FR630000,ELEC,RAPE,0.004942110117687149
FR630000,ELEC,SUNF,0.004816521054569066
FR630000,ELEC,MAIF,0.004803612698025117
FR630000,ELEC,OFAR,0.005978288395462405
FR630000,ELEC,OSET,0.0
FR630000,ELEC,VSET,0.0
FR630000,ELEC,FALL,0.0
FR630000,EGAS,SWHE,0.0001234194082900655
FR630000,EGAS,DWHE,0.001045399624699454
FR630000,EGAS,RYEM,0.001728520241027327
FR630000,EGAS,BARL,0.0003572226778699091
FR630000,EGAS,OATS,0.001449550907715239
FR630000,EGAS,MAIZ,0.000387303127063586
FR630000,EGAS,OCER,0.001061771784093092
FR630000,EGAS,RAPE,0.0007133395498088404
FR630000,EGAS,SUNF,0.0006714242498870097
FR630000,EGAS,MAIF,0.0
FR630000,EGAS,OFAR,0.0
FR630000,EGAS,OSET,0.0
FR630000,EGAS,VSET,0.0
FR630000,EGAS,FALL,0.0
FR630000,EFUL,SWHE,0.0359126312316982
FR630000,EFUL,DWHE,0.03771427694731236
FR630000,EFUL,RYEM,0.03530713184162154
FR630000,EFUL,BARL,0.05230163771816881
FR630000,EFUL,OATS,0.01821626553319335
FR630000,EFUL,MAIZ,0.05338541722725654
FR630000,EFUL,OCER,0.03549620178189825
FR630000,EFUL,RAPE,0.04465467596343159
FR630000,EFUL,SUNF,0.04175842059416061
FR630000,EFUL,MAIF,0.05840439611191754
FR630000,EFUL,OFAR,0.02321240017974524
FR630000,EFUL,OSET,0.03655575191820765
FR630000,EFUL,FALL,0.0
FR630000,ELUB,SWHE,0.00498455373357304
FR630000,ELUB,DWHE,0.007615701736362632
FR630000,ELUB,RYEM,0.008094133041216436
FR630000,ELUB,BARL,0.007574575292393377
FR630000,ELUB,OATS,0.007384343931758113
FR630000,ELUB,MAIZ,0.007880422748254706
FR630000,ELUB,OCER,0.007830221086085274
FR630000,ELUB,RAPE,0.007024684367203746
FR630000,ELUB,SUNF,0.006950648160944103
FR630000,ELUB,MAIF,0.01093350588888893
FR630000,ELUB,OFAR,0.003665046456570337
FR630000,ELUB,OSET,0.001775586007265322
FR630000,ELUB,FALL,0.0
FR630000,INPO,SWHE,0.06703801233663226
FR630000,INPO,DWHE,0.08030641054106723
FR630000,INPO,RYEM,0.04083819736868422
FR630000,INPO,BARL,0.06997773451141398
FR630000,INPO,OATS,0.02078634735365616
FR630000,INPO,MAIZ,0.09092955826816501
FR630000,INPO,OCER,0.0260062606031521
FR630000,INPO,RAPE,0.07083190213967192
FR630000,INPO,SUNF,0.06966895689403146
FR630000,INPO,MAIF,0.03778138265842951
FR630000,INPO,OFAR,0.08414859595270854
FR630000,INPO,OSET,0.1466059745492791
FR630000,INPO,FALL,0.0
FR710000,SEED,SWHE,0.03085426711116267
FR710000,SEED,DWHE,0.03536015476571711
FR710000,SEED,RYEM,0.03575064355090461
FR710000,SEED,BARL,0.03575858715265112
FR710000,SEED,OATS,0.01352765698616296
FR710000,SEED,MAIZ,0.04797979527902006
FR710000,SEED,OCER,0.01921391726565121
FR710000,SEED,RAPE,0.0240271853298527
FR710000,SEED,SUNF,0.02518138869919229
FR710000,SEED,SOYA,0.03685251937310677
FR710000,SEED,PULS,0.02324894359390694
FR710000,SEED,POTA,0.2519979652677403
FR710000,SEED,MAIF,0.02547400268499942
FR710000,SEED,OFAR,0.0143725968729266
FR710000,SEED,OSET,1.546477670171116e-05
FR710000,SEED,VSET,0.0
FR710000,SEED,FALL,0.0
FR710000,PLAP,SWHE,0.09707131905902086
FR710000,PLAP,DWHE,0.1063165042872761
FR710000,PLAP,RYEM,0.06813557591219216
FR710000,PLAP,BARL,0.1108240258504773
FR710000,PLAP,OATS,0.03273156170146776
FR710000,PLAP,MAIZ,0.09127720493905178
FR710000,PLAP,OCER,0.0811867090084309
FR710000,PLAP,RAPE,0.07844080723893963
FR710000,PLAP,SUNF,0.07931587784601368
FR710000,PLAP,SOYA,0.07651455466958001
FR710000,PLAP,PULS,0.0152132897549882
FR710000,PLAP,POTA,0.3824888850648369
FR710000,PLAP,MAIF,0.07426745977559626
FR710000,PLAP,OFAR,0.0160808361717696
FR710000,PLAP,OSET,7.223773082326654e-06
FR710000,PLAP,VSET,0.0
FR710000,PLAP,FALL,0.0
FR710000,FERT,SWHE,2.847793019747929
FR710000,FERT,DWHE,2.323750421230256
FR710000,FERT,RYEM,2.031150627564825
FR710000,FERT,BARL,2.34784959498315
FR710000,FERT,OATS,2.47247416721856
FR710000,FERT,MAIZ,4.034793101184095
FR710000,FERT,OCER,2.975251201014034
FR710000,FERT,RAPE,2.74500758411466
FR710000,FERT,SUNF,2.341892794936999
FR710000,FERT,SOYA,1.975584500128012
FR710000,FERT,PULS,1.520529830013716
FR710000,FERT,POTA,2.739513207179596
FR710000,FERT,MAIF,3.782891966132095
FR710000,FERT,OFAR,1.062893718277224
FR710000,FERT,OSET,0.0002974856606597981
FR710000,FERT,VSET,0.0
FR710000,FERT,FALL,0.0
FR710000,REPM,SWHE,0.03919519798426284
FR710000,REPM,DWHE,0.0415453883075792
FR710000,REPM,RYEM,0.0276417166896757
FR710000,REPM,BARL,0.03897678328210204
FR710000,REPM,OATS,0.01849621976431047
FR710000,REPM,MAIZ,0.05048537734171275
FR710000,REPM,OCER,0.0194765325763884
FR710000,REPM,RAPE,0.02672616738039849
FR710000,REPM,SUNF,0.02398201209532788
FR710000,REPM,SOYA,0.03162075109528768
FR710000,REPM,PULS,0.02634907219127049
FR710000,REPM,POTA,0.3556750227261493
FR710000,REPM,MAIF,0.03548657317381999
FR710000,REPM,OFAR,0.02434198597732478
FR710000,REPM,OSET,0.04607635530545665
FR710000,REPM,VSET,0.0349007951172973
FR710000,REPM,FALL,0.0
FR710000,REPB,SWHE,0.007500135441266194
FR710000,REPB,DWHE,0.005984181879504944
FR710000,REPB,RYEM,0.004672736998526946
FR710000,REPB,BARL,0.007354066504185655
FR710000,REPB,OATS,0.004050279794841687
FR710000,REPB,MAIZ,0.009517680570280972
FR710000,REPB,OCER,0.005215089889280328
FR710000,REPB,RAPE,0.005710620012745096
FR710000,REPB,SUNF,0.005305701451414627
FR710000,REPB,SOYA,0.003213580986986767
FR710000,REPB,PULS,0.005871308586811568
FR710000,REPB,POTA,0.0543052087662081
FR710000,REPB,MAIF,0.007877640010495063
FR710000,REPB,OFAR,0.004031959217071833
FR710000,REPB,OSET,0.003841495956537759
FR710000,REPB,VSET,0.003352128749472522
FR710000,REPB,FALL,0.0
FR710000,ELEC,SWHE,0.004737000649468633
FR710000,ELEC,DWHE,0.003392955680057672
FR710000,ELEC,RYEM,0.001004798748548381
FR710000,ELEC,BARL,0.004735193915096754
FR710000,ELEC,OATS,0.001729383145293737
FR710000,ELEC,MAIZ,0.005046499027499329
FR710000,ELEC,OCER,0.003692773570906686
FR710000,ELEC,RAPE,0.004902460126709572
FR710000,ELEC,SUNF,0.005082151312243867
FR710000,ELEC,SOYA,0.001399833047401218
FR710000,ELEC,PULS,0.003943191578464643
FR710000,ELEC,POTA,0.001822666040409889
FR710000,ELEC,MAIF,0.005003629215712947
FR710000,ELEC,OFAR,0.004354218749816176
FR710000,ELEC,OSET,0.0
FR710000,ELEC,VSET,0.0
FR710000,ELEC,FALL,0.0
FR710000,EGAS,SWHE,0.0001275391639884098
FR710000,EGAS,DWHE,0.001228514348219183
FR710000,EGAS,RYEM,0.00174655680379026
FR710000,EGAS,BARL,0.0003725885370113253
FR710000,EGAS,OATS,0.001518594614653953
FR710000,EGAS,MAIZ,0.0004136456392541836
FR710000,EGAS,OCER,0.001111516671250188
FR710000,EGAS,RAPE,0.0007100054028136502
FR710000,EGAS,SUNF,0.0007075544721930554
FR710000,EGAS,SOYA,0.001702942569479414
FR710000,EGAS,PULS,0.0
FR710000,EGAS,POTA,0.0
FR710000,EGAS,MAIF,0.0
FR710000,EGAS,OFAR,0.0
FR710000,EGAS,OSET,0.0
FR710000,EGAS,VSET,0.0
FR710000,EGAS,FALL,0.0
FR710000,EFUL,SWHE,0.03707087268046168
FR710000,EFUL,DWHE,0.03529153951988209
FR710000,EFUL,RYEM,0.03495614571014242
FR710000,EFUL,BARL,0.05447106225441943
FR710000,EFUL,OATS,0.01908765255901695
FR710000,EFUL,MAIZ,0.05697780283296566
FR710000,EFUL,OCER,0.0371492748859563
FR710000,EFUL,RAPE,0.04432676715088658
FR710000,EFUL,SUNF,0.04411804181877585
FR710000,EFUL,SOYA,0.0862247297683735
FR710000,EFUL,PULS,0.03773081109024868
FR710000,EFUL,POTA,0.08724456678811211
FR710000,EFUL,MAIF,0.06081127225070938
FR710000,EFUL,OFAR,0.01688957024071073
FR710000,EFUL,OSET,0.03655680681166289
FR710000,EFUL,VSET,0.03586273633620848
FR710000,EFUL,FALL,0.0
FR710000,ELUB,SWHE,0.00514616616749606
FR710000,ELUB,DWHE,0.008464450900736383
FR710000,ELUB,RYEM,0.008145520361221792
FR710000,ELUB,BARL,0.007889007086638793
FR710000,ELUB,OATS,0.007738856361260869
FR710000,ELUB,MAIZ,0.008410046395100802
FR710000,ELUB,OCER,0.008194846077142553
FR710000,ELUB,RAPE,0.006974026320406989
FR710000,ELUB,SUNF,0.007342073925133932
FR710000,ELUB,SOYA,0.005949450445844158
FR710000,ELUB,PULS,0.007667549074927053
FR710000,ELUB,POTA,0.01160662175034584
FR710000,ELUB,MAIF,0.01140325247580171
FR710000,ELUB,OFAR,0.002563540026178284
FR710000,ELUB,OSET,0.001775903814575094
FR710000,ELUB,VSET,0.001772804602393554
FR710000,ELUB,FALL,0.0
FR710000,INPO,SWHE,0.07090384387068896
FR710000,INPO,DWHE,0.08777066218948427
FR710000,INPO,RYEM,0.04115508102488541
FR710000,INPO,BARL,0.07498656196040368
FR710000,INPO,OATS,0.02248946434946414
FR710000,INPO,MAIZ,0.1015006837904223
FR710000,INPO,OCER,0.02806433612794582
FR710000,INPO,RAPE,0.06974238059359497
FR710000,INPO,SUNF,0.07675875289396791
FR710000,INPO,SOYA,0.04907467766358668
FR710000,INPO,PULS,0.04956257071137504
FR710000,INPO,POTA,0.7994454882524089
FR710000,INPO,MAIF,0.04047273177236944
FR710000,INPO,OFAR,0.04978463475136208
FR710000,INPO,OSET,0.1465835046997512
FR710000,INPO,VSET,0.1073599094924196
FR710000,INPO,FALL,0.0
FR720000,SEED,SWHE,0.03227340302518698
FR720000,SEED,RYEM,0.03605957792207899
FR720000,SEED,BARL,0.03542790542034735
FR720000,SEED,OATS,0.01307780305866491
FR720000,SEED,MAIZ,0.04524566483567294
FR720000,SEED,OCER,0.01760633390507163
FR720000,SEED,RAPE,0.02364417999440979
FR720000,SEED,SUNF,0.02536880181631077
FR720000,SEED,PULS,0.017491174743413
FR720000,SEED,SUGB,0.09636237619007032
FR720000,SEED,MAIF,0.0217355841310186
FR720000,SEED,OFAR,0.02300006622002121
FR720000,SEED,OSET,0.0
FR720000,SEED,VSET,0.0
FR720000,SEED,FALL,0.0
FR720000,PLAP,SWHE,0.09986759152431657
FR720000,PLAP,RYEM,0.06880516897754486
FR720000,PLAP,BARL,0.1101647517330739
FR720000,PLAP,OATS,0.03140843113447708
FR720000,PLAP,MAIZ,0.08822314332145617
FR720000,PLAP,OCER,0.07689142144913466
FR720000,PLAP,RAPE,0.07780278347266398
FR720000,PLAP,SUNF,0.07998736960048948
FR720000,PLAP,PULS,0.01299913953546337
FR720000,PLAP,SUGB,0.2684201686596299
FR720000,PLAP,MAIF,0.06726789637149558
FR720000,PLAP,OFAR,0.02110307411430539
FR720000,PLAP,OSET,0.0
FR720000,PLAP,VSET,0.0
FR720000,PLAP,FALL,0.0
FR720000,FERT,SWHE,2.925967855996558
FR720000,FERT,RYEM,1.985625690078128
FR720000,FERT,BARL,2.289448303048216
FR720000,FERT,OATS,2.179783601985968
FR720000,FERT,MAIZ,3.719004978684493
FR720000,FERT,OCER,2.68436077284416
FR720000,FERT,RAPE,2.671254643209379
FR720000,FERT,SUNF,2.358130980582648
FR720000,FERT,PULS,1.065795706121605
FR720000,FERT,SUGB,6.600647964294266
FR720000,FERT,MAIF,3.091779145033496
FR720000,FERT,OFAR,1.872694111480783
FR720000,FERT,OSET,0.0
FR720000,FERT,VSET,0.0
FR720000,FERT,FALL,0.0
FR720000,REPM,SWHE,0.03958648473245392
FR720000,REPM,RYEM,0.02785704385484214
FR720000,REPM,BARL,0.03890260707860032
FR720000,REPM,OATS,0.01816968673929157
FR720000,REPM,MAIZ,0.04969193259056857
FR720000,REPM,OCER,0.0190523748126685
FR720000,REPM,RAPE,0.02661946098855121
FR720000,REPM,SUNF,0.02399846871172069
FR720000,REPM,PULS,0.02492576717344361
FR720000,REPM,SUGB,0.110198754639361
FR720000,REPM,MAIF,0.03418368027596139
FR720000,REPM,OFAR,0.02693057287939951
FR720000,REPM,OSET,0.04608161004811861
FR720000,REPM,VSET,0.03490079548724785
FR720000,REPM,FALL,0.0
FR720000,REPB,SWHE,0.007576575933470633
FR720000,REPB,RYEM,0.004711192691694263
FR720000,REPB,BARL,0.007339014516785451
FR720000,REPB,OATS,0.003979182139297765
FR720000,REPB,MAIZ,0.00937571397913749
FR720000,REPB,OCER,0.005102495476621008
FR720000,REPB,RAPE,0.005690241535604434
FR720000,REPB,SUNF,0.005316334715409795
FR720000,REPB,PULS,0.005556081061293253
FR720000,REPB,SUGB,0.02066355204849206
FR720000,REPB,MAIF,0.007581939278769274
FR720000,REPB,OFAR,0.004462513801755405
FR720000,REPB,OSET,0.003841730137330591
FR720000,REPB,VSET,0.003352128750504326
FR720000,REPB,FALL,0.0
FR720000,ELEC,SWHE,0.004812304048122952
FR720000,ELEC,RYEM,0.00101070557724957
FR720000,ELEC,BARL,0.004720079604041428
FR720000,ELEC,OATS,0.001680960449046593
FR720000,ELEC,MAIZ,0.004941048228255246
FR720000,ELEC,OCER,0.003574641172601825
FR720000,ELEC,RAPE,0.004879634688810775
FR720000,ELEC,SUNF,0.005107589832988384
FR720000,ELEC,PULS,0.003621995529541987
FR720000,ELEC,SUGB,0.00363540737930612
FR720000,ELEC,MAIF,0.004729001126980768
FR720000,ELEC,OFAR,0.00508883878077664
FR720000,ELEC,OSET,0.0
FR720000,ELEC,VSET,0.0
FR720000,ELEC,FALL,0.0
FR720000,EGAS,SWHE,0.0001293646770277861
FR720000,EGAS,RYEM,0.001759700550196708
FR720000,EGAS,BARL,0.000371180190915262
FR720000,EGAS,OATS,0.00147852847589204
FR720000,EGAS,MAIZ,0.0004081876740490402
FR720000,EGAS,OCER,0.001075583443962475
FR720000,EGAS,RAPE,0.0007337447558839854
FR720000,EGAS,SUNF,0.0007100826453309516
FR720000,EGAS,PULS,0.0
FR720000,EGAS,SUGB,0.0
FR720000,EGAS,MAIF,0.0
FR720000,EGAS,OFAR,0.0
FR720000,EGAS,OSET,0.0
FR720000,EGAS,VSET,0.0
FR720000,EGAS,FALL,0.0
FR720000,EFUL,SWHE,0.03767277290282067
FR720000,EFUL,RYEM,0.03583492570743824
FR720000,EFUL,BARL,0.05428818439363145
FR720000,EFUL,OATS,0.01859865379786482
FR720000,EFUL,MAIZ,0.05588627987761244
FR720000,EFUL,OCER,0.035959040087406
FR720000,EFUL,RAPE,0.0441282392248904
FR720000,EFUL,SUNF,0.04437360244457211
FR720000,EFUL,PULS,0.03469379610066916
FR720000,EFUL,SUGB,0.07505879832644194
FR720000,EFUL,MAIF,0.05749905737162601
FR720000,EFUL,OFAR,0.01974850942281978
FR720000,EFUL,OSET,0.0365557636539003
FR720000,EFUL,VSET,0.03586273667637146
FR720000,EFUL,FALL,0.0
FR720000,ELUB,SWHE,0.005228421470519595
FR720000,ELUB,RYEM,0.008221814163843138
FR720000,ELUB,BARL,0.0078623015840647
FR720000,ELUB,OATS,0.007541231553327071
FR720000,ELUB,MAIZ,0.008245613337549362
FR720000,ELUB,OCER,0.007932037847625048
FR720000,ELUB,RAPE,0.00694328544892124
FR720000,ELUB,SUNF,0.007383210122551467
FR720000,ELUB,PULS,0.007047588993002035
FR720000,ELUB,SUGB,0.01063873469223058
FR720000,ELUB,MAIF,0.01076347669222873
FR720000,ELUB,OFAR,0.003111831325005057
FR720000,ELUB,OSET,0.001775585970901116
FR720000,ELUB,VSET,0.001772804649763497
FR720000,ELUB,FALL,0.0
FR720000,INPO,SWHE,0.0728553878120989
FR720000,INPO,RYEM,0.04151762891091089
FR720000,INPO,BARL,0.074592762739169
FR720000,INPO,OATS,0.02159896641685687
FR720000,INPO,MAIZ,0.09789036766455073
FR720000,INPO,OCER,0.02658036510311854
FR720000,INPO,RAPE,0.06916378503590301
FR720000,INPO,SUNF,0.0775650908939163
FR720000,INPO,PULS,0.04268694868727912
FR720000,INPO,SUGB,0.2353390154832628
FR720000,INPO,MAIF,0.03681952872657335
FR720000,INPO,OFAR,0.06533410457425831
FR720000,INPO,OSET,0.1466059737334807
FR720000,INPO,VSET,0.1073599100164099
FR720000,INPO,FALL,0.0
FR810000,SEED,SWHE,0.02227596513270729
FR810000,SEED,DWHE,0.03069086738621815
FR810000,SEED,RYEM,0.02588746907866789
FR810000,SEED,BARL,0.02739200429426471
FR810000,SEED,OATS,0.01246947417013856
FR810000,SEED,MAIZ,0.03626776912806795
FR810000,SEED,OCER,0.01627391276447651
FR810000,SEED,RAPE,0.02007742984311442
FR810000,SEED,SUNF,0.02161824271279673
FR810000,SEED,SOYA,0.03651197852629947
FR810000,SEED,PULS,0.02051669820275755
FR810000,SEED,POTA,0.2318597425034327
FR810000,SEED,MAIF,0.01938152311468627
FR810000,SEED,OFAR,0.01242343876425888
FR810000,SEED,OSET,0.0
FR810000,SEED,VSET,0.0
FR810000,SEED,FALL,0.0
FR810000,PLAP,SWHE,0.08140179898720648
FR810000,PLAP,DWHE,0.0956772598964626
FR810000,PLAP,RYEM,0.05021625700253495
FR810000,PLAP,BARL,0.09590459265622969
FR810000,PLAP,OATS,0.0312120153065825
FR810000,PLAP,MAIZ,0.07752826414372543
FR810000,PLAP,OCER,0.07504340918691968
FR810000,PLAP,RAPE,0.07066196433096271
FR810000,PLAP,SUNF,0.0720600193679539
FR810000,PLAP,SOYA,0.0761353499197866
FR810000,PLAP,PULS,0.01415974333910434
FR810000,PLAP,POTA,0.3660629907628947
FR810000,PLAP,MAIF,0.06305353574875877
FR810000,PLAP,OFAR,0.01495736729568337
FR810000,PLAP,OSET,0.0
FR810000,PLAP,VSET,0.0
FR810000,PLAP,FALL,0.0
FR810000,FERT,SWHE,1.909892847096526
FR810000,FERT,DWHE,2.014876403830273
FR810000,FERT,RYEM,1.589036770118947
FR810000,FERT,BARL,1.65180033095439
FR810000,FERT,OATS,1.942588405953239
FR810000,FERT,MAIZ,2.858963457560152
FR810000,FERT,OCER,2.452499410981035
FR810000,FERT,RAPE,2.203596426571947
FR810000,FERT,SUNF,2.008524878281513
FR810000,FERT,SOYA,2.014274570239972
FR810000,FERT,PULS,1.358610138279052
FR810000,FERT,POTA,2.601348979845698
FR810000,FERT,MAIF,2.797097612306001
FR810000,FERT,OFAR,0.9314021110170255
FR810000,FERT,OSET,0.0
FR810000,FERT,VSET,0.0
FR810000,FERT,FALL,0.0
FR810000,REPM,SWHE,0.03677729596784167
FR810000,REPM,DWHE,0.03841495088168551
FR810000,REPM,RYEM,0.0199743740292439
FR810000,REPM,BARL,0.03693958187900812
FR810000,REPM,OATS,0.01761214520550049
FR810000,REPM,MAIZ,0.04728660847659724
FR810000,REPM,OCER,0.01866567329883122
FR810000,REPM,RAPE,0.02569553529514125
FR810000,REPM,SUNF,0.02310689292928793
FR810000,REPM,SOYA,0.03156241832052899
FR810000,REPM,PULS,0.02567252959280494
FR810000,REPM,POTA,0.3503731410644519
FR810000,REPM,MAIF,0.03337168490614249
FR810000,REPM,OFAR,0.02375553719152961
FR810000,REPM,OSET,0.04608160875786481
FR810000,REPM,VSET,0.03490079420767024
FR810000,REPM,FALL,0.0
FR810000,REPB,SWHE,0.007039137980325122
FR810000,REPB,DWHE,0.005348217357921802
FR810000,REPB,RYEM,0.003406346044342435
FR810000,REPB,BARL,0.006974468888267714
FR810000,REPB,OATS,0.003857467282597867
FR810000,REPB,MAIZ,0.008923904574126784
FR810000,REPB,OCER,0.005013289558509389
FR810000,REPB,RAPE,0.00549108522822118
FR810000,REPB,SUNF,0.005110424454510822
FR810000,REPB,SOYA,0.003185713191490111
FR810000,REPB,PULS,0.005721599223232426
FR810000,REPB,POTA,0.05349472696455926
FR810000,REPB,MAIF,0.007403091171590413
FR810000,REPB,OFAR,0.003935434784510685
FR810000,REPB,OSET,0.003841730128750763
FR810000,REPB,VSET,0.003352128751424982
FR810000,REPB,FALL,0.0
FR810000,ELEC,SWHE,0.004293324727593821
FR810000,ELEC,DWHE,0.003057341488543525
FR810000,ELEC,RYEM,0.0007637596950876497
FR810000,ELEC,BARL,0.004362669676047092
FR810000,ELEC,OATS,0.001599359816415635
FR810000,ELEC,MAIZ,0.004583527794877287
FR810000,ELEC,OCER,0.00348651199308776
FR810000,ELEC,RAPE,0.004617980740132584
FR810000,ELEC,SUNF,0.004800519003136334
FR810000,ELEC,SOYA,0.001389281520643585
FR810000,ELEC,PULS,0.003790912421009653
FR810000,ELEC,POTA,0.00178152409853325
FR810000,ELEC,MAIF,0.00455717653890246
FR810000,ELEC,OFAR,0.004190590116885979
FR810000,ELEC,OSET,0.0
FR810000,ELEC,VSET,0.0
FR810000,ELEC,FALL,0.0
FR810000,EGAS,SWHE,0.0001153749474023741
FR810000,EGAS,DWHE,0.001067234997607579
FR810000,EGAS,RYEM,0.001298219762503009
FR810000,EGAS,BARL,0.0003646043115548435
FR810000,EGAS,OATS,0.001410051107905699
FR810000,EGAS,MAIZ,0.0003802004718931115
FR810000,EGAS,OCER,0.001045890053860272
FR810000,EGAS,RAPE,0.0006683506904328495
FR810000,EGAS,SUNF,0.0006686485579472859
FR810000,EGAS,SOYA,0.001689839258997849
FR810000,EGAS,PULS,0.0
FR810000,EGAS,POTA,0.0
FR810000,EGAS,MAIF,0.0
FR810000,EGAS,OFAR,0.0
FR810000,EGAS,OSET,0.0
FR810000,EGAS,VSET,0.0
FR810000,EGAS,FALL,0.0
FR810000,EFUL,SWHE,0.03361222742948129
FR810000,EFUL,DWHE,0.03844715397146192
FR810000,EFUL,RYEM,0.02481101437150865
FR810000,EFUL,BARL,0.05022605033763024
FR810000,EFUL,OATS,0.01775759923966731
FR810000,EFUL,MAIZ,0.05187947469128271
FR810000,EFUL,OCER,0.03506709600315103
FR810000,EFUL,RAPE,0.04175398162552348
FR810000,EFUL,SUNF,0.04165385502536767
FR810000,EFUL,SOYA,0.08612173530092372
FR810000,EFUL,PULS,0.03629414600292351
FR810000,EFUL,POTA,0.08511748150583018
FR810000,EFUL,MAIF,0.05540324489244886
FR810000,EFUL,OFAR,0.01625820665867455
FR810000,EFUL,OSET,0.03655576258521603
FR810000,EFUL,VSET,0.03586273795152062
FR810000,EFUL,FALL,0.0
FR810000,ELUB,SWHE,0.004664544604549577
FR810000,ELUB,DWHE,0.007769464718001474
FR810000,ELUB,RYEM,0.00595741101865356
FR810000,ELUB,BARL,0.007275579862956141
FR810000,ELUB,OATS,0.007200994384234203
FR810000,ELUB,MAIZ,0.007654974059290381
FR810000,ELUB,OCER,0.007743174749569183
FR810000,ELUB,RAPE,0.006568540497838497
FR810000,ELUB,SUNF,0.00693245646109264
FR810000,ELUB,SOYA,0.005913508304253539
FR810000,ELUB,PULS,0.007374031735779839
FR810000,ELUB,POTA,0.01132704436855522
FR810000,ELUB,MAIF,0.01037584828577108
FR810000,ELUB,OFAR,0.002470343680989322
FR810000,ELUB,OSET,0.001775585708628727
FR810000,ELUB,VSET,0.001772804494836051
FR810000,ELUB,FALL,0.0
FR810000,INPO,SWHE,0.05937638965242938
FR810000,INPO,DWHE,0.08305828394347002
FR810000,INPO,RYEM,0.02904717387253385
FR810000,INPO,BARL,0.06464350848103138
FR810000,INPO,OATS,0.02004723680671727
FR810000,INPO,MAIZ,0.08595165544723622
FR810000,INPO,OCER,0.02544589814682555
FR810000,INPO,RAPE,0.0628203009191107
FR810000,INPO,SUNF,0.06959224356196489
FR810000,INPO,SOYA,0.04877022802745906
FR810000,INPO,PULS,0.04632048925919334
FR810000,INPO,POTA,0.7648060888171955
FR810000,INPO,MAIF,0.03445741995405283
FR810000,INPO,OFAR,0.04630201368450869
FR810000,INPO,OSET,0.1466059698994848
FR810000,INPO,VSET,0.1073599118388123
FR810000,INPO,FALL,0.0
FR820000,SEED,SWHE,0.02258170542259146
FR820000,SEED,DWHE,0.02898567637121589
FR820000,SEED,BARL,0.02932289250206743
FR820000,SEED,OATS,0.01320632096115812
FR820000,SEED,MAIZ,0.048620136585534
FR820000,SEED,OCER,0.01546593006972631
FR820000,SEED,RAPE,0.01904184291717236
FR820000,SEED,SUNF,0.02559972460019334
FR820000,SEED,PULS,0.01771180043621298
FR820000,SEED,POTA,0.2812951103341111
FR820000,SEED,OFAR,0.01045815271680515
FR820000,SEED,OSET,0.0
FR820000,SEED,VSET,0.0
FR820000,SEED,FALL,0.0
FR820000,PLAP,SWHE,0.08201301336348713
FR820000,PLAP,DWHE,0.0926396250844897
FR820000,PLAP,BARL,0.09931693526845863
FR820000,PLAP,OATS,0.03013113192136397
FR820000,PLAP,MAIZ,0.09212318617628565
FR820000,PLAP,OCER,0.07278558852004263
FR820000,PLAP,RAPE,0.06932856918125105
FR820000,PLAP,SUNF,0.08024353438553773
FR820000,PLAP,PULS,0.01311829871504808
FR820000,PLAP,POTA,0.4064746756169506
FR820000,PLAP,OFAR,0.01383236596564909
FR820000,PLAP,OSET,0.0
FR820000,PLAP,VSET,0.0
FR820000,PLAP,FALL,0.0
FR820000,FERT,SWHE,1.917932075810825
FR820000,FERT,DWHE,1.853451231253683
FR820000,FERT,BARL,1.825438221633744
FR820000,FERT,OATS,2.071230562807454
FR820000,FERT,MAIZ,4.0832265878741
FR820000,FERT,OCER,2.362864359317759
FR820000,FERT,RAPE,2.107151189047488
FR820000,FERT,SUNF,2.44894893798102
FR820000,FERT,PULS,1.127953964591952
FR820000,FERT,POTA,3.341518291289516
FR820000,FERT,OFAR,0.7477038554410548
FR820000,FERT,OSET,0.0
FR820000,FERT,VSET,0.0
FR820000,FERT,FALL,0.0
FR820000,REPM,SWHE,0.03686411307228004
FR820000,REPM,DWHE,0.03794625165161989
FR820000,REPM,BARL,0.03741620840839266
FR820000,REPM,OATS,0.01786466473817638
FR820000,REPM,MAIZ,0.05062907604538649
FR820000,REPM,OCER,0.01846782390892478
FR820000,REPM,RAPE,0.02537823202441712
FR820000,REPM,SUNF,0.02407808272150588
FR820000,REPM,PULS,0.02499563017982548
FR820000,REPM,POTA,0.3635775126112725
FR820000,REPM,OFAR,0.02316402184445758
FR820000,REPM,OSET,0.04608161080103879
FR820000,REPM,VSET,0.03490079623425522
FR820000,REPM,FALL,0.0
FR820000,REPB,SWHE,0.007055880298274376
FR820000,REPB,DWHE,0.005277252125656106
FR820000,REPB,BARL,0.00706232088805819
FR820000,REPB,OATS,0.00391298908007126
FR820000,REPB,MAIZ,0.009547597497644913
FR820000,REPB,OCER,0.004956997660009753
FR820000,REPB,RAPE,0.005438537384824804
FR820000,REPB,SUNF,0.005328365596175899
FR820000,REPB,PULS,0.005569707740054262
FR820000,REPB,POTA,0.05551077311505528
FR820000,REPB,OFAR,0.003837834168169806
FR820000,REPB,OSET,0.003841730126319646
FR820000,REPB,VSET,0.003352128751552224
FR820000,REPB,FALL,0.0
FR820000,ELEC,SWHE,0.004309469750095399
FR820000,ELEC,DWHE,0.002998383289328805
FR820000,ELEC,BARL,0.004448285059231514
FR820000,ELEC,OATS,0.001637199093430144
FR820000,ELEC,MAIZ,0.005072882840993851
FR820000,ELEC,OCER,0.003424519812306891
FR820000,ELEC,RAPE,0.004572606509007291
FR820000,ELEC,SUNF,0.005117613552693627
FR820000,ELEC,PULS,0.003632303688373039
FR820000,ELEC,POTA,0.00188616735814867
FR820000,ELEC,OFAR,0.004024547800448204
FR820000,ELEC,OSET,0.0
FR820000,ELEC,VSET,0.0
FR820000,ELEC,FALL,0.0
FR820000,EGAS,SWHE,0.0001157961336445504
FR820000,EGAS,DWHE,0.001046181807600116
FR820000,EGAS,BARL,0.0003712970681896432
FR820000,EGAS,OATS,0.001441370065749319
FR820000,EGAS,MAIZ,0.000417463226836613
FR820000,EGAS,OCER,0.001028371515317157
FR820000,EGAS,RAPE,0.0006909956926443727
FR820000,EGAS,SUNF,0.0007122523072146738
FR820000,EGAS,PULS,0.0
FR820000,EGAS,POTA,0.0
FR820000,EGAS,OFAR,0.0
FR820000,EGAS,OSET,0.0
FR820000,EGAS,VSET,0.0
FR820000,EGAS,FALL,0.0
FR820000,EFUL,SWHE,0.0337401801201835
FR820000,EFUL,DWHE,0.03776510745198804
FR820000,EFUL,BARL,0.05119250969092438
FR820000,EFUL,OATS,0.01813617597134283
FR820000,EFUL,MAIZ,0.0573191330485708
FR820000,EFUL,OCER,0.03445134144749741
FR820000,EFUL,RAPE,0.04139069878401949
FR820000,EFUL,SUNF,0.04444439677276964
FR820000,EFUL,PULS,0.03475431561051628
FR820000,EFUL,POTA,0.09024353219952026
FR820000,EFUL,OFAR,0.01561480630725381
FR820000,EFUL,OSET,0.03655576240192017
FR820000,EFUL,VSET,0.03586273816944723
FR820000,EFUL,FALL,0.0
FR820000,ELUB,SWHE,0.004682300340385654
FR820000,ELUB,DWHE,0.007623719392726809
FR820000,ELUB,BARL,0.007415968710466325
FR820000,ELUB,OATS,0.007355027163510741
FR820000,ELUB,MAIZ,0.008459802775745973
FR820000,ELUB,OCER,0.007607613479922917
FR820000,ELUB,RAPE,0.006513503632737179
FR820000,ELUB,SUNF,0.007395696779534192
FR820000,ELUB,PULS,0.007062759376299649
FR820000,ELUB,POTA,0.01200842858543722
FR820000,ELUB,OFAR,0.0023729476398318
FR820000,ELUB,OSET,0.001775586123983777
FR820000,ELUB,VSET,0.00177280474019734
FR820000,ELUB,FALL,0.0
FR820000,INPO,SWHE,0.05980005144598244
FR820000,INPO,DWHE,0.08050145079342136
FR820000,INPO,BARL,0.0670364286902935
FR820000,INPO,OATS,0.02071745492043535
FR820000,INPO,MAIZ,0.1023619378366473
FR820000,INPO,OCER,0.02470011213207795
FR820000,INPO,RAPE,0.06154044850717352
FR820000,INPO,SUNF,0.07783943547892141
FR820000,INPO,PULS,0.04271497949251946
FR820000,INPO,POTA,0.8496034645430854
FR820000,INPO,OFAR,0.04277811684088126
FR820000,INPO,OSET,0.1466059759702177
FR820000,INPO,VSET,0.1073599121575383
FR820000,INPO,FALL,0.0
IR010000,SEED,SWHE,0.01592248119513212
IR010000,SEED,BARL,0.01369925266265839
IR010000,SEED,OATS,0.01871583460550032
IR010000,SEED,POTA,0.09764454161075178
IR010000,SEED,SUGB,0.04154531903863692
IR010000,SEED,MAIF,0.1060890869998887
IR010000,SEED,OFAR,0.01153595442857747
IR010000,SEED,OSET,0.02843645641933691
IR010000,SEED,VSET,0.0
IR010000,SEED,FALL,0.0
IR010000,PLAP,SWHE,0.04518945123683862
IR010000,PLAP,BARL,0.03864661129279828
IR010000,PLAP,OATS,0.04841734452732069
IR010000,PLAP,POTA,0.2859158348046333
IR010000,PLAP,SUGB,0.141883909709511
IR010000,PLAP,MAIF,0.05430992775130961
IR010000,PLAP,OFAR,0.009925874395637722
IR010000,PLAP,OSET,0.01962720417215758
IR010000,PLAP,VSET,0.0
IR010000,PLAP,FALL,0.0
IR010000,FERT,SWHE,4.134608363265699
IR010000,FERT,BARL,2.798612821110739
IR010000,FERT,OATS,4.493505563204041
IR010000,FERT,POTA,3.499237776138538
IR010000,FERT,SUGB,4.348901487937119
IR010000,FERT,MAIF,5.791772951269016
IR010000,FERT,OFAR,3.81265663108233
IR010000,FERT,OSET,0.7963253474487305
IR010000,FERT,VSET,0.0
IR010000,FERT,FALL,0.0
IR010000,REPM,SWHE,0.09819312066942669
IR010000,REPM,BARL,0.08805332747728065
IR010000,REPM,OATS,0.08469402379279456
IR010000,REPM,POTA,0.6582500777321671
IR010000,REPM,SUGB,0.1892189010983136
IR010000,REPM,MAIF,0.3753605083659372
IR010000,REPM,OFAR,0.05064204226339986
IR010000,REPM,OSET,0.0822284599919694
IR010000,REPM,VSET,0.05557103000183936
IR010000,REPM,FALL,0.0
IR010000,REPB,SWHE,0.01677988451144543
IR010000,REPB,BARL,0.01526434283648738
IR010000,REPB,OATS,0.016517287885483
IR010000,REPB,POTA,0.1124417979230854
IR010000,REPB,SUGB,0.03303499843128802
IR010000,REPB,MAIF,0.05181285983001704
IR010000,REPB,OFAR,0.006764840245187736
IR010000,REPB,OSET,0.009257408761706117
IR010000,REPB,VSET,0.007240640958829423
IR010000,REPB,FALL,0.0
IR010000,ELEC,SWHE,0.0008764400515025879
IR010000,ELEC,BARL,0.001044928283183881
IR010000,ELEC,OATS,0.001261113366847507
IR010000,ELEC,POTA,0.001118965638941593
IR010000,ELEC,SUGB,0.001104997568842065
IR010000,ELEC,MAIF,0.001064639636571428
IR010000,ELEC,OFAR,0.003234844027906294
IR010000,ELEC,OSET,0.0
IR010000,ELEC,VSET,0.0
IR010000,ELEC,FALL,0.0
IR010000,EGAS,SWHE,0.001453400035717037
IR010000,EGAS,BARL,0.001046792728852218
IR010000,EGAS,OATS,0.002150406967652856
IR010000,EGAS,POTA,0.0
IR010000,EGAS,SUGB,0.0
IR010000,EGAS,MAIF,0.0
IR010000,EGAS,OFAR,0.0
IR010000,EGAS,OSET,0.0
IR010000,EGAS,VSET,0.0
IR010000,EGAS,FALL,0.0
IR010000,EFUL,SWHE,0.01975281128766787
IR010000,EFUL,BARL,0.02199049037100875
IR010000,EFUL,OATS,0.0266255913698254
IR010000,EFUL,POTA,0.0285861523630401
IR010000,EFUL,SUGB,0.03349248314260609
IR010000,EFUL,MAIF,0.0766671453771102
IR010000,EFUL,OFAR,0.02246002521407854
IR010000,EFUL,OSET,0.03018565665623756
IR010000,EFUL,VSET,0.02822846966206051
IR010000,EFUL,FALL,0.0
IR010000,ELUB,SWHE,0.004636911334961731
IR010000,ELUB,BARL,0.004580996248698884
IR010000,ELUB,OATS,0.005360198532895598
IR010000,ELUB,POTA,0.007392607024663233
IR010000,ELUB,SUGB,0.00601218827166695
IR010000,ELUB,MAIF,0.007167055752957614
IR010000,ELUB,OFAR,0.004882019884917698
IR010000,ELUB,OSET,0.001205428388807339
IR010000,ELUB,VSET,0.001137157878699765
IR010000,ELUB,FALL,0.0
IR010000,INPO,SWHE,0.1387638835937893
IR010000,INPO,BARL,0.1300927493233602
IR010000,INPO,OATS,0.1105784588463509
IR010000,INPO,POTA,1.034241383568654
IR010000,INPO,SUGB,0.3017521004751815
IR010000,INPO,MAIF,0.440308353399407
IR010000,INPO,OFAR,0.07576275311815225
IR010000,INPO,OSET,0.06441866949128223
IR010000,INPO,VSET,0.04023606397421883
IR010000,INPO,FALL,0.0
IR020000,SEED,SWHE,0.01546162232730876
IR020000,SEED,BARL,0.01394977143409871
IR020000,SEED,OATS,0.01398477353264086
IR020000,SEED,OCER,0.04458477637130777
IR020000,SEED,RAPE,0.04558472817449596
IR020000,SEED,PULS,0.0540248509028023
IR020000,SEED,POTA,0.09140199560083404
IR020000,SEED,SUGB,0.04208834094383408
IR020000,SEED,MAIF,0.1083634728093536
IR020000,SEED,OFAR,0.01030999466653715
IR020000,SEED,OSET,0.02268730689133502
IR020000,SEED,VSET,0.0
IR020000,SEED,FALL,0.0
IR020000,PLAP,SWHE,0.04436278667440395
IR020000,PLAP,BARL,0.03908629424981456
IR020000,PLAP,OATS,0.04011129759682688
IR020000,PLAP,OCER,0.05400015933362066
IR020000,PLAP,RAPE,0.0644158914770503
IR020000,PLAP,PULS,0.01794360686568597
IR020000,PLAP,POTA,0.2743030289288105
IR020000,PLAP,SUGB,0.1427443666783402
IR020000,PLAP,MAIF,0.05526742769199103
IR020000,PLAP,OFAR,0.009252061759160643
IR020000,PLAP,OSET,0.01699087162125459
IR020000,PLAP,VSET,0.0
IR020000,PLAP,FALL,0.0
IR020000,FERT,SWHE,3.736037609154111
IR020000,FERT,BARL,2.647770384268445
IR020000,FERT,OATS,2.818454975833133
IR020000,FERT,OCER,3.481898812771483
IR020000,FERT,RAPE,2.582924164352471
IR020000,FERT,PULS,0.9300193731892765
IR020000,FERT,POTA,3.057804231505723
IR020000,FERT,SUGB,4.152469689205598
IR020000,FERT,MAIF,5.58382133173826
IR020000,FERT,OFAR,3.078010106612207
IR020000,FERT,OSET,0.5469306999164617
IR020000,FERT,VSET,0.0
IR020000,FERT,FALL,0.0
IR020000,REPM,SWHE,0.09744452305655242
IR020000,REPM,BARL,0.08845708242210833
IR020000,REPM,OATS,0.07673641743372706
IR020000,REPM,OCER,0.08391879740658044
IR020000,REPM,RAPE,0.09679669972983775
IR020000,REPM,PULS,0.1155058902138134
IR020000,REPM,POTA,0.6477841460254423
IR020000,REPM,SUGB,0.1899690598211446
IR020000,REPM,MAIF,0.3773640915485152
IR020000,REPM,OFAR,0.0492288898603602
IR020000,REPM,OSET,0.08013531148961558
IR020000,REPM,VSET,0.05557102952670194
IR020000,REPM,FALL,0.0
IR020000,REPB,SWHE,0.01665104522310653
IR020000,REPB,BARL,0.01533429754600508
IR020000,REPB,OATS,0.01507063091014817
IR020000,REPB,OCER,0.01553964643852263
IR020000,REPB,RAPE,0.0189495587835775
IR020000,REPB,PULS,0.0152610577193613
IR020000,REPB,POTA,0.1106461773125137
IR020000,REPB,SUGB,0.0331582035714229
IR020000,REPB,MAIF,0.05208824604177632
IR020000,REPB,OFAR,0.006575930382902261
IR020000,REPB,OSET,0.009027584350152603
IR020000,REPB,VSET,0.007240640974002263
IR020000,REPB,FALL,0.0
IR020000,ELEC,SWHE,0.0008666600347575875
IR020000,ELEC,BARL,0.00105205889307256
IR020000,ELEC,OATS,0.001112556212138861
IR020000,ELEC,OCER,0.001001318089813663
IR020000,ELEC,RAPE,0.001053472926735782
IR020000,ELEC,PULS,0.001228467070196491
IR020000,ELEC,POTA,0.001091716534251995
IR020000,ELEC,SUGB,0.001109831465571244
IR020000,ELEC,MAIF,0.001073539485947088
IR020000,ELEC,OFAR,0.003100156330239941
IR020000,ELEC,OSET,0.0
IR020000,ELEC,VSET,0.0
IR020000,ELEC,FALL,0.0
IR020000,EGAS,SWHE,0.001436742235901014
IR020000,EGAS,BARL,0.001053979906732631
IR020000,EGAS,OATS,0.001880913476108502
IR020000,EGAS,OCER,0.002070278415944703
IR020000,EGAS,RAPE,0.001979778252684718
IR020000,EGAS,PULS,0.0
IR020000,EGAS,POTA,0.0
IR020000,EGAS,SUGB,0.0
IR020000,EGAS,MAIF,0.0
IR020000,EGAS,OFAR,0.0
IR020000,EGAS,OSET,0.0
IR020000,EGAS,VSET,0.0
IR020000,EGAS,FALL,0.0
IR020000,EFUL,SWHE,0.01953133114935614
IR020000,EFUL,BARL,0.02214111020536716
IR020000,EFUL,OATS,0.0234880892311187
IR020000,EFUL,OCER,0.05122992632892429
IR020000,EFUL,RAPE,0.07468546028991895
IR020000,EFUL,PULS,0.1791601594995503
IR020000,EFUL,POTA,0.02791129795985015
IR020000,EFUL,SUGB,0.03364280372608314
IR020000,EFUL,MAIF,0.07739645684839164
IR020000,EFUL,OFAR,0.02152690425371339
IR020000,EFUL,OSET,0.02880163863828799
IR020000,EFUL,VSET,0.02822846814075962
IR020000,EFUL,FALL,0.0
IR020000,ELUB,SWHE,0.004584713530146923
IR020000,ELUB,BARL,0.004612310196830631
IR020000,ELUB,OATS,0.004728606689719321
IR020000,ELUB,OCER,0.005418989103357849
IR020000,ELUB,RAPE,0.004758377617875825
IR020000,ELUB,PULS,0.006122952516238903
IR020000,ELUB,POTA,0.007210406697179018
IR020000,ELUB,SUGB,0.006039221116573054
IR020000,ELUB,MAIF,0.007222574928843234
IR020000,ELUB,OFAR,0.004678973483760123
IR020000,ELUB,OSET,0.001177654391829005
IR020000,ELUB,VSET,0.001137157881824607
IR020000,ELUB,FALL,0.0
IR020000,INPO,SWHE,0.1361412087806407
IR020000,INPO,BARL,0.1315879007514459
IR020000,INPO,OATS,0.0893025418460009
IR020000,INPO,OCER,0.06745272302560334
IR020000,INPO,RAPE,0.07300263921777252
IR020000,INPO,PULS,0.08366098904997828
IR020000,INPO,POTA,0.9933960263874804
IR020000,INPO,SUGB,0.3043369766432063
IR020000,INPO,MAIF,0.4456912436525916
IR020000,INPO,OFAR,0.0705954788867357
IR020000,INPO,OSET,0.05961263504217634
IR020000,INPO,VSET,0.04023606520415866
IR020000,INPO,FALL,0.0
IT110000,SEED,SWHE,0.008178838547913141
IT110000,SEED,BARL,0.00786724307271487
IT110000,SEED,OATS,0.01084512558002544
IT110000,SEED,MAIZ,0.04156163350017761
IT110000,SEED,RAPE,0.04238465016879064
IT110000,SEED,SUNF,0.06416977746062406
IT110000,SEED,SOYA,0.06013792927691592
IT110000,SEED,PULS,0.0201164692989147
IT110000,SEED,POTA,0.2063772474518147
IT110000,SEED,SUGB,0.01946807854670343
IT110000,SEED,MAIF,0.04263758321667903
IT110000,SEED,OFAR,0.01292591572754388
IT110000,SEED,OSET,0.003844103169640741
IT110000,SEED,VSET,0.0
IT110000,SEED,FALL,0.0
IT110000,PLAP,SWHE,0.01231508363311256
IT110000,PLAP,BARL,0.0126901682953915
IT110000,PLAP,OATS,0.01498767061186908
IT110000,PLAP,MAIZ,0.04708592269708591
IT110000,PLAP,RAPE,0.0323019358751632
IT110000,PLAP,SUNF,0.05036964414112347
IT110000,PLAP,SOYA,0.05079957311469756
IT110000,PLAP,PULS,0.008933550130749434
IT110000,PLAP,POTA,0.3171708205059105
IT110000,PLAP,SUGB,0.09704539270966421
IT110000,PLAP,MAIF,0.04207506698104544
IT110000,PLAP,OFAR,0.0111050414595869
IT110000,PLAP,OSET,0.001871582956358271
IT110000,PLAP,VSET,0.0
IT110000,PLAP,FALL,0.0
IT110000,FERT,SWHE,1.950430644700181
IT110000,FERT,BARL,2.000301602579253
IT110000,FERT,OATS,1.394373611629597
IT110000,FERT,MAIZ,3.805412205012251
IT110000,FERT,RAPE,2.425794886613285
IT110000,FERT,SUNF,2.939758558039551
IT110000,FERT,SOYA,1.690419393532768
IT110000,FERT,PULS,0.4565648333165542
IT110000,FERT,POTA,3.53138596924542
IT110000,FERT,SUGB,5.098822430479538
IT110000,FERT,MAIF,4.29639853760643
IT110000,FERT,OFAR,0.9712146455035292
IT110000,FERT,OSET,0.04704582344866195
IT110000,FERT,VSET,0.0
IT110000,FERT,FALL,0.0
IT110000,REPM,SWHE,0.008774553055715962
IT110000,REPM,BARL,0.007505762441736175
IT110000,REPM,OATS,0.005115826637733046
IT110000,REPM,MAIZ,0.02668869013644777
IT110000,REPM,RAPE,0.007635661964114828
IT110000,REPM,SUNF,0.01413522432790325
IT110000,REPM,SOYA,0.01801105508799088
IT110000,REPM,PULS,0.01735585579452977
IT110000,REPM,POTA,0.1279869958206445
IT110000,REPM,SUGB,0.02841620338607108
IT110000,REPM,MAIF,0.0211598438095834
IT110000,REPM,OFAR,0.007488065400611536
IT110000,REPM,OSET,0.004097868770855002
IT110000,REPM,VSET,0.003680493195757681
IT110000,REPM,FALL,0.0
IT110000,REPB,SWHE,0.005449274491711653
IT110000,REPB,BARL,0.004523825223757957
IT110000,REPB,OATS,0.0030040881465726
IT110000,REPB,MAIZ,0.0120380523847914
IT110000,REPB,RAPE,0.002711516414861339
IT110000,REPB,SUNF,0.004950331962322378
IT110000,REPB,SOYA,0.006088082939710989
IT110000,REPB,PULS,0.007384921053540367
IT110000,REPB,POTA,0.04178420592763026
IT110000,REPB,SUGB,0.01417685286511906
IT110000,REPB,MAIF,0.00854730480598307
IT110000,REPB,OFAR,0.003246947090870202
IT110000,REPB,OSET,0.001776495380246965
IT110000,REPB,VSET,0.001586385768788403
IT110000,REPB,FALL,0.0
IT110000,ELEC,SWHE,0.005692285142911098
IT110000,ELEC,BARL,0.006405859247520317
IT110000,ELEC,OATS,0.002808612417961421
IT110000,ELEC,MAIZ,0.005483759487981541
IT110000,ELEC,RAPE,0.002150201376572642
IT110000,ELEC,SUNF,0.004932344128174376
IT110000,ELEC,SOYA,0.00391722424957466
IT110000,ELEC,PULS,0.001337648607192068
IT110000,ELEC,POTA,0.002518892300279945
IT110000,ELEC,SUGB,0.004727512299590663
IT110000,ELEC,MAIF,0.005312508584816453
IT110000,ELEC,OFAR,0.00492983534681189
IT110000,ELEC,OSET,0.0
IT110000,ELEC,VSET,0.0
IT110000,ELEC,FALL,0.0
IT110000,EGAS,SWHE,4.746379350713565e-05
IT110000,EGAS,BARL,4.195271733753133e-05
IT110000,EGAS,OATS,0.0001841149848234463
IT110000,EGAS,MAIZ,3.555115337484856e-05
IT110000,EGAS,RAPE,0.001203012332558138
IT110000,EGAS,SUNF,0.0001105424178247113
IT110000,EGAS,SOYA,8.346647529667824e-05
IT110000,EGAS,PULS,0.0
IT110000,EGAS,POTA,0.0
IT110000,EGAS,SUGB,0.0
IT110000,EGAS,MAIF,0.0
IT110000,EGAS,OFAR,0.0
IT110000,EGAS,OSET,0.0
IT110000,EGAS,VSET,0.0
IT110000,EGAS,FALL,0.0
IT110000,EFUL,SWHE,0.02349770367799196
IT110000,EFUL,BARL,0.01769540496614858
IT110000,EFUL,OATS,0.06791496642028999
IT110000,EFUL,MAIZ,0.02367294218307086
IT110000,EFUL,RAPE,0.2508155794794689
IT110000,EFUL,SUNF,0.1679555437719628
IT110000,EFUL,SOYA,0.1337931548141081
IT110000,EFUL,PULS,0.03710290702241534
IT110000,EFUL,POTA,0.04850183922958246
IT110000,EFUL,SUGB,0.02740786610566588
IT110000,EFUL,MAIF,0.1026250233563266
IT110000,EFUL,OFAR,0.01555351056722015
IT110000,EFUL,OSET,0.011211683178755
IT110000,EFUL,VSET,0.01320108132479055
IT110000,EFUL,FALL,0.0
IT110000,ELUB,SWHE,0.004498445699006133
IT110000,ELUB,BARL,0.004765805778712958
IT110000,ELUB,OATS,0.003890438419390792
IT110000,ELUB,MAIZ,0.004714191804218364
IT110000,ELUB,RAPE,0.005986609071100759
IT110000,ELUB,SUNF,0.00537239866373493
IT110000,ELUB,SOYA,0.004216838619510011
IT110000,ELUB,PULS,0.004196755087837052
IT110000,ELUB,POTA,0.00876663758400186
IT110000,ELUB,SUGB,0.005906110205727862
IT110000,ELUB,MAIF,0.006696964353331412
IT110000,ELUB,OFAR,0.003873316135571978
IT110000,ELUB,OSET,0.0008494924087711438
IT110000,ELUB,VSET,0.0008876068199437769
IT110000,ELUB,FALL,0.0
IT110000,INPO,SWHE,0.03224531313442287
IT110000,INPO,BARL,0.01554971427349209
IT110000,INPO,OATS,0.03291335022895119
IT110000,INPO,MAIZ,0.05839958410475479
IT110000,INPO,RAPE,0.06703191893302061
IT110000,INPO,SUNF,0.1446872960539751
IT110000,INPO,SOYA,0.1655813056583563
IT110000,INPO,PULS,0.05145638282042987
IT110000,INPO,POTA,0.604775357546906
IT110000,INPO,SUGB,0.02357896531551521
IT110000,INPO,MAIF,0.1444028811594948
IT110000,INPO,OFAR,0.03034197118572217
IT110000,INPO,OSET,0.01415673523879745
IT110000,INPO,VSET,0.01045130680184937
IT110000,INPO,FALL,0.0
IT200000,SEED,SWHE,0.01699043721084222
IT200000,SEED,DWHE,0.05000587142607475
IT200000,SEED,BARL,0.01028258150503141
IT200000,SEED,OATS,0.006425261700311613
IT200000,SEED,MAIZ,0.03690009049545417
IT200000,SEED,RAPE,0.0269358702887316
IT200000,SEED,SUNF,0.06627463664111559
IT200000,SEED,SOYA,0.07884107383716213
IT200000,SEED,POTA,0.218833206302503
IT200000,SEED,SUGB,0.02542933084692973
IT200000,SEED,MAIF,0.04656992580356854
IT200000,SEED,OFAR,0.01229017182685281
IT200000,SEED,OSET,0.002885752591181387
IT200000,SEED,VSET,0.0
IT200000,SEED,FALL,0.0
IT200000,PLAP,SWHE,0.02229296910434155
IT200000,PLAP,DWHE,0.04501587917416668
IT200000,PLAP,BARL,0.01661583514112176
IT200000,PLAP,OATS,0.01078368089243139
IT200000,PLAP,MAIZ,0.05072890973770258
IT200000,PLAP,RAPE,0.02551000286378512
IT200000,PLAP,SUNF,0.04396989533125009
IT200000,PLAP,SOYA,0.06031258614345089
IT200000,PLAP,POTA,0.276087715728384
IT200000,PLAP,SUGB,0.1067353984463041
IT200000,PLAP,MAIF,0.04496094234082481
IT200000,PLAP,OFAR,0.01005044841607831
IT200000,PLAP,OSET,0.001366487067851792
IT200000,PLAP,VSET,0.0
IT200000,PLAP,FALL,0.0
IT200000,FERT,SWHE,2.158733603462346
IT200000,FERT,DWHE,2.283610429879486
IT200000,FERT,BARL,2.020920591193404
IT200000,FERT,OATS,1.816428859872457
IT200000,FERT,MAIZ,4.01709701940571
IT200000,FERT,RAPE,1.586510494484462
IT200000,FERT,SUNF,2.504147113857912
IT200000,FERT,SOYA,2.205667223246918
IT200000,FERT,POTA,2.625772744548492
IT200000,FERT,SUGB,4.452396683254705
IT200000,FERT,MAIF,4.33195532151017
IT200000,FERT,OFAR,0.9260135524156263
IT200000,FERT,OSET,0.03489926528043519
IT200000,FERT,VSET,0.0
IT200000,FERT,FALL,0.0
IT200000,REPM,SWHE,0.008556527936196962
IT200000,REPM,DWHE,0.01292205837998732
IT200000,REPM,BARL,0.006769170084339502
IT200000,REPM,OATS,0.004361988183667021
IT200000,REPM,MAIZ,0.02733323381549418
IT200000,REPM,RAPE,0.006345105883822267
IT200000,REPM,SUNF,0.0129929927719211
IT200000,REPM,SOYA,0.01881770767915288
IT200000,REPM,POTA,0.1192299638662324
IT200000,REPM,SUGB,0.02722527527403371
IT200000,REPM,MAIF,0.02140306627158434
IT200000,REPM,OFAR,0.007458735822259028
IT200000,REPM,OSET,0.003980303108074264
IT200000,REPM,VSET,0.003680492806909305
IT200000,REPM,FALL,0.0
IT200000,REPB,SWHE,0.005198983122701547
IT200000,REPB,DWHE,0.004644870007840085
IT200000,REPB,BARL,0.004220606759570564
IT200000,REPB,OATS,0.003020396442418098
IT200000,REPB,MAIZ,0.01271883673120942
IT200000,REPB,RAPE,0.002210646193389927
IT200000,REPB,SUNF,0.004492486983125011
IT200000,REPB,SOYA,0.006265876706040815
IT200000,REPB,POTA,0.04954480758265489
IT200000,REPB,SUGB,0.01354898506877785
IT200000,REPB,MAIF,0.008791687330840734
IT200000,REPB,OFAR,0.003237879583821444
IT200000,REPB,OSET,0.001744868483647918
IT200000,REPB,VSET,0.001586385881786781
IT200000,REPB,FALL,0.0
IT200000,ELEC,SWHE,0.005314117756885685
IT200000,ELEC,DWHE,0.006653979461988009
IT200000,ELEC,BARL,0.005650902193891185
IT200000,ELEC,OATS,0.002814004684350676
IT200000,ELEC,MAIZ,0.005349830261616397
IT200000,ELEC,RAPE,0.001721686585661755
IT200000,ELEC,SUNF,0.00428673862940179
IT200000,ELEC,SOYA,0.004032363456535895
IT200000,ELEC,POTA,0.001836475157725805
IT200000,ELEC,SUGB,0.004264776100746953
IT200000,ELEC,MAIF,0.005121075234220422
IT200000,ELEC,OFAR,0.004872381914722224
IT200000,ELEC,OSET,0.0
IT200000,ELEC,VSET,0.0
IT200000,ELEC,FALL,0.0
IT200000,EGAS,SWHE,8.230699457191921e-05
IT200000,EGAS,DWHE,0.000111223257580556
IT200000,EGAS,BARL,6.544155559668614e-05
IT200000,EGAS,OATS,0.000142498148659173
IT200000,EGAS,MAIZ,3.353693981960593e-05
IT200000,EGAS,RAPE,0.001094376852310728
IT200000,EGAS,SUNF,0.0002384694693522169
IT200000,EGAS,SOYA,8.903633503865645e-05
IT200000,EGAS,POTA,0.0
IT200000,EGAS,SUGB,0.0
IT200000,EGAS,MAIF,0.0
IT200000,EGAS,OFAR,0.0
IT200000,EGAS,OSET,0.0
IT200000,EGAS,VSET,0.0
IT200000,EGAS,FALL,0.0
IT200000,EFUL,SWHE,0.03846375907220728
IT200000,EFUL,DWHE,0.1123618557702245
IT200000,EFUL,BARL,0.04366849988722764
IT200000,EFUL,OATS,0.05725718474422394
IT200000,EFUL,MAIZ,0.04035308307971404
IT200000,EFUL,RAPE,0.2379902425173348
IT200000,EFUL,SUNF,0.1620826179087017
IT200000,EFUL,SOYA,0.1489940419763826
IT200000,EFUL,POTA,0.05444597118625732
IT200000,EFUL,SUGB,0.02694992894795367
IT200000,EFUL,MAIF,0.1063933694023825
IT200000,EFUL,OFAR,0.01537479036870537
IT200000,EFUL,OSET,0.01081133105903126
IT200000,EFUL,VSET,0.01320108167051295
IT200000,EFUL,FALL,0.0
IT200000,ELUB,SWHE,0.004318118753040169
IT200000,ELUB,DWHE,0.00664323933791434
IT200000,ELUB,BARL,0.004652733901143813
IT200000,ELUB,OATS,0.003830117686027463
IT200000,ELUB,MAIZ,0.005019784613446605
IT200000,ELUB,RAPE,0.00534071224778823
IT200000,ELUB,SUNF,0.005217414341008021
IT200000,ELUB,SOYA,0.004734929196030687
IT200000,ELUB,POTA,0.008385892783860323
IT200000,ELUB,SUGB,0.00570354572984332
IT200000,ELUB,MAIF,0.006926465294506641
IT200000,ELUB,OFAR,0.003790520918779136
IT200000,ELUB,OSET,0.0008454784007043446
IT200000,ELUB,VSET,0.0008876070053858002
IT200000,ELUB,FALL,0.0
IT200000,INPO,SWHE,0.04165774787116619
IT200000,INPO,DWHE,0.1873196542681017
IT200000,INPO,BARL,0.04274163018627691
IT200000,INPO,OATS,0.01900472359764289
IT200000,INPO,MAIZ,0.05369058494070467
IT200000,INPO,RAPE,0.05485724026329027
IT200000,INPO,SUNF,0.1384971288324215
IT200000,INPO,SOYA,0.1977881877671576
IT200000,INPO,POTA,0.5434420686748878
IT200000,INPO,SUGB,0.03206229183832697
IT200000,INPO,MAIF,0.1544164870343532
IT200000,INPO,OFAR,0.02896856354237601
IT200000,INPO,OSET,0.01252579610703852
IT200000,INPO,VSET,0.01045130681052222
IT200000,INPO,FALL,0.0
IT310000,SEED,DWHE,0.01981671163122794
IT310000,SEED,OATS,0.006285198294907133
IT310000,SEED,OCER,0.03154876131567928
IT310000,SEED,PULS,0.01311463331643061
IT310000,SEED,POTA,0.2618771939056924
IT310000,SEED,MAIF,0.04497006345502971
IT310000,SEED,OFAR,0.009977168952679867
IT310000,SEED,VSET,0.0
IT310000,SEED,FALL,0.0
IT310000,PLAP,DWHE,0.01222789998500427
IT310000,PLAP,OATS,0.009274606260916375
IT310000,PLAP,OCER,0.0242223601866829
IT310000,PLAP,PULS,0.005649221401804107
IT310000,PLAP,POTA,0.2739618131414933
IT310000,PLAP,MAIF,0.04163195116993945
IT310000,PLAP,OFAR,0.006045373096555555
IT310000,PLAP,VSET,0.0
IT310000,PLAP,FALL,0.0
IT310000,FERT,DWHE,0.7544669640223309
IT310000,FERT,OATS,1.76808575992482
IT310000,FERT,OCER,2.611693805871456
IT310000,FERT,PULS,0.3797451231934155
IT310000,FERT,POTA,2.580133808557771
IT310000,FERT,MAIF,4.087078897289492
IT310000,FERT,OFAR,0.6212366396116067
IT310000,FERT,VSET,0.0
IT310000,FERT,FALL,0.0
IT310000,REPM,DWHE,0.009822669056833109
IT310000,REPM,OATS,0.004240859370483405
IT310000,REPM,OCER,0.01114694785485067
IT310000,REPM,PULS,0.01651794877403738
IT310000,REPM,POTA,0.1222389494940396
IT310000,REPM,MAIF,0.02145326672061856
IT310000,REPM,OFAR,0.007127640238227309
IT310000,REPM,FALL,0.0
IT310000,REPB,DWHE,0.003611835890696829
IT310000,REPB,OATS,0.003045803729103084
IT310000,REPB,OCER,0.004556280055029907
IT310000,REPB,PULS,0.007296552040208374
IT310000,REPB,POTA,0.05259436390501033
IT310000,REPB,MAIF,0.008873006333479051
IT310000,REPB,OFAR,0.003195005018361161
IT310000,REPB,FALL,0.0
IT310000,ELEC,DWHE,0.004450173849296386
IT310000,ELEC,OATS,0.003036591207729795
IT310000,ELEC,OCER,0.001399875026368399
IT310000,ELEC,PULS,0.001284996561507666
IT310000,ELEC,POTA,0.002120948341442057
IT310000,ELEC,MAIF,0.005053515290201122
IT310000,ELEC,OFAR,0.004591497590714776
IT310000,ELEC,VSET,0.0
IT310000,ELEC,FALL,0.0
IT310000,EGAS,DWHE,7.202059843959999e-05
IT310000,EGAS,OATS,0.0001796092592365724
IT310000,EGAS,OCER,0.0004383252388337559
IT310000,EGAS,PULS,0.0
IT310000,EGAS,POTA,0.0
IT310000,EGAS,MAIF,0.0
IT310000,EGAS,OFAR,0.0
IT310000,EGAS,VSET,0.0
IT310000,EGAS,FALL,0.0
IT310000,EFUL,DWHE,0.06837897802743034
IT310000,EFUL,OATS,0.04647693787621519
IT310000,EFUL,OCER,0.1627859037447975
IT310000,EFUL,PULS,0.03811833456247648
IT310000,EFUL,POTA,0.1036130154467492
IT310000,EFUL,MAIF,0.1062733276719341
IT310000,EFUL,OFAR,0.01448836680611095
IT310000,EFUL,FALL,0.0
IT310000,ELUB,DWHE,0.004363040168393045
IT310000,ELUB,OATS,0.004065919573031989
IT310000,ELUB,OCER,0.00461924009553294
IT310000,ELUB,PULS,0.003465636656366009
IT310000,ELUB,POTA,0.008099066806630237
IT310000,ELUB,MAIF,0.006663078848443815
IT310000,ELUB,OFAR,0.00341367739606896
IT310000,ELUB,FALL,0.0
IT310000,INPO,DWHE,0.09256350840704669
IT310000,INPO,OATS,0.02095330215858104
IT310000,INPO,OCER,0.0659094116680562
IT310000,INPO,PULS,0.04003482231843299
IT310000,INPO,POTA,0.789239567862057
IT310000,INPO,MAIF,0.1429975795745978
IT310000,INPO,OFAR,0.02644139869896356
IT310000,INPO,FALL,0.0
IT320000,SEED,SWHE,0.0173090306180825
IT320000,SEED,DWHE,0.04705791146037443
IT320000,SEED,BARL,0.01031968723780256
IT320000,SEED,OATS,0.009874304194582286
IT320000,SEED,MAIZ,0.03470973349365478
IT320000,SEED,OCER,0.07652489040076318
IT320000,SEED,SUNF,0.06215446505204726
IT320000,SEED,SOYA,0.07854678243486533
IT320000,SEED,POTA,0.2456991018279163
IT320000,SEED,SUGB,0.02521334845196158
IT320000,SEED,MAIF,0.04444790203358071
IT320000,SEED,OFAR,0.009761239176419382
IT320000,SEED,OSET,0.0031959946282872
IT320000,SEED,VSET,0.0
IT320000,SEED,FALL,0.0
IT320000,PLAP,SWHE,0.0225664664935005
IT320000,PLAP,DWHE,0.04322251646276763
IT320000,PLAP,BARL,0.01665554888013188
IT320000,PLAP,OATS,0.0177091088414222
IT320000,PLAP,MAIZ,0.04870672499977066
IT320000,PLAP,OCER,0.05525055887983987
IT320000,PLAP,SUNF,0.0420948990394493
IT320000,PLAP,SOYA,0.06017933391440945
IT320000,PLAP,POTA,0.2991068184044847
IT320000,PLAP,SUGB,0.106037268145213
IT320000,PLAP,MAIF,0.04362309830678817
IT320000,PLAP,OFAR,0.009394661599479031
IT320000,PLAP,OSET,0.001511841843664933
IT320000,PLAP,VSET,0.0
IT320000,PLAP,FALL,0.0
IT320000,FERT,SWHE,2.118184079678725
IT320000,FERT,DWHE,2.072137870486162
IT320000,FERT,BARL,1.919380208924144
IT320000,FERT,OATS,2.702040395322869
IT320000,FERT,MAIZ,3.646541614435248
IT320000,FERT,OCER,4.681778596962451
IT320000,FERT,SUNF,2.226040620721667
IT320000,FERT,SOYA,2.008891723757703
IT320000,FERT,POTA,2.862135282865351
IT320000,FERT,SUGB,4.294493320752623
IT320000,FERT,MAIF,3.953863804218005
IT320000,FERT,OFAR,0.6006484309737045
IT320000,FERT,OSET,0.02990917787983538
IT320000,FERT,VSET,0.0
IT320000,FERT,FALL,0.0
IT320000,REPM,SWHE,0.008598465518938184
IT320000,REPM,DWHE,0.01264118793554583
IT320000,REPM,BARL,0.006781173153575197
IT320000,REPM,OATS,0.007584058240941704
IT320000,REPM,MAIZ,0.02686717169236933
IT320000,REPM,OCER,0.0142634044108307
IT320000,REPM,SUNF,0.01274804660884351
IT320000,REPM,SOYA,0.01879794688209374
IT320000,REPM,POTA,0.1235447928681124
IT320000,REPM,SUGB,0.0272044729251633
IT320000,REPM,MAIF,0.02114773658243593
IT320000,REPM,OFAR,0.007043381123845798
IT320000,REPM,OSET,0.004027338325715153
IT320000,REPM,VSET,0.003680496494868341
IT320000,REPM,FALL,0.0
IT320000,REPB,SWHE,0.00522461143111874
IT320000,REPB,DWHE,0.004544016642247953
IT320000,REPB,BARL,0.004227105167466464
IT320000,REPB,OATS,0.003894589703404792
IT320000,REPB,MAIZ,0.01249696273707433
IT320000,REPB,OCER,0.005808424483002913
IT320000,REPB,SUNF,0.004408995345045801
IT320000,REPB,SOYA,0.006258829910244188
IT320000,REPB,POTA,0.05133636152291872
IT320000,REPB,SUGB,0.01354127268125532
IT320000,REPB,MAIF,0.0086879954984709
IT320000,REPB,OFAR,0.003054884611159396
IT320000,REPB,OSET,0.001758446860692085
IT320000,REPB,VSET,0.001586386252987899
IT320000,REPB,FALL,0.0
IT320000,ELEC,SWHE,0.00535299053040823
IT320000,ELEC,DWHE,0.006454397371830248
IT320000,ELEC,BARL,0.005666547319984394
IT320000,ELEC,OATS,0.004651481605873598
IT320000,ELEC,MAIZ,0.005206014217021212
IT320000,ELEC,OCER,0.001977181249455302
IT320000,ELEC,SUNF,0.004172728993786925
IT320000,ELEC,SOYA,0.004025815141122759
IT320000,ELEC,POTA,0.001931303364884514
IT320000,ELEC,SUGB,0.004264128297061565
IT320000,ELEC,MAIF,0.00504011019710519
IT320000,ELEC,OFAR,0.004485710171152783
IT320000,ELEC,OSET,0.0
IT320000,ELEC,VSET,0.0
IT320000,ELEC,FALL,0.0
IT320000,EGAS,SWHE,8.294391395926882e-05
IT320000,EGAS,DWHE,0.0001085318482709321
IT320000,EGAS,BARL,6.55865910583215e-05
IT320000,EGAS,OATS,0.000308807622475567
IT320000,EGAS,MAIZ,3.260064892645415e-05
IT320000,EGAS,OCER,0.0009715598248064778
IT320000,EGAS,SUNF,0.0002307196810751228
IT320000,EGAS,SOYA,9.201054437942145e-05
IT320000,EGAS,POTA,0.0
IT320000,EGAS,SUGB,0.0
IT320000,EGAS,MAIF,0.0
IT320000,EGAS,OFAR,0.0
IT320000,EGAS,OSET,0.0
IT320000,EGAS,VSET,0.0
IT320000,EGAS,FALL,0.0
IT320000,EFUL,SWHE,0.03876100845548223
IT320000,EFUL,DWHE,0.1088881759290592
IT320000,EFUL,BARL,0.04372739324685063
IT320000,EFUL,OATS,0.05881764922538163
IT320000,EFUL,MAIZ,0.03933903414018762
IT320000,EFUL,OCER,0.2942298296606344
IT320000,EFUL,SUNF,0.1573622642373035
IT320000,EFUL,SOYA,0.1487852717895965
IT320000,EFUL,POTA,0.05735006153168182
IT320000,EFUL,SUGB,0.02684086201246653
IT320000,EFUL,MAIF,0.1044798149781378
IT320000,EFUL,OFAR,0.01415211557328074
IT320000,EFUL,OSET,0.0109171075534183
IT320000,EFUL,VSET,0.01320108113980582
IT320000,EFUL,FALL,0.0
IT320000,ELUB,SWHE,0.004349888842244151
IT320000,ELUB,DWHE,0.006449874461347375
IT320000,ELUB,BARL,0.004664470217922918
IT320000,ELUB,OATS,0.005394104821868164
IT320000,ELUB,MAIZ,0.004891420361088064
IT320000,ELUB,OCER,0.00631001554167738
IT320000,ELUB,SUNF,0.005071051383298972
IT320000,ELUB,SOYA,0.004728312274640834
IT320000,ELUB,POTA,0.008829408224779492
IT320000,ELUB,SUGB,0.005692117302132878
IT320000,ELUB,MAIF,0.00680637490683342
IT320000,ELUB,OFAR,0.003526779720908582
IT320000,ELUB,OSET,0.0008461785331551032
IT320000,ELUB,VSET,0.0008876062050580028
IT320000,ELUB,FALL,0.0
IT320000,INPO,SWHE,0.04217824923356728
IT320000,INPO,DWHE,0.1794085379105755
IT320000,INPO,BARL,0.04278884093624379
IT320000,INPO,OATS,0.03004644856868903
IT320000,INPO,MAIZ,0.05159928765679674
IT320000,INPO,OCER,0.1507364551141546
IT320000,INPO,SUNF,0.1323960911762052
IT320000,INPO,SOYA,0.1973463353849676
IT320000,INPO,POTA,0.5889051981647254
IT320000,INPO,SUGB,0.03042983409191783
IT320000,INPO,MAIF,0.1497964299653513
IT320000,INPO,OFAR,0.02566935205474017
IT320000,INPO,OSET,0.01310405526515038
IT320000,INPO,VSET,0.0104513150718364
IT320000,INPO,FALL,0.0
IT330000,SEED,SWHE,0.01349553089818644
IT330000,SEED,DWHE,0.04934992083401709
IT330000,SEED,BARL,0.008932372142867743
IT330000,SEED,OATS,0.003743204395190171
IT330000,SEED,MAIZ,0.03582450895179708
IT330000,SEED,SUNF,0.05703186141848587
IT330000,SEED,SOYA,0.06777524810211447
IT330000,SEED,POTA,0.1920583257203944
IT330000,SEED,SUGB,0.02530063156095562
IT330000,SEED,MAIF,0.03997077140153137
IT330000,SEED,OFAR,0.006633134575415073
IT330000,SEED,OSET,0.004801143782875349
IT330000,SEED,VSET,0.0
IT330000,SEED,FALL,0.0
IT330000,PLAP,SWHE,0.02053999470989992
IT330000,PLAP,DWHE,0.04459492602280665
IT330000,PLAP,BARL,0.01510614123046871
IT330000,PLAP,OATS,0.01065500671546722
IT330000,PLAP,MAIZ,0.04588643664285985
IT330000,PLAP,SUNF,0.03976918927825451
IT330000,PLAP,SOYA,0.05494135059881085
IT330000,PLAP,POTA,0.2534990193798077
IT330000,PLAP,SUGB,0.1063014669249293
IT330000,PLAP,MAIF,0.0408714393235149
IT330000,PLAP,OFAR,0.007410250538889399
IT330000,PLAP,OSET,0.002210359424957932
IT330000,PLAP,VSET,0.0
IT330000,PLAP,FALL,0.0
IT330000,FERT,SWHE,1.779391400281399
IT330000,FERT,DWHE,2.155330490036345
IT330000,FERT,BARL,1.611570708517213
IT330000,FERT,OATS,0.9978995563873825
IT330000,FERT,MAIZ,3.221345567323421
IT330000,FERT,SUNF,2.006863202153741
IT330000,FERT,SOYA,1.657689043928426
IT330000,FERT,POTA,2.130950683177061
IT330000,FERT,SUGB,4.277558405914474
IT330000,FERT,MAIF,3.437843697936396
IT330000,FERT,OFAR,0.3818627781139249
IT330000,FERT,OSET,0.03949197402268118
IT330000,FERT,VSET,0.0
IT330000,FERT,FALL,0.0
IT330000,REPM,SWHE,0.008296716261431624
IT330000,REPM,DWHE,0.01286136198448837
IT330000,REPM,BARL,0.006493257491130158
IT330000,REPM,OATS,0.004271638379961309
IT330000,REPM,MAIZ,0.02621926629320202
IT330000,REPM,SUNF,0.01243550816542977
IT330000,REPM,SOYA,0.01811046765528908
IT330000,REPM,POTA,0.1149045357669751
IT330000,REPM,SUGB,0.02722155245588243
IT330000,REPM,MAIF,0.0206014532904748
IT330000,REPM,OFAR,0.006614095875523225
IT330000,REPM,OSET,0.004272416570464733
IT330000,REPM,VSET,0.003680493211542283
IT330000,REPM,FALL,0.0
IT330000,REPB,SWHE,0.005038634612296542
IT330000,REPB,DWHE,0.004623304833475055
IT330000,REPB,BARL,0.004048363948957989
IT330000,REPB,OATS,0.002848757158385529
IT330000,REPB,MAIZ,0.01219449567253341
IT330000,REPB,SUNF,0.004301000696057969
IT330000,REPB,SOYA,0.006026895538121841
IT330000,REPB,POTA,0.04774265016232936
IT330000,REPB,SUGB,0.01354911500483897
IT330000,REPB,MAIF,0.008462807906149717
IT330000,REPB,OFAR,0.002867213869340448
IT330000,REPB,OSET,0.001829350083454551
IT330000,REPB,VSET,0.001586385730550063
IT330000,REPB,FALL,0.0
IT330000,ELEC,SWHE,0.005071664050120691
IT330000,ELEC,DWHE,0.00661067493831506
IT330000,ELEC,BARL,0.005319323097677505
IT330000,ELEC,OATS,0.002597520952416125
IT330000,ELEC,MAIZ,0.005018127412344051
IT330000,ELEC,SUNF,0.004027045778637319
IT330000,ELEC,SOYA,0.003803691121916614
IT330000,ELEC,POTA,0.001733172984667086
IT330000,ELEC,SUGB,0.004267542236483118
IT330000,ELEC,MAIF,0.004842658385028844
IT330000,ELEC,OFAR,0.004043328091897941
IT330000,ELEC,OSET,0.0
IT330000,ELEC,VSET,0.0
IT330000,ELEC,FALL,0.0
IT330000,EGAS,SWHE,7.812423536752821e-05
IT330000,EGAS,DWHE,0.0001106781866183896
IT330000,EGAS,BARL,6.16042940929151e-05
IT330000,EGAS,OATS,0.0001695726359412984
IT330000,EGAS,MAIZ,3.141975251357576e-05
IT330000,EGAS,SUNF,0.0002223958049912502
IT330000,EGAS,SOYA,8.699454230581431e-05
IT330000,EGAS,POTA,0.0
IT330000,EGAS,SUGB,0.0
IT330000,EGAS,MAIF,0.0
IT330000,EGAS,OFAR,0.0
IT330000,EGAS,OSET,0.0
IT330000,EGAS,VSET,0.0
IT330000,EGAS,FALL,0.0
IT330000,EFUL,SWHE,0.03654288645521904
IT330000,EFUL,DWHE,0.1115631194664016
IT330000,EFUL,BARL,0.04110136714701767
IT330000,EFUL,OATS,0.05643017497398735
IT330000,EFUL,MAIZ,0.03792463161501795
IT330000,EFUL,SUNF,0.151452184307883
IT330000,EFUL,SOYA,0.1408685761109225
IT330000,EFUL,POTA,0.05167417528916814
IT330000,EFUL,SUGB,0.02688611182188965
IT330000,EFUL,MAIF,0.1004590331507126
IT330000,EFUL,OFAR,0.01275762691469171
IT330000,EFUL,OSET,0.01145983168953813
IT330000,EFUL,VSET,0.01320108145960912
IT330000,EFUL,FALL,0.0
IT330000,ELUB,SWHE,0.004119083307419513
IT330000,ELUB,DWHE,0.006601998346109263
IT330000,ELUB,BARL,0.004379582659761722
IT330000,ELUB,OATS,0.003600663295716294
IT330000,ELUB,MAIZ,0.004717373366256806
IT330000,ELUB,SUNF,0.00489064552829759
IT330000,ELUB,SOYA,0.004473981497081481
IT330000,ELUB,POTA,0.007948337644642941
IT330000,ELUB,SUGB,0.00569854111237873
IT330000,ELUB,MAIF,0.00654456653347546
IT330000,ELUB,OFAR,0.003166659528778268
IT330000,ELUB,OSET,0.0008496729563971744
IT330000,ELUB,VSET,0.0008876069758811718
IT330000,ELUB,FALL,0.0
IT330000,INPO,SWHE,0.03826898886191203
IT330000,INPO,DWHE,0.1856255817484755
IT330000,INPO,BARL,0.03885603962550076
IT330000,INPO,OATS,0.01813574538757802
IT330000,INPO,MAIZ,0.04861347745839907
IT330000,INPO,SUNF,0.1249507319140883
IT330000,INPO,SOYA,0.1801034862322961
IT330000,INPO,POTA,0.4992626978041387
IT330000,INPO,SUGB,0.03048197645299666
IT330000,INPO,MAIF,0.1403312567200424
IT330000,INPO,OFAR,0.02079439137992412
IT330000,INPO,OSET,0.01610560191066635
IT330000,INPO,VSET,0.01045130663128727
IT330000,INPO,FALL,0.0
IT400000,SEED,SWHE,0.01700874567396226
IT400000,SEED,DWHE,0.04978725168694001
IT400000,SEED,BARL,0.009547316676768208
IT400000,SEED,OATS,0.01352934050765384
IT400000,SEED,MAIZ,0.03759974315997439
IT400000,SEED,OCER,0.03837463316297206
IT400000,SEED,SUNF,0.05807805694311762
IT400000,SEED,SOYA,0.07535154500800204
IT400000,SEED,POTA,0.2329363019634312
IT400000,SEED,SUGB,0.02266022348357302
IT400000,SEED,MAIF,0.04313112752806353
IT400000,SEED,OFAR,0.009088166684493821
IT400000,SEED,OSET,0.006446333802475377
IT400000,SEED,VSET,0.0
IT400000,SEED,FALL,0.0
IT400000,PLAP,SWHE,0.02230875923757299
IT400000,PLAP,DWHE,0.04501178626707666
IT400000,PLAP,BARL,0.01582459464236953
IT400000,PLAP,OATS,0.006603438979537742
IT400000,PLAP,MAIZ,0.04729166858074121
IT400000,PLAP,OCER,0.03355510983355192
IT400000,PLAP,SUNF,0.04018348939549683
IT400000,PLAP,SOYA,0.05863339711133997
IT400000,PLAP,POTA,0.2881798044685018
IT400000,PLAP,SUGB,0.09908154449937386
IT400000,PLAP,MAIF,0.04281988073214268
IT400000,PLAP,OFAR,0.0090882676305268
IT400000,PLAP,OSET,0.003264082567765325
IT400000,PLAP,VSET,0.0
IT400000,PLAP,FALL,0.0
IT400000,FERT,SWHE,2.300543594810861
IT400000,FERT,DWHE,2.435960160332139
IT400000,FERT,BARL,1.956239089995681
IT400000,FERT,OATS,3.480747773583512
IT400000,FERT,MAIZ,3.681976771136831
IT400000,FERT,OCER,3.363671326518675
IT400000,FERT,SUNF,2.287150046098729
IT400000,FERT,SOYA,2.178611357674559
IT400000,FERT,POTA,2.933791577947813
IT400000,FERT,SUGB,4.21028505432208
IT400000,FERT,MAIF,4.127766204162557
IT400000,FERT,OFAR,0.7191398530148498
IT400000,FERT,OSET,0.1107036507579187
IT400000,FERT,VSET,0.0
IT400000,FERT,FALL,0.0
IT400000,REPM,SWHE,0.008559898970198631
IT400000,REPM,DWHE,0.01290555790349551
IT400000,REPM,BARL,0.006612628668204664
IT400000,REPM,OATS,0.006897339713455999
IT400000,REPM,MAIZ,0.02654083941575482
IT400000,REPM,OCER,0.01251519669163683
IT400000,REPM,SUNF,0.01248826034316724
IT400000,REPM,SOYA,0.01858789629632149
IT400000,REPM,POTA,0.1214660337771891
IT400000,REPM,SUGB,0.02642179908824704
IT400000,REPM,MAIF,0.02098500761117119
IT400000,REPM,OFAR,0.006958958916404702
IT400000,REPM,OSET,0.004374947619206346
IT400000,REPM,VSET,0.003680493019021603
IT400000,REPM,FALL,0.0
IT400000,REPB,SWHE,0.005201082658859013
IT400000,REPB,DWHE,0.004638818545683968
IT400000,REPB,BARL,0.004284565322377231
IT400000,REPB,OATS,0.004342781595648321
IT400000,REPB,MAIZ,0.01234173941305929
IT400000,REPB,OCER,0.005038720948448101
IT400000,REPB,SUNF,0.004318579411944543
IT400000,REPB,SOYA,0.00618672759339112
IT400000,REPB,POTA,0.05046772815917454
IT400000,REPB,SUGB,0.01315027484941463
IT400000,REPB,MAIF,0.008620392064800482
IT400000,REPB,OFAR,0.003017787419935537
IT400000,REPB,OSET,0.001846674936717139
IT400000,REPB,VSET,0.001586385864090443
IT400000,REPB,FALL,0.0
IT400000,ELEC,SWHE,0.005317023473372214
IT400000,ELEC,DWHE,0.006642389417409536
IT400000,ELEC,BARL,0.005463962986046633
IT400000,ELEC,OATS,0.00508365245521248
IT400000,ELEC,MAIZ,0.00510577096643871
IT400000,ELEC,OCER,0.001613693043506885
IT400000,ELEC,SUNF,0.004048832086929331
IT400000,ELEC,SOYA,0.003956099200679988
IT400000,ELEC,POTA,0.001872700534425919
IT400000,ELEC,SUGB,0.004079267745028393
IT400000,ELEC,MAIF,0.004975967188542479
IT400000,ELEC,OFAR,0.004402292687581746
IT400000,ELEC,OSET,0.0
IT400000,ELEC,VSET,0.0
IT400000,ELEC,FALL,0.0
IT400000,EGAS,SWHE,8.23412722198328e-05
IT400000,EGAS,DWHE,0.0001113994700591962
IT400000,EGAS,BARL,6.3424905203932e-05
IT400000,EGAS,OATS,0.000150294020460797
IT400000,EGAS,MAIZ,3.194989837851196e-05
IT400000,EGAS,OCER,0.0005677537426402689
IT400000,EGAS,SUNF,0.0002245164297112832
IT400000,EGAS,SOYA,9.047685124222849e-05
IT400000,EGAS,POTA,0.0
IT400000,EGAS,SUGB,0.0
IT400000,EGAS,MAIF,0.0
IT400000,EGAS,OFAR,0.0
IT400000,EGAS,OSET,0.0
IT400000,EGAS,VSET,0.0
IT400000,EGAS,FALL,0.0
IT400000,EFUL,SWHE,0.03847787281244791
IT400000,EFUL,DWHE,0.1121355777294608
IT400000,EFUL,BARL,0.04237854050809118
IT400000,EFUL,OATS,0.0626617930575192
IT400000,EFUL,MAIZ,0.03862551388251632
IT400000,EFUL,OCER,0.1864352173275879
IT400000,EFUL,SUNF,0.1528736007025069
IT400000,EFUL,SOYA,0.1464497372931562
IT400000,EFUL,POTA,0.05599796114775134
IT400000,EFUL,SUGB,0.02574471657794747
IT400000,EFUL,MAIF,0.1033011220033997
IT400000,EFUL,OFAR,0.01388916784664019
IT400000,EFUL,OSET,0.01241069978131442
IT400000,EFUL,VSET,0.01320108115441807
IT400000,EFUL,FALL,0.0
IT400000,ELUB,SWHE,0.004320471606197971
IT400000,ELUB,DWHE,0.00663516420788175
IT400000,ELUB,BARL,0.004500927062024973
IT400000,ELUB,OATS,0.006304961089054257
IT400000,ELUB,MAIZ,0.004801809255163389
IT400000,ELUB,OCER,0.005195867494642952
IT400000,ELUB,SUNF,0.004923904893080089
IT400000,ELUB,SOYA,0.004651407571205168
IT400000,ELUB,POTA,0.008613693517265385
IT400000,ELUB,SUGB,0.005453379399494316
IT400000,ELUB,MAIF,0.006726724710702381
IT400000,ELUB,OFAR,0.003457864476428285
IT400000,ELUB,OSET,0.000863214212854883
IT400000,ELUB,VSET,0.0008876069807086876
IT400000,ELUB,FALL,0.0
IT400000,INPO,SWHE,0.04168051410137527
IT400000,INPO,DWHE,0.1869371689290945
IT400000,INPO,BARL,0.0408353208324725
IT400000,INPO,OATS,0.01716314797903717
IT400000,INPO,MAIZ,0.05012698782036407
IT400000,INPO,OCER,0.08016044940517623
IT400000,INPO,SUNF,0.1264705696395492
IT400000,INPO,SOYA,0.1922399952578857
IT400000,INPO,POTA,0.5678437344261695
IT400000,INPO,SUGB,0.02979770736840819
IT400000,INPO,MAIF,0.1470645287713275
IT400000,INPO,OFAR,0.02480731581400525
IT400000,INPO,OSET,0.01834902386042669
IT400000,INPO,VSET,0.01045130862254277
IT400000,INPO,FALL,0.0
IT510000,SEED,SWHE,0.01240372458611116
IT510000,SEED,DWHE,0.03016015245837207
IT510000,SEED,BARL,0.006505829062650507
IT510000,SEED,OATS,0.003221210643966791
IT510000,SEED,MAIZ,0.0331845851468733
IT510000,SEED,OCER,0.02105438306447676
IT510000,SEED,RAPE,0.01572675441905618
IT510000,SEED,SUNF,0.03867955366819396
IT510000,SEED,PULS,0.0378658436481098
IT510000,SEED,POTA,0.1542437787608462
IT510000,SEED,SUGB,0.01956831856947189
IT510000,SEED,MAIF,0.0390115247162601
IT510000,SEED,OFAR,0.01525029165368286
IT510000,SEED,OSET,0.007059554181560725
IT510000,SEED,VSET,0.0
IT510000,SEED,FALL,0.0
IT510000,PLAP,SWHE,0.0183506848202485
IT510000,PLAP,DWHE,0.03159040344143382
IT510000,PLAP,BARL,0.01240729406664669
IT510000,PLAP,OATS,0.01011635054024942
IT510000,PLAP,MAIZ,0.04378122515301434
IT510000,PLAP,OCER,0.02748686016010001
IT510000,PLAP,RAPE,0.02021158084377244
IT510000,PLAP,SUNF,0.03122382431029893
IT510000,PLAP,PULS,0.01122315318895352
IT510000,PLAP,POTA,0.2211114653515065
IT510000,PLAP,SUGB,0.09059758486462183
IT510000,PLAP,MAIF,0.04026856400859727
IT510000,PLAP,OFAR,0.01229157599931853
IT510000,PLAP,OSET,0.003331860759471074
IT510000,PLAP,VSET,0.0
IT510000,PLAP,FALL,0.0
IT510000,FERT,SWHE,1.580366416721116
IT510000,FERT,DWHE,1.407885750624044
IT510000,FERT,BARL,1.242905111114422
IT510000,FERT,OATS,0.8877729890008699
IT510000,FERT,MAIZ,3.273020571807676
IT510000,FERT,OCER,1.342615007083933
IT510000,FERT,RAPE,0.7853464103841485
IT510000,FERT,SUNF,1.387469476105468
IT510000,FERT,PULS,0.6692906934030564
IT510000,FERT,POTA,1.831100813094094
IT510000,FERT,SUGB,3.620016723953603
IT510000,FERT,MAIF,3.685133725846841
IT510000,FERT,OFAR,1.18378891416279
IT510000,FERT,OSET,0.08041693512052833
IT510000,FERT,VSET,0.0
IT510000,FERT,FALL,0.0
IT510000,REPM,SWHE,0.007933499948080174
IT510000,REPM,DWHE,0.01096815369604475
IT510000,REPM,BARL,0.005994323157696351
IT510000,REPM,OATS,0.003903916521420515
IT510000,REPM,MAIZ,0.02573840902866154
IT510000,REPM,OCER,0.01014331033988795
IT510000,REPM,RAPE,0.005517291470301746
IT510000,REPM,SUNF,0.01122833187558897
IT510000,REPM,PULS,0.01875479103079536
IT510000,REPM,POTA,0.1088146173617041
IT510000,REPM,SUGB,0.02549296557035777
IT510000,REPM,MAIF,0.02048134871601889
IT510000,REPM,OFAR,0.007815282099111049
IT510000,REPM,OSET,0.004545185679454111
IT510000,REPM,VSET,0.003680493176668285
IT510000,REPM,FALL,0.0
IT510000,REPB,SWHE,0.00481825550413783
IT510000,REPB,DWHE,0.003942365923387528
IT510000,REPB,BARL,0.003737557957269256
IT510000,REPB,OATS,0.002652290964784337
IT510000,REPB,MAIZ,0.01197187822724888
IT510000,REPB,OCER,0.004112951856182763
IT510000,REPB,RAPE,0.001916636546126521
IT510000,REPB,SUNF,0.003873536842863293
IT510000,REPB,PULS,0.008179094950544901
IT510000,REPB,POTA,0.04521234218519531
IT510000,REPB,SUGB,0.01268685680256666
IT510000,REPB,MAIF,0.008412876841468112
IT510000,REPB,OFAR,0.00338919326628201
IT510000,REPB,OSET,0.001902283640017671
IT510000,REPB,VSET,0.001586385742344711
IT510000,REPB,FALL,0.0
IT510000,ELEC,SWHE,0.004740696738871088
IT510000,ELEC,DWHE,0.00526642546757635
IT510000,ELEC,BARL,0.004720232373361519
IT510000,ELEC,OATS,0.002272680848973646
IT510000,ELEC,MAIZ,0.004882102080995244
IT510000,ELEC,OCER,0.001132841918201761
IT510000,ELEC,RAPE,0.001399463421399925
IT510000,ELEC,SUNF,0.00345229780068886
IT510000,ELEC,PULS,0.00136956656401938
IT510000,ELEC,POTA,0.001596462544304226
IT510000,ELEC,SUGB,0.003861749360037085
IT510000,ELEC,MAIF,0.004790566763975945
IT510000,ELEC,OFAR,0.005252888996993181
IT510000,ELEC,OSET,0.0
IT510000,ELEC,VSET,0.0
IT510000,ELEC,FALL,0.0
IT510000,EGAS,SWHE,7.314878664879267e-05
IT510000,EGAS,DWHE,8.817995453912484e-05
IT510000,EGAS,BARL,5.47436629209728e-05
IT510000,EGAS,OATS,0.0001662579770686697
IT510000,EGAS,MAIZ,3.057597140966321e-05
IT510000,EGAS,OCER,0.00059522384070412
IT510000,EGAS,RAPE,0.0008964177793560175
IT510000,EGAS,SUNF,0.0002011598598658993
IT510000,EGAS,PULS,0.0
IT510000,EGAS,POTA,0.0
IT510000,EGAS,SUGB,0.0
IT510000,EGAS,MAIF,0.0
IT510000,EGAS,OFAR,0.0
IT510000,EGAS,OSET,0.0
IT510000,EGAS,VSET,0.0
IT510000,EGAS,FALL,0.0
IT510000,EFUL,SWHE,0.03421536243331456
IT510000,EFUL,DWHE,0.08893567469128577
IT510000,EFUL,BARL,0.03654417755795025
IT510000,EFUL,OATS,0.0570826805460236
IT510000,EFUL,MAIZ,0.03688355519119635
IT510000,EFUL,OCER,0.1585147200221987
IT510000,EFUL,RAPE,0.1959125900050786
IT510000,EFUL,SUNF,0.1320578087595969
IT510000,EFUL,PULS,0.047013021725947
IT510000,EFUL,POTA,0.04762203384537038
IT510000,EFUL,SUGB,0.02441457540753782
IT510000,EFUL,MAIF,0.09959782907432234
IT510000,EFUL,OFAR,0.01657299532156379
IT510000,EFUL,OSET,0.01241468136730178
IT510000,EFUL,VSET,0.01320108146553451
IT510000,EFUL,FALL,0.0
IT510000,ELUB,SWHE,0.003850744636241754
IT510000,ELUB,DWHE,0.005259632721642417
IT510000,ELUB,BARL,0.003887059596626059
IT510000,ELUB,OATS,0.003226979970166174
IT510000,ELUB,MAIZ,0.004588766095178495
IT510000,ELUB,OCER,0.003769916368521769
IT510000,ELUB,RAPE,0.004380952927151473
IT510000,ELUB,SUNF,0.004239441884142447
IT510000,ELUB,PULS,0.004851478502218726
IT510000,ELUB,POTA,0.007323670206474992
IT510000,ELUB,SUGB,0.005167649394861727
IT510000,ELUB,MAIF,0.006482287702374331
IT510000,ELUB,OFAR,0.004123211669241322
IT510000,ELUB,OSET,0.0008594189929821213
IT510000,ELUB,VSET,0.0008876069911333941
IT510000,ELUB,FALL,0.0
IT510000,INPO,SWHE,0.03423284908327642
IT510000,INPO,DWHE,0.1312727194980258
IT510000,INPO,BARL,0.0319816304604742
IT510000,INPO,OATS,0.02119031032263715
IT510000,INPO,MAIZ,0.04638134545327843
IT510000,INPO,OCER,0.06163063971437158
IT510000,INPO,RAPE,0.03827799679527291
IT510000,INPO,SUNF,0.09906879558781216
IT510000,INPO,PULS,0.06248959093986236
IT510000,INPO,POTA,0.4356698812070907
IT510000,INPO,SUGB,0.02983497114080496
IT510000,INPO,MAIF,0.1383205470107798
IT510000,INPO,OFAR,0.03357407296787564
IT510000,INPO,OSET,0.01992499135235141
IT510000,INPO,VSET,0.01045130646064472
IT510000,INPO,FALL,0.0
IT520000,SEED,SWHE,0.01427787499805539
IT520000,SEED,DWHE,0.03719457262295611
IT520000,SEED,BARL,0.00794536569111163
IT520000,SEED,OATS,0.004014104483150318
IT520000,SEED,MAIZ,0.03642679220595182
IT520000,SEED,SUNF,0.04966497547353103
IT520000,SEED,SUGB,0.01940938525688367
IT520000,SEED,MAIF,0.03896302614106639
IT520000,SEED,OFAR,0.01521908198082052
IT520000,SEED,OSET,0.01209419094926867
IT520000,SEED,VSET,0.0
IT520000,SEED,FALL,0.0
IT520000,PLAP,SWHE,0.01996594570000605
IT520000,PLAP,DWHE,0.03628501432291053
IT520000,PLAP,BARL,0.01394653466557941
IT520000,PLAP,OATS,0.01086468461279072
IT520000,PLAP,MAIZ,0.04636921660841394
IT520000,PLAP,SUNF,0.03631499066896283
IT520000,PLAP,SUGB,0.0901717671830155
IT520000,PLAP,MAIF,0.04019834224009578
IT520000,PLAP,OFAR,0.01239542284833321
IT520000,PLAP,OSET,0.005624595477722566
IT520000,PLAP,VSET,0.0
IT520000,PLAP,FALL,0.0
IT520000,FERT,SWHE,1.940736862677076
IT520000,FERT,DWHE,1.808649569581421
IT520000,FERT,BARL,1.679645518142673
IT520000,FERT,OATS,0.8464853892527965
IT520000,FERT,MAIZ,3.727432580284653
IT520000,FERT,SUNF,1.938862434317752
IT520000,FERT,SUGB,3.630548077986541
IT520000,FERT,MAIF,3.780584689590103
IT520000,FERT,OFAR,1.182981063680196
IT520000,FERT,OSET,0.1262219092715995
IT520000,FERT,VSET,0.0
IT520000,FERT,FALL,0.0
IT520000,REPM,SWHE,0.008194519243804849
IT520000,REPM,DWHE,0.01165982943334982
IT520000,REPM,BARL,0.006304889751460567
IT520000,REPM,OATS,0.004041700772923582
IT520000,REPM,MAIZ,0.0263299976590241
IT520000,REPM,SUNF,0.01196196378920787
IT520000,REPM,SUGB,0.02544771997855244
IT520000,REPM,MAIF,0.02048131535406046
IT520000,REPM,OFAR,0.007783665965457843
IT520000,REPM,OSET,0.005279169994630521
IT520000,REPM,VSET,0.003680492445918796
IT520000,REPM,FALL,0.0
IT520000,REPB,SWHE,0.004977158091345398
IT520000,REPB,DWHE,0.004191213118096381
IT520000,REPB,BARL,0.003928120070359835
IT520000,REPB,OATS,0.002710103018462267
IT520000,REPB,MAIZ,0.01224590174630813
IT520000,REPB,SUNF,0.004135492744121997
IT520000,REPB,SUGB,0.01266441733432476
IT520000,REPB,MAIF,0.008415080565619728
IT520000,REPB,OFAR,0.00337476697402862
IT520000,REPB,OSET,0.002111748308368812
IT520000,REPB,VSET,0.001586378444271185
IT520000,REPB,FALL,0.0
IT520000,ELEC,SWHE,0.004979796972873947
IT520000,ELEC,DWHE,0.005757470201302815
IT520000,ELEC,BARL,0.005091434476227029
IT520000,ELEC,OATS,0.00237901380630834
IT520000,ELEC,MAIZ,0.005050116436427442
IT520000,ELEC,SUNF,0.003801275526510356
IT520000,ELEC,SUGB,0.003851805208051852
IT520000,ELEC,MAIF,0.004808204323683104
IT520000,ELEC,OFAR,0.005232129907207313
IT520000,ELEC,OSET,0.0
IT520000,ELEC,VSET,0.0
IT520000,ELEC,FALL,0.0
IT520000,EGAS,SWHE,7.68688843168649e-05
IT520000,EGAS,DWHE,9.621578686120602e-05
IT520000,EGAS,BARL,5.869332518390479e-05
IT520000,EGAS,OATS,0.0001658751986119165
IT520000,EGAS,MAIZ,3.162055210550262e-05
IT520000,EGAS,SUNF,0.0002118583429730432
IT520000,EGAS,SUGB,0.0
IT520000,EGAS,MAIF,0.0
IT520000,EGAS,OFAR,0.0
IT520000,EGAS,OSET,0.0
IT520000,EGAS,VSET,0.0
IT520000,EGAS,FALL,0.0
IT520000,EFUL,SWHE,0.03594784766922109
IT520000,EFUL,DWHE,0.09721423111912297
IT520000,EFUL,BARL,0.03467391193513538
IT520000,EFUL,OATS,0.05830063888867222
IT520000,EFUL,MAIZ,0.03816188104842183
IT520000,EFUL,SUNF,0.143552814737186
IT520000,EFUL,SUGB,0.02435010106419539
IT520000,EFUL,MAIF,0.0995429687271767
IT520000,EFUL,OFAR,0.01650635452092774
IT520000,EFUL,OSET,0.014209139008032
IT520000,EFUL,VSET,0.01320108146339891
IT520000,EFUL,FALL,0.0
IT520000,ELUB,SWHE,0.004045033534127685
IT520000,ELUB,DWHE,0.005748318341505995
IT520000,ELUB,BARL,0.00404266933211127
IT520000,ELUB,OATS,0.00335123844912108
IT520000,ELUB,MAIZ,0.004747183875254205
IT520000,ELUB,SUNF,0.004625137999966253
IT520000,ELUB,SUGB,0.005153809518152194
IT520000,ELUB,MAIF,0.006486503158761384
IT520000,ELUB,OFAR,0.004122675557338038
IT520000,ELUB,OSET,0.0008727122068716169
IT520000,ELUB,VSET,0.0008876069906205342
IT520000,ELUB,FALL,0.0
IT520000,INPO,SWHE,0.03725575047395678
IT520000,INPO,DWHE,0.1510872012289605
IT520000,INPO,BARL,0.03562690674224751
IT520000,INPO,OATS,0.02147114366910746
IT520000,INPO,MAIZ,0.04911539346851977
IT520000,INPO,SUNF,0.1143060027496042
IT520000,INPO,SUGB,0.02969074698463679
IT520000,INPO,MAIF,0.1380269844944184
IT520000,INPO,OFAR,0.03379974535855712
IT520000,INPO,OSET,0.02914491593138769
IT520000,INPO,VSET,0.01045130396303864
IT520000,INPO,FALL,0.0
IT530000,SEED,SWHE,0.01338923527396595
IT530000,SEED,DWHE,0.03705909936692627
IT530000,SEED,BARL,0.007945991588781114
IT530000,SEED,OATS,0.008945924373950382
IT530000,SEED,MAIZ,0.02966541166423799
IT530000,SEED,OCER,0.03223605697246044
IT530000,SEED,SUNF,0.04877334483459922
IT530000,SEED,PULS,0.03916803364775939
IT530000,SEED,POTA,0.1513431413800058
IT530000,SEED,SUGB,0.01845534238051099
IT530000,SEED,MAIF,0.03747727614034846
IT530000,SEED,OFAR,0.01321284395216143
IT530000,SEED,OSET,0.009901970695726642
IT530000,SEED,VSET,0.0
IT530000,SEED,FALL,0.0
IT530000,PLAP,SWHE,0.01920381822110215
IT530000,PLAP,DWHE,0.03618821494377726
IT530000,PLAP,BARL,0.01401087625760041
IT530000,PLAP,OATS,0.01168843037616588
IT530000,PLAP,MAIZ,0.04096761070274822
IT530000,PLAP,OCER,0.02438415495856949
IT530000,PLAP,SUNF,0.03591407147266737
IT530000,PLAP,PULS,0.01247110793066043
IT530000,PLAP,POTA,0.2184410661721797
IT530000,PLAP,SUGB,0.08535390535043913
IT530000,PLAP,MAIF,0.03931940997003963
IT530000,PLAP,OFAR,0.01125327253623556
IT530000,PLAP,OSET,0.004693111203631529
IT530000,PLAP,VSET,0.0
IT530000,PLAP,FALL,0.0
IT530000,FERT,SWHE,1.74655504829822
IT530000,FERT,DWHE,1.784199922226619
IT530000,FERT,BARL,1.598298295043573
IT530000,FERT,OATS,2.344050892695229
IT530000,FERT,MAIZ,2.833487045247158
IT530000,FERT,OCER,2.479059986973179
IT530000,FERT,SUNF,1.876587203942565
IT530000,FERT,PULS,0.791493358774018
IT530000,FERT,POTA,1.808512376076119
IT530000,FERT,SUGB,3.175491681245271
IT530000,FERT,MAIF,3.511019634239318
IT530000,FERT,OFAR,1.002816528690033
IT530000,FERT,OSET,0.1136454773838627
IT530000,FERT,VSET,0.0
IT530000,FERT,FALL,0.0
IT530000,REPM,SWHE,0.00807616540213565
IT530000,REPM,DWHE,0.01164692978761188
IT530000,REPM,BARL,0.006292021010696206
IT530000,REPM,OATS,0.006520690521962427
IT530000,REPM,MAIZ,0.02509471430686855
IT530000,REPM,OCER,0.01136666949147508
IT530000,REPM,SUNF,0.0119071526163038
IT530000,REPM,PULS,0.01960979432801439
IT530000,REPM,POTA,0.1083935479514641
IT530000,REPM,SUGB,0.0249289485011972
IT530000,REPM,MAIF,0.02029475842965147
IT530000,REPM,OFAR,0.00752586571734635
IT530000,REPM,OSET,0.004919852868980832
IT530000,REPM,VSET,0.003680492547677373
IT530000,REPM,FALL,0.0
IT530000,REPB,SWHE,0.004904689356965814
IT530000,REPB,DWHE,0.004186637540911791
IT530000,REPB,BARL,0.003922663373056899
IT530000,REPB,OATS,0.003688224304170444
IT530000,REPB,MAIZ,0.01167001109698384
IT530000,REPB,OCER,0.004602334198850413
IT530000,REPB,SUNF,0.00411641944310202
IT530000,REPB,PULS,0.008552059284414564
IT530000,REPB,POTA,0.04504548462254709
IT530000,REPB,SUGB,0.01240621892885469
IT530000,REPB,MAIF,0.008336203891936709
IT530000,REPB,OFAR,0.003263394240696365
IT530000,REPB,OSET,0.002005753043517688
IT530000,REPB,VSET,0.001586385731739858
IT530000,REPB,FALL,0.0
IT530000,ELEC,SWHE,0.004870470869200523
IT530000,ELEC,DWHE,0.00574826682245605
IT530000,ELEC,BARL,0.005078948985637392
IT530000,ELEC,OATS,0.003956402590945434
IT530000,ELEC,MAIZ,0.004692187980099578
IT530000,ELEC,OCER,0.001420338329850206
IT530000,ELEC,SUNF,0.003775819711779638
IT530000,ELEC,PULS,0.001462736466739548
IT530000,ELEC,POTA,0.001601755975005286
IT530000,ELEC,SUGB,0.0037309938976884
IT530000,ELEC,MAIF,0.004724665577704627
IT530000,ELEC,OFAR,0.004967715103369231
IT530000,ELEC,OSET,0.0
IT530000,ELEC,VSET,0.0
IT530000,ELEC,FALL,0.0
IT530000,EGAS,SWHE,7.50851091165061e-05
IT530000,EGAS,DWHE,9.607416053446262e-05
IT530000,EGAS,BARL,5.885032202775432e-05
IT530000,EGAS,OATS,0.0002007797333659956
IT530000,EGAS,MAIZ,2.936888484922988e-05
IT530000,EGAS,OCER,0.0006484412420330596
IT530000,EGAS,SUNF,0.0002105218295070358
IT530000,EGAS,PULS,0.0
IT530000,EGAS,POTA,0.0
IT530000,EGAS,SUGB,0.0
IT530000,EGAS,MAIF,0.0
IT530000,EGAS,OFAR,0.0
IT530000,EGAS,OSET,0.0
IT530000,EGAS,VSET,0.0
IT530000,EGAS,FALL,0.0
IT530000,EFUL,SWHE,0.03512186147629877
IT530000,EFUL,DWHE,0.09704708568597528
IT530000,EFUL,BARL,0.03925754662435466
IT530000,EFUL,OATS,0.05829270207820883
IT530000,EFUL,MAIZ,0.03965586501940574
IT530000,EFUL,OCER,0.1751478199633134
IT530000,EFUL,SUNF,0.1425692200088618
IT530000,EFUL,PULS,0.05018836527140759
IT530000,EFUL,POTA,0.04720221070738388
IT530000,EFUL,SUGB,0.02359153362950902
IT530000,EFUL,MAIF,0.09821750632899105
IT530000,EFUL,OFAR,0.01567295708408795
IT530000,EFUL,OSET,0.01353319946548138
IT530000,EFUL,VSET,0.01320108158118895
IT530000,EFUL,FALL,0.0
IT530000,ELUB,SWHE,0.003955778346628917
IT530000,ELUB,DWHE,0.005739296895001922
IT530000,ELUB,BARL,0.004181280708161329
IT530000,ELUB,OATS,0.0049130578014689
IT530000,ELUB,MAIZ,0.004413451052855625
IT530000,ELUB,OCER,0.004555547616516409
IT530000,ELUB,SUNF,0.004594260678266481
IT530000,ELUB,PULS,0.005177571019874753
IT530000,ELUB,POTA,0.007277365149669935
IT530000,ELUB,SUGB,0.00499347540987674
IT530000,ELUB,MAIF,0.00639297616894168
IT530000,ELUB,OFAR,0.003903947896128415
IT530000,ELUB,OSET,0.000869584335373172
IT530000,ELUB,VSET,0.000887607000411454
IT530000,ELUB,FALL,0.0
IT530000,INPO,SWHE,0.03580801711900194
IT530000,INPO,DWHE,0.1507207614168716
IT530000,INPO,BARL,0.03605796462517934
IT530000,INPO,OATS,0.0188269260579484
IT530000,INPO,MAIZ,0.04342223509974088
IT530000,INPO,OCER,0.0735255935193927
IT530000,INPO,SUNF,0.1130302779819264
IT530000,INPO,PULS,0.07112608833618772
IT530000,INPO,POTA,0.4295410665929216
IT530000,INPO,SUGB,0.02810542019010555
IT530000,INPO,MAIF,0.1350504832113511
IT530000,INPO,OFAR,0.03074858914890272
IT530000,INPO,OSET,0.02490777546605366
IT530000,INPO,VSET,0.01045130645410233
IT530000,INPO,FALL,0.0
IT600000,SEED,SWHE,0.01103496744730552
IT600000,SEED,DWHE,0.03042900580892523
IT600000,SEED,BARL,0.006652508637791635
IT600000,SEED,OATS,0.002656408665961054
IT600000,SEED,MAIZ,0.03153411745942108
IT600000,SEED,OCER,0.01061484296905834
IT600000,SEED,RAPE,0.007984778197469147
IT600000,SEED,SUNF,0.03493402676463277
IT600000,SEED,PULS,0.03452616327812443
IT600000,SEED,POTA,0.1843968273644395
IT600000,SEED,SUGB,0.02097669065532761
IT600000,SEED,MAIF,0.04751873095146507
IT600000,SEED,OFAR,0.01472059085123372
IT600000,SEED,OSET,0.003606680665386345
IT600000,SEED,VSET,0.0
IT600000,SEED,FALL,0.0
IT600000,PLAP,SWHE,0.01716309125883375
IT600000,PLAP,DWHE,0.03169811073678888
IT600000,PLAP,BARL,0.01257007913552178
IT600000,PLAP,OATS,0.009268769028779518
IT600000,PLAP,MAIZ,0.04245361933957931
IT600000,PLAP,OCER,0.02267829876961552
IT600000,PLAP,RAPE,0.02574066370818112
IT600000,PLAP,SUNF,0.02947541196650067
IT600000,PLAP,PULS,0.01059772824753771
IT600000,PLAP,POTA,0.246836926589129
IT600000,PLAP,SUGB,0.09202860908294719
IT600000,PLAP,MAIF,0.04557665982395349
IT600000,PLAP,OFAR,0.01209573002579564
IT600000,PLAP,OSET,0.001841971880767627
IT600000,PLAP,VSET,0.0
IT600000,PLAP,FALL,0.0
IT600000,FERT,SWHE,1.398652074488542
IT600000,FERT,DWHE,1.454349493711251
IT600000,FERT,BARL,1.308153864075676
IT600000,FERT,OATS,0.5715191002729973
IT600000,FERT,MAIZ,3.147680161512031
IT600000,FERT,OCER,0.5082001550776297
IT600000,FERT,RAPE,0.6121146944716036
IT600000,FERT,SUNF,1.278992459532131
IT600000,FERT,PULS,0.6347804956891238
IT600000,FERT,POTA,2.36444366175627
IT600000,FERT,SUGB,3.864316760983699
IT600000,FERT,MAIF,4.88579108983337
IT600000,FERT,OFAR,1.175142536533738
IT600000,FERT,OSET,0.06478022928652333
IT600000,FERT,VSET,0.0
IT600000,FERT,FALL,0.0
IT600000,REPM,SWHE,0.007736916393683593
IT600000,REPM,DWHE,0.01099237345863484
IT600000,REPM,BARL,0.006023526735466547
IT600000,REPM,OATS,0.003175482263230672
IT600000,REPM,MAIZ,0.02543702999103153
IT600000,REPM,OCER,0.009376914585072995
IT600000,REPM,RAPE,0.004990718678187919
IT600000,REPM,SUNF,0.01101050026506784
IT600000,REPM,PULS,0.01833302533977837
IT600000,REPM,POTA,0.1136857394475517
IT600000,REPM,SUGB,0.02563247246010196
IT600000,REPM,MAIF,0.02152035198413092
IT600000,REPM,OFAR,0.007722670440302913
IT600000,REPM,OSET,0.003982828758067508
IT600000,REPM,VSET,0.003680492675493018
IT600000,REPM,FALL,0.0
IT600000,REPB,SWHE,0.00469973645995923
IT600000,REPB,DWHE,0.00395112698464104
IT600000,REPB,BARL,0.003755957525684414
IT600000,REPB,OATS,0.002286970857421191
IT600000,REPB,MAIZ,0.0118310056662438
IT600000,REPB,OCER,0.003747588171979547
IT600000,REPB,RAPE,0.001717704402147494
IT600000,REPB,SUNF,0.003800920226019511
IT600000,REPB,PULS,0.007995000774888893
IT600000,REPB,POTA,0.04723995961290574
IT600000,REPB,SUGB,0.01275608377620923
IT600000,REPB,MAIF,0.008839842265567176
IT600000,REPB,OFAR,0.003348337388913778
IT600000,REPB,OSET,0.001736673596042319
IT600000,REPB,VSET,0.00158638657798431
IT600000,REPB,FALL,0.0
IT600000,ELEC,SWHE,0.004561445507247385
IT600000,ELEC,DWHE,0.005283593001076289
IT600000,ELEC,BARL,0.004754328857406439
IT600000,ELEC,OATS,0.001654541473016948
IT600000,ELEC,MAIZ,0.004793537425051409
IT600000,ELEC,OCER,0.0009333454614075263
IT600000,ELEC,RAPE,0.001221402302886402
IT600000,ELEC,SUNF,0.003349884039692293
IT600000,ELEC,PULS,0.001322168803188551
IT600000,ELEC,POTA,0.001712886195205088
IT600000,ELEC,SUGB,0.003893772627890952
IT600000,ELEC,MAIF,0.005168837678288839
IT600000,ELEC,OFAR,0.005168355948228852
IT600000,ELEC,OSET,0.0
IT600000,ELEC,VSET,0.0
IT600000,ELEC,FALL,0.0
IT600000,EGAS,SWHE,7.047423605496053e-05
IT600000,EGAS,DWHE,8.827915221254389e-05
IT600000,EGAS,BARL,5.513612132502973e-05
IT600000,EGAS,OATS,0.0001448820581764812
IT600000,EGAS,MAIZ,3.001359883425641e-05
IT600000,EGAS,OCER,0.0005121091728059252
IT600000,EGAS,RAPE,0.0008093679175613746
IT600000,EGAS,SUNF,0.0001927229791490992
IT600000,EGAS,PULS,0.0
IT600000,EGAS,POTA,0.0
IT600000,EGAS,SUGB,0.0
IT600000,EGAS,MAIF,0.0
IT600000,EGAS,OFAR,0.0
IT600000,EGAS,OSET,0.0
IT600000,EGAS,VSET,0.0
IT600000,EGAS,FALL,0.0
IT600000,EFUL,SWHE,0.03294954794248693
IT600000,EFUL,DWHE,0.08924060168534162
IT600000,EFUL,BARL,0.03681335754112994
IT600000,EFUL,OATS,0.05582003520057464
IT600000,EFUL,MAIZ,0.03623042714496802
IT600000,EFUL,OCER,0.1388296046586859
IT600000,EFUL,RAPE,0.1847782248053644
IT600000,EFUL,SUNF,0.1276217681474429
IT600000,EFUL,PULS,0.04543029841795429
IT600000,EFUL,POTA,0.05081696178550843
IT600000,EFUL,SUGB,0.02463617717896328
IT600000,EFUL,MAIF,0.1072507069765677
IT600000,EFUL,OFAR,0.01630548983334037
IT600000,EFUL,OSET,0.01134055554311318
IT600000,EFUL,VSET,0.01320108115270397
IT600000,EFUL,FALL,0.0
IT600000,ELUB,SWHE,0.003705637786124448
IT600000,ELUB,DWHE,0.005275251618440853
IT600000,ELUB,BARL,0.003915728612361483
IT600000,ELUB,OATS,0.002532026024227629
IT600000,ELUB,MAIZ,0.004505908333369166
IT600000,ELUB,OCER,0.003200655860067117
IT600000,ELUB,RAPE,0.003899890411903878
IT600000,ELUB,SUNF,0.004101405201469566
IT600000,ELUB,PULS,0.004687538366684597
IT600000,ELUB,POTA,0.007822690531702278
IT600000,ELUB,SUGB,0.005212423557153586
IT600000,ELUB,MAIF,0.006987676642050988
IT600000,ELUB,OFAR,0.004068372524520301
IT600000,ELUB,OSET,0.0008542534518375705
IT600000,ELUB,VSET,0.0008876069844620566
IT600000,ELUB,FALL,0.0
IT600000,INPO,SWHE,0.03203660105887399
IT600000,INPO,DWHE,0.1319266152576217
IT600000,INPO,BARL,0.03239917808197999
IT600000,INPO,OATS,0.01964421486912801
IT600000,INPO,MAIZ,0.04498631568228635
IT600000,INPO,OCER,0.04932295697867389
IT600000,INPO,RAPE,0.04609635717887178
IT600000,INPO,SUNF,0.09330443340321108
IT600000,INPO,PULS,0.05900966330173154
IT600000,INPO,POTA,0.4859410692054998
IT600000,INPO,SUGB,0.03027863819362708
IT600000,INPO,MAIF,0.1564760810306472
IT600000,INPO,OFAR,0.03303420265197787
IT600000,INPO,OSET,0.01327126651271258
IT600000,INPO,VSET,0.01045130268759195
IT600000,INPO,FALL,0.0
IT710000,SEED,SWHE,0.009277594144138458
IT710000,SEED,DWHE,0.03524935424980223
IT710000,SEED,BARL,0.007128449806409459
IT710000,SEED,OATS,0.003365587313971705
IT710000,SEED,MAIZ,0.02585871900091306
IT710000,SEED,SUNF,0.04241945251757899
IT710000,SEED,PULS,0.04288857745670902
IT710000,SEED,POTA,0.2174929163247212
IT710000,SEED,SUGB,0.01970219117638003
IT710000,SEED,OFAR,0.01032799593902979
IT710000,SEED,OSET,0.008040647006768088
IT710000,SEED,VSET,0.0
IT710000,SEED,FALL,0.0
IT710000,PLAP,SWHE,0.01853120684160938
IT710000,PLAP,DWHE,0.03501339305858216
IT710000,PLAP,BARL,0.01297336156979049
IT710000,PLAP,OATS,0.01148569411345356
IT710000,PLAP,MAIZ,0.04075429666473559
IT710000,PLAP,SUNF,0.03290880605267219
IT710000,PLAP,PULS,0.01325661943037021
IT710000,PLAP,POTA,0.2749338353528802
IT710000,PLAP,SUGB,0.09100631165533965
IT710000,PLAP,OFAR,0.009753706138347636
IT710000,PLAP,OSET,0.003915535970342376
IT710000,PLAP,VSET,0.0
IT710000,PLAP,FALL,0.0
IT710000,FERT,SWHE,1.638699821770101
IT710000,FERT,DWHE,1.626019111455004
IT710000,FERT,BARL,1.489080761391543
IT710000,FERT,OATS,0.9128627092498597
IT710000,FERT,MAIZ,2.763350538877447
IT710000,FERT,SUNF,1.541156655193827
IT710000,FERT,PULS,0.8654826632856149
IT710000,FERT,POTA,2.734110128712022
IT710000,FERT,SUGB,3.614718653952273
IT710000,FERT,OFAR,0.7433971417248574
IT710000,FERT,OSET,0.09723999095959061
IT710000,FERT,VSET,0.0
IT710000,FERT,FALL,0.0
IT710000,REPM,SWHE,0.007984712427349099
IT710000,REPM,DWHE,0.01146883818946893
IT710000,REPM,BARL,0.006150116986598867
IT710000,REPM,OATS,0.004190651564883911
IT710000,REPM,MAIZ,0.02506266115089466
IT710000,REPM,SUNF,0.0114920222729039
IT710000,REPM,PULS,0.02015208644439263
IT710000,REPM,POTA,0.1190365455359053
IT710000,REPM,SUGB,0.02555030503701812
IT710000,REPM,OFAR,0.007125575781518569
IT710000,REPM,OSET,0.004648574093791746
IT710000,REPM,FALL,0.0
IT710000,REPB,SWHE,0.004847568826638844
IT710000,REPB,DWHE,0.004122382231189518
IT710000,REPB,BARL,0.003829079990540541
IT710000,REPB,OATS,0.002781491406415151
IT710000,REPB,MAIZ,0.01166639488000069
IT710000,REPB,SUNF,0.00397079398894631
IT710000,REPB,PULS,0.008790648937111869
IT710000,REPB,POTA,0.04946827888793144
IT710000,REPB,SUGB,0.01271642403247836
IT710000,REPB,OFAR,0.003089909188560305
IT710000,REPB,OSET,0.001928342791373573
IT710000,REPB,FALL,0.0
IT710000,ELEC,SWHE,0.004783340870029296
IT710000,ELEC,DWHE,0.005622000742806372
IT710000,ELEC,BARL,0.004902188692604078
IT710000,ELEC,OATS,0.002502225569169769
IT710000,ELEC,MAIZ,0.004703303762221134
IT710000,ELEC,SUNF,0.003576372685412504
IT710000,ELEC,PULS,0.001534027963750583
IT710000,ELEC,POTA,0.001840668074881797
IT710000,ELEC,SUGB,0.00387851244238855
IT710000,ELEC,OFAR,0.004569872899365676
IT710000,ELEC,OSET,0.0
IT710000,ELEC,VSET,0.0
IT710000,ELEC,FALL,0.0
IT710000,EGAS,SWHE,7.343754636008403e-05
IT710000,EGAS,DWHE,9.403755299995761e-05
IT710000,EGAS,BARL,5.621958366045307e-05
IT710000,EGAS,OATS,0.0001726704001114475
IT710000,EGAS,MAIZ,2.950962548798695e-05
IT710000,EGAS,SUNF,0.0002017712236925916
IT710000,EGAS,PULS,0.0
IT710000,EGAS,POTA,0.0
IT710000,EGAS,SUGB,0.0
IT710000,EGAS,OFAR,0.0
IT710000,EGAS,OSET,0.0
IT710000,EGAS,VSET,0.0
IT710000,EGAS,FALL,0.0
IT710000,EFUL,SWHE,0.03437269659890917
IT710000,EFUL,DWHE,0.09494328321540686
IT710000,EFUL,BARL,0.03314099608783468
IT710000,EFUL,OATS,0.06103486056686826
IT710000,EFUL,MAIZ,0.03542405768894936
IT710000,EFUL,SUNF,0.1356874089909595
IT710000,EFUL,PULS,0.05219797033907513
IT710000,EFUL,POTA,0.05427590916996915
IT710000,EFUL,SUGB,0.02448363786659616
IT710000,EFUL,OFAR,0.01441769041823615
IT710000,EFUL,OSET,0.01286958513730292
IT710000,EFUL,FALL,0.0
IT710000,ELUB,SWHE,0.00388351195623648
IT710000,ELUB,DWHE,0.005614070202446415
IT710000,ELUB,BARL,0.003888376872677419
IT710000,ELUB,OATS,0.003486833168796912
IT710000,ELUB,MAIZ,0.0044073138020586
IT710000,ELUB,SUNF,0.004364155568851082
IT710000,ELUB,PULS,0.005389141345571906
IT710000,ELUB,POTA,0.008367064273690276
IT710000,ELUB,SUGB,0.005184969813305794
IT710000,ELUB,OFAR,0.003592195364689654
IT710000,ELUB,OSET,0.0008646648054826838
IT710000,ELUB,FALL,0.0
IT710000,INPO,SWHE,0.03447201812847617
IT710000,INPO,DWHE,0.1456277367533942
IT710000,INPO,BARL,0.03291599456210251
IT710000,INPO,OATS,0.02239969696478394
IT710000,INPO,MAIZ,0.04309917626683336
IT710000,INPO,SUNF,0.1038822077909722
IT710000,INPO,PULS,0.07564419404782685
IT710000,INPO,POTA,0.5407523132899789
IT710000,INPO,SUGB,0.02734830995763396
IT710000,INPO,OFAR,0.02662336160247558
IT710000,INPO,OSET,0.0214995503873605
IT710000,INPO,FALL,0.0
IT720000,SEED,SWHE,0.0048393795061556
IT720000,SEED,DWHE,0.02675053880045867
IT720000,SEED,BARL,0.006236935722292284
IT720000,SEED,OATS,0.005763391411924743
IT720000,SEED,MAIZ,0.02748887042003675
IT720000,SEED,OCER,0.03054024677822246
IT720000,SEED,RAPE,0.02896224858565676
IT720000,SEED,SUNF,0.04340982329072553
IT720000,SEED,SUGB,0.01943383432840567
IT720000,SEED,MAIF,0.02966031619255303
IT720000,SEED,OFAR,0.01190259266786342
IT720000,SEED,OSET,0.006016551184963389
IT720000,SEED,VSET,0.0
IT720000,SEED,FALL,0.0
IT720000,PLAP,SWHE,0.01025502172978774
IT720000,PLAP,DWHE,0.02922813959861269
IT720000,PLAP,BARL,0.01210143097388391
IT720000,PLAP,OATS,0.01034766691525005
IT720000,PLAP,MAIZ,0.03923041201775285
IT720000,PLAP,OCER,0.03616316619635554
IT720000,PLAP,RAPE,0.02670012133735346
IT720000,PLAP,SUNF,0.03339612705627484
IT720000,PLAP,SUGB,0.0903235898554508
IT720000,PLAP,MAIF,0.03442528840498384
IT720000,PLAP,OFAR,0.01053590922685936
IT720000,PLAP,OSET,0.002844058925930118
IT720000,PLAP,VSET,0.0
IT720000,PLAP,FALL,0.0
IT720000,FERT,SWHE,1.378407321378483
IT720000,FERT,DWHE,1.180981643676604
IT720000,FERT,BARL,1.150906324287042
IT720000,FERT,OATS,1.415433100556868
IT720000,FERT,MAIZ,2.456603459742647
IT720000,FERT,OCER,1.381482611617858
IT720000,FERT,RAPE,1.750596885678033
IT720000,FERT,SUNF,1.573966183756012
IT720000,FERT,SUGB,3.505457438003436
IT720000,FERT,MAIF,2.522716583485127
IT720000,FERT,OFAR,0.8673453021853293
IT720000,FERT,OSET,0.06733051121319167
IT720000,FERT,VSET,0.0
IT720000,FERT,FALL,0.0
IT720000,REPM,SWHE,0.007747911340221052
IT720000,REPM,DWHE,0.01063168925245937
IT720000,REPM,BARL,0.005937910155739001
IT720000,REPM,OATS,0.004688159632649304
IT720000,REPM,MAIZ,0.02469962583610574
IT720000,REPM,OCER,0.01026682357701064
IT720000,REPM,RAPE,0.006473811758943886
IT720000,REPM,SUNF,0.01156622583216574
IT720000,REPM,SUGB,0.0254580323469891
IT720000,REPM,MAIF,0.01934499837686875
IT720000,REPM,OFAR,0.007352705592382854
IT720000,REPM,OSET,0.004402560858911815
IT720000,REPM,FALL,0.0
IT720000,REPB,SWHE,0.004870855108694614
IT720000,REPB,DWHE,0.003821559087236659
IT720000,REPB,BARL,0.003702689180833846
IT720000,REPB,OATS,0.00312565247997806
IT720000,REPB,MAIZ,0.01148714958589117
IT720000,REPB,OCER,0.004157529900968673
IT720000,REPB,RAPE,0.002256035978213821
IT720000,REPB,SUNF,0.003997962687487585
IT720000,REPB,SUGB,0.01266941619288999
IT720000,REPB,MAIF,0.007947423988088275
IT720000,REPB,OFAR,0.003188671013361421
IT720000,REPB,OSET,0.001862401417817593
IT720000,REPB,FALL,0.0
IT720000,ELEC,SWHE,0.004838246739860221
IT720000,ELEC,DWHE,0.005027325530382892
IT720000,ELEC,BARL,0.004651051339217977
IT720000,ELEC,OATS,0.003021145733512072
IT720000,ELEC,MAIZ,0.004580457578278461
IT720000,ELEC,OCER,0.00109367419704491
IT720000,ELEC,RAPE,0.00177222722528097
IT720000,ELEC,SUNF,0.003613141830219749
IT720000,ELEC,SUGB,0.003856511536055166
IT720000,ELEC,MAIF,0.00439354954141062
IT720000,ELEC,OFAR,0.004792213824783558
IT720000,ELEC,OSET,0.0
IT720000,ELEC,VSET,0.0
IT720000,ELEC,FALL,0.0
IT720000,EGAS,SWHE,5.702889219400261e-05
IT720000,EGAS,DWHE,8.411306459538237e-05
IT720000,EGAS,BARL,5.393310308566288e-05
IT720000,EGAS,OATS,0.0001795006979636383
IT720000,EGAS,MAIZ,2.867568822543645e-05
IT720000,EGAS,OCER,0.0006803551459870947
IT720000,EGAS,RAPE,0.001127407684242666
IT720000,EGAS,SUNF,0.0002021483436459748
IT720000,EGAS,SUGB,0.0
IT720000,EGAS,MAIF,0.0
IT720000,EGAS,OFAR,0.0
IT720000,EGAS,OSET,0.0
IT720000,EGAS,VSET,0.0
IT720000,EGAS,FALL,0.0
IT720000,EFUL,SWHE,0.02308612566851832
IT720000,EFUL,DWHE,0.08488399173816831
IT720000,EFUL,BARL,0.03601305333721359
IT720000,EFUL,OATS,0.05769594957937792
IT720000,EFUL,MAIZ,0.03462347535091295
IT720000,EFUL,OCER,0.1772288080214828
IT720000,EFUL,RAPE,0.2449189792878368
IT720000,EFUL,SUNF,0.1366448914808119
IT720000,EFUL,SUGB,0.02438311692118213
IT720000,EFUL,MAIF,0.09117911532331968
IT720000,EFUL,OFAR,0.01511957391672893
IT720000,EFUL,OSET,0.01201790260219624
IT720000,EFUL,FALL,0.0
IT720000,ELUB,SWHE,0.003845992187704585
IT720000,ELUB,DWHE,0.005020344447973465
IT720000,ELUB,BARL,0.003830587959831336
IT720000,ELUB,OATS,0.004057184158216384
IT720000,ELUB,MAIZ,0.004307134871556094
IT720000,ELUB,OCER,0.003764209601723535
IT720000,ELUB,RAPE,0.005496287641248942
IT720000,ELUB,SUNF,0.004400263757993815
IT720000,ELUB,SUGB,0.005158469220586316
IT720000,ELUB,MAIF,0.005935806441918469
IT720000,ELUB,OFAR,0.003761258360045214
IT720000,ELUB,OSET,0.0008560334481510736
IT720000,ELUB,FALL,0.0
IT720000,INPO,SWHE,0.02611929192878252
IT720000,INPO,DWHE,0.1215984627589061
IT720000,INPO,BARL,0.03119570000331929
IT720000,INPO,OATS,0.01893870352251931
IT720000,INPO,MAIZ,0.0415701308215946
IT720000,INPO,OCER,0.07404268309060615
IT720000,INPO,RAPE,0.05742569397433393
IT720000,INPO,SUNF,0.1052123070229372
IT720000,INPO,SUGB,0.02970569546212894
IT720000,INPO,MAIF,0.1182493853645975
IT720000,INPO,OFAR,0.02877590288048158
IT720000,INPO,OSET,0.01806777644003673
IT720000,INPO,FALL,0.0
IT800000,SEED,SWHE,0.009453255599977568
IT800000,SEED,DWHE,0.02811010456065058
IT800000,SEED,BARL,0.006555982868676508
IT800000,SEED,OATS,0.004288180708538626
IT800000,SEED,MAIZ,0.0254344608032954
IT800000,SEED,OCER,0.02817672231513316
IT800000,SEED,PULS,0.04496567134449263
IT800000,SEED,POTA,0.1906231711273866
IT800000,SEED,MAIF,0.03995419975378532
IT800000,SEED,OFAR,0.01652839090139053
IT800000,SEED,OSET,0.01010715308518974
IT800000,SEED,VSET,0.0
IT800000,SEED,FALL,0.0
IT800000,PLAP,SWHE,0.01667756368942246
IT800000,PLAP,DWHE,0.03011096272569123
IT800000,PLAP,BARL,0.01238393665180048
IT800000,PLAP,OATS,0.01103347456598814
IT800000,PLAP,MAIZ,0.0402871042668175
IT800000,PLAP,OCER,0.03484504342634613
IT800000,PLAP,PULS,0.01765263824019361
IT800000,PLAP,POTA,0.2521060801321896
IT800000,PLAP,MAIF,0.04084972021368179
IT800000,PLAP,OFAR,0.01305794621677321
IT800000,PLAP,OSET,0.005526500990656481
IT800000,PLAP,VSET,0.0
IT800000,PLAP,FALL,0.0
IT800000,FERT,SWHE,1.350037371595138
IT800000,FERT,DWHE,1.362274527400202
IT800000,FERT,BARL,1.36898737265739
IT800000,FERT,OATS,1.235361991101508
IT800000,FERT,MAIZ,2.788151864608388
IT800000,FERT,OCER,1.589504050152962
IT800000,FERT,PULS,0.8674605179679907
IT800000,FERT,POTA,2.451784697371683
IT800000,FERT,MAIF,3.894692268952414
IT800000,FERT,OFAR,1.340922210992672
IT800000,FERT,OSET,0.2306819740906859
IT800000,FERT,VSET,0.0
IT800000,FERT,FALL,0.0
IT800000,REPM,SWHE,0.00766717815411516
IT800000,REPM,DWHE,0.01076514740097085
IT800000,REPM,BARL,0.006021811030912047
IT800000,REPM,OATS,0.004190908838821558
IT800000,REPM,MAIZ,0.02494552610594743
IT800000,REPM,OCER,0.01031559505535383
IT800000,REPM,PULS,0.01964216773916209
IT800000,REPM,POTA,0.1146924007414018
IT800000,REPM,MAIF,0.02059630943229522
IT800000,REPM,OFAR,0.007969548807875973
IT800000,REPM,OSET,0.004532478430258564
IT800000,REPM,FALL,0.0
IT800000,REPB,SWHE,0.004656536020159974
IT800000,REPB,DWHE,0.003869667101667026
IT800000,REPB,BARL,0.003751297290195632
IT800000,REPB,OATS,0.002849898175083529
IT800000,REPB,MAIZ,0.01160378836879546
IT800000,REPB,OCER,0.004178553026928157
IT800000,REPB,PULS,0.008350032359455008
IT800000,REPB,POTA,0.047659324236021
IT800000,REPB,MAIF,0.008460148172455023
IT800000,REPB,OFAR,0.003455643225630666
IT800000,REPB,OSET,0.001858929947466529
IT800000,REPB,FALL,0.0
IT800000,ELEC,SWHE,0.004495868901082133
IT800000,ELEC,DWHE,0.005121992835309127
IT800000,ELEC,BARL,0.004750284572087113
IT800000,ELEC,OATS,0.00257906740544853
IT800000,ELEC,MAIZ,0.004654094172042998
IT800000,ELEC,OCER,0.001128890681198839
IT800000,ELEC,PULS,0.001827580766801742
IT800000,ELEC,POTA,0.001736940319586581
IT800000,ELEC,MAIF,0.004831133786989207
IT800000,ELEC,OFAR,0.005415052352746003
IT800000,ELEC,OSET,0.0
IT800000,ELEC,VSET,0.0
IT800000,ELEC,FALL,0.0
IT800000,EGAS,SWHE,6.9305282132878e-05
IT800000,EGAS,DWHE,8.5625211436881e-05
IT800000,EGAS,BARL,5.471029558499644e-05
IT800000,EGAS,OATS,0.0001616933276884065
IT800000,EGAS,MAIZ,2.914603432368728e-05
IT800000,EGAS,OCER,0.0006583882730163761
IT800000,EGAS,PULS,0.0
IT800000,EGAS,POTA,0.0
IT800000,EGAS,MAIF,0.0
IT800000,EGAS,OFAR,0.0
IT800000,EGAS,OSET,0.0
IT800000,EGAS,VSET,0.0
IT800000,EGAS,FALL,0.0
IT800000,EFUL,SWHE,0.03241424173207939
IT800000,EFUL,DWHE,0.08647083986242292
IT800000,EFUL,BARL,0.03230759598330783
IT800000,EFUL,OATS,0.05617678802510688
IT800000,EFUL,MAIZ,0.03517137493894462
IT800000,EFUL,OCER,0.1741971925965326
IT800000,EFUL,PULS,0.04336806142880369
IT800000,EFUL,POTA,0.05146313012420259
IT800000,EFUL,MAIF,0.1004439138330217
IT800000,EFUL,OFAR,0.01708367844621035
IT800000,EFUL,OSET,0.01842872803500771
IT800000,EFUL,FALL,0.0
IT800000,ELUB,SWHE,0.003651591285124987
IT800000,ELUB,DWHE,0.005114146683943153
IT800000,ELUB,BARL,0.003771055245199869
IT800000,ELUB,OATS,0.003551382879718708
IT800000,ELUB,MAIZ,0.004372911769940537
IT800000,ELUB,OCER,0.003823989143397947
IT800000,ELUB,PULS,0.004885142776060456
IT800000,ELUB,POTA,0.007924716672426039
IT800000,ELUB,MAIF,0.006536944793621813
IT800000,ELUB,OFAR,0.004263288102108302
IT800000,ELUB,OSET,0.0008980800715407283
IT800000,ELUB,FALL,0.0
IT800000,INPO,SWHE,0.03108950622034486
IT800000,INPO,DWHE,0.1254113425088924
IT800000,INPO,BARL,0.03158393201600018
IT800000,INPO,OATS,0.0199946002542142
IT800000,INPO,MAIZ,0.04269939718702861
IT800000,INPO,OCER,0.0721581987822098
IT800000,INPO,PULS,0.06993783527962351
IT800000,INPO,POTA,0.4962272864540103
IT800000,INPO,MAIF,0.1403175952248041
IT800000,INPO,OFAR,0.03560415510426571
IT800000,INPO,OSET,0.02294526644918308
IT800000,INPO,FALL,0.0
IT910000,SEED,SWHE,0.003828889355462076
IT910000,SEED,DWHE,0.02517669322064439
IT910000,SEED,BARL,0.005452588250868268
IT910000,SEED,OATS,0.00345783951835099
IT910000,SEED,MAIZ,0.02801629066050808
IT910000,SEED,OCER,0.02172238862820778
IT910000,SEED,RAPE,0.01637166387465289
IT910000,SEED,SUNF,0.04482726705335761
IT910000,SEED,SOYA,0.04232247134073892
IT910000,SEED,PULS,0.03275537965854357
IT910000,SEED,POTA,0.1412758591047188
IT910000,SEED,SUGB,0.01834350718156848
IT910000,SEED,MAIF,0.03278069153950526
IT910000,SEED,OFAR,0.01660094851001582
IT910000,SEED,OSET,0.001779398437008296
IT910000,SEED,VSET,0.0
IT910000,SEED,FALL,0.0
IT910000,PLAP,SWHE,0.01122603669224841
IT910000,PLAP,DWHE,0.0280577175607578
IT910000,PLAP,BARL,0.01118855405252763
IT910000,PLAP,OATS,0.01037039171753546
IT910000,PLAP,MAIZ,0.03964916811188014
IT910000,PLAP,OCER,0.02025195789655557
IT910000,PLAP,RAPE,0.02336452370069068
IT910000,PLAP,SUNF,0.03383649758197729
IT910000,PLAP,SOYA,0.04186471339966035
IT910000,PLAP,PULS,0.01026411023391127
IT910000,PLAP,POTA,0.2098596740623342
IT910000,PLAP,SUGB,0.08722984617303792
IT910000,PLAP,MAIF,0.03641892875979667
IT910000,PLAP,OFAR,0.01297715624245357
IT910000,PLAP,OSET,0.0008527857185483505
IT910000,PLAP,VSET,0.0
IT910000,PLAP,FALL,0.0
IT910000,FERT,SWHE,0.8094643884779513
IT910000,FERT,DWHE,1.106934938739381
IT910000,FERT,BARL,1.002557861451861
IT910000,FERT,OATS,0.8737657718401133
IT910000,FERT,MAIZ,2.5292261849447
IT910000,FERT,OCER,1.427808034929391
IT910000,FERT,RAPE,0.7767014805727933
IT910000,FERT,SUNF,1.558169001531205
IT910000,FERT,SOYA,0.9825522507597917
IT910000,FERT,PULS,0.5588165586851637
IT910000,FERT,POTA,1.617637725264702
IT910000,FERT,SUGB,3.241363628770879
IT910000,FERT,MAIF,2.851894827792853
IT910000,FERT,OFAR,1.26349076726933
IT910000,FERT,OSET,0.02216956916593499
IT910000,FERT,VSET,0.0
IT910000,FERT,FALL,0.0
IT910000,REPM,SWHE,0.007067334204055439
IT910000,REPM,DWHE,0.0104736413356485
IT910000,REPM,BARL,0.005785974833633651
IT910000,REPM,OATS,0.003764139913261786
IT910000,REPM,MAIZ,0.02479967656774778
IT910000,REPM,OCER,0.01013906156184896
IT910000,REPM,RAPE,0.005536218854178702
IT910000,REPM,SUNF,0.01156483545364394
IT910000,REPM,SOYA,0.01649508676023569
IT910000,REPM,PULS,0.0181099896200999
IT910000,REPM,POTA,0.1067603208182608
IT910000,REPM,SUGB,0.02513962398791269
IT910000,REPM,MAIF,0.01972241893525242
IT910000,REPM,OFAR,0.008005895896048254
IT910000,REPM,OSET,0.003821704984450265
IT910000,REPM,VSET,0.003680493499644743
IT910000,REPM,FALL,0.0
IT910000,REPB,SWHE,0.004502222653867556
IT910000,REPB,DWHE,0.00376484753642839
IT910000,REPB,BARL,0.00360618241748824
IT910000,REPB,OATS,0.002619570240678372
IT910000,REPB,MAIZ,0.01153785466824655
IT910000,REPB,OCER,0.004234553708977495
IT910000,REPB,RAPE,0.001918854255868209
IT910000,REPB,SUNF,0.003987055220911671
IT910000,REPB,SOYA,0.005485997673966915
IT910000,REPB,PULS,0.007898056738453993
IT910000,REPB,POTA,0.0443645897538931
IT910000,REPB,SUGB,0.01251138377848118
IT910000,REPB,MAIF,0.008100753476354238
IT910000,REPB,OFAR,0.003472075353820455
IT910000,REPB,OSET,0.001698381764699182
IT910000,REPB,VSET,0.001586385781369865
IT910000,REPB,FALL,0.0
IT910000,ELEC,SWHE,0.00427433559215452
IT910000,ELEC,DWHE,0.004915005451127824
IT910000,ELEC,BARL,0.004467208741558813
IT910000,ELEC,OATS,0.002207331953290525
IT910000,ELEC,MAIZ,0.004616803121453004
IT910000,ELEC,OCER,0.001204779982344749
IT910000,ELEC,RAPE,0.001415382565513879
IT910000,ELEC,SUNF,0.003599777126685985
IT910000,ELEC,SOYA,0.003284520112907522
IT910000,ELEC,PULS,0.001299752768062397
IT910000,ELEC,POTA,0.00156045394965293
IT910000,ELEC,SUGB,0.003780738739097274
IT910000,ELEC,MAIF,0.004520072776173454
IT910000,ELEC,OFAR,0.005440802068788875
IT910000,ELEC,OSET,0.0
IT910000,ELEC,VSET,0.0
IT910000,ELEC,FALL,0.0
IT910000,EGAS,SWHE,5.670888387006472e-05
IT910000,EGAS,DWHE,8.199138966990693e-05
IT910000,EGAS,BARL,5.163096109510781e-05
IT910000,EGAS,OATS,0.0001445347384610059
IT910000,EGAS,MAIZ,2.893039479041758e-05
IT910000,EGAS,OCER,0.0005816706290472857
IT910000,EGAS,RAPE,0.0009043752479680816
IT910000,EGAS,SUNF,0.0002128567036809752
IT910000,EGAS,SOYA,7.522928729369264e-05
IT910000,EGAS,PULS,0.0
IT910000,EGAS,POTA,0.0
IT910000,EGAS,SUGB,0.0
IT910000,EGAS,MAIF,0.0
IT910000,EGAS,OFAR,0.0
IT910000,EGAS,OSET,0.0
IT910000,EGAS,VSET,0.0
IT910000,EGAS,FALL,0.0
IT910000,EFUL,SWHE,0.02391692602169646
IT910000,EFUL,DWHE,0.08300351530871194
IT910000,EFUL,BARL,0.03440069091264276
IT910000,EFUL,OATS,0.05971213684822273
IT910000,EFUL,MAIZ,0.03484617119697193
IT910000,EFUL,OCER,0.1565614780318574
IT910000,EFUL,RAPE,0.1992086144440842
IT910000,EFUL,SUNF,0.139300361034479
IT910000,EFUL,SOYA,0.1220529449454724
IT910000,EFUL,PULS,0.04458952064241481
IT910000,EFUL,POTA,0.04614691755867135
IT910000,EFUL,SUGB,0.02388632946867918
IT910000,EFUL,MAIF,0.09399800157058513
IT910000,EFUL,OFAR,0.01716603042480698
IT910000,EFUL,OSET,0.01040983697894425
IT910000,EFUL,VSET,0.01320108138457802
IT910000,EFUL,FALL,0.0
IT910000,ELUB,SWHE,0.003424957395089669
IT910000,ELUB,DWHE,0.004906108901353015
IT910000,ELUB,BARL,0.003676337447874885
IT910000,ELUB,OATS,0.003124311499848027
IT910000,ELUB,MAIZ,0.004335709702413371
IT910000,ELUB,OCER,0.003767865068402144
IT910000,ELUB,RAPE,0.004451189370268711
IT910000,ELUB,SUNF,0.004446326429718875
IT910000,ELUB,SOYA,0.003871724634608668
IT910000,ELUB,PULS,0.00460157957636037
IT910000,ELUB,POTA,0.007110051368487036
IT910000,ELUB,SUGB,0.005057748668654481
IT910000,ELUB,MAIF,0.006118485006814223
IT910000,ELUB,OFAR,0.004268267100717726
IT910000,ELUB,OSET,0.0008423764806170157
IT910000,ELUB,VSET,0.0008876068470517176
IT910000,ELUB,FALL,0.0
IT910000,INPO,SWHE,0.02310309655480516
IT910000,INPO,DWHE,0.1170058573302991
IT910000,INPO,BARL,0.02869171301789407
IT910000,INPO,OATS,0.01703846695829089
IT910000,INPO,MAIZ,0.04198157279402055
IT910000,INPO,OCER,0.0619674929769647
IT910000,INPO,RAPE,0.03926703557674593
IT910000,INPO,SUNF,0.1080955878043138
IT910000,INPO,SOYA,0.1391654255712763
IT910000,INPO,PULS,0.05716386021968912
IT910000,INPO,POTA,0.4129139722869539
IT910000,INPO,SUGB,0.0262212985861727
IT910000,INPO,MAIF,0.1250794061385647
IT910000,INPO,OFAR,0.0354434023098438
IT910000,INPO,OSET,0.008484266508402805
IT910000,INPO,VSET,0.01045130726733439
IT910000,INPO,FALL,0.0
IT920000,SEED,SWHE,0.007844041847813486
IT920000,SEED,DWHE,0.02176549902737039
IT920000,SEED,BARL,0.005289571521639518
IT920000,SEED,OATS,0.004294457284476167
IT920000,SEED,MAIZ,0.01476536353560242
IT920000,SEED,OCER,0.01926383180782767
IT920000,SEED,POTA,0.08453584512599366
IT920000,SEED,OFAR,0.03340682362195245
IT920000,SEED,OSET,0.003010423371824887
IT920000,SEED,VSET,0.0
IT920000,SEED,FALL,0.0
IT920000,PLAP,SWHE,0.01441164353892796
IT920000,PLAP,DWHE,0.02587841889416814
IT920000,PLAP,BARL,0.01102062706888445
IT920000,PLAP,OATS,0.01011980819355647
IT920000,PLAP,MAIZ,0.03483716400728955
IT920000,PLAP,OCER,0.03371285196665072
IT920000,PLAP,POTA,0.1614462021465418
IT920000,PLAP,OFAR,0.01846139507913493
IT920000,PLAP,OSET,0.00156678120259081
IT920000,PLAP,VSET,0.0
IT920000,PLAP,FALL,0.0
IT920000,FERT,SWHE,0.8611665357869717
IT920000,FERT,DWHE,0.9823750146407203
IT920000,FERT,BARL,0.9729970014088214
IT920000,FERT,OATS,0.7824814419262547
IT920000,FERT,MAIZ,2.02490876116664
IT920000,FERT,OCER,1.292347128655749
IT920000,FERT,POTA,0.8313339513404459
IT920000,FERT,OFAR,2.824498835907232
IT920000,FERT,OSET,0.04653409053372439
IT920000,FERT,VSET,0.0
IT920000,FERT,FALL,0.0
IT920000,REPM,SWHE,0.007292489822362988
IT920000,REPM,DWHE,0.0101417581152422
IT920000,REPM,BARL,0.005751064877138546
IT920000,REPM,OATS,0.003832457206474193
IT920000,REPM,MAIZ,0.02373146929968007
IT920000,REPM,OCER,0.009921099854492238
IT920000,REPM,POTA,0.09763308020716431
IT920000,REPM,OFAR,0.01059375651575043
IT920000,REPM,OSET,0.003940126197525711
IT920000,REPM,VSET,0.00368049316896889
IT920000,REPM,FALL,0.0
IT920000,REPB,SWHE,0.004429360276172419
IT920000,REPB,DWHE,0.003645447583739114
IT920000,REPB,BARL,0.003584659137094338
IT920000,REPB,OATS,0.002593082012277162
IT920000,REPB,MAIZ,0.01107138616445802
IT920000,REPB,OCER,0.00402583145936877
IT920000,REPB,POTA,0.04057208160684833
IT920000,REPB,OFAR,0.004596778732398613
IT920000,REPB,OSET,0.001728330989602877
IT920000,REPB,VSET,0.001586385727174179
IT920000,REPB,FALL,0.0
IT920000,ELEC,SWHE,0.004154215707053945
IT920000,ELEC,DWHE,0.004679354091927043
IT920000,ELEC,BARL,0.004426381673645695
IT920000,ELEC,OATS,0.002194592031237652
IT920000,ELEC,MAIZ,0.004368486639863266
IT920000,ELEC,OCER,0.001060057441342923
IT920000,ELEC,POTA,0.001357418104163178
IT920000,ELEC,OFAR,0.0079121086127939
IT920000,ELEC,OSET,0.0
IT920000,ELEC,VSET,0.0
IT920000,ELEC,FALL,0.0
IT920000,EGAS,SWHE,6.415478440750359e-05
IT920000,EGAS,DWHE,7.840506409826965e-05
IT920000,EGAS,BARL,5.121710005997817e-05
IT920000,EGAS,OATS,0.0001676538280123363
IT920000,EGAS,MAIZ,2.758811139196326e-05
IT920000,EGAS,OCER,0.0006184210003545631
IT920000,EGAS,POTA,0.0
IT920000,EGAS,OFAR,0.0
IT920000,EGAS,OSET,0.0
IT920000,EGAS,VSET,0.0
IT920000,EGAS,FALL,0.0
IT920000,EFUL,SWHE,0.0300016920526808
IT920000,EFUL,DWHE,0.07899589881055634
IT920000,EFUL,BARL,0.03413789652079691
IT920000,EFUL,OATS,0.0570363866516672
IT920000,EFUL,MAIZ,0.0280598595839357
IT920000,EFUL,OCER,0.1566859716894052
IT920000,EFUL,POTA,0.04009303088979878
IT920000,EFUL,OFAR,0.02497469597986349
IT920000,EFUL,OSET,0.01101065246069787
IT920000,EFUL,VSET,0.01320108145979203
IT920000,EFUL,FALL,0.0
IT920000,ELUB,SWHE,0.003374608702740481
IT920000,ELUB,DWHE,0.004673738632282888
IT920000,ELUB,BARL,0.003643332035437949
IT920000,ELUB,OATS,0.003124910470018289
IT920000,ELUB,MAIZ,0.004061917059333366
IT920000,ELUB,OCER,0.003622336981800538
IT920000,ELUB,POTA,0.006177168796246798
IT920000,ELUB,OFAR,0.006055459251328546
IT920000,ELUB,OSET,0.0008497164344921927
IT920000,ELUB,VSET,0.0008876069903154028
IT920000,ELUB,FALL,0.0
IT920000,INPO,SWHE,0.02690146516441466
IT920000,INPO,DWHE,0.1075563120324365
IT920000,INPO,BARL,0.02830228653429601
IT920000,INPO,OATS,0.02037464511551217
IT920000,INPO,MAIZ,0.03658803599977663
IT920000,INPO,OCER,0.06749994994028191
IT920000,INPO,POTA,0.3175874213953428
IT920000,INPO,OFAR,0.06342255883425926
IT920000,INPO,OSET,0.01242713211421367
IT920000,INPO,VSET,0.01045130613578762
IT920000,INPO,FALL,0.0
IT930000,SEED,SWHE,0.006256728076442565
IT930000,SEED,DWHE,0.022895209255852
IT930000,SEED,BARL,0.004948148669718401
IT930000,SEED,OATS,0.003573558685367172
IT930000,SEED,MAIZ,0.02277231365450285
IT930000,SEED,OCER,0.01768990633238287
IT930000,SEED,PULS,0.03679199173259314
IT930000,SEED,POTA,0.1467557188294099
IT930000,SEED,SUGB,0.0193346430393954
IT930000,SEED,MAIF,0.03245379237827917
IT930000,SEED,OFAR,0.02375637910996487
IT930000,SEED,OSET,0.01018991807058149
IT930000,SEED,VSET,0.0
IT930000,SEED,FALL,0.0
IT930000,PLAP,SWHE,0.01499595593285141
IT930000,PLAP,DWHE,0.02648958802971651
IT930000,PLAP,BARL,0.01059713247259205
IT930000,PLAP,OATS,0.01075149568115726
IT930000,PLAP,MAIZ,0.03545221221228698
IT930000,PLAP,OCER,0.01714061832570074
IT930000,PLAP,PULS,0.01103141250528724
IT930000,PLAP,POTA,0.2145993203692045
IT930000,PLAP,SUGB,0.08988456951616791
IT930000,PLAP,MAIF,0.03615108969245057
IT930000,PLAP,OFAR,0.01685442784611983
IT930000,PLAP,OSET,0.004913787364748218
IT930000,PLAP,VSET,0.0
IT930000,PLAP,FALL,0.0
IT930000,FERT,SWHE,0.964072204852432
IT930000,FERT,DWHE,1.025203888310384
IT930000,FERT,BARL,0.9192688418602986
IT930000,FERT,OATS,0.9562034193089479
IT930000,FERT,MAIZ,1.92468631559655
IT930000,FERT,OCER,1.199739866260675
IT930000,FERT,PULS,0.6303166011457061
IT930000,FERT,POTA,1.691496621377903
IT930000,FERT,SUGB,3.554787264104905
IT930000,FERT,MAIF,2.878964903233356
IT930000,FERT,OFAR,1.866698126196442
IT930000,FERT,OSET,0.1293770011760656
IT930000,FERT,VSET,0.0
IT930000,FERT,FALL,0.0
IT930000,REPM,SWHE,0.007400898823746732
IT930000,REPM,DWHE,0.0102482736827858
IT930000,REPM,BARL,0.005689111119591899
IT930000,REPM,OATS,0.003980035970028411
IT930000,REPM,MAIZ,0.02384346900467031
IT930000,REPM,OCER,0.009906388852863643
IT930000,REPM,PULS,0.01861871318145392
IT930000,REPM,POTA,0.1076164197466977
IT930000,REPM,SUGB,0.02548408265696783
IT930000,REPM,MAIF,0.0196872757798177
IT930000,REPM,OFAR,0.00897050578383497
IT930000,REPM,OSET,0.004889153262221946
IT930000,REPM,FALL,0.0
IT930000,REPB,SWHE,0.004494028836940944
IT930000,REPB,DWHE,0.003683871716670618
IT930000,REPB,BARL,0.003544492741874928
IT930000,REPB,OATS,0.00273402907158001
IT930000,REPB,MAIZ,0.01109272390116079
IT930000,REPB,OCER,0.004141434126682626
IT930000,REPB,PULS,0.008118928088344055
IT930000,REPB,POTA,0.04471553673928297
IT930000,REPB,SUGB,0.01268534518096366
IT930000,REPB,MAIF,0.008088696506631084
IT930000,REPB,OFAR,0.003888799600318832
IT930000,REPB,OSET,0.001990663134806939
IT930000,REPB,FALL,0.0
IT930000,ELEC,SWHE,0.004250858235502349
IT930000,ELEC,DWHE,0.004754901090482059
IT930000,ELEC,BARL,0.004350361935704289
IT930000,ELEC,OATS,0.002393049883753797
IT930000,ELEC,MAIZ,0.004340514177995442
IT930000,ELEC,OCER,0.00118448058631357
IT930000,ELEC,PULS,0.001350008437750879
IT930000,ELEC,POTA,0.001569642212241856
IT930000,ELEC,SUGB,0.003867861727855783
IT930000,ELEC,MAIF,0.004521395114603331
IT930000,ELEC,OFAR,0.006412405545519999
IT930000,ELEC,OSET,0.0
IT930000,ELEC,VSET,0.0
IT930000,ELEC,FALL,0.0
IT930000,EGAS,SWHE,6.54084451743849e-05
IT930000,EGAS,DWHE,7.927835949184949e-05
IT930000,EGAS,BARL,5.014826059061685e-05
IT930000,EGAS,OATS,0.0001520089534830782
IT930000,EGAS,MAIZ,2.719426721137661e-05
IT930000,EGAS,OCER,0.0005609434328915045
IT930000,EGAS,PULS,0.0
IT930000,EGAS,POTA,0.0
IT930000,EGAS,SUGB,0.0
IT930000,EGAS,MAIF,0.0
IT930000,EGAS,OFAR,0.0
IT930000,EGAS,OSET,0.0
IT930000,EGAS,VSET,0.0
IT930000,EGAS,FALL,0.0
IT930000,EFUL,SWHE,0.03060309069477846
IT930000,EFUL,DWHE,0.08029993073560217
IT930000,EFUL,BARL,0.02962472397203385
IT930000,EFUL,OATS,0.05551704378079086
IT930000,EFUL,MAIZ,0.03277080546259072
IT930000,EFUL,OCER,0.1502921132931069
IT930000,EFUL,PULS,0.04651678926962866
IT930000,EFUL,POTA,0.04677468212438986
IT930000,EFUL,SUGB,0.02432084271582294
IT930000,EFUL,MAIF,0.09368817161027818
IT930000,EFUL,OFAR,0.02023039819718029
IT930000,EFUL,OSET,0.01382875752504343
IT930000,EFUL,FALL,0.0
IT930000,ELUB,SWHE,0.00345197920943134
IT930000,ELUB,DWHE,0.004745841875806379
IT930000,ELUB,BARL,0.003454147587916036
IT930000,ELUB,OATS,0.003337745442254759
IT930000,ELUB,MAIZ,0.004076319014478212
IT930000,ELUB,OCER,0.003657807968264458
IT930000,ELUB,PULS,0.004798757555763006
IT930000,ELUB,POTA,0.007197556827150326
IT930000,ELUB,SUGB,0.005159524572325829
IT930000,ELUB,MAIF,0.006102220392772152
IT930000,ELUB,OFAR,0.005046941224872471
IT930000,ELUB,OSET,0.0008752134266122219
IT930000,ELUB,FALL,0.0
IT930000,INPO,SWHE,0.02792492528497187
IT930000,INPO,DWHE,0.1105254682313301
IT930000,INPO,BARL,0.02705599839048138
IT930000,INPO,OATS,0.01855262391371503
IT930000,INPO,MAIZ,0.03754916086542567
IT930000,INPO,OCER,0.05688687482872616
IT930000,INPO,PULS,0.06138837020202077
IT930000,INPO,POTA,0.4227130393124394
IT930000,INPO,SUGB,0.02581297442461405
IT930000,INPO,MAIF,0.1241505623389438
IT930000,INPO,OFAR,0.04606224369519522
IT930000,INPO,OSET,0.02502783284230965
IT930000,INPO,FALL,0.0
ITA00000,SEED,DWHE,0.02340299343426034
ITA00000,SEED,BARL,0.004743508585062015
ITA00000,SEED,OATS,0.003553782125729768
ITA00000,SEED,OCER,0.02519584376416073
ITA00000,SEED,PULS,0.02812877642772557
ITA00000,SEED,POTA,0.1482592043921356
ITA00000,SEED,MAIF,0.03523504514119644
ITA00000,SEED,OFAR,0.02137595076264553
ITA00000,SEED,OSET,0.004497525130099575
ITA00000,SEED,VSET,0.0
ITA00000,SEED,FALL,0.0
ITA00000,PLAP,DWHE,0.02690181938777021
ITA00000,PLAP,BARL,0.01038663269142068
ITA00000,PLAP,OATS,0.01092442184221378
ITA00000,PLAP,OCER,0.03320048160700717
ITA00000,PLAP,PULS,0.01011882138589614
ITA00000,PLAP,POTA,0.2159611136640451
ITA00000,PLAP,MAIF,0.03792202117566086
ITA00000,PLAP,OFAR,0.01481942262780319
ITA00000,PLAP,OSET,0.002506954042460056
ITA00000,PLAP,VSET,0.0
ITA00000,PLAP,FALL,0.0
ITA00000,FERT,DWHE,1.054403191924584
ITA00000,FERT,BARL,0.8906092469602251
ITA00000,FERT,OATS,1.11955813758393
ITA00000,FERT,OCER,1.567443541666319
ITA00000,FERT,PULS,0.5790613751695473
ITA00000,FERT,POTA,1.764310507882276
ITA00000,FERT,MAIF,3.254297844038016
ITA00000,FERT,OFAR,1.73409242367058
ITA00000,FERT,OSET,0.0904634878542436
ITA00000,FERT,VSET,0.0
ITA00000,FERT,FALL,0.0
ITA00000,REPM,DWHE,0.01030070177165501
ITA00000,REPM,BARL,0.005642895288080822
ITA00000,REPM,OATS,0.004099020818639039
ITA00000,REPM,OCER,0.01025667489287808
ITA00000,REPM,PULS,0.0180272340145936
ITA00000,REPM,POTA,0.1078619250337499
ITA00000,REPM,MAIF,0.02002118105572635
ITA00000,REPM,OFAR,0.008685100332877674
ITA00000,REPM,OSET,0.003896187268389712
ITA00000,REPM,VSET,0.003680493158136638
ITA00000,REPM,FALL,0.0
ITA00000,REPB,DWHE,0.003702696773267228
ITA00000,REPB,BARL,0.003516528958946102
ITA00000,REPB,OATS,0.002754063497565846
ITA00000,REPB,OCER,0.0041558742846019
ITA00000,REPB,PULS,0.007863448754251328
ITA00000,REPB,POTA,0.04481758141738869
ITA00000,REPB,MAIF,0.00822374354591129
ITA00000,REPB,OFAR,0.003766968687826096
ITA00000,REPB,OSET,0.001702572949560184
ITA00000,REPB,VSET,0.001586385726966131
ITA00000,REPB,FALL,0.0
ITA00000,ELEC,DWHE,0.004792148409210556
ITA00000,ELEC,BARL,0.004295173162064987
ITA00000,ELEC,OATS,0.002442316295119624
ITA00000,ELEC,OCER,0.001134472889037591
ITA00000,ELEC,PULS,0.001298986601509539
ITA00000,ELEC,POTA,0.001576078704350083
ITA00000,ELEC,MAIF,0.004625044851142503
ITA00000,ELEC,OFAR,0.006109245660077821
ITA00000,ELEC,OSET,0.0
ITA00000,ELEC,VSET,0.0
ITA00000,ELEC,FALL,0.0
ITA00000,EGAS,DWHE,8.007991872544318e-05
ITA00000,EGAS,BARL,4.959944742951717e-05
ITA00000,EGAS,OATS,0.0001638906249187732
ITA00000,EGAS,OCER,0.0006339123089661585
ITA00000,EGAS,PULS,0.0
ITA00000,EGAS,POTA,0.0
ITA00000,EGAS,MAIF,0.0
ITA00000,EGAS,OFAR,0.0
ITA00000,EGAS,OSET,0.0
ITA00000,EGAS,VSET,0.0
ITA00000,EGAS,FALL,0.0
ITA00000,EFUL,DWHE,0.08090898101212697
ITA00000,EFUL,BARL,0.03302543814988518
ITA00000,EFUL,OATS,0.0518907133340541
ITA00000,EFUL,OCER,0.1697143378663059
ITA00000,EFUL,PULS,0.04424739052951406
ITA00000,EFUL,POTA,0.04695067280807955
ITA00000,EFUL,MAIF,0.09620043773062054
ITA00000,EFUL,OFAR,0.01927579152316103
ITA00000,EFUL,OSET,0.01167872436297867
ITA00000,EFUL,VSET,0.01320108146193627
ITA00000,EFUL,FALL,0.0
ITA00000,ELUB,DWHE,0.004784525780566168
ITA00000,ELUB,BARL,0.00353381836848598
ITA00000,ELUB,OATS,0.003399783429405293
ITA00000,ELUB,OCER,0.003809578725999505
ITA00000,ELUB,PULS,0.004568225336549683
ITA00000,ELUB,POTA,0.007224499614897849
ITA00000,ELUB,MAIF,0.006259853165413868
ITA00000,ELUB,OFAR,0.004782065291043851
ITA00000,ELUB,OSET,0.0008618625475467286
ITA00000,ELUB,VSET,0.000887606990498787
ITA00000,ELUB,FALL,0.0
ITA00000,INPO,DWHE,0.1120716240666342
ITA00000,INPO,BARL,0.02659629392121841
ITA00000,INPO,OATS,0.01844359163972384
ITA00000,INPO,OCER,0.06931780032766802
ITA00000,INPO,PULS,0.05773655480726421
ITA00000,INPO,POTA,0.4253136128870049
ITA00000,INPO,MAIF,0.1302647923986096
ITA00000,INPO,OFAR,0.04225718901575605
ITA00000,INPO,OSET,0.0129334146000515
ITA00000,INPO,VSET,0.01045130637616987
ITA00000,INPO,FALL,0.0
ITB00000,SEED,SWHE,0.005021297848742539
ITB00000,SEED,DWHE,0.01809249763449045
ITB00000,SEED,BARL,0.004210226599153989
ITB00000,SEED,OATS,0.003040108498086932
ITB00000,SEED,MAIZ,0.03230329636195656
ITB00000,SEED,OCER,0.01518820143582934
ITB00000,SEED,RAPE,0.01489691560533852
ITB00000,SEED,PULS,0.02926309914547454
ITB00000,SEED,POTA,0.1408006096781748
ITB00000,SEED,SUGB,0.01895807297803868
ITB00000,SEED,MAIF,0.04491528575167686
ITB00000,SEED,OFAR,0.01592358763929893
ITB00000,SEED,OSET,0.01827269655453071
ITB00000,SEED,VSET,0.0
ITB00000,SEED,FALL,0.0
ITB00000,PLAP,SWHE,0.01443864412829513
ITB00000,PLAP,DWHE,0.0233864388242354
ITB00000,PLAP,BARL,0.00979703668062808
ITB00000,PLAP,OATS,0.009885597401124728
ITB00000,PLAP,MAIZ,0.04307187230120276
ITB00000,PLAP,OCER,0.03189357558231992
ITB00000,PLAP,RAPE,0.02671188870559839
ITB00000,PLAP,PULS,0.01036319474534367
ITB00000,PLAP,POTA,0.209540029432824
ITB00000,PLAP,SUGB,0.08898107147326725
ITB00000,PLAP,MAIF,0.04395947007652479
ITB00000,PLAP,OFAR,0.01264757907475527
ITB00000,PLAP,OSET,0.009523551296145157
ITB00000,PLAP,VSET,0.0
ITB00000,PLAP,FALL,0.0
ITB00000,FERT,SWHE,1.030295989755454
ITB00000,FERT,DWHE,0.7556470764468622
ITB00000,FERT,BARL,0.7024983098122177
ITB00000,FERT,OATS,0.6609137160688707
ITB00000,FERT,MAIZ,3.100720493332597
ITB00000,FERT,OCER,1.014131301043093
ITB00000,FERT,RAPE,0.6022300567184804
ITB00000,FERT,PULS,0.5842017472652444
ITB00000,FERT,POTA,1.636651863704112
ITB00000,FERT,SUGB,3.490770893217066
ITB00000,FERT,MAIF,4.428865555523466
ITB00000,FERT,OFAR,1.238809596638741
ITB00000,FERT,OSET,0.284386665896713
ITB00000,FERT,VSET,0.0
ITB00000,FERT,FALL,0.0
ITB00000,REPM,SWHE,0.007484648044199958
ITB00000,REPM,DWHE,0.009779051181716255
ITB00000,REPM,BARL,0.005527459507271293
ITB00000,REPM,OATS,0.003602841410060979
ITB00000,REPM,MAIZ,0.02557384695178431
ITB00000,REPM,OCER,0.009501816239182583
ITB00000,REPM,RAPE,0.004845616897513519
ITB00000,REPM,PULS,0.01818308252481374
ITB00000,REPM,POTA,0.1066554354048349
ITB00000,REPM,SUGB,0.02531207748747222
ITB00000,REPM,MAIF,0.02120348844248027
ITB00000,REPM,OFAR,0.007907986301501364
ITB00000,REPM,OSET,0.005693726778828793
ITB00000,REPM,VSET,0.003680484594838945
ITB00000,REPM,FALL,0.0
ITB00000,REPB,SWHE,0.004532954765135717
ITB00000,REPB,DWHE,0.003514955232881305
ITB00000,REPB,BARL,0.003445738885159095
ITB00000,REPB,OATS,0.00251801990276398
ITB00000,REPB,MAIZ,0.01189075017755742
ITB00000,REPB,OCER,0.003985875844818181
ITB00000,REPB,RAPE,0.001662165477558221
ITB00000,REPB,PULS,0.007930701939487401
ITB00000,REPB,POTA,0.04431544683413505
ITB00000,REPB,SUGB,0.01259682585497778
ITB00000,REPB,MAIF,0.008709762057146707
ITB00000,REPB,OFAR,0.003429363898786254
ITB00000,REPB,OSET,0.002187789664524447
ITB00000,REPB,VSET,0.001586385726030329
ITB00000,REPB,FALL,0.0
ITB00000,ELEC,SWHE,0.004306870445356082
ITB00000,ELEC,DWHE,0.004421855337831024
ITB00000,ELEC,BARL,0.004154684761306386
ITB00000,ELEC,OATS,0.002050248216108449
ITB00000,ELEC,MAIZ,0.004826057898624726
ITB00000,ELEC,OCER,0.001025253335782164
ITB00000,ELEC,RAPE,0.001165490858608788
ITB00000,ELEC,PULS,0.001312330806370027
ITB00000,ELEC,POTA,0.001546400351742708
ITB00000,ELEC,SUGB,0.003821127635983158
ITB00000,ELEC,MAIF,0.005056683864348637
ITB00000,ELEC,OFAR,0.005345412581391459
ITB00000,ELEC,OSET,0.0
ITB00000,ELEC,VSET,0.0
ITB00000,ELEC,FALL,0.0
ITB00000,EGAS,SWHE,6.419126978371826e-05
ITB00000,EGAS,DWHE,7.407628921622081e-05
ITB00000,EGAS,BARL,4.803372217305954e-05
ITB00000,EGAS,OATS,0.0001390405998217809
ITB00000,EGAS,MAIZ,3.01928516304265e-05
ITB00000,EGAS,OCER,0.0006039370435061639
ITB00000,EGAS,RAPE,0.000836757563379436
ITB00000,EGAS,PULS,0.0
ITB00000,EGAS,POTA,0.0
ITB00000,EGAS,SUGB,0.0
ITB00000,EGAS,MAIF,0.0
ITB00000,EGAS,OFAR,0.0
ITB00000,EGAS,OSET,0.0
ITB00000,EGAS,VSET,0.0
ITB00000,EGAS,FALL,0.0
ITB00000,EFUL,SWHE,0.03020739016174941
ITB00000,EFUL,DWHE,0.0746692402902276
ITB00000,EFUL,BARL,0.03203101784577876
ITB00000,EFUL,OATS,0.0570907328971076
ITB00000,EFUL,MAIZ,0.04081555628279161
ITB00000,EFUL,OCER,0.1476882846470006
ITB00000,EFUL,RAPE,0.184340708266312
ITB00000,EFUL,PULS,0.04485131971841942
ITB00000,EFUL,POTA,0.04614631058302232
ITB00000,EFUL,SUGB,0.02416694236685514
ITB00000,EFUL,MAIF,0.1049096980167982
ITB00000,EFUL,OFAR,0.01686488899598201
ITB00000,EFUL,OSET,0.02455826776966486
ITB00000,EFUL,VSET,0.0132010814579841
ITB00000,EFUL,FALL,0.0
ITB00000,ELUB,SWHE,0.003487593269296627
ITB00000,ELUB,DWHE,0.004416500031004096
ITB00000,ELUB,BARL,0.003420024038321207
ITB00000,ELUB,OATS,0.002942447353032494
ITB00000,ELUB,MAIZ,0.004541579783572358
ITB00000,ELUB,OCER,0.003343095921279222
ITB00000,ELUB,RAPE,0.00383996120638088
ITB00000,ELUB,PULS,0.004629954908586908
ITB00000,ELUB,POTA,0.00709946068206632
ITB00000,ELUB,SUGB,0.005113119822781617
ITB00000,ELUB,MAIF,0.006835478661194669
ITB00000,ELUB,OFAR,0.004196122064666906
ITB00000,ELUB,OSET,0.001023842216382382
ITB00000,ELUB,VSET,0.0008876069908129641
ITB00000,ELUB,FALL,0.0
ITB00000,INPO,SWHE,0.0270062157124855
ITB00000,INPO,DWHE,0.09714008267333953
ITB00000,INPO,BARL,0.02514083612269165
ITB00000,INPO,OATS,0.01717185827005283
ITB00000,INPO,MAIZ,0.04566638705874269
ITB00000,INPO,OCER,0.06256126284389406
ITB00000,INPO,RAPE,0.04478471944536451
ITB00000,INPO,PULS,0.0590989009629839
ITB00000,INPO,POTA,0.412805654114757
ITB00000,INPO,SUGB,0.02927482767984036
ITB00000,INPO,MAIF,0.1509215913686703
ITB00000,INPO,OFAR,0.03454421558983153
ITB00000,INPO,OSET,0.03773547271328899
ITB00000,INPO,VSET,0.01045130625905848
ITB00000,INPO,FALL,0.0
NL110000,SEED,SWHE,0.07206501892743788
NL110000,SEED,BARL,0.05235327765739034
NL110000,SEED,POTA,0.3310240027747758
NL110000,SEED,SUGB,0.1709731963796
NL110000,SEED,MAIF,0.06628632734043009
NL110000,SEED,OFAR,0.03961153261366898
NL110000,SEED,OSET,0.0
NL110000,SEED,VSET,0.0
NL110000,SEED,FALL,0.0
NL110000,PLAP,SWHE,0.1475328016517267
NL110000,PLAP,BARL,0.1723781359662186
NL110000,PLAP,POTA,0.2387421012846073
NL110000,PLAP,SUGB,0.1885438368111772
NL110000,PLAP,MAIF,0.08694294540058878
NL110000,PLAP,OFAR,0.03473514943121938
NL110000,PLAP,OSET,0.0
NL110000,PLAP,VSET,0.0
NL110000,PLAP,FALL,0.0
NL110000,FERT,SWHE,3.988421103122808
NL110000,FERT,BARL,2.934743137811208
NL110000,FERT,POTA,4.522684378389514
NL110000,FERT,SUGB,6.008039676550352
NL110000,FERT,MAIF,4.36842556834555
NL110000,FERT,OFAR,3.904329984970366
NL110000,FERT,OSET,0.0
NL110000,FERT,VSET,0.0
NL110000,FERT,FALL,0.0
NL110000,REPM,SWHE,0.0260976441367906
NL110000,REPM,BARL,0.02960581474373215
NL110000,REPM,POTA,0.1174741076566584
NL110000,REPM,SUGB,0.07719359895748612
NL110000,REPM,MAIF,0.02834216349459767
NL110000,REPM,OFAR,0.02249456226454831
NL110000,REPM,OSET,0.0106346278796684
NL110000,REPM,FALL,0.0
NL110000,REPB,SWHE,0.00682268054996357
NL110000,REPB,BARL,0.005930786509211286
NL110000,REPB,POTA,0.03791012193895403
NL110000,REPB,SUGB,0.01955399397745069
NL110000,REPB,MAIF,0.006627212014378984
NL110000,REPB,OFAR,0.004490370498511047
NL110000,REPB,OSET,0.00160307248114526
NL110000,REPB,FALL,0.0
NL110000,ELEC,SWHE,0.001188302874149473
NL110000,ELEC,BARL,0.001092468857491053
NL110000,ELEC,POTA,0.001249194836740136
NL110000,ELEC,SUGB,0.001187284836696942
NL110000,ELEC,MAIF,0.0009693181967993501
NL110000,ELEC,OFAR,0.001531771477345419
NL110000,ELEC,OSET,0.0
NL110000,ELEC,VSET,0.0
NL110000,ELEC,FALL,0.0
NL110000,EGAS,SWHE,0.001007216405284236
NL110000,EGAS,BARL,0.001473288756369398
NL110000,EGAS,POTA,0.0
NL110000,EGAS,SUGB,0.0
NL110000,EGAS,MAIF,0.0
NL110000,EGAS,OFAR,0.0
NL110000,EGAS,OSET,0.0
NL110000,EGAS,VSET,0.0
NL110000,EGAS,FALL,0.0
NL110000,EFUL,SWHE,0.06618193737180617
NL110000,EFUL,BARL,0.08097276635768082
NL110000,EFUL,POTA,0.1110922912308579
NL110000,EFUL,SUGB,0.09091300184573349
NL110000,EFUL,MAIF,0.08751914109109754
NL110000,EFUL,OFAR,0.2155508572439923
NL110000,EFUL,OSET,0.02242966581426467
NL110000,EFUL,FALL,0.0
NL110000,ELUB,SWHE,0.01889024814297376
NL110000,ELUB,BARL,0.02118297067078006
NL110000,ELUB,POTA,0.03055420599977288
NL110000,ELUB,SUGB,0.02420732918553899
NL110000,ELUB,MAIF,0.02796642182176375
NL110000,ELUB,OFAR,0.02868668670714046
NL110000,ELUB,OSET,0.01039472105837624
NL110000,ELUB,FALL,0.0
NL110000,INPO,SWHE,0.2768008381935345
NL110000,INPO,BARL,0.1758363607076039
NL110000,INPO,POTA,1.35078852755851
NL110000,INPO,SUGB,0.58744481430356
NL110000,INPO,MAIF,0.271409465685568
NL110000,INPO,OFAR,0.2354900756843774
NL110000,INPO,OSET,0.05682016097783997
NL110000,INPO,FALL,0.0
NL120000,SEED,SWHE,0.07316932949230431
NL120000,SEED,BARL,0.05199479670098961
NL120000,SEED,PULS,0.3830680683219652
NL120000,SEED,POTA,0.3130590290909136
NL120000,SEED,SUGB,0.1755067219110361
NL120000,SEED,MAIF,0.06825206151749019
NL120000,SEED,OFAR,0.03045149344805709
NL120000,SEED,VSET,0.0
NL120000,SEED,FALL,0.0
NL120000,PLAP,SWHE,0.1491077065973864
NL120000,PLAP,BARL,0.1720541208555792
NL120000,PLAP,PULS,0.1508257965150725
NL120000,PLAP,POTA,0.2304913661351257
NL120000,PLAP,SUGB,0.1917454613682369
NL120000,PLAP,MAIF,0.08860748655170213
NL120000,PLAP,OFAR,0.02962103695211639
NL120000,PLAP,VSET,0.0
NL120000,PLAP,FALL,0.0
NL120000,FERT,SWHE,3.95289672347371
NL120000,FERT,BARL,2.837094295421437
NL120000,FERT,PULS,1.646560752717119
NL120000,FERT,POTA,4.258689416911215
NL120000,FERT,SUGB,6.061495928285532
NL120000,FERT,MAIF,4.455722049706957
NL120000,FERT,OFAR,2.713592059834513
NL120000,FERT,VSET,0.0
NL120000,FERT,FALL,0.0
NL120000,REPM,SWHE,0.0261971110323148
NL120000,REPM,BARL,0.02955919777261815
NL120000,REPM,PULS,0.2235190905846133
NL120000,REPM,POTA,0.1159620134789082
NL120000,REPM,SUGB,0.07770732986763032
NL120000,REPM,MAIF,0.0285508237702328
NL120000,REPM,OFAR,0.02123614846207221
NL120000,REPM,FALL,0.0
NL120000,REPB,SWHE,0.006848388881840403
NL120000,REPB,BARL,0.005921349846160789
NL120000,REPB,PULS,0.04616100459522975
NL120000,REPB,POTA,0.03741125357428146
NL120000,REPB,SUGB,0.01968064069773693
NL120000,REPB,MAIF,0.006673975971404698
NL120000,REPB,OFAR,0.004237958916547781
NL120000,REPB,FALL,0.0
NL120000,ELEC,SWHE,0.001194811088101896
NL120000,ELEC,BARL,0.001089623039776299
NL120000,ELEC,PULS,0.0009278903915545783
NL120000,ELEC,POTA,0.001225306970987145
NL120000,ELEC,SUGB,0.001198774088132646
NL120000,ELEC,MAIF,0.0009787330395464645
NL120000,ELEC,OFAR,0.00140130147601558
NL120000,ELEC,VSET,0.0
NL120000,ELEC,FALL,0.0
NL120000,EGAS,SWHE,0.001014030200753927
NL120000,EGAS,BARL,0.001469812133702027
NL120000,EGAS,PULS,0.0
NL120000,EGAS,POTA,0.0
NL120000,EGAS,SUGB,0.0
NL120000,EGAS,MAIF,0.0
NL120000,EGAS,OFAR,0.0
NL120000,EGAS,VSET,0.0
NL120000,EGAS,FALL,0.0
NL120000,EFUL,SWHE,0.06656954688189684
NL120000,EFUL,BARL,0.08083043386574548
NL120000,EFUL,PULS,0.07294923460672505
NL120000,EFUL,POTA,0.1087928850050497
NL120000,EFUL,SUGB,0.09182367511853341
NL120000,EFUL,MAIF,0.0884649967458285
NL120000,EFUL,OFAR,0.1964397776304338
NL120000,EFUL,FALL,0.0
NL120000,ELUB,SWHE,0.01900721424158555
NL120000,ELUB,BARL,0.02115303087864059
NL120000,ELUB,PULS,0.02311402833679668
NL120000,ELUB,POTA,0.0299266646138326
NL120000,ELUB,SUGB,0.02445318648345201
NL120000,ELUB,MAIF,0.02828532184131862
NL120000,ELUB,OFAR,0.02614869627847556
NL120000,ELUB,FALL,0.0
NL120000,INPO,SWHE,0.2793752568325903
NL120000,INPO,BARL,0.1750986869448411
NL120000,INPO,PULS,0.9485230169347251
NL120000,INPO,POTA,1.305669349702736
NL120000,INPO,SUGB,0.5969354331769714
NL120000,INPO,MAIF,0.276365037504383
NL120000,INPO,OFAR,0.2016924682787012
NL120000,INPO,FALL,0.0
NL130000,SEED,SWHE,0.06338107211137353
NL130000,SEED,RYEM,0.08973719567949259
NL130000,SEED,BARL,0.04844028671687521
NL130000,SEED,POTA,0.3336483518089148
NL130000,SEED,SUGB,0.161677165181882
NL130000,SEED,MAIF,0.06822292840381303
NL130000,SEED,OFAR,0.03618238314822487
NL130000,SEED,VSET,0.0
NL130000,SEED,FALL,0.0
NL130000,PLAP,SWHE,0.1367124753667754
NL130000,PLAP,RYEM,0.1054803697208382
NL130000,PLAP,BARL,0.1636218634374419
NL130000,PLAP,POTA,0.2399508505708857
NL130000,PLAP,SUGB,0.1822536172236117
NL130000,PLAP,MAIF,0.08857359698724238
NL130000,PLAP,OFAR,0.03250926374652577
NL130000,PLAP,VSET,0.0
NL130000,PLAP,FALL,0.0
NL130000,FERT,SWHE,3.384286190511127
NL130000,FERT,RYEM,3.07618554431328
NL130000,FERT,BARL,2.729721316553128
NL130000,FERT,POTA,4.521547334795021
NL130000,FERT,SUGB,5.653901047795468
NL130000,FERT,MAIF,4.494610114793605
NL130000,FERT,OFAR,3.437701688926075
NL130000,FERT,VSET,0.0
NL130000,FERT,FALL,0.0
NL130000,REPM,SWHE,0.02533397569165625
NL130000,REPM,RYEM,0.03048619877982552
NL130000,REPM,BARL,0.02903708276964092
NL130000,REPM,POTA,0.1177033093698743
NL130000,REPM,SUGB,0.07618178903883763
NL130000,REPM,MAIF,0.02855655196453254
NL130000,REPM,OFAR,0.02202564115168758
NL130000,REPM,FALL,0.0
NL130000,REPB,SWHE,0.006622295101207197
NL130000,REPB,RYEM,0.005808360615892922
NL130000,REPB,BARL,0.005815817079993436
NL130000,REPB,POTA,0.03798269155048813
NL130000,REPB,SUGB,0.01929573714759931
NL130000,REPB,MAIF,0.00667408416439339
NL130000,REPB,OFAR,0.004393365693972045
NL130000,REPB,FALL,0.0
NL130000,ELEC,SWHE,0.001135549648706508
NL130000,ELEC,RYEM,0.001121667912140283
NL130000,ELEC,BARL,0.001060941670027693
NL130000,ELEC,POTA,0.001252888194049245
NL130000,ELEC,SUGB,0.001163604694789953
NL130000,ELEC,MAIF,0.0009793586142775208
NL130000,ELEC,OFAR,0.001480263858409783
NL130000,ELEC,VSET,0.0
NL130000,ELEC,FALL,0.0
NL130000,EGAS,SWHE,0.0009633022081027207
NL130000,EGAS,RYEM,0.002160240002701993
NL130000,EGAS,BARL,0.001430401377952586
NL130000,EGAS,POTA,0.0
NL130000,EGAS,SUGB,0.0
NL130000,EGAS,MAIF,0.0
NL130000,EGAS,OFAR,0.0
NL130000,EGAS,VSET,0.0
NL130000,EGAS,FALL,0.0
NL130000,EFUL,SWHE,0.06327210182363469
NL130000,EFUL,RYEM,0.07385914075306782
NL130000,EFUL,BARL,0.07855425612326893
NL130000,EFUL,POTA,0.1114296960083844
NL130000,EFUL,SUGB,0.08911386445382831
NL130000,EFUL,MAIF,0.08846397072816356
NL130000,EFUL,OFAR,0.2071187291969995
NL130000,EFUL,FALL,0.0
NL130000,ELUB,SWHE,0.01806575373925409
NL130000,ELUB,RYEM,0.04827782605471832
NL130000,ELUB,BARL,0.02053211639691323
NL130000,ELUB,POTA,0.03064167924895994
NL130000,ELUB,SUGB,0.02372925550915462
NL130000,ELUB,MAIF,0.02827423715928958
NL130000,ELUB,OFAR,0.02756462892329248
NL130000,ELUB,FALL,0.0
NL130000,INPO,SWHE,0.2562382697165856
NL130000,INPO,RYEM,0.0974240995101626
NL130000,INPO,BARL,0.1673492560546985
NL130000,INPO,POTA,1.357256090883858
NL130000,INPO,SUGB,0.5677541731460126
NL130000,INPO,MAIF,0.2762959845586722
NL130000,INPO,OFAR,0.2220339000041062
NL130000,INPO,FALL,0.0
NL210000,SEED,SWHE,0.06474033638793697
NL210000,SEED,BARL,0.04888355323835363
NL210000,SEED,MAIZ,0.0837055668103734
NL210000,SEED,POTA,0.3489705910931669
NL210000,SEED,SUGB,0.1619939044714045
NL210000,SEED,MAIF,0.06964748838976803
NL210000,SEED,OFAR,0.0309725188888047
NL210000,SEED,OSET,0.0
NL210000,SEED,VSET,0.0
NL210000,SEED,FALL,0.0
NL210000,PLAP,SWHE,0.1393190502246754
NL210000,PLAP,BARL,0.1647832023917402
NL210000,PLAP,MAIZ,0.06321373431005603
NL210000,PLAP,POTA,0.2473704607698814
NL210000,PLAP,SUGB,0.1826245083026198
NL210000,PLAP,MAIF,0.08995604828068289
NL210000,PLAP,OFAR,0.02908098504508241
NL210000,PLAP,OSET,0.0
NL210000,PLAP,VSET,0.0
NL210000,PLAP,FALL,0.0
NL210000,FERT,SWHE,3.105271824679803
NL210000,FERT,BARL,2.511274261671299
NL210000,FERT,MAIZ,3.688269204382938
NL210000,FERT,POTA,4.424405682462081
NL210000,FERT,SUGB,5.361273451409456
NL210000,FERT,MAIF,4.380790517561548
NL210000,FERT,OFAR,2.547746427808987
NL210000,FERT,OSET,0.0
NL210000,FERT,VSET,0.0
NL210000,FERT,FALL,0.0
NL210000,REPM,SWHE,0.02480296342580267
NL210000,REPM,BARL,0.02910354741379822
NL210000,REPM,MAIZ,0.03759549464136845
NL210000,REPM,POTA,0.1189649410073892
NL210000,REPM,SUGB,0.0762370324539142
NL210000,REPM,MAIF,0.02870284363594987
NL210000,REPM,OFAR,0.02130575016558901
NL210000,REPM,OSET,0.01063462781615824
NL210000,REPM,FALL,0.0
NL210000,REPB,SWHE,0.006669370168878529
NL210000,REPB,BARL,0.005829401932205564
NL210000,REPB,MAIZ,0.00936138346076133
NL210000,REPB,POTA,0.03840870398144586
NL210000,REPB,SUGB,0.01930514990434076
NL210000,REPB,MAIF,0.006704345028051666
NL210000,REPB,OFAR,0.004245477823870778
NL210000,REPB,OSET,0.001603072575762878
NL210000,REPB,FALL,0.0
NL210000,ELEC,SWHE,0.001152487889369869
NL210000,ELEC,BARL,0.001064589315894237
NL210000,ELEC,MAIZ,0.001083309317869656
NL210000,ELEC,POTA,0.001272438831593234
NL210000,ELEC,SUGB,0.001164337045150754
NL210000,ELEC,MAIF,0.0009825594418353023
NL210000,ELEC,OFAR,0.001402084366589003
NL210000,ELEC,OSET,0.0
NL210000,ELEC,VSET,0.0
NL210000,ELEC,FALL,0.0
NL210000,EGAS,SWHE,0.0008582479597110907
NL210000,EGAS,BARL,0.001435491458266979
NL210000,EGAS,MAIZ,0.001825287022475441
NL210000,EGAS,POTA,0.0
NL210000,EGAS,SUGB,0.0
NL210000,EGAS,MAIF,0.0
NL210000,EGAS,OFAR,0.0
NL210000,EGAS,OSET,0.0
NL210000,EGAS,VSET,0.0
NL210000,EGAS,FALL,0.0
NL210000,EFUL,SWHE,0.06526776035294166
NL210000,EFUL,BARL,0.07886165962184481
NL210000,EFUL,MAIZ,0.05852408919643629
NL210000,EFUL,POTA,0.1135477709639895
NL210000,EFUL,SUGB,0.08921098970376021
NL210000,EFUL,MAIF,0.08911732371507629
NL210000,EFUL,OFAR,0.1940342651439881
NL210000,EFUL,OSET,0.0224296658956415
NL210000,EFUL,FALL,0.0
NL210000,ELUB,SWHE,0.0179679788080493
NL210000,ELUB,BARL,0.02061773253373577
NL210000,ELUB,MAIZ,0.01563749381723058
NL210000,ELUB,POTA,0.03119750024265506
NL210000,ELUB,SUGB,0.02375972045776777
NL210000,ELUB,MAIF,0.02854717106694375
NL210000,ELUB,OFAR,0.02583357505531214
NL210000,ELUB,OSET,0.010394721070684
NL210000,ELUB,FALL,0.0
NL210000,INPO,SWHE,0.2464582520860991
NL210000,INPO,BARL,0.1683503139982162
NL210000,INPO,MAIZ,0.09249518332635956
NL210000,INPO,POTA,1.395534413048599
NL210000,INPO,SUGB,0.5682692787300534
NL210000,INPO,MAIF,0.279858209899177
NL210000,INPO,OFAR,0.2016459517990735
NL210000,INPO,OSET,0.05682016098702446
NL210000,INPO,FALL,0.0
NL220000,SEED,SWHE,0.07080311224098186
NL220000,SEED,BARL,0.04817321467040503
NL220000,SEED,MAIZ,0.09064848487975423
NL220000,SEED,OCER,0.0688951640490067
NL220000,SEED,POTA,0.3379506361764438
NL220000,SEED,SUGB,0.1706000609383915
NL220000,SEED,MAIF,0.06844094136703699
NL220000,SEED,OFAR,0.03901408303067147
NL220000,SEED,OSET,0.0
NL220000,SEED,VSET,0.0
NL220000,SEED,FALL,0.0
NL220000,PLAP,SWHE,0.1465444706956746
NL220000,PLAP,BARL,0.1631252018739877
NL220000,PLAP,MAIZ,0.06719683295305998
NL220000,PLAP,OCER,0.1163068335050729
NL220000,PLAP,POTA,0.2419397079214442
NL220000,PLAP,SUGB,0.1883944972273732
NL220000,PLAP,MAIF,0.08891413172195602
NL220000,PLAP,OFAR,0.03314190990601365
NL220000,PLAP,OSET,0.0
NL220000,PLAP,VSET,0.0
NL220000,PLAP,FALL,0.0
NL220000,FERT,SWHE,3.58099458258034
NL220000,FERT,BARL,2.521144919809745
NL220000,FERT,MAIZ,4.050248346119396
NL220000,FERT,OCER,1.653716031099
NL220000,FERT,POTA,4.329843708959393
NL220000,FERT,SUGB,5.634645167924886
NL220000,FERT,MAIF,4.30192824125318
NL220000,FERT,OFAR,3.42660549578377
NL220000,FERT,OSET,0.0
NL220000,FERT,VSET,0.0
NL220000,FERT,FALL,0.0
NL220000,REPM,SWHE,0.02599743847498494
NL220000,REPM,BARL,0.02899908004663712
NL220000,REPM,MAIZ,0.03848231646303742
NL220000,REPM,OCER,0.02464344361251203
NL220000,REPM,POTA,0.1180601195857378
NL220000,REPM,SUGB,0.07717037610431547
NL220000,REPM,MAIF,0.02857005096655614
NL220000,REPM,OFAR,0.02240587242921365
NL220000,REPM,OSET,0.01063462782450766
NL220000,REPM,FALL,0.0
NL220000,REPB,SWHE,0.006793589202709794
NL220000,REPB,BARL,0.005808451366737747
NL220000,REPB,MAIZ,0.009577264608877721
NL220000,REPB,OCER,0.004813252825551201
NL220000,REPB,POTA,0.03810243333156306
NL220000,REPB,SUGB,0.01954412388212259
NL220000,REPB,MAIF,0.006675368946695383
NL220000,REPB,OFAR,0.004463452227336179
NL220000,REPB,OSET,0.001603072568112161
NL220000,REPB,FALL,0.0
NL220000,ELEC,SWHE,0.001180092382858999
NL220000,ELEC,BARL,0.001058933479795482
NL220000,ELEC,MAIZ,0.001119048940994332
NL220000,ELEC,OCER,0.001140955731736184
NL220000,ELEC,POTA,0.001258449334002021
NL220000,ELEC,SUGB,0.001186270377997338
NL220000,ELEC,MAIF,0.0009765203703777326
NL220000,ELEC,OFAR,0.001513385552876544
NL220000,ELEC,OSET,0.0
NL220000,ELEC,VSET,0.0
NL220000,ELEC,FALL,0.0
NL220000,EGAS,SWHE,0.001002380904330566
NL220000,EGAS,BARL,0.001427698032662707
NL220000,EGAS,MAIZ,0.001887309290790599
NL220000,EGAS,OCER,0.002033557983909177
NL220000,EGAS,POTA,0.0
NL220000,EGAS,SUGB,0.0
NL220000,EGAS,MAIF,0.0
NL220000,EGAS,OFAR,0.0
NL220000,EGAS,OSET,0.0
NL220000,EGAS,VSET,0.0
NL220000,EGAS,FALL,0.0
NL220000,EFUL,SWHE,0.06582738196677607
NL220000,EFUL,BARL,0.07840947380994322
NL220000,EFUL,MAIZ,0.06058276414494022
NL220000,EFUL,OCER,0.07991146520395906
NL220000,EFUL,POTA,0.1119861579593594
NL220000,EFUL,SUGB,0.09086864679018365
NL220000,EFUL,MAIF,0.08852970214826134
NL220000,EFUL,OFAR,0.2089370725347929
NL220000,EFUL,OSET,0.02242966589187224
NL220000,EFUL,FALL,0.0
NL220000,ELUB,SWHE,0.01880960902194645
NL220000,ELUB,BARL,0.02049699435966792
NL220000,ELUB,MAIZ,0.01607202902731356
NL220000,ELUB,OCER,0.01760305558058424
NL220000,ELUB,POTA,0.03079574962932259
NL220000,ELUB,SUGB,0.02419880891396433
NL220000,ELUB,MAIF,0.02835119798228588
NL220000,ELUB,OFAR,0.02781985544280134
NL220000,ELUB,OSET,0.01039472094494201
NL220000,ELUB,FALL,0.0
NL220000,INPO,SWHE,0.2740215294872806
NL220000,INPO,BARL,0.1668281416344437
NL220000,INPO,MAIZ,0.09694026698444194
NL220000,INPO,OCER,0.06375837144698851
NL220000,INPO,POTA,1.36813529298233
NL220000,INPO,SUGB,0.586566572226721
NL220000,INPO,MAIF,0.2768254190181221
NL220000,INPO,OFAR,0.2303831421273901
NL220000,INPO,OSET,0.05682016098702448
NL220000,INPO,FALL,0.0
NL230000,SEED,SWHE,0.0753222622537881
NL230000,SEED,BARL,0.05425730774949274
NL230000,SEED,POTA,0.3622694569310108
NL230000,SEED,SUGB,0.2013070349364819
NL230000,SEED,MAIF,0.0770453541385768
NL230000,SEED,OFAR,0.05289083392588843
NL230000,SEED,VSET,0.0
NL230000,SEED,FALL,0.0
NL230000,PLAP,SWHE,0.1529736416543721
NL230000,PLAP,BARL,0.1764881675279395
NL230000,PLAP,POTA,0.254080974608777
NL230000,PLAP,SUGB,0.2097736524513951
NL230000,PLAP,MAIF,0.09607874587805652
NL230000,PLAP,OFAR,0.04190279998340579
NL230000,PLAP,VSET,0.0
NL230000,PLAP,FALL,0.0
NL230000,FERT,SWHE,3.809218611439466
NL230000,FERT,BARL,2.877484034611677
NL230000,FERT,POTA,4.592745711542797
NL230000,FERT,SUGB,6.607620131153862
NL230000,FERT,MAIF,5.001120356840951
NL230000,FERT,OFAR,5.021383928815617
NL230000,FERT,VSET,0.0
NL230000,FERT,FALL,0.0
NL230000,REPM,SWHE,0.02640685595469534
NL230000,REPM,BARL,0.02988193756151238
NL230000,REPM,POTA,0.120004824637306
NL230000,REPM,SUGB,0.08058923058196625
NL230000,REPM,MAIF,0.02949785470227415
NL230000,REPM,OFAR,0.02319981946606581
NL230000,REPM,FALL,0.0
NL230000,REPB,SWHE,0.006897983098037965
NL230000,REPB,BARL,0.005986011807210321
NL230000,REPB,POTA,0.03877931250580566
NL230000,REPB,SUGB,0.02039949416878808
NL230000,REPB,MAIF,0.006883800307285259
NL230000,REPB,OFAR,0.004637187854168365
NL230000,REPB,FALL,0.0
NL230000,ELEC,SWHE,0.001206764972179558
NL230000,ELEC,BARL,0.001107573275792266
NL230000,ELEC,POTA,0.001287944798668704
NL230000,ELEC,SUGB,0.001264221248845861
NL230000,ELEC,MAIF,0.001021289861548238
NL230000,ELEC,OFAR,0.001625355343320117
NL230000,ELEC,VSET,0.0
NL230000,ELEC,FALL,0.0
NL230000,EGAS,SWHE,0.001028110912258918
NL230000,EGAS,BARL,0.001493808768907763
NL230000,EGAS,POTA,0.0
NL230000,EGAS,SUGB,0.0
NL230000,EGAS,MAIF,0.0
NL230000,EGAS,OFAR,0.0
NL230000,EGAS,VSET,0.0
NL230000,EGAS,FALL,0.0
NL230000,EFUL,SWHE,0.0674238524643545
NL230000,EFUL,BARL,0.08212201087177669
NL230000,EFUL,POTA,0.1154488694319717
NL230000,EFUL,SUGB,0.09694560401590167
NL230000,EFUL,MAIF,0.0927148813976981
NL230000,EFUL,OFAR,0.2369652029672258
NL230000,EFUL,FALL,0.0
NL230000,ELUB,SWHE,0.01929074966066911
NL230000,ELUB,BARL,0.02148519050031958
NL230000,ELUB,POTA,0.0325325431876768
NL230000,ELUB,SUGB,0.02583114714370709
NL230000,ELUB,MAIF,0.0297102866383319
NL230000,ELUB,OFAR,0.0314635425992122
NL230000,ELUB,FALL,0.0
NL230000,INPO,SWHE,0.2847846952986642
NL230000,INPO,BARL,0.1798718267860114
NL230000,INPO,POTA,1.429171450030259
NL230000,INPO,SUGB,0.6510027429166382
NL230000,INPO,MAIF,0.2985262015236079
NL230000,INPO,OFAR,0.2512796247517721
NL230000,INPO,FALL,0.0
NL320000,SEED,SWHE,0.07516723377071555
NL320000,SEED,BARL,0.05279718477814463
NL320000,SEED,POTA,0.3408357507116988
NL320000,SEED,SUGB,0.1861793087359553
NL320000,SEED,MAIF,0.06862939448472927
NL320000,SEED,OFAR,0.03388594620566188
NL320000,SEED,VSET,0.0
NL320000,SEED,FALL,0.0
NL320000,PLAP,SWHE,0.1523499008046182
NL320000,PLAP,BARL,0.1729422965840592
NL320000,PLAP,POTA,0.2433578533849012
NL320000,PLAP,SUGB,0.1995763862695976
NL320000,PLAP,MAIF,0.08907008964289229
NL320000,PLAP,OFAR,0.03095467216622266
NL320000,PLAP,VSET,0.0
NL320000,PLAP,FALL,0.0
NL320000,FERT,SWHE,4.026067338130771
NL320000,FERT,BARL,2.829503941598252
NL320000,FERT,POTA,4.477987255046967
NL320000,FERT,SUGB,6.32909031821603
NL320000,FERT,MAIF,4.422054006537456
NL320000,FERT,OFAR,3.03072375441681
NL320000,FERT,VSET,0.0
NL320000,FERT,FALL,0.0
NL320000,REPM,SWHE,0.02638564861014702
NL320000,REPM,BARL,0.02966597306225412
NL320000,REPM,POTA,0.1183039424215116
NL320000,REPM,SUGB,0.07894122238118238
NL320000,REPM,MAIF,0.02860365449663704
NL320000,REPM,OFAR,0.02170089240125942
NL320000,REPM,FALL,0.0
NL320000,REPB,SWHE,0.006894468254518004
NL320000,REPB,BARL,0.005942309898640243
NL320000,REPB,POTA,0.03818241200741171
NL320000,REPB,SUGB,0.01997921988595711
NL320000,REPB,MAIF,0.006681404257735291
NL320000,REPB,OFAR,0.004327629666814736
NL320000,REPB,FALL,0.0
NL320000,ELEC,SWHE,0.001206238396612603
NL320000,ELEC,BARL,0.001095737330699748
NL320000,ELEC,POTA,0.001262307529192897
NL320000,ELEC,SUGB,0.001225691497166693
NL320000,ELEC,MAIF,0.0009789343752758576
NL320000,ELEC,OFAR,0.001445801556864302
NL320000,ELEC,VSET,0.0
NL320000,ELEC,FALL,0.0
NL320000,EGAS,SWHE,0.001026191288345793
NL320000,EGAS,BARL,0.001477481548497862
NL320000,EGAS,POTA,0.0
NL320000,EGAS,SUGB,0.0
NL320000,EGAS,MAIF,0.0
NL320000,EGAS,OFAR,0.0
NL320000,EGAS,VSET,0.0
NL320000,EGAS,FALL,0.0
NL320000,EFUL,SWHE,0.06732573411726689
NL320000,EFUL,BARL,0.08116621723372411
NL320000,EFUL,POTA,0.1123968446445694
NL320000,EFUL,SUGB,0.09401919860003621
NL320000,EFUL,MAIF,0.08864419358131406
NL320000,EFUL,OFAR,0.2010136305973635
NL320000,EFUL,FALL,0.0
NL320000,ELUB,SWHE,0.01924732215933332
NL320000,ELUB,BARL,0.02122422133218628
NL320000,ELUB,POTA,0.03089671075406835
NL320000,ELUB,SUGB,0.02505414955841807
NL320000,ELUB,MAIF,0.02837130394829566
NL320000,ELUB,OFAR,0.02676698090660296
NL320000,ELUB,FALL,0.0
NL320000,INPO,SWHE,0.2843056348083978
NL320000,INPO,BARL,0.1766630803646214
NL320000,INPO,POTA,1.375204250718933
NL320000,INPO,SUGB,0.6188985430165346
NL320000,INPO,MAIF,0.2772938944671949
NL320000,INPO,OFAR,0.2130935726777849
NL320000,INPO,FALL,0.0
NL330000,SEED,SWHE,0.0779128421745319
NL330000,SEED,BARL,0.05323846323768504
NL330000,SEED,POTA,0.3577791736800928
NL330000,SEED,SUGB,0.1839888124258637
NL330000,SEED,MAIF,0.07016145726758774
NL330000,SEED,VSET,0.0
NL330000,SEED,FALL,0.0
NL330000,PLAP,SWHE,0.1558653389625569
NL330000,PLAP,BARL,0.1733915349281702
NL330000,PLAP,POTA,0.251442015540538
NL330000,PLAP,SUGB,0.1979455926190891
NL330000,PLAP,MAIF,0.09046904157419694
NL330000,PLAP,VSET,0.0
NL330000,PLAP,FALL,0.0
NL330000,FERT,SWHE,4.179554049882408
NL330000,FERT,BARL,2.915117020651577
NL330000,FERT,POTA,4.672684581920708
NL330000,FERT,SUGB,6.269018330613975
NL330000,FERT,MAIF,4.552872280501171
NL330000,FERT,VSET,0.0
NL330000,FERT,FALL,0.0
NL330000,REPM,SWHE,0.02662903246135426
NL330000,REPM,BARL,0.02972478630914204
NL330000,REPM,POTA,0.1196989249574029
NL330000,REPM,SUGB,0.07867821903393707
NL330000,REPM,MAIF,0.02877060739358498
NL330000,REPM,FALL,0.0
NL330000,REPB,SWHE,0.006957637460718632
NL330000,REPB,BARL,0.005953599877595955
NL330000,REPB,POTA,0.03865327185560827
NL330000,REPB,SUGB,0.01991791315765329
NL330000,REPB,MAIF,0.006715664294440719
NL330000,REPB,FALL,0.0
NL330000,ELEC,SWHE,0.00122283232670909
NL330000,ELEC,BARL,0.001099022066714261
NL330000,ELEC,POTA,0.001283946080122561
NL330000,ELEC,SUGB,0.001220221945146333
NL330000,ELEC,MAIF,0.00098400285245935
NL330000,ELEC,VSET,0.0
NL330000,ELEC,FALL,0.0
NL330000,EGAS,SWHE,0.001039896418170324
NL330000,EGAS,BARL,0.001481585652384093
NL330000,EGAS,POTA,0.0
NL330000,EGAS,SUGB,0.0
NL330000,EGAS,MAIF,0.0
NL330000,EGAS,VSET,0.0
NL330000,EGAS,FALL,0.0
NL330000,EFUL,SWHE,0.06825731014039371
NL330000,EFUL,BARL,0.08134196784022821
NL330000,EFUL,POTA,0.1146720208621144
NL330000,EFUL,SUGB,0.09355653923590473
NL330000,EFUL,MAIF,0.0893667515609192
NL330000,EFUL,FALL,0.0
NL330000,ELUB,SWHE,0.01951478477929451
NL330000,ELUB,BARL,0.02125925869754716
NL330000,ELUB,POTA,0.0315107785272527
NL330000,ELUB,SUGB,0.02492574894121586
NL330000,ELUB,MAIF,0.02864439131885069
NL330000,ELUB,FALL,0.0
NL330000,INPO,SWHE,0.2908820074752822
NL330000,INPO,BARL,0.1774917591538295
NL330000,INPO,POTA,1.417735556946892
NL330000,INPO,SUGB,0.6143889033776847
NL330000,INPO,MAIF,0.2811550869871097
NL330000,INPO,FALL,0.0
NL340000,SEED,SWHE,0.07931036596941199
NL340000,SEED,BARL,0.06020376591895199
NL340000,SEED,POTA,0.3495948360004608
NL340000,SEED,SUGB,0.1772901914462129
NL340000,SEED,MAIF,0.06930409420552205
NL340000,SEED,VSET,0.0
NL340000,SEED,FALL,0.0
NL340000,PLAP,SWHE,0.1574721751258186
NL340000,PLAP,BARL,0.1773991503364786
NL340000,PLAP,POTA,0.2477273675247211
NL340000,PLAP,SUGB,0.1931821235503385
NL340000,PLAP,MAIF,0.08961807535074989
NL340000,PLAP,VSET,0.0
NL340000,PLAP,FALL,0.0
NL340000,FERT,SWHE,4.304664147913642
NL340000,FERT,BARL,3.003290706766311
NL340000,FERT,POTA,4.599225603263528
NL340000,FERT,SUGB,6.090592547766863
NL340000,FERT,MAIF,4.507125548916846
NL340000,FERT,VSET,0.0
NL340000,FERT,FALL,0.0
NL340000,REPM,SWHE,0.02674927470210618
NL340000,REPM,BARL,0.02991214331903034
NL340000,REPM,POTA,0.1189918717694473
NL340000,REPM,SUGB,0.07791501318242228
NL340000,REPM,MAIF,0.0286822449533278
NL340000,REPM,FALL,0.0
NL340000,REPB,SWHE,0.006989946112817683
NL340000,REPB,BARL,0.005992984460151557
NL340000,REPB,POTA,0.03842631701808261
NL340000,REPB,SUGB,0.01973049824894035
NL340000,REPB,MAIF,0.006698304846591111
NL340000,REPB,FALL,0.0
NL340000,ELEC,SWHE,0.001231445184446992
NL340000,ELEC,BARL,0.001109410527773246
NL340000,ELEC,POTA,0.00127260068962998
NL340000,ELEC,SUGB,0.001203251719518366
NL340000,ELEC,MAIF,0.0009829529587899394
NL340000,ELEC,VSET,0.0
NL340000,ELEC,FALL,0.0
NL340000,EGAS,SWHE,0.001046770425613612
NL340000,EGAS,BARL,0.001496571341117739
NL340000,EGAS,POTA,0.0
NL340000,EGAS,SUGB,0.0
NL340000,EGAS,MAIF,0.0
NL340000,EGAS,VSET,0.0
NL340000,EGAS,FALL,0.0
NL340000,EFUL,SWHE,0.06870939458639505
NL340000,EFUL,BARL,0.08232455445766824
NL340000,EFUL,POTA,0.1136300933548618
NL340000,EFUL,SUGB,0.09220237337264811
NL340000,EFUL,MAIF,0.08898130759744768
NL340000,EFUL,FALL,0.0
NL340000,ELUB,SWHE,0.01963824278291353
NL340000,ELUB,BARL,0.02155514011115287
NL340000,ELUB,POTA,0.03123549449538114
NL340000,ELUB,SUGB,0.02456103604896891
NL340000,ELUB,MAIF,0.02847276202585911
NL340000,ELUB,FALL,0.0
NL340000,INPO,SWHE,0.2941284251875008
NL340000,INPO,BARL,0.180429976310394
NL340000,INPO,POTA,1.397369467144781
NL340000,INPO,SUGB,0.6003947579900331
NL340000,INPO,MAIF,0.279001682806449
NL340000,INPO,FALL,0.0
NL410000,SEED,SWHE,0.07539535169543128
NL410000,SEED,BARL,0.04927126755585535
NL410000,SEED,MAIZ,0.07673775151510764
NL410000,SEED,OCER,0.04567719209634774
NL410000,SEED,POTA,0.3592827323903292
NL410000,SEED,SUGB,0.1781296807629463
NL410000,SEED,MAIF,0.06861841495368468
NL410000,SEED,OFAR,0.04829377720601103
NL410000,SEED,OSET,0.0
NL410000,SEED,VSET,0.0
NL410000,SEED,FALL,0.0
NL410000,PLAP,SWHE,0.1527765941869682
NL410000,PLAP,BARL,0.1663487319335956
NL410000,PLAP,MAIZ,0.06988845707205513
NL410000,PLAP,OCER,0.1068795340049792
NL410000,PLAP,POTA,0.2522063883080104
NL410000,PLAP,SUGB,0.1939475369502777
NL410000,PLAP,MAIF,0.08905050239679174
NL410000,PLAP,OFAR,0.03851074585030979
NL410000,PLAP,OSET,0.0
NL410000,PLAP,VSET,0.0
NL410000,PLAP,FALL,0.0
NL410000,FERT,SWHE,2.893724166154218
NL410000,FERT,BARL,2.024652047848661
NL410000,FERT,MAIZ,2.689390912109705
NL410000,FERT,OCER,1.086768546195098
NL410000,FERT,POTA,3.544811219572805
NL410000,FERT,SUGB,4.582376294560965
NL410000,FERT,MAIF,3.485596957140197
NL410000,FERT,OFAR,3.348344958965334
NL410000,FERT,OSET,0.0
NL410000,FERT,VSET,0.0
NL410000,FERT,FALL,0.0
NL410000,REPM,SWHE,0.02640861529254562
NL410000,REPM,BARL,0.02916660564545159
NL410000,REPM,MAIZ,0.03610471164003415
NL410000,REPM,OCER,0.02496315458808949
NL410000,REPM,POTA,0.1198077238425353
NL410000,REPM,SUGB,0.07804115261788734
NL410000,REPM,MAIF,0.02860421656939453
NL410000,REPM,OFAR,0.02368757272010022
NL410000,REPM,OSET,0.01063462801204845
NL410000,REPM,FALL,0.0
NL410000,REPB,SWHE,0.006899627062842867
NL410000,REPB,BARL,0.005843349595318991
NL410000,REPB,MAIZ,0.009035830835151215
NL410000,REPB,OCER,0.004266745081748487
NL410000,REPB,POTA,0.03869566540381545
NL410000,REPB,SUGB,0.01975489003742415
NL410000,REPB,MAIF,0.006680972772819291
NL410000,REPB,OFAR,0.004720817119005283
NL410000,REPB,OSET,0.001603072581601151
NL410000,REPB,FALL,0.0
NL410000,ELEC,SWHE,0.001207493296620281
NL410000,ELEC,BARL,0.001068310758837515
NL410000,ELEC,MAIZ,0.001044802886235542
NL410000,ELEC,OCER,0.0009814026406243538
NL410000,ELEC,POTA,0.0012854774955217
NL410000,ELEC,SUGB,0.001205275712898699
NL410000,ELEC,MAIF,0.0009786420638195708
NL410000,ELEC,OFAR,0.001646652899446933
NL410000,ELEC,OSET,0.0
NL410000,ELEC,VSET,0.0
NL410000,ELEC,FALL,0.0
NL410000,EGAS,SWHE,0.001027436570025442
NL410000,EGAS,BARL,0.001440907401407382
NL410000,EGAS,MAIZ,0.001745882539977547
NL410000,EGAS,OCER,0.001728490655134078
NL410000,EGAS,POTA,0.0
NL410000,EGAS,SUGB,0.0
NL410000,EGAS,MAIF,0.0
NL410000,EGAS,OFAR,0.0
NL410000,EGAS,OSET,0.0
NL410000,EGAS,VSET,0.0
NL410000,EGAS,FALL,0.0
NL410000,EFUL,SWHE,0.06741920959988504
NL410000,EFUL,BARL,0.07923100570843866
NL410000,EFUL,MAIZ,0.05529527179680018
NL410000,EFUL,OCER,0.07531183360506298
NL410000,EFUL,POTA,0.1148909265906856
NL410000,EFUL,SUGB,0.09241959330805849
NL410000,EFUL,MAIF,0.08863840938202429
NL410000,EFUL,OFAR,0.2291746178594694
NL410000,EFUL,OSET,0.02242966547441082
NL410000,EFUL,FALL,0.0
NL410000,ELUB,SWHE,0.01927881777620259
NL410000,ELUB,BARL,0.0207372268833246
NL410000,ELUB,MAIZ,0.01585466292021851
NL410000,ELUB,OCER,0.01725580991091672
NL410000,ELUB,POTA,0.03238764263358848
NL410000,ELUB,SUGB,0.02462372008093057
NL410000,ELUB,MAIF,0.02836953908280332
NL410000,ELUB,OFAR,0.03049725491567923
NL410000,ELUB,OSET,0.01039472159361293
NL410000,ELUB,FALL,0.0
NL410000,INPO,SWHE,0.2849349414177435
NL410000,INPO,BARL,0.1694402456471573
NL410000,INPO,MAIZ,0.1039027099751202
NL410000,INPO,OCER,0.07416491499136528
NL410000,INPO,POTA,1.421672665010113
NL410000,INPO,SUGB,0.6020320225643898
NL410000,INPO,MAIF,0.2772780780831501
NL410000,INPO,OFAR,0.2649016031102502
NL410000,INPO,OSET,0.05682016098702453
NL410000,INPO,FALL,0.0
NL420000,SEED,SWHE,0.07261092964685278
NL420000,SEED,BARL,0.04889584294645664
NL420000,SEED,MAIZ,0.08544548948367836
NL420000,SEED,OCER,0.07137441723546677
NL420000,SEED,POTA,0.3634191941157396
NL420000,SEED,SUGB,0.1767738812680409
NL420000,SEED,MAIF,0.06872177782106537
NL420000,SEED,OFAR,0.04519280694596084
NL420000,SEED,VSET,0.0
NL420000,SEED,FALL,0.0
NL420000,PLAP,SWHE,0.1483819494342229
NL420000,PLAP,BARL,0.1647753679062401
NL420000,PLAP,MAIZ,0.07993957912196324
NL420000,PLAP,OCER,0.1272595103726104
NL420000,PLAP,POTA,0.2545097575663328
NL420000,PLAP,SUGB,0.192983632646581
NL420000,PLAP,MAIF,0.08918076800198993
NL420000,PLAP,OFAR,0.03676356411862055
NL420000,PLAP,VSET,0.0
NL420000,PLAP,FALL,0.0
NL420000,FERT,SWHE,2.75343787820534
NL420000,FERT,BARL,1.967718543906151
NL420000,FERT,MAIZ,2.664634797674435
NL420000,FERT,OCER,2.032538294201679
NL420000,FERT,POTA,3.525431574108651
NL420000,FERT,SUGB,4.507168881496558
NL420000,FERT,MAIF,3.453325837364836
NL420000,FERT,OFAR,3.055642480684072
NL420000,FERT,VSET,0.0
NL420000,FERT,FALL,0.0
NL420000,REPM,SWHE,0.02614877673333585
NL420000,REPM,BARL,0.02910357811898888
NL420000,REPM,MAIZ,0.03711041797536235
NL420000,REPM,OCER,0.02771851021364183
NL420000,REPM,POTA,0.1201182017338209
NL420000,REPM,SUGB,0.07788668802494048
NL420000,REPM,MAIF,0.02861640608340227
NL420000,REPM,OFAR,0.02326091233741885
NL420000,REPM,FALL,0.0
NL420000,REPB,SWHE,0.006835260526885366
NL420000,REPB,BARL,0.005829881449061012
NL420000,REPB,MAIZ,0.009280043671744207
NL420000,REPB,OCER,0.004898790948717832
NL420000,REPB,POTA,0.03881084047737701
NL420000,REPB,SUGB,0.01971703025827225
NL420000,REPB,MAIF,0.006682703729628129
NL420000,REPB,OFAR,0.004635299277596875
NL420000,REPB,FALL,0.0
NL420000,ELEC,SWHE,0.001191458767101943
NL420000,ELEC,BARL,0.001064869937702776
NL420000,ELEC,MAIZ,0.001074055540859513
NL420000,ELEC,OCER,0.001192299101092354
NL420000,ELEC,POTA,0.001289921612204947
NL420000,ELEC,SUGB,0.00120184794503058
NL420000,ELEC,MAIF,0.0009784186349081538
NL420000,ELEC,OFAR,0.001602548831963756
NL420000,ELEC,VSET,0.0
NL420000,ELEC,FALL,0.0
NL420000,EGAS,SWHE,0.001010364855203951
NL420000,EGAS,BARL,0.001435739853938535
NL420000,EGAS,MAIZ,0.001797575190124047
NL420000,EGAS,OCER,0.002111136982773279
NL420000,EGAS,POTA,0.0
NL420000,EGAS,SUGB,0.0
NL420000,EGAS,MAIF,0.0
NL420000,EGAS,OFAR,0.0
NL420000,EGAS,VSET,0.0
NL420000,EGAS,FALL,0.0
NL420000,EFUL,SWHE,0.0663834868571894
NL420000,EFUL,BARL,0.07885900728490236
NL420000,EFUL,MAIZ,0.05715375259835705
NL420000,EFUL,OCER,0.08562996249007279
NL420000,EFUL,POTA,0.1155631529618796
NL420000,EFUL,SUGB,0.09214552444839101
NL420000,EFUL,MAIF,0.08868320949134727
NL420000,EFUL,OFAR,0.2227048307071934
NL420000,EFUL,FALL,0.0
NL420000,ELUB,SWHE,0.01895345345087893
NL420000,ELUB,BARL,0.02062178609771743
NL420000,ELUB,MAIZ,0.0163635670298895
NL420000,ELUB,OCER,0.01920476333907832
NL420000,ELUB,POTA,0.03256195282860889
NL420000,ELUB,SUGB,0.02454962446480251
NL420000,ELUB,MAIF,0.02839531929601924
NL420000,ELUB,OFAR,0.02964059344889788
NL420000,ELUB,FALL,0.0
NL420000,INPO,SWHE,0.2781705683396095
NL420000,INPO,BARL,0.1684356758127238
NL420000,INPO,MAIZ,0.1114986231025679
NL420000,INPO,OCER,0.0895911970033457
NL420000,INPO,POTA,1.431958659793222
NL420000,INPO,SUGB,0.5992051652484496
NL420000,INPO,MAIF,0.2775336772509702
NL420000,INPO,OFAR,0.2534879313728435
NL420000,INPO,FALL,0.0
AT110000,SEED,SWHE,0.02582075389389188
AT110000,SEED,DWHE,0.04557841260292715
AT110000,SEED,RYEM,0.02232869491069513
AT110000,SEED,BARL,0.02678721503657885
AT110000,SEED,OATS,0.02445411331005617
AT110000,SEED,MAIZ,0.06839428132453658
AT110000,SEED,OCER,0.03636757184265356
AT110000,SEED,RAPE,0.05397441621447322
AT110000,SEED,SUNF,0.05140519820177408
AT110000,SEED,SOYA,0.04921996436686942
AT110000,SEED,PULS,0.03286876823506039
AT110000,SEED,SUGB,0.1345634706736054
AT110000,SEED,MAIF,0.0730693414316807
AT110000,SEED,OFAR,0.04710467676620745
AT110000,SEED,OSET,0.0003032549192141224
AT110000,SEED,VSET,0.0
AT110000,SEED,FALL,0.0
AT110000,PLAP,SWHE,0.03195872394790983
AT110000,PLAP,DWHE,0.02254435398309731
AT110000,PLAP,RYEM,0.02658513767693285
AT110000,PLAP,BARL,0.03043511303156384
AT110000,PLAP,OATS,0.02728318175489799
AT110000,PLAP,MAIZ,0.05297083425502779
AT110000,PLAP,OCER,0.03761001217066837
AT110000,PLAP,RAPE,0.05244896262313924
AT110000,PLAP,SUNF,0.04885043960772825
AT110000,PLAP,SOYA,0.04919126439318282
AT110000,PLAP,PULS,0.01587206938812993
AT110000,PLAP,SUGB,0.1688622949532187
AT110000,PLAP,MAIF,0.05590090698358632
AT110000,PLAP,OFAR,0.02021380702177925
AT110000,PLAP,OSET,6.730774073881361e-05
AT110000,PLAP,VSET,0.0
AT110000,PLAP,FALL,0.0
AT110000,FERT,SWHE,1.459288070964962
AT110000,FERT,DWHE,1.354682348963646
AT110000,FERT,RYEM,1.217867957109596
AT110000,FERT,BARL,1.296435334099074
AT110000,FERT,OATS,1.179664402186035
AT110000,FERT,MAIZ,3.066966411210713
AT110000,FERT,OCER,2.048029186092132
AT110000,FERT,RAPE,1.771381902947096
AT110000,FERT,SUNF,1.591999609429186
AT110000,FERT,SOYA,1.046190513794747
AT110000,FERT,PULS,0.7279682262645284
AT110000,FERT,SUGB,3.958656570711905
AT110000,FERT,MAIF,2.846212335539798
AT110000,FERT,OFAR,1.987397352378029
AT110000,FERT,OSET,0.003019524961679007
AT110000,FERT,VSET,0.0
AT110000,FERT,FALL,0.0
AT110000,REPM,SWHE,0.03264881929217708
AT110000,REPM,DWHE,0.03399250684501769
AT110000,REPM,RYEM,0.02864750764580418
AT110000,REPM,BARL,0.03138685468982885
AT110000,REPM,OATS,0.03126933714161158
AT110000,REPM,MAIZ,0.07198387768586675
AT110000,REPM,OCER,0.04999573670746688
AT110000,REPM,RAPE,0.06838845417743156
AT110000,REPM,SUNF,0.07118903811780855
AT110000,REPM,SOYA,0.06383461678078016
AT110000,REPM,PULS,0.04053729187852081
AT110000,REPM,SUGB,0.1778038049700131
AT110000,REPM,MAIF,0.08478422148581502
AT110000,REPM,OFAR,0.03665260038745198
AT110000,REPM,OSET,0.07774684410395014
AT110000,REPM,VSET,0.08691977804338656
AT110000,REPM,FALL,0.0
AT110000,REPB,SWHE,0.009154187582538716
AT110000,REPB,DWHE,0.00920728361564065
AT110000,REPB,RYEM,0.007568733427826449
AT110000,REPB,BARL,0.008719135825951796
AT110000,REPB,OATS,0.008344934280806317
AT110000,REPB,MAIZ,0.01808503667362748
AT110000,REPB,OCER,0.01275515468015301
AT110000,REPB,RAPE,0.01729259650043376
AT110000,REPB,SUNF,0.01749453421463568
AT110000,REPB,SOYA,0.01641006298396188
AT110000,REPB,PULS,0.00970573174485381
AT110000,REPB,SUGB,0.04329052113181175
AT110000,REPB,MAIF,0.02021427471899611
AT110000,REPB,OFAR,0.009649395959111441
AT110000,REPB,OSET,0.009948539202964882
AT110000,REPB,VSET,0.01114716068053145
AT110000,REPB,FALL,0.0
AT110000,ELEC,SWHE,0.004811511787134996
AT110000,ELEC,DWHE,0.001313688697253121
AT110000,ELEC,RYEM,0.001725639092198482
AT110000,ELEC,BARL,0.004772024267393544
AT110000,ELEC,OATS,0.001551064592824791
AT110000,ELEC,MAIZ,0.004530373158725316
AT110000,ELEC,OCER,0.002626732447861866
AT110000,ELEC,RAPE,0.002054651922683204
AT110000,ELEC,SUNF,0.001486244788105686
AT110000,ELEC,SOYA,0.001250401374360072
AT110000,ELEC,PULS,0.001892428188946813
AT110000,ELEC,SUGB,0.00199183264306559
AT110000,ELEC,MAIF,0.002450366272397868
AT110000,ELEC,OFAR,0.005581868128647076
AT110000,ELEC,OSET,0.0
AT110000,ELEC,VSET,0.0
AT110000,ELEC,FALL,0.0
AT110000,EGAS,SWHE,0.0001137764552790529
AT110000,EGAS,DWHE,0.001095320175322859
AT110000,EGAS,RYEM,0.0003615253399381227
AT110000,EGAS,BARL,0.0001154441348712855
AT110000,EGAS,OATS,0.0003590688659853645
AT110000,EGAS,MAIZ,0.0001167027235080731
AT110000,EGAS,OCER,0.0004444552533528504
AT110000,EGAS,RAPE,0.0003008769888565029
AT110000,EGAS,SUNF,0.0008351513505563089
AT110000,EGAS,SOYA,0.0008745713998734099
AT110000,EGAS,PULS,0.0
AT110000,EGAS,SUGB,0.0
AT110000,EGAS,MAIF,0.0
AT110000,EGAS,OFAR,0.0
AT110000,EGAS,OSET,0.0
AT110000,EGAS,VSET,0.0
AT110000,EGAS,FALL,0.0
AT110000,EFUL,SWHE,0.07891460765180283
AT110000,EFUL,DWHE,0.05071483871451028
AT110000,EFUL,RYEM,0.07410353049343026
AT110000,EFUL,BARL,0.07862720175550993
AT110000,EFUL,OATS,0.07131934983635364
AT110000,EFUL,MAIZ,0.08829882239275466
AT110000,EFUL,OCER,0.08526181812219769
AT110000,EFUL,RAPE,0.07401485256457853
AT110000,EFUL,SUNF,0.07961245408739459
AT110000,EFUL,SOYA,0.07298778738452184
AT110000,EFUL,PULS,0.08328081716546246
AT110000,EFUL,SUGB,0.1098917618367018
AT110000,EFUL,MAIF,0.1301150377909082
AT110000,EFUL,OFAR,0.1611518214106236
AT110000,EFUL,OSET,0.07310126171204531
AT110000,EFUL,VSET,0.08342215145880462
AT110000,EFUL,FALL,0.0
AT110000,ELUB,SWHE,0.005887086180817024
AT110000,ELUB,DWHE,0.005666468756240974
AT110000,ELUB,RYEM,0.005612704986310383
AT110000,ELUB,BARL,0.005970553806312437
AT110000,ELUB,OATS,0.005829525683470843
AT110000,ELUB,MAIZ,0.005965948185716458
AT110000,ELUB,OCER,0.005844504255153939
AT110000,ELUB,RAPE,0.005290637478176907
AT110000,ELUB,SUNF,0.005181228032438819
AT110000,ELUB,SOYA,0.005088316627519647
AT110000,ELUB,PULS,0.005942496445539722
AT110000,ELUB,SUGB,0.007650971680154139
AT110000,ELUB,MAIF,0.00838496201287478
AT110000,ELUB,OFAR,0.008684049169755771
AT110000,ELUB,OSET,0.001643168225745166
AT110000,ELUB,VSET,0.001856650356191528
AT110000,ELUB,FALL,0.0
AT110000,INPO,SWHE,0.1316412116997734
AT110000,INPO,DWHE,0.07381162341609104
AT110000,INPO,RYEM,0.1025910606418298
AT110000,INPO,BARL,0.1201703579865398
AT110000,INPO,OATS,0.09170015796701832
AT110000,INPO,MAIZ,0.3090063510997463
AT110000,INPO,OCER,0.2073739805607579
AT110000,INPO,RAPE,0.2469246503372494
AT110000,INPO,SUNF,0.2320773108002147
AT110000,INPO,SOYA,0.2060933021975153
AT110000,INPO,PULS,0.1153572722102357
AT110000,INPO,SUGB,0.6962958944925101
AT110000,INPO,MAIF,0.3593064582745688
AT110000,INPO,OFAR,0.1862439443631484
AT110000,INPO,OSET,0.2425647436548686
AT110000,INPO,VSET,0.2447555361226688
AT110000,INPO,FALL,0.0
AT120000,SEED,SWHE,0.02893353851501448
AT120000,SEED,DWHE,0.04977011812371272
AT120000,SEED,RYEM,0.02401770890313096
AT120000,SEED,BARL,0.0281834531073698
AT120000,SEED,OATS,0.0269223653607022
AT120000,SEED,MAIZ,0.07296918650420864
AT120000,SEED,OCER,0.04021565897576339
AT120000,SEED,RAPE,0.05547715031213031
AT120000,SEED,SUNF,0.05866141214947127
AT120000,SEED,SOYA,0.04839924185753968
AT120000,SEED,PULS,0.03830224494985871
AT120000,SEED,POTA,0.1061197045954272
AT120000,SEED,SUGB,0.1367381615655275
AT120000,SEED,MAIF,0.07424492175606771
AT120000,SEED,OFAR,0.04157814544204065
AT120000,SEED,OSET,0.0004052750226902398
AT120000,SEED,VSET,0.0
AT120000,SEED,FALL,0.0
AT120000,PLAP,SWHE,0.03417176198476665
AT120000,PLAP,DWHE,0.02379867789750927
AT120000,PLAP,RYEM,0.02855838150712565
AT120000,PLAP,BARL,0.03138243674805113
AT120000,PLAP,OATS,0.02885585184392568
AT120000,PLAP,MAIZ,0.05501684901507849
AT120000,PLAP,OCER,0.04025888743528584
AT120000,PLAP,RAPE,0.05336045936040412
AT120000,PLAP,SUNF,0.05299398669572453
AT120000,PLAP,SOYA,0.04872218764167724
AT120000,PLAP,PULS,0.01744199698558776
AT120000,PLAP,POTA,0.1768623090669218
AT120000,PLAP,SUGB,0.1706963084143669
AT120000,PLAP,MAIF,0.05643672714903823
AT120000,PLAP,OFAR,0.01841983549185028
AT120000,PLAP,OSET,8.976675814791879e-05
AT120000,PLAP,VSET,0.0
AT120000,PLAP,FALL,0.0
AT120000,FERT,SWHE,1.700698649043404
AT120000,FERT,DWHE,1.5332440337353
AT120000,FERT,RYEM,1.287206896229824
AT120000,FERT,BARL,1.418023501008132
AT120000,FERT,OATS,1.388042950510886
AT120000,FERT,MAIZ,3.341099470663216
AT120000,FERT,OCER,2.360280917430523
AT120000,FERT,RAPE,1.844752066786822
AT120000,FERT,SUNF,1.880770186739713
AT120000,FERT,SOYA,1.031655100563889
AT120000,FERT,PULS,0.8740922215447585
AT120000,FERT,POTA,2.116207115273551
AT120000,FERT,SUGB,4.056633632025747
AT120000,FERT,MAIF,2.926302649472555
AT120000,FERT,OFAR,1.736685289048995
AT120000,FERT,OSET,0.003878060892998275
AT120000,FERT,VSET,0.0
AT120000,FERT,FALL,0.0
AT120000,REPM,SWHE,0.03356123661370974
AT120000,REPM,DWHE,0.03473083014640523
AT120000,REPM,RYEM,0.02889581073310668
AT120000,REPM,BARL,0.03178291452985087
AT120000,REPM,OATS,0.03201674692192906
AT120000,REPM,MAIZ,0.07316007489641656
AT120000,REPM,OCER,0.05127680208359252
AT120000,REPM,RAPE,0.06885377830096011
AT120000,REPM,SUNF,0.07351555887815797
AT120000,REPM,SOYA,0.06359078373028426
AT120000,REPM,PULS,0.042092310445277
AT120000,REPM,POTA,0.1230043858352444
AT120000,REPM,SUGB,0.1785129322338857
AT120000,REPM,MAIF,0.085120292614424
AT120000,REPM,OFAR,0.03499517784073811
AT120000,REPM,OSET,0.07764237982910334
AT120000,REPM,VSET,0.08691977810660421
AT120000,REPM,FALL,0.0
AT120000,REPB,SWHE,0.009405442753642874
AT120000,REPB,DWHE,0.009406903410889681
AT120000,REPB,RYEM,0.00796916469417035
AT120000,REPB,BARL,0.00882780908063309
AT120000,REPB,OATS,0.008542222348098837
AT120000,REPB,MAIZ,0.01837205847145856
AT120000,REPB,OCER,0.01309037106864838
AT120000,REPB,RAPE,0.01741086823569128
AT120000,REPB,SUNF,0.01806646270466587
AT120000,REPB,SOYA,0.01634869316799161
AT120000,REPB,PULS,0.01007843587577731
AT120000,REPB,POTA,0.03250005471800156
AT120000,REPB,SUGB,0.04346554145440234
AT120000,REPB,MAIF,0.02029281957241468
AT120000,REPB,OFAR,0.009216951499103641
AT120000,REPB,OSET,0.009941994646511475
AT120000,REPB,VSET,0.01114716069245003
AT120000,REPB,FALL,0.0
AT120000,ELEC,SWHE,0.005005966598004722
AT120000,ELEC,DWHE,0.001356885329665799
AT120000,ELEC,RYEM,0.00177721755205577
AT120000,ELEC,BARL,0.004860219767415986
AT120000,ELEC,OATS,0.001607834706433615
AT120000,ELEC,MAIZ,0.004634267111869911
AT120000,ELEC,OCER,0.002739512076832003
AT120000,ELEC,RAPE,0.002075604425835823
AT120000,ELEC,SUNF,0.001560060271044685
AT120000,ELEC,SOYA,0.001242875696402567
AT120000,ELEC,PULS,0.002003665315186807
AT120000,ELEC,POTA,0.001443624563279672
AT120000,ELEC,SUGB,0.00200393970803476
AT120000,ELEC,MAIF,0.002465951439143728
AT120000,ELEC,OFAR,0.005242041267609377
AT120000,ELEC,OSET,0.0
AT120000,ELEC,VSET,0.0
AT120000,ELEC,FALL,0.0
AT120000,EGAS,SWHE,0.0001183809374866922
AT120000,EGAS,DWHE,0.001131303583905711
AT120000,EGAS,RYEM,0.00039672350800688
AT120000,EGAS,BARL,0.000117572022513493
AT120000,EGAS,OATS,0.0003707302945887424
AT120000,EGAS,MAIZ,0.0001193632000602375
AT120000,EGAS,OCER,0.0004650243855901441
AT120000,EGAS,RAPE,0.0003039920501916277
AT120000,EGAS,SUNF,0.0008766865607785243
AT120000,EGAS,SOYA,0.0008693632875387237
AT120000,EGAS,PULS,0.0
AT120000,EGAS,POTA,0.0
AT120000,EGAS,SUGB,0.0
AT120000,EGAS,MAIF,0.0
AT120000,EGAS,OFAR,0.0
AT120000,EGAS,OSET,0.0
AT120000,EGAS,VSET,0.0
AT120000,EGAS,FALL,0.0
AT120000,EFUL,SWHE,0.08206689967327774
AT120000,EFUL,DWHE,0.05238458625833201
AT120000,EFUL,RYEM,0.08020820757176517
AT120000,EFUL,BARL,0.08007117606623569
AT120000,EFUL,OATS,0.07369500700718572
AT120000,EFUL,MAIZ,0.09023963170967994
AT120000,EFUL,OCER,0.0888615673502327
AT120000,EFUL,RAPE,0.07477767630290508
AT120000,EFUL,SUNF,0.08356132913469964
AT120000,EFUL,SOYA,0.0725609288942784
AT120000,EFUL,PULS,0.08810579399467158
AT120000,EFUL,POTA,0.1423374307393961
AT120000,EFUL,SUGB,0.1105875236391215
AT120000,EFUL,MAIF,0.1308559011691534
AT120000,EFUL,OFAR,0.1525959976399579
AT120000,EFUL,OSET,0.07297676472472311
AT120000,EFUL,VSET,0.08342215148640308
AT120000,EFUL,FALL,0.0
AT120000,ELUB,SWHE,0.006123413886674777
AT120000,ELUB,DWHE,0.005852882752208292
AT120000,ELUB,RYEM,0.006116974892701059
AT120000,ELUB,BARL,0.006080292216030679
AT120000,ELUB,OATS,0.006026793850043401
AT120000,ELUB,MAIZ,0.006098817591687688
AT120000,ELUB,OCER,0.006090284270097513
AT120000,ELUB,RAPE,0.005344926437479584
AT120000,ELUB,SUNF,0.005438411019013971
AT120000,ELUB,SOYA,0.005058927039072632
AT120000,ELUB,PULS,0.006288373005059861
AT120000,ELUB,POTA,0.01027382436975225
AT120000,ELUB,SUGB,0.007699001918472665
AT120000,ELUB,MAIF,0.008433842213515372
AT120000,ELUB,OFAR,0.00817978925855966
AT120000,ELUB,OSET,0.001641892532518706
AT120000,ELUB,VSET,0.001856650371979124
AT120000,ELUB,FALL,0.0
AT120000,INPO,SWHE,0.1408265734512316
AT120000,INPO,DWHE,0.07793047043301976
AT120000,INPO,RYEM,0.1100368895753387
AT120000,INPO,BARL,0.1239400377942868
AT120000,INPO,OATS,0.09702700937211985
AT120000,INPO,MAIZ,0.3209022927049518
AT120000,INPO,OCER,0.2221908818753216
AT120000,INPO,RAPE,0.2512031306899032
AT120000,INPO,SUNF,0.2517451725612058
AT120000,INPO,SOYA,0.204106381872736
AT120000,INPO,PULS,0.1267746848764709
AT120000,INPO,POTA,0.5092127441198613
AT120000,INPO,SUGB,0.7036218626856214
AT120000,INPO,MAIF,0.3627617357325291
AT120000,INPO,OFAR,0.170182085647939
AT120000,INPO,OSET,0.2423374621637849
AT120000,INPO,VSET,0.2447555365760458
AT120000,INPO,FALL,0.0
AT210000,SEED,SWHE,0.02760667398085732
AT210000,SEED,BARL,0.02714016494063651
AT210000,SEED,OATS,0.02729440859289519
AT210000,SEED,MAIZ,0.0766675317644894
AT210000,SEED,OCER,0.04478187610622446
AT210000,SEED,SOYA,0.05622746928842742
AT210000,SEED,PULS,0.03914072991567936
AT210000,SEED,MAIF,0.0800437958311926
AT210000,SEED,OFAR,0.0265514566561058
AT210000,SEED,OSET,0.0005936422528613904
AT210000,SEED,VSET,0.0
AT210000,SEED,FALL,0.0
AT210000,PLAP,SWHE,0.03306639871492136
AT210000,PLAP,BARL,0.03045256213139773
AT210000,PLAP,OATS,0.0289895544303605
AT210000,PLAP,MAIZ,0.05668796885311011
AT210000,PLAP,OCER,0.04283876322559374
AT210000,PLAP,SOYA,0.05337311176272297
AT210000,PLAP,PULS,0.01767498481522616
AT210000,PLAP,MAIF,0.05912868526148819
AT210000,PLAP,OFAR,0.01355451852993354
AT210000,PLAP,OSET,0.0001346962375340238
AT210000,PLAP,VSET,0.0
AT210000,PLAP,FALL,0.0
AT210000,FERT,SWHE,1.623319531878663
AT210000,FERT,BARL,1.394910672678376
AT210000,FERT,OATS,1.44744303376916
AT210000,FERT,MAIZ,3.544081084917218
AT210000,FERT,OCER,2.78652316736698
AT210000,FERT,SOYA,1.234211270437297
AT210000,FERT,PULS,0.9072987260718197
AT210000,FERT,MAIF,3.194214048494632
AT210000,FERT,OFAR,1.067592645618908
AT210000,FERT,OSET,0.008407517057418419
AT210000,FERT,VSET,0.0
AT210000,FERT,FALL,0.0
AT210000,REPM,SWHE,0.03319790242342273
AT210000,REPM,BARL,0.0315413995577238
AT210000,REPM,OATS,0.03215878209538742
AT210000,REPM,MAIZ,0.07409577270346386
AT210000,REPM,OCER,0.05265950562933039
AT210000,REPM,SOYA,0.06596522478466615
AT210000,REPM,PULS,0.04234059054504556
AT210000,REPM,MAIF,0.08676025622475592
AT210000,REPM,OFAR,0.02965464199372891
AT210000,REPM,OSET,0.07731625954254204
AT210000,REPM,VSET,0.08691977799867057
AT210000,REPM,FALL,0.0
AT210000,REPB,SWHE,0.00929685696230128
AT210000,REPB,BARL,0.008747422039612696
AT210000,REPB,OATS,0.008576734808798323
AT210000,REPB,MAIZ,0.01860238928000107
AT210000,REPB,OCER,0.01343554334868607
AT210000,REPB,SOYA,0.01695446735945684
AT210000,REPB,PULS,0.01013857975522565
AT210000,REPB,MAIF,0.02068072912396294
AT210000,REPB,OFAR,0.007893909932572695
AT210000,REPB,OSET,0.009912964214216852
AT210000,REPB,VSET,0.01114716067213472
AT210000,REPB,FALL,0.0
AT210000,ELEC,SWHE,0.004908583752463886
AT210000,ELEC,BARL,0.00477644507015831
AT210000,ELEC,OATS,0.001619133762085274
AT210000,ELEC,MAIZ,0.004718744270265997
AT210000,ELEC,OCER,0.002839734946781929
AT210000,ELEC,SOYA,0.001314386758515007
AT210000,ELEC,PULS,0.002022360649297285
AT210000,ELEC,MAIF,0.002539354245703001
AT210000,ELEC,OFAR,0.004281073667638923
AT210000,ELEC,OSET,0.0
AT210000,ELEC,VSET,0.0
AT210000,ELEC,FALL,0.0
AT210000,EGAS,SWHE,0.0001161070314291962
AT210000,EGAS,BARL,0.0001155229331823341
AT210000,EGAS,OATS,0.0003710882601247459
AT210000,EGAS,MAIZ,0.0001215359245780505
AT210000,EGAS,OCER,0.0004807801282927512
AT210000,EGAS,SOYA,0.000919233132847251
AT210000,EGAS,PULS,0.0
AT210000,EGAS,MAIF,0.0
AT210000,EGAS,OFAR,0.0
AT210000,EGAS,OSET,0.0
AT210000,EGAS,VSET,0.0
AT210000,EGAS,FALL,0.0
AT210000,EFUL,SWHE,0.08041183869445033
AT210000,EFUL,BARL,0.07858558214083855
AT210000,EFUL,OATS,0.07385693013996839
AT210000,EFUL,MAIZ,0.0918315242122575
AT210000,EFUL,OCER,0.09217131309203291
AT210000,EFUL,SOYA,0.07668488658512461
AT210000,EFUL,PULS,0.08884078430096211
AT210000,EFUL,MAIF,0.1345800362650428
AT210000,EFUL,OFAR,0.1281111874331412
AT210000,EFUL,OSET,0.07283747214438809
AT210000,EFUL,VSET,0.08342215143922586
AT210000,EFUL,FALL,0.0
AT210000,ELUB,SWHE,0.006001920342492458
AT210000,ELUB,BARL,0.005969588789645752
AT210000,ELUB,OATS,0.006044762988883137
AT210000,ELUB,MAIZ,0.006207826813507251
AT210000,ELUB,OCER,0.006318433226781625
AT210000,ELUB,SOYA,0.005345266706052128
AT210000,ELUB,PULS,0.006342924324224589
AT210000,ELUB,MAIF,0.008675878481905656
AT210000,ELUB,OFAR,0.007063272689265953
AT210000,ELUB,OSET,0.001636067803306494
AT210000,ELUB,VSET,0.001856650342542136
AT210000,ELUB,FALL,0.0
AT210000,INPO,SWHE,0.1363578402691241
AT210000,INPO,BARL,0.120514776079036
AT210000,INPO,OATS,0.09753910322346795
AT210000,INPO,MAIZ,0.3306236179242603
AT210000,INPO,OCER,0.2361805416329072
AT210000,INPO,SOYA,0.2236387051629572
AT210000,INPO,PULS,0.1285024686045897
AT210000,INPO,MAIF,0.3800821493597084
AT210000,INPO,OFAR,0.12811176574951
AT210000,INPO,OSET,0.2414601835230081
AT210000,INPO,VSET,0.2447555358010333
AT210000,INPO,FALL,0.0
AT220000,SEED,SWHE,0.02923791555779558
AT220000,SEED,DWHE,0.03189158020408903
AT220000,SEED,RYEM,0.02571243583801915
AT220000,SEED,BARL,0.02809721266800625
AT220000,SEED,OATS,0.02679514327493231
AT220000,SEED,MAIZ,0.0783584182348442
AT220000,SEED,OCER,0.03866424872441236
AT220000,SEED,SOYA,0.05683251796237411
AT220000,SEED,PULS,0.02590087319190437
AT220000,SEED,MAIF,0.0776152091233772
AT220000,SEED,OFAR,0.02676096583270388
AT220000,SEED,OSET,0.004688623312335621
AT220000,SEED,VSET,0.0
AT220000,SEED,FALL,0.0
AT220000,PLAP,SWHE,0.03416805593401325
AT220000,PLAP,DWHE,0.02814939004179354
AT220000,PLAP,RYEM,0.03024134385039048
AT220000,PLAP,BARL,0.03118763975689913
AT220000,PLAP,OATS,0.02872774419414057
AT220000,PLAP,MAIZ,0.05742865912608191
AT220000,PLAP,OCER,0.0391309696007737
AT220000,PLAP,SOYA,0.05394722880045147
AT220000,PLAP,PULS,0.01384001080640372
AT220000,PLAP,MAIF,0.05802903915596636
AT220000,PLAP,OFAR,0.01368833984103145
AT220000,PLAP,OSET,0.00103523329568896
AT220000,PLAP,VSET,0.0
AT220000,PLAP,FALL,0.0
AT220000,FERT,SWHE,1.724347446957476
AT220000,FERT,DWHE,1.519551594458737
AT220000,FERT,RYEM,1.390630520497159
AT220000,FERT,BARL,1.400469157942642
AT220000,FERT,OATS,1.359367226756526
AT220000,FERT,MAIZ,3.601171966896031
AT220000,FERT,OCER,2.270714954427091
AT220000,FERT,SOYA,1.208641724516066
AT220000,FERT,PULS,0.5364882633138104
AT220000,FERT,MAIF,3.030745918653211
AT220000,FERT,OFAR,1.045087025388181
AT220000,FERT,OSET,0.04054945507276066
AT220000,FERT,VSET,0.0
AT220000,FERT,FALL,0.0
AT220000,REPM,SWHE,0.03367738424459378
AT220000,REPM,DWHE,0.02919964872739395
AT220000,REPM,RYEM,0.03298672438364592
AT220000,REPM,BARL,0.031791552021794
AT220000,REPM,OATS,0.03198963291481968
AT220000,REPM,MAIZ,0.0745446419440717
AT220000,REPM,OCER,0.0507454485969922
AT220000,REPM,SOYA,0.06620662837056208
AT220000,REPM,PULS,0.03860493695236276
AT220000,REPM,MAIF,0.08606424147136861
AT220000,REPM,OFAR,0.02967008422197609
AT220000,REPM,OSET,0.0731478707443241
AT220000,REPM,VSET,0.08691977883862106
AT220000,REPM,FALL,0.0
AT220000,REPB,SWHE,0.0094252363111118
AT220000,REPB,DWHE,0.00597725193239635
AT220000,REPB,RYEM,0.00868917140562414
AT220000,REPB,BARL,0.008821446413421412
AT220000,REPB,OATS,0.008533585382276677
AT220000,REPB,MAIZ,0.01871009079116025
AT220000,REPB,OCER,0.01294965068849908
AT220000,REPB,SOYA,0.0170257947075626
AT220000,REPB,PULS,0.009245405706405571
AT220000,REPB,MAIF,0.02051841494574309
AT220000,REPB,OFAR,0.007908352765228627
AT220000,REPB,OSET,0.009653414052640598
AT220000,REPB,VSET,0.01114716083032193
AT220000,REPB,FALL,0.0
AT220000,ELEC,SWHE,0.005007265833398546
AT220000,ELEC,DWHE,0.001399297605643042
AT220000,ELEC,RYEM,0.001977520495887611
AT220000,ELEC,BARL,0.004843904757136329
AT220000,ELEC,OATS,0.001605950911055289
AT220000,ELEC,MAIZ,0.004756703014629195
AT220000,ELEC,OCER,0.002690430056168629
AT220000,ELEC,SOYA,0.001319427587668248
AT220000,ELEC,PULS,0.001761193291890691
AT220000,ELEC,MAIF,0.002506689697818065
AT220000,ELEC,OFAR,0.004302329381549022
AT220000,ELEC,OSET,0.0
AT220000,ELEC,VSET,0.0
AT220000,ELEC,FALL,0.0
AT220000,EGAS,SWHE,0.0001183672500775381
AT220000,EGAS,DWHE,0.001184139692378256
AT220000,EGAS,RYEM,0.0004074885882240874
AT220000,EGAS,BARL,0.000117154620625787
AT220000,EGAS,OATS,0.0003695158079494469
AT220000,EGAS,MAIZ,0.0001224993098855812
AT220000,EGAS,OCER,0.0004558050231363195
AT220000,EGAS,SOYA,0.0009231999143866196
AT220000,EGAS,PULS,0.0
AT220000,EGAS,MAIF,0.0
AT220000,EGAS,OFAR,0.0
AT220000,EGAS,OSET,0.0
AT220000,EGAS,VSET,0.0
AT220000,EGAS,FALL,0.0
AT220000,EFUL,SWHE,0.08201168566500026
AT220000,EFUL,DWHE,0.05135605189345518
AT220000,EFUL,RYEM,0.08427652284130009
AT220000,EFUL,BARL,0.07973463038275941
AT220000,EFUL,OATS,0.07349631660693899
AT220000,EFUL,MAIZ,0.09252501462180841
AT220000,EFUL,OCER,0.0873070038277503
AT220000,EFUL,SOYA,0.07706738022833971
AT220000,EFUL,PULS,0.07707157315362706
AT220000,EFUL,MAIF,0.1330589537253905
AT220000,EFUL,OFAR,0.1289347471154308
AT220000,EFUL,OSET,0.06782349137983745
AT220000,EFUL,VSET,0.08342215180567972
AT220000,EFUL,FALL,0.0
AT220000,ELUB,SWHE,0.006120605414119505
AT220000,ELUB,DWHE,0.005948816412499109
AT220000,ELUB,RYEM,0.006383538907078061
AT220000,ELUB,BARL,0.006056031160545677
AT220000,ELUB,OATS,0.00601154249638286
AT220000,ELUB,MAIZ,0.006255493288211855
AT220000,ELUB,OCER,0.005984366057993969
AT220000,ELUB,SOYA,0.005374558824887606
AT220000,ELUB,PULS,0.005509248432132384
AT220000,ELUB,MAIF,0.00857520657945072
AT220000,ELUB,OFAR,0.007104859214803177
AT220000,ELUB,OSET,0.001585506427447364
AT220000,ELUB,VSET,0.001856650475046599
AT220000,ELUB,FALL,0.0
AT220000,INPO,SWHE,0.1410396538418139
AT220000,INPO,DWHE,0.0484453868483315
AT220000,INPO,RYEM,0.1170463094441999
AT220000,INPO,BARL,0.1233385382130897
AT220000,INPO,OATS,0.09662878025674224
AT220000,INPO,MAIZ,0.3349249397287008
AT220000,INPO,OCER,0.2158309458389372
AT220000,INPO,SOYA,0.2258878536468339
AT220000,INPO,PULS,0.1005570810440225
AT220000,INPO,MAIF,0.3729992078060007
AT220000,INPO,OFAR,0.1291680717765823
AT220000,INPO,OSET,0.2324222007743633
AT220000,INPO,VSET,0.2447555418326004
AT220000,INPO,FALL,0.0
AT310000,SEED,SWHE,0.0322630132748682
AT310000,SEED,DWHE,0.03150827987809293
AT310000,SEED,RYEM,0.0247012726333238
AT310000,SEED,BARL,0.03046935970261672
AT310000,SEED,OATS,0.02891556130021
AT310000,SEED,MAIZ,0.07865965948094894
AT310000,SEED,OCER,0.04489160628135677
AT310000,SEED,RAPE,0.06069117488611415
AT310000,SEED,SOYA,0.05705495658869442
AT310000,SEED,PULS,0.03089944974257221
AT310000,SEED,POTA,0.09430991598581201
AT310000,SEED,SUGB,0.1464158643377842
AT310000,SEED,MAIF,0.07592278164352305
AT310000,SEED,OFAR,0.02982058945969383
AT310000,SEED,OSET,0.001074583023877721
AT310000,SEED,VSET,0.0
AT310000,SEED,FALL,0.0
AT310000,PLAP,SWHE,0.03648418037630851
AT310000,PLAP,DWHE,0.02889566218894344
AT310000,PLAP,RYEM,0.02907171089411642
AT310000,PLAP,BARL,0.03279902435153351
AT310000,PLAP,OATS,0.03008055451882412
AT310000,PLAP,MAIZ,0.05759001820353591
AT310000,PLAP,OCER,0.04271399423813356
AT310000,PLAP,RAPE,0.05645121179156128
AT310000,PLAP,SOYA,0.05379161984457251
AT310000,PLAP,PULS,0.0130032051297979
AT310000,PLAP,POTA,0.1650867300479227
AT310000,PLAP,SUGB,0.1781947363546952
AT310000,PLAP,MAIF,0.05723025963849832
AT310000,PLAP,OFAR,0.0147859518845589
AT310000,PLAP,OSET,0.0002368435411219691
AT310000,PLAP,VSET,0.0
AT310000,PLAP,FALL,0.0
AT310000,FERT,SWHE,2.022758663003045
AT310000,FERT,DWHE,1.563356905658756
AT310000,FERT,RYEM,1.388233451039001
AT310000,FERT,BARL,1.632687924592127
AT310000,FERT,OATS,1.613869445056646
AT310000,FERT,MAIZ,3.753374615294663
AT310000,FERT,OCER,2.786881295472118
AT310000,FERT,RAPE,2.103641205758748
AT310000,FERT,SOYA,1.259633179873839
AT310000,FERT,PULS,0.8304644640524579
AT310000,FERT,POTA,1.877013932462995
AT310000,FERT,SUGB,4.438844384784405
AT310000,FERT,MAIF,3.05739031770762
AT310000,FERT,OFAR,1.221252630600547
AT310000,FERT,OSET,0.009705706643082616
AT310000,FERT,VSET,0.0
AT310000,FERT,FALL,0.0
AT310000,REPM,SWHE,0.03454225112554428
AT310000,REPM,DWHE,0.01543893556499182
AT310000,REPM,RYEM,0.02978683550482365
AT310000,REPM,BARL,0.03246529828558645
AT310000,REPM,OATS,0.03263154169062472
AT310000,REPM,MAIZ,0.0745977007260733
AT310000,REPM,OCER,0.05265068521444023
AT310000,REPM,RAPE,0.07046151594439135
AT310000,REPM,SOYA,0.06619613270631994
AT310000,REPM,PULS,0.04116026696533048
AT310000,REPM,POTA,0.1194485780092471
AT310000,REPM,SUGB,0.181671084978539
AT310000,REPM,MAIF,0.08558936745816328
AT310000,REPM,OFAR,0.03146772495102642
AT310000,REPM,OSET,0.07696852974133699
AT310000,REPM,VSET,0.08691977800693754
AT310000,REPM,FALL,0.0
AT310000,REPB,SWHE,0.009672535612910656
AT310000,REPB,DWHE,0.004958409580822255
AT310000,REPB,RYEM,0.00817955775930599
AT310000,REPB,BARL,0.009006617344991617
AT310000,REPB,OATS,0.008703072631839153
AT310000,REPB,MAIZ,0.01872603723474993
AT310000,REPB,OCER,0.01342590841184468
AT310000,REPB,RAPE,0.01781508025114097
AT310000,REPB,SOYA,0.0170100773386699
AT310000,REPB,PULS,0.009877430531718976
AT310000,REPB,POTA,0.03157659247897456
AT310000,REPB,SUGB,0.04423195428162522
AT310000,REPB,MAIF,0.02040547681171765
AT310000,REPB,OFAR,0.008319478596157169
AT310000,REPB,OSET,0.009900520420354346
AT310000,REPB,VSET,0.0111471606736747
AT310000,REPB,FALL,0.0
AT310000,ELEC,SWHE,0.005209761670864827
AT310000,ELEC,DWHE,0.001407624992469563
AT310000,ELEC,RYEM,0.001823013224642908
AT310000,ELEC,BARL,0.004993557792252603
AT310000,ELEC,OATS,0.0016547119882055
AT310000,ELEC,MAIZ,0.004764295869095848
AT310000,ELEC,OCER,0.0028319486646004
AT310000,ELEC,RAPE,0.002148962313231904
AT310000,ELEC,SOYA,0.001322100913823227
AT310000,ELEC,PULS,0.001984808951723645
AT310000,ELEC,POTA,0.001383651466308455
AT310000,ELEC,SUGB,0.002056998945552589
AT310000,ELEC,MAIF,0.002486182431819675
AT310000,ELEC,OFAR,0.004550604311484758
AT310000,ELEC,OSET,0.0
AT310000,ELEC,VSET,0.0
AT310000,ELEC,FALL,0.0
AT310000,EGAS,SWHE,0.0001231843109003175
AT310000,EGAS,DWHE,0.001196211972037539
AT310000,EGAS,RYEM,0.0004003557321287043
AT310000,EGAS,BARL,0.0001207898322783002
AT310000,EGAS,OATS,0.0003795547806314405
AT310000,EGAS,MAIZ,0.0001227028211237228
AT310000,EGAS,OCER,0.0004775740009303506
AT310000,EGAS,RAPE,0.0003145387526592624
AT310000,EGAS,SOYA,0.0009245643128589804
AT310000,EGAS,PULS,0.0
AT310000,EGAS,POTA,0.0
AT310000,EGAS,SUGB,0.0
AT310000,EGAS,MAIF,0.0
AT310000,EGAS,OFAR,0.0
AT310000,EGAS,OSET,0.0
AT310000,EGAS,VSET,0.0
AT310000,EGAS,FALL,0.0
AT310000,EFUL,SWHE,0.08535876475255604
AT310000,EFUL,DWHE,0.05223526672639266
AT310000,EFUL,RYEM,0.08158744962197231
AT310000,EFUL,BARL,0.08217696533452852
AT310000,EFUL,OATS,0.07553750050572822
AT310000,EFUL,MAIZ,0.09269700141682728
AT310000,EFUL,OCER,0.0919758225394992
AT310000,EFUL,RAPE,0.0773834920884811
AT310000,EFUL,SOYA,0.07709539822392322
AT310000,EFUL,PULS,0.08370672042954318
AT310000,EFUL,POTA,0.1366356151091679
AT310000,EFUL,SUGB,0.113543904111141
AT310000,EFUL,MAIF,0.1319484334610873
AT310000,EFUL,OFAR,0.1328137000860268
AT310000,EFUL,OSET,0.07215218272849735
AT310000,EFUL,VSET,0.08342215144293567
AT310000,EFUL,FALL,0.0
AT310000,ELUB,SWHE,0.006369988717166944
AT310000,ELUB,DWHE,0.00610289111089135
AT310000,ELUB,RYEM,0.006225126208743977
AT310000,ELUB,BARL,0.006242293339088872
AT310000,ELUB,OATS,0.006181229513713856
AT310000,ELUB,MAIZ,0.006266654711581991
AT310000,ELUB,OCER,0.00630421343568683
AT310000,ELUB,RAPE,0.005531972139084136
AT310000,ELUB,SOYA,0.005373033225349661
AT310000,ELUB,PULS,0.006042912477881078
AT310000,ELUB,POTA,0.009858267125143691
AT310000,ELUB,SUGB,0.0079033748022275
AT310000,ELUB,MAIF,0.008504020821686857
AT310000,ELUB,OFAR,0.007156269471735235
AT310000,ELUB,OSET,0.001633822554182674
AT310000,ELUB,VSET,0.001856650370379979
AT310000,ELUB,FALL,0.0
AT310000,INPO,SWHE,0.1504889932577578
AT310000,INPO,DWHE,0.05499533632494602
AT310000,INPO,RYEM,0.1123189225758438
AT310000,INPO,BARL,0.1297289015044626
AT310000,INPO,OATS,0.1012091597607263
AT310000,INPO,MAIZ,0.3358746266549844
AT310000,INPO,OCER,0.235440339082648
AT310000,INPO,RAPE,0.2657781982074621
AT310000,INPO,SOYA,0.2254282826469228
AT310000,INPO,PULS,0.1163457039911919
AT310000,INPO,POTA,0.4747098380816561
AT310000,INPO,SUGB,0.734833932723727
AT310000,INPO,MAIF,0.3678400334663954
AT310000,INPO,OFAR,0.1423244767030332
AT310000,INPO,OSET,0.2408858514494535
AT310000,INPO,VSET,0.2447555358606345
AT310000,INPO,FALL,0.0
PT110000,SEED,SWHE,0.006404273255462585
PT110000,SEED,RYEM,0.006941938854681839
PT110000,SEED,OATS,0.003756411778580712
PT110000,SEED,MAIZ,0.02192880804467106
PT110000,SEED,OCER,0.03352953333507394
PT110000,SEED,PULS,0.03324473910497341
PT110000,SEED,POTA,0.0745726098798913
PT110000,SEED,MAIF,0.02463764088588396
PT110000,SEED,OFAR,0.006161411798737301
PT110000,SEED,OSET,0.02557475406457079
PT110000,SEED,VSET,0.0
PT110000,SEED,FALL,0.0
PT110000,PLAP,SWHE,0.004942084789049894
PT110000,PLAP,RYEM,0.005403390514290477
PT110000,PLAP,OATS,0.003386111849941113
PT110000,PLAP,MAIZ,0.02617038278445622
PT110000,PLAP,OCER,0.00827968966151502
PT110000,PLAP,PULS,0.01335410310041668
PT110000,PLAP,POTA,0.110976224381403
PT110000,PLAP,MAIF,0.02032956259033674
PT110000,PLAP,OFAR,0.002989766526726668
PT110000,PLAP,OSET,0.007033284533703325
PT110000,PLAP,VSET,0.0
PT110000,PLAP,FALL,0.0
PT110000,FERT,SWHE,0.5328311624463928
PT110000,FERT,RYEM,0.5074092005550063
PT110000,FERT,OATS,0.4265084780921424
PT110000,FERT,MAIZ,1.164887752044383
PT110000,FERT,OCER,0.5232357882250048
PT110000,FERT,PULS,0.3564126609321437
PT110000,FERT,POTA,1.142844774812301
PT110000,FERT,MAIF,1.076826664155177
PT110000,FERT,OFAR,1.18847844461158
PT110000,FERT,OSET,0.407813428400261
PT110000,FERT,VSET,0.0
PT110000,FERT,FALL,0.0
PT110000,REPM,SWHE,0.00275250036763131
PT110000,REPM,RYEM,0.002619595947213337
PT110000,REPM,OATS,0.00244047804872609
PT110000,REPM,MAIZ,0.01113810480621218
PT110000,REPM,OCER,0.002582764260593444
PT110000,REPM,PULS,0.01017116557205383
PT110000,REPM,POTA,0.03032119474677984
PT110000,REPM,MAIF,0.008148943493881209
PT110000,REPM,OFAR,0.0009555564740726967
PT110000,REPM,OSET,0.004961850012616226
PT110000,REPM,VSET,0.001865437547144562
PT110000,REPM,FALL,0.0
PT110000,REPB,SWHE,0.005159768680665702
PT110000,REPB,RYEM,0.004678554429559162
PT110000,REPB,OATS,0.004338401078360117
PT110000,REPB,MAIZ,0.02134488125702921
PT110000,REPB,OCER,0.004797612443406385
PT110000,REPB,PULS,0.01923871409458362
PT110000,REPB,POTA,0.05832850518855222
PT110000,REPB,MAIF,0.01553242013787951
PT110000,REPB,OFAR,0.001831114612018899
PT110000,REPB,OSET,0.01020114172963722
PT110000,REPB,VSET,0.003889920663427017
PT110000,REPB,FALL,0.0
PT110000,ELEC,SWHE,0.00420494258545764
PT110000,ELEC,RYEM,0.002943618201824206
PT110000,ELEC,OATS,0.003960648946063839
PT110000,ELEC,MAIZ,0.005386223408520598
PT110000,ELEC,OCER,0.001743281433758472
PT110000,ELEC,PULS,0.00240070181777139
PT110000,ELEC,POTA,0.004010737406035102
PT110000,ELEC,MAIF,0.005424902870207192
PT110000,ELEC,OFAR,0.005593304690161541
PT110000,ELEC,OSET,0.0
PT110000,ELEC,VSET,0.0
PT110000,ELEC,FALL,0.0
PT110000,EGAS,SWHE,7.493322534339391e-05
PT110000,EGAS,RYEM,0.0002176691899779379
PT110000,EGAS,OATS,0.0001033789184408157
PT110000,EGAS,MAIZ,7.402985204464688e-05
PT110000,EGAS,OCER,0.0003199871541152044
PT110000,EGAS,PULS,0.0
PT110000,EGAS,POTA,0.0
PT110000,EGAS,MAIF,0.0
PT110000,EGAS,OFAR,0.0
PT110000,EGAS,OSET,0.0
PT110000,EGAS,VSET,0.0
PT110000,EGAS,FALL,0.0
PT110000,EFUL,SWHE,0.07989703578499881
PT110000,EFUL,RYEM,0.06261761965945374
PT110000,EFUL,OATS,0.06123620286543419
PT110000,EFUL,MAIZ,0.09906765729101828
PT110000,EFUL,OCER,0.06357279761840011
PT110000,EFUL,PULS,0.1095111875412375
PT110000,EFUL,POTA,0.2205358703699354
PT110000,EFUL,MAIF,0.1531198624996414
PT110000,EFUL,OFAR,0.1443866973713759
PT110000,EFUL,OSET,0.01857070679316986
PT110000,EFUL,VSET,0.03007209680894713
PT110000,EFUL,FALL,0.0
PT110000,ELUB,SWHE,0.0009586891687778989
PT110000,ELUB,RYEM,0.001064179031457578
PT110000,ELUB,OATS,0.0008944125340158644
PT110000,ELUB,MAIZ,0.0009263091923834278
PT110000,ELUB,OCER,0.0007628487097235349
PT110000,ELUB,PULS,0.001047264568423376
PT110000,ELUB,POTA,0.00171649821059559
PT110000,ELUB,MAIF,0.001299806037939525
PT110000,ELUB,OFAR,0.001464059113636262
PT110000,ELUB,OSET,0.0001760868330151688
PT110000,ELUB,VSET,0.0001614754312488453
PT110000,ELUB,FALL,0.0
PT110000,INPO,SWHE,0.03455212050466257
PT110000,INPO,RYEM,0.03120598706107841
PT110000,INPO,OATS,0.009913710936140224
PT110000,INPO,MAIZ,0.09997398952294892
PT110000,INPO,OCER,0.07692997300276257
PT110000,INPO,PULS,0.2143749036587397
PT110000,INPO,POTA,0.4691038634939705
PT110000,INPO,MAIF,0.2201866247829897
PT110000,INPO,OFAR,0.01142184883370948
PT110000,INPO,OSET,0.2058424586173532
PT110000,INPO,VSET,0.1564858072435805
PT110000,INPO,FALL,0.0
PT150000,SEED,SWHE,0.004307649990759666
PT150000,SEED,BARL,0.006577513148082666
PT150000,SEED,OATS,0.001995266559213746
PT150000,SEED,MAIZ,0.0263102568033254
PT150000,SEED,OFAR,0.00867559955615958
PT150000,SEED,VSET,0.0
PT150000,SEED,FALL,0.0
PT150000,PLAP,SWHE,0.004497717622504024
PT150000,PLAP,BARL,0.006044964400866167
PT150000,PLAP,OATS,0.003004211161182048
PT150000,PLAP,MAIZ,0.02892455880981926
PT150000,PLAP,OFAR,0.003924036318593222
PT150000,PLAP,VSET,0.0
PT150000,PLAP,FALL,0.0
PT150000,FERT,SWHE,0.520220988486829
PT150000,FERT,BARL,0.4577620085008741
PT150000,FERT,OATS,0.456304478411649
PT150000,FERT,MAIZ,1.537199566286848
PT150000,FERT,OFAR,1.712048575341576
PT150000,FERT,VSET,0.0
PT150000,FERT,FALL,0.0
PT150000,REPM,SWHE,0.002643655524395857
PT150000,REPM,BARL,0.002664610509264596
PT150000,REPM,OATS,0.002270507043981988
PT150000,REPM,MAIZ,0.01154353521181156
PT150000,REPM,OFAR,0.001032762098465738
PT150000,REPM,VSET,0.001865437547175411
PT150000,REPM,FALL,0.0
PT150000,REPB,SWHE,0.004925956207864671
PT150000,REPB,BARL,0.005109806384197878
PT150000,REPB,OATS,0.004035872898773271
PT150000,REPB,MAIZ,0.02212303768572084
PT150000,REPB,OFAR,0.001996184347226805
PT150000,REPB,VSET,0.003889920663548193
PT150000,REPB,FALL,0.0
PT150000,ELEC,SWHE,0.003892150655109916
PT150000,ELEC,BARL,0.002412448021695142
PT150000,ELEC,OATS,0.003474536217277309
PT150000,ELEC,MAIZ,0.005693954635111353
PT150000,ELEC,OFAR,0.006598743626303988
PT150000,ELEC,VSET,0.0
PT150000,ELEC,FALL,0.0
PT150000,EGAS,SWHE,6.492517732518289e-05
PT150000,EGAS,BARL,0.0002496138506965874
PT150000,EGAS,OATS,9.368632420361081e-05
PT150000,EGAS,MAIZ,7.827377308227928e-05
PT150000,EGAS,OFAR,0.0
PT150000,EGAS,VSET,0.0
PT150000,EGAS,FALL,0.0
PT150000,EFUL,SWHE,0.07310655477287173
PT150000,EFUL,BARL,0.05036788679461619
PT150000,EFUL,OATS,0.05127650716725955
PT150000,EFUL,MAIZ,0.1046919815288074
PT150000,EFUL,OFAR,0.1669206689699996
PT150000,EFUL,VSET,0.03007209680921222
PT150000,EFUL,FALL,0.0
PT150000,ELUB,SWHE,0.0008802130849291875
PT150000,ELUB,BARL,0.0008358287068625926
PT150000,ELUB,OATS,0.0007925193736734364
PT150000,ELUB,MAIZ,0.0009788648504707078
PT150000,ELUB,OFAR,0.001695621071997867
PT150000,ELUB,VSET,0.0001614754323482344
PT150000,ELUB,FALL,0.0
PT150000,INPO,SWHE,0.01744794535249483
PT150000,INPO,BARL,0.02104783242341695
PT150000,INPO,OATS,0.007731114120385494
PT150000,INPO,MAIZ,0.1103159406338215
PT150000,INPO,OFAR,0.01640217012483838
PT150000,INPO,VSET,0.1564858059777907
PT150000,INPO,FALL,0.0
PT160000,SEED,SWHE,0.009789246493573815
PT160000,SEED,RYEM,0.005506663046848947
PT160000,SEED,BARL,0.01838098530090975
PT160000,SEED,OATS,0.006200789711111308
PT160000,SEED,MAIZ,0.02707552984737238
PT160000,SEED,OCER,0.0289401794633653
PT160000,SEED,PULS,0.03267111509034326
PT160000,SEED,POTA,0.09605911556321951
PT160000,SEED,MAIF,0.05228426001456367
PT160000,SEED,OFAR,0.004474162232999799
PT160000,SEED,OSET,0.0126383338047323
PT160000,SEED,VSET,0.0
PT160000,SEED,FALL,0.0
PT160000,PLAP,SWHE,0.005054054640616784
PT160000,PLAP,RYEM,0.00484910968439034
PT160000,PLAP,BARL,0.01072951053576421
PT160000,PLAP,OATS,0.005417758285940225
PT160000,PLAP,MAIZ,0.02941490777080165
PT160000,PLAP,OCER,0.0123385533026765
PT160000,PLAP,PULS,0.007506675891615212
PT160000,PLAP,POTA,0.1434588538381296
PT160000,PLAP,MAIF,0.03394242648368737
PT160000,PLAP,OFAR,0.00235534832504967
PT160000,PLAP,OSET,0.003441803152635798
PT160000,PLAP,VSET,0.0
PT160000,PLAP,FALL,0.0
PT160000,FERT,SWHE,0.562943296730604
PT160000,FERT,RYEM,0.4788378797194149
PT160000,FERT,BARL,0.7400015566589961
PT160000,FERT,OATS,0.5657729596085639
PT160000,FERT,MAIZ,1.528135693818721
PT160000,FERT,OCER,1.735640411482037
PT160000,FERT,PULS,0.3772538569636994
PT160000,FERT,POTA,1.542514483534643
PT160000,FERT,MAIF,2.148220564382701
PT160000,FERT,OFAR,0.8428891732766434
PT160000,FERT,OSET,0.2140120658189536
PT160000,FERT,VSET,0.0
PT160000,FERT,FALL,0.0
PT160000,REPM,SWHE,0.002788540823544448
PT160000,REPM,RYEM,0.002217455282026077
PT160000,REPM,BARL,0.003487693626618474
PT160000,REPM,OATS,0.002847275230013167
PT160000,REPM,MAIZ,0.01161545936799575
PT160000,REPM,OCER,0.002981958703100494
PT160000,REPM,PULS,0.01013636145311505
PT160000,REPM,POTA,0.03227946957250147
PT160000,REPM,MAIF,0.009685525225417553
PT160000,REPM,OFAR,0.0008845218436385103
PT160000,REPM,OSET,0.003241895736675448
PT160000,REPM,VSET,0.001865437547138715
PT160000,REPM,FALL,0.0
PT160000,REPB,SWHE,0.005233028665488924
PT160000,REPB,RYEM,0.004036958512676508
PT160000,REPB,BARL,0.00651126289134959
PT160000,REPB,OATS,0.005045573400114118
PT160000,REPB,MAIZ,0.02225953653144552
PT160000,REPB,OCER,0.00525367590409718
PT160000,REPB,PULS,0.01928759160945546
PT160000,REPB,POTA,0.06209980192617236
PT160000,REPB,MAIF,0.01829341123816938
PT160000,REPB,OFAR,0.001692739951982108
PT160000,REPB,OSET,0.006648569317175897
PT160000,REPB,VSET,0.003889920663403439
PT160000,REPB,FALL,0.0
PT160000,ELEC,SWHE,0.00428998840243689
PT160000,ELEC,RYEM,0.002270435824953104
PT160000,ELEC,BARL,0.002658888799639854
PT160000,ELEC,OATS,0.004970383988428917
PT160000,ELEC,MAIZ,0.00574868304225762
PT160000,ELEC,OCER,0.00366719838803324
PT160000,ELEC,PULS,0.002689265442277062
PT160000,ELEC,POTA,0.004403360338452565
PT160000,ELEC,MAIF,0.006740896275723888
PT160000,ELEC,OFAR,0.004939287787612792
PT160000,ELEC,OSET,0.0
PT160000,ELEC,VSET,0.0
PT160000,ELEC,FALL,0.0
PT160000,EGAS,SWHE,7.780339531679281e-05
PT160000,EGAS,RYEM,0.0002192712835707331
PT160000,EGAS,BARL,0.0003430961457582568
PT160000,EGAS,OATS,0.0001339900568624998
PT160000,EGAS,MAIZ,7.901730787229587e-05
PT160000,EGAS,OCER,0.0004458402109510253
PT160000,EGAS,PULS,0.0
PT160000,EGAS,POTA,0.0
PT160000,EGAS,MAIF,0.0
PT160000,EGAS,OFAR,0.0
PT160000,EGAS,OSET,0.0
PT160000,EGAS,VSET,0.0
PT160000,EGAS,FALL,0.0
PT160000,EFUL,SWHE,0.08191966939634891
PT160000,EFUL,RYEM,0.05200806500932952
PT160000,EFUL,BARL,0.0710757897799468
PT160000,EFUL,OATS,0.0722494163731585
PT160000,EFUL,MAIZ,0.10573678409714
PT160000,EFUL,OCER,0.1058723922349772
PT160000,EFUL,PULS,0.1159308122371312
PT160000,EFUL,POTA,0.2422672103956224
PT160000,EFUL,MAIF,0.1903442516886728
PT160000,EFUL,OFAR,0.12795109690016
PT160000,EFUL,OSET,0.01906306636367209
PT160000,EFUL,VSET,0.03007209680889059
PT160000,EFUL,FALL,0.0
PT160000,ELUB,SWHE,0.000984028146550358
PT160000,ELUB,RYEM,0.0008677668305384248
PT160000,ELUB,BARL,0.001270369629011299
PT160000,ELUB,OATS,0.001140918995443975
PT160000,ELUB,MAIZ,0.000988722308417767
PT160000,ELUB,OCER,0.0009273496278787097
PT160000,ELUB,PULS,0.001091631466148374
PT160000,ELUB,POTA,0.001885476823638901
PT160000,ELUB,MAIF,0.00163222826026264
PT160000,ELUB,OFAR,0.001297185118575069
PT160000,ELUB,OSET,0.0001745268007258701
PT160000,ELUB,VSET,0.0001614754310579301
PT160000,ELUB,FALL,0.0
PT160000,INPO,SWHE,0.04285641413088603
PT160000,INPO,RYEM,0.02214272433789995
PT160000,INPO,BARL,0.0247347793513711
PT160000,INPO,OATS,0.01467324187063532
PT160000,INPO,MAIZ,0.1122930991002436
PT160000,INPO,OCER,0.1068088398438025
PT160000,INPO,PULS,0.2112447418727003
PT160000,INPO,POTA,0.5488750462987249
PT160000,INPO,MAIF,0.3321363351756508
PT160000,INPO,OFAR,0.009227653868330956
PT160000,INPO,OSET,0.1344275832883665
PT160000,INPO,VSET,0.1564858060618859
PT160000,INPO,FALL,0.0
PT170000,SEED,SWHE,0.01250774208911305
PT170000,SEED,DWHE,0.01894509392237413
PT170000,SEED,OATS,0.01287586249729605
PT170000,SEED,MAIZ,0.05486971880907583
PT170000,SEED,POTA,0.1212520980709739
PT170000,SEED,MAIF,0.08134170728327184
PT170000,SEED,OFAR,0.00413965953640798
PT170000,SEED,VSET,0.0
PT170000,SEED,FALL,0.0
PT170000,PLAP,SWHE,0.006244735165616227
PT170000,PLAP,DWHE,0.01009518886661447
PT170000,PLAP,OATS,0.00656350134708352
PT170000,PLAP,MAIZ,0.04623283553875455
PT170000,PLAP,POTA,0.1398028134748217
PT170000,PLAP,MAIF,0.05484064516954325
PT170000,PLAP,OFAR,0.002333556333339964
PT170000,PLAP,VSET,0.0
PT170000,PLAP,FALL,0.0
PT170000,FERT,SWHE,0.7431341761950802
PT170000,FERT,DWHE,0.920514011552102
PT170000,FERT,OATS,2.264050071990729
PT170000,FERT,MAIZ,3.438656872342825
PT170000,FERT,POTA,1.99258270877122
PT170000,FERT,MAIF,5.53636085109816
PT170000,FERT,OFAR,0.7610422058364623
PT170000,FERT,VSET,0.0
PT170000,FERT,FALL,0.0
PT170000,REPM,SWHE,0.003013720529646864
PT170000,REPM,DWHE,0.003703111974919368
PT170000,REPM,OATS,0.0027805062555254
PT170000,REPM,MAIZ,0.01387797721091251
PT170000,REPM,POTA,0.03360667448227694
PT170000,REPM,MAIF,0.01230758759847866
PT170000,REPM,OFAR,0.0008653926523952543
PT170000,REPM,FALL,0.0
PT170000,REPB,SWHE,0.0056593309559326
PT170000,REPB,DWHE,0.00742453698363232
PT170000,REPB,OATS,0.004847571722050942
PT170000,REPB,MAIZ,0.02664738968040686
PT170000,REPB,POTA,0.05972470637712321
PT170000,REPB,MAIF,0.02573628375477912
PT170000,REPB,OFAR,0.001658138872809365
PT170000,REPB,FALL,0.0
PT170000,ELEC,SWHE,0.00484041420279175
PT170000,ELEC,DWHE,0.005462542624878571
PT170000,ELEC,OATS,0.006436209857940474
PT170000,ELEC,MAIZ,0.007888958250576195
PT170000,ELEC,POTA,0.005238857129084239
PT170000,ELEC,MAIF,0.008295647277725584
PT170000,ELEC,OFAR,0.004813485685370516
PT170000,ELEC,VSET,0.0
PT170000,ELEC,FALL,0.0
PT170000,EGAS,SWHE,8.752959019923113e-05
PT170000,EGAS,DWHE,0.0001559049443671615
PT170000,EGAS,OATS,0.000154473993734381
PT170000,EGAS,MAIZ,0.0001055424956480818
PT170000,EGAS,POTA,0.0
PT170000,EGAS,MAIF,0.0
PT170000,EGAS,OFAR,0.0
PT170000,EGAS,VSET,0.0
PT170000,EGAS,FALL,0.0
PT170000,EFUL,SWHE,0.09218316022235386
PT170000,EFUL,DWHE,0.1384309840333612
PT170000,EFUL,OATS,0.0772239016106915
PT170000,EFUL,MAIZ,0.1476715890157136
PT170000,EFUL,POTA,0.2643985343083777
PT170000,EFUL,MAIF,0.2315993892171191
PT170000,EFUL,OFAR,0.1243105276765491
PT170000,EFUL,FALL,0.0
PT170000,ELUB,SWHE,0.001105221786518025
PT170000,ELUB,DWHE,0.001285939615405517
PT170000,ELUB,OATS,0.001536812203615348
PT170000,ELUB,MAIZ,0.001358962067767609
PT170000,ELUB,POTA,0.002076977352709911
PT170000,ELUB,MAIF,0.002160005981477444
PT170000,ELUB,OFAR,0.001261272454429974
PT170000,ELUB,FALL,0.0
PT170000,INPO,SWHE,0.0523172808867616
PT170000,INPO,DWHE,0.1068475097723788
PT170000,INPO,OATS,0.03152636002199909
PT170000,INPO,MAIZ,0.1972148658159726
PT170000,INPO,POTA,0.6597310593649461
PT170000,INPO,MAIF,0.5071720498626633
PT170000,INPO,OFAR,0.00888202595810134
PT170000,INPO,FALL,0.0
PT180000,SEED,SWHE,0.008427893037199798
PT180000,SEED,DWHE,0.0115686392784854
PT180000,SEED,BARL,0.01424022323221236
PT180000,SEED,OATS,0.005095171966381
PT180000,SEED,MAIZ,0.05509553434437151
PT180000,SEED,OCER,0.01407481505791255
PT180000,SEED,SUNF,0.01441521376456106
PT180000,SEED,PULS,0.04191614595220819
PT180000,SEED,POTA,0.0992556340782494
PT180000,SEED,SUGB,0.0984155616731012
PT180000,SEED,MAIF,0.02998946244280025
PT180000,SEED,OFAR,0.004855993439562454
PT180000,SEED,OSET,0.01300433160983865
PT180000,SEED,VSET,0.0
PT180000,SEED,FALL,0.0
PT180000,PLAP,SWHE,0.006125544650309034
PT180000,PLAP,DWHE,0.006478520325446584
PT180000,PLAP,BARL,0.008670950967982767
PT180000,PLAP,OATS,0.004463964934417976
PT180000,PLAP,MAIZ,0.04713795683484805
PT180000,PLAP,OCER,0.008614991510224197
PT180000,PLAP,SUNF,0.009789136286667017
PT180000,PLAP,PULS,0.02042188891367155
PT180000,PLAP,POTA,0.1326165648668189
PT180000,PLAP,SUGB,0.1321706301568424
PT180000,PLAP,MAIF,0.02407596921909456
PT180000,PLAP,OFAR,0.002475063526946848
PT180000,PLAP,OSET,0.00434493456624993
PT180000,PLAP,VSET,0.0
PT180000,PLAP,FALL,0.0
PT180000,FERT,SWHE,0.6654880200110745
PT180000,FERT,DWHE,0.5509979741860607
PT180000,FERT,BARL,0.5839540405022378
PT180000,FERT,OATS,0.4964241852255341
PT180000,FERT,MAIZ,3.463773064317181
PT180000,FERT,OCER,0.8885585900349933
PT180000,FERT,SUNF,0.5293038806081998
PT180000,FERT,PULS,0.3903529091798978
PT180000,FERT,POTA,1.596536002315075
PT180000,FERT,SUGB,5.830844731890457
PT180000,FERT,MAIF,1.248980099033997
PT180000,FERT,OFAR,0.919618516029995
PT180000,FERT,OSET,0.3978119230646849
PT180000,FERT,VSET,0.0
PT180000,FERT,FALL,0.0
PT180000,REPM,SWHE,0.002964898791334942
PT180000,REPM,DWHE,0.003088431817821813
PT180000,REPM,BARL,0.003097095544345116
PT180000,REPM,OATS,0.002627144355659354
PT180000,REPM,MAIZ,0.01422783187511995
PT180000,REPM,OCER,0.002661816798508019
PT180000,REPM,SUNF,0.002527809417996626
PT180000,REPM,PULS,0.01099321141738372
PT180000,REPM,POTA,0.03256780573887694
PT180000,REPM,SUGB,0.03841155148510861
PT180000,REPM,MAIF,0.00836258231116147
PT180000,REPM,OFAR,0.000901488842454564
PT180000,REPM,OSET,0.002690139211344156
PT180000,REPM,VSET,0.001865437547623171
PT180000,REPM,FALL,0.0
PT180000,REPB,SWHE,0.005555637113569126
PT180000,REPB,DWHE,0.006196923574472268
PT180000,REPB,BARL,0.005930932539649445
PT180000,REPB,OATS,0.004655651988215207
PT180000,REPB,MAIZ,0.02727421626186897
PT180000,REPB,OCER,0.005475010555146433
PT180000,REPB,SUNF,0.00519445518541334
PT180000,REPB,PULS,0.02072784836415038
PT180000,REPB,POTA,0.06265173302801591
PT180000,REPB,SUGB,0.07096127120779877
PT180000,REPB,MAIF,0.01599123168260373
PT180000,REPB,OFAR,0.001725341961669959
PT180000,REPB,OSET,0.005526052854525027
PT180000,REPB,VSET,0.003889920663710016
PT180000,REPB,FALL,0.0
PT180000,ELEC,SWHE,0.004722623595236619
PT180000,ELEC,DWHE,0.004239635630336309
PT180000,ELEC,BARL,0.003125272015440717
PT180000,ELEC,OATS,0.004451194963129085
PT180000,ELEC,MAIZ,0.007719837114443538
PT180000,ELEC,OCER,0.002296275136999327
PT180000,ELEC,SUNF,0.004026356880231222
PT180000,ELEC,PULS,0.003745764344128157
PT180000,ELEC,POTA,0.00446332296194985
PT180000,ELEC,SUGB,0.001690198788652376
PT180000,ELEC,MAIF,0.005829833125221068
PT180000,ELEC,OFAR,0.00508627683255393
PT180000,ELEC,OSET,0.0
PT180000,ELEC,VSET,0.0
PT180000,ELEC,FALL,0.0
PT180000,EGAS,SWHE,8.276612054287432e-05
PT180000,EGAS,DWHE,0.0001213815666458112
PT180000,EGAS,BARL,0.0003138358228983221
PT180000,EGAS,OATS,0.0001173689068871304
PT180000,EGAS,MAIZ,0.0001092409165250824
PT180000,EGAS,OCER,0.0003426696695041043
PT180000,EGAS,SUNF,0.0001614568033556211
PT180000,EGAS,PULS,0.0
PT180000,EGAS,POTA,0.0
PT180000,EGAS,SUGB,0.0
PT180000,EGAS,MAIF,0.0
PT180000,EGAS,OFAR,0.0
PT180000,EGAS,OSET,0.0
PT180000,EGAS,VSET,0.0
PT180000,EGAS,FALL,0.0
PT180000,EFUL,SWHE,0.0891685932969445
PT180000,EFUL,DWHE,0.1061357602806401
PT180000,EFUL,BARL,0.0634356194659592
PT180000,EFUL,OATS,0.06535056885118712
PT180000,EFUL,MAIZ,0.1418571744051247
PT180000,EFUL,OCER,0.09474619062084123
PT180000,EFUL,SUNF,0.099872023304879
PT180000,EFUL,PULS,0.1258430359040482
PT180000,EFUL,POTA,0.2454580352649638
PT180000,EFUL,SUGB,0.1317640674151052
PT180000,EFUL,MAIF,0.1655702057973837
PT180000,EFUL,OFAR,0.1317307610608111
PT180000,EFUL,OSET,0.02717092888131703
PT180000,EFUL,VSET,0.03007209680894706
PT180000,EFUL,FALL,0.0
PT180000,ELUB,SWHE,0.001067235544410843
PT180000,ELUB,DWHE,0.0009907336642427547
PT180000,ELUB,BARL,0.001060286580147732
PT180000,ELUB,OATS,0.001013338211890678
PT180000,ELUB,MAIZ,0.001328610267309167
PT180000,ELUB,OCER,0.001053673668242046
PT180000,ELUB,SUNF,0.000921029156042283
PT180000,ELUB,PULS,0.001213866226470714
PT180000,ELUB,POTA,0.001910219601005308
PT180000,ELUB,SUGB,0.001332745372606884
PT180000,ELUB,MAIF,0.001404343037216906
PT180000,ELUB,OFAR,0.001335498471693653
PT180000,ELUB,OSET,0.0001385988853059485
PT180000,ELUB,VSET,0.0001614754310326197
PT180000,ELUB,FALL,0.0
PT180000,INPO,SWHE,0.04032396620122614
PT180000,INPO,DWHE,0.06917539015613494
PT180000,INPO,BARL,0.03092896568172166
PT180000,INPO,OATS,0.01122381225240573
PT180000,INPO,MAIZ,0.1781046092372979
PT180000,INPO,OCER,0.06749229241135196
PT180000,INPO,SUNF,0.07145315951202987
PT180000,INPO,PULS,0.2483961962231213
PT180000,INPO,POTA,0.560998292454733
PT180000,INPO,SUGB,0.5088539614133152
PT180000,INPO,MAIF,0.240100839655441
PT180000,INPO,OFAR,0.009704805796123608
PT180000,INPO,OSET,0.1128815463782378
PT180000,INPO,VSET,0.1564858059794368
PT180000,INPO,FALL,0.0
SE010000,SEED,SWHE,0.07107828346535681
SE010000,SEED,RYEM,0.0371965290034825
SE010000,SEED,BARL,0.05669615058070938
SE010000,SEED,OATS,0.02130443345855814
SE010000,SEED,OCER,0.05437232886274311
SE010000,SEED,OFAR,0.04079960683125487
SE010000,SEED,OSET,0.001895485553657931
SE010000,SEED,VSET,0.0
SE010000,SEED,FALL,0.0
SE010000,PLAP,SWHE,0.04103132198789759
SE010000,PLAP,RYEM,0.01961303212839558
SE010000,PLAP,BARL,0.03135457718268136
SE010000,PLAP,OATS,0.0197462256272987
SE010000,PLAP,OCER,0.0300998490685496
SE010000,PLAP,OFAR,0.01133761803995167
SE010000,PLAP,OSET,0.0005945433702619924
SE010000,PLAP,VSET,0.0
SE010000,PLAP,FALL,0.0
SE010000,FERT,SWHE,2.712662514975682
SE010000,FERT,RYEM,1.511795182536188
SE010000,FERT,BARL,1.967436883423299
SE010000,FERT,OATS,0.8722324417053233
SE010000,FERT,OCER,2.270014189178593
SE010000,FERT,OFAR,2.040927330716657
SE010000,FERT,OSET,0.01024785932086613
SE010000,FERT,VSET,0.0
SE010000,FERT,FALL,0.0
SE010000,REPM,SWHE,0.04249793578121733
SE010000,REPM,RYEM,0.02137230038339244
SE010000,REPM,BARL,0.03185033510431471
SE010000,REPM,OATS,0.02566711509884705
SE010000,REPM,OCER,0.06333754971190618
SE010000,REPM,OFAR,0.02622234620372169
SE010000,REPM,OSET,0.08579863418732235
SE010000,REPM,VSET,0.09243145668031373
SE010000,REPM,FALL,0.0
SE010000,REPB,SWHE,0.01075706683685822
SE010000,REPB,RYEM,0.005517971918211958
SE010000,REPB,BARL,0.009680257147294763
SE010000,REPB,OATS,0.007926107340524262
SE010000,REPB,OCER,0.01008113072578445
SE010000,REPB,OFAR,0.007824915604183564
SE010000,REPB,OSET,0.02661957100592552
SE010000,REPB,VSET,0.03085659558550654
SE010000,REPB,FALL,0.0
SE010000,ELEC,SWHE,0.003254156652235485
SE010000,ELEC,RYEM,0.0007824453557814263
SE010000,ELEC,BARL,0.003551784174573207
SE010000,ELEC,OATS,0.002072450413674195
SE010000,ELEC,OCER,0.001303391873840932
SE010000,ELEC,OFAR,0.003576909443534576
SE010000,ELEC,OSET,0.0
SE010000,ELEC,VSET,0.0
SE010000,ELEC,FALL,0.0
SE010000,EGAS,SWHE,0.001632948881809869
SE010000,EGAS,RYEM,0.0009785576892063818
SE010000,EGAS,BARL,0.001599793888759238
SE010000,EGAS,OATS,0.001220236244950615
SE010000,EGAS,OCER,0.001583979204639298
SE010000,EGAS,OFAR,0.0
SE010000,EGAS,OSET,0.0
SE010000,EGAS,VSET,0.0
SE010000,EGAS,FALL,0.0
SE010000,EFUL,SWHE,0.07888752212698512
SE010000,EFUL,RYEM,0.04191832271820865
SE010000,EFUL,BARL,0.07974037637468274
SE010000,EFUL,OATS,0.06100785248126393
SE010000,EFUL,OCER,0.07926599066945256
SE010000,EFUL,OFAR,0.1134940448342601
SE010000,EFUL,OSET,0.07562467702607802
SE010000,EFUL,VSET,0.08015973858085429
SE010000,EFUL,FALL,0.0
SE010000,ELUB,SWHE,0.006159419354216233
SE010000,ELUB,RYEM,0.003398274701255884
SE010000,ELUB,BARL,0.006381600861891635
SE010000,ELUB,OATS,0.004950605577509554
SE010000,ELUB,OCER,0.006088016683441903
SE010000,ELUB,OFAR,0.007085267951583662
SE010000,ELUB,OSET,0.002758591409857647
SE010000,ELUB,VSET,0.003101078345362428
SE010000,ELUB,FALL,0.0
SE010000,INPO,SWHE,0.2220369838899225
SE010000,INPO,RYEM,0.09409685972366652
SE010000,INPO,BARL,0.1627450159956291
SE010000,INPO,OATS,0.09780341361231634
SE010000,INPO,OCER,0.1717879210514488
SE010000,INPO,OFAR,0.1292070916861083
SE010000,INPO,OSET,0.2686195196171289
SE010000,INPO,VSET,0.2888109096015463
SE010000,INPO,FALL,0.0
SE020000,SEED,SWHE,0.07433873612952212
SE020000,SEED,RYEM,0.03895577550683674
SE020000,SEED,BARL,0.05815975563141578
SE020000,SEED,OATS,0.03546193083904543
SE020000,SEED,OCER,0.06406873950213306
SE020000,SEED,RAPE,0.06095207947276521
SE020000,SEED,PULS,0.124321395261756
SE020000,SEED,POTA,0.4290411297386284
SE020000,SEED,OFAR,0.05175840162468316
SE020000,SEED,OSET,0.001989060837424601
SE020000,SEED,VSET,0.0
SE020000,SEED,FALL,0.0
SE020000,PLAP,SWHE,0.04215506482252639
SE020000,PLAP,RYEM,0.02107703016654967
SE020000,PLAP,BARL,0.03184523705227987
SE020000,PLAP,OATS,0.02359621802637894
SE020000,PLAP,OCER,0.03587018706625424
SE020000,PLAP,RAPE,0.03471890341063207
SE020000,PLAP,PULS,0.04014529016025653
SE020000,PLAP,POTA,0.2501412312233084
SE020000,PLAP,OFAR,0.01311660954063867
SE020000,PLAP,OSET,0.0006238944600439379
SE020000,PLAP,VSET,0.0
SE020000,PLAP,FALL,0.0
SE020000,FERT,SWHE,2.859804222519188
SE020000,FERT,RYEM,1.78822377421755
SE020000,FERT,BARL,2.039640192257057
SE020000,FERT,OATS,1.704623930160049
SE020000,FERT,OCER,2.989569299198116
SE020000,FERT,RAPE,2.033248708555378
SE020000,FERT,PULS,1.007312804048363
SE020000,FERT,POTA,3.696405091023593
SE020000,FERT,OFAR,2.702179800710676
SE020000,FERT,OSET,0.01094940475920132
SE020000,FERT,VSET,0.0
SE020000,FERT,FALL,0.0
SE020000,REPM,SWHE,0.04296994940515945
SE020000,REPM,RYEM,0.02098010069336037
SE020000,REPM,BARL,0.03201158672390809
SE020000,REPM,OATS,0.02820645169932018
SE020000,REPM,OCER,0.0751971724150364
SE020000,REPM,RAPE,0.04012543138126368
SE020000,REPM,PULS,0.2698374217710254
SE020000,REPM,POTA,0.2962294732208485
SE020000,REPM,OFAR,0.02776868598426112
SE020000,REPM,OSET,0.08554588952086367
SE020000,REPM,VSET,0.0924314566875255
SE020000,REPM,FALL,0.0
SE020000,REPB,SWHE,0.01087950583911484
SE020000,REPB,RYEM,0.006462318511579088
SE020000,REPB,BARL,0.009733192239839959
SE020000,REPB,OATS,0.008689717044313134
SE020000,REPB,OCER,0.01273692891992594
SE020000,REPB,RAPE,0.01056094496054741
SE020000,REPB,PULS,0.05931301435135457
SE020000,REPB,POTA,0.08558312057015133
SE020000,REPB,OFAR,0.008286275996893952
SE020000,REPB,OSET,0.02654435925207367
SE020000,REPB,VSET,0.03085659558444345
SE020000,REPB,FALL,0.0
SE020000,ELEC,SWHE,0.003307608507099775
SE020000,ELEC,RYEM,0.0006774793959001592
SE020000,ELEC,BARL,0.003583567516132781
SE020000,ELEC,OATS,0.002392692504156527
SE020000,ELEC,OCER,0.001371950168193039
SE020000,ELEC,RAPE,0.001718465606806426
SE020000,ELEC,PULS,0.001277521403366615
SE020000,ELEC,POTA,0.001246874001307977
SE020000,ELEC,OFAR,0.003899829562489845
SE020000,ELEC,OSET,0.0
SE020000,ELEC,VSET,0.0
SE020000,ELEC,FALL,0.0
SE020000,EGAS,SWHE,0.001658649648080314
SE020000,EGAS,RYEM,0.0009760903431644385
SE020000,EGAS,BARL,0.001614929651111132
SE020000,EGAS,OATS,0.001342335990333656
SE020000,EGAS,OCER,0.001532691780578452
SE020000,EGAS,RAPE,0.001716650355201885
SE020000,EGAS,PULS,0.0
SE020000,EGAS,POTA,0.0
SE020000,EGAS,OFAR,0.0
SE020000,EGAS,OSET,0.0
SE020000,EGAS,VSET,0.0
SE020000,EGAS,FALL,0.0
SE020000,EFUL,SWHE,0.08016979875053935
SE020000,EFUL,RYEM,0.04533827990447514
SE020000,EFUL,BARL,0.08048642824810492
SE020000,EFUL,OATS,0.06921407652443537
SE020000,EFUL,OCER,0.07985598706861016
SE020000,EFUL,RAPE,0.06902922794295811
SE020000,EFUL,PULS,0.08296316365773401
SE020000,EFUL,POTA,0.1425940153929346
SE020000,EFUL,OFAR,0.1237438452980233
SE020000,EFUL,OSET,0.07540079260085188
SE020000,EFUL,VSET,0.08015973857990334
SE020000,EFUL,FALL,0.0
SE020000,ELUB,SWHE,0.006258142069228436
SE020000,ELUB,RYEM,0.003600160007995579
SE020000,ELUB,BARL,0.006444008324068946
SE020000,ELUB,OATS,0.005576803517514548
SE020000,ELUB,OCER,0.006340421188090306
SE020000,ELUB,RAPE,0.005373482620587922
SE020000,ELUB,PULS,0.006436458032345068
SE020000,ELUB,POTA,0.01038441448529868
SE020000,ELUB,OFAR,0.007724994018142114
SE020000,ELUB,OSET,0.002752683766094548
SE020000,ELUB,VSET,0.003101078271999206
SE020000,ELUB,FALL,0.0
SE020000,INPO,SWHE,0.2281167441117429
SE020000,INPO,RYEM,0.1011156404410208
SE020000,INPO,BARL,0.1654225102152796
SE020000,INPO,OATS,0.1218401979737739
SE020000,INPO,OCER,0.1782744611740106
SE020000,INPO,RAPE,0.1896603986650612
SE020000,INPO,PULS,0.3048575569525015
SE020000,INPO,POTA,1.426819999106776
SE020000,INPO,OFAR,0.1494896053978403
SE020000,INPO,OSET,0.2678652820203502
SE020000,INPO,VSET,0.2888109096015931
SE020000,INPO,FALL,0.0
SE040000,SEED,SWHE,0.09041484505376862
SE040000,SEED,RYEM,0.04905501669001253
SE040000,SEED,BARL,0.0661156072316165
SE040000,SEED,OATS,0.04998087243202228
SE040000,SEED,OCER,0.06271681395863887
SE040000,SEED,RAPE,0.08118835191667303
SE040000,SEED,PULS,0.1243214585407554
SE040000,SEED,POTA,0.4941538691824469
SE040000,SEED,SUGB,0.2094738394690714
SE040000,SEED,OFAR,0.06752335808866207
SE040000,SEED,OSET,0.00180967273675635
SE040000,SEED,VSET,0.0
SE040000,SEED,FALL,0.0
SE040000,PLAP,SWHE,0.04768275614321577
SE040000,PLAP,RYEM,0.02660917197442591
SE040000,PLAP,BARL,0.03464250887561216
SE040000,PLAP,OATS,0.02851622649128493
SE040000,PLAP,OCER,0.03504132662532963
SE040000,PLAP,RAPE,0.0411001136440514
SE040000,PLAP,PULS,0.04014529026369391
SE040000,PLAP,POTA,0.2584532250591415
SE040000,PLAP,SUGB,0.1465983198015865
SE040000,PLAP,OFAR,0.01567843208717144
SE040000,PLAP,OSET,0.0005676270792686699
SE040000,PLAP,VSET,0.0
SE040000,PLAP,FALL,0.0
SE040000,FERT,SWHE,3.750329517940442
SE040000,FERT,RYEM,2.253802743387372
SE040000,FERT,BARL,2.476642471959838
SE040000,FERT,OATS,2.532127291487042
SE040000,FERT,OCER,3.104822546673972
SE040000,FERT,RAPE,2.823155988370647
SE040000,FERT,PULS,1.008937267409259
SE040000,FERT,POTA,4.3292633255291
SE040000,FERT,SUGB,5.314822673720171
SE040000,FERT,OFAR,3.718316334805639
SE040000,FERT,OSET,0.01026939894819541
SE040000,FERT,VSET,0.0
SE040000,FERT,FALL,0.0
SE040000,REPM,SWHE,0.04530629843150605
SE040000,REPM,RYEM,0.02924627410724819
SE040000,REPM,BARL,0.03324560325616676
SE040000,REPM,OATS,0.03019422387237818
SE040000,REPM,OCER,0.07155027350544217
SE040000,REPM,RAPE,0.04285596697684803
SE040000,REPM,PULS,0.2698374467135952
SE040000,REPM,POTA,0.2830252081208021
SE040000,REPM,SUGB,0.1434985382047216
SE040000,REPM,OFAR,0.030000387664969
SE040000,REPM,OSET,0.08603041259171149
SE040000,REPM,VSET,0.09243145668930021
SE040000,REPM,FALL,0.0
SE040000,REPB,SWHE,0.01149144100434446
SE040000,REPB,RYEM,0.008917125493965986
SE040000,REPB,BARL,0.01010476155243358
SE040000,REPB,OATS,0.009367487705902882
SE040000,REPB,OCER,0.01648056663037559
SE040000,REPB,RAPE,0.01127274393894511
SE040000,REPB,PULS,0.05931301923368439
SE040000,REPB,POTA,0.08366853528207595
SE040000,REPB,SUGB,0.03475779894951563
SE040000,REPB,OFAR,0.008951420623635098
SE040000,REPB,OSET,0.02668854361873418
SE040000,REPB,VSET,0.03085659558543849
SE040000,REPB,FALL,0.0
SE040000,ELEC,SWHE,0.003572061208978353
SE040000,ELEC,RYEM,0.0008352310402894604
SE040000,ELEC,BARL,0.003778930017218391
SE040000,ELEC,OATS,0.002678760287863448
SE040000,ELEC,OCER,0.001326710314536581
SE040000,ELEC,RAPE,0.001901214024775095
SE040000,ELEC,PULS,0.001277521581645779
SE040000,ELEC,POTA,0.001254762478735053
SE040000,ELEC,SUGB,0.001324998812102253
SE040000,ELEC,OFAR,0.004364972367808466
SE040000,ELEC,OSET,0.0
SE040000,ELEC,VSET,0.0
SE040000,ELEC,FALL,0.0
SE040000,EGAS,SWHE,0.001783272447702385
SE040000,EGAS,RYEM,0.001191015855389023
SE040000,EGAS,BARL,0.001695001342682172
SE040000,EGAS,OATS,0.001426287499400064
SE040000,EGAS,OCER,0.001687090295892378
SE040000,EGAS,RAPE,0.001905275094754952
SE040000,EGAS,PULS,0.0
SE040000,EGAS,POTA,0.0
SE040000,EGAS,SUGB,0.0
SE040000,EGAS,OFAR,0.0
SE040000,EGAS,OSET,0.0
SE040000,EGAS,VSET,0.0
SE040000,EGAS,FALL,0.0
SE040000,EFUL,SWHE,0.08649804815455917
SE040000,EFUL,RYEM,0.05908475182163629
SE040000,EFUL,BARL,0.08479256583975323
SE040000,EFUL,OATS,0.07718316455549984
SE040000,EFUL,OCER,0.07480806350064072
SE040000,EFUL,RAPE,0.07641439231599166
SE040000,EFUL,PULS,0.08296317923061712
SE040000,EFUL,POTA,0.1436024540004003
SE040000,EFUL,SUGB,0.0989728577472388
SE040000,EFUL,OFAR,0.1384906647758966
SE040000,EFUL,OSET,0.07582998926689055
SE040000,EFUL,VSET,0.08015973858319168
SE040000,EFUL,FALL,0.0
SE040000,ELUB,SWHE,0.006744528919396101
SE040000,ELUB,RYEM,0.004621790814137425
SE040000,ELUB,BARL,0.006782607129822136
SE040000,ELUB,OATS,0.006223044179505581
SE040000,ELUB,OCER,0.006176656886135079
SE040000,ELUB,RAPE,0.005953459390258577
SE040000,ELUB,PULS,0.006436459045919801
SE040000,ELUB,POTA,0.01106736053513926
SE040000,ELUB,SUGB,0.007957970101893603
SE040000,ELUB,OFAR,0.008645336070296862
SE040000,ELUB,OSET,0.002764012198382757
SE040000,ELUB,VSET,0.003101078284340794
SE040000,ELUB,FALL,0.0
SE040000,INPO,SWHE,0.259175453756618
SE040000,INPO,RYEM,0.1272733218732064
SE040000,INPO,BARL,0.179617988182012
SE040000,INPO,OATS,0.1463301000507132
SE040000,INPO,OCER,0.1927303887742745
SE040000,INPO,RAPE,0.2248274133802795
SE040000,INPO,PULS,0.304857654224806
SE040000,INPO,POTA,1.538830965950411
SE040000,INPO,SUGB,0.6824563676444481
SE040000,INPO,OFAR,0.1786682524616295
SE040000,INPO,OSET,0.2693111899434074
SE040000,INPO,VSET,0.2888109096021466
SE040000,INPO,FALL,0.0
SE060000,SEED,SWHE,0.06277946722315954
SE060000,SEED,BARL,0.0434813801452161
SE060000,SEED,OATS,0.03064980330088559
SE060000,SEED,OCER,0.04357745059977239
SE060000,SEED,RAPE,0.01942764860049804
SE060000,SEED,POTA,0.3404073955230567
SE060000,SEED,OFAR,0.04011515884198617
SE060000,SEED,OSET,0.0007972428005550593
SE060000,SEED,VSET,0.0
SE060000,SEED,FALL,0.0
SE060000,PLAP,SWHE,0.03813986918765342
SE060000,PLAP,BARL,0.02675709205277782
SE060000,PLAP,OATS,0.02175020049254634
SE060000,PLAP,OCER,0.02849749831998969
SE060000,PLAP,RAPE,0.02049334795655311
SE060000,PLAP,POTA,0.2125395792388454
SE060000,PLAP,OFAR,0.01123089717637731
SE060000,PLAP,OSET,0.0002500654517192237
SE060000,PLAP,VSET,0.0
SE060000,PLAP,FALL,0.0
SE060000,FERT,SWHE,2.206613412248164
SE060000,FERT,BARL,1.333315715071237
SE060000,FERT,OATS,1.244026238869548
SE060000,FERT,OCER,1.792572316368592
SE060000,FERT,RAPE,0.4729647320892016
SE060000,FERT,POTA,2.618745088488463
SE060000,FERT,OFAR,1.891318547307577
SE060000,FERT,OSET,0.002423855972727619
SE060000,FERT,VSET,0.0
SE060000,FERT,FALL,0.0
SE060000,REPM,SWHE,0.04136993391685989
SE060000,REPM,BARL,0.02993797987231048
SE060000,REPM,OATS,0.02776822545727817
SE060000,REPM,OCER,0.07088141533990994
SE060000,REPM,RAPE,0.033964024077828
SE060000,REPM,POTA,0.2760320297905534
SE060000,REPM,OFAR,0.0261395356411564
SE060000,REPM,OSET,0.08876496207906363
SE060000,REPM,VSET,0.09243145668721246
SE060000,REPM,FALL,0.0
SE060000,REPB,SWHE,0.01047609616409203
SE060000,REPB,BARL,0.009102369901217763
SE060000,REPB,OATS,0.008501959594699276
SE060000,REPB,OCER,0.01685774496526061
SE060000,REPB,RAPE,0.008923891301174151
SE060000,REPB,POTA,0.08013879568673024
SE060000,REPB,OFAR,0.007798835198558774
SE060000,REPB,OSET,0.02750229079807507
SE060000,REPB,VSET,0.03085659542939694
SE060000,REPB,FALL,0.0
SE060000,ELEC,SWHE,0.003121575282348927
SE060000,ELEC,BARL,0.003236977714637697
SE060000,ELEC,OATS,0.002308767615658511
SE060000,ELEC,OCER,0.001196704415683497
SE060000,ELEC,RAPE,0.001308531585814843
SE060000,ELEC,POTA,0.001139120170953645
SE060000,ELEC,OFAR,0.003557885326614887
SE060000,ELEC,OSET,0.0
SE060000,ELEC,VSET,0.0
SE060000,ELEC,FALL,0.0
SE060000,EGAS,SWHE,0.001564744482872501
SE060000,EGAS,BARL,0.001459363556678422
SE060000,EGAS,OATS,0.001315203827938667
SE060000,EGAS,OCER,0.001424442054993626
SE060000,EGAS,RAPE,0.001306431978259011
SE060000,EGAS,POTA,0.0
SE060000,EGAS,OFAR,0.0
SE060000,EGAS,OSET,0.0
SE060000,EGAS,VSET,0.0
SE060000,EGAS,FALL,0.0
SE060000,EFUL,SWHE,0.07565711796028261
SE060000,EFUL,BARL,0.07270368979079292
SE060000,EFUL,OATS,0.06657150693572453
SE060000,EFUL,OCER,0.06734209917701507
SE060000,EFUL,RAPE,0.05249947134508805
SE060000,EFUL,POTA,0.130318686946314
SE060000,EFUL,OFAR,0.1128597206015251
SE060000,EFUL,OSET,0.0782522877987415
SE060000,EFUL,VSET,0.08015973858330344
SE060000,EFUL,FALL,0.0
SE060000,ELUB,SWHE,0.005905675632505934
SE060000,ELUB,BARL,0.00582098686712426
SE060000,ELUB,OATS,0.005346759212922932
SE060000,ELUB,OCER,0.005517718097916183
SE060000,ELUB,RAPE,0.004077608635735522
SE060000,ELUB,POTA,0.009861881700411558
SE060000,ELUB,OFAR,0.007045436049840724
SE060000,ELUB,OSET,0.00282794766484374
SE060000,ELUB,VSET,0.003101078072982268
SE060000,ELUB,FALL,0.0
SE060000,INPO,SWHE,0.206408319856467
SE060000,INPO,BARL,0.139003104205061
SE060000,INPO,OATS,0.1132355202541662
SE060000,INPO,OCER,0.1546220576342075
SE060000,INPO,RAPE,0.1116386674322805
SE060000,INPO,POTA,1.236225706668302
SE060000,INPO,OFAR,0.127941017255082
SE060000,INPO,OSET,0.2774715996420762
SE060000,INPO,VSET,0.2888109096014304
SE060000,INPO,FALL,0.0
SE070000,SEED,BARL,0.03447486696486288
SE070000,SEED,OATS,0.01503555667256907
SE070000,SEED,OFAR,0.03562997438768425
SE070000,SEED,VSET,0.0
SE070000,SEED,FALL,0.0
SE070000,PLAP,BARL,0.02363816011723961
SE070000,PLAP,OATS,0.01841063262664591
SE070000,PLAP,OFAR,0.0104975852657122
SE070000,PLAP,VSET,0.0
SE070000,PLAP,FALL,0.0
SE070000,FERT,BARL,1.116447269396893
SE070000,FERT,OATS,0.5558967170905187
SE070000,FERT,OFAR,1.777210231016563
SE070000,FERT,VSET,0.0
SE070000,FERT,FALL,0.0
SE070000,REPM,BARL,0.02867373492201498
SE070000,REPM,OATS,0.02416194293446198
SE070000,REPM,OFAR,0.02549151074533311
SE070000,REPM,FALL,0.0
SE070000,REPB,BARL,0.008718195141643539
SE070000,REPB,OATS,0.007170060992523722
SE070000,REPB,OFAR,0.007606961405356437
SE070000,REPB,FALL,0.0
SE070000,ELEC,BARL,0.00302495775565723
SE070000,ELEC,OATS,0.002010980323808132
SE070000,ELEC,OFAR,0.003424459795826065
SE070000,ELEC,VSET,0.0
SE070000,ELEC,FALL,0.0
SE070000,EGAS,BARL,0.001362872858484289
SE070000,EGAS,OATS,0.001114860794988059
SE070000,EGAS,OFAR,0.0
SE070000,EGAS,VSET,0.0
SE070000,EGAS,FALL,0.0
SE070000,EFUL,BARL,0.06793680674041479
SE070000,EFUL,OATS,0.05903839124121089
SE070000,EFUL,OFAR,0.1086611526332489
SE070000,EFUL,FALL,0.0
SE070000,ELUB,BARL,0.005438999200268241
SE070000,ELUB,OATS,0.004815152272103706
SE070000,ELUB,OFAR,0.006783447383380183
SE070000,ELUB,FALL,0.0
SE070000,INPO,BARL,0.1227812922695179
SE070000,INPO,OATS,0.08764351397507375
SE070000,INPO,OFAR,0.119638554448226
SE070000,INPO,FALL,0.0
SE080000,SEED,BARL,0.03528243263024376
SE080000,SEED,OATS,0.02002805031365033
SE080000,SEED,POTA,0.2656903809910892
SE080000,SEED,OFAR,0.02924219706529625
SE080000,SEED,OSET,0.0
SE080000,SEED,VSET,0.0
SE080000,SEED,FALL,0.0
SE080000,PLAP,BARL,0.02391206152938687
SE080000,PLAP,OATS,0.01935310910317431
SE080000,PLAP,POTA,0.1892712125617164
SE080000,PLAP,OFAR,0.009461893558065246
SE080000,PLAP,OSET,0.0
SE080000,PLAP,VSET,0.0
SE080000,PLAP,FALL,0.0
SE080000,FERT,BARL,1.09317241191685
SE080000,FERT,OATS,0.754306818716666
SE080000,FERT,POTA,1.989257399059822
SE080000,FERT,OFAR,1.352331369212044
SE080000,FERT,OSET,0.0
SE080000,FERT,VSET,0.0
SE080000,FERT,FALL,0.0
SE080000,REPM,BARL,0.02876021566558321
SE080000,REPM,OATS,0.02540254318987254
SE080000,REPM,POTA,0.2594842057098859
SE080000,REPM,OFAR,0.02459188167037696
SE080000,REPM,OSET,0.0909182963970036
SE080000,REPM,VSET,0.09243145668690753
SE080000,REPM,FALL,0.0
SE080000,REPB,BARL,0.00874402564814027
SE080000,REPB,OATS,0.007844346976985234
SE080000,REPB,POTA,0.07569562594488612
SE080000,REPB,OFAR,0.007338459214844167
SE080000,REPB,OSET,0.02814307998071846
SE080000,REPB,VSET,0.0308565955851656
SE080000,REPB,FALL,0.0
SE080000,ELEC,BARL,0.003042105436470925
SE080000,ELEC,OATS,0.00204194828541644
SE080000,ELEC,POTA,0.001050596338018487
SE080000,ELEC,OFAR,0.003236385967187172
SE080000,ELEC,OSET,0.0
SE080000,ELEC,VSET,0.0
SE080000,ELEC,FALL,0.0
SE080000,EGAS,BARL,0.001373850372258266
SE080000,EGAS,OATS,0.001208316132260607
SE080000,EGAS,POTA,0.0
SE080000,EGAS,OFAR,0.0
SE080000,EGAS,OSET,0.0
SE080000,EGAS,VSET,0.0
SE080000,EGAS,FALL,0.0
SE080000,EFUL,BARL,0.0683418531061123
SE080000,EFUL,OATS,0.06023245856890776
SE080000,EFUL,POTA,0.120242541586947
SE080000,EFUL,OFAR,0.102683295431985
SE080000,EFUL,OSET,0.08015973858314954
SE080000,EFUL,VSET,0.08015973858359042
SE080000,EFUL,FALL,0.0
SE080000,ELUB,BARL,0.005472911649175563
SE080000,ELUB,OATS,0.004895392500927944
SE080000,ELUB,POTA,0.00913807101917374
SE080000,ELUB,OFAR,0.00641060372243642
SE080000,ELUB,OSET,0.002878287939988762
SE080000,ELUB,VSET,0.003101083882745528
SE080000,ELUB,FALL,0.0
SE080000,INPO,BARL,0.1242645203133425
SE080000,INPO,OATS,0.09539406220424101
SE080000,INPO,POTA,1.11007145795134
SE080000,INPO,OFAR,0.1078171714807487
SE080000,INPO,OSET,0.2838975540326101
SE080000,INPO,VSET,0.288810909600961
SE080000,INPO,FALL,0.0
SE090000,SEED,SWHE,0.0738246805113008
SE090000,SEED,RYEM,0.03907813264988318
SE090000,SEED,BARL,0.05535689477348364
SE090000,SEED,OATS,0.06934633873526494
SE090000,SEED,OCER,0.09700000811608345
SE090000,SEED,RAPE,0.07425711427893329
SE090000,SEED,PULS,0.1243213933151676
SE090000,SEED,POTA,0.4116391150360121
SE090000,SEED,SUGB,0.1968223349453729
SE090000,SEED,OFAR,0.04517831655902953
SE090000,SEED,OSET,0.0001403238419773012
SE090000,SEED,VSET,0.0
SE090000,SEED,FALL,0.0
SE090000,PLAP,SWHE,0.04197509128048876
SE090000,PLAP,RYEM,0.02068013486750848
SE090000,PLAP,BARL,0.03087587842341622
SE090000,PLAP,OATS,0.03565758272290931
SE090000,PLAP,OCER,0.02868202283739701
SE090000,PLAP,RAPE,0.03875843039999102
SE090000,PLAP,PULS,0.04014528610309598
SE090000,PLAP,POTA,0.2306314609902534
SE090000,PLAP,SUGB,0.1411049563037381
SE090000,PLAP,OFAR,0.01203150222836293
SE090000,PLAP,OSET,4.401437405816245e-05
SE090000,PLAP,VSET,0.0
SE090000,PLAP,FALL,0.0
SE090000,FERT,SWHE,2.708523660749551
SE090000,FERT,RYEM,1.784729419637223
SE090000,FERT,BARL,1.829724999118143
SE090000,FERT,OATS,2.902754797623652
SE090000,FERT,OCER,4.947623763672972
SE090000,FERT,RAPE,2.382486491775244
SE090000,FERT,PULS,0.8677305574886176
SE090000,FERT,POTA,4.063629996393226
SE090000,FERT,SUGB,4.735927005403262
SE090000,FERT,OFAR,2.183339568923412
SE090000,FERT,OSET,0.0006379857690129163
SE090000,FERT,VSET,0.0
SE090000,FERT,FALL,0.0
SE090000,REPM,SWHE,0.04290323271911793
SE090000,REPM,RYEM,0.02310571237617118
SE090000,REPM,BARL,0.03161669366664879
SE090000,REPM,OATS,0.03324038415300593
SE090000,REPM,OCER,0.1010789078673762
SE090000,REPM,RAPE,0.04172642272797482
SE090000,REPM,PULS,0.2698374164320647
SE090000,REPM,POTA,0.3030458975195867
SE090000,REPM,SUGB,0.1412548826000647
SE090000,REPM,OFAR,0.02671113380655069
SE090000,REPM,OSET,0.09053928498389283
SE090000,REPM,VSET,0.09243145667445019
SE090000,REPM,FALL,0.0
SE090000,REPB,SWHE,0.01086341407030533
SE090000,REPB,RYEM,0.00937006982177517
SE090000,REPB,BARL,0.009611310468653211
SE090000,REPB,OATS,0.01007356843942453
SE090000,REPB,OCER,0.025999934943096
SE090000,REPB,RAPE,0.01096726310856576
SE090000,REPB,PULS,0.0593130131304421
SE090000,REPB,POTA,0.08794536143721707
SE090000,REPB,SUGB,0.03416696619072232
SE090000,REPB,OFAR,0.00798613664410623
SE090000,REPB,OSET,0.02803029402206137
SE090000,REPB,VSET,0.03085659555330793
SE090000,REPB,FALL,0.0
SE090000,ELEC,SWHE,0.003299552683039945
SE090000,ELEC,RYEM,0.0007365041216676927
SE090000,ELEC,BARL,0.003517314139697008
SE090000,ELEC,OATS,0.002999373321072843
SE090000,ELEC,OCER,0.00132978162783842
SE090000,ELEC,RAPE,0.001832278357322848
SE090000,ELEC,PULS,0.001277521236272323
SE090000,ELEC,POTA,0.001220735471195115
SE090000,ELEC,SUGB,0.001294590335969737
SE090000,ELEC,OFAR,0.003695639517316773
SE090000,ELEC,OSET,0.0
SE090000,ELEC,VSET,0.0
SE090000,ELEC,FALL,0.0
SE090000,EGAS,SWHE,0.00165428809962437
SE090000,EGAS,RYEM,0.0006929377203818159
SE090000,EGAS,BARL,0.001586787765545188
SE090000,EGAS,OATS,0.001830483490993332
SE090000,EGAS,OCER,0.001781575841502088
SE090000,EGAS,RAPE,0.001842681968986248
SE090000,EGAS,PULS,0.0
SE090000,EGAS,POTA,0.0
SE090000,EGAS,SUGB,0.0
SE090000,EGAS,OFAR,0.0
SE090000,EGAS,OSET,0.0
SE090000,EGAS,VSET,0.0
SE090000,EGAS,FALL,0.0
SE090000,EFUL,SWHE,0.07997122964367623
SE090000,EFUL,RYEM,0.04678771706701476
SE090000,EFUL,BARL,0.07899822307892135
SE090000,EFUL,OATS,0.08732986553158263
SE090000,EFUL,OCER,0.0703690373342949
SE090000,EFUL,RAPE,0.07368078902241973
SE090000,EFUL,PULS,0.08296315366375179
SE090000,EFUL,POTA,0.1446863901208799
SE090000,EFUL,SUGB,0.09668842344300424
SE090000,EFUL,OFAR,0.1174337465818211
SE090000,EFUL,OSET,0.07982400555520226
SE090000,EFUL,VSET,0.08015973862195656
SE090000,EFUL,FALL,0.0
SE090000,ELUB,SWHE,0.006242335257133278
SE090000,ELUB,RYEM,0.003739333937125606
SE090000,ELUB,BARL,0.006324727757213032
SE090000,ELUB,OATS,0.007015803606328027
SE090000,ELUB,OCER,0.005320070255134499
SE090000,ELUB,RAPE,0.005745077835276063
SE090000,ELUB,PULS,0.006436457172189415
SE090000,ELUB,POTA,0.01081643873185449
SE090000,ELUB,SUGB,0.007777788353491034
SE090000,ELUB,OFAR,0.007339007237994137
SE090000,ELUB,OSET,0.002869428822354319
SE090000,ELUB,VSET,0.003101081543458612
SE090000,ELUB,FALL,0.0
SE090000,INPO,SWHE,0.2271408883628732
SE090000,INPO,RYEM,0.1029204984069763
SE090000,INPO,BARL,0.1603808233574495
SE090000,INPO,OATS,0.1826604435036908
SE090000,INPO,OCER,0.1686086102136213
SE090000,INPO,RAPE,0.2123147940429123
SE090000,INPO,PULS,0.3048575813213554
SE090000,INPO,POTA,1.442953187214035
SE090000,INPO,SUGB,0.6568016163170544
SE090000,INPO,OFAR,0.1373337617637553
SE090000,INPO,OSET,0.2827665126441459
SE090000,INPO,VSET,0.2888109095378084
SE090000,INPO,FALL,0.0
SE0A0000,SEED,SWHE,0.0752604757013241
SE0A0000,SEED,RYEM,0.120612894696744
SE0A0000,SEED,BARL,0.05593602348636018
SE0A0000,SEED,OATS,0.06989202008863485
SE0A0000,SEED,OCER,0.06908202598767299
SE0A0000,SEED,RAPE,0.07479072474705989
SE0A0000,SEED,PULS,0.1243213559968865
SE0A0000,SEED,POTA,0.4353271332181111
SE0A0000,SEED,OFAR,0.05474631662311571
SE0A0000,SEED,OSET,0.000337877905810346
SE0A0000,SEED,VSET,0.0
SE0A0000,SEED,FALL,0.0
SE0A0000,PLAP,SWHE,0.04247514239718492
SE0A0000,PLAP,RYEM,0.06361653727674826
SE0A0000,PLAP,BARL,0.0310780317385413
SE0A0000,PLAP,OATS,0.03584347225905502
SE0A0000,PLAP,OCER,0.03433717701422971
SE0A0000,PLAP,RAPE,0.04101939647827628
SE0A0000,PLAP,PULS,0.04014529004861139
SE0A0000,PLAP,POTA,0.2383860822922043
SE0A0000,PLAP,OFAR,0.01356722478574454
SE0A0000,PLAP,OSET,0.0001059799209377838
SE0A0000,PLAP,VSET,0.0
SE0A0000,PLAP,FALL,0.0
SE0A0000,FERT,SWHE,2.908146648537093
SE0A0000,FERT,RYEM,3.836242840029978
SE0A0000,FERT,BARL,1.941017470950619
SE0A0000,FERT,OATS,3.068911893529645
SE0A0000,FERT,OCER,2.964050399287097
SE0A0000,FERT,RAPE,2.5221101299312
SE0A0000,FERT,PULS,0.9259874550392051
SE0A0000,FERT,POTA,3.752119626265132
SE0A0000,FERT,OFAR,2.876586142391992
SE0A0000,FERT,OSET,0.001708630820666364
SE0A0000,FERT,VSET,0.0
SE0A0000,FERT,FALL,0.0
SE0A0000,REPM,SWHE,0.04309898175520781
SE0A0000,REPM,RYEM,0.0835119373979028
SE0A0000,REPM,BARL,0.03169817058496741
SE0A0000,REPM,OATS,0.03329837697350564
SE0A0000,REPM,OCER,0.08344646136837686
SE0A0000,REPM,RAPE,0.03934813913595055
SE0A0000,REPM,PULS,0.2698374125147954
SE0A0000,REPM,POTA,0.2735999184234564
SE0A0000,REPM,OFAR,0.02803733746943168
SE0A0000,REPM,OSET,0.0900056945192258
SE0A0000,REPM,VSET,0.09243145668704172
SE0A0000,REPM,FALL,0.0
SE0A0000,REPB,SWHE,0.01091297181244583
SE0A0000,REPB,RYEM,0.01800200224828571
SE0A0000,REPB,BARL,0.009634451667985046
SE0A0000,REPB,OATS,0.01009215691735859
SE0A0000,REPB,OCER,0.02308649204903311
SE0A0000,REPB,RAPE,0.01150554839288994
SE0A0000,REPB,PULS,0.05931301241541528
SE0A0000,REPB,POTA,0.08089473840386746
SE0A0000,REPB,OFAR,0.00838332323269347
SE0A0000,REPB,OSET,0.02787150794106309
SE0A0000,REPB,VSET,0.03085659558972846
SE0A0000,REPB,FALL,0.0
SE0A0000,ELEC,SWHE,0.003322628806355063
SE0A0000,ELEC,RYEM,0.002892484487097938
SE0A0000,ELEC,BARL,0.003530703992445982
SE0A0000,ELEC,OATS,0.0030079193866359
SE0A0000,ELEC,OCER,0.001452677121558232
SE0A0000,ELEC,RAPE,0.001702467253104258
SE0A0000,ELEC,PULS,0.00127752113498692
SE0A0000,ELEC,POTA,0.001194404885369371
SE0A0000,ELEC,OFAR,0.003975436358284725
SE0A0000,ELEC,OSET,0.0
SE0A0000,ELEC,VSET,0.0
SE0A0000,ELEC,FALL,0.0
SE0A0000,EGAS,SWHE,0.001665622778146183
SE0A0000,EGAS,RYEM,0.003334146953994065
SE0A0000,EGAS,BARL,0.001594342793102861
SE0A0000,EGAS,OATS,0.001837230765248897
SE0A0000,EGAS,OCER,0.002165124786440768
SE0A0000,EGAS,RAPE,0.001879342850145632
SE0A0000,EGAS,PULS,0.0
SE0A0000,EGAS,POTA,0.0
SE0A0000,EGAS,OFAR,0.0
SE0A0000,EGAS,OSET,0.0
SE0A0000,EGAS,VSET,0.0
SE0A0000,EGAS,FALL,0.0
SE0A0000,EFUL,SWHE,0.08053113682415586
SE0A0000,EFUL,RYEM,0.136126931483037
SE0A0000,EFUL,BARL,0.0792998561727537
SE0A0000,EFUL,OATS,0.08761206794069264
SE0A0000,EFUL,OCER,0.09411901331149218
SE0A0000,EFUL,RAPE,0.07558752128590165
SE0A0000,EFUL,PULS,0.08296314112247705
SE0A0000,EFUL,POTA,0.1366909333483146
SE0A0000,EFUL,OFAR,0.126413962652903
SE0A0000,EFUL,OSET,0.07935134429465718
SE0A0000,EFUL,VSET,0.0801597385851623
SE0A0000,EFUL,FALL,0.0
SE0A0000,ELUB,SWHE,0.006286311553269898
SE0A0000,ELUB,RYEM,0.01094072927378065
SE0A0000,ELUB,BARL,0.006348807974301226
SE0A0000,ELUB,OATS,0.007039755238155509
SE0A0000,ELUB,OCER,0.006821411884833141
SE0A0000,ELUB,RAPE,0.005623159102491811
SE0A0000,ELUB,PULS,0.006436456520363013
SE0A0000,ELUB,POTA,0.01053841499338262
SE0A0000,ELUB,OFAR,0.007897603588257864
SE0A0000,ELUB,OSET,0.002856956961603152
SE0A0000,ELUB,VSET,0.003101078375847581
SE0A0000,ELUB,FALL,0.0
SE0A0000,INPO,SWHE,0.2298389091552427
SE0A0000,INPO,RYEM,0.3249649266707149
SE0A0000,INPO,BARL,0.1614256713620073
SE0A0000,INPO,OATS,0.18365654985344
SE0A0000,INPO,OCER,0.1856742825018517
SE0A0000,INPO,RAPE,0.2088708952754497
SE0A0000,INPO,PULS,0.3048574769138521
SE0A0000,INPO,POTA,1.41955208033261
SE0A0000,INPO,OFAR,0.1550273492876669
SE0A0000,INPO,OSET,0.2811741784790545
SE0A0000,INPO,VSET,0.2888109095899841
SE0A0000,INPO,FALL,0.0
FI130000,SEED,SWHE,0.02399511386092653
FI130000,SEED,RYEM,0.01528214246356606
FI130000,SEED,BARL,0.02513476355744186
FI130000,SEED,OATS,0.02917813370586221
FI130000,SEED,RAPE,0.02232550269104779
FI130000,SEED,POTA,0.1180398533244577
FI130000,SEED,OSET,0.0001725988351499853
FI130000,SEED,VSET,0.0
FI130000,SEED,FALL,0.0
FI130000,PLAP,SWHE,0.02476265421129192
FI130000,PLAP,RYEM,0.01481779275723563
FI130000,PLAP,BARL,0.02470782938028756
FI130000,PLAP,OATS,0.02639759499539164
FI130000,PLAP,RAPE,0.02660207776923333
FI130000,PLAP,POTA,0.1516173058539758
FI130000,PLAP,OSET,0.0001106814826666585
FI130000,PLAP,VSET,0.0
FI130000,PLAP,FALL,0.0
FI130000,FERT,SWHE,1.882506248243742
FI130000,FERT,RYEM,1.165759579669144
FI130000,FERT,BARL,1.870039048203755
FI130000,FERT,OATS,2.481568168018131
FI130000,FERT,RAPE,1.699638070965371
FI130000,FERT,POTA,2.429547251270944
FI130000,FERT,OSET,0.002442773070358777
FI130000,FERT,VSET,0.0
FI130000,FERT,FALL,0.0
FI130000,REPM,SWHE,0.02886822245892379
FI130000,REPM,RYEM,0.01773684227498454
FI130000,REPM,BARL,0.03179553757517498
FI130000,REPM,OATS,0.0302778186533287
FI130000,REPM,RAPE,0.02769108424749978
FI130000,REPM,POTA,0.2070363975665972
FI130000,REPM,OSET,0.0807277402235195
FI130000,REPM,VSET,0.08118699802712144
FI130000,REPM,FALL,0.0
FI130000,REPB,SWHE,0.01119791475688086
FI130000,REPB,RYEM,0.008099230749765932
FI130000,REPB,BARL,0.01306952313725505
FI130000,REPB,OATS,0.01251462920761189
FI130000,REPB,RAPE,0.01090836509714045
FI130000,REPB,POTA,0.0906417195894351
FI130000,REPB,OSET,0.03409370880574063
FI130000,REPB,VSET,0.03675178784388938
FI130000,REPB,FALL,0.0
FI130000,ELEC,SWHE,0.004907524065846309
FI130000,ELEC,RYEM,0.002811481578585606
FI130000,ELEC,BARL,0.004954084760321771
FI130000,ELEC,OATS,0.005841330808507174
FI130000,ELEC,RAPE,0.004977413812432879
FI130000,ELEC,POTA,0.004295349879835092
FI130000,ELEC,OSET,0.0
FI130000,ELEC,VSET,0.0
FI130000,ELEC,FALL,0.0
FI130000,EGAS,SWHE,0.00126746492297519
FI130000,EGAS,RYEM,0.001191475187780807
FI130000,EGAS,BARL,0.0006278503562354208
FI130000,EGAS,OATS,0.0007034991947923197
FI130000,EGAS,RAPE,0.001666838907607911
FI130000,EGAS,POTA,0.0
FI130000,EGAS,OSET,0.0
FI130000,EGAS,VSET,0.0
FI130000,EGAS,FALL,0.0
FI130000,EFUL,SWHE,0.08732006014426624
FI130000,EFUL,RYEM,0.06836012375459273
FI130000,EFUL,BARL,0.088150263769992
FI130000,EFUL,OATS,0.1029581207626469
FI130000,EFUL,RAPE,0.05840944008336751
FI130000,EFUL,POTA,0.1735165812722331
FI130000,EFUL,OSET,0.07835942700760644
FI130000,EFUL,VSET,0.07949822009851226
FI130000,EFUL,FALL,0.0
FI130000,ELUB,SWHE,0.002096637773506088
FI130000,ELUB,RYEM,0.001771265821605934
FI130000,ELUB,BARL,0.002095692813603492
FI130000,ELUB,OATS,0.002642549104237939
FI130000,ELUB,RAPE,0.001929783913771126
FI130000,ELUB,POTA,0.004535732151136358
FI130000,ELUB,OSET,0.0004046414885961677
FI130000,ELUB,VSET,0.0006251728304348545
FI130000,ELUB,FALL,0.0
FI130000,INPO,SWHE,0.1218728488583375
FI130000,INPO,RYEM,0.0441795979021022
FI130000,INPO,BARL,0.1124714918086269
FI130000,INPO,OATS,0.1313299630248549
FI130000,INPO,RAPE,0.08880243071129593
FI130000,INPO,POTA,0.5616921867257697
FI130000,INPO,OSET,0.2175457059909521
FI130000,INPO,VSET,0.2121983787302348
FI130000,INPO,FALL,0.0
FI180000,SEED,SWHE,0.02491414728282539
FI180000,SEED,RYEM,0.02580270040816782
FI180000,SEED,BARL,0.02346897334906373
FI180000,SEED,OATS,0.02030349527572509
FI180000,SEED,RAPE,0.02009768981943632
FI180000,SEED,PULS,0.02536956787412392
FI180000,SEED,POTA,0.1057980786943425
FI180000,SEED,SUGB,0.07411615552274223
FI180000,SEED,OSET,5.285924792047772e-05
FI180000,SEED,VSET,0.0
FI180000,SEED,FALL,0.0
FI180000,PLAP,SWHE,0.0252297078189727
FI180000,PLAP,RYEM,0.0206495631847421
FI180000,PLAP,BARL,0.02525052882291474
FI180000,PLAP,OATS,0.02258448674684105
FI180000,PLAP,RAPE,0.02665312761466248
FI180000,PLAP,PULS,0.01066797922911206
FI180000,PLAP,POTA,0.1147053884321825
FI180000,PLAP,SUGB,0.1163860780941854
FI180000,PLAP,OSET,3.216411374291716e-05
FI180000,PLAP,VSET,0.0
FI180000,PLAP,FALL,0.0
FI180000,FERT,SWHE,2.363317467044905
FI180000,FERT,RYEM,1.560587695664836
FI180000,FERT,BARL,2.078641548463688
FI180000,FERT,OATS,2.098855412394511
FI180000,FERT,RAPE,1.782466157966548
FI180000,FERT,PULS,0.909368580659089
FI180000,FERT,POTA,2.846267898102005
FI180000,FERT,SUGB,4.224613175602982
FI180000,FERT,OSET,0.0007341375099981548
FI180000,FERT,VSET,0.0
FI180000,FERT,FALL,0.0
FI180000,REPM,SWHE,0.03521762904315609
FI180000,REPM,RYEM,0.02963361926774885
FI180000,REPM,BARL,0.03409591920027825
FI180000,REPM,OATS,0.02886176771618567
FI180000,REPM,RAPE,0.02916362721558768
FI180000,REPM,PULS,0.01659540700150357
FI180000,REPM,POTA,0.208678393696982
FI180000,REPM,SUGB,0.1249178420709555
FI180000,REPM,OSET,0.0815066422908941
FI180000,REPM,VSET,0.08118699802378884
FI180000,REPM,FALL,0.0
FI180000,REPB,SWHE,0.01431266904121482
FI180000,REPB,RYEM,0.01309494775134473
FI180000,REPB,BARL,0.01424324395087774
FI180000,REPB,OATS,0.01183872882076045
FI180000,REPB,RAPE,0.01181117062423944
FI180000,REPB,PULS,0.007765910270745174
FI180000,REPB,POTA,0.0920984503907742
FI180000,REPB,SUGB,0.05340185471662433
FI180000,REPB,OSET,0.03416348060242434
FI180000,REPB,VSET,0.03675178985023957
FI180000,REPB,FALL,0.0
FI180000,ELEC,SWHE,0.00509451951367241
FI180000,ELEC,RYEM,0.004266238277427883
FI180000,ELEC,BARL,0.005137010560597108
FI180000,ELEC,OATS,0.005134417195396078
FI180000,ELEC,RAPE,0.004984311684995042
FI180000,ELEC,PULS,0.002014201900934313
FI180000,ELEC,POTA,0.004002957475574653
FI180000,ELEC,SUGB,0.00413463783744249
FI180000,ELEC,OSET,0.0
FI180000,ELEC,VSET,0.0
FI180000,ELEC,FALL,0.0
FI180000,EGAS,SWHE,0.001328473075005547
FI180000,EGAS,RYEM,0.002009803481924661
FI180000,EGAS,BARL,0.0006115168794348837
FI180000,EGAS,OATS,0.0006574759102742969
FI180000,EGAS,RAPE,0.001710167126474304
FI180000,EGAS,PULS,0.0
FI180000,EGAS,POTA,0.0
FI180000,EGAS,SUGB,0.0
FI180000,EGAS,OSET,0.0
FI180000,EGAS,VSET,0.0
FI180000,EGAS,FALL,0.0
FI180000,EFUL,SWHE,0.09870994673369293
FI180000,EFUL,RYEM,0.110537740230027
FI180000,EFUL,BARL,0.09782378923279089
FI180000,EFUL,OATS,0.09830531004913234
FI180000,EFUL,RAPE,0.0885779236740809
FI180000,EFUL,PULS,0.134534434869038
FI180000,EFUL,POTA,0.2207521572136836
FI180000,EFUL,SUGB,0.1168332873881526
FI180000,EFUL,OSET,0.07910642147524193
FI180000,EFUL,VSET,0.07949822010139435
FI180000,EFUL,FALL,0.0
FI180000,ELUB,SWHE,0.003429008915855863
FI180000,ELUB,RYEM,0.003892456735073156
FI180000,ELUB,BARL,0.003453682387582918
FI180000,ELUB,OATS,0.003456966400607783
FI180000,ELUB,RAPE,0.003123477701799719
FI180000,ELUB,PULS,0.001572618555849309
FI180000,ELUB,POTA,0.003581706389055811
FI180000,ELUB,SUGB,0.004057053846335521
FI180000,ELUB,OSET,0.0004060837868310114
FI180000,ELUB,VSET,0.0006251715124851826
FI180000,ELUB,FALL,0.0
FI180000,INPO,SWHE,0.1330522973370675
FI180000,INPO,RYEM,0.09480749325720465
FI180000,INPO,BARL,0.1299173175638114
FI180000,INPO,OATS,0.1184970279400157
FI180000,INPO,RAPE,0.1033243382828032
FI180000,INPO,PULS,0.07320801062646048
FI180000,INPO,POTA,0.5705501350906921
FI180000,INPO,SUGB,0.3696644924298557
FI180000,INPO,OSET,0.2197226501708995
FI180000,INPO,VSET,0.2121983787071425
FI180000,INPO,FALL,0.0
FI190000,SEED,SWHE,0.02558972486117698
FI190000,SEED,RYEM,0.02260039897490337
FI190000,SEED,BARL,0.02355870977913171
FI190000,SEED,OATS,0.01996572676039859
FI190000,SEED,RAPE,0.02114949723595114
FI190000,SEED,PULS,0.02848127991981645
FI190000,SEED,POTA,0.10841910755227
FI190000,SEED,SUGB,0.07240498845916084
FI190000,SEED,OSET,6.792935941040448e-05
FI190000,SEED,VSET,0.0
FI190000,SEED,FALL,0.0
FI190000,PLAP,SWHE,0.02565357086445717
FI190000,PLAP,RYEM,0.01806866156826962
FI190000,PLAP,BARL,0.02534594158337464
FI190000,PLAP,OATS,0.02237965007306682
FI190000,PLAP,RAPE,0.02609546027867866
FI190000,PLAP,PULS,0.01147329925250067
FI190000,PLAP,POTA,0.1525820486563459
FI190000,PLAP,SUGB,0.1143479957131796
FI190000,PLAP,OSET,4.13363481824015e-05
FI190000,PLAP,VSET,0.0
FI190000,PLAP,FALL,0.0
FI190000,FERT,SWHE,2.526475307049933
FI190000,FERT,RYEM,1.467100042169327
FI190000,FERT,BARL,2.160980147665783
FI190000,FERT,OATS,2.114689911575221
FI190000,FERT,RAPE,1.773014834266859
FI190000,FERT,PULS,1.056636001040322
FI190000,FERT,POTA,3.191257864967148
FI190000,FERT,SUGB,4.237022839477475
FI190000,FERT,OSET,0.0009676602475546052
FI190000,FERT,VSET,0.0
FI190000,FERT,FALL,0.0
FI190000,REPM,SWHE,0.03544909375562333
FI190000,REPM,RYEM,0.0259344366327372
FI190000,REPM,BARL,0.03412529570505901
FI190000,REPM,OATS,0.02873476020470904
FI190000,REPM,RAPE,0.02886645923166124
FI190000,REPM,PULS,0.01709496567962374
FI190000,REPM,POTA,0.2070902248347114
FI190000,REPM,SUGB,0.1242182563233298
FI190000,REPM,OSET,0.08140859561359712
FI190000,REPM,VSET,0.08118699801605643
FI190000,REPM,FALL,0.0
FI190000,REPB,SWHE,0.01440605215271414
FI190000,REPB,RYEM,0.01145931066083253
FI190000,REPB,BARL,0.01424997457796428
FI190000,REPB,OATS,0.01178153003390961
FI190000,REPB,RAPE,0.01168099414150291
FI190000,REPB,PULS,0.007999357031694498
FI190000,REPB,POTA,0.09032255089371356
FI190000,REPB,SUGB,0.05312225476443903
FI190000,REPB,OSET,0.03412453485224255
FI190000,REPB,VSET,0.03675178781511526
FI190000,REPB,FALL,0.0
FI190000,ELEC,SWHE,0.005145913913963969
FI190000,ELEC,RYEM,0.003738058155933302
FI190000,ELEC,BARL,0.005147422681824425
FI190000,ELEC,OATS,0.00510523390195998
FI190000,ELEC,RAPE,0.004919517094973992
FI190000,ELEC,PULS,0.002105582364165132
FI190000,ELEC,POTA,0.003919071623690464
FI190000,ELEC,SUGB,0.004096656331237827
FI190000,ELEC,OSET,0.0
FI190000,ELEC,VSET,0.0
FI190000,ELEC,FALL,0.0
FI190000,EGAS,SWHE,0.001341669484905842
FI190000,EGAS,RYEM,0.00175913267323283
FI190000,EGAS,BARL,0.0006130324649185767
FI190000,EGAS,OATS,0.0006539741340993552
FI190000,EGAS,RAPE,0.001688941618984884
FI190000,EGAS,PULS,0.0
FI190000,EGAS,POTA,0.0
FI190000,EGAS,SUGB,0.0
FI190000,EGAS,OSET,0.0
FI190000,EGAS,VSET,0.0
FI190000,EGAS,FALL,0.0
FI190000,EFUL,SWHE,0.099683013149868
FI190000,EFUL,RYEM,0.09667138387209084
FI190000,EFUL,BARL,0.0978220502473251
FI190000,EFUL,OATS,0.09754639087096006
FI190000,EFUL,RAPE,0.08709996214450588
FI190000,EFUL,PULS,0.1406334779245565
FI190000,EFUL,POTA,0.2655422952547248
FI190000,EFUL,SUGB,0.1159866306021195
FI190000,EFUL,OSET,0.07901239135699852
FI190000,EFUL,VSET,0.07949821998998506
FI190000,EFUL,FALL,0.0
FI190000,ELUB,SWHE,0.003463278238347443
FI190000,ELUB,RYEM,0.003409982466266546
FI190000,ELUB,BARL,0.003469449116382938
FI190000,ELUB,OATS,0.003444825746958987
FI190000,ELUB,RAPE,0.003093809086718012
FI190000,ELUB,PULS,0.001644645161384316
FI190000,ELUB,POTA,0.007488874127820802
FI190000,ELUB,SUGB,0.004008109681476232
FI190000,ELUB,OSET,0.0004059029929768404
FI190000,ELUB,VSET,0.0006251728270595422
FI190000,ELUB,FALL,0.0
FI190000,INPO,SWHE,0.1352616850983787
FI190000,INPO,RYEM,0.08304463489971783
FI190000,INPO,BARL,0.1305166779050162
FI190000,INPO,OATS,0.1174879380178322
FI190000,INPO,RAPE,0.1009371883116165
FI190000,INPO,PULS,0.07877089569700306
FI190000,INPO,POTA,0.6117380945179802
FI190000,INPO,SUGB,0.364125365917876
FI190000,INPO,OSET,0.2194486208566597
FI190000,INPO,VSET,0.2121983789293283
FI190000,INPO,FALL,0.0
FI1A0000,SEED,RYEM,0.0106864975263146
FI1A0000,SEED,BARL,0.02140687890811468
FI1A0000,SEED,OATS,0.01882795508048904
FI1A0000,SEED,RAPE,0.01817692069288827
FI1A0000,SEED,POTA,0.1257092407981544
FI1A0000,SEED,OSET,5.356053169888432e-05
FI1A0000,SEED,VSET,0.0
FI1A0000,SEED,FALL,0.0
FI1A0000,PLAP,RYEM,0.01325431786261749
FI1A0000,PLAP,BARL,0.02388135505449838
FI1A0000,PLAP,OATS,0.02157438353951049
FI1A0000,PLAP,RAPE,0.02381828568681363
FI1A0000,PLAP,POTA,0.1504790722621769
FI1A0000,PLAP,OSET,3.259259618395226e-05
FI1A0000,PLAP,VSET,0.0
FI1A0000,PLAP,FALL,0.0
FI1A0000,FERT,RYEM,1.053677008697792
FI1A0000,FERT,BARL,1.844964585900603
FI1A0000,FERT,OATS,1.873599245239323
FI1A0000,FERT,RAPE,1.411329563498225
FI1A0000,FERT,POTA,3.09719023207946
FI1A0000,FERT,OSET,0.0008275572883457474
FI1A0000,FERT,VSET,0.0
FI1A0000,FERT,FALL,0.0
FI1A0000,REPM,RYEM,0.01761067473474936
FI1A0000,REPM,BARL,0.03332197874036259
FI1A0000,REPM,OATS,0.02832256643188806
FI1A0000,REPM,RAPE,0.02786790241419258
FI1A0000,REPM,POTA,0.210642946289028
FI1A0000,REPM,OSET,0.08150206204611216
FI1A0000,REPM,VSET,0.08118699800879689
FI1A0000,REPM,FALL,0.0
FI1A0000,REPB,RYEM,0.007728420191197835
FI1A0000,REPB,BARL,0.01391386346260052
FI1A0000,REPB,OATS,0.0116133456572802
FI1A0000,REPB,RAPE,0.01127718798887012
FI1A0000,REPB,POTA,0.09234759609113265
FI1A0000,REPB,OSET,0.03416166147862265
FI1A0000,REPB,VSET,0.0367517878115708
FI1A0000,REPB,FALL,0.0
FI1A0000,ELEC,RYEM,0.002695773656571716
FI1A0000,ELEC,BARL,0.004967321422731077
FI1A0000,ELEC,OATS,0.004994879009528025
FI1A0000,ELEC,RAPE,0.004663011932042353
FI1A0000,ELEC,POTA,0.004048296671138676
FI1A0000,ELEC,OSET,0.0
FI1A0000,ELEC,VSET,0.0
FI1A0000,ELEC,FALL,0.0
FI1A0000,EGAS,RYEM,0.001266521016828861
FI1A0000,EGAS,BARL,0.0005915250658299106
FI1A0000,EGAS,OATS,0.0006397886950537323
FI1A0000,EGAS,RAPE,0.001600747311537233
FI1A0000,EGAS,POTA,0.0
FI1A0000,EGAS,OSET,0.0
FI1A0000,EGAS,VSET,0.0
FI1A0000,EGAS,FALL,0.0
FI1A0000,EFUL,RYEM,0.07171926043840163
FI1A0000,EFUL,BARL,0.0943574361152632
FI1A0000,EFUL,OATS,0.09546737044873438
FI1A0000,EFUL,RAPE,0.08256319556287567
FI1A0000,EFUL,POTA,0.2409215537360718
FI1A0000,EFUL,OSET,0.0791020288598635
FI1A0000,EFUL,VSET,0.07949821943975878
FI1A0000,EFUL,FALL,0.0
FI1A0000,ELUB,RYEM,0.002088006769729466
FI1A0000,ELUB,BARL,0.003347958763007958
FI1A0000,ELUB,OATS,0.003369114474933487
FI1A0000,ELUB,RAPE,0.002931787754471336
FI1A0000,ELUB,POTA,0.006836474390685058
FI1A0000,ELUB,OSET,0.0004060761693231702
FI1A0000,ELUB,VSET,0.0006251728362305886
FI1A0000,ELUB,FALL,0.0
FI1A0000,INPO,RYEM,0.05915086653800496
FI1A0000,INPO,BARL,0.1229455917832414
FI1A0000,INPO,OATS,0.1132481748043986
FI1A0000,INPO,RAPE,0.09213016468728616
FI1A0000,INPO,POTA,0.5928456034219134
FI1A0000,INPO,OSET,0.219709848841193
FI1A0000,INPO,VSET,0.2121983800307554
FI1A0000,INPO,FALL,0.0
UKC00000,SEED,SWHE,0.06169854420034133
UKC00000,SEED,BARL,0.04567083123876867
UKC00000,SEED,OATS,0.009058237203995961
UKC00000,SEED,RAPE,0.04944371249993902
UKC00000,SEED,PULS,0.04894934626121839
UKC00000,SEED,POTA,0.2878783541371777
UKC00000,SEED,OFAR,0.0009653221011930958
UKC00000,SEED,OSET,0.0002056940434820569
UKC00000,SEED,VSET,0.0
UKC00000,SEED,FALL,0.0
UKC00000,PLAP,SWHE,0.1680914299668732
UKC00000,PLAP,BARL,0.1534704452480117
UKC00000,PLAP,OATS,0.06553678689616714
UKC00000,PLAP,RAPE,0.1070679106831651
UKC00000,PLAP,PULS,0.0361399044288435
UKC00000,PLAP,POTA,0.5809749018844241
UKC00000,PLAP,OFAR,0.00281927636865071
UKC00000,PLAP,OSET,0.0001928058390426277
UKC00000,PLAP,VSET,0.0
UKC00000,PLAP,FALL,0.0
UKC00000,FERT,SWHE,2.788238138140197
UKC00000,FERT,BARL,2.038021368689689
UKC00000,FERT,OATS,1.201478423180973
UKC00000,FERT,RAPE,2.717235952266011
UKC00000,FERT,PULS,1.536827135107428
UKC00000,FERT,POTA,4.884013215156894
UKC00000,FERT,OFAR,2.958632732262153
UKC00000,FERT,OSET,0.0009275379068111746
UKC00000,FERT,VSET,0.0
UKC00000,FERT,FALL,0.0
UKC00000,REPM,SWHE,0.04987280046201839
UKC00000,REPM,BARL,0.04563727534636343
UKC00000,REPM,OATS,0.02776405514426238
UKC00000,REPM,RAPE,0.04279934246666339
UKC00000,REPM,PULS,0.05284795115967985
UKC00000,REPM,POTA,0.3063320881476517
UKC00000,REPM,OFAR,0.0003007480415199839
UKC00000,REPM,OSET,0.1057775208949238
UKC00000,REPM,VSET,0.1062232747743748
UKC00000,REPM,FALL,0.0
UKC00000,REPB,SWHE,0.02319569302902521
UKC00000,REPB,BARL,0.02021096807109912
UKC00000,REPB,OATS,0.013998572640599
UKC00000,REPB,RAPE,0.01976607459363921
UKC00000,REPB,PULS,0.02175578527000413
UKC00000,REPB,POTA,0.1321069471251509
UKC00000,REPB,OFAR,0.0001098463479190717
UKC00000,REPB,OSET,0.03448956884977317
UKC00000,REPB,VSET,0.03193427774259393
UKC00000,REPB,FALL,0.0
UKC00000,ELEC,SWHE,0.0006644736423633569
UKC00000,ELEC,BARL,0.0006924392021265668
UKC00000,ELEC,OATS,0.0006609904890076933
UKC00000,ELEC,RAPE,0.0008466641838403109
UKC00000,ELEC,PULS,0.001039660016813243
UKC00000,ELEC,POTA,0.001069234840026987
UKC00000,ELEC,OFAR,0.0002586235420517062
UKC00000,ELEC,OSET,0.0
UKC00000,ELEC,VSET,0.0
UKC00000,ELEC,FALL,0.0
UKC00000,EGAS,SWHE,0.0001074140559168402
UKC00000,EGAS,BARL,0.0001228910631998885
UKC00000,EGAS,OATS,0.0006777198964559982
UKC00000,EGAS,RAPE,0.0004988921250389789
UKC00000,EGAS,PULS,0.0
UKC00000,EGAS,POTA,0.0
UKC00000,EGAS,OFAR,0.0
UKC00000,EGAS,OSET,0.0
UKC00000,EGAS,VSET,0.0
UKC00000,EGAS,FALL,0.0
UKC00000,EFUL,SWHE,0.1099436208587952
UKC00000,EFUL,BARL,0.1181175062912131
UKC00000,EFUL,OATS,0.08355085493013711
UKC00000,EFUL,RAPE,0.1010392898263656
UKC00000,EFUL,PULS,0.1175299571272601
UKC00000,EFUL,POTA,0.2242152847692541
UKC00000,EFUL,OFAR,0.04163002462506133
UKC00000,EFUL,OSET,0.06893807372583247
UKC00000,EFUL,VSET,0.06918431742485809
UKC00000,EFUL,FALL,0.0
UKC00000,ELUB,SWHE,0.005213205077408407
UKC00000,ELUB,BARL,0.005290700480459081
UKC00000,ELUB,OATS,0.003609588642989059
UKC00000,ELUB,RAPE,0.004512562480518283
UKC00000,ELUB,PULS,0.006022557493992608
UKC00000,ELUB,POTA,0.01030938383424001
UKC00000,ELUB,OFAR,0.006826018901270863
UKC00000,ELUB,OSET,0.001853555695872971
UKC00000,ELUB,VSET,0.001734141288620102
UKC00000,ELUB,FALL,0.0
UKC00000,INPO,SWHE,0.2075266935694232
UKC00000,INPO,BARL,0.1749960259053182
UKC00000,INPO,OATS,0.04489422382866273
UKC00000,INPO,RAPE,0.181140132807275
UKC00000,INPO,PULS,0.1866510941116752
UKC00000,INPO,POTA,1.412376244138256
UKC00000,INPO,OFAR,0.0007652868005995498
UKC00000,INPO,OSET,0.2889359966798797
UKC00000,INPO,VSET,0.2866445631434806
UKC00000,INPO,FALL,0.0
UKD00000,SEED,SWHE,0.05684672003857541
UKD00000,SEED,BARL,0.03989297473401442
UKD00000,SEED,OATS,0.00943003446003383
UKD00000,SEED,RAPE,0.04462966339759582
UKD00000,SEED,POTA,0.2658115855028114
UKD00000,SEED,MAIF,0.0460051828111315
UKD00000,SEED,OFAR,0.001042113039854551
UKD00000,SEED,OSET,8.810315827764728e-05
UKD00000,SEED,VSET,0.0
UKD00000,SEED,FALL,0.0
UKD00000,PLAP,SWHE,0.1599293675840171
UKD00000,PLAP,BARL,0.1412311745552081
UKD00000,PLAP,OATS,0.06438297659240742
UKD00000,PLAP,RAPE,0.1006024353761005
UKD00000,PLAP,POTA,0.5135220276180279
UKD00000,PLAP,MAIF,0.0892984123751834
UKD00000,PLAP,OFAR,0.002895143539915343
UKD00000,PLAP,OSET,8.258286419723737e-05
UKD00000,PLAP,VSET,0.0
UKD00000,PLAP,FALL,0.0
UKD00000,FERT,SWHE,2.453928122222082
UKD00000,FERT,BARL,1.692909364740347
UKD00000,FERT,OATS,1.358751372170451
UKD00000,FERT,RAPE,2.325105959485034
UKD00000,FERT,POTA,4.247511811327463
UKD00000,FERT,MAIF,2.428618854726487
UKD00000,FERT,OFAR,3.097109344547856
UKD00000,FERT,OSET,0.0003491067836109249
UKD00000,FERT,VSET,0.0
UKD00000,FERT,FALL,0.0
UKD00000,REPM,SWHE,0.04890359907291365
UKD00000,REPM,BARL,0.04413437560093537
UKD00000,REPM,OATS,0.02971560513537109
UKD00000,REPM,RAPE,0.04180439211318364
UKD00000,REPM,POTA,0.2793834512245519
UKD00000,REPM,MAIF,0.05085785235478409
UKD00000,REPM,OFAR,0.000305902982090631
UKD00000,REPM,OSET,0.1061578357148279
UKD00000,REPM,VSET,0.1062232746858587
UKD00000,REPM,FALL,0.0
UKD00000,REPB,SWHE,0.02274749387718426
UKD00000,REPB,BARL,0.01955062491931436
UKD00000,REPB,OATS,0.01381095811286488
UKD00000,REPB,RAPE,0.0192997439656532
UKD00000,REPB,POTA,0.1264410742391399
UKD00000,REPB,MAIF,0.02096387126617829
UKD00000,REPB,OFAR,0.0001117231139300689
UKD00000,REPB,OSET,0.03460665567160606
UKD00000,REPB,VSET,0.03193427774994551
UKD00000,REPB,FALL,0.0
UKD00000,ELEC,SWHE,0.000645095687712523
UKD00000,ELEC,BARL,0.0006583905477278688
UKD00000,ELEC,OATS,0.0007116457425374769
UKD00000,ELEC,RAPE,0.0008163570579044809
UKD00000,ELEC,POTA,0.0009716529708967504
UKD00000,ELEC,MAIF,0.0008648970502773308
UKD00000,ELEC,OFAR,0.0003020174908174384
UKD00000,ELEC,OSET,0.0
UKD00000,ELEC,VSET,0.0
UKD00000,ELEC,FALL,0.0
UKD00000,EGAS,SWHE,0.0001164621583335859
UKD00000,EGAS,BARL,0.0001168735288068489
UKD00000,EGAS,OATS,0.0007387227502654543
UKD00000,EGAS,RAPE,0.00047976372475414
UKD00000,EGAS,POTA,0.0
UKD00000,EGAS,MAIF,0.0
UKD00000,EGAS,OFAR,0.0
UKD00000,EGAS,OSET,0.0
UKD00000,EGAS,VSET,0.0
UKD00000,EGAS,FALL,0.0
UKD00000,EFUL,SWHE,0.106764411670118
UKD00000,EFUL,BARL,0.1124603108061817
UKD00000,EFUL,OATS,0.09051789028449482
UKD00000,EFUL,RAPE,0.09736721721498764
UKD00000,EFUL,POTA,0.2773042579003638
UKD00000,EFUL,MAIF,0.1464477134123043
UKD00000,EFUL,OFAR,0.04276606258933228
UKD00000,EFUL,OSET,0.06918200309273344
UKD00000,EFUL,VSET,0.06918431745521535
UKD00000,EFUL,FALL,0.0
UKD00000,ELUB,SWHE,0.005060801071290089
UKD00000,ELUB,BARL,0.005027643273133448
UKD00000,ELUB,OATS,0.003918597578366771
UKD00000,ELUB,RAPE,0.004352764637143574
UKD00000,ELUB,POTA,0.008748615587400973
UKD00000,ELUB,MAIF,0.006851215114140307
UKD00000,ELUB,OFAR,0.007007778329404404
UKD00000,ELUB,OSET,0.001857340240817627
UKD00000,ELUB,VSET,0.001734141287498721
UKD00000,ELUB,FALL,0.0
UKD00000,INPO,SWHE,0.1974218972046454
UKD00000,INPO,BARL,0.161004908174502
UKD00000,INPO,OATS,0.04486106641120564
UKD00000,INPO,RAPE,0.1702741286211071
UKD00000,INPO,POTA,1.297823723981948
UKD00000,INPO,MAIF,0.2114818720269719
UKD00000,INPO,OFAR,0.0007981938869287808
UKD00000,INPO,OSET,0.2898520627622928
UKD00000,INPO,VSET,0.2866445630928984
UKD00000,INPO,FALL,0.0
UKE00000,SEED,SWHE,0.06354896970063025
UKE00000,SEED,BARL,0.04664954312378723
UKE00000,SEED,OATS,0.1299156438296553
UKE00000,SEED,RAPE,0.05486079792552416
UKE00000,SEED,PULS,0.04918272970414644
UKE00000,SEED,POTA,0.2658115784451572
UKE00000,SEED,SUGB,0.1096177686205193
UKE00000,SEED,MAIF,0.04787277277732044
UKE00000,SEED,OFAR,0.001274881936719182
UKE00000,SEED,OSET,0.0005908546485638922
UKE00000,SEED,VSET,0.0
UKE00000,SEED,FALL,0.0
UKE00000,PLAP,SWHE,0.1712218145138563
UKE00000,PLAP,BARL,0.155391006946124
UKE00000,PLAP,OATS,0.31316885211141
UKE00000,PLAP,RAPE,0.1141607674078302
UKE00000,PLAP,PULS,0.07756988821065483
UKE00000,PLAP,POTA,0.5135220187849656
UKE00000,PLAP,SUGB,0.2971702977494599
UKE00000,PLAP,MAIF,0.101343357363025
UKE00000,PLAP,OFAR,0.003386848697362944
UKE00000,PLAP,OSET,0.0005538333725400318
UKE00000,PLAP,VSET,0.0
UKE00000,PLAP,FALL,0.0
UKE00000,FERT,SWHE,2.908276237017804
UKE00000,FERT,BARL,2.121652890561462
UKE00000,FERT,OATS,8.919583175476482
UKE00000,FERT,RAPE,3.079799251899813
UKE00000,FERT,PULS,1.437730288134144
UKE00000,FERT,POTA,4.575413535480823
UKE00000,FERT,SUGB,5.117227118202219
UKE00000,FERT,MAIF,2.7890036541569
UKE00000,FERT,OFAR,4.225265152638878
UKE00000,FERT,OSET,0.003039411573346084
UKE00000,FERT,VSET,0.0
UKE00000,FERT,FALL,0.0
UKE00000,REPM,SWHE,0.0502432983216167
UKE00000,REPM,BARL,0.0459117334049978
UKE00000,REPM,OATS,0.05272042362184606
UKE00000,REPM,RAPE,0.04394142909854289
UKE00000,REPM,PULS,0.05038573330334615
UKE00000,REPM,POTA,0.2793834493573588
UKE00000,REPM,SUGB,0.1169243769688171
UKE00000,REPM,MAIF,0.05316239317729693
UKE00000,REPM,OFAR,0.0003249261345761769
UKE00000,REPM,OSET,0.1045318265284686
UKE00000,REPM,VSET,0.1062232746866957
UKE00000,REPM,FALL,0.0
UKE00000,REPB,SWHE,0.02336659908005292
UKE00000,REPB,BARL,0.02032116679423474
UKE00000,REPB,OATS,0.02574374227836079
UKE00000,REPB,RAPE,0.02028422894409211
UKE00000,REPB,PULS,0.02133661247649001
UKE00000,REPB,POTA,0.1264410737285781
UKE00000,REPB,SUGB,0.06011630659778414
UKE00000,REPB,MAIF,0.02090423196491194
UKE00000,REPB,OFAR,0.0001186690460259448
UKE00000,REPB,OSET,0.03410605927398097
UKE00000,REPB,VSET,0.03193427773478622
UKE00000,REPB,FALL,0.0
UKE00000,ELEC,SWHE,0.0006718358977909504
UKE00000,ELEC,BARL,0.0006985298049923995
UKE00000,ELEC,OATS,0.001697775951611354
UKE00000,ELEC,RAPE,0.0008799079100940894
UKE00000,ELEC,PULS,0.0009720919243961199
UKE00000,ELEC,POTA,0.0009716529617219355
UKE00000,ELEC,SUGB,0.0009519436405925271
UKE00000,ELEC,MAIF,0.00095287406545802
UKE00000,ELEC,OFAR,0.0002896684848660377
UKE00000,ELEC,OSET,0.0
UKE00000,ELEC,VSET,0.0
UKE00000,ELEC,FALL,0.0
UKE00000,EGAS,SWHE,0.000108607435722398
UKE00000,EGAS,BARL,0.0001110645749859826
UKE00000,EGAS,OATS,0.001828952467089382
UKE00000,EGAS,RAPE,0.0005167521022751522
UKE00000,EGAS,PULS,0.0
UKE00000,EGAS,POTA,0.0
UKE00000,EGAS,SUGB,0.0
UKE00000,EGAS,MAIF,0.0
UKE00000,EGAS,OFAR,0.0
UKE00000,EGAS,OSET,0.0
UKE00000,EGAS,VSET,0.0
UKE00000,EGAS,FALL,0.0
UKE00000,EFUL,SWHE,0.1112253851980387
UKE00000,EFUL,BARL,0.1190796862141192
UKE00000,EFUL,OATS,0.223310308186617
UKE00000,EFUL,RAPE,0.1049497732492539
UKE00000,EFUL,PULS,0.1226803407994844
UKE00000,EFUL,POTA,0.277304258617501
UKE00000,EFUL,SUGB,0.1246336193704385
UKE00000,EFUL,MAIF,0.1619438467515408
UKE00000,EFUL,OFAR,0.04663990119800791
UKE00000,EFUL,OSET,0.06813910039666424
UKE00000,EFUL,VSET,0.06918431745556267
UKE00000,EFUL,FALL,0.0
UKE00000,ELUB,SWHE,0.00527129252537831
UKE00000,ELUB,BARL,0.005342860974277987
UKE00000,ELUB,OATS,0.009623374460060301
UKE00000,ELUB,RAPE,0.004692554261179436
UKE00000,ELUB,PULS,0.005376621556873057
UKE00000,ELUB,POTA,0.008748615551797543
UKE00000,ELUB,SUGB,0.006583667232210419
UKE00000,ELUB,MAIF,0.007572190675521149
UKE00000,ELUB,OFAR,0.007648954463586533
UKE00000,ELUB,OSET,0.001841159765346938
UKE00000,ELUB,VSET,0.001734141287535584
UKE00000,ELUB,FALL,0.0
UKE00000,INPO,SWHE,0.2114113500050547
UKE00000,INPO,BARL,0.1772953588066304
UKE00000,INPO,OATS,0.1906342747356126
UKE00000,INPO,RAPE,0.1932624974450952
UKE00000,INPO,PULS,0.2332613794081988
UKE00000,INPO,POTA,1.297823707033861
UKE00000,INPO,SUGB,0.5506832229271561
UKE00000,INPO,MAIF,0.2183503284470462
UKE00000,INPO,OFAR,0.0009194756578520913
UKE00000,INPO,OSET,0.285935487276461
UKE00000,INPO,VSET,0.2866445630953493
UKE00000,INPO,FALL,0.0
UKF00000,SEED,SWHE,0.06216797586962634
UKF00000,SEED,BARL,0.04445833657335679
UKF00000,SEED,OATS,0.0891682650125233
UKF00000,SEED,OCER,0.08313375899719638
UKF00000,SEED,RAPE,0.0548326986482827
UKF00000,SEED,PULS,0.04918273221345483
UKF00000,SEED,POTA,0.2658115711716562
UKF00000,SEED,SUGB,0.1096177605609089
UKF00000,SEED,MAIF,0.04857285349208974
UKF00000,SEED,OFAR,0.00125808169852729
UKF00000,SEED,OSET,0.0003006491528701782
UKF00000,SEED,VSET,0.0
UKF00000,SEED,FALL,0.0
UKF00000,PLAP,SWHE,0.1688949033341723
UKF00000,PLAP,BARL,0.1508047329530976
UKF00000,PLAP,OATS,0.2095972971659046
UKF00000,PLAP,OCER,0.1355670246321221
UKF00000,PLAP,RAPE,0.1141575164652654
UKF00000,PLAP,PULS,0.07756989405066246
UKF00000,PLAP,POTA,0.5135220092068018
UKF00000,PLAP,SUGB,0.2971702854015575
UKF00000,PLAP,MAIF,0.1020154385566861
UKF00000,PLAP,OFAR,0.003358421175953505
UKF00000,PLAP,OSET,0.0002818113398033461
UKF00000,PLAP,VSET,0.0
UKF00000,PLAP,FALL,0.0
UKF00000,FERT,SWHE,2.938499121186228
UKF00000,FERT,BARL,2.082735020606551
UKF00000,FERT,OATS,9.047614748301626
UKF00000,FERT,OCER,9.018307585990286
UKF00000,FERT,RAPE,3.178258297500009
UKF00000,FERT,PULS,1.499756557740572
UKF00000,FERT,POTA,4.757857132378354
UKF00000,FERT,SUGB,5.309796196611023
UKF00000,FERT,MAIF,2.833107784792441
UKF00000,FERT,OFAR,4.316643407712467
UKF00000,FERT,OSET,0.001896299217672062
UKF00000,FERT,VSET,0.0
UKF00000,FERT,FALL,0.0
UKF00000,REPM,SWHE,0.04996711263098945
UKF00000,REPM,BARL,0.04533308773751041
UKF00000,REPM,OATS,0.04755975427732714
UKF00000,REPM,OCER,0.05977448283429261
UKF00000,REPM,RAPE,0.04393051992706153
UKF00000,REPM,PULS,0.05038573374045185
UKF00000,REPM,POTA,0.2793834473207015
UKF00000,REPM,SUGB,0.1169243766122132
UKF00000,REPM,MAIF,0.05342129468205512
UKF00000,REPM,OFAR,0.0003238198673552934
UKF00000,REPM,OSET,0.1054704150871528
UKF00000,REPM,VSET,0.1062232746812871
UKF00000,REPM,FALL,0.0
UKF00000,REPB,SWHE,0.02323909935639253
UKF00000,REPB,BARL,0.02007119105148931
UKF00000,REPB,OATS,0.02024724054972627
UKF00000,REPB,OCER,0.02561185711340924
UKF00000,REPB,RAPE,0.02028273348123149
UKF00000,REPB,PULS,0.02133661262691409
UKF00000,REPB,POTA,0.1264410734240806
UKF00000,REPB,SUGB,0.06011630449855562
UKF00000,REPB,MAIF,0.02025700592105154
UKF00000,REPB,OFAR,0.0001182474528373788
UKF00000,REPB,OSET,0.03439502077819133
UKF00000,REPB,VSET,0.03193427783168841
UKF00000,REPB,FALL,0.0
UKF00000,ELEC,SWHE,0.00066632720305004
UKF00000,ELEC,BARL,0.000685484646955704
UKF00000,ELEC,OATS,0.001190213440941663
UKF00000,ELEC,OCER,0.0008334120086334763
UKF00000,ELEC,RAPE,0.0008798970838360089
UKF00000,ELEC,PULS,0.0009720919391976721
UKF00000,ELEC,POTA,0.0009716529516624491
UKF00000,ELEC,SUGB,0.0009519436211065703
UKF00000,ELEC,MAIF,0.000962924451711013
UKF00000,ELEC,OFAR,0.0002881695917899223
UKF00000,ELEC,OSET,0.0
UKF00000,ELEC,VSET,0.0
UKF00000,ELEC,FALL,0.0
UKF00000,EGAS,SWHE,0.0001077099244607333
UKF00000,EGAS,BARL,0.0001089412005336736
UKF00000,EGAS,OATS,0.001735436176969158
UKF00000,EGAS,OCER,0.001898201653990568
UKF00000,EGAS,RAPE,0.0005173789189814551
UKF00000,EGAS,PULS,0.0
UKF00000,EGAS,POTA,0.0
UKF00000,EGAS,SUGB,0.0
UKF00000,EGAS,MAIF,0.0
UKF00000,EGAS,OFAR,0.0
UKF00000,EGAS,OSET,0.0
UKF00000,EGAS,VSET,0.0
UKF00000,EGAS,FALL,0.0
UKF00000,EFUL,SWHE,0.1103068823069839
UKF00000,EFUL,BARL,0.116919602021451
UKF00000,EFUL,OATS,0.2072585039752147
UKF00000,EFUL,OCER,0.09659854789830785
UKF00000,EFUL,RAPE,0.1049707076312242
UKF00000,EFUL,PULS,0.1226803391328553
UKF00000,EFUL,POTA,0.2773042602054832
UKF00000,EFUL,SUGB,0.124633621652662
UKF00000,EFUL,MAIF,0.1644751176252104
UKF00000,EFUL,OFAR,0.0464077784280463
UKF00000,EFUL,OSET,0.0687410997790947
UKF00000,EFUL,VSET,0.06918431793513347
UKF00000,EFUL,FALL,0.0
UKF00000,ELUB,SWHE,0.005227837546481858
UKF00000,ELUB,BARL,0.005239958331928857
UKF00000,ELUB,OATS,0.009112318457607373
UKF00000,ELUB,OCER,0.005840472318596949
UKF00000,ELUB,RAPE,0.004691505599941617
UKF00000,ELUB,PULS,0.005376621622487582
UKF00000,ELUB,POTA,0.008748615509047545
UKF00000,ELUB,SUGB,0.006583667478582677
UKF00000,ELUB,MAIF,0.007682653645607411
UKF00000,ELUB,OFAR,0.007611664197551538
UKF00000,ELUB,OSET,0.001850499697113555
UKF00000,ELUB,VSET,0.001734141290474993
UKF00000,ELUB,FALL,0.0
UKF00000,INPO,SWHE,0.2085332789948342
UKF00000,INPO,BARL,0.172012909843832
UKF00000,INPO,OATS,0.1963620080315086
UKF00000,INPO,OCER,0.1865897016098634
UKF00000,INPO,RAPE,0.1932191328117916
UKF00000,INPO,PULS,0.2332613892014592
UKF00000,INPO,POTA,1.297823688212413
UKF00000,INPO,SUGB,0.5506832222437534
UKF00000,INPO,MAIF,0.2186307982719608
UKF00000,INPO,OFAR,0.000912045024405746
UKF00000,INPO,OSET,0.2881962697332946
UKF00000,INPO,VSET,0.286644563116933
UKF00000,INPO,FALL,0.0
UKG00000,SEED,SWHE,0.05985215230260436
UKG00000,SEED,BARL,0.04316854087141594
UKG00000,SEED,OATS,0.04149853277701196
UKG00000,SEED,OCER,0.04301527017391839
UKG00000,SEED,RAPE,0.05454762367506803
UKG00000,SEED,PULS,0.04918273046196132
UKG00000,SEED,POTA,0.2658115735877758
UKG00000,SEED,SUGB,0.1096177719053989
UKG00000,SEED,MAIF,0.04984803891100387
UKG00000,SEED,OFAR,0.001062985344596332
UKG00000,SEED,OSET,0.0001336242926976275
UKG00000,SEED,VSET,0.0
UKG00000,SEED,FALL,0.0
UKG00000,PLAP,SWHE,0.1649412258793927
UKG00000,PLAP,BARL,0.148167397003399
UKG00000,PLAP,OATS,0.1284801246301696
UKG00000,PLAP,OCER,0.08550125907247326
UKG00000,PLAP,RAPE,0.1137857249347862
UKG00000,PLAP,PULS,0.07756988998198222
UKG00000,PLAP,POTA,0.513522009689175
UKG00000,PLAP,SUGB,0.2971703012412105
UKG00000,PLAP,MAIF,0.1036767484404607
UKG00000,PLAP,OFAR,0.003068340012126997
UKG00000,PLAP,OSET,0.0001252517733877214
UKG00000,PLAP,VSET,0.0
UKG00000,PLAP,FALL,0.0
UKG00000,FERT,SWHE,2.728427136025266
UKG00000,FERT,BARL,1.948498307894977
UKG00000,FERT,OATS,8.89277680972653
UKG00000,FERT,OCER,6.472328975752527
UKG00000,FERT,RAPE,3.053316349466636
UKG00000,FERT,PULS,1.460875595791566
UKG00000,FERT,POTA,4.643785710538332
UKG00000,FERT,SUGB,5.184599669537469
UKG00000,FERT,MAIF,2.870926176863942
UKG00000,FERT,OFAR,3.467307086819492
UKG00000,FERT,OSET,0.0005730051714706087
UKG00000,FERT,VSET,0.0
UKG00000,FERT,FALL,0.0
UKG00000,REPM,SWHE,0.04951568298015976
UKG00000,REPM,BARL,0.04498912009982101
UKG00000,REPM,OATS,0.03266795472331326
UKG00000,REPM,OCER,0.05131154457968293
UKG00000,REPM,RAPE,0.0438691349362169
UKG00000,REPM,PULS,0.05038573343256514
UKG00000,REPM,POTA,0.2793834486912937
UKG00000,REPM,SUGB,0.1169243798852041
UKG00000,REPM,MAIF,0.05370495761031735
UKG00000,REPM,OFAR,0.0003089112161349326
UKG00000,REPM,OSET,0.1060106103289486
UKG00000,REPM,VSET,0.1062232746857812
UKG00000,REPM,FALL,0.0
UKG00000,REPB,SWHE,0.02302457516088818
UKG00000,REPB,BARL,0.01992503026968741
UKG00000,REPB,OATS,0.01699825417473079
UKG00000,REPB,OCER,0.01999393071477343
UKG00000,REPB,RAPE,0.02025545434142738
UKG00000,REPB,PULS,0.02133661253049559
UKG00000,REPB,POTA,0.1264410732874936
UKG00000,REPB,SUGB,0.06011630650170108
UKG00000,REPB,MAIF,0.02110631047535297
UKG00000,REPB,OFAR,0.0001127710111373716
UKG00000,REPB,OSET,0.03456132966762102
UKG00000,REPB,VSET,0.03193427786720715
UKG00000,REPB,FALL,0.0
UKG00000,ELEC,SWHE,0.0006571884035398794
UKG00000,ELEC,BARL,0.0006777207805365984
UKG00000,ELEC,OATS,0.0008862532466656144
UKG00000,ELEC,OCER,0.0008096158260993557
UKG00000,ELEC,RAPE,0.0008781560974315569
UKG00000,ELEC,PULS,0.000972091929400473
UKG00000,ELEC,POTA,0.0009716529556034458
UKG00000,ELEC,SUGB,0.0009519436552848774
UKG00000,ELEC,MAIF,0.0009645577192055042
UKG00000,ELEC,OFAR,0.0002688606028264142
UKG00000,ELEC,OSET,0.0
UKG00000,ELEC,VSET,0.0
UKG00000,ELEC,FALL,0.0
UKG00000,EGAS,SWHE,0.000106248169872728
UKG00000,EGAS,BARL,0.0001203017057765011
UKG00000,EGAS,OATS,0.0009365071847770819
UKG00000,EGAS,OCER,0.0016126712056422
UKG00000,EGAS,RAPE,0.0005165130969237428
UKG00000,EGAS,PULS,0.0
UKG00000,EGAS,POTA,0.0
UKG00000,EGAS,SUGB,0.0
UKG00000,EGAS,MAIF,0.0
UKG00000,EGAS,OFAR,0.0
UKG00000,EGAS,OSET,0.0
UKG00000,EGAS,VSET,0.0
UKG00000,EGAS,FALL,0.0
UKG00000,EFUL,SWHE,0.1087653294457946
UKG00000,EFUL,BARL,0.1156828915679559
UKG00000,EFUL,OATS,0.1293612124711511
UKG00000,EFUL,OCER,0.06872591949400063
UKG00000,EFUL,RAPE,0.1047642772251234
UKG00000,EFUL,PULS,0.1226803403232454
UKG00000,EFUL,POTA,0.2773042615825052
UKG00000,EFUL,SUGB,0.124633624343098
UKG00000,EFUL,MAIF,0.1653935191355243
UKG00000,EFUL,OFAR,0.04331147499927961
UKG00000,EFUL,OSET,0.06908757450326093
UKG00000,EFUL,VSET,0.06918431752083061
UKG00000,EFUL,FALL,0.0
UKG00000,ELUB,SWHE,0.005156970458953635
UKG00000,ELUB,BARL,0.005177825232112685
UKG00000,ELUB,OATS,0.004894434335547187
UKG00000,ELUB,OCER,0.004275019292881069
UKG00000,ELUB,RAPE,0.004681918256076964
UKG00000,ELUB,PULS,0.005376621576613787
UKG00000,ELUB,POTA,0.008748615622253587
UKG00000,ELUB,SUGB,0.006583667563299075
UKG00000,ELUB,MAIF,0.007658560750322081
UKG00000,ELUB,OFAR,0.007104674594487185
UKG00000,ELUB,OSET,0.001855875195835438
UKG00000,ELUB,VSET,0.001734141287571851
UKG00000,ELUB,FALL,0.0
UKG00000,INPO,SWHE,0.2036855004014277
UKG00000,INPO,BARL,0.1689302142623022
UKG00000,INPO,OATS,0.08151212979344713
UKG00000,INPO,OCER,0.1072530297170407
UKG00000,INPO,RAPE,0.1925798252213622
UKG00000,INPO,PULS,0.2332613820867892
UKG00000,INPO,POTA,1.297823699926216
UKG00000,INPO,SUGB,0.5506832493746571
UKG00000,INPO,MAIF,0.2243204791428964
UKG00000,INPO,OFAR,0.000816312472559982
UKG00000,INPO,OSET,0.2894974403223857
UKG00000,INPO,VSET,0.2866445630953215
UKG00000,INPO,FALL,0.0
UKH00000,SEED,SWHE,0.06573650532215584
UKH00000,SEED,RYEM,0.04194336520086701
UKH00000,SEED,BARL,0.04567673740558299
UKH00000,SEED,OATS,0.09633307126741664
UKH00000,SEED,OCER,0.04826734970415175
UKH00000,SEED,RAPE,0.05205688033700227
UKH00000,SEED,PULS,0.04918273288079153
UKH00000,SEED,POTA,0.2658115769589232
UKH00000,SEED,SUGB,0.1096177613115699
UKH00000,SEED,MAIF,0.09281595537876244
UKH00000,SEED,OFAR,0.002057782118431248
UKH00000,SEED,OSET,0.0002375394739929997
UKH00000,SEED,VSET,0.0
UKH00000,SEED,FALL,0.0
UKH00000,PLAP,SWHE,0.1750464376031327
UKH00000,PLAP,RYEM,0.1059685974639018
UKH00000,PLAP,BARL,0.153611577896124
UKH00000,PLAP,OATS,0.1774400525985032
UKH00000,PLAP,OCER,0.09788531474421493
UKH00000,PLAP,RAPE,0.1104860470955352
UKH00000,PLAP,PULS,0.07756989557422214
UKH00000,PLAP,POTA,0.5135220171658309
UKH00000,PLAP,SUGB,0.2971702867500872
UKH00000,PLAP,MAIF,0.1472181441393826
UKH00000,PLAP,OFAR,0.004710015169607797
UKH00000,PLAP,OSET,0.0002226559220463295
UKH00000,PLAP,VSET,0.0
UKH00000,PLAP,FALL,0.0
UKH00000,FERT,SWHE,3.197900436710399
UKH00000,FERT,RYEM,2.160332549979432
UKH00000,FERT,BARL,2.179830747324648
UKH00000,FERT,OATS,9.12377398219227
UKH00000,FERT,OCER,10.89120521947688
UKH00000,FERT,RAPE,3.063287135295326
UKH00000,FERT,PULS,1.522319804372553
UKH00000,FERT,POTA,4.84654197677312
UKH00000,FERT,SUGB,5.402597610165913
UKH00000,FERT,MAIF,8.347123803382456
UKH00000,FERT,OFAR,7.406552967853464
UKH00000,FERT,OSET,0.001405709480289209
UKH00000,FERT,VSET,0.0
UKH00000,FERT,FALL,0.0
UKH00000,REPM,SWHE,0.05065377629314035
UKH00000,REPM,RYEM,0.03590994752398716
UKH00000,REPM,BARL,0.04563449507047192
UKH00000,REPM,OATS,0.05462956030838681
UKH00000,REPM,OCER,0.06632959291601438
UKH00000,REPM,RAPE,0.04334829178020935
UKH00000,REPM,PULS,0.05038573385666956
UKH00000,REPM,POTA,0.2793834487351401
UKH00000,REPM,SUGB,0.1169243769600342
UKH00000,REPM,MAIF,0.07136528872205701
UKH00000,REPM,OFAR,0.0003833021580268323
UKH00000,REPM,OSET,0.1056745257161914
UKH00000,REPM,VSET,0.1062232746860215
UKH00000,REPM,FALL,0.0
UKH00000,REPB,SWHE,0.02356995944346826
UKH00000,REPB,RYEM,0.01691745993027462
UKH00000,REPB,BARL,0.02021467642452276
UKH00000,REPB,OATS,0.02406180643697507
UKH00000,REPB,OCER,0.02730360758674393
UKH00000,REPB,RAPE,0.0200158695478793
UKH00000,REPB,PULS,0.02133661266299844
UKH00000,REPB,POTA,0.1264410738159249
UKH00000,REPB,SUGB,0.06011630445136104
UKH00000,REPB,MAIF,0.02762946840282923
UKH00000,REPB,OFAR,0.0001401796976331445
UKH00000,REPB,OSET,0.03445785992807642
UKH00000,REPB,VSET,0.03193427775035225
UKH00000,REPB,FALL,0.0
UKH00000,ELEC,SWHE,0.000680305193495091
UKH00000,ELEC,RYEM,0.000944214803364763
UKH00000,ELEC,BARL,0.0006923093324420915
UKH00000,ELEC,OATS,0.001696811185563769
UKH00000,ELEC,OCER,0.001332488807282746
UKH00000,ELEC,RAPE,0.000862688534620583
UKH00000,ELEC,PULS,0.0009720919453465727
UKH00000,ELEC,POTA,0.0009716529592505673
UKH00000,ELEC,SUGB,0.0009519436230892565
UKH00000,ELEC,MAIF,0.001465479459990397
UKH00000,ELEC,OFAR,0.0004158020386976963
UKH00000,ELEC,OSET,0.0
UKH00000,ELEC,VSET,0.0
UKH00000,ELEC,FALL,0.0
UKH00000,EGAS,SWHE,0.0001228732122964444
UKH00000,EGAS,RYEM,0.001896590455727632
UKH00000,EGAS,BARL,0.0001229039611252663
UKH00000,EGAS,OATS,0.001957691805033973
UKH00000,EGAS,OCER,0.002663058994160961
UKH00000,EGAS,RAPE,0.0005075548119679758
UKH00000,EGAS,PULS,0.0
UKH00000,EGAS,POTA,0.0
UKH00000,EGAS,SUGB,0.0
UKH00000,EGAS,MAIF,0.0
UKH00000,EGAS,OFAR,0.0
UKH00000,EGAS,OSET,0.0
UKH00000,EGAS,VSET,0.0
UKH00000,EGAS,FALL,0.0
UKH00000,EFUL,SWHE,0.1127248728356015
UKH00000,EFUL,RYEM,0.07654968321309935
UKH00000,EFUL,BARL,0.1182456953166078
UKH00000,EFUL,OATS,0.1234409196932075
UKH00000,EFUL,OCER,0.09055941908926494
UKH00000,EFUL,RAPE,0.1029222251042282
UKH00000,EFUL,PULS,0.1226803385990232
UKH00000,EFUL,POTA,0.2773042587290955
UKH00000,EFUL,SUGB,0.1246336231980188
UKH00000,EFUL,MAIF,0.2305984624831481
UKH00000,EFUL,OFAR,0.05883299927831645
UKH00000,EFUL,OSET,0.0688720138813107
UKH00000,EFUL,VSET,0.06918431745926237
UKH00000,EFUL,FALL,0.0
UKH00000,ELUB,SWHE,0.005335710780402933
UKH00000,ELUB,RYEM,0.004962308175996714
UKH00000,ELUB,BARL,0.005287387591474282
UKH00000,ELUB,OATS,0.0105321000307011
UKH00000,ELUB,OCER,0.00817455167305653
UKH00000,ELUB,RAPE,0.004599228301902646
UKH00000,ELUB,PULS,0.005376621638179225
UKH00000,ELUB,POTA,0.008748615509113754
UKH00000,ELUB,SUGB,0.006583667523142623
UKH00000,ELUB,MAIF,0.01284948362343155
UKH00000,ELUB,OFAR,0.009638045842616794
UKH00000,ELUB,OSET,0.00185253080495077
UKH00000,ELUB,VSET,0.001734141274498468
UKH00000,ELUB,FALL,0.0
UKH00000,INPO,SWHE,0.2160182243986812
UKH00000,INPO,RYEM,0.1344364413603761
UKH00000,INPO,BARL,0.1751035069077401
UKH00000,INPO,OATS,0.2191692654010618
UKH00000,INPO,OCER,0.1052797384113716
UKH00000,INPO,RAPE,0.1869865310075388
UKH00000,INPO,PULS,0.2332613919345593
UKH00000,INPO,POTA,1.297823700958803
UKH00000,INPO,SUGB,0.5506832246735341
UKH00000,INPO,MAIF,0.3059224108685429
UKH00000,INPO,OFAR,0.001295910958472855
UKH00000,INPO,OSET,0.2886879118434683
UKH00000,INPO,VSET,0.2866445630936435
UKH00000,INPO,FALL,0.0
UKJ00000,SEED,SWHE,0.06308144426689433
UKJ00000,SEED,BARL,0.04465683684816406
UKJ00000,SEED,OATS,0.01039445955315113
UKJ00000,SEED,OCER,0.01036575053997982
UKJ00000,SEED,RAPE,0.04658579179336823
UKJ00000,SEED,PULS,0.04918273429753782
UKJ00000,SEED,POTA,0.2699198860977799
UKJ00000,SEED,MAIF,0.04927132420127996
UKJ00000,SEED,OFAR,0.00171645541373749
UKJ00000,SEED,OSET,0.0002004541695020105
UKJ00000,SEED,VSET,0.0
UKJ00000,SEED,FALL,0.0
UKJ00000,PLAP,SWHE,0.1704719388966926
UKJ00000,PLAP,BARL,0.1513227405408333
UKJ00000,PLAP,OATS,0.06396440758019073
UKJ00000,PLAP,OCER,0.0483482864263022
UKJ00000,PLAP,RAPE,0.1032658329919548
UKJ00000,PLAP,PULS,0.07756989882943972
UKJ00000,PLAP,POTA,0.544609525020619
UKJ00000,PLAP,MAIF,0.0928413041877941
UKJ00000,PLAP,OFAR,0.004166045459981564
UKJ00000,PLAP,OSET,0.0001878942865166952
UKJ00000,PLAP,VSET,0.0
UKJ00000,PLAP,FALL,0.0
UKJ00000,FERT,SWHE,2.997565354923241
UKJ00000,FERT,BARL,2.081949151502386
UKJ00000,FERT,OATS,0.9863003974095091
UKJ00000,FERT,OCER,0.685350382222619
UKJ00000,FERT,RAPE,2.64040489000898
UKJ00000,FERT,PULS,1.444157432756162
UKJ00000,FERT,POTA,4.733586589548548
UKJ00000,FERT,MAIF,2.60583255273888
UKJ00000,FERT,OFAR,5.939716405738883
UKJ00000,FERT,OSET,0.000932010211410077
UKJ00000,FERT,VSET,0.0
UKJ00000,FERT,FALL,0.0
UKJ00000,REPM,SWHE,0.05013879318576159
UKJ00000,REPM,BARL,0.04537513044386723
UKJ00000,REPM,OATS,0.02751488645904552
UKJ00000,REPM,OCER,0.03997327068008583
UKJ00000,REPM,RAPE,0.04220382607693121
UKJ00000,REPM,PULS,0.05038573408540201
UKJ00000,REPM,POTA,0.3040573991714424
UKJ00000,REPM,MAIF,0.0516138881126627
UKJ00000,REPM,OFAR,0.0003582602740950858
UKJ00000,REPM,OSET,0.1057944677444758
UKJ00000,REPM,VSET,0.1062232746861765
UKJ00000,REPM,FALL,0.0
UKJ00000,REPB,SWHE,0.02332399060988503
UKJ00000,REPB,BARL,0.02009528372960885
UKJ00000,REPB,OATS,0.0138942341245557
UKJ00000,REPB,OCER,0.01554655334874529
UKJ00000,REPB,RAPE,0.01949058102014743
UKJ00000,REPB,PULS,0.02133661276076586
UKJ00000,REPB,POTA,0.1322773322200922
UKJ00000,REPB,MAIF,0.02123326848038407
UKJ00000,REPB,OFAR,0.0001308036157006604
UKJ00000,REPB,OSET,0.03449478625612916
UKJ00000,REPB,VSET,0.03193427774711148
UKJ00000,REPB,FALL,0.0
UKJ00000,ELEC,SWHE,0.0006698931739239878
UKJ00000,ELEC,BARL,0.0006864751292722012
UKJ00000,ELEC,OATS,0.000651598336726985
UKJ00000,ELEC,OCER,0.0006695537171913446
UKJ00000,ELEC,RAPE,0.0008288436060730185
UKJ00000,ELEC,PULS,0.0009720919544545437
UKJ00000,ELEC,POTA,0.001060601583309582
UKJ00000,ELEC,MAIF,0.0008866206788337449
UKJ00000,ELEC,OFAR,0.0003789929113570907
UKJ00000,ELEC,OSET,0.0
UKJ00000,ELEC,VSET,0.0
UKJ00000,ELEC,FALL,0.0
UKJ00000,EGAS,SWHE,0.0001209360878475014
UKJ00000,EGAS,BARL,0.000121843609517426
UKJ00000,EGAS,OATS,0.0006686511168286023
UKJ00000,EGAS,OCER,0.001302938895933809
UKJ00000,EGAS,RAPE,0.0004882911523615707
UKJ00000,EGAS,PULS,0.0
UKJ00000,EGAS,POTA,0.0
UKJ00000,EGAS,MAIF,0.0
UKJ00000,EGAS,OFAR,0.0
UKJ00000,EGAS,OSET,0.0
UKJ00000,EGAS,VSET,0.0
UKJ00000,EGAS,FALL,0.0
UKJ00000,EFUL,SWHE,0.1108765671942145
UKJ00000,EFUL,BARL,0.1171409608537348
UKJ00000,EFUL,OATS,0.0877787558480981
UKJ00000,EFUL,OCER,0.05097700474426578
UKJ00000,EFUL,RAPE,0.09890592778618852
UKJ00000,EFUL,PULS,0.1226803374133116
UKJ00000,EFUL,POTA,0.2825435521863336
UKJ00000,EFUL,MAIF,0.1501054847769252
UKJ00000,EFUL,OFAR,0.05367511374960433
UKJ00000,EFUL,OSET,0.06894894325544898
UKJ00000,EFUL,VSET,0.06918431747643125
UKJ00000,EFUL,FALL,0.0
UKJ00000,ELUB,SWHE,0.005254867902596451
UKJ00000,ELUB,BARL,0.005244936555637419
UKJ00000,ELUB,OATS,0.003560176154114487
UKJ00000,ELUB,OCER,0.003395980393476199
UKJ00000,ELUB,RAPE,0.004417677612674432
UKJ00000,ELUB,PULS,0.005376621671036688
UKJ00000,ELUB,POTA,0.01023527720501212
UKJ00000,ELUB,MAIF,0.007037328086663313
UKJ00000,ELUB,OFAR,0.008795962558574358
UKJ00000,ELUB,OSET,0.001853724357755175
UKJ00000,ELUB,VSET,0.001734141290415714
UKJ00000,ELUB,FALL,0.0
UKJ00000,INPO,SWHE,0.2104335323066004
UKJ00000,INPO,BARL,0.1725432752050218
UKJ00000,INPO,OATS,0.04342355702925574
UKJ00000,INPO,OCER,0.05130650991598239
UKJ00000,INPO,RAPE,0.1747126767944814
UKJ00000,INPO,PULS,0.2332613974814754
UKJ00000,INPO,POTA,1.334510107315943
UKJ00000,INPO,MAIF,0.2192989333254291
UKJ00000,INPO,OFAR,0.001131438783248249
UKJ00000,INPO,OSET,0.2889768167327478
UKJ00000,INPO,VSET,0.286644563091799
UKJ00000,INPO,FALL,0.0
UKK00000,SEED,SWHE,0.05830678570387605
UKK00000,SEED,BARL,0.0415383940223019
UKK00000,SEED,OATS,0.04141295393588013
UKK00000,SEED,OCER,0.03238635554947776
UKK00000,SEED,RAPE,0.04834467394825634
UKK00000,SEED,PULS,0.04918273225828382
UKK00000,SEED,POTA,0.2658115782024962
UKK00000,SEED,MAIF,0.04389945388829522
UKK00000,SEED,OFAR,0.001171710632143488
UKK00000,SEED,OSET,0.0002046551587838547
UKK00000,SEED,VSET,0.0
UKK00000,SEED,FALL,0.0
UKK00000,PLAP,SWHE,0.1623429848190517
UKK00000,PLAP,BARL,0.1445960353594719
UKK00000,PLAP,OATS,0.09359892401315471
UKK00000,PLAP,OCER,0.06440954506105578
UKK00000,PLAP,RAPE,0.1056579179765725
UKK00000,PLAP,PULS,0.07756989418189479
UKK00000,PLAP,POTA,0.5135220184337894
UKK00000,PLAP,MAIF,0.09611459295474765
UKK00000,PLAP,OFAR,0.003197257921277333
UKK00000,PLAP,OSET,0.0001918320469320497
UKK00000,PLAP,VSET,0.0
UKK00000,PLAP,FALL,0.0
UKK00000,FERT,SWHE,2.679847568788848
UKK00000,FERT,BARL,1.87555898947446
UKK00000,FERT,OATS,8.520737308049565
UKK00000,FERT,OCER,7.399277409587445
UKK00000,FERT,RAPE,2.686934334006174
UKK00000,FERT,PULS,1.446759016201846
UKK00000,FERT,POTA,4.534444820063573
UKK00000,FERT,MAIF,2.387404143799685
UKK00000,FERT,OFAR,3.840575728911576
UKK00000,FERT,OSET,0.0009784863289169477
UKK00000,FERT,VSET,0.0
UKK00000,FERT,FALL,0.0
UKK00000,REPM,SWHE,0.04920602763562049
UKK00000,REPM,BARL,0.04457570042281482
UKK00000,REPM,OATS,0.03988497715818124
UKK00000,REPM,OCER,0.04754772830941754
UKK00000,REPM,RAPE,0.04255222129724254
UKK00000,REPM,PULS,0.05038573379594319
UKK00000,REPM,POTA,0.2793834496532475
UKK00000,REPM,MAIF,0.05218920693002368
UKK00000,REPM,OFAR,0.0003169908434712681
UKK00000,REPM,OSET,0.1057808808433086
UKK00000,REPM,VSET,0.1062232746833336
UKK00000,REPM,FALL,0.0
UKK00000,REPB,SWHE,0.02288192516906131
UKK00000,REPB,BARL,0.01973674921496057
UKK00000,REPB,OATS,0.01775628298143891
UKK00000,REPB,OCER,0.01808027438692672
UKK00000,REPB,RAPE,0.01966111327928241
UKK00000,REPB,PULS,0.0213366126062811
UKK00000,REPB,POTA,0.1264410737530829
UKK00000,REPB,MAIF,0.02049680816354279
UKK00000,REPB,OFAR,0.0001157439745971757
UKK00000,REPB,OSET,0.03449060328248375
UKK00000,REPB,VSET,0.03193427775141484
UKK00000,REPB,FALL,0.0
UKK00000,ELEC,SWHE,0.0006510033995307204
UKK00000,ELEC,BARL,0.0006683255882070826
UKK00000,ELEC,OATS,0.0007888747838331005
UKK00000,ELEC,OCER,0.0008555132407176633
UKK00000,ELEC,RAPE,0.0008400770072909535
UKK00000,ELEC,PULS,0.0009720919429499738
UKK00000,ELEC,POTA,0.0009716529614324282
UKK00000,ELEC,MAIF,0.0009251479348871112
UKK00000,ELEC,OFAR,0.00027945243190671
UKK00000,ELEC,OSET,0.0
UKK00000,ELEC,VSET,0.0
UKK00000,ELEC,FALL,0.0
UKK00000,EGAS,SWHE,0.000105243098137129
UKK00000,EGAS,BARL,0.0001062153867747616
UKK00000,EGAS,OATS,0.001214125826094919
UKK00000,EGAS,OCER,0.001645028081571521
UKK00000,EGAS,RAPE,0.0004962973012663319
UKK00000,EGAS,PULS,0.0
UKK00000,EGAS,POTA,0.0
UKK00000,EGAS,MAIF,0.0
UKK00000,EGAS,OFAR,0.0
UKK00000,EGAS,OSET,0.0
UKK00000,EGAS,VSET,0.0
UKK00000,EGAS,FALL,0.0
UKK00000,EFUL,SWHE,0.1077547669147994
UKK00000,EFUL,BARL,0.1140381426292831
UKK00000,EFUL,OATS,0.1614714130841886
UKK00000,EFUL,OCER,0.06119415186656527
UKK00000,EFUL,RAPE,0.1002474761389693
UKK00000,EFUL,PULS,0.1226803390793965
UKK00000,EFUL,POTA,0.277304258519629
UKK00000,EFUL,MAIF,0.1580213331033909
UKK00000,EFUL,OFAR,0.04500179703609934
UKK00000,EFUL,OSET,0.06894022878096336
UKK00000,EFUL,VSET,0.0691843175013789
UKK00000,EFUL,FALL,0.0
UKK00000,ELUB,SWHE,0.005108093085832259
UKK00000,ELUB,BARL,0.005108536361278481
UKK00000,ELUB,OATS,0.005868692820057462
UKK00000,ELUB,OCER,0.004130337307150194
UKK00000,ELUB,RAPE,0.00447458653404641
UKK00000,ELUB,PULS,0.005376621625854125
UKK00000,ELUB,POTA,0.008748615501449427
UKK00000,ELUB,MAIF,0.007359391230218912
UKK00000,ELUB,OFAR,0.007380298609677102
UKK00000,ELUB,OSET,0.001853589149431791
UKK00000,ELUB,VSET,0.001734141287521507
UKK00000,ELUB,FALL,0.0
UKK00000,INPO,SWHE,0.2004780794739597
UKK00000,INPO,BARL,0.1649107991046521
UKK00000,INPO,OATS,0.1299214168731091
UKK00000,INPO,OCER,0.08577251962264315
UKK00000,INPO,RAPE,0.1786657929516107
UKK00000,INPO,PULS,0.2332613897996029
UKK00000,INPO,POTA,1.297823703854959
UKK00000,INPO,MAIF,0.2074243804121678
UKK00000,INPO,OFAR,0.0008683850981849546
UKK00000,INPO,OSET,0.288944089902631
UKK00000,INPO,VSET,0.2866445630930364
UKK00000,INPO,FALL,0.0
UKL00000,SEED,SWHE,0.05688723665391529
UKL00000,SEED,BARL,0.03893426599926993
UKL00000,SEED,OATS,0.01689434875917557
UKL00000,SEED,RAPE,0.05302858537057426
UKL00000,SEED,PULS,0.04918273516801437
UKL00000,SEED,POTA,0.2253043311294752
UKL00000,SEED,MAIF,0.04901651015326798
UKL00000,SEED,OFAR,0.0008016581428661137
UKL00000,SEED,OSET,0.0001059710970916337
UKL00000,SEED,VSET,0.0
UKL00000,SEED,FALL,0.0
UKL00000,PLAP,SWHE,0.1599595929477104
UKL00000,PLAP,BARL,0.1391065860740705
UKL00000,PLAP,OATS,0.07901655864464716
UKL00000,PLAP,RAPE,0.1114418377468948
UKL00000,PLAP,PULS,0.07756990086388697
UKL00000,PLAP,POTA,0.4647911171363143
UKL00000,PLAP,MAIF,0.1026356189114626
UKL00000,PLAP,OFAR,0.002523521017455703
UKL00000,PLAP,OSET,9.933124868171135e-05
UKL00000,PLAP,VSET,0.0
UKL00000,PLAP,FALL,0.0
UKL00000,FERT,SWHE,2.360504225163451
UKL00000,FERT,BARL,1.583669925849881
UKL00000,FERT,OATS,5.725832285277153
UKL00000,FERT,RAPE,2.708737805513106
UKL00000,FERT,PULS,1.319240463710616
UKL00000,FERT,POTA,3.505185642702416
UKL00000,FERT,MAIF,2.537478946226982
UKL00000,FERT,OFAR,2.182527661004318
UKL00000,FERT,OSET,0.0004194618287509879
UKL00000,FERT,VSET,0.0
UKL00000,FERT,FALL,0.0
UKL00000,REPM,SWHE,0.04892120281084553
UKL00000,REPM,BARL,0.04388694992714359
UKL00000,REPM,OATS,0.02928170741127866
UKL00000,REPM,RAPE,0.04361710557213332
UKL00000,REPM,PULS,0.05038573424409376
UKL00000,REPM,POTA,0.2688027866513207
UKL00000,REPM,MAIF,0.05348698032453654
UKL00000,REPM,OFAR,0.0002881221677352195
UKL00000,REPM,OSET,0.1061000468604389
UKL00000,REPM,VSET,0.1062232746856187
UKL00000,REPM,FALL,0.0
UKL00000,REPB,SWHE,0.02275090733901999
UKL00000,REPB,BARL,0.01943845267716133
UKL00000,REPB,OATS,0.01470125678927829
UKL00000,REPB,RAPE,0.02009927231477313
UKL00000,REPB,PULS,0.02133661280877362
UKL00000,REPB,POTA,0.1216063848269506
UKL00000,REPB,MAIF,0.02102339391711899
UKL00000,REPB,OFAR,0.0001052442740876772
UKL00000,REPB,OSET,0.03458886432579739
UKL00000,REPB,VSET,0.03193427775006401
UKL00000,REPB,FALL,0.0
UKL00000,ELEC,SWHE,0.0006453202780655142
UKL00000,ELEC,BARL,0.0006528507395472267
UKL00000,ELEC,OATS,0.000703850186676307
UKL00000,ELEC,RAPE,0.0008670817334837835
UKL00000,ELEC,PULS,0.000972091960291848
UKL00000,ELEC,POTA,0.0009162731186518681
UKL00000,ELEC,MAIF,0.0009586825858287748
UKL00000,ELEC,OFAR,0.0002422342090718745
UKL00000,ELEC,OSET,0.0
UKL00000,ELEC,VSET,0.0
UKL00000,ELEC,FALL,0.0
UKL00000,EGAS,SWHE,0.0001043144616486454
UKL00000,EGAS,BARL,0.0001158684907289793
UKL00000,EGAS,OATS,0.0007658718875034306
UKL00000,EGAS,RAPE,0.0005033450984763898
UKL00000,EGAS,PULS,0.0
UKL00000,EGAS,POTA,0.0
UKL00000,EGAS,MAIF,0.0
UKL00000,EGAS,OFAR,0.0
UKL00000,EGAS,OSET,0.0
UKL00000,EGAS,VSET,0.0
UKL00000,EGAS,FALL,0.0
UKL00000,EFUL,SWHE,0.1068312241862855
UKL00000,EFUL,BARL,0.1114116368715953
UKL00000,EFUL,OATS,0.09297448717814284
UKL00000,EFUL,RAPE,0.1033072044409286
UKL00000,EFUL,PULS,0.122680336904495
UKL00000,EFUL,POTA,0.2610150507019483
UKL00000,EFUL,MAIF,0.1642339599416737
UKL00000,EFUL,OFAR,0.03899339663205112
UKL00000,EFUL,OSET,0.0691449380178754
UKL00000,EFUL,VSET,0.06918431745834133
UKL00000,EFUL,FALL,0.0
UKL00000,ELUB,SWHE,0.005063131055564675
UKL00000,ELUB,BARL,0.004986715634498513
UKL00000,ELUB,OATS,0.00401982731262647
UKL00000,ELUB,RAPE,0.004635092816817387
UKL00000,ELUB,PULS,0.005376621694845878
UKL00000,ELUB,POTA,0.008254054787590757
UKL00000,ELUB,MAIF,0.007611577624268832
UKL00000,ELUB,OFAR,0.006394299136553466
UKL00000,ELUB,OSET,0.001856765181869836
UKL00000,ELUB,VSET,0.001734141287801661
UKL00000,ELUB,FALL,0.0
UKL00000,INPO,SWHE,0.1975354862452352
UKL00000,INPO,BARL,0.1586015983306444
UKL00000,INPO,OATS,0.05517803290370255
UKL00000,INPO,RAPE,0.1874419482087217
UKL00000,INPO,PULS,0.233261400857356
UKL00000,INPO,POTA,1.173932280018236
UKL00000,INPO,MAIF,0.2220772943486751
UKL00000,INPO,OFAR,0.000684840395093587
UKL00000,INPO,OSET,0.2897128664942958
UKL00000,INPO,VSET,0.2866445630928949
UKL00000,INPO,FALL,0.0
UKM00000,SEED,SWHE,0.06367202214177921
UKM00000,SEED,BARL,0.0420031590277149
UKM00000,SEED,OATS,0.02489010084483953
UKM00000,SEED,OCER,0.0215612290587689
UKM00000,SEED,RAPE,0.05487488098380686
UKM00000,SEED,PULS,0.04918273175330065
UKM00000,SEED,POTA,0.2653744915930834
UKM00000,SEED,OFAR,0.0005588916093143534
UKM00000,SEED,OSET,0.0
UKM00000,SEED,VSET,0.0
UKM00000,SEED,FALL,0.0
UKM00000,PLAP,SWHE,0.1715339187984696
UKM00000,PLAP,BARL,0.1455892770393543
UKM00000,PLAP,OATS,0.09697291633740673
UKM00000,PLAP,OCER,0.0636430455673503
UKM00000,PLAP,RAPE,0.1142139342132601
UKM00000,PLAP,PULS,0.07756989298322645
UKM00000,PLAP,POTA,0.5129485160665537
UKM00000,PLAP,OFAR,0.002079884947886495
UKM00000,PLAP,OSET,0.0
UKM00000,PLAP,VSET,0.0
UKM00000,PLAP,FALL,0.0
UKM00000,FERT,SWHE,2.72172058627313
UKM00000,FERT,BARL,1.74966538735412
UKM00000,FERT,OATS,7.94591337281396
UKM00000,FERT,OCER,6.576152695975698
UKM00000,FERT,RAPE,2.875855579033867
UKM00000,FERT,PULS,1.334992062464589
UKM00000,FERT,POTA,4.17285909549331
UKM00000,FERT,OFAR,1.369169852274451
UKM00000,FERT,OSET,0.0
UKM00000,FERT,VSET,0.0
UKM00000,FERT,FALL,0.0
UKM00000,REPM,SWHE,0.05024395042455292
UKM00000,REPM,BARL,0.04469087673710433
UKM00000,REPM,OATS,0.03320935817560365
UKM00000,REPM,OCER,0.04295946015997746
UKM00000,REPM,RAPE,0.04393197073480877
UKM00000,REPM,PULS,0.05038573366221379
UKM00000,REPM,POTA,0.2791986071354751
UKM00000,REPM,OFAR,0.0002692380706437681
UKM00000,REPM,OSET,0.1064427807663232
UKM00000,REPM,VSET,0.1062232746821815
UKM00000,REPM,FALL,0.0
UKM00000,REPB,SWHE,0.02337926759540517
UKM00000,REPB,BARL,0.0197896031964777
UKM00000,REPB,OATS,0.01746371791343304
UKM00000,REPB,OCER,0.01840034295183492
UKM00000,REPB,RAPE,0.02028623923937003
UKM00000,REPB,PULS,0.0213366126024299
UKM00000,REPB,POTA,0.1263931034708729
UKM00000,REPB,OFAR,9.834875271244717e-05
UKM00000,REPB,OSET,0.034694381166746
UKM00000,REPB,VSET,0.03193427775307554
UKM00000,REPB,FALL,0.0
UKM00000,ELEC,SWHE,0.0006721226438425224
UKM00000,ELEC,BARL,0.0006710001601147327
UKM00000,ELEC,OATS,0.0008374838960717692
UKM00000,ELEC,OCER,0.0007579606376768841
UKM00000,ELEC,RAPE,0.0008801556765551993
UKM00000,ELEC,PULS,0.0009720919379074195
UKM00000,ELEC,POTA,0.0009709147261291126
UKM00000,ELEC,OFAR,0.0002178837069598229
UKM00000,ELEC,OSET,0.0
UKM00000,ELEC,VSET,0.0
UKM00000,ELEC,FALL,0.0
UKM00000,EGAS,SWHE,0.0001213595943675457
UKM00000,EGAS,BARL,0.0001066181474943757
UKM00000,EGAS,OATS,0.000871783107089838
UKM00000,EGAS,OCER,0.001473207499577662
UKM00000,EGAS,RAPE,0.0005177528817315372
UKM00000,EGAS,PULS,0.0
UKM00000,EGAS,POTA,0.0
UKM00000,EGAS,OFAR,0.0
UKM00000,EGAS,OSET,0.0
UKM00000,EGAS,VSET,0.0
UKM00000,EGAS,FALL,0.0
UKM00000,EFUL,SWHE,0.1113003632052455
UKM00000,EFUL,BARL,0.1144551705558192
UKM00000,EFUL,OATS,0.09217193644134275
UKM00000,EFUL,OCER,0.05836772129664232
UKM00000,EFUL,RAPE,0.1049780084020889
UKM00000,EFUL,PULS,0.1226803395061461
UKM00000,EFUL,POTA,0.2772410466077272
UKM00000,EFUL,OFAR,0.03507188421942452
UKM00000,EFUL,OSET,0.06936476340831556
UKM00000,EFUL,VSET,0.06918431760137375
UKM00000,EFUL,FALL,0.0
UKM00000,ELUB,SWHE,0.005271153416035542
UKM00000,ELUB,BARL,0.005127942371659081
UKM00000,ELUB,OATS,0.00470331825511444
UKM00000,ELUB,OCER,0.003924146296856857
UKM00000,ELUB,RAPE,0.004692147799019369
UKM00000,ELUB,PULS,0.00537662161121643
UKM00000,ELUB,POTA,0.008737955848681186
UKM00000,ELUB,OFAR,0.005750929457092672
UKM00000,ELUB,OSET,0.001860175722458889
UKM00000,ELUB,VSET,0.001734141287363794
UKM00000,ELUB,FALL,0.0
UKM00000,INPO,SWHE,0.2117004035406702
UKM00000,INPO,BARL,0.1660391586508016
UKM00000,INPO,OATS,0.0819248921112241
UKM00000,INPO,OCER,0.06207149531697231
UKM00000,INPO,RAPE,0.1932927693955637
UKM00000,INPO,PULS,0.2332613871223866
UKM00000,INPO,POTA,1.296536422345872
UKM00000,INPO,OFAR,0.0005643894934641222
UKM00000,INPO,OSET,0.2905384111356989
UKM00000,INPO,VSET,0.2866445631064428
UKM00000,INPO,FALL,0.0
UKN00000,SEED,SWHE,0.05770491038492936
UKN00000,SEED,BARL,0.03815264692785457
UKN00000,SEED,OATS,0.0224342345075479
UKN00000,SEED,POTA,0.2350744763697273
UKN00000,SEED,OFAR,0.0009536233388746755
UKN00000,SEED,OSET,0.0
UKN00000,SEED,VSET,0.0
UKN00000,SEED,FALL,0.0
UKN00000,PLAP,SWHE,0.1615031144863929
UKN00000,PLAP,BARL,0.1373062846400559
UKN00000,PLAP,OATS,0.08372264879704851
UKN00000,PLAP,POTA,0.4767221641316641
UKN00000,PLAP,OFAR,0.00280185577436775
UKN00000,PLAP,OSET,0.0
UKN00000,PLAP,VSET,0.0
UKN00000,PLAP,FALL,0.0
UKN00000,FERT,SWHE,2.457975083474268
UKN00000,FERT,BARL,1.576774086233864
UKN00000,FERT,OATS,7.828300305927137
UKN00000,FERT,POTA,3.777596528234393
UKN00000,FERT,OFAR,2.793555530776036
UKN00000,FERT,OSET,0.0
UKN00000,FERT,VSET,0.0
UKN00000,FERT,FALL,0.0
UKN00000,REPM,SWHE,0.04905459779734884
UKN00000,REPM,BARL,0.04369841880964818
UKN00000,REPM,OATS,0.03426105829784335
UKN00000,REPM,POTA,0.2716196628298602
UKN00000,REPM,OFAR,0.0003000371929527413
UKN00000,REPM,OSET,0.1064427808381523
UKN00000,REPM,FALL,0.0
UKN00000,REPB,SWHE,0.02282792697455272
UKN00000,REPB,BARL,0.0193467264233594
UKN00000,REPB,OATS,0.01808303999063373
UKN00000,REPB,POTA,0.1227575361094859
UKN00000,REPB,OFAR,0.0001095813738864592
UKN00000,REPB,OSET,0.03469438127126127
UKN00000,REPB,FALL,0.0
UKN00000,ELEC,SWHE,0.0006482786882043455
UKN00000,ELEC,BARL,0.0006485186083220471
UKN00000,ELEC,OATS,0.0008886198248078694
UKN00000,ELEC,POTA,0.0009301542845877225
UKN00000,ELEC,OFAR,0.0002575396345990658
UKN00000,ELEC,OSET,0.0
UKN00000,ELEC,VSET,0.0
UKN00000,ELEC,FALL,0.0
UKN00000,EGAS,SWHE,0.0001171025636026398
UKN00000,EGAS,BARL,0.0001030788009341685
UKN00000,EGAS,OATS,0.0009029552886114379
UKN00000,EGAS,POTA,0.0
UKN00000,EGAS,OFAR,0.0
UKN00000,EGAS,OSET,0.0
UKN00000,EGAS,VSET,0.0
UKN00000,EGAS,FALL,0.0
UKN00000,EFUL,SWHE,0.1074525763003284
UKN00000,EFUL,BARL,0.1105970468029208
UKN00000,EFUL,OATS,0.1062219465458222
UKN00000,EFUL,POTA,0.2645401168817346
UKN00000,EFUL,OFAR,0.04146648512116767
UKN00000,EFUL,OSET,0.06936476340886093
UKN00000,EFUL,FALL,0.0
UKN00000,ELUB,SWHE,0.00508400702258264
UKN00000,ELUB,BARL,0.004957935022581824
UKN00000,ELUB,OATS,0.004870803024411568
UKN00000,ELUB,POTA,0.008393503805789522
UKN00000,ELUB,OFAR,0.006800591226416897
UKN00000,ELUB,OSET,0.001860175192849142
UKN00000,ELUB,FALL,0.0
UKN00000,INPO,SWHE,0.1992955624182804
UKN00000,INPO,BARL,0.1566152089327434
UKN00000,INPO,OATS,0.08821299389468196
UKN00000,INPO,POTA,1.203656797769767
UKN00000,INPO,OFAR,0.0007606353497214788
UKN00000,INPO,OSET,0.2905384111605491
UKN00000,INPO,FALL,0.0
CZ020000,SEED,SWHE,0.02595536687638256
CZ020000,SEED,RYEM,0.01654842500185046
CZ020000,SEED,BARL,0.02143406394921653
CZ020000,SEED,OATS,0.0133279679218723
CZ020000,SEED,MAIZ,0.03725273319312646
CZ020000,SEED,OCER,0.004329782186143979
CZ020000,SEED,RAPE,0.03368229379321788
CZ020000,SEED,SUNF,0.03015079399253492
CZ020000,SEED,PULS,0.0189794487899564
CZ020000,SEED,POTA,0.09773653466620116
CZ020000,SEED,SUGB,0.09838883550133384
CZ020000,SEED,MAIF,0.01866830606598837
CZ020000,SEED,OFAR,0.0152608439013425
CZ020000,SEED,VSET,0.0
CZ020000,SEED,FALL,0.0
CZ020000,PLAP,SWHE,0.04512947156140622
CZ020000,PLAP,RYEM,0.02693357419574216
CZ020000,PLAP,BARL,0.02934027895226081
CZ020000,PLAP,OATS,0.02702972520380821
CZ020000,PLAP,MAIZ,0.06531827823777718
CZ020000,PLAP,OCER,0.007451000080492282
CZ020000,PLAP,RAPE,0.06200739111044656
CZ020000,PLAP,SUNF,0.04968266234339182
CZ020000,PLAP,PULS,0.01192469507509709
CZ020000,PLAP,POTA,0.2371244853627857
CZ020000,PLAP,SUGB,0.1843878976049031
CZ020000,PLAP,MAIF,0.03672974378638665
CZ020000,PLAP,OFAR,0.01272476799759369
CZ020000,PLAP,VSET,0.0
CZ020000,PLAP,FALL,0.0
CZ020000,FERT,SWHE,1.474695680884259
CZ020000,FERT,RYEM,1.075259735008515
CZ020000,FERT,BARL,1.183657421876962
CZ020000,FERT,OATS,0.9236230678702856
CZ020000,FERT,MAIZ,1.632874140136569
CZ020000,FERT,OCER,0.5159503085527666
CZ020000,FERT,RAPE,1.623963708697363
CZ020000,FERT,SUNF,1.261484029728747
CZ020000,FERT,PULS,0.5935283765545736
CZ020000,FERT,POTA,1.283683076456978
CZ020000,FERT,SUGB,2.569790825957501
CZ020000,FERT,MAIF,1.673524321593909
CZ020000,FERT,OFAR,0.6228169294451728
CZ020000,FERT,VSET,0.0
CZ020000,FERT,FALL,0.0
CZ020000,REPM,SWHE,0.03065339219288226
CZ020000,REPM,RYEM,0.02528760134269693
CZ020000,REPM,BARL,0.03133474397610343
CZ020000,REPM,OATS,0.01997344384818154
CZ020000,REPM,MAIZ,0.05388950191311429
CZ020000,REPM,OCER,0.008723420419918464
CZ020000,REPM,RAPE,0.03607112175384961
CZ020000,REPM,SUNF,0.0367868726600125
CZ020000,REPM,PULS,0.01845685291097753
CZ020000,REPM,POTA,0.2059946988426323
CZ020000,REPM,SUGB,0.1080785988389323
CZ020000,REPM,MAIF,0.03025654115063656
CZ020000,REPM,OFAR,0.01316652340736976
CZ020000,REPM,FALL,0.0
CZ020000,REPB,SWHE,0.02697673109613385
CZ020000,REPB,RYEM,0.02071781803931321
CZ020000,REPB,BARL,0.02537983561243122
CZ020000,REPB,OATS,0.01610345682615299
CZ020000,REPB,MAIZ,0.04211477255812716
CZ020000,REPB,OCER,0.004164311775175747
CZ020000,REPB,RAPE,0.03334646636328566
CZ020000,REPB,SUNF,0.03217001101781528
CZ020000,REPB,PULS,0.01833783448502001
CZ020000,REPB,POTA,0.1568588673295924
CZ020000,REPB,SUGB,0.1065937603585911
CZ020000,REPB,MAIF,0.02546456472096837
CZ020000,REPB,OFAR,0.01432025912593616
CZ020000,REPB,FALL,0.0
CZ020000,ELEC,SWHE,0.004251035396479322
CZ020000,ELEC,RYEM,0.00288757616110805
CZ020000,ELEC,BARL,0.004272769316259318
CZ020000,ELEC,OATS,0.004198383135733076
CZ020000,ELEC,MAIZ,0.00426679738847424
CZ020000,ELEC,OCER,0.00345284182358864
CZ020000,ELEC,RAPE,0.004296061802608766
CZ020000,ELEC,SUNF,0.002814456918434986
CZ020000,ELEC,PULS,0.004100585028551849
CZ020000,ELEC,POTA,0.00415319348932988
CZ020000,ELEC,SUGB,0.004192685351756453
CZ020000,ELEC,MAIF,0.004261055656740227
CZ020000,ELEC,OFAR,0.004693633573706474
CZ020000,ELEC,VSET,0.0
CZ020000,ELEC,FALL,0.0
CZ020000,EGAS,SWHE,3.127991225071791e-05
CZ020000,EGAS,RYEM,3.366744247287496e-05
CZ020000,EGAS,BARL,3.107219258315997e-05
CZ020000,EGAS,OATS,3.219463791102057e-05
CZ020000,EGAS,MAIZ,3.120647919883506e-05
CZ020000,EGAS,OCER,5.816572235720859e-05
CZ020000,EGAS,RAPE,3.118027177552365e-05
CZ020000,EGAS,SUNF,0.0001188459613419435
CZ020000,EGAS,PULS,0.0
CZ020000,EGAS,POTA,0.0
CZ020000,EGAS,SUGB,0.0
CZ020000,EGAS,MAIF,0.0
CZ020000,EGAS,OFAR,0.0
CZ020000,EGAS,VSET,0.0
CZ020000,EGAS,FALL,0.0
CZ020000,EFUL,SWHE,0.02486578940685743
CZ020000,EFUL,RYEM,0.02575559365041867
CZ020000,EFUL,BARL,0.0247877256349999
CZ020000,EFUL,OATS,0.02836416622199142
CZ020000,EFUL,MAIZ,0.02474764783635769
CZ020000,EFUL,OCER,0.03548274084295223
CZ020000,EFUL,RAPE,0.02266038269507628
CZ020000,EFUL,SUNF,0.02311943496305461
CZ020000,EFUL,PULS,0.02684376742589501
CZ020000,EFUL,POTA,0.04090996270290366
CZ020000,EFUL,SUGB,0.03061306301194605
CZ020000,EFUL,MAIF,0.03127114516653794
CZ020000,EFUL,OFAR,0.05770851473879984
CZ020000,EFUL,FALL,0.0
CZ020000,ELUB,SWHE,0.001182052773424953
CZ020000,ELUB,RYEM,0.001194496470816026
CZ020000,ELUB,BARL,0.001202343723706915
CZ020000,ELUB,OATS,0.001220733570526483
CZ020000,ELUB,MAIZ,0.001214095653877578
CZ020000,ELUB,OCER,0.001021935712044469
CZ020000,ELUB,RAPE,0.001058950868721893
CZ020000,ELUB,SUNF,0.001067440135630176
CZ020000,ELUB,PULS,0.001255565766665907
CZ020000,ELUB,POTA,0.001826624353380378
CZ020000,ELUB,SUGB,0.001562039621309008
CZ020000,ELUB,MAIF,0.001739854900891046
CZ020000,ELUB,OFAR,0.0009716176055599926
CZ020000,ELUB,FALL,0.0
CZ020000,INPO,SWHE,0.04999646411464388
CZ020000,INPO,RYEM,0.02687806608311286
CZ020000,INPO,BARL,0.04952736932475608
CZ020000,INPO,OATS,0.0358940661736647
CZ020000,INPO,MAIZ,0.09937779012751229
CZ020000,INPO,OCER,0.006034361335690169
CZ020000,INPO,RAPE,0.08741118125589586
CZ020000,INPO,SUNF,0.08487059835925453
CZ020000,INPO,PULS,0.04166588038131355
CZ020000,INPO,POTA,0.4021038879604961
CZ020000,INPO,SUGB,0.2224122201542403
CZ020000,INPO,MAIF,0.03964020141464183
CZ020000,INPO,OFAR,0.03359007281071683
CZ020000,INPO,FALL,0.0
CZ030000,SEED,SWHE,0.02455784165369881
CZ030000,SEED,RYEM,0.01624499095649542
CZ030000,SEED,BARL,0.02021902520238441
CZ030000,SEED,OATS,0.01332796786922396
CZ030000,SEED,MAIZ,0.04551837887698272
CZ030000,SEED,OCER,0.00415746325011161
CZ030000,SEED,RAPE,0.03385909624126725
CZ030000,SEED,PULS,0.01792278406280163
CZ030000,SEED,POTA,0.1026837807219417
CZ030000,SEED,MAIF,0.01952323821778845
CZ030000,SEED,OFAR,0.01486719786017096
CZ030000,SEED,VSET,0.0
CZ030000,SEED,FALL,0.0
CZ030000,PLAP,SWHE,0.0436026711125712
CZ030000,PLAP,RYEM,0.02644622199661891
CZ030000,PLAP,BARL,0.02830399608676555
CZ030000,PLAP,OATS,0.02702972041151853
CZ030000,PLAP,MAIZ,0.07441430307038385
CZ030000,PLAP,OCER,0.007428094442014622
CZ030000,PLAP,RAPE,0.06223530317619282
CZ030000,PLAP,PULS,0.01151073760104408
CZ030000,PLAP,POTA,0.2445029661178252
CZ030000,PLAP,MAIF,0.03771919356919093
CZ030000,PLAP,OFAR,0.0125182089393639
CZ030000,PLAP,VSET,0.0
CZ030000,PLAP,FALL,0.0
CZ030000,FERT,SWHE,1.441817255583509
CZ030000,FERT,RYEM,1.126550851226058
CZ030000,FERT,BARL,1.149003249371249
CZ030000,FERT,OATS,0.9828870092469418
CZ030000,FERT,MAIZ,2.127451722321941
CZ030000,FERT,OCER,0.3318776998087407
CZ030000,FERT,RAPE,1.709466525440552
CZ030000,FERT,PULS,0.6012732575203317
CZ030000,FERT,POTA,1.437498068048316
CZ030000,FERT,MAIF,1.847363502174346
CZ030000,FERT,OFAR,0.6529440248733953
CZ030000,FERT,VSET,0.0
CZ030000,FERT,FALL,0.0
CZ030000,REPM,SWHE,0.03023499040782761
CZ030000,REPM,RYEM,0.02482317601676995
CZ030000,REPM,BARL,0.03089234151184744
CZ030000,REPM,OATS,0.01997344387571882
CZ030000,REPM,MAIZ,0.05673238150322839
CZ030000,REPM,OCER,0.008601476320250049
CZ030000,REPM,RAPE,0.03612982282825537
CZ030000,REPM,PULS,0.01818215682489203
CZ030000,REPM,POTA,0.208544884918073
CZ030000,REPM,MAIF,0.03057364687172526
CZ030000,REPM,OFAR,0.01305840304139054
CZ030000,REPM,FALL,0.0
CZ030000,REPB,SWHE,0.02660911011671082
CZ030000,REPB,RYEM,0.02034024612125085
CZ030000,REPB,BARL,0.02502058286663454
CZ030000,REPB,OATS,0.01610345639572018
CZ030000,REPB,MAIZ,0.04439296110638583
CZ030000,REPB,OCER,0.004167107682591579
CZ030000,REPB,RAPE,0.03339368217026301
CZ030000,REPB,PULS,0.0180789821831938
CZ030000,REPB,POTA,0.1587969289122273
CZ030000,REPB,MAIF,0.02573741697541469
CZ030000,REPB,OFAR,0.01421633982086857
CZ030000,REPB,FALL,0.0
CZ030000,ELEC,SWHE,0.004164211022781931
CZ030000,ELEC,RYEM,0.00283547225200558
CZ030000,ELEC,BARL,0.004181896017751335
CZ030000,ELEC,OATS,0.004198390216569169
CZ030000,ELEC,MAIZ,0.004604178099781012
CZ030000,ELEC,OCER,0.003413429911325857
CZ030000,ELEC,RAPE,0.004305701260795759
CZ030000,ELEC,PULS,0.004011949426359488
CZ030000,ELEC,POTA,0.004230235497375529
CZ030000,ELEC,MAIF,0.004329229760281073
CZ030000,ELEC,OFAR,0.004642427581442757
CZ030000,ELEC,VSET,0.0
CZ030000,ELEC,FALL,0.0
CZ030000,EGAS,SWHE,3.06432540125476e-05
CZ030000,EGAS,RYEM,3.304329684296732e-05
CZ030000,EGAS,BARL,3.041482976912079e-05
CZ030000,EGAS,OATS,3.219463781260488e-05
CZ030000,EGAS,MAIZ,3.386670370835909e-05
CZ030000,EGAS,OCER,5.395896537322598e-05
CZ030000,EGAS,RAPE,3.12379481040184e-05
CZ030000,EGAS,PULS,0.0
CZ030000,EGAS,POTA,0.0
CZ030000,EGAS,MAIF,0.0
CZ030000,EGAS,OFAR,0.0
CZ030000,EGAS,VSET,0.0
CZ030000,EGAS,FALL,0.0
CZ030000,EFUL,SWHE,0.02435926387826975
CZ030000,EFUL,RYEM,0.02528308134250257
CZ030000,EFUL,BARL,0.02426271054323767
CZ030000,EFUL,OATS,0.02836416610864576
CZ030000,EFUL,MAIZ,0.02681950589919816
CZ030000,EFUL,OCER,0.0349417555990333
CZ030000,EFUL,RAPE,0.02270438463523837
CZ030000,EFUL,PULS,0.02629222295128949
CZ030000,EFUL,POTA,0.04167250020523609
CZ030000,EFUL,MAIF,0.0317895080399762
CZ030000,EFUL,OFAR,0.05708508623563213
CZ030000,EFUL,FALL,0.0
CZ030000,ELUB,SWHE,0.001157962527951822
CZ030000,ELUB,RYEM,0.001172679169627221
CZ030000,ELUB,BARL,0.001176851595383847
CZ030000,ELUB,OATS,0.001220733569094079
CZ030000,ELUB,MAIZ,0.001314624041203767
CZ030000,ELUB,OCER,0.001010519263057649
CZ030000,ELUB,RAPE,0.001061106809442031
CZ030000,ELUB,PULS,0.001229497720484328
CZ030000,ELUB,POTA,0.001860625174399926
CZ030000,ELUB,MAIF,0.001768638139398862
CZ030000,ELUB,OFAR,0.0009617579983285383
CZ030000,ELUB,FALL,0.0
CZ030000,INPO,SWHE,0.04830600576075181
CZ030000,INPO,RYEM,0.02638889620487445
CZ030000,INPO,BARL,0.04777704443840579
CZ030000,INPO,OATS,0.03589406605763375
CZ030000,INPO,MAIZ,0.1131399900192489
CZ030000,INPO,OCER,0.006089942551728147
CZ030000,INPO,RAPE,0.08774290371579797
CZ030000,INPO,PULS,0.04014820876984519
CZ030000,INPO,POTA,0.4146433375387524
CZ030000,INPO,MAIF,0.04073158818462952
CZ030000,INPO,OFAR,0.03299159343791984
CZ030000,INPO,FALL,0.0
CZ040000,SEED,SWHE,0.02416673601785248
CZ040000,SEED,RYEM,0.01428480739496723
CZ040000,SEED,BARL,0.02062626840127777
CZ040000,SEED,OATS,0.01332796805516431
CZ040000,SEED,MAIZ,0.03746726396572787
CZ040000,SEED,OCER,0.005793552516344463
CZ040000,SEED,RAPE,0.0301945032395609
CZ040000,SEED,SUNF,0.02969136562654637
CZ040000,SEED,PULS,0.01685325315088766
CZ040000,SEED,POTA,0.08424355013164933
CZ040000,SEED,SUGB,0.0963525723263112
CZ040000,SEED,MAIF,0.01650497808486248
CZ040000,SEED,OFAR,0.01176131953828692
CZ040000,SEED,VSET,0.0
CZ040000,SEED,FALL,0.0
CZ040000,PLAP,SWHE,0.04317606592769244
CZ040000,PLAP,RYEM,0.02324456142766006
CZ040000,PLAP,BARL,0.02864038887784704
CZ040000,PLAP,OATS,0.0270297210958519
CZ040000,PLAP,MAIZ,0.06556104539118834
CZ040000,PLAP,OCER,0.01182253335711358
CZ040000,PLAP,RAPE,0.05803460404985345
CZ040000,PLAP,SUNF,0.04923868820481597
CZ040000,PLAP,PULS,0.01109398886877476
CZ040000,PLAP,POTA,0.2167821190697281
CZ040000,PLAP,SUGB,0.1820523646787023
CZ040000,PLAP,MAIF,0.03413368203489864
CZ040000,PLAP,OFAR,0.01085007970166285
CZ040000,PLAP,VSET,0.0
CZ040000,PLAP,FALL,0.0
CZ040000,FERT,SWHE,1.493000512237465
CZ040000,FERT,RYEM,0.9972886527521859
CZ040000,FERT,BARL,1.237799214343648
CZ040000,FERT,OATS,0.9920566733420467
CZ040000,FERT,MAIZ,1.755423336962434
CZ040000,FERT,OCER,0.2306650068299392
CZ040000,FERT,RAPE,1.53006075803629
CZ040000,FERT,SUNF,1.326988544908852
CZ040000,FERT,PULS,0.5543313590879209
CZ040000,FERT,POTA,1.147737865461671
CZ040000,FERT,SUGB,2.659791030137847
CZ040000,FERT,MAIF,1.532805984123837
CZ040000,FERT,OFAR,0.5066419219101178
CZ040000,FERT,VSET,0.0
CZ040000,FERT,FALL,0.0
CZ040000,REPM,SWHE,0.0301129552889511
CZ040000,REPM,RYEM,0.02182916398206394
CZ040000,REPM,BARL,0.03103937772514532
CZ040000,REPM,OATS,0.01997344395717764
CZ040000,REPM,MAIZ,0.05388406224214692
CZ040000,REPM,OCER,0.005931605362464922
CZ040000,REPM,RAPE,0.03515610135150683
CZ040000,REPM,SUNF,0.03666342826978221
CZ040000,REPM,PULS,0.01792329978432543
CZ040000,REPM,POTA,0.1990283318128736
CZ040000,REPM,SUGB,0.1075397149683819
CZ040000,REPM,MAIF,0.02941825092299281
CZ040000,REPM,OFAR,0.01241716799155965
CZ040000,REPM,FALL,0.0
CZ040000,REPB,SWHE,0.0265042268238862
CZ040000,REPB,RYEM,0.01788213511001016
CZ040000,REPB,BARL,0.02514804563726178
CZ040000,REPB,OATS,0.0161034566681119
CZ040000,REPB,MAIZ,0.04214046764869585
CZ040000,REPB,OCER,0.005482684096364617
CZ040000,REPB,RAPE,0.03249142581376192
CZ040000,REPB,SUNF,0.03205850186365708
CZ040000,REPB,PULS,0.01782384477024843
CZ040000,REPB,POTA,0.1515452127880909
CZ040000,REPB,SUGB,0.1060620859650466
CZ040000,REPB,MAIF,0.02475788590637935
CZ040000,REPB,OFAR,0.01347267874801391
CZ040000,REPB,FALL,0.0
CZ040000,ELEC,SWHE,0.004139088733415969
CZ040000,ELEC,RYEM,0.002491975674883936
CZ040000,ELEC,BARL,0.004215379065332253
CZ040000,ELEC,OATS,0.004198391570289262
CZ040000,ELEC,MAIZ,0.004266346458690627
CZ040000,ELEC,OCER,0.004256715771292949
CZ040000,ELEC,RAPE,0.004131400477746741
CZ040000,ELEC,SUNF,0.002799419801007601
CZ040000,ELEC,PULS,0.003925906421700847
CZ040000,ELEC,POTA,0.0039409719191292
CZ040000,ELEC,SUGB,0.004161229049884221
CZ040000,ELEC,MAIF,0.004082664034425322
CZ040000,ELEC,OFAR,0.004281698092556784
CZ040000,ELEC,VSET,0.0
CZ040000,ELEC,FALL,0.0
CZ040000,EGAS,SWHE,3.046764877942938e-05
CZ040000,EGAS,RYEM,2.906707231778353e-05
CZ040000,EGAS,BARL,3.062429562443087e-05
CZ040000,EGAS,OATS,3.219463799979922e-05
CZ040000,EGAS,MAIZ,3.129918646817963e-05
CZ040000,EGAS,OCER,7.545736726255754e-05
CZ040000,EGAS,RAPE,2.996736874259917e-05
CZ040000,EGAS,SUNF,0.0001182208064843306
CZ040000,EGAS,PULS,0.0
CZ040000,EGAS,POTA,0.0
CZ040000,EGAS,SUGB,0.0
CZ040000,EGAS,MAIF,0.0
CZ040000,EGAS,OFAR,0.0
CZ040000,EGAS,VSET,0.0
CZ040000,EGAS,FALL,0.0
CZ040000,EFUL,SWHE,0.02421790851218704
CZ040000,EFUL,RYEM,0.02223265217698342
CZ040000,EFUL,BARL,0.024436807581801
CZ040000,EFUL,OATS,0.02836416619445189
CZ040000,EFUL,MAIZ,0.02480158378038601
CZ040000,EFUL,OCER,0.03923138186637933
CZ040000,EFUL,RAPE,0.02178165218054718
CZ040000,EFUL,SUNF,0.0229922121672919
CZ040000,EFUL,PULS,0.02573272359483194
CZ040000,EFUL,POTA,0.03882834317967431
CZ040000,EFUL,SUGB,0.03038237511252077
CZ040000,EFUL,MAIF,0.02995854986233695
CZ040000,EFUL,OFAR,0.05262719408883137
CZ040000,EFUL,FALL,0.0
CZ040000,ELUB,SWHE,0.001151194623639935
CZ040000,ELUB,RYEM,0.001031041445661196
CZ040000,ELUB,BARL,0.001185477586798677
CZ040000,ELUB,OATS,0.001220733576774029
CZ040000,ELUB,MAIZ,0.001216237577017008
CZ040000,ELUB,OCER,0.001167162190142775
CZ040000,ELUB,RAPE,0.00101803933258122
CZ040000,ELUB,SUNF,0.00106167769672598
CZ040000,ELUB,PULS,0.001203300675373178
CZ040000,ELUB,POTA,0.001733565591574481
CZ040000,ELUB,SUGB,0.001550281300648422
CZ040000,ELUB,MAIF,0.001666831752122953
CZ040000,ELUB,OFAR,0.0008849255689912649
CZ040000,ELUB,FALL,0.0
CZ040000,INPO,SWHE,0.04783782682887808
CZ040000,INPO,RYEM,0.02319875476587834
CZ040000,INPO,BARL,0.04835364058433059
CZ040000,INPO,OATS,0.03589406669822236
CZ040000,INPO,MAIZ,0.0997084121075053
CZ040000,INPO,OCER,0.01049853844734018
CZ040000,INPO,RAPE,0.08182592853486997
CZ040000,INPO,SUNF,0.08412480332269964
CZ040000,INPO,PULS,0.03868279848551126
CZ040000,INPO,POTA,0.3676621701913851
CZ040000,INPO,SUGB,0.2195877366286009
CZ040000,INPO,MAIF,0.03683337556445666
CZ040000,INPO,OFAR,0.02875784304335562
CZ040000,INPO,FALL,0.0
CZ050000,SEED,SWHE,0.02614140368279869
CZ050000,SEED,RYEM,0.01585408592196655
CZ050000,SEED,BARL,0.02203291441048053
CZ050000,SEED,OATS,0.01332796782548695
CZ050000,SEED,MAIZ,0.04318807236046471
CZ050000,SEED,OCER,0.004301713234172503
CZ050000,SEED,RAPE,0.03457124364514166
CZ050000,SEED,SUNF,0.02950173625948064
CZ050000,SEED,PULS,0.02062230288903138
CZ050000,SEED,POTA,0.1044815852583339
CZ050000,SEED,SUGB,0.104289257403179
CZ050000,SEED,MAIF,0.02081630043238997
CZ050000,SEED,OFAR,0.01386936571750531
CZ050000,SEED,VSET,0.0
CZ050000,SEED,FALL,0.0
CZ050000,PLAP,SWHE,0.04533398579307317
CZ050000,PLAP,RYEM,0.02579814780011709
CZ050000,PLAP,BARL,0.02985295999895272
CZ050000,PLAP,OATS,0.0270297216024224
CZ050000,PLAP,MAIZ,0.07185033685762968
CZ050000,PLAP,OCER,0.009770692521367141
CZ050000,PLAP,RAPE,0.06305124833459097
CZ050000,PLAP,SUNF,0.04909128081664944
CZ050000,PLAP,PULS,0.01256276087626199
CZ050000,PLAP,POTA,0.2473280864097691
CZ050000,PLAP,SUGB,0.1911820510756653
CZ050000,PLAP,MAIF,0.03927393315790102
CZ050000,PLAP,OFAR,0.01198700177670284
CZ050000,PLAP,VSET,0.0
CZ050000,PLAP,FALL,0.0
CZ050000,FERT,SWHE,1.571969715444945
CZ050000,FERT,RYEM,1.134848562783158
CZ050000,FERT,BARL,1.285385447174643
CZ050000,FERT,OATS,1.00025006018416
CZ050000,FERT,MAIZ,2.037948279306424
CZ050000,FERT,OCER,0.4537156828863118
CZ050000,FERT,RAPE,1.779384504731872
CZ050000,FERT,SUNF,1.319809893692504
CZ050000,FERT,PULS,0.7080816349312808
CZ050000,FERT,POTA,1.493037590658365
CZ050000,FERT,SUGB,2.917469224487646
CZ050000,FERT,MAIF,2.021864810630978
CZ050000,FERT,OFAR,0.6160176838244564
CZ050000,FERT,VSET,0.0
CZ050000,FERT,FALL,0.0
CZ050000,REPM,SWHE,0.03070038860440734
CZ050000,REPM,RYEM,0.02422730710691001
CZ050000,REPM,BARL,0.03155312600058167
CZ050000,REPM,OATS,0.01997344379736042
CZ050000,REPM,MAIZ,0.05590340954376376
CZ050000,REPM,OCER,0.007845348528697487
CZ050000,REPM,RAPE,0.03631872644871808
CZ050000,REPM,SUNF,0.03663123669707114
CZ050000,REPM,PULS,0.01883365893319844
CZ050000,REPM,POTA,0.2094802332986168
CZ050000,REPM,SUGB,0.1096412446856933
CZ050000,REPM,MAIF,0.03107565297582981
CZ050000,REPM,OFAR,0.01282543337707434
CZ050000,REPM,FALL,0.0
CZ050000,REPB,SWHE,0.02702217473161937
CZ050000,REPB,RYEM,0.0198466025987684
CZ050000,REPB,BARL,0.02555564174852647
CZ050000,REPB,OATS,0.01610345772483682
CZ050000,REPB,MAIZ,0.04373836755839672
CZ050000,REPB,OCER,0.004672343972304253
CZ050000,REPB,RAPE,0.03356928591192816
CZ050000,REPB,SUNF,0.03201909308696411
CZ050000,REPB,PULS,0.0187225031964152
CZ050000,REPB,POTA,0.1595215617322943
CZ050000,REPB,SUGB,0.1081336034981486
CZ050000,REPB,MAIF,0.02616063181929981
CZ050000,REPB,OFAR,0.01396826040238969
CZ050000,REPB,FALL,0.0
CZ050000,ELEC,SWHE,0.004261133245623951
CZ050000,ELEC,RYEM,0.00276575153790679
CZ050000,ELEC,BARL,0.004317003411551966
CZ050000,ELEC,OATS,0.004198390473680824
CZ050000,ELEC,MAIZ,0.004505773594210364
CZ050000,ELEC,OCER,0.002928785679744742
CZ050000,ELEC,RAPE,0.004339588718813672
CZ050000,ELEC,SUNF,0.002793953864720793
CZ050000,ELEC,PULS,0.004228749519910271
CZ050000,ELEC,POTA,0.004259756981632887
CZ050000,ELEC,SUGB,0.004284250078574716
CZ050000,ELEC,MAIF,0.004436056791684965
CZ050000,ELEC,OFAR,0.004521262436969257
CZ050000,ELEC,VSET,0.0
CZ050000,ELEC,FALL,0.0
CZ050000,EGAS,SWHE,3.13691906977862e-05
CZ050000,EGAS,RYEM,3.225984253343511e-05
CZ050000,EGAS,BARL,3.139818287962837e-05
CZ050000,EGAS,OATS,3.219463784834594e-05
CZ050000,EGAS,MAIZ,3.312467946496146e-05
CZ050000,EGAS,OCER,7.07039172079507e-05
CZ050000,EGAS,RAPE,3.148466200628783e-05
CZ050000,EGAS,SUNF,0.0001179951604052024
CZ050000,EGAS,PULS,0.0
CZ050000,EGAS,POTA,0.0
CZ050000,EGAS,SUGB,0.0
CZ050000,EGAS,MAIF,0.0
CZ050000,EGAS,OFAR,0.0
CZ050000,EGAS,VSET,0.0
CZ050000,EGAS,FALL,0.0
CZ050000,EFUL,SWHE,0.0249338879991849
CZ050000,EFUL,RYEM,0.02467483552193581
CZ050000,EFUL,BARL,0.02504685122613757
CZ050000,EFUL,OATS,0.0283641660370851
CZ050000,EFUL,MAIZ,0.02623569234216073
CZ050000,EFUL,OCER,0.03241326403050995
CZ050000,EFUL,RAPE,0.02288344354217422
CZ050000,EFUL,SUNF,0.02293855489877502
CZ050000,EFUL,PULS,0.02770418884963808
CZ050000,EFUL,POTA,0.04194956441351501
CZ050000,EFUL,SUGB,0.03128023554821314
CZ050000,EFUL,MAIF,0.0325760417662343
CZ050000,EFUL,OFAR,0.05559751605862724
CZ050000,EFUL,FALL,0.0
CZ050000,ELUB,SWHE,0.001185215567997069
CZ050000,ELUB,RYEM,0.001144310264371088
CZ050000,ELUB,BARL,0.001214892951219093
CZ050000,ELUB,OATS,0.001220733565656596
CZ050000,ELUB,MAIZ,0.001286106333277326
CZ050000,ELUB,OCER,0.001164231164540674
CZ050000,ELUB,RAPE,0.0010694721580097
CZ050000,ELUB,SUNF,0.001059427198590779
CZ050000,ELUB,PULS,0.001295609660251267
CZ050000,ELUB,POTA,0.00187317329627874
CZ050000,ELUB,SUGB,0.001596080855307779
CZ050000,ELUB,MAIF,0.001812387071223669
CZ050000,ELUB,OFAR,0.000936926515111213
CZ050000,ELUB,FALL,0.0
CZ050000,INPO,SWHE,0.05023011350019808
CZ050000,INPO,RYEM,0.0257472503222609
CZ050000,INPO,BARL,0.05039160891227681
CZ050000,INPO,OATS,0.03589406577954123
CZ050000,INPO,MAIZ,0.1092481783493821
CZ050000,INPO,OCER,0.00940499714409504
CZ050000,INPO,RAPE,0.08889252787848584
CZ050000,INPO,SUNF,0.08389108636424653
CZ050000,INPO,PULS,0.04384026918428523
CZ050000,INPO,POTA,0.4193874259949098
CZ050000,INPO,SUGB,0.2305975220619542
CZ050000,INPO,MAIF,0.04241334348129728
CZ050000,INPO,OFAR,0.03156931159044845
CZ050000,INPO,FALL,0.0
CZ060000,SEED,SWHE,0.02640648923744037
CZ060000,SEED,RYEM,0.01858025756110501
CZ060000,SEED,BARL,0.02230060121239149
CZ060000,SEED,OATS,0.01332796772511214
CZ060000,SEED,MAIZ,0.03527874213314178
CZ060000,SEED,OCER,0.004251367068905826
CZ060000,SEED,RAPE,0.03415538376669566
CZ060000,SEED,SUNF,0.03447279984957746
CZ060000,SEED,SOYA,0.01434391196776049
CZ060000,SEED,PULS,0.02030535145929182
CZ060000,SEED,POTA,0.1047355099975184
CZ060000,SEED,SUGB,0.1028134253520999
CZ060000,SEED,MAIF,0.01961171460050648
CZ060000,SEED,OFAR,0.01629244225269045
CZ060000,SEED,VSET,0.0
CZ060000,SEED,FALL,0.0
CZ060000,PLAP,SWHE,0.04562443506058184
CZ060000,PLAP,RYEM,0.0302433020492507
CZ060000,PLAP,BARL,0.03007599109242178
CZ060000,PLAP,OATS,0.02702972093277334
CZ060000,PLAP,MAIZ,0.06314823190422446
CZ060000,PLAP,OCER,0.007526903789012499
CZ060000,PLAP,RAPE,0.06256826274284535
CZ060000,PLAP,SUNF,0.05393901777813012
CZ060000,PLAP,SOYA,0.02869915453959948
CZ060000,PLAP,PULS,0.01243754365490553
CZ060000,PLAP,POTA,0.2475997837615393
CZ060000,PLAP,SUGB,0.1894809579830617
CZ060000,PLAP,MAIF,0.03784261388514985
CZ060000,PLAP,OFAR,0.01328416398275113
CZ060000,PLAP,VSET,0.0
CZ060000,PLAP,FALL,0.0
CZ060000,FERT,SWHE,1.493075978045386
CZ060000,FERT,RYEM,1.172321128433716
CZ060000,FERT,BARL,1.222834665743019
CZ060000,FERT,OATS,0.957043934752025
CZ060000,FERT,MAIZ,1.548428190904086
CZ060000,FERT,OCER,0.4314686228209608
CZ060000,FERT,RAPE,1.670337590759709
CZ060000,FERT,SUNF,1.50245610567736
CZ060000,FERT,SOYA,0.4900124749927997
CZ060000,FERT,PULS,0.6734444305920145
CZ060000,FERT,POTA,1.428817664362189
CZ060000,FERT,SUGB,2.741573485220804
CZ060000,FERT,MAIF,1.805849733436186
CZ060000,FERT,OFAR,0.7011521082695645
CZ060000,FERT,VSET,0.0
CZ060000,FERT,FALL,0.0
CZ060000,REPM,SWHE,0.03077591854457896
CZ060000,REPM,RYEM,0.02839199825345082
CZ060000,REPM,BARL,0.03165012778111122
CZ060000,REPM,OATS,0.01997344376521928
CZ060000,REPM,MAIZ,0.05317582426758742
CZ060000,REPM,OCER,0.008725812490337367
CZ060000,REPM,RAPE,0.03620533590236914
CZ060000,REPM,SUNF,0.03799768690634583
CZ060000,REPM,SOYA,0.02162536485035793
CZ060000,REPM,PULS,0.01874065117317776
CZ060000,REPM,POTA,0.209604075967589
CZ060000,REPM,SUGB,0.1092502137514523
CZ060000,REPM,MAIF,0.0306146889599685
CZ060000,REPM,OFAR,0.01334684984349702
CZ060000,REPM,FALL,0.0
CZ060000,REPB,SWHE,0.02709005669970972
CZ060000,REPB,RYEM,0.02326259232082806
CZ060000,REPB,BARL,0.02563823879002102
CZ060000,REPB,OATS,0.01610345653883476
CZ060000,REPB,MAIZ,0.04155559677622983
CZ060000,REPB,OCER,0.004184811053173593
CZ060000,REPB,RAPE,0.03346595319314472
CZ060000,REPB,SUNF,0.03324657992180963
CZ060000,REPB,SOYA,0.01933445372391333
CZ060000,REPB,PULS,0.01864090048854361
CZ060000,REPB,POTA,0.1596048901204337
CZ060000,REPB,SUGB,0.1077485670096802
CZ060000,REPB,MAIF,0.02576916984531144
CZ060000,REPB,OFAR,0.01455709012630491
CZ060000,REPB,FALL,0.0
CZ060000,ELEC,SWHE,0.004276914000213421
CZ060000,ELEC,RYEM,0.00324244147806378
CZ060000,ELEC,BARL,0.004338527084725182
CZ060000,ELEC,OATS,0.004198391528238082
CZ060000,ELEC,MAIZ,0.004182149579683542
CZ060000,ELEC,OCER,0.003459867158225024
CZ060000,ELEC,RAPE,0.004319506844183925
CZ060000,ELEC,SUNF,0.002957364048856936
CZ060000,ELEC,SOYA,0.001374052052281276
CZ060000,ELEC,PULS,0.004200027802218392
CZ060000,ELEC,POTA,0.004262511756689373
CZ060000,ELEC,SUGB,0.00426132173947815
CZ060000,ELEC,MAIF,0.004337606990215012
CZ060000,ELEC,OFAR,0.004807392114723905
CZ060000,ELEC,VSET,0.0
CZ060000,ELEC,FALL,0.0
CZ060000,EGAS,SWHE,3.149229066628763e-05
CZ060000,EGAS,RYEM,3.779889580895203e-05
CZ060000,EGAS,BARL,3.153769301896955e-05
CZ060000,EGAS,OATS,3.219463773393246e-05
CZ060000,EGAS,MAIZ,3.058160322951584e-05
CZ060000,EGAS,OCER,5.824203572487672e-05
CZ060000,EGAS,RAPE,3.134137863576187e-05
CZ060000,EGAS,SUNF,0.0001248681575218264
CZ060000,EGAS,SOYA,0.0005990355937180556
CZ060000,EGAS,PULS,0.0
CZ060000,EGAS,POTA,0.0
CZ060000,EGAS,SUGB,0.0
CZ060000,EGAS,MAIF,0.0
CZ060000,EGAS,OFAR,0.0
CZ060000,EGAS,VSET,0.0
CZ060000,EGAS,FALL,0.0
CZ060000,EFUL,SWHE,0.02503063252978481
CZ060000,EFUL,RYEM,0.0289180932770049
CZ060000,EFUL,BARL,0.0251617778383124
CZ060000,EFUL,OATS,0.02836416602005155
CZ060000,EFUL,MAIZ,0.02425310422707004
CZ060000,EFUL,OCER,0.03543518608874434
CZ060000,EFUL,RAPE,0.02277891122474273
CZ060000,EFUL,SUNF,0.02430661048837018
CZ060000,EFUL,SOYA,0.04804135024096744
CZ060000,EFUL,PULS,0.0275394147239671
CZ060000,EFUL,POTA,0.04198932526152217
CZ060000,EFUL,SUGB,0.03111348402688256
CZ060000,EFUL,MAIF,0.03184332598141436
CZ060000,EFUL,OFAR,0.05912764697755631
CZ060000,EFUL,FALL,0.0
CZ060000,ELUB,SWHE,0.0011897658048702
CZ060000,ELUB,RYEM,0.001341191589965793
CZ060000,ELUB,BARL,0.001220550658773762
CZ060000,ELUB,OATS,0.00122073356190164
CZ060000,ELUB,MAIZ,0.001189874822809191
CZ060000,ELUB,OCER,0.001020602118248755
CZ060000,ELUB,RAPE,0.001064565148913045
CZ060000,ELUB,SUNF,0.00112190351513515
CZ060000,ELUB,SOYA,0.001181515623953959
CZ060000,ELUB,PULS,0.001287689268012288
CZ060000,ELUB,POTA,0.001874785550550477
CZ060000,ELUB,SUGB,0.001587567989744678
CZ060000,ELUB,MAIF,0.001771644498274558
CZ060000,ELUB,OFAR,0.0009969377699067376
CZ060000,ELUB,FALL,0.0
CZ060000,INPO,SWHE,0.05055490856016809
CZ060000,INPO,RYEM,0.03017982573440155
CZ060000,INPO,BARL,0.05077202522969304
CZ060000,INPO,OATS,0.03589406547127481
CZ060000,INPO,MAIZ,0.09607844314634334
CZ060000,INPO,OCER,0.006129908246409847
CZ060000,INPO,RAPE,0.08820959212253443
CZ060000,INPO,SUNF,0.09211648796645029
CZ060000,INPO,SOYA,0.03957178981892345
CZ060000,INPO,PULS,0.04334575178057064
CZ060000,INPO,POTA,0.4198785324983082
CZ060000,INPO,SUGB,0.2285496768909873
CZ060000,INPO,MAIF,0.04085512509535787
CZ060000,INPO,OFAR,0.03492104823055919
CZ060000,INPO,FALL,0.0
CZ070000,SEED,SWHE,0.02728673184278932
CZ070000,SEED,RYEM,0.01602157399153919
CZ070000,SEED,BARL,0.02376856695472334
CZ070000,SEED,OATS,0.01332796785206779
CZ070000,SEED,MAIZ,0.04237341360116975
CZ070000,SEED,OCER,0.005622697750168777
CZ070000,SEED,RAPE,0.03524499458727141
CZ070000,SEED,SUNF,0.03065666644555935
CZ070000,SEED,PULS,0.02063804597327799
CZ070000,SEED,POTA,0.09408263160416541
CZ070000,SEED,SUGB,0.109017780268809
CZ070000,SEED,MAIF,0.02142577473255996
CZ070000,SEED,OFAR,0.01475312447107753
CZ070000,SEED,VSET,0.0
CZ070000,SEED,FALL,0.0
CZ070000,PLAP,SWHE,0.04658540061293413
CZ070000,PLAP,RYEM,0.02606901072151468
CZ070000,PLAP,BARL,0.03133190521546242
CZ070000,PLAP,OATS,0.02702972060062877
CZ070000,PLAP,MAIZ,0.07094967229058396
CZ070000,PLAP,OCER,0.01246955875942607
CZ070000,PLAP,RAPE,0.06379488912046752
CZ070000,PLAP,SUNF,0.05027622339940756
CZ070000,PLAP,PULS,0.0125686836392684
CZ070000,PLAP,POTA,0.2316458759500613
CZ070000,PLAP,SUGB,0.1965820515398047
CZ070000,PLAP,MAIF,0.0400061704321438
CZ070000,PLAP,OFAR,0.0124562995143771
CZ070000,PLAP,VSET,0.0
CZ070000,PLAP,FALL,0.0
CZ070000,FERT,SWHE,1.6519564191422
CZ070000,FERT,RYEM,1.160678984419303
CZ070000,FERT,BARL,1.399898446955065
CZ070000,FERT,OATS,1.006685715938841
CZ070000,FERT,MAIZ,2.020379889636688
CZ070000,FERT,OCER,0.2622734612869617
CZ070000,FERT,RAPE,1.830687155247714
CZ070000,FERT,SUNF,1.395425391777247
CZ070000,FERT,PULS,0.722628657706748
CZ070000,FERT,POTA,1.329379886936056
CZ070000,FERT,SUGB,3.099459151675211
CZ070000,FERT,MAIF,2.116052961777471
CZ070000,FERT,OFAR,0.6678733851771133
CZ070000,FERT,VSET,0.0
CZ070000,FERT,FALL,0.0
CZ070000,REPM,SWHE,0.03104404437280693
CZ070000,REPM,RYEM,0.02448346068014013
CZ070000,REPM,BARL,0.03218510112362602
CZ070000,REPM,OATS,0.01997344384915161
CZ070000,REPM,MAIZ,0.05572578788594664
CZ070000,REPM,OCER,0.005124654502970269
CZ070000,REPM,RAPE,0.03648451437049705
CZ070000,REPM,SUNF,0.0369789093418708
CZ070000,REPM,PULS,0.0188358589343719
CZ070000,REPM,POTA,0.2041102672010155
CZ070000,REPM,SUGB,0.1108900206149032
CZ070000,REPM,MAIF,0.03131189515508895
CZ070000,REPM,OFAR,0.01303900452775879
CZ070000,REPM,FALL,0.0
CZ070000,REPB,SWHE,0.02732354431306001
CZ070000,REPB,RYEM,0.02005568421062605
CZ070000,REPB,BARL,0.02606975317041328
CZ070000,REPB,OATS,0.01610345618991995
CZ070000,REPB,MAIZ,0.04355944764744568
CZ070000,REPB,OCER,0.005565184654386194
CZ070000,REPB,RAPE,0.03373087361083581
CZ070000,REPB,SUNF,0.03231452212289711
CZ070000,REPB,PULS,0.01872594583270348
CZ070000,REPB,POTA,0.1554245123611414
CZ070000,REPB,SUGB,0.1093683869806312
CZ070000,REPB,MAIF,0.02636025120667786
CZ070000,REPB,OFAR,0.01419015021273924
CZ070000,REPB,FALL,0.0
CZ070000,ELEC,SWHE,0.004332384321847113
CZ070000,ELEC,RYEM,0.002794762938449016
CZ070000,ELEC,BARL,0.00444722946426612
CZ070000,ELEC,OATS,0.004198389907567852
CZ070000,ELEC,MAIZ,0.004484679103599387
CZ070000,ELEC,OCER,0.00390163910127481
CZ070000,ELEC,RAPE,0.004370240157665954
CZ070000,ELEC,SUNF,0.002833096079144439
CZ070000,ELEC,PULS,0.004229795293182397
CZ070000,ELEC,POTA,0.004096066321548457
CZ070000,ELEC,SUGB,0.00435695420449924
CZ070000,ELEC,MAIF,0.00448639111429323
CZ070000,ELEC,OFAR,0.004629889334825264
CZ070000,ELEC,VSET,0.0
CZ070000,ELEC,FALL,0.0
CZ070000,EGAS,SWHE,3.189078629536249e-05
CZ070000,EGAS,RYEM,3.260231115817047e-05
CZ070000,EGAS,BARL,3.233581467364912e-05
CZ070000,EGAS,OATS,3.219463783466716e-05
CZ070000,EGAS,MAIZ,3.283197543775976e-05
CZ070000,EGAS,OCER,7.059660847121643e-05
CZ070000,EGAS,RAPE,3.172240876417998e-05
CZ070000,EGAS,SUNF,0.0001196514737224447
CZ070000,EGAS,PULS,0.0
CZ070000,EGAS,POTA,0.0
CZ070000,EGAS,SUGB,0.0
CZ070000,EGAS,MAIF,0.0
CZ070000,EGAS,OFAR,0.0
CZ070000,EGAS,VSET,0.0
CZ070000,EGAS,FALL,0.0
CZ070000,EFUL,SWHE,0.02534922301027976
CZ070000,EFUL,RYEM,0.02493556011103739
CZ070000,EFUL,BARL,0.02579678068529012
CZ070000,EFUL,OATS,0.02836416610158702
CZ070000,EFUL,MAIZ,0.02603036181285136
CZ070000,EFUL,OCER,0.0394887486644455
CZ070000,EFUL,RAPE,0.0230538255169318
CZ070000,EFUL,SUNF,0.02325454698842629
CZ070000,EFUL,PULS,0.02771229363139104
CZ070000,EFUL,POTA,0.04034604902481244
CZ070000,EFUL,SUGB,0.0318163664748183
CZ070000,EFUL,MAIF,0.03294783743343078
CZ070000,EFUL,OFAR,0.05692811928148277
CZ070000,EFUL,FALL,0.0
CZ070000,ELUB,SWHE,0.001204963493456647
CZ070000,ELUB,RYEM,0.001156377807654553
CZ070000,ELUB,BARL,0.001251319711104616
CZ070000,ELUB,OATS,0.001220733566285824
CZ070000,ELUB,MAIZ,0.001276846467434007
CZ070000,ELUB,OCER,0.001128812184860451
CZ070000,ELUB,RAPE,0.001077302388623871
CZ070000,ELUB,SUNF,0.00107415409134561
CZ070000,ELUB,PULS,0.001295979850921191
CZ070000,ELUB,POTA,0.001801460764776818
CZ070000,ELUB,SUGB,0.001623420768639491
CZ070000,ELUB,MAIF,0.001833065372687612
CZ070000,ELUB,OFAR,0.0009589700344152833
CZ070000,ELUB,FALL,0.0
CZ070000,INPO,SWHE,0.05161496619034012
CZ070000,INPO,RYEM,0.02601829071954224
CZ070000,INPO,BARL,0.05289025218772529
CZ070000,INPO,OATS,0.03589406596250124
CZ070000,INPO,MAIZ,0.1079327726185753
CZ070000,INPO,OCER,0.01478097763819655
CZ070000,INPO,RAPE,0.08992786412262609
CZ070000,INPO,SUNF,0.08591981619887133
CZ070000,INPO,PULS,0.04385614771327171
CZ070000,INPO,POTA,0.3928211099014619
CZ070000,INPO,SUGB,0.2371489810368946
CZ070000,INPO,MAIF,0.04320691022785569
CZ070000,INPO,OFAR,0.03284562734612698
CZ070000,INPO,FALL,0.0
CZ080000,SEED,SWHE,0.02444340257144803
CZ080000,SEED,RYEM,0.01462468337522707
CZ080000,SEED,BARL,0.02031844318977183
CZ080000,SEED,OATS,0.01332796788986633
CZ080000,SEED,MAIZ,0.04594637739065794
CZ080000,SEED,OCER,0.01888396274570187
CZ080000,SEED,RAPE,0.03214083449901077
CZ080000,SEED,POTA,0.09461797879219813
CZ080000,SEED,SUGB,0.1091573092244247
CZ080000,SEED,MAIF,0.02062607948617757
CZ080000,SEED,OFAR,0.01263884415733856
CZ080000,SEED,VSET,0.0
CZ080000,SEED,FALL,0.0
CZ080000,PLAP,SWHE,0.0434766228170438
CZ080000,PLAP,RYEM,0.0238061244065737
CZ080000,PLAP,BARL,0.02838381797604397
CZ080000,PLAP,OATS,0.02702972299632982
CZ080000,PLAP,MAIZ,0.07488379007719084
CZ080000,PLAP,OCER,0.03134267294728335
CZ080000,PLAP,RAPE,0.06026787531036396
CZ080000,PLAP,POTA,0.2325217760685481
CZ080000,PLAP,SUGB,0.1967169908736303
CZ080000,PLAP,MAIF,0.039050489584426
CZ080000,PLAP,OFAR,0.01132564427191463
CZ080000,PLAP,VSET,0.0
CZ080000,PLAP,FALL,0.0
CZ080000,FERT,SWHE,1.427551347624385
CZ080000,FERT,RYEM,1.024123003488631
CZ080000,FERT,BARL,1.157196941789454
CZ080000,FERT,OATS,0.9680488119211774
CZ080000,FERT,MAIZ,2.112785820679925
CZ080000,FERT,OCER,0.657121676497254
CZ080000,FERT,RAPE,1.581131191678797
CZ080000,FERT,POTA,1.28881473939682
CZ080000,FERT,SUGB,2.982076890799641
CZ080000,FERT,MAIF,1.944384525278787
CZ080000,FERT,OFAR,0.5433872580476887
CZ080000,FERT,VSET,0.0
CZ080000,FERT,FALL,0.0
CZ080000,REPM,SWHE,0.03020755143760728
CZ080000,REPM,RYEM,0.02234768115755009
CZ080000,REPM,BARL,0.03092801098330555
CZ080000,REPM,OATS,0.01997344379110258
CZ080000,REPM,MAIZ,0.05687923813347402
CZ080000,REPM,OCER,0.01273064102116198
CZ080000,REPM,RAPE,0.03567439320305598
CZ080000,REPM,POTA,0.2043908656512337
CZ080000,REPM,SUGB,0.1109246576036916
CZ080000,REPM,MAIF,0.0310041269033712
CZ080000,REPM,OFAR,0.0125740606027292
CZ080000,REPM,FALL,0.0
CZ080000,REPB,SWHE,0.02658184789410191
CZ080000,REPB,RYEM,0.01831062085891211
CZ080000,REPB,BARL,0.02505316386438415
CZ080000,REPB,OATS,0.01610345666936029
CZ080000,REPB,MAIZ,0.04451040291982238
CZ080000,REPB,OCER,0.01223536006780665
CZ080000,REPB,RAPE,0.03297070149043538
CZ080000,REPB,POTA,0.1556451897208664
CZ080000,REPB,SUGB,0.1094052260672331
CZ080000,REPB,MAIF,0.02609878824393362
CZ080000,REPB,OFAR,0.01367460723670988
CZ080000,REPB,FALL,0.0
CZ080000,ELEC,SWHE,0.004158266681516547
CZ080000,ELEC,RYEM,0.002552404246390836
CZ080000,ELEC,BARL,0.004190684570294078
CZ080000,ELEC,OATS,0.00419839135319412
CZ080000,ELEC,MAIZ,0.004621536934706479
CZ080000,ELEC,OCER,0.003924602674645719
CZ080000,ELEC,RAPE,0.004224062340461862
CZ080000,ELEC,POTA,0.004105238430383896
CZ080000,ELEC,SUGB,0.00435874336785766
CZ080000,ELEC,MAIF,0.004420647398182891
CZ080000,ELEC,OFAR,0.004378855964122889
CZ080000,ELEC,VSET,0.0
CZ080000,ELEC,FALL,0.0
CZ080000,EGAS,SWHE,3.05874327720891e-05
CZ080000,EGAS,RYEM,2.974905690292173e-05
CZ080000,EGAS,BARL,3.046373442978054e-05
CZ080000,EGAS,OATS,3.219463796259512e-05
CZ080000,EGAS,MAIZ,3.400422923870984e-05
CZ080000,EGAS,OCER,0.0002336960083322364
CZ080000,EGAS,RAPE,3.064204954908382e-05
CZ080000,EGAS,POTA,0.0
CZ080000,EGAS,SUGB,0.0
CZ080000,EGAS,MAIF,0.0
CZ080000,EGAS,OFAR,0.0
CZ080000,EGAS,VSET,0.0
CZ080000,EGAS,FALL,0.0
CZ080000,EFUL,SWHE,0.02431714350178152
CZ080000,EFUL,RYEM,0.02276097846395769
CZ080000,EFUL,BARL,0.02430479609846495
CZ080000,EFUL,OATS,0.02836416609241778
CZ080000,EFUL,MAIZ,0.0269268734068409
CZ080000,EFUL,OCER,0.04125284632341755
CZ080000,EFUL,RAPE,0.02227191610207059
CZ080000,EFUL,POTA,0.04042847453081333
CZ080000,EFUL,SUGB,0.03183295185184394
CZ080000,EFUL,MAIF,0.03245862229953311
CZ080000,EFUL,OFAR,0.05383731633062865
CZ080000,EFUL,FALL,0.0
CZ080000,ELUB,SWHE,0.001156025013358263
CZ080000,ELUB,RYEM,0.001055687667134843
CZ080000,ELUB,BARL,0.001178974201056488
CZ080000,ELUB,OATS,0.001220733567782218
CZ080000,ELUB,MAIZ,0.001319819236969115
CZ080000,ELUB,OCER,0.002679493454508015
CZ080000,ELUB,RAPE,0.001040922232868869
CZ080000,ELUB,POTA,0.001805241787862245
CZ080000,ELUB,SUGB,0.001624260823714945
CZ080000,ELUB,MAIF,0.001805857001157245
CZ080000,ELUB,OFAR,0.0009064996361442229
CZ080000,ELUB,FALL,0.0
CZ080000,INPO,SWHE,0.04816065646027473
CZ080000,INPO,RYEM,0.02375545239620866
CZ080000,INPO,BARL,0.04791564809363875
CZ080000,INPO,OATS,0.03589406594125184
CZ080000,INPO,MAIZ,0.1138503775500385
CZ080000,INPO,OCER,0.03367955714144354
CZ080000,INPO,RAPE,0.08497222727586672
CZ080000,INPO,POTA,0.3942801229041713
CZ080000,INPO,SUGB,0.2373366907545953
CZ080000,INPO,MAIF,0.04216656029411339
CZ080000,INPO,OFAR,0.02989798199654963
CZ080000,INPO,FALL,0.0
EE000000,SEED,SWHE,0.004912663150428509
EE000000,SEED,RYEM,0.004203332862864898
EE000000,SEED,BARL,0.00391098977340718
EE000000,SEED,OATS,0.002531321641387786
EE000000,SEED,OCER,0.0096580793675545
EE000000,SEED,RAPE,0.008026158845854926
EE000000,SEED,PULS,0.003181914826839945
EE000000,SEED,POTA,0.03280883318642377
EE000000,SEED,OFAR,0.002065634615441699
EE000000,SEED,VSET,0.0
EE000000,SEED,FALL,0.0
EE000000,PLAP,SWHE,0.006687644998977101
EE000000,PLAP,RYEM,0.005726470778448952
EE000000,PLAP,BARL,0.003277680010976705
EE000000,PLAP,OATS,0.002381695162693237
EE000000,PLAP,OCER,0.01666235666600841
EE000000,PLAP,RAPE,0.0117236476588065
EE000000,PLAP,PULS,0.003631664067973518
EE000000,PLAP,POTA,0.05695006930155461
EE000000,PLAP,OFAR,0.00149433136869641
EE000000,PLAP,VSET,0.0
EE000000,PLAP,FALL,0.0
EE000000,FERT,SWHE,0.3216417166043478
EE000000,FERT,RYEM,0.4011081560040771
EE000000,FERT,BARL,0.3313397148772296
EE000000,FERT,OATS,0.3128379461362663
EE000000,FERT,OCER,0.9524500592265921
EE000000,FERT,RAPE,0.3702754945181852
EE000000,FERT,PULS,0.1707268991210069
EE000000,FERT,POTA,0.4673525517697086
EE000000,FERT,OFAR,0.4052224620909727
EE000000,FERT,VSET,0.0
EE000000,FERT,FALL,0.0
EE000000,REPM,SWHE,0.0132373679697421
EE000000,REPM,RYEM,0.01135702356772314
EE000000,REPM,BARL,0.007771749893723877
EE000000,REPM,OATS,0.004293331369192699
EE000000,REPM,OCER,0.02751831912125712
EE000000,REPM,RAPE,0.0223982444786638
EE000000,REPM,PULS,0.009158468208547318
EE000000,REPM,POTA,0.09721523497473511
EE000000,REPM,OFAR,0.005069946468558167
EE000000,REPM,FALL,0.0
EE000000,REPB,SWHE,0.004063520101582392
EE000000,REPB,RYEM,0.003531892881661215
EE000000,REPB,BARL,0.003349431974668992
EE000000,REPB,OATS,0.002176641062267873
EE000000,REPB,OCER,0.008532650894511077
EE000000,REPB,RAPE,0.006723166314278561
EE000000,REPB,PULS,0.002467358825889385
EE000000,REPB,POTA,0.02752200694292081
EE000000,REPB,OFAR,0.0023218634480807
EE000000,REPB,FALL,0.0
EE000000,ELEC,SWHE,0.009619570606624835
EE000000,ELEC,RYEM,0.004632519012196587
EE000000,ELEC,BARL,0.006367810595163559
EE000000,ELEC,OATS,0.007172111045740552
EE000000,ELEC,OCER,0.003125950364777896
EE000000,ELEC,RAPE,0.01011365953131094
EE000000,ELEC,PULS,0.001726543060299562
EE000000,ELEC,POTA,0.005509167862611179
EE000000,ELEC,OFAR,0.007309354462718125
EE000000,ELEC,VSET,0.0
EE000000,ELEC,FALL,0.0
EE000000,EGAS,SWHE,5.556596143511661e-05
EE000000,EGAS,RYEM,0.000988290939798415
EE000000,EGAS,BARL,3.044402821293628e-06
EE000000,EGAS,OATS,3.023005798835453e-06
EE000000,EGAS,OCER,0.001609779482928529
EE000000,EGAS,RAPE,0.0005388749657989529
EE000000,EGAS,PULS,0.0
EE000000,EGAS,POTA,0.0
EE000000,EGAS,OFAR,0.0
EE000000,EGAS,VSET,0.0
EE000000,EGAS,FALL,0.0
EE000000,EFUL,SWHE,0.0585290789242474
EE000000,EFUL,RYEM,0.05714182158186028
EE000000,EFUL,BARL,0.04881212438629082
EE000000,EFUL,OATS,0.04729679900002805
EE000000,EFUL,OCER,0.1176715614071155
EE000000,EFUL,RAPE,0.08675061418493263
EE000000,EFUL,PULS,0.02904388637839986
EE000000,EFUL,POTA,0.1986095389501625
EE000000,EFUL,OFAR,0.04189137786327385
EE000000,EFUL,FALL,0.0
EE000000,ELUB,SWHE,0.001390234996393104
EE000000,ELUB,RYEM,0.001532697562739594
EE000000,ELUB,BARL,0.001363857914192339
EE000000,ELUB,OATS,0.001528966714470282
EE000000,ELUB,OCER,0.001625203027859519
EE000000,ELUB,RAPE,0.001366069344361843
EE000000,ELUB,PULS,0.001400844498810949
EE000000,ELUB,POTA,0.00268270480629275
EE000000,ELUB,OFAR,0.0007355773413362321
EE000000,ELUB,FALL,0.0
EE000000,INPO,SWHE,0.0212990450923233
EE000000,INPO,RYEM,0.02604714614761532
EE000000,INPO,BARL,0.0152342536319573
EE000000,INPO,OATS,0.01294689853339768
EE000000,INPO,OCER,0.1175108375378648
EE000000,INPO,RAPE,0.04994184037703386
EE000000,INPO,PULS,0.01775219544690337
EE000000,INPO,POTA,0.2564290825974994
EE000000,INPO,OFAR,0.009134560810225895
EE000000,INPO,FALL,0.0
HU100000,SEED,SWHE,0.01904110895028498
HU100000,SEED,RYEM,0.006074534821243668
HU100000,SEED,BARL,0.01329651971280145
HU100000,SEED,OATS,0.007935259378479196
HU100000,SEED,MAIZ,0.03000055739865444
HU100000,SEED,OCER,0.00997563495850095
HU100000,SEED,RAPE,0.02072087102523365
HU100000,SEED,SUNF,0.02422335823454548
HU100000,SEED,POTA,0.1107103023918748
HU100000,SEED,SUGB,0.09925645913226541
HU100000,SEED,MAIF,0.01654109674757981
HU100000,SEED,OFAR,0.01105794567714308
HU100000,SEED,VSET,0.0
HU100000,SEED,FALL,0.0
HU100000,PLAP,SWHE,0.02069661379481321
HU100000,PLAP,RYEM,0.007286096282608455
HU100000,PLAP,BARL,0.01733399449718229
HU100000,PLAP,OATS,0.01050728791996052
HU100000,PLAP,MAIZ,0.03153629532643196
HU100000,PLAP,OCER,0.01379004838928697
HU100000,PLAP,RAPE,0.02703188309887903
HU100000,PLAP,SUNF,0.03034440711581647
HU100000,PLAP,POTA,0.1638303186671466
HU100000,PLAP,SUGB,0.1153399982207327
HU100000,PLAP,MAIF,0.02456763244934874
HU100000,PLAP,OFAR,0.007798345162812661
HU100000,PLAP,VSET,0.0
HU100000,PLAP,FALL,0.0
HU100000,FERT,SWHE,0.9317305931235784
HU100000,FERT,RYEM,0.4937409438339987
HU100000,FERT,BARL,0.7496526422135354
HU100000,FERT,OATS,0.7151335825112705
HU100000,FERT,MAIZ,1.2021356667717
HU100000,FERT,OCER,0.6445634819796401
HU100000,FERT,RAPE,0.7960848553794574
HU100000,FERT,SUNF,0.9277461301533512
HU100000,FERT,POTA,1.053030163856905
HU100000,FERT,SUGB,2.164182182001445
HU100000,FERT,MAIF,0.9863985623597122
HU100000,FERT,OFAR,0.849699143334703
HU100000,FERT,VSET,0.0
HU100000,FERT,FALL,0.0
HU100000,REPM,SWHE,0.01586240208847112
HU100000,REPM,RYEM,0.005996167798998725
HU100000,REPM,BARL,0.0141337361405628
HU100000,REPM,OATS,0.008795970228808543
HU100000,REPM,MAIZ,0.02602010283867238
HU100000,REPM,OCER,0.0104597794486813
HU100000,REPM,RAPE,0.0180996137382885
HU100000,REPM,SUNF,0.02088972257106238
HU100000,REPM,POTA,0.1147579682048657
HU100000,REPM,SUGB,0.07903420567226889
HU100000,REPM,MAIF,0.01857935608384066
HU100000,REPM,OFAR,0.008781679637601554
HU100000,REPM,FALL,0.0
HU100000,REPB,SWHE,0.003028700192680568
HU100000,REPB,RYEM,0.001198785695034269
HU100000,REPB,BARL,0.002643074922990912
HU100000,REPB,OATS,0.001793275225570574
HU100000,REPB,MAIZ,0.00471733589818788
HU100000,REPB,OCER,0.001976148569411447
HU100000,REPB,RAPE,0.003494295332115259
HU100000,REPB,SUNF,0.003952737051201374
HU100000,REPB,POTA,0.02189429480982406
HU100000,REPB,SUGB,0.01398348484278449
HU100000,REPB,MAIF,0.003521190448679072
HU100000,REPB,OFAR,0.001302377632993234
HU100000,REPB,FALL,0.0
HU100000,ELEC,SWHE,0.01093964058220235
HU100000,ELEC,RYEM,0.002230124607964623
HU100000,ELEC,BARL,0.01002275267900881
HU100000,ELEC,OATS,0.002980917059061315
HU100000,ELEC,MAIZ,0.01093864601876918
HU100000,ELEC,OCER,0.006859418452007821
HU100000,ELEC,RAPE,0.004627255057706977
HU100000,ELEC,SUNF,0.01114548864656088
HU100000,ELEC,POTA,0.00231262104124098
HU100000,ELEC,SUGB,0.003389534929942054
HU100000,ELEC,MAIF,0.006907934944945548
HU100000,ELEC,OFAR,0.01176986437333031
HU100000,ELEC,VSET,0.0
HU100000,ELEC,FALL,0.0
HU100000,EGAS,SWHE,9.964561268150664e-05
HU100000,EGAS,RYEM,0.0004975408308490147
HU100000,EGAS,BARL,0.0001021194601868686
HU100000,EGAS,OATS,0.0006690401723896683
HU100000,EGAS,MAIZ,0.0001002366601658355
HU100000,EGAS,OCER,0.0001798865144115795
HU100000,EGAS,RAPE,0.0003871390898653521
HU100000,EGAS,SUNF,0.0001055701664233684
HU100000,EGAS,POTA,0.0
HU100000,EGAS,SUGB,0.0
HU100000,EGAS,MAIF,0.0
HU100000,EGAS,OFAR,0.0
HU100000,EGAS,VSET,0.0
HU100000,EGAS,FALL,0.0
HU100000,EFUL,SWHE,0.06306891520227187
HU100000,EFUL,RYEM,0.04272291306357964
HU100000,EFUL,BARL,0.07152557465986324
HU100000,EFUL,OATS,0.05728048835867131
HU100000,EFUL,MAIZ,0.09560320925770435
HU100000,EFUL,OCER,0.06992163596981178
HU100000,EFUL,RAPE,0.07345952390183998
HU100000,EFUL,SUNF,0.07363665536179399
HU100000,EFUL,POTA,0.174579225643165
HU100000,EFUL,SUGB,0.1089750216189088
HU100000,EFUL,MAIF,0.09848922361833388
HU100000,EFUL,OFAR,0.1073830435738077
HU100000,EFUL,FALL,0.0
HU100000,ELUB,SWHE,0.003084818784879701
HU100000,ELUB,RYEM,0.002925090971932586
HU100000,ELUB,BARL,0.004086969281071493
HU100000,ELUB,OATS,0.00400322270604181
HU100000,ELUB,MAIZ,0.003993533536010126
HU100000,ELUB,OCER,0.003893850889490715
HU100000,ELUB,RAPE,0.003508215562028036
HU100000,ELUB,SUNF,0.003666240465582941
HU100000,ELUB,POTA,0.006840150696544046
HU100000,ELUB,SUGB,0.005130474032978196
HU100000,ELUB,MAIF,0.005543851059977572
HU100000,ELUB,OFAR,0.006430604929416332
HU100000,ELUB,FALL,0.0
HU100000,INPO,SWHE,0.04128747939091473
HU100000,INPO,RYEM,0.01172107270086419
HU100000,INPO,BARL,0.03143423692940991
HU100000,INPO,OATS,0.01693236819454593
HU100000,INPO,MAIZ,0.0616545242907857
HU100000,INPO,OCER,0.02406158641243207
HU100000,INPO,RAPE,0.0470059933040782
HU100000,INPO,SUNF,0.05732261453265774
HU100000,INPO,POTA,0.317467381583978
HU100000,INPO,SUGB,0.2242353727567023
HU100000,INPO,MAIF,0.03544002182629206
HU100000,INPO,OFAR,0.02776063606192163
HU100000,INPO,FALL,0.0
HU210000,SEED,SWHE,0.02242506967424854
HU210000,SEED,RYEM,0.00863234351097585
HU210000,SEED,BARL,0.01529353823860002
HU210000,SEED,OATS,0.007935243297925321
HU210000,SEED,MAIZ,0.03436478277192852
HU210000,SEED,OCER,0.01105771030497114
HU210000,SEED,RAPE,0.0231933638855396
HU210000,SEED,SUNF,0.02527844158774274
HU210000,SEED,PULS,0.03526242820439379
HU210000,SEED,POTA,0.1341195063586778
HU210000,SEED,SUGB,0.1116164189868327
HU210000,SEED,MAIF,0.0169675447814235
HU210000,SEED,OFAR,0.00803410612659959
HU210000,SEED,VSET,0.0
HU210000,SEED,FALL,0.0
HU210000,PLAP,SWHE,0.02289972852138436
HU210000,PLAP,RYEM,0.01037886216088802
HU210000,PLAP,BARL,0.01890705968987141
HU210000,PLAP,OATS,0.01050727123122151
HU210000,PLAP,MAIZ,0.03430852154407905
HU210000,PLAP,OCER,0.01479987671243657
HU210000,PLAP,RAPE,0.02900042167841757
HU210000,PLAP,SUNF,0.03117169083552978
HU210000,PLAP,PULS,0.01984964066491473
HU210000,PLAP,POTA,0.1846841495227327
HU210000,PLAP,SUGB,0.1241052933080205
HU210000,PLAP,MAIF,0.02495873208342011
HU210000,PLAP,OFAR,0.006231666295970896
HU210000,PLAP,VSET,0.0
HU210000,PLAP,FALL,0.0
HU210000,FERT,SWHE,1.158742673314963
HU210000,FERT,RYEM,0.6666892875870873
HU210000,FERT,BARL,0.9215740714463269
HU210000,FERT,OATS,0.7460837253293022
HU210000,FERT,MAIZ,1.523142785901583
HU210000,FERT,OCER,0.7870674307266856
HU210000,FERT,RAPE,0.9638812846369847
HU210000,FERT,SUNF,1.039864490601608
HU210000,FERT,PULS,0.4927963039996159
HU210000,FERT,POTA,1.393380170861289
HU210000,FERT,SUGB,2.607468298576212
HU210000,FERT,MAIF,1.074426844772051
HU210000,FERT,OFAR,0.6431415116638095
HU210000,FERT,VSET,0.0
HU210000,FERT,FALL,0.0
HU210000,REPM,SWHE,0.01651043052044418
HU210000,REPM,RYEM,0.00854392796378436
HU210000,REPM,BARL,0.01463228977901811
HU210000,REPM,OATS,0.008795964320671886
HU210000,REPM,MAIZ,0.02689561242603879
HU210000,REPM,OCER,0.01072516505931674
HU210000,REPM,RAPE,0.01860164986647871
HU210000,REPM,SUNF,0.02114028497675956
HU210000,REPM,PULS,0.0235093312278985
HU210000,REPM,POTA,0.1203839755710981
HU210000,REPM,SUGB,0.08139499377888133
HU210000,REPM,MAIF,0.01871547422760926
HU210000,REPM,OFAR,0.007976923809910145
HU210000,REPM,FALL,0.0
HU210000,REPB,SWHE,0.003152420295448645
HU210000,REPB,RYEM,0.001707798767897212
HU210000,REPB,BARL,0.002736284455272266
HU210000,REPB,OATS,0.00179327403146908
HU210000,REPB,MAIZ,0.004874279328916761
HU210000,REPB,OCER,0.002033719720747788
HU210000,REPB,RAPE,0.003591391186970059
HU210000,REPB,SUNF,0.003995714200906492
HU210000,REPB,PULS,0.004654244044806735
HU210000,REPB,POTA,0.02296874489569186
HU210000,REPB,SUGB,0.01440111107580106
HU210000,REPB,MAIF,0.003546861171283407
HU210000,REPB,OFAR,0.001182601359084246
HU210000,REPB,FALL,0.0
HU210000,ELEC,SWHE,0.01161849019391818
HU210000,ELEC,RYEM,0.00316446709641184
HU210000,ELEC,BARL,0.01055895508724159
HU210000,ELEC,OATS,0.002980914695331969
HU210000,ELEC,MAIZ,0.01149318910857183
HU210000,ELEC,OCER,0.007166267633331996
HU210000,ELEC,RAPE,0.004822919867775771
HU210000,ELEC,SUNF,0.01132968031309448
HU210000,ELEC,PULS,0.002024039755228161
HU210000,ELEC,POTA,0.002484717182975945
HU210000,ELEC,SUGB,0.003541494440495175
HU210000,ELEC,MAIF,0.006972875667461837
HU210000,ELEC,OFAR,0.0102699787716039
HU210000,ELEC,VSET,0.0
HU210000,ELEC,FALL,0.0
HU210000,EGAS,SWHE,0.0001058339942180569
HU210000,EGAS,RYEM,0.0007039028663260324
HU210000,EGAS,BARL,0.0001075737642891598
HU210000,EGAS,OATS,0.0006690396282221383
HU210000,EGAS,MAIZ,0.0001053543012902146
HU210000,EGAS,OCER,0.0001865815606645079
HU210000,EGAS,RAPE,0.0004034243879035057
HU210000,EGAS,SUNF,0.0001073297890957266
HU210000,EGAS,PULS,0.0
HU210000,EGAS,POTA,0.0
HU210000,EGAS,SUGB,0.0
HU210000,EGAS,MAIF,0.0
HU210000,EGAS,OFAR,0.0
HU210000,EGAS,VSET,0.0
HU210000,EGAS,FALL,0.0
HU210000,EFUL,SWHE,0.06698209311141365
HU210000,EFUL,RYEM,0.0606978196110771
HU210000,EFUL,BARL,0.07534626221635411
HU210000,EFUL,OATS,0.05728047913923863
HU210000,EFUL,MAIZ,0.1004433050265147
HU210000,EFUL,OCER,0.07255929215193788
HU210000,EFUL,RAPE,0.07659502764827922
HU210000,EFUL,SUNF,0.07484488754856856
HU210000,EFUL,PULS,0.09361049647443423
HU210000,EFUL,POTA,0.1876412621119171
HU210000,EFUL,SUGB,0.1138922320104783
HU210000,EFUL,MAIF,0.09938879614787655
HU210000,EFUL,OFAR,0.08883521234881751
HU210000,EFUL,FALL,0.0
HU210000,ELUB,SWHE,0.003276646062204893
HU210000,ELUB,RYEM,0.004147085243865164
HU210000,ELUB,BARL,0.004302862132709105
HU210000,ELUB,OATS,0.004003220008236575
HU210000,ELUB,MAIZ,0.004199223408342181
HU210000,ELUB,OCER,0.00403708471606907
HU210000,ELUB,RAPE,0.003655254587747138
HU210000,ELUB,SUNF,0.003734599347927922
HU210000,ELUB,PULS,0.004311053590991822
HU210000,ELUB,POTA,0.007349151471683229
HU210000,ELUB,SUGB,0.00536035412077283
HU210000,ELUB,MAIF,0.005591405359465949
HU210000,ELUB,OFAR,0.005556063563499894
HU210000,ELUB,FALL,0.0
HU210000,INPO,SWHE,0.04568273284865874
HU210000,INPO,RYEM,0.01665788162126151
HU210000,INPO,BARL,0.03428874718330222
HU210000,INPO,OATS,0.01693234671212243
HU210000,INPO,MAIZ,0.06702362790402851
HU210000,INPO,OCER,0.0256368240004701
HU210000,INPO,RAPE,0.05038311015109633
HU210000,INPO,SUNF,0.05902629245243789
HU210000,INPO,PULS,0.04968478623244382
HU210000,INPO,POTA,0.3578254499525374
HU210000,INPO,SUGB,0.2413047961904941
HU210000,INPO,MAIF,0.03596631269783365
HU210000,INPO,OFAR,0.02220989698725715
HU210000,INPO,FALL,0.0
HU220000,SEED,SWHE,0.0212430071896249
HU220000,SEED,DWHE,0.02574507839267345
HU220000,SEED,RYEM,0.009871775022080701
HU220000,SEED,BARL,0.01483824037763816
HU220000,SEED,OATS,0.007935243422397101
HU220000,SEED,MAIZ,0.03255338693259102
HU220000,SEED,OCER,0.01032982647687499
HU220000,SEED,RAPE,0.02344592244421208
HU220000,SEED,SUNF,0.021898114890393
HU220000,SEED,SOYA,0.02853297516307342
HU220000,SEED,PULS,0.03060375194143736
HU220000,SEED,POTA,0.1439244462143768
HU220000,SEED,SUGB,0.09787107230240391
HU220000,SEED,MAIF,0.01671782808452226
HU220000,SEED,OFAR,0.004941785553257661
HU220000,SEED,VSET,0.0
HU220000,SEED,FALL,0.0
HU220000,PLAP,SWHE,0.02213352427402454
HU220000,PLAP,DWHE,0.0277046174783044
HU220000,PLAP,RYEM,0.01183439556229083
HU220000,PLAP,BARL,0.01854691881837483
HU220000,PLAP,OATS,0.01050727085024501
HU220000,PLAP,MAIZ,0.03315588133044488
HU220000,PLAP,OCER,0.01415438154944033
HU220000,PLAP,RAPE,0.02914646159060304
HU220000,PLAP,SUNF,0.02852782966987455
HU220000,PLAP,SOYA,0.03253929916713609
HU220000,PLAP,PULS,0.01813130081704784
HU220000,PLAP,POTA,0.1934069151204807
HU220000,PLAP,SUGB,0.1143379666677478
HU220000,PLAP,MAIF,0.02473151527485632
HU220000,PLAP,OFAR,0.004599439475887437
HU220000,PLAP,VSET,0.0
HU220000,PLAP,FALL,0.0
HU220000,FERT,SWHE,1.096286255853302
HU220000,FERT,DWHE,1.374389863893132
HU220000,FERT,RYEM,0.7911889855551888
HU220000,FERT,BARL,0.8888688929407703
HU220000,FERT,OATS,0.7443288276710472
HU220000,FERT,MAIZ,1.421867390284866
HU220000,FERT,OCER,0.7610637109789862
HU220000,FERT,RAPE,0.972559835268793
HU220000,FERT,SUNF,0.8825505615420205
HU220000,FERT,SOYA,0.6558413767886405
HU220000,FERT,PULS,0.4276608061748572
HU220000,FERT,POTA,1.50745777792461
HU220000,FERT,SUGB,2.2699472136296
HU220000,FERT,MAIF,1.053508262324731
HU220000,FERT,OFAR,0.3833585298570997
HU220000,FERT,VSET,0.0
HU220000,FERT,FALL,0.0
HU220000,REPM,SWHE,0.01628504363809198
HU220000,REPM,DWHE,0.01592430144254056
HU220000,REPM,RYEM,0.009738643498004063
HU220000,REPM,BARL,0.01451614038723916
HU220000,REPM,OATS,0.008795964125120903
HU220000,REPM,MAIZ,0.02653154823567861
HU220000,REPM,OCER,0.01054560240963037
HU220000,REPM,RAPE,0.01865478969808598
HU220000,REPM,SUNF,0.02042106991570758
HU220000,REPM,SOYA,0.02013889314303516
HU220000,REPM,PULS,0.02264765319926357
HU220000,REPM,POTA,0.1227436275851961
HU220000,REPM,SUGB,0.07878457033366003
HU220000,REPM,MAIF,0.01865722149725099
HU220000,REPM,OFAR,0.007220604473427464
HU220000,REPM,FALL,0.0
HU220000,REPB,SWHE,0.003109362691707763
HU220000,REPB,DWHE,0.003243389853359241
HU220000,REPB,RYEM,0.001947067085955664
HU220000,REPB,BARL,0.002714579010523307
HU220000,REPB,OATS,0.00179327398271429
HU220000,REPB,MAIZ,0.004809145071440535
HU220000,REPB,OCER,0.001997333687480109
HU220000,REPB,RAPE,0.00360127390249548
HU220000,REPB,SUNF,0.003857992876453616
HU220000,REPB,SOYA,0.00386547002437707
HU220000,REPB,PULS,0.004484018484237442
HU220000,REPB,POTA,0.02341840035931684
HU220000,REPB,SUGB,0.01393919953797181
HU220000,REPB,MAIF,0.003535730968209997
HU220000,REPB,OFAR,0.001227993998297535
HU220000,REPB,FALL,0.0
HU220000,ELEC,SWHE,0.01138166211628499
HU220000,ELEC,DWHE,0.001602024452972494
HU220000,ELEC,RYEM,0.003625234795724299
HU220000,ELEC,BARL,0.01043423590401458
HU220000,ELEC,OATS,0.00298091463285462
HU220000,ELEC,MAIZ,0.0112630278925091
HU220000,ELEC,OCER,0.006975588740507037
HU220000,ELEC,RAPE,0.004841540577960933
HU220000,ELEC,SUNF,0.01074783540106319
HU220000,ELEC,SOYA,0.00220434961909228
HU220000,ELEC,PULS,0.001914513498745894
HU220000,ELEC,POTA,0.002556904223672953
HU220000,ELEC,SUGB,0.00337154292999921
HU220000,ELEC,MAIF,0.006934659852149606
HU220000,ELEC,OFAR,0.008921346621041552
HU220000,ELEC,VSET,0.0
HU220000,ELEC,FALL,0.0
HU220000,EGAS,SWHE,0.0001036834350399494
HU220000,EGAS,DWHE,0.001576534106104829
HU220000,EGAS,RYEM,0.0008092951817527689
HU220000,EGAS,BARL,0.000106309310044186
HU220000,EGAS,OATS,0.0006690396345397546
HU220000,EGAS,MAIZ,0.0001032283280560015
HU220000,EGAS,OCER,0.0001819637753556236
HU220000,EGAS,RAPE,0.0004051767115945667
HU220000,EGAS,SUNF,0.0001018256844591023
HU220000,EGAS,SOYA,0.0009567520207902041
HU220000,EGAS,PULS,0.0
HU220000,EGAS,POTA,0.0
HU220000,EGAS,SUGB,0.0
HU220000,EGAS,MAIF,0.0
HU220000,EGAS,OFAR,0.0
HU220000,EGAS,VSET,0.0
HU220000,EGAS,FALL,0.0
HU220000,EFUL,SWHE,0.06561554679331895
HU220000,EFUL,DWHE,0.06869448582771029
HU220000,EFUL,RYEM,0.06943472730086624
HU220000,EFUL,BARL,0.07446045739971453
HU220000,EFUL,OATS,0.05728045002182642
HU220000,EFUL,MAIZ,0.09843426254509967
HU220000,EFUL,OCER,0.07076036104952904
HU220000,EFUL,RAPE,0.0768284936218859
HU220000,EFUL,SUNF,0.07099766627203087
HU220000,EFUL,SOYA,0.07442196664580197
HU220000,EFUL,PULS,0.08856339809335101
HU220000,EFUL,POTA,0.1930624694995546
HU220000,EFUL,SUGB,0.1084526158725574
HU220000,EFUL,MAIF,0.09883843238743222
HU220000,EFUL,OFAR,0.08195506396694484
HU220000,EFUL,FALL,0.0
HU220000,ELUB,SWHE,0.003210003229718613
HU220000,ELUB,DWHE,0.00397825762398029
HU220000,ELUB,RYEM,0.004755662516141552
HU220000,ELUB,BARL,0.004254109680142348
HU220000,ELUB,OATS,0.004003220015590709
HU220000,ELUB,MAIZ,0.004113572767981046
HU220000,ELUB,OCER,0.003938661487643484
HU220000,ELUB,RAPE,0.003672115689085209
HU220000,ELUB,SUNF,0.003546018186239277
HU220000,ELUB,SOYA,0.003333805890498037
HU220000,ELUB,PULS,0.004078082486462685
HU220000,ELUB,POTA,0.007562695391915529
HU220000,ELUB,SUGB,0.005103039782978644
HU220000,ELUB,MAIF,0.005558155356855419
HU220000,ELUB,OFAR,0.004520396424236103
HU220000,ELUB,FALL,0.0
HU220000,INPO,SWHE,0.04415188457462684
HU220000,INPO,DWHE,0.02804341250201044
HU220000,INPO,RYEM,0.01904776245650566
HU220000,INPO,BARL,0.03363356895929161
HU220000,INPO,OATS,0.01693234695655223
HU220000,INPO,MAIZ,0.06479452209761762
HU220000,INPO,OCER,0.0245757710473563
HU220000,INPO,RAPE,0.05073559642202621
HU220000,INPO,SUNF,0.05407698272606291
HU220000,INPO,SOYA,0.04000361997929321
HU220000,INPO,PULS,0.04536372758353682
HU220000,INPO,POTA,0.3747457364169061
HU220000,INPO,SUGB,0.2223359451156778
HU220000,INPO,MAIF,0.0356182927837626
HU220000,INPO,OFAR,0.01710168598360328
HU220000,INPO,FALL,0.0
HU230000,SEED,SWHE,0.02430661313046467
HU230000,SEED,DWHE,0.02089761003435729
HU230000,SEED,RYEM,0.01116084008696999
HU230000,SEED,BARL,0.01635758958720642
HU230000,SEED,OATS,0.007935243164321404
HU230000,SEED,MAIZ,0.03828356785861181
HU230000,SEED,OCER,0.01156980665192302
HU230000,SEED,RAPE,0.02352450628321864
HU230000,SEED,SUNF,0.02368691204782126
HU230000,SEED,SOYA,0.03490514278985261
HU230000,SEED,PULS,0.02510037851065577
HU230000,SEED,POTA,0.105970009064835
HU230000,SEED,SUGB,0.1229990152276596
HU230000,SEED,MAIF,0.01973496885312895
HU230000,SEED,OFAR,0.007032393672635407
HU230000,SEED,VSET,0.0
HU230000,SEED,FALL,0.0
HU230000,PLAP,SWHE,0.02410902930953611
HU230000,PLAP,DWHE,0.02412932720373042
HU230000,PLAP,RYEM,0.01338564578542721
HU230000,PLAP,BARL,0.019738245446632
HU230000,PLAP,OATS,0.01050727162462004
HU230000,PLAP,MAIZ,0.03678012277587846
HU230000,PLAP,OCER,0.01525640108131175
HU230000,PLAP,RAPE,0.02921259352645389
HU230000,PLAP,SUNF,0.02992750058260402
HU230000,PLAP,SOYA,0.03676710240719033
HU230000,PLAP,PULS,0.0162831127597972
HU230000,PLAP,POTA,0.1596038119596104
HU230000,PLAP,SUGB,0.1322356679878001
HU230000,PLAP,MAIF,0.02747955388121501
HU230000,PLAP,OFAR,0.00570474460586609
HU230000,PLAP,VSET,0.0
HU230000,PLAP,FALL,0.0
HU230000,FERT,SWHE,1.278826108546104
HU230000,FERT,DWHE,1.172397673531358
HU230000,FERT,RYEM,0.866603430606165
HU230000,FERT,BARL,0.9930639279390999
HU230000,FERT,OATS,0.7465882615853405
HU230000,FERT,MAIZ,1.730870606222161
HU230000,FERT,OCER,0.7488438213801655
HU230000,FERT,RAPE,0.9809505974095413
HU230000,FERT,SUNF,0.9692498708075008
HU230000,FERT,SOYA,0.8228445334875084
HU230000,FERT,PULS,0.3501829661218875
HU230000,FERT,POTA,1.059607028371438
HU230000,FERT,SUGB,2.844808181403219
HU230000,FERT,MAIF,1.279178122176935
HU230000,FERT,OFAR,0.5599455318073443
HU230000,FERT,VSET,0.0
HU230000,FERT,FALL,0.0
HU230000,REPM,SWHE,0.01686438799979398
HU230000,REPM,DWHE,0.01508155811836538
HU230000,REPM,RYEM,0.01101575507031703
HU230000,REPM,BARL,0.01488808826783976
HU230000,REPM,OATS,0.008795964522582819
HU230000,REPM,MAIZ,0.02767603165562442
HU230000,REPM,OCER,0.01085130433565388
HU230000,REPM,RAPE,0.01867058557159187
HU230000,REPM,SUNF,0.02080771751653498
HU230000,REPM,SOYA,0.02113680933227362
HU230000,REPM,PULS,0.02159282239472814
HU230000,REPM,POTA,0.1136230651277859
HU230000,REPM,SUGB,0.08352340215221861
HU230000,REPM,MAIF,0.01944492259758898
HU230000,REPM,OFAR,0.007705250812093957
HU230000,REPM,FALL,0.0
HU230000,REPB,SWHE,0.00322009859865667
HU230000,REPB,DWHE,0.003070670565431484
HU230000,REPB,RYEM,0.002202328928622133
HU230000,REPB,BARL,0.002784156242455113
HU230000,REPB,OATS,0.001793274081865265
HU230000,REPB,MAIZ,0.005015198078303624
HU230000,REPB,OCER,0.002059439804587218
HU230000,REPB,RAPE,0.003604356876340352
HU230000,REPB,SUNF,0.003930869708789039
HU230000,REPB,SOYA,0.004056728441705553
HU230000,REPB,PULS,0.004282050808507238
HU230000,REPB,POTA,0.02167658131410029
HU230000,REPB,SUGB,0.01477801188810854
HU230000,REPB,MAIF,0.003685232530190765
HU230000,REPB,OFAR,0.001142020734536414
HU230000,REPB,FALL,0.0
HU230000,ELEC,SWHE,0.01199500694089027
HU230000,ELEC,DWHE,0.001477166808016577
HU230000,ELEC,RYEM,0.004097541294699228
HU230000,ELEC,BARL,0.01083476841016593
HU230000,ELEC,OATS,0.002980914760332351
HU230000,ELEC,MAIZ,0.0119906619146794
HU230000,ELEC,OCER,0.007295664993207157
HU230000,ELEC,RAPE,0.004847837834066377
HU230000,ELEC,SUNF,0.01105630758225907
HU230000,ELEC,SOYA,0.002371390976239564
HU230000,ELEC,PULS,0.001774549104084297
HU230000,ELEC,POTA,0.002278004722865974
HU230000,ELEC,SUGB,0.00368432604453753
HU230000,ELEC,MAIF,0.007393414786529621
HU230000,ELEC,OFAR,0.009763458820852314
HU230000,ELEC,VSET,0.0
HU230000,ELEC,FALL,0.0
HU230000,EGAS,SWHE,0.0001092284093684466
HU230000,EGAS,DWHE,0.001454635070650545
HU230000,EGAS,RYEM,0.0009142383931189137
HU230000,EGAS,BARL,0.0001103978578107893
HU230000,EGAS,OATS,0.0006690396216213187
HU230000,EGAS,MAIZ,0.0001099249788088146
HU230000,EGAS,OCER,0.000189814547359415
HU230000,EGAS,RAPE,0.0004056909299075
HU230000,EGAS,SUNF,0.0001047482052859619
HU230000,EGAS,SOYA,0.001029598275065755
HU230000,EGAS,PULS,0.0
HU230000,EGAS,POTA,0.0
HU230000,EGAS,SUGB,0.0
HU230000,EGAS,MAIF,0.0
HU230000,EGAS,OFAR,0.0
HU230000,EGAS,VSET,0.0
HU230000,EGAS,FALL,0.0
HU230000,EFUL,SWHE,0.0691568702930984
HU230000,EFUL,DWHE,0.06338826628570864
HU230000,EFUL,RYEM,0.07849726189360137
HU230000,EFUL,BARL,0.07732421200365748
HU230000,EFUL,OATS,0.05728044713084951
HU230000,EFUL,MAIZ,0.1047889917879147
HU230000,EFUL,OCER,0.07382374149789958
HU230000,EFUL,RAPE,0.07693431746337114
HU230000,EFUL,SUNF,0.0730351282250278
HU230000,EFUL,SOYA,0.08006654843854491
HU230000,EFUL,PULS,0.08254606406726084
HU230000,EFUL,POTA,0.1718678009400701
HU230000,EFUL,SUGB,0.1183330287279569
HU230000,EFUL,MAIF,0.1054108372279574
HU230000,EFUL,OFAR,0.08442103586128964
HU230000,EFUL,FALL,0.0
HU230000,ELUB,SWHE,0.003380233956774122
HU230000,ELUB,DWHE,0.003673829942650492
HU230000,ELUB,RYEM,0.005374513776970265
HU230000,ELUB,BARL,0.004419996852757636
HU230000,ELUB,OATS,0.004003220179090723
HU230000,ELUB,MAIZ,0.004381913082160788
HU230000,ELUB,OCER,0.004106626028773458
HU230000,ELUB,RAPE,0.003676617600837942
HU230000,ELUB,SUNF,0.003648034866916688
HU230000,ELUB,SOYA,0.003587394352259913
HU230000,ELUB,PULS,0.003787472484524925
HU230000,ELUB,POTA,0.006737708397847717
HU230000,ELUB,SUGB,0.005577070827696857
HU230000,ELUB,MAIF,0.005933424767274173
HU230000,ELUB,OFAR,0.005264249553899088
HU230000,ELUB,FALL,0.0
HU230000,INPO,SWHE,0.04809487933364261
HU230000,INPO,DWHE,0.02459289169718568
HU230000,INPO,RYEM,0.02153527410480615
HU230000,INPO,BARL,0.03579147199977369
HU230000,INPO,OATS,0.0169323464437169
HU230000,INPO,MAIZ,0.07183775900284119
HU230000,INPO,OCER,0.02638366724939366
HU230000,INPO,RAPE,0.05084184331096811
HU230000,INPO,SUNF,0.05673309742574571
HU230000,INPO,SOYA,0.04526803454549197
HU230000,INPO,PULS,0.03973404697267013
HU230000,INPO,POTA,0.3093562354815528
HU230000,INPO,SUGB,0.2569820840222804
HU230000,INPO,MAIF,0.03964024842216199
HU230000,INPO,OFAR,0.02038235711954958
HU230000,INPO,FALL,0.0
HU310000,SEED,SWHE,0.01879478914763175
HU310000,SEED,RYEM,0.008416630169549771
HU310000,SEED,BARL,0.0128772318226312
HU310000,SEED,OATS,0.007935271840109006
HU310000,SEED,MAIZ,0.02893580791293635
HU310000,SEED,OCER,0.01302253796877475
HU310000,SEED,RAPE,0.02086530879863441
HU310000,SEED,SUNF,0.02214770444967574
HU310000,SEED,PULS,0.02337986203102007
HU310000,SEED,POTA,0.1078158530695216
HU310000,SEED,SUGB,0.1002699435285271
HU310000,SEED,MAIF,0.01434345464615731
HU310000,SEED,OFAR,0.006975205929101577
HU310000,SEED,VSET,0.0
HU310000,SEED,FALL,0.0
HU310000,PLAP,SWHE,0.02053814498534518
HU310000,PLAP,RYEM,0.0101151909098254
HU310000,PLAP,BARL,0.01700898898581364
HU310000,PLAP,OATS,0.01050729662905053
HU310000,PLAP,MAIZ,0.03087760313322379
HU310000,PLAP,OCER,0.01617893958794829
HU310000,PLAP,RAPE,0.02714858788372809
HU310000,PLAP,SUNF,0.02872140129846827
HU310000,PLAP,PULS,0.01522201678415485
HU310000,PLAP,POTA,0.1612416304779655
HU310000,PLAP,SUGB,0.1160975755759085
HU310000,PLAP,MAIF,0.02256858030312794
HU310000,PLAP,OFAR,0.002752432730737457
HU310000,PLAP,VSET,0.0
HU310000,PLAP,FALL,0.0
HU310000,FERT,SWHE,1.029749844136409
HU310000,FERT,RYEM,0.6851308372838272
HU310000,FERT,BARL,0.8197400045438709
HU310000,FERT,OATS,0.7763841692374672
HU310000,FERT,MAIZ,1.280809210262919
HU310000,FERT,OCER,0.8834360675654842
HU310000,FERT,RAPE,0.8827083090881778
HU310000,FERT,SUNF,0.9182163323024757
HU310000,FERT,PULS,0.3373096100669002
HU310000,FERT,POTA,1.109614622217898
HU310000,FERT,SUGB,2.408313822849363
HU310000,FERT,MAIF,0.9049341323103943
HU310000,FERT,OFAR,0.5489958282402796
HU310000,FERT,VSET,0.0
HU310000,FERT,FALL,0.0
HU310000,REPM,SWHE,0.01581598906225817
HU310000,REPM,RYEM,0.008326405144161905
HU310000,REPM,BARL,0.01403519156334653
HU310000,REPM,OATS,0.008795972929134002
HU310000,REPM,MAIZ,0.02581223176008205
HU310000,REPM,OCER,0.01121879522767062
HU310000,REPM,RAPE,0.01812886233917721
HU310000,REPM,SUNF,0.02045786843151717
HU310000,REPM,PULS,0.02135193785418609
HU310000,REPM,POTA,0.1140700228007955
HU310000,REPM,SUGB,0.07919209330370557
HU310000,REPM,MAIF,0.01802996996183727
HU310000,REPM,OFAR,0.00442878965692497
HU310000,REPM,FALL,0.0
HU310000,REPB,SWHE,0.003019828010207713
HU310000,REPB,RYEM,0.001664346963358635
HU310000,REPB,BARL,0.00262461867878731
HU310000,REPB,OATS,0.001793275780431764
HU310000,REPB,MAIZ,0.004679049100636845
HU310000,REPB,OCER,0.002105703016019598
HU310000,REPB,RAPE,0.003499965239725259
HU310000,REPB,SUNF,0.00386817209242939
HU310000,REPB,PULS,0.0042190515766064
HU310000,REPB,POTA,0.02176108319952901
HU310000,REPB,SUGB,0.01401168569558985
HU310000,REPB,MAIF,0.003416750082566399
HU310000,REPB,OFAR,0.001154310528684164
HU310000,REPB,FALL,0.0
HU310000,ELEC,SWHE,0.0108903379466478
HU310000,ELEC,RYEM,0.00308596045463909
HU310000,ELEC,BARL,0.009916385455645294
HU310000,ELEC,OATS,0.002980918811429295
HU310000,ELEC,MAIZ,0.0108038045395937
HU310000,ELEC,OCER,0.007528521791900723
HU310000,ELEC,RAPE,0.004638721340872877
HU310000,ELEC,SUNF,0.01078926967064352
HU310000,ELEC,PULS,0.001754770244503724
HU310000,ELEC,POTA,0.002291726569794337
HU310000,ELEC,SUGB,0.003404119667052199
HU310000,ELEC,MAIF,0.006573815612317888
HU310000,ELEC,OFAR,0.008812976806355743
HU310000,ELEC,VSET,0.0
HU310000,ELEC,FALL,0.0
HU310000,EGAS,SWHE,9.920072745883246e-05
HU310000,EGAS,RYEM,0.0006867716564710109
HU310000,EGAS,BARL,0.0001010244801515447
HU310000,EGAS,OATS,0.0006690405665385831
HU310000,EGAS,MAIZ,9.901241214029189e-05
HU310000,EGAS,OCER,0.0001999821672090379
HU310000,EGAS,RAPE,0.0003880896224750451
HU310000,EGAS,SUNF,0.0001022051133073159
HU310000,EGAS,PULS,0.0
HU310000,EGAS,POTA,0.0
HU310000,EGAS,SUGB,0.0
HU310000,EGAS,MAIF,0.0
HU310000,EGAS,OFAR,0.0
HU310000,EGAS,VSET,0.0
HU310000,EGAS,FALL,0.0
HU310000,EFUL,SWHE,0.06278422960461602
HU310000,EFUL,RYEM,0.05918573685023966
HU310000,EFUL,BARL,0.07075928645412315
HU310000,EFUL,OATS,0.05728052389752447
HU310000,EFUL,MAIZ,0.0944227976634757
HU310000,EFUL,OCER,0.07769586323371733
HU310000,EFUL,RAPE,0.0736455974593581
HU310000,EFUL,SUNF,0.0712775786963595
HU310000,EFUL,PULS,0.08083651429696108
HU310000,EFUL,POTA,0.1728464662656573
HU310000,EFUL,SUGB,0.1093105542734114
HU310000,EFUL,MAIF,0.09367315681709873
HU310000,EFUL,OFAR,0.06618887259141124
HU310000,EFUL,FALL,0.0
HU310000,ELUB,SWHE,0.003071220564167922
HU310000,ELUB,RYEM,0.004044623527429072
HU310000,ELUB,BARL,0.004040177166033649
HU310000,ELUB,OATS,0.004003225397828824
HU310000,ELUB,MAIZ,0.003945366905256056
HU310000,ELUB,OCER,0.00433512220286209
HU310000,ELUB,RAPE,0.003516723269737411
HU310000,ELUB,SUNF,0.003553940676112338
HU310000,ELUB,PULS,0.003729834160753259
HU310000,ELUB,POTA,0.006778278992892401
HU310000,ELUB,SUGB,0.005152917447734974
HU310000,ELUB,MAIF,0.005265188781037804
HU310000,ELUB,OFAR,0.005146886020118487
HU310000,ELUB,FALL,0.0
HU310000,INPO,SWHE,0.04097132990549563
HU310000,INPO,RYEM,0.01624148434133513
HU310000,INPO,BARL,0.03084701666206417
HU310000,INPO,OATS,0.01693238545106897
HU310000,INPO,MAIZ,0.06035148895736493
HU310000,INPO,OCER,0.02854570905864295
HU310000,INPO,RAPE,0.0472027491448818
HU310000,INPO,SUNF,0.05434239186888715
HU310000,INPO,PULS,0.03909236534320809
HU310000,INPO,POTA,0.3125740158004804
HU310000,INPO,SUGB,0.2256016715760555
HU310000,INPO,MAIF,0.03247054813308731
HU310000,INPO,OFAR,0.01824052910674977
HU310000,INPO,FALL,0.0
HU320000,SEED,SWHE,0.02027203377898674
HU320000,SEED,DWHE,0.01781336016502218
HU320000,SEED,RYEM,0.007367888526855944
HU320000,SEED,BARL,0.01365546479054244
HU320000,SEED,OATS,0.007935272360122026
HU320000,SEED,MAIZ,0.031391255712089
HU320000,SEED,OCER,0.010164933070663
HU320000,SEED,RAPE,0.02202806764519158
HU320000,SEED,SUNF,0.02372146925874012
HU320000,SEED,PULS,0.02908550862127747
HU320000,SEED,POTA,0.105641118599626
HU320000,SEED,SUGB,0.1063441951237188
HU320000,SEED,MAIF,0.01539944839537932
HU320000,SEED,OFAR,0.01072902935559074
HU320000,SEED,VSET,0.0
HU320000,SEED,FALL,0.0
HU320000,PLAP,SWHE,0.02149989632413966
HU320000,PLAP,DWHE,0.02205139387272101
HU320000,PLAP,RYEM,0.008843837976920123
HU320000,PLAP,BARL,0.01761721075993805
HU320000,PLAP,OATS,0.01050729661292588
HU320000,PLAP,MAIZ,0.03241359334269087
HU320000,PLAP,OCER,0.01405171553867355
HU320000,PLAP,RAPE,0.02806699654639359
HU320000,PLAP,SUNF,0.02995246525753889
HU320000,PLAP,PULS,0.01764538586009282
HU320000,PLAP,POTA,0.1593169285168002
HU320000,PLAP,SUGB,0.1203974789011905
HU320000,PLAP,MAIF,0.02352684895620664
HU320000,PLAP,OFAR,0.007597150683033054
HU320000,PLAP,VSET,0.0
HU320000,PLAP,FALL,0.0
HU320000,FERT,SWHE,1.1026819075909
HU320000,FERT,DWHE,1.002542035235493
HU320000,FERT,RYEM,0.6242365960494284
HU320000,FERT,BARL,0.8501184398397278
HU320000,FERT,OATS,0.7754474869920661
HU320000,FERT,MAIZ,1.415486840274951
HU320000,FERT,OCER,0.6458916306092658
HU320000,FERT,RAPE,0.9399267204490734
HU320000,FERT,SUNF,0.9908514633303274
HU320000,FERT,PULS,0.4139744375014519
HU320000,FERT,POTA,1.082627372050245
HU320000,FERT,SUGB,2.573136413153491
HU320000,FERT,MAIF,0.9858458121800346
HU320000,FERT,OFAR,0.875076287605483
HU320000,FERT,VSET,0.0
HU320000,FERT,FALL,0.0
HU320000,REPM,SWHE,0.01609887403351501
HU320000,REPM,DWHE,0.01454047834269213
HU320000,REPM,RYEM,0.007278777910136791
HU320000,REPM,BARL,0.01422354001229919
HU320000,REPM,OATS,0.008795972886393636
HU320000,REPM,MAIZ,0.02629712324740616
HU320000,REPM,OCER,0.01050397807816369
HU320000,REPM,RAPE,0.01836521496298862
HU320000,REPM,SUNF,0.02078532383638534
HU320000,REPM,PULS,0.02235163844728365
HU320000,REPM,POTA,0.1135387924128807
HU320000,REPM,SUGB,0.0803594337907676
HU320000,REPM,MAIF,0.01827064176582379
HU320000,REPM,OFAR,0.00890736280292765
HU320000,REPM,FALL,0.0
HU320000,REPB,SWHE,0.003073835325754627
HU320000,REPB,DWHE,0.00296142812172032
HU320000,REPB,RYEM,0.001455116736500988
HU320000,REPB,BARL,0.002659863599734927
HU320000,REPB,OATS,0.001793275777877617
HU320000,REPB,MAIZ,0.004767339247933082
HU320000,REPB,OCER,0.001992288947184693
HU320000,REPB,RAPE,0.003545624787937575
HU320000,REPB,SUNF,0.00393229458469581
HU320000,REPB,PULS,0.004428127418581182
HU320000,REPB,POTA,0.02166170695407124
HU320000,REPB,SUGB,0.01421813391366455
HU320000,REPB,MAIF,0.00346267947888723
HU320000,REPB,OFAR,0.001514417310169896
HU320000,REPB,FALL,0.0
HU320000,ELEC,SWHE,0.01118668802454904
HU320000,ELEC,DWHE,0.001397511853280296
HU320000,ELEC,RYEM,0.002703692229481227
HU320000,ELEC,BARL,0.01011934247582976
HU320000,ELEC,OATS,0.00298091880865482
HU320000,ELEC,MAIZ,0.01111517048211299
HU320000,ELEC,OCER,0.00694623133254827
HU320000,ELEC,RAPE,0.004730558295538026
HU320000,ELEC,SUNF,0.0110592352055234
HU320000,ELEC,PULS,0.001874414025261165
HU320000,ELEC,POTA,0.002275319719636232
HU320000,ELEC,SUGB,0.003478375802773224
HU320000,ELEC,MAIF,0.006734412016602548
HU320000,ELEC,OFAR,0.01216916851715213
HU320000,ELEC,VSET,0.0
HU320000,ELEC,FALL,0.0
HU320000,EGAS,SWHE,0.0001019022597785435
HU320000,EGAS,DWHE,0.001375301586571313
HU320000,EGAS,RYEM,0.0006026429291909625
HU320000,EGAS,BARL,0.0001031009762245307
HU320000,EGAS,OATS,0.0006690405658745867
HU320000,EGAS,MAIZ,0.0001018584269454183
HU320000,EGAS,OCER,0.0001808212422258975
HU320000,EGAS,RAPE,0.000395759852685357
HU320000,EGAS,SUNF,0.000104757158744856
HU320000,EGAS,PULS,0.0
HU320000,EGAS,POTA,0.0
HU320000,EGAS,SUGB,0.0
HU320000,EGAS,MAIF,0.0
HU320000,EGAS,OFAR,0.0
HU320000,EGAS,VSET,0.0
HU320000,EGAS,FALL,0.0
HU320000,EFUL,SWHE,0.06449249341072819
HU320000,EFUL,DWHE,0.05993032271604745
HU320000,EFUL,RYEM,0.05181581234862844
HU320000,EFUL,BARL,0.07221347043560428
HU320000,EFUL,OATS,0.05728052393431503
HU320000,EFUL,MAIZ,0.09714546243219194
HU320000,EFUL,OCER,0.07031880621723147
HU320000,EFUL,RAPE,0.0751083968341618
HU320000,EFUL,SUNF,0.07306590390122485
HU320000,EFUL,PULS,0.0868983278052703
HU320000,EFUL,POTA,0.1717642714884187
HU320000,EFUL,SUGB,0.1117406360722772
HU320000,EFUL,MAIF,0.09601427663697787
HU320000,EFUL,OFAR,0.1119116562664961
HU320000,EFUL,FALL,0.0
HU320000,ELUB,SWHE,0.003154955403198807
HU320000,ELUB,DWHE,0.003470180621901346
HU320000,ELUB,RYEM,0.003545292044636949
HU320000,ELUB,BARL,0.004125677822833512
HU320000,ELUB,OATS,0.004003225389364993
HU320000,ELUB,MAIZ,0.004058406277589674
HU320000,ELUB,OCER,0.003912032779096151
HU320000,ELUB,RAPE,0.003586136658195786
HU320000,ELUB,SUNF,0.003639184381978534
HU320000,ELUB,PULS,0.003995689347308446
HU320000,ELUB,POTA,0.006729823820436147
HU320000,ELUB,SUGB,0.005265172981656043
HU320000,ELUB,MAIF,0.005404458338105662
HU320000,ELUB,OFAR,0.006159426705856549
HU320000,ELUB,FALL,0.0
HU320000,INPO,SWHE,0.04288999779613026
HU320000,INPO,DWHE,0.02231347476562122
HU320000,INPO,RYEM,0.01421702002526592
HU320000,INPO,BARL,0.03194800408396968
HU320000,INPO,OATS,0.01693238544820377
HU320000,INPO,MAIZ,0.06336268793499461
HU320000,INPO,OCER,0.02432824945215616
HU320000,INPO,RAPE,0.04879212942078869
HU320000,INPO,SUNF,0.05660314978641318
HU320000,INPO,PULS,0.04373254337994756
HU320000,INPO,POTA,0.3087208793869147
HU320000,INPO,SUGB,0.2339970749792065
HU320000,INPO,MAIF,0.03393753169611266
HU320000,INPO,OFAR,0.02803554069556484
HU320000,INPO,FALL,0.0
HU330000,SEED,SWHE,0.02167671639319937
HU330000,SEED,DWHE,0.02172641667451646
HU330000,SEED,RYEM,0.006589346788630972
HU330000,SEED,BARL,0.01510019074827913
HU330000,SEED,OATS,0.007935272423642222
HU330000,SEED,MAIZ,0.03283030360260047
HU330000,SEED,OCER,0.01339047674906794
HU330000,SEED,RAPE,0.02329097830399315
HU330000,SEED,SUNF,0.02559484913835299
HU330000,SEED,SOYA,0.03148748331374795
HU330000,SEED,PULS,0.02819070669250707
HU330000,SEED,POTA,0.1332937993356737
HU330000,SEED,SUGB,0.1065899167684849
HU330000,SEED,MAIF,0.01785286145377073
HU330000,SEED,OFAR,0.008200336393728646
HU330000,SEED,VSET,0.0
HU330000,SEED,FALL,0.0
HU330000,PLAP,SWHE,0.02241940217342846
HU330000,PLAP,DWHE,0.0247867212638037
HU330000,PLAP,RYEM,0.0080109102025394
HU330000,PLAP,BARL,0.01875903056455872
HU330000,PLAP,OATS,0.01050729623614042
HU330000,PLAP,MAIZ,0.03328825118675708
HU330000,PLAP,OCER,0.01656654801146305
HU330000,PLAP,RAPE,0.02902426572017597
HU330000,PLAP,SUNF,0.03141902192798309
HU330000,PLAP,SOYA,0.03448990779064021
HU330000,PLAP,PULS,0.01751623990967353
HU330000,PLAP,POTA,0.184022923089234
HU330000,PLAP,SUGB,0.1205559501392577
HU330000,PLAP,MAIF,0.02576477032033425
HU330000,PLAP,OFAR,0.00586205275916828
HU330000,PLAP,VSET,0.0
HU330000,PLAP,FALL,0.0
HU330000,FERT,SWHE,1.192279300666771
HU330000,FERT,DWHE,1.235688678519288
HU330000,FERT,RYEM,0.5507296023502432
HU330000,FERT,BARL,0.936160625820459
HU330000,FERT,OATS,0.7810720641378606
HU330000,FERT,MAIZ,1.503869914053835
HU330000,FERT,OCER,0.9085855626192845
HU330000,FERT,RAPE,1.010392208668145
HU330000,FERT,SUNF,1.089229004812194
HU330000,FERT,SOYA,0.7517685346373985
HU330000,FERT,PULS,0.4023136433122232
HU330000,FERT,POTA,1.430129652063548
HU330000,FERT,SUGB,2.595038513881231
HU330000,FERT,MAIF,1.177583560886816
HU330000,FERT,OFAR,0.66887792995172
HU330000,FERT,VSET,0.0
HU330000,FERT,FALL,0.0
HU330000,REPM,SWHE,0.0163698775251941
HU330000,REPM,DWHE,0.01522451766342795
HU330000,REPM,RYEM,0.006603752218295952
HU330000,REPM,BARL,0.0145922609258661
HU330000,REPM,OATS,0.008795972734337361
HU330000,REPM,MAIZ,0.02657305470394649
HU330000,REPM,OCER,0.011308236930763
HU330000,REPM,RAPE,0.01862336352581865
HU330000,REPM,SUNF,0.02119058792224417
HU330000,REPM,SOYA,0.02060202639315701
HU330000,REPM,PULS,0.02214473087520282
HU330000,REPM,POTA,0.120145702060153
HU330000,REPM,SUGB,0.08042498035013645
HU330000,REPM,MAIF,0.01894548548152171
HU330000,REPM,OFAR,0.00810034705537444
HU330000,REPM,FALL,0.0
HU330000,REPB,SWHE,0.003125542127736471
HU330000,REPB,DWHE,0.003100369954350677
HU330000,REPB,RYEM,0.001319062272030528
HU330000,REPB,BARL,0.002728768964229523
HU330000,REPB,OATS,0.001793275731993876
HU330000,REPB,MAIZ,0.004819065536291231
HU330000,REPB,OCER,0.002128602322808665
HU330000,REPB,RAPE,0.003595202712800973
HU330000,REPB,SUNF,0.004008639443425149
HU330000,REPB,SOYA,0.003954158552949184
HU330000,REPB,PULS,0.004394249919202453
HU330000,REPB,POTA,0.0229332309023347
HU330000,REPB,SUGB,0.01422960268305567
HU330000,REPB,MAIF,0.003590512481408616
HU330000,REPB,OFAR,0.001381035223586574
HU330000,REPB,FALL,0.0
HU330000,ELEC,SWHE,0.01146878134944895
HU330000,ELEC,DWHE,0.001498477412358688
HU330000,ELEC,RYEM,0.002401055735365887
HU330000,ELEC,BARL,0.01051520075443337
HU330000,ELEC,OATS,0.002980918746974245
HU330000,ELEC,MAIZ,0.0112969124087616
HU330000,ELEC,OCER,0.0076546985544271
HU330000,ELEC,RAPE,0.004829329283747937
HU330000,ELEC,SUNF,0.0113821460000188
HU330000,ELEC,SOYA,0.002281878313223391
HU330000,ELEC,PULS,0.00184133298785738
HU330000,ELEC,POTA,0.002476773998514063
HU330000,ELEC,SUGB,0.003480385580626921
HU330000,ELEC,MAIF,0.007107379292195582
HU330000,ELEC,OFAR,0.01049079000449466
HU330000,ELEC,VSET,0.0
HU330000,ELEC,FALL,0.0
HU330000,EGAS,SWHE,0.0001044859009210749
HU330000,EGAS,DWHE,0.001475072252025465
HU330000,EGAS,RYEM,0.0005271326581097698
HU330000,EGAS,BARL,0.0001071160609644123
HU330000,EGAS,OATS,0.0006690405706057106
HU330000,EGAS,MAIZ,0.0001034896154155797
HU330000,EGAS,OCER,0.0002021837789744948
HU330000,EGAS,RAPE,0.0004041486665391691
HU330000,EGAS,SUNF,0.0001078185524132135
HU330000,EGAS,SOYA,0.0009906595650260373
HU330000,EGAS,PULS,0.0
HU330000,EGAS,POTA,0.0
HU330000,EGAS,SUGB,0.0
HU330000,EGAS,MAIF,0.0
HU330000,EGAS,OFAR,0.0
HU330000,EGAS,VSET,0.0
HU330000,EGAS,FALL,0.0
HU330000,EFUL,SWHE,0.06611718641846594
HU330000,EFUL,DWHE,0.06427596888613084
HU330000,EFUL,RYEM,0.04622409388070959
HU330000,EFUL,BARL,0.07502516255116808
HU330000,EFUL,OATS,0.05728052568225232
HU330000,EFUL,MAIZ,0.09874061558816903
HU330000,EFUL,OCER,0.0785572231209283
HU330000,EFUL,RAPE,0.07663305015342416
HU330000,EFUL,SUNF,0.07519985656349909
HU330000,EFUL,SOYA,0.07704284399138521
HU330000,EFUL,PULS,0.08587511689172603
HU330000,EFUL,POTA,0.1877915954955592
HU330000,EFUL,SUGB,0.1118732319923948
HU330000,EFUL,MAIF,0.1013193032734245
HU330000,EFUL,OFAR,0.0910647964513852
HU330000,EFUL,FALL,0.0
HU330000,ELUB,SWHE,0.003235547234491638
HU330000,ELUB,DWHE,0.003723663944924412
HU330000,ELUB,RYEM,0.003136569661752455
HU330000,ELUB,BARL,0.004280524505006079
HU330000,ELUB,OATS,0.004003225276877521
HU330000,ELUB,MAIZ,0.004121811813065344
HU330000,ELUB,OCER,0.004378749263399994
HU330000,ELUB,RAPE,0.003662957085786114
HU330000,ELUB,SUNF,0.003746285630938761
HU330000,ELUB,SOYA,0.003451777733882227
HU330000,ELUB,PULS,0.00393312896042144
HU330000,ELUB,POTA,0.007325883630378704
HU330000,ELUB,SUGB,0.005268087716304052
HU330000,ELUB,MAIF,0.005701520062690847
HU330000,ELUB,OFAR,0.005640572293876931
HU330000,ELUB,FALL,0.0
HU330000,INPO,SWHE,0.04472445381544115
HU330000,INPO,DWHE,0.02516387660900486
HU330000,INPO,RYEM,0.01271988269073339
HU330000,INPO,BARL,0.03402618687705799
HU330000,INPO,OATS,0.01693238564909869
HU330000,INPO,MAIZ,0.06511689419987331
HU330000,INPO,OCER,0.02907159533804092
HU330000,INPO,RAPE,0.05052490072291858
HU330000,INPO,SUNF,0.05938868464621805
HU330000,INPO,SOYA,0.04244940327124584
HU330000,INPO,PULS,0.04229086893559147
HU330000,INPO,POTA,0.3559627481343999
HU330000,INPO,SUGB,0.2343540457473201
HU330000,INPO,MAIF,0.03714703571386591
HU330000,INPO,OFAR,0.02235420705597755
HU330000,INPO,FALL,0.0
LT000000,SEED,SWHE,0.01496082478906145
LT000000,SEED,RYEM,0.007492304141972849
LT000000,SEED,BARL,0.00839075645179497
LT000000,SEED,OATS,0.003723386603037412
LT000000,SEED,OCER,0.008787949848880152
LT000000,SEED,RAPE,0.01473143372400056
LT000000,SEED,PULS,0.006834681700648784
LT000000,SEED,POTA,0.02739574614486814
LT000000,SEED,SUGB,0.06040675593881173
LT000000,SEED,MAIF,0.007403032046596697
LT000000,SEED,OFAR,0.006766835985194825
LT000000,SEED,VSET,0.0
LT000000,SEED,FALL,0.0
LT000000,PLAP,SWHE,0.01661346524163378
LT000000,PLAP,RYEM,0.00701482307985642
LT000000,PLAP,BARL,0.01349620062938179
LT000000,PLAP,OATS,0.005018938389135484
LT000000,PLAP,OCER,0.01217084036466305
LT000000,PLAP,RAPE,0.02521486045929959
LT000000,PLAP,PULS,0.005400494643353103
LT000000,PLAP,POTA,0.06563557203477832
LT000000,PLAP,SUGB,0.1191561104518173
LT000000,PLAP,MAIF,0.01679136598099819
LT000000,PLAP,OFAR,0.004062924765037269
LT000000,PLAP,VSET,0.0
LT000000,PLAP,FALL,0.0
LT000000,FERT,SWHE,1.446720197254841
LT000000,FERT,RYEM,0.9479256347817959
LT000000,FERT,BARL,0.9634079696836546
LT000000,FERT,OATS,0.7467036572147963
LT000000,FERT,OCER,1.636514396555151
LT000000,FERT,RAPE,1.150801196995745
LT000000,FERT,PULS,0.5911479874108112
LT000000,FERT,POTA,1.142712781854601
LT000000,FERT,SUGB,2.318581227986011
LT000000,FERT,MAIF,1.660264904284871
LT000000,FERT,OFAR,0.8186227581509823
LT000000,FERT,VSET,0.0
LT000000,FERT,FALL,0.0
LT000000,REPM,SWHE,0.01301098920875943
LT000000,REPM,RYEM,0.006297761975353684
LT000000,REPM,BARL,0.009415461527905832
LT000000,REPM,OATS,0.003775887382299667
LT000000,REPM,OCER,0.008365497662777721
LT000000,REPM,RAPE,0.01550955308439877
LT000000,REPM,PULS,0.006655035408925243
LT000000,REPM,POTA,0.03194476819089286
LT000000,REPM,SUGB,0.07745845865145029
LT000000,REPM,MAIF,0.01047872869526548
LT000000,REPM,OFAR,0.006876017570739253
LT000000,REPM,FALL,0.0
LT000000,REPB,SWHE,0.00600632525357921
LT000000,REPB,RYEM,0.00327960071529724
LT000000,REPB,BARL,0.003959575185686183
LT000000,REPB,OATS,0.001368234893864431
LT000000,REPB,OCER,0.005530725775146648
LT000000,REPB,RAPE,0.006725357515113991
LT000000,REPB,PULS,0.003775385752161529
LT000000,REPB,POTA,0.008429601394447137
LT000000,REPB,SUGB,0.01841313297221016
LT000000,REPB,MAIF,0.003628275159552721
LT000000,REPB,OFAR,0.002110539356260569
LT000000,REPB,FALL,0.0
LT000000,ELEC,SWHE,0.00568255047916937
LT000000,ELEC,RYEM,0.004377808016172388
LT000000,ELEC,BARL,0.005327563192524593
LT000000,ELEC,OATS,0.004982627456174601
LT000000,ELEC,OCER,0.005824975662359463
LT000000,ELEC,RAPE,0.005705955693793131
LT000000,ELEC,PULS,0.003151160328858886
LT000000,ELEC,POTA,0.00486288507742513
LT000000,ELEC,SUGB,0.002654280321388751
LT000000,ELEC,MAIF,0.001874988805966288
LT000000,ELEC,OFAR,0.005458813377577921
LT000000,ELEC,VSET,0.0
LT000000,ELEC,FALL,0.0
LT000000,EGAS,SWHE,4.056336260860992e-05
LT000000,EGAS,RYEM,0.001457163146423809
LT000000,EGAS,BARL,2.633004581476705e-05
LT000000,EGAS,OATS,0.001250337142706481
LT000000,EGAS,OCER,0.001014608163087087
LT000000,EGAS,RAPE,0.001203201591546613
LT000000,EGAS,PULS,0.0
LT000000,EGAS,POTA,0.0
LT000000,EGAS,SUGB,0.0
LT000000,EGAS,MAIF,0.0
LT000000,EGAS,OFAR,0.0
LT000000,EGAS,VSET,0.0
LT000000,EGAS,FALL,0.0
LT000000,EFUL,SWHE,0.1114298554442221
LT000000,EFUL,RYEM,0.05862290248816368
LT000000,EFUL,BARL,0.0838216669560163
LT000000,EFUL,OATS,0.05010859621862988
LT000000,EFUL,OCER,0.09085781175763599
LT000000,EFUL,RAPE,0.1095377242989806
LT000000,EFUL,PULS,0.08385669170281593
LT000000,EFUL,POTA,0.109254520330815
LT000000,EFUL,SUGB,0.1794868752438714
LT000000,EFUL,MAIF,0.09950405328099798
LT000000,EFUL,OFAR,0.1015992413845192
LT000000,EFUL,FALL,0.0
LT000000,ELUB,SWHE,0.004173775068739986
LT000000,ELUB,RYEM,0.003861657447498324
LT000000,ELUB,BARL,0.004003713340576072
LT000000,ELUB,OATS,0.003766370629920317
LT000000,ELUB,OCER,0.003994606158359555
LT000000,ELUB,RAPE,0.003705731854565666
LT000000,ELUB,PULS,0.003978648487563832
LT000000,ELUB,POTA,0.006194913700572355
LT000000,ELUB,SUGB,0.005282305614486124
LT000000,ELUB,MAIF,0.005035505589904226
LT000000,ELUB,OFAR,0.004967586160158084
LT000000,ELUB,FALL,0.0
LT000000,INPO,SWHE,0.02810015588524314
LT000000,INPO,RYEM,0.01216010517751916
LT000000,INPO,BARL,0.0179130787734409
LT000000,INPO,OATS,0.004259119436104132
LT000000,INPO,OCER,0.02062142197687576
LT000000,INPO,RAPE,0.03066874378962741
LT000000,INPO,PULS,0.01196114857432567
LT000000,INPO,POTA,0.05439639463976852
LT000000,INPO,SUGB,0.2055112848508702
LT000000,INPO,MAIF,0.009585714433867267
LT000000,INPO,OFAR,0.008244225114752703
LT000000,INPO,FALL,0.0
LV000000,SEED,SWHE,0.01671634257219917
LV000000,SEED,RYEM,0.008609873698844858
LV000000,SEED,BARL,0.008075121267911576
LV000000,SEED,OATS,0.005854533543649303
LV000000,SEED,OCER,0.008864413133244112
LV000000,SEED,RAPE,0.02237799162929041
LV000000,SEED,PULS,0.0104841056698491
LV000000,SEED,POTA,0.05286917262780046
LV000000,SEED,SUGB,0.07621417906161299
LV000000,SEED,MAIF,0.005586082428410584
LV000000,SEED,OFAR,0.002687510929945432
LV000000,SEED,VSET,0.0
LV000000,SEED,FALL,0.0
LV000000,PLAP,SWHE,0.01334385614816029
LV000000,PLAP,RYEM,0.006391868733452245
LV000000,PLAP,BARL,0.007862956245651122
LV000000,PLAP,OATS,0.005850140670264166
LV000000,PLAP,OCER,0.01186626327264517
LV000000,PLAP,RAPE,0.02335610544795801
LV000000,PLAP,PULS,0.006658491799540577
LV000000,PLAP,POTA,0.06434625951363357
LV000000,PLAP,SUGB,0.0783719042803544
LV000000,PLAP,MAIF,0.006736639270609717
LV000000,PLAP,OFAR,0.002294075095215499
LV000000,PLAP,VSET,0.0
LV000000,PLAP,FALL,0.0
LV000000,FERT,SWHE,0.5464175547683598
LV000000,FERT,RYEM,0.4930309072475851
LV000000,FERT,BARL,0.3828775370315258
LV000000,FERT,OATS,0.363604842664906
LV000000,FERT,OCER,0.3007472431088174
LV000000,FERT,RAPE,0.5985149122780795
LV000000,FERT,PULS,0.2822398606579398
LV000000,FERT,POTA,0.5216369038030005
LV000000,FERT,SUGB,1.273608771542693
LV000000,FERT,MAIF,0.7919076473879262
LV000000,FERT,OFAR,0.3452629641735369
LV000000,FERT,VSET,0.0
LV000000,FERT,FALL,0.0
LV000000,REPM,SWHE,0.01838529712905103
LV000000,REPM,RYEM,0.01342940344946328
LV000000,REPM,BARL,0.01296821492101899
LV000000,REPM,OATS,0.009099692199361143
LV000000,REPM,OCER,0.01245857235974817
LV000000,REPM,RAPE,0.02569073210149665
LV000000,REPM,PULS,0.0113347478624087
LV000000,REPM,POTA,0.06859316675383408
LV000000,REPM,SUGB,0.101193891586026
LV000000,REPM,MAIF,0.006391301532661854
LV000000,REPM,OFAR,0.003283782335256113
LV000000,REPM,FALL,0.0
LV000000,REPB,SWHE,0.004199417285495371
LV000000,REPB,RYEM,0.002819764657810479
LV000000,REPB,BARL,0.002948535324885317
LV000000,REPB,OATS,0.002300639088870647
LV000000,REPB,OCER,0.002627788408420192
LV000000,REPB,RAPE,0.004924224391220772
LV000000,REPB,PULS,0.002923634736700207
LV000000,REPB,POTA,0.01280843583708496
LV000000,REPB,SUGB,0.02061685336540826
LV000000,REPB,MAIF,0.001999319407607766
LV000000,REPB,OFAR,0.001556888766840001
LV000000,REPB,FALL,0.0
LV000000,ELEC,SWHE,0.003297349293816304
LV000000,ELEC,RYEM,0.003633525256904468
LV000000,ELEC,BARL,0.003113960564710731
LV000000,ELEC,OATS,0.002969997418077354
LV000000,ELEC,OCER,0.002906052528443802
LV000000,ELEC,RAPE,0.002567617310273052
LV000000,ELEC,PULS,0.001036739557684891
LV000000,ELEC,POTA,0.005361749714826038
LV000000,ELEC,SUGB,0.002277331500100126
LV000000,ELEC,MAIF,0.001047231901691545
LV000000,ELEC,OFAR,0.004650576021154486
LV000000,ELEC,VSET,0.0
LV000000,ELEC,FALL,0.0
LV000000,EGAS,SWHE,0.0001688443240130012
LV000000,EGAS,RYEM,0.000252215895876775
LV000000,EGAS,BARL,0.0001688443240129178
LV000000,EGAS,OATS,0.000163702935463165
LV000000,EGAS,OCER,0.0007274774380653572
LV000000,EGAS,RAPE,0.001171356076067555
LV000000,EGAS,PULS,0.0
LV000000,EGAS,POTA,0.0
LV000000,EGAS,SUGB,0.0
LV000000,EGAS,MAIF,0.0
LV000000,EGAS,OFAR,0.0
LV000000,EGAS,VSET,0.0
LV000000,EGAS,FALL,0.0
LV000000,EFUL,SWHE,0.08770843861832994
LV000000,EFUL,RYEM,0.07034680217846989
LV000000,EFUL,BARL,0.07071140108654568
LV000000,EFUL,OATS,0.05506791392219387
LV000000,EFUL,OCER,0.06639948372904454
LV000000,EFUL,RAPE,0.09608107477530911
LV000000,EFUL,PULS,0.04528815839614539
LV000000,EFUL,POTA,0.1943553935625488
LV000000,EFUL,SUGB,0.1307161736394298
LV000000,EFUL,MAIF,0.01721527462761376
LV000000,EFUL,OFAR,0.02924155926963452
LV000000,EFUL,FALL,0.0
LV000000,ELUB,SWHE,0.00352977645563791
LV000000,ELUB,RYEM,0.004413507042674051
LV000000,ELUB,BARL,0.004413752673495484
LV000000,ELUB,OATS,0.004535774230651163
LV000000,ELUB,OCER,0.004494834724060212
LV000000,ELUB,RAPE,0.004014404937182808
LV000000,ELUB,PULS,0.004309440990666731
LV000000,ELUB,POTA,0.007669813908709942
LV000000,ELUB,SUGB,0.005864110501963934
LV000000,ELUB,MAIF,0.005244380029034367
LV000000,ELUB,OFAR,0.002810852009660794
LV000000,ELUB,FALL,0.0
LV000000,INPO,SWHE,0.06067435063306049
LV000000,INPO,RYEM,0.03432182618877804
LV000000,INPO,BARL,0.03259309808647516
LV000000,INPO,OATS,0.01671157008203415
LV000000,INPO,OCER,0.03490558556822252
LV000000,INPO,RAPE,0.09345625949977106
LV000000,INPO,PULS,0.02803368742372114
LV000000,INPO,POTA,0.2379671695317357
LV000000,INPO,SUGB,0.3312203481221023
LV000000,INPO,MAIF,0.01403871750985583
LV000000,INPO,OFAR,0.006886440376924464
LV000000,INPO,FALL,0.0
PL110000,SEED,SWHE,0.007469052000747736
PL110000,SEED,RYEM,0.004535355398159298
PL110000,SEED,BARL,0.006919582543545058
PL110000,SEED,OATS,0.005518035344510545
PL110000,SEED,MAIZ,0.01295312930186469
PL110000,SEED,OCER,0.006941752298863964
PL110000,SEED,RAPE,0.0128663734557772
PL110000,SEED,PULS,0.009072126807890615
PL110000,SEED,POTA,0.02232108822715452
PL110000,SEED,SUGB,0.03649582292404161
PL110000,SEED,MAIF,0.01039995471125812
PL110000,SEED,OFAR,0.01102541227711983
PL110000,SEED,VSET,0.0
PL110000,SEED,FALL,0.0
PL110000,PLAP,SWHE,0.02028424475270495
PL110000,PLAP,RYEM,0.008348386510304066
PL110000,PLAP,BARL,0.01342342026495036
PL110000,PLAP,OATS,0.0098905334267934
PL110000,PLAP,MAIZ,0.03419549867066762
PL110000,PLAP,OCER,0.01382049399583965
PL110000,PLAP,RAPE,0.03326192304158994
PL110000,PLAP,PULS,0.02497350096048567
PL110000,PLAP,POTA,0.04655423230981234
PL110000,PLAP,SUGB,0.09883212948902932
PL110000,PLAP,MAIF,0.02546294796991943
PL110000,PLAP,OFAR,0.01882607548421506
PL110000,PLAP,VSET,0.0
PL110000,PLAP,FALL,0.0
PL110000,FERT,SWHE,1.264385055237969
PL110000,FERT,RYEM,0.9244107281883917
PL110000,FERT,BARL,1.074198120751989
PL110000,FERT,OATS,1.203013472429607
PL110000,FERT,MAIZ,1.734032456264783
PL110000,FERT,OCER,1.544516109530702
PL110000,FERT,RAPE,1.462422587462166
PL110000,FERT,PULS,0.4631500623599129
PL110000,FERT,POTA,1.609214544578338
PL110000,FERT,SUGB,2.962018448659881
PL110000,FERT,MAIF,2.97363510893554
PL110000,FERT,OFAR,1.177761790138652
PL110000,FERT,VSET,0.0
PL110000,FERT,FALL,0.0
PL110000,REPM,SWHE,0.02899443349170619
PL110000,REPM,RYEM,0.01258365046406709
PL110000,REPM,BARL,0.02074669410379263
PL110000,REPM,OATS,0.01601200282525662
PL110000,REPM,MAIZ,0.04501722862242917
PL110000,REPM,OCER,0.01967276157275376
PL110000,REPM,RAPE,0.0433339413153243
PL110000,REPM,PULS,0.03813552202091582
PL110000,REPM,POTA,0.07526944738820934
PL110000,REPM,SUGB,0.1461767044297142
PL110000,REPM,MAIF,0.03371881557896168
PL110000,REPM,OFAR,0.03108385969590501
PL110000,REPM,FALL,0.0
PL110000,REPB,SWHE,0.02084905175680206
PL110000,REPB,RYEM,0.009652761770721859
PL110000,REPB,BARL,0.01637131787468606
PL110000,REPB,OATS,0.01205501311568505
PL110000,REPB,MAIZ,0.03151813650760894
PL110000,REPB,OCER,0.01448569267608985
PL110000,REPB,RAPE,0.03019698866212847
PL110000,REPB,PULS,0.02633928863660885
PL110000,REPB,POTA,0.05613181075523704
PL110000,REPB,SUGB,0.1055640215719911
PL110000,REPB,MAIF,0.02468798958537285
PL110000,REPB,OFAR,0.022977218812912
PL110000,REPB,FALL,0.0
PL110000,ELEC,SWHE,0.01061731231614205
PL110000,ELEC,RYEM,0.009845723782682315
PL110000,ELEC,BARL,0.009999346319024374
PL110000,ELEC,OATS,0.0105262056824436
PL110000,ELEC,MAIZ,0.004211419402409423
PL110000,ELEC,OCER,0.01148383141355755
PL110000,ELEC,RAPE,0.006412069949423106
PL110000,ELEC,PULS,0.001959589984971601
PL110000,ELEC,POTA,0.007008582245288813
PL110000,ELEC,SUGB,0.004273795035162937
PL110000,ELEC,MAIF,0.004156806958234226
PL110000,ELEC,OFAR,0.006752854237465356
PL110000,ELEC,VSET,0.0
PL110000,ELEC,FALL,0.0
PL110000,EGAS,SWHE,0.001096914336091755
PL110000,EGAS,RYEM,0.0006697427253645091
PL110000,EGAS,BARL,0.001367679823072641
PL110000,EGAS,OATS,0.0008029796004362396
PL110000,EGAS,MAIZ,0.001793317287934272
PL110000,EGAS,OCER,0.001299313791060111
PL110000,EGAS,RAPE,0.001829140659358061
PL110000,EGAS,PULS,0.0
PL110000,EGAS,POTA,0.0
PL110000,EGAS,SUGB,0.0
PL110000,EGAS,MAIF,0.0
PL110000,EGAS,OFAR,0.0
PL110000,EGAS,VSET,0.0
PL110000,EGAS,FALL,0.0
PL110000,EFUL,SWHE,0.1120119561409113
PL110000,EFUL,RYEM,0.05986876904394234
PL110000,EFUL,BARL,0.09730846571044079
PL110000,EFUL,OATS,0.07813148960711896
PL110000,EFUL,MAIZ,0.1519863842984367
PL110000,EFUL,OCER,0.09380615741696571
PL110000,EFUL,RAPE,0.1488213858794634
PL110000,EFUL,PULS,0.1545512307943034
PL110000,EFUL,POTA,0.2930789956735119
PL110000,EFUL,SUGB,0.3213468638421162
PL110000,EFUL,MAIF,0.136345656743258
PL110000,EFUL,OFAR,0.1359909966588992
PL110000,EFUL,FALL,0.0
PL110000,ELUB,SWHE,0.006849006956400356
PL110000,ELUB,RYEM,0.006330361484768725
PL110000,ELUB,BARL,0.006729786965471353
PL110000,ELUB,OATS,0.006752125543214761
PL110000,ELUB,MAIZ,0.007367844496337447
PL110000,ELUB,OCER,0.006873043900647247
PL110000,ELUB,RAPE,0.006628131533655037
PL110000,ELUB,PULS,0.006841663292491477
PL110000,ELUB,POTA,0.0127761561292336
PL110000,ELUB,SUGB,0.01010441965480829
PL110000,ELUB,MAIF,0.009422134003009659
PL110000,ELUB,OFAR,0.01014036781751157
PL110000,ELUB,FALL,0.0
PL110000,INPO,SWHE,0.01566511369633708
PL110000,INPO,RYEM,0.007581786757376511
PL110000,INPO,BARL,0.01199111449271822
PL110000,INPO,OATS,0.009615425536164674
PL110000,INPO,MAIZ,0.02469652034229372
PL110000,INPO,OCER,0.01078258137078456
PL110000,INPO,RAPE,0.02186844540601306
PL110000,INPO,PULS,0.01023254794277252
PL110000,INPO,POTA,0.04300081626868532
PL110000,INPO,SUGB,0.07983103841409353
PL110000,INPO,MAIF,0.01856284902471619
PL110000,INPO,OFAR,0.01863820397437552
PL110000,INPO,FALL,0.0
PL120000,SEED,SWHE,0.007664519342654167
PL120000,SEED,RYEM,0.004394815724843818
PL120000,SEED,BARL,0.006907381518956153
PL120000,SEED,OATS,0.005518035385290215
PL120000,SEED,MAIZ,0.01283110986496207
PL120000,SEED,OCER,0.006638413026462485
PL120000,SEED,RAPE,0.01255981073643606
PL120000,SEED,PULS,0.009227360479520458
PL120000,SEED,POTA,0.02220726354878073
PL120000,SEED,SUGB,0.03529839134823295
PL120000,SEED,MAIF,0.01053391598182942
PL120000,SEED,OFAR,0.009141883091809667
PL120000,SEED,VSET,0.0
PL120000,SEED,FALL,0.0
PL120000,PLAP,SWHE,0.02058232265578434
PL120000,PLAP,RYEM,0.008088063327682006
PL120000,PLAP,BARL,0.01339462590781216
PL120000,PLAP,OATS,0.009890533470185679
PL120000,PLAP,MAIZ,0.03397579658901399
PL120000,PLAP,OCER,0.01344221714534426
PL120000,PLAP,RAPE,0.0327846908047429
PL120000,PLAP,PULS,0.02522355923261469
PL120000,PLAP,POTA,0.04646162574459295
PL120000,PLAP,SUGB,0.09681715109519655
PL120000,PLAP,MAIF,0.02566376462209449
PL120000,PLAP,OFAR,0.01668920362523319
PL120000,PLAP,VSET,0.0
PL120000,PLAP,FALL,0.0
PL120000,FERT,SWHE,1.309752171728054
PL120000,FERT,RYEM,0.897325865243539
PL120000,FERT,BARL,1.081332579447763
PL120000,FERT,OATS,1.197570697309296
PL120000,FERT,MAIZ,1.701913553735516
PL120000,FERT,OCER,1.478660865584266
PL120000,FERT,RAPE,1.41303407712065
PL120000,FERT,PULS,0.4700031816645543
PL120000,FERT,POTA,1.596015277034473
PL120000,FERT,SUGB,2.82767853255813
PL120000,FERT,MAIF,3.005389748742387
PL120000,FERT,OFAR,0.9490453849319354
PL120000,FERT,VSET,0.0
PL120000,FERT,FALL,0.0
PL120000,REPM,SWHE,0.02916475972925795
PL120000,REPM,RYEM,0.01218158981505501
PL120000,REPM,BARL,0.02073750090964473
PL120000,REPM,OATS,0.01601200286385839
PL120000,REPM,MAIZ,0.04491083187937377
PL120000,REPM,OCER,0.01945931702959497
PL120000,REPM,RAPE,0.04308323048410349
PL120000,REPM,PULS,0.03826647079153318
PL120000,REPM,POTA,0.0751756642967032
PL120000,REPM,SUGB,0.1450168042529639
PL120000,REPM,MAIF,0.0338243719451087
PL120000,REPM,OFAR,0.02959129204225432
PL120000,REPM,FALL,0.0
PL120000,REPB,SWHE,0.02097180543212755
PL120000,REPB,RYEM,0.009343997913399175
PL120000,REPB,BARL,0.01636402136018799
PL120000,REPB,OATS,0.01205501314267975
PL120000,REPB,MAIZ,0.03144497016765148
PL120000,REPB,OCER,0.01432856766663087
PL120000,REPB,RAPE,0.03002051673107204
PL120000,REPB,PULS,0.02642923778274565
PL120000,REPB,POTA,0.05607879465481782
PL120000,REPB,SUGB,0.104726301218511
PL120000,REPB,MAIF,0.02476601538755719
PL120000,REPB,OFAR,0.02187436487265228
PL120000,REPB,FALL,0.0
PL120000,ELEC,SWHE,0.0107136566701361
PL120000,ELEC,RYEM,0.009527843903721942
PL120000,ELEC,BARL,0.009994698722177623
PL120000,ELEC,OATS,0.01052620568045908
PL120000,ELEC,MAIZ,0.004185735141393454
PL120000,ELEC,OCER,0.01129674295152558
PL120000,ELEC,RAPE,0.006353280166680877
PL120000,ELEC,PULS,0.001969695922154588
PL120000,ELEC,POTA,0.007001010839021018
PL120000,ELEC,SUGB,0.004221970326434153
PL120000,ELEC,MAIF,0.004176699357482105
PL120000,ELEC,OFAR,0.006276443684203693
PL120000,ELEC,VSET,0.0
PL120000,ELEC,FALL,0.0
PL120000,EGAS,SWHE,0.00110625916284072
PL120000,EGAS,RYEM,0.000648926181245374
PL120000,EGAS,BARL,0.00136688916211953
PL120000,EGAS,OATS,0.0008029794737978611
PL120000,EGAS,MAIZ,0.001787040108283942
PL120000,EGAS,OCER,0.001278170142476029
PL120000,EGAS,RAPE,0.001812709705318415
PL120000,EGAS,PULS,0.0
PL120000,EGAS,POTA,0.0
PL120000,EGAS,SUGB,0.0
PL120000,EGAS,MAIF,0.0
PL120000,EGAS,OFAR,0.0
PL120000,EGAS,VSET,0.0
PL120000,EGAS,FALL,0.0
PL120000,EFUL,SWHE,0.1130279925399445
PL120000,EFUL,RYEM,0.05793810531462661
PL120000,EFUL,BARL,0.09725453303188668
PL120000,EFUL,OATS,0.07813148958736266
PL120000,EFUL,MAIZ,0.1514940509161523
PL120000,EFUL,OCER,0.09227995855292212
PL120000,EFUL,RAPE,0.1474737910701973
PL120000,EFUL,PULS,0.1553550174003603
PL120000,EFUL,POTA,0.2926769731770973
PL120000,EFUL,SUGB,0.3174693368173271
PL120000,EFUL,MAIF,0.1370381479337859
PL120000,EFUL,OFAR,0.1264381512769027
PL120000,EFUL,FALL,0.0
PL120000,ELUB,SWHE,0.006910083777026694
PL120000,ELUB,RYEM,0.006128269858412469
PL120000,ELUB,BARL,0.006724975255427363
PL120000,ELUB,OATS,0.006752125542490688
PL120000,ELUB,MAIZ,0.007338562917398893
PL120000,ELUB,OCER,0.006760992080911974
PL120000,ELUB,RAPE,0.006570607202727754
PL120000,ELUB,PULS,0.006878626545858917
PL120000,ELUB,POTA,0.01275804775808683
PL120000,ELUB,SUGB,0.009982548429949322
PL120000,ELUB,MAIF,0.009466530693627392
PL120000,ELUB,OFAR,0.009424505749739746
PL120000,ELUB,FALL,0.0
PL120000,INPO,SWHE,0.01590962038479718
PL120000,INPO,RYEM,0.007338080773176946
PL120000,INPO,BARL,0.01198014793941976
PL120000,INPO,OATS,0.009615424792994709
PL120000,INPO,MAIZ,0.02455426030260367
PL120000,INPO,OCER,0.01048952352572497
PL120000,INPO,RAPE,0.02153361468071315
PL120000,INPO,PULS,0.01032159638984004
PL120000,INPO,POTA,0.04290431833141171
PL120000,INPO,SUGB,0.07822256380162453
PL120000,INPO,MAIF,0.01867754270269613
PL120000,INPO,OFAR,0.01653579425657904
PL120000,INPO,FALL,0.0
PL210000,SEED,SWHE,0.007348682771569248
PL210000,SEED,RYEM,0.005101354680305374
PL210000,SEED,BARL,0.00726249484917137
PL210000,SEED,OATS,0.005518177622794697
PL210000,SEED,MAIZ,0.01025147985041776
PL210000,SEED,OCER,0.006413549732436204
PL210000,SEED,RAPE,0.01269594333147457
PL210000,SEED,PULS,0.01348025777396192
PL210000,SEED,POTA,0.02129752214646199
PL210000,SEED,SUGB,0.036610099841908
PL210000,SEED,MAIF,0.01132391799213732
PL210000,SEED,OFAR,0.008530569218290835
PL210000,SEED,VSET,0.0
PL210000,SEED,FALL,0.0
PL210000,PLAP,SWHE,0.02009293746003742
PL210000,PLAP,RYEM,0.009390585527056702
PL210000,PLAP,BARL,0.01378144577290555
PL210000,PLAP,OATS,0.009890689568532238
PL210000,PLAP,MAIZ,0.02975399656337818
PL210000,PLAP,OCER,0.01310060912578237
PL210000,PLAP,RAPE,0.03297919892011368
PL210000,PLAP,PULS,0.03171404816847416
PL210000,PLAP,POTA,0.04538979747191507
PL210000,PLAP,SUGB,0.09909981570526306
PL210000,PLAP,MAIF,0.02686640304713951
PL210000,PLAP,OFAR,0.01603744658002714
PL210000,PLAP,VSET,0.0
PL210000,PLAP,FALL,0.0
PL210000,FERT,SWHE,1.313419599132086
PL210000,FERT,RYEM,1.075744561272042
PL210000,FERT,BARL,1.243477380396695
PL210000,FERT,OATS,1.267152554535163
PL210000,FERT,MAIZ,1.333188322659297
PL210000,FERT,OCER,1.526946157313302
PL210000,FERT,RAPE,1.474956683452493
PL210000,FERT,PULS,0.7449364135909666
PL210000,FERT,POTA,1.627512887329748
PL210000,FERT,SUGB,3.131194891873346
PL210000,FERT,MAIF,3.455503541064166
PL210000,FERT,OFAR,0.9256702485893129
PL210000,FERT,VSET,0.0
PL210000,FERT,FALL,0.0
PL210000,REPM,SWHE,0.02888896850814678
PL210000,REPM,RYEM,0.01415829648975491
PL210000,REPM,BARL,0.02098639466481318
PL210000,REPM,OATS,0.01601210639963037
PL210000,REPM,MAIZ,0.04271812166837703
PL210000,REPM,OCER,0.01929842784308477
PL210000,REPM,RAPE,0.04318901499360621
PL210000,REPM,PULS,0.04182765007100987
PL210000,REPM,POTA,0.07442198904643661
PL210000,REPM,SUGB,0.1462860586927986
PL210000,REPM,MAIF,0.03445964857404492
PL210000,REPM,OFAR,0.02911431316788488
PL210000,REPM,FALL,0.0
PL210000,REPB,SWHE,0.02077315244418092
PL210000,REPB,RYEM,0.01086097728471594
PL210000,REPB,BARL,0.01656031971110931
PL210000,REPB,OATS,0.01205509107554563
PL210000,REPB,MAIZ,0.02991055089853583
PL210000,REPB,OCER,0.01421128359788848
PL210000,REPB,RAPE,0.03009681254287647
PL210000,REPB,PULS,0.028888946703174
PL210000,REPB,POTA,0.05555091797380105
PL210000,REPB,SUGB,0.105643294575376
PL210000,REPB,MAIF,0.02523165020047832
PL210000,REPB,OFAR,0.02151930986212727
PL210000,REPB,FALL,0.0
PL210000,ELEC,SWHE,0.0105582225769973
PL210000,ELEC,RYEM,0.0110790959997615
PL210000,ELEC,BARL,0.01018084286580075
PL210000,ELEC,OATS,0.01052629264741731
PL210000,ELEC,MAIZ,0.00386878732051332
PL210000,ELEC,OCER,0.01115671302098169
PL210000,ELEC,RAPE,0.006381481969669223
PL210000,ELEC,PULS,0.002253835530555106
PL210000,ELEC,POTA,0.006906456617695012
PL210000,ELEC,SUGB,0.004281341488173023
PL210000,ELEC,MAIF,0.004294539885065776
PL210000,ELEC,OFAR,0.006122869730873424
PL210000,ELEC,VSET,0.0
PL210000,ELEC,FALL,0.0
PL210000,EGAS,SWHE,0.001090901520946153
PL210000,EGAS,RYEM,0.0007532238278352959
PL210000,EGAS,BARL,0.001391941598737958
PL210000,EGAS,OATS,0.0008029870127675136
PL210000,EGAS,MAIZ,0.001655535565646553
PL210000,EGAS,OCER,0.001263023331035494
PL210000,EGAS,RAPE,0.001820209976219475
PL210000,EGAS,PULS,0.0
PL210000,EGAS,POTA,0.0
PL210000,EGAS,SUGB,0.0
PL210000,EGAS,MAIF,0.0
PL210000,EGAS,OFAR,0.0
PL210000,EGAS,VSET,0.0
PL210000,EGAS,FALL,0.0
PL210000,EFUL,SWHE,0.1113889178405879
PL210000,EFUL,RYEM,0.06736659342199311
PL210000,EFUL,BARL,0.09904992523647994
PL210000,EFUL,OATS,0.07813214743097077
PL210000,EFUL,MAIZ,0.1403819857971772
PL210000,EFUL,OCER,0.09119386923617612
PL210000,EFUL,RAPE,0.1481051441523706
PL210000,EFUL,PULS,0.1777642726650145
PL210000,EFUL,POTA,0.2885617434096074
PL210000,EFUL,SUGB,0.3218547345720354
PL210000,EFUL,MAIF,0.1409251061196268
PL210000,EFUL,OFAR,0.1231868054945458
PL210000,EFUL,FALL,0.0
PL210000,ELUB,SWHE,0.006811049130443362
PL210000,ELUB,RYEM,0.007122375622853581
PL210000,ELUB,BARL,0.006846669201527636
PL210000,ELUB,OATS,0.006752184062562738
PL210000,ELUB,MAIZ,0.006795603489915628
PL210000,ELUB,OCER,0.006674902200703948
PL210000,ELUB,RAPE,0.006594563786956586
PL210000,ELUB,PULS,0.00787054892170123
PL210000,ELUB,POTA,0.01257745018931064
PL210000,ELUB,SUGB,0.01012004169566361
PL210000,ELUB,MAIF,0.009733139365008324
PL210000,ELUB,OFAR,0.00919626380427035
PL210000,ELUB,FALL,0.0
PL210000,INPO,SWHE,0.01551509005738948
PL210000,INPO,RYEM,0.008531490378284426
PL210000,INPO,BARL,0.01235676146098253
PL210000,INPO,OATS,0.00961555978413054
PL210000,INPO,MAIZ,0.02151599975724999
PL210000,INPO,OCER,0.01028214061428398
PL210000,INPO,RAPE,0.02169541008947581
PL210000,INPO,PULS,0.01298036118586196
PL210000,INPO,POTA,0.04189674020767463
PL210000,INPO,SUGB,0.07998072494994243
PL210000,INPO,MAIF,0.01953572187086751
PL210000,INPO,OFAR,0.01583891212337981
PL210000,INPO,FALL,0.0
PL220000,SEED,SWHE,0.008169464096976569
PL220000,SEED,RYEM,0.005084517277648625
PL220000,SEED,BARL,0.007379415249394289
PL220000,SEED,OATS,0.005518177630903785
PL220000,SEED,MAIZ,0.01511465539938243
PL220000,SEED,OCER,0.006888959271788234
PL220000,SEED,RAPE,0.01335749953302891
PL220000,SEED,POTA,0.02390941549702346
PL220000,SEED,SUGB,0.04325545738668442
PL220000,SEED,MAIF,0.01148737079260692
PL220000,SEED,OFAR,0.01002385284466433
PL220000,SEED,VSET,0.0
PL220000,SEED,FALL,0.0
PL220000,PLAP,SWHE,0.02138961194511696
PL220000,PLAP,RYEM,0.009364360648982155
PL220000,PLAP,BARL,0.01391675972438518
PL220000,PLAP,OATS,0.009890689577383028
PL220000,PLAP,MAIZ,0.03771553819349371
PL220000,PLAP,OCER,0.01367869278685192
PL220000,PLAP,RAPE,0.03404905848233946
PL220000,PLAP,POTA,0.04877556199025673
PL220000,PLAP,SUGB,0.1097109690159171
PL220000,PLAP,MAIF,0.02712388259556673
PL220000,PLAP,OFAR,0.01770020483744463
PL220000,PLAP,VSET,0.0
PL220000,PLAP,FALL,0.0
PL220000,FERT,SWHE,1.508854647301104
PL220000,FERT,RYEM,1.106592393738238
PL220000,FERT,BARL,1.265203792991
PL220000,FERT,OATS,1.265409986666704
PL220000,FERT,MAIZ,2.13212069371317
PL220000,FERT,OCER,1.686267337221437
PL220000,FERT,RAPE,1.566332307343245
PL220000,FERT,POTA,1.862505164044864
PL220000,FERT,SUGB,3.794207615239422
PL220000,FERT,MAIF,3.513005286148666
PL220000,FERT,OFAR,1.109576051114087
PL220000,FERT,VSET,0.0
PL220000,FERT,FALL,0.0
PL220000,REPM,SWHE,0.02960806367174558
PL220000,REPM,RYEM,0.01414992608670031
PL220000,REPM,BARL,0.02106859249645763
PL220000,REPM,OATS,0.01601210640709027
PL220000,REPM,MAIZ,0.04685255539431892
PL220000,REPM,OCER,0.01963285695711841
PL220000,REPM,RAPE,0.04374473194496648
PL220000,REPM,POTA,0.0765873172642617
PL220000,REPM,SUGB,0.1527301924202969
PL220000,REPM,MAIF,0.03459660003135929
PL220000,REPM,OFAR,0.03029175244054731
PL220000,REPM,FALL,0.0
PL220000,REPB,SWHE,0.02129068485192927
PL220000,REPB,RYEM,0.01085596888362697
PL220000,REPB,BARL,0.01662517273887424
PL220000,REPB,OATS,0.01205509108098717
PL220000,REPB,MAIZ,0.03280354760042777
PL220000,REPB,OCER,0.0144576519258602
PL220000,REPB,RAPE,0.03048370641925657
PL220000,REPB,POTA,0.05716813207509203
PL220000,REPB,SUGB,0.1102953752900802
PL220000,REPB,MAIF,0.0253303940109922
PL220000,REPB,OFAR,0.02239135514188346
PL220000,REPB,FALL,0.0
PL220000,ELEC,SWHE,0.01096157672407627
PL220000,ELEC,RYEM,0.0110831818527401
PL220000,ELEC,BARL,0.01024117150767353
PL220000,ELEC,OATS,0.01052629265262525
PL220000,ELEC,MAIZ,0.004467354920057915
PL220000,ELEC,OCER,0.01144955669077893
PL220000,ELEC,RAPE,0.006504289590704279
PL220000,ELEC,POTA,0.007210588642029635
PL220000,ELEC,SUGB,0.004549477013822672
PL220000,ELEC,MAIF,0.004319113091687259
PL220000,ELEC,OFAR,0.006499775567188025
PL220000,ELEC,VSET,0.0
PL220000,ELEC,FALL,0.0
PL220000,EGAS,SWHE,0.001131607725064029
PL220000,EGAS,RYEM,0.0007507475014482209
PL220000,EGAS,BARL,0.001400174405211425
PL220000,EGAS,OATS,0.0008029871426358513
PL220000,EGAS,MAIZ,0.001903455772575073
PL220000,EGAS,OCER,0.001296298493037901
PL220000,EGAS,RAPE,0.001855314350859794
PL220000,EGAS,POTA,0.0
PL220000,EGAS,SUGB,0.0
PL220000,EGAS,MAIF,0.0
PL220000,EGAS,OFAR,0.0
PL220000,EGAS,VSET,0.0
PL220000,EGAS,FALL,0.0
PL220000,EFUL,SWHE,0.1156434977266265
PL220000,EFUL,RYEM,0.06738334255600166
PL220000,EFUL,BARL,0.09963620397308628
PL220000,EFUL,OATS,0.07813214741617289
PL220000,EFUL,MAIZ,0.1613284059505887
PL220000,EFUL,OCER,0.09360133862269748
PL220000,EFUL,RAPE,0.1509589534022284
PL220000,EFUL,POTA,0.30126726256026
PL220000,EFUL,SUGB,0.3423572573252133
PL220000,EFUL,MAIF,0.1416545989762513
PL220000,EFUL,OFAR,0.1308729852930673
PL220000,EFUL,FALL,0.0
PL220000,ELUB,SWHE,0.0070695506472834
PL220000,ELUB,RYEM,0.007117544551643369
PL220000,ELUB,BARL,0.006887033775957087
PL220000,ELUB,OATS,0.006752184061200562
PL220000,ELUB,MAIZ,0.007819535836279054
PL220000,ELUB,OCER,0.006849882574468832
PL220000,ELUB,RAPE,0.00672218284676019
PL220000,ELUB,POTA,0.01313122013274087
PL220000,ELUB,SUGB,0.01076680855024983
PL220000,ELUB,MAIF,0.009790318552521752
PL220000,ELUB,OFAR,0.00976063016576031
PL220000,ELUB,FALL,0.0
PL220000,INPO,SWHE,0.0165392646373823
PL220000,INPO,RYEM,0.008531715684120771
PL220000,INPO,BARL,0.01247966102223695
PL220000,INPO,OATS,0.009615556037248485
PL220000,INPO,MAIZ,0.02724377795227427
PL220000,INPO,OCER,0.01074433674152938
PL220000,INPO,RAPE,0.02239445183618709
PL220000,INPO,POTA,0.04502246954148328
PL220000,INPO,SUGB,0.08893620157032521
PL220000,INPO,MAIF,0.01978494736863454
PL220000,INPO,OFAR,0.01751667344391603
PL220000,INPO,FALL,0.0
PL310000,SEED,SWHE,0.007620876956764265
PL310000,SEED,RYEM,0.004652639481814301
PL310000,SEED,BARL,0.007197804981670906
PL310000,SEED,OATS,0.005518263716764636
PL310000,SEED,MAIZ,0.01272263042644387
PL310000,SEED,OCER,0.006638631144037722
PL310000,SEED,RAPE,0.01313057205944161
PL310000,SEED,PULS,0.01146864826516111
PL310000,SEED,POTA,0.0226743749533485
PL310000,SEED,SUGB,0.03823748749268171
PL310000,SEED,MAIF,0.00920301571226911
PL310000,SEED,OFAR,0.01035105118232881
PL310000,SEED,VSET,0.0
PL310000,SEED,FALL,0.0
PL310000,PLAP,SWHE,0.02051017854480169
PL310000,PLAP,RYEM,0.008560820633129532
PL310000,PLAP,BARL,0.01372338088362357
PL310000,PLAP,OATS,0.009890792774012823
PL310000,PLAP,MAIZ,0.03380061144869834
PL310000,PLAP,OCER,0.0134412685845542
PL310000,PLAP,RAPE,0.03369121213236183
PL310000,PLAP,PULS,0.02863462579290855
PL310000,PLAP,POTA,0.04706302696218634
PL310000,PLAP,SUGB,0.1017611019077925
PL310000,PLAP,MAIF,0.02362016593682771
PL310000,PLAP,OFAR,0.01806121742036652
PL310000,PLAP,VSET,0.0
PL310000,PLAP,FALL,0.0
PL310000,FERT,SWHE,1.329978369455233
PL310000,FERT,RYEM,0.9605636316636051
PL310000,FERT,BARL,1.16903149955788
PL310000,FERT,OATS,1.223971975801389
PL310000,FERT,MAIZ,1.716951666590518
PL310000,FERT,OCER,1.515322855048447
PL310000,FERT,RAPE,1.514846178152986
PL310000,FERT,PULS,0.6039739508981994
PL310000,FERT,POTA,1.680102602309634
PL310000,FERT,SUGB,3.199681175813776
PL310000,FERT,MAIF,2.607840006776836
PL310000,FERT,OFAR,1.117258149147952
PL310000,FERT,VSET,0.0
PL310000,FERT,FALL,0.0
PL310000,REPM,SWHE,0.02912638336690879
PL310000,REPM,RYEM,0.01288333505872287
PL310000,REPM,BARL,0.0209413199104116
PL310000,REPM,OATS,0.01601216760011308
PL310000,REPM,MAIZ,0.04481863117383333
PL310000,REPM,OCER,0.01945941481372325
PL310000,REPM,RAPE,0.0435571741711915
PL310000,REPM,PULS,0.04014293930592216
PL310000,REPM,POTA,0.07556294118097506
PL310000,REPM,SUGB,0.1478625866842049
PL310000,REPM,MAIF,0.03274176000346653
PL310000,REPM,OFAR,0.03054973159008749
PL310000,REPM,FALL,0.0
PL310000,REPB,SWHE,0.02094421475919704
PL310000,REPB,RYEM,0.009881914114659742
PL310000,REPB,BARL,0.01652482254462015
PL310000,REPB,OATS,0.01205513730019638
PL310000,REPB,MAIZ,0.0313803347439104
PL310000,REPB,OCER,0.01432866304266908
PL310000,REPB,RAPE,0.03035219025369378
PL310000,REPB,PULS,0.02772558173996045
PL310000,REPB,POTA,0.05636660198380948
PL310000,REPB,SUGB,0.1067816347087714
PL310000,REPB,MAIF,0.02397625601533778
PL310000,REPB,OFAR,0.02258248302247677
PL310000,REPB,FALL,0.0
PL310000,ELEC,SWHE,0.01069233838788469
PL310000,ELEC,RYEM,0.01007318689563976
PL310000,ELEC,BARL,0.01014526103824495
PL310000,ELEC,OATS,0.01052638752652372
PL310000,ELEC,MAIZ,0.004173949018660043
PL310000,ELEC,OCER,0.01129685225263303
PL310000,ELEC,RAPE,0.006461143770217542
PL310000,ELEC,PULS,0.002119631587090132
PL310000,ELEC,POTA,0.007054946561280553
PL310000,ELEC,SUGB,0.004349217988697055
PL310000,ELEC,MAIF,0.003963610793834527
PL310000,ELEC,OFAR,0.006582328552091329
PL310000,ELEC,VSET,0.0
PL310000,ELEC,FALL,0.0
PL310000,EGAS,SWHE,0.001103982456917876
PL310000,EGAS,RYEM,0.0006869212643759744
PL310000,EGAS,BARL,0.001387335533373075
PL310000,EGAS,OATS,0.0008029920579293383
PL310000,EGAS,MAIZ,0.001781518727909537
PL310000,EGAS,OCER,0.001278195498400921
PL310000,EGAS,RAPE,0.001843173008956005
PL310000,EGAS,PULS,0.0
PL310000,EGAS,POTA,0.0
PL310000,EGAS,SUGB,0.0
PL310000,EGAS,MAIF,0.0
PL310000,EGAS,OFAR,0.0
PL310000,EGAS,VSET,0.0
PL310000,EGAS,FALL,0.0
PL310000,EFUL,SWHE,0.1128034700665481
PL310000,EFUL,RYEM,0.06125681994281337
PL310000,EFUL,BARL,0.09871328426461214
PL310000,EFUL,OATS,0.07813282372948657
PL310000,EFUL,MAIZ,0.1510211830513396
PL310000,EFUL,OCER,0.09228188937846603
PL310000,EFUL,RAPE,0.1499642416108535
PL310000,EFUL,PULS,0.1671756257303909
PL310000,EFUL,POTA,0.2949363692161992
PL310000,EFUL,SUGB,0.3269948456131437
PL310000,EFUL,MAIF,0.1306858669390134
PL310000,EFUL,OFAR,0.1325704798602673
PL310000,EFUL,FALL,0.0
PL310000,ELUB,SWHE,0.006896201362936157
PL310000,ELUB,RYEM,0.006481472138917465
PL310000,ELUB,BARL,0.006824923918928949
PL310000,ELUB,OATS,0.006752238667213682
PL310000,ELUB,MAIZ,0.007316249910207118
PL310000,ELUB,OCER,0.006761012761168564
PL310000,ELUB,RAPE,0.006679219778713066
PL310000,ELUB,PULS,0.007400900806407861
PL310000,ELUB,POTA,0.0128565773849608
PL310000,ELUB,SUGB,0.01028186242650303
PL310000,ELUB,MAIF,0.009012748024148684
PL310000,ELUB,OFAR,0.009884166785165327
PL310000,ELUB,FALL,0.0
PL310000,INPO,SWHE,0.01585549118504035
PL310000,INPO,RYEM,0.007759279241215175
PL310000,INPO,BARL,0.01228627209931038
PL310000,INPO,OATS,0.009615693769561309
PL310000,INPO,MAIZ,0.02442619536430599
PL310000,INPO,OCER,0.01048992305164539
PL310000,INPO,RAPE,0.0221483811630802
PL310000,INPO,PULS,0.01172833064126478
PL310000,INPO,POTA,0.04345996533811811
PL310000,INPO,SUGB,0.08217066386534903
PL310000,INPO,MAIF,0.017055372096572
PL310000,INPO,OFAR,0.01788533828099432
PL310000,INPO,FALL,0.0
PL320000,SEED,SWHE,0.00741352790852201
PL320000,SEED,RYEM,0.004634053191762818
PL320000,SEED,BARL,0.006957477058325317
PL320000,SEED,OATS,0.00551826436467327
PL320000,SEED,MAIZ,0.01267167755261554
PL320000,SEED,OCER,0.006679964225775872
PL320000,SEED,RAPE,0.01164776381001904
PL320000,SEED,PULS,0.01189577443914733
PL320000,SEED,POTA,0.02220149196810708
PL320000,SEED,SUGB,0.03597880630979831
PL320000,SEED,MAIF,0.009945562283510045
PL320000,SEED,OFAR,0.00697120454421138
PL320000,SEED,VSET,0.0
PL320000,SEED,FALL,0.0
PL320000,PLAP,SWHE,0.02019850250967192
PL320000,PLAP,RYEM,0.008532986190909553
PL320000,PLAP,BARL,0.01345458730381035
PL320000,PLAP,OATS,0.009890794500163535
PL320000,PLAP,MAIZ,0.03371570660864785
PL320000,PLAP,OCER,0.01349507018305856
PL320000,PLAP,RAPE,0.03129899294255913
PL320000,PLAP,PULS,0.02929370592601376
PL320000,PLAP,POTA,0.04648344308780625
PL320000,PLAP,SUGB,0.09794205200871875
PL320000,PLAP,MAIF,0.02476321457263499
PL320000,PLAP,OFAR,0.01425243641364751
PL320000,PLAP,VSET,0.0
PL320000,PLAP,FALL,0.0
PL320000,FERT,SWHE,1.276880115281621
PL320000,FERT,RYEM,0.9858466753462738
PL320000,FERT,BARL,1.145989528344189
PL320000,FERT,OATS,1.224924614913047
PL320000,FERT,MAIZ,1.706124593718977
PL320000,FERT,OCER,1.53504475931803
PL320000,FERT,RAPE,1.313024357871541
PL320000,FERT,PULS,0.6303420186623574
PL320000,FERT,POTA,1.641503265889903
PL320000,FERT,SUGB,2.965432077707921
PL320000,FERT,MAIF,2.868216400899588
PL320000,FERT,OFAR,0.707541610058035
PL320000,FERT,VSET,0.0
PL320000,FERT,FALL,0.0
PL320000,REPM,SWHE,0.02894599142172788
PL320000,REPM,RYEM,0.0128826371331991
PL320000,REPM,BARL,0.02077298897349471
PL320000,REPM,OATS,0.01601216824114132
PL320000,REPM,MAIZ,0.04477530187788814
PL320000,REPM,OCER,0.01948863241435088
PL320000,REPM,RAPE,0.0423131593467439
PL320000,REPM,PULS,0.04050081597992029
PL320000,REPM,POTA,0.07517111853438196
PL320000,REPM,SUGB,0.1456764761556053
PL320000,REPM,MAIF,0.03334844611812333
PL320000,REPM,OFAR,0.02787412391326132
PL320000,REPM,FALL,0.0
PL320000,REPB,SWHE,0.02081415201066913
PL320000,REPB,RYEM,0.009883222288025554
PL320000,REPB,BARL,0.01639202454299712
PL320000,REPB,OATS,0.01205513772931868
PL320000,REPB,MAIZ,0.0313500907158564
PL320000,REPB,OCER,0.01435012270472755
PL320000,REPB,RAPE,0.02948549346705212
PL320000,REPB,PULS,0.02797256469868207
PL320000,REPB,POTA,0.05608494312128274
PL320000,REPB,SUGB,0.1052026804917559
PL320000,REPB,MAIF,0.02441798167059203
PL320000,REPB,OFAR,0.02060436635565202
PL320000,REPB,FALL,0.0
PL320000,ELEC,SWHE,0.01058998541407096
PL320000,ELEC,RYEM,0.0100867502822985
PL320000,ELEC,BARL,0.01002044973632587
PL320000,ELEC,OATS,0.01052639060573393
PL320000,ELEC,MAIZ,0.00416669086643743
PL320000,ELEC,OCER,0.01132238778247384
PL320000,ELEC,RAPE,0.006185048027787824
PL320000,ELEC,PULS,0.002148019924264043
PL320000,ELEC,POTA,0.007003441173058227
PL320000,ELEC,SUGB,0.004250702156642683
PL320000,ELEC,MAIF,0.004088856721077032
PL320000,ELEC,OFAR,0.005727894165314778
PL320000,ELEC,VSET,0.0
PL320000,ELEC,FALL,0.0
PL320000,EGAS,SWHE,0.001094222710836462
PL320000,EGAS,RYEM,0.0006842130108536265
PL320000,EGAS,BARL,0.001370395122182062
PL320000,EGAS,OATS,0.0008029924601152262
PL320000,EGAS,MAIZ,0.001778915562172417
PL320000,EGAS,OCER,0.001281058308848619
PL320000,EGAS,RAPE,0.001764408909704161
PL320000,EGAS,PULS,0.0
PL320000,EGAS,POTA,0.0
PL320000,EGAS,SUGB,0.0
PL320000,EGAS,MAIF,0.0
PL320000,EGAS,OFAR,0.0
PL320000,EGAS,VSET,0.0
PL320000,EGAS,FALL,0.0
PL320000,EFUL,SWHE,0.1117238050999081
PL320000,EFUL,RYEM,0.06132816139274685
PL320000,EFUL,BARL,0.09750660427671211
PL320000,EFUL,OATS,0.07813284425026377
PL320000,EFUL,MAIZ,0.1508052165503876
PL320000,EFUL,OCER,0.09248857497072217
PL320000,EFUL,RAPE,0.1435540230153669
PL320000,EFUL,PULS,0.1694179525784327
PL320000,EFUL,POTA,0.2927336457727397
PL320000,EFUL,SUGB,0.3196336817208231
PL320000,EFUL,MAIF,0.1341740619699772
PL320000,EFUL,OFAR,0.1153310870862108
PL320000,EFUL,FALL,0.0
PL320000,ELUB,SWHE,0.006831611562653911
PL320000,ELUB,RYEM,0.006480299805764027
PL320000,ELUB,BARL,0.006742418374583113
PL320000,ELUB,OATS,0.006752240243317236
PL320000,ELUB,MAIZ,0.007305189422191317
PL320000,ELUB,OCER,0.006776396987223385
PL320000,ELUB,RAPE,0.006393743764247582
PL320000,ELUB,PULS,0.007500879826932557
PL320000,ELUB,POTA,0.01276018233594393
PL320000,ELUB,SUGB,0.01005067673271397
PL320000,ELUB,MAIF,0.009266974803032766
PL320000,ELUB,OFAR,0.008601480270755957
PL320000,ELUB,FALL,0.0
PL320000,INPO,SWHE,0.01559576243691153
PL320000,INPO,RYEM,0.007765784863455935
PL320000,INPO,BARL,0.01203272279100073
PL320000,INPO,OATS,0.009615690570022426
PL320000,INPO,MAIZ,0.02436637204384224
PL320000,INPO,OCER,0.01052953619445578
PL320000,INPO,RAPE,0.02057610537901607
PL320000,INPO,PULS,0.01199112622371914
PL320000,INPO,POTA,0.04291956887271766
PL320000,INPO,SUGB,0.07913757475384266
PL320000,INPO,MAIF,0.01800667492108926
PL320000,INPO,OFAR,0.01410414696457192
PL320000,INPO,FALL,0.0
PL330000,SEED,SWHE,0.00726474727347237
PL330000,SEED,RYEM,0.004346549896790318
PL330000,SEED,BARL,0.006823639294924553
PL330000,SEED,OATS,0.005518264017464039
PL330000,SEED,OCER,0.004754720273931867
PL330000,SEED,RAPE,0.01255368101539896
PL330000,SEED,PULS,0.01183846124353585
PL330000,SEED,POTA,0.02133301682066266
PL330000,SEED,SUGB,0.03792706459183953
PL330000,SEED,MAIF,0.007427176298525485
PL330000,SEED,OFAR,0.009949174232688438
PL330000,SEED,VSET,0.0
PL330000,SEED,FALL,0.0
PL330000,PLAP,SWHE,0.0199653293809538
PL330000,PLAP,RYEM,0.008002248141870838
PL330000,PLAP,BARL,0.01330239523889006
PL330000,PLAP,OATS,0.009890793672184088
PL330000,PLAP,OCER,0.01120576374915129
PL330000,PLAP,RAPE,0.03276068573300175
PL330000,PLAP,PULS,0.02921098976193321
PL330000,PLAP,POTA,0.04541778776583485
PL330000,PLAP,SUGB,0.1012614332851462
PL330000,PLAP,MAIF,0.02092858821323173
PL330000,PLAP,OFAR,0.01759468899588858
PL330000,PLAP,VSET,0.0
PL330000,PLAP,FALL,0.0
PL330000,FERT,SWHE,1.210525743948437
PL330000,FERT,RYEM,0.8906010378620056
PL330000,FERT,BARL,1.072829587432011
PL330000,FERT,OATS,1.209998720776821
PL330000,FERT,OCER,1.142024795398906
PL330000,FERT,RAPE,1.416452932449729
PL330000,FERT,PULS,0.6191172899434199
PL330000,FERT,POTA,1.55028071316263
PL330000,FERT,SUGB,3.130169657105028
PL330000,FERT,MAIF,1.959613456204811
PL330000,FERT,OFAR,1.055910933036122
PL330000,FERT,VSET,0.0
PL330000,FERT,FALL,0.0
PL330000,REPM,SWHE,0.02881591982133917
PL330000,REPM,RYEM,0.01207236830655269
PL330000,REPM,BARL,0.02067883705558389
PL330000,REPM,OATS,0.01601216792552352
PL330000,REPM,OCER,0.01813460627412067
PL330000,REPM,RAPE,0.04307270501920485
PL330000,REPM,PULS,0.0404534238761778
PL330000,REPM,POTA,0.07445124408847045
PL330000,REPM,SUGB,0.1475620031557799
PL330000,REPM,MAIF,0.03131952114616102
PL330000,REPM,OFAR,0.03022938638924864
PL330000,REPM,FALL,0.0
PL330000,REPB,SWHE,0.02072049247276778
PL330000,REPB,RYEM,0.009261159998256503
PL330000,REPB,BARL,0.01631774804595885
PL330000,REPB,OATS,0.01205513751237015
PL330000,REPB,OCER,0.01335199710638405
PL330000,REPB,RAPE,0.03001465081626882
PL330000,REPB,PULS,0.02793959416148031
PL330000,REPB,POTA,0.05556710558452465
PL330000,REPB,SUGB,0.1065646151426508
PL330000,REPB,MAIF,0.0229350937984146
PL330000,REPB,OFAR,0.02234644446766813
PL330000,REPB,FALL,0.0
PL330000,ELEC,SWHE,0.01051685563450472
PL330000,ELEC,RYEM,0.00944928631693501
PL330000,ELEC,BARL,0.009950987580827266
PL330000,ELEC,OATS,0.01052638911691397
PL330000,ELEC,OCER,0.01013786540083383
PL330000,ELEC,RAPE,0.006353484054661481
PL330000,ELEC,PULS,0.00214409806849148
PL330000,ELEC,POTA,0.006908718226754967
PL330000,ELEC,SUGB,0.004336521924429527
PL330000,ELEC,MAIF,0.003698876376566438
PL330000,ELEC,OFAR,0.006480396798397563
PL330000,ELEC,VSET,0.0
PL330000,ELEC,FALL,0.0
PL330000,EGAS,SWHE,0.001086898067359336
PL330000,EGAS,RYEM,0.0006417794982909047
PL330000,EGAS,BARL,0.001360981426894696
PL330000,EGAS,OATS,0.0008029920924318681
PL330000,EGAS,OCER,0.001145786977845368
PL330000,EGAS,RAPE,0.00181249655732436
PL330000,EGAS,PULS,0.0
PL330000,EGAS,POTA,0.0
PL330000,EGAS,SUGB,0.0
PL330000,EGAS,MAIF,0.0
PL330000,EGAS,OFAR,0.0
PL330000,EGAS,VSET,0.0
PL330000,EGAS,FALL,0.0
PL330000,EFUL,SWHE,0.110952729269815
PL330000,EFUL,RYEM,0.05745511545422501
PL330000,EFUL,BARL,0.09683261546583662
PL330000,EFUL,OATS,0.07813283449119268
PL330000,EFUL,OCER,0.08268167894399066
PL330000,EFUL,RAPE,0.1474641673627486
PL330000,EFUL,PULS,0.1691112757338389
PL330000,EFUL,POTA,0.2886840780072368
PL330000,EFUL,SUGB,0.3260263122828063
PL330000,EFUL,MAIF,0.1220627637172861
PL330000,EFUL,OFAR,0.1305705283366758
PL330000,EFUL,FALL,0.0
PL330000,ELUB,SWHE,0.006784848203143449
PL330000,ELUB,RYEM,0.006072906752921844
PL330000,ELUB,BARL,0.006696259223072711
PL330000,ELUB,OATS,0.006752239502048702
PL330000,ELUB,OCER,0.006070044286619386
PL330000,ELUB,RAPE,0.006568219646659876
PL330000,ELUB,PULS,0.007487833813779371
PL330000,ELUB,POTA,0.01258296858740637
PL330000,ELUB,SUGB,0.01025136263362618
PL330000,ELUB,MAIF,0.00841614369756655
PL330000,ELUB,OFAR,0.00973038873055124
PL330000,ELUB,FALL,0.0
PL330000,INPO,SWHE,0.01541013478774071
PL330000,INPO,RYEM,0.007275760302654853
PL330000,INPO,BARL,0.01189155549412722
PL330000,INPO,OATS,0.00961569822006456
PL330000,INPO,OCER,0.008647316486425846
PL330000,INPO,RAPE,0.02153468114829269
PL330000,INPO,PULS,0.01195227372114592
PL330000,INPO,POTA,0.04192604801280444
PL330000,INPO,SUGB,0.08175251563826856
PL330000,INPO,MAIF,0.01508781011910277
PL330000,INPO,OFAR,0.01744044779110346
PL330000,INPO,FALL,0.0
PL340000,SEED,SWHE,0.00704921488156323
PL340000,SEED,RYEM,0.0043375830917038
PL340000,SEED,BARL,0.006442382324550958
PL340000,SEED,OATS,0.005518263702958743
PL340000,SEED,MAIZ,0.01213552029678795
PL340000,SEED,OCER,0.006784338125742553
PL340000,SEED,RAPE,0.0120116849025946
PL340000,SEED,PULS,0.0108147301984031
PL340000,SEED,POTA,0.02281366787244459
PL340000,SEED,SUGB,0.03566452667013821
PL340000,SEED,MAIF,0.01105191673622706
PL340000,SEED,OFAR,0.008413555027621845
PL340000,SEED,VSET,0.0
PL340000,SEED,FALL,0.0
PL340000,PLAP,SWHE,0.01960231332591065
PL340000,PLAP,RYEM,0.007985642222069324
PL340000,PLAP,BARL,0.01284019169129086
PL340000,PLAP,OATS,0.009890792644633837
PL340000,PLAP,MAIZ,0.03285828819958392
PL340000,PLAP,OCER,0.01361221622808475
PL340000,PLAP,RAPE,0.03187873815879211
PL340000,PLAP,PULS,0.02763974342904948
PL340000,PLAP,POTA,0.04721602484716983
PL340000,PLAP,SUGB,0.09749180651706804
PL340000,PLAP,MAIF,0.02645300357438981
PL340000,PLAP,OFAR,0.01587734768845414
PL340000,PLAP,VSET,0.0
PL340000,PLAP,FALL,0.0
PL340000,FERT,SWHE,1.217363355580381
PL340000,FERT,RYEM,0.931582019490482
PL340000,FERT,BARL,1.060986585069608
PL340000,FERT,OATS,1.247430052363819
PL340000,FERT,MAIZ,1.661138850955759
PL340000,FERT,OCER,1.533019092897736
PL340000,FERT,RAPE,1.393579196614502
PL340000,FERT,PULS,0.5766834431355421
PL340000,FERT,POTA,1.720226074203025
PL340000,FERT,SUGB,2.99035533806958
PL340000,FERT,MAIF,3.317744280705303
PL340000,FERT,OFAR,0.8996359903955169
PL340000,FERT,VSET,0.0
PL340000,FERT,FALL,0.0
PL340000,REPM,SWHE,0.02862517295219651
PL340000,REPM,RYEM,0.01204781037908859
PL340000,REPM,BARL,0.02041046722892809
PL340000,REPM,OATS,0.01601216755971198
PL340000,REPM,MAIZ,0.04431993561436591
PL340000,REPM,OCER,0.01956184454270277
PL340000,REPM,RAPE,0.04261641438762512
PL340000,REPM,PULS,0.03959518931904653
PL340000,REPM,POTA,0.07567802346424327
PL340000,REPM,SUGB,0.1453707543323861
PL340000,REPM,MAIF,0.03424206090894501
PL340000,REPM,OFAR,0.02901553669975152
PL340000,REPM,FALL,0.0
PL340000,REPB,SWHE,0.02058356292510636
PL340000,REPB,RYEM,0.009242460169105933
PL340000,REPB,BARL,0.01610592644856725
PL340000,REPB,OATS,0.01205513727868873
PL340000,REPB,MAIZ,0.03103044501919148
PL340000,REPB,OCER,0.01440420362414506
PL340000,REPB,RAPE,0.02969752009434041
PL340000,REPB,PULS,0.02734722606518112
PL340000,REPB,POTA,0.05644423552499498
PL340000,REPB,SUGB,0.1049821911741702
PL340000,REPB,MAIF,0.02507177167734378
PL340000,REPB,OFAR,0.02144833877231726
PL340000,REPB,FALL,0.0
PL340000,ELEC,SWHE,0.01041153430559612
PL340000,ELEC,RYEM,0.009430241454805395
PL340000,ELEC,BARL,0.00975708960525584
PL340000,ELEC,OATS,0.01052638728014427
PL340000,ELEC,MAIZ,0.004113279578591421
PL340000,ELEC,OCER,0.01138643954313068
PL340000,ELEC,RAPE,0.006253801295500657
PL340000,ELEC,PULS,0.002075876407420405
PL340000,ELEC,POTA,0.007068351768706713
PL340000,ELEC,SUGB,0.004239798202385474
PL340000,ELEC,MAIF,0.004254082599231582
PL340000,ELEC,OFAR,0.006092429456213272
PL340000,ELEC,VSET,0.0
PL340000,ELEC,FALL,0.0
PL340000,EGAS,SWHE,0.001075477222796667
PL340000,EGAS,RYEM,0.0006403831214970006
PL340000,EGAS,BARL,0.001334268432935611
PL340000,EGAS,OATS,0.000802992053804922
PL340000,EGAS,MAIZ,0.001751651896486886
PL340000,EGAS,OCER,0.001288455327927019
PL340000,EGAS,RAPE,0.001783843625678083
PL340000,EGAS,PULS,0.0
PL340000,EGAS,POTA,0.0
PL340000,EGAS,SUGB,0.0
PL340000,EGAS,MAIF,0.0
PL340000,EGAS,OFAR,0.0
PL340000,EGAS,VSET,0.0
PL340000,EGAS,FALL,0.0
PL340000,EFUL,SWHE,0.1098415000005826
PL340000,EFUL,RYEM,0.05733852786789923
PL340000,EFUL,BARL,0.09493746659395566
PL340000,EFUL,OATS,0.0781328220057128
PL340000,EFUL,MAIZ,0.1484497643092845
PL340000,EFUL,OCER,0.09302639466178016
PL340000,EFUL,RAPE,0.1451444016917558
PL340000,EFUL,PULS,0.1637259637215542
PL340000,EFUL,POTA,0.2955397341450469
PL340000,EFUL,SUGB,0.3187586790516878
PL340000,EFUL,MAIF,0.1395547311012912
PL340000,EFUL,OFAR,0.1226889874312272
PL340000,EFUL,FALL,0.0
PL340000,ELUB,SWHE,0.006715957616287599
PL340000,ELUB,RYEM,0.006060510617207389
PL340000,ELUB,BARL,0.006563978517894985
PL340000,ELUB,OATS,0.006752238534741991
PL340000,ELUB,MAIZ,0.007196666678284445
PL340000,ELUB,OCER,0.006814363188335631
PL340000,ELUB,RAPE,0.006463117190764186
PL340000,ELUB,PULS,0.007248485011910773
PL340000,ELUB,POTA,0.01288315352537898
PL340000,ELUB,SUGB,0.01002283939885259
PL340000,ELUB,MAIF,0.009641824834414087
PL340000,ELUB,OFAR,0.009148702533006129
PL340000,ELUB,FALL,0.0
PL340000,INPO,SWHE,0.01514242828072272
PL340000,INPO,RYEM,0.007261272242299607
PL340000,INPO,BARL,0.01149400090287069
PL340000,INPO,OATS,0.009615695992265843
PL340000,INPO,MAIZ,0.02373244000418303
PL340000,INPO,OCER,0.01063281471767224
PL340000,INPO,RAPE,0.02096845585553932
PL340000,INPO,PULS,0.01131784324791495
PL340000,INPO,POTA,0.04360721399936207
PL340000,INPO,SUGB,0.07871144035791376
PL340000,INPO,MAIF,0.01926509055640209
PL340000,INPO,OFAR,0.01571803479779392
PL340000,INPO,FALL,0.0
PL410000,SEED,SWHE,0.009489998493721355
PL410000,SEED,RYEM,0.005257452128315316
PL410000,SEED,BARL,0.008351302935574527
PL410000,SEED,MAIZ,0.01373989062959523
PL410000,SEED,RAPE,0.01417191535994799
PL410000,SEED,PULS,0.01302285607320326
PL410000,SEED,POTA,0.02421728201749836
PL410000,SEED,SUGB,0.03892526344355966
PL410000,SEED,MAIF,0.01038251451295464
PL410000,SEED,OFAR,0.01186923720104046
PL410000,SEED,VSET,0.0
PL410000,SEED,FALL,0.0
PL410000,PLAP,SWHE,0.02353893357858947
PL410000,PLAP,RYEM,0.009675887028141197
PL410000,PLAP,BARL,0.01510210953309664
PL410000,PLAP,MAIZ,0.03547172541788807
PL410000,PLAP,RAPE,0.03536877982714258
PL410000,PLAP,PULS,0.0310266106438456
PL410000,PLAP,POTA,0.04905383398295809
PL410000,PLAP,SUGB,0.1028017636071347
PL410000,PLAP,MAIF,0.02543654430329414
PL410000,PLAP,OFAR,0.01977880861048687
PL410000,PLAP,VSET,0.0
PL410000,PLAP,FALL,0.0
PL410000,FERT,SWHE,1.599870297933319
PL410000,FERT,RYEM,1.001867045576815
PL410000,FERT,BARL,1.284628186135868
PL410000,FERT,MAIZ,1.799898447090592
PL410000,FERT,RAPE,1.583655512550034
PL410000,FERT,PULS,0.6616576698276875
PL410000,FERT,POTA,1.730315809221527
PL410000,FERT,SUGB,3.122916286902359
PL410000,FERT,MAIF,2.894968416480204
PL410000,FERT,OFAR,1.239795588302242
PL410000,FERT,VSET,0.0
PL410000,FERT,FALL,0.0
PL410000,REPM,SWHE,0.0307707991153943
PL410000,REPM,RYEM,0.01457437185889389
PL410000,REPM,BARL,0.02175306728257959
PL410000,REPM,MAIZ,0.04568447573630249
PL410000,REPM,RAPE,0.04442900410495625
PL410000,REPM,PULS,0.04144604566790112
PL410000,REPM,POTA,0.07684213418626429
PL410000,REPM,SUGB,0.1485311292302606
PL410000,REPM,MAIF,0.03370480118996948
PL410000,REPM,OFAR,0.03175158611736899
PL410000,REPM,FALL,0.0
PL410000,REPB,SWHE,0.02212644722112126
PL410000,REPB,RYEM,0.01117942143213588
PL410000,REPB,BARL,0.01716544722674669
PL410000,REPB,MAIZ,0.03198578519281228
PL410000,REPB,RAPE,0.03095984782525425
PL410000,REPB,PULS,0.02862483332521241
PL410000,REPB,POTA,0.05731804515127524
PL410000,REPB,SUGB,0.1072639413896842
PL410000,REPB,MAIF,0.02467771947972601
PL410000,REPB,OFAR,0.0234709239834898
PL410000,REPB,FALL,0.0
PL410000,ELEC,SWHE,0.01160899432303338
PL410000,ELEC,RYEM,0.01139983814997299
PL410000,ELEC,BARL,0.01073463448828501
PL410000,ELEC,MAIZ,0.004302126340524464
PL410000,ELEC,RAPE,0.006654899602752127
PL410000,ELEC,PULS,0.00222306491557245
PL410000,ELEC,POTA,0.007233466426840199
PL410000,ELEC,SUGB,0.004374943723111658
PL410000,ELEC,MAIF,0.004154200341838546
PL410000,ELEC,OFAR,0.006966087155533655
PL410000,ELEC,VSET,0.0
PL410000,ELEC,FALL,0.0
PL410000,EGAS,SWHE,0.001199127737332783
PL410000,EGAS,RYEM,0.0007763266515544404
PL410000,EGAS,BARL,0.001468231612839947
PL410000,EGAS,MAIZ,0.001833393819148852
PL410000,EGAS,RAPE,0.001898457261971984
PL410000,EGAS,PULS,0.0
PL410000,EGAS,POTA,0.0
PL410000,EGAS,SUGB,0.0
PL410000,EGAS,MAIF,0.0
PL410000,EGAS,OFAR,0.0
PL410000,EGAS,VSET,0.0
PL410000,EGAS,FALL,0.0
PL410000,EFUL,SWHE,0.1224746115185856
PL410000,EFUL,RYEM,0.06932139354226853
PL410000,EFUL,BARL,0.104463755218534
PL410000,EFUL,MAIZ,0.155394506714294
PL410000,EFUL,RAPE,0.1544594944746224
PL410000,EFUL,PULS,0.1753437387889796
PL410000,EFUL,POTA,0.3024070894273233
PL410000,EFUL,SUGB,0.3290063276340905
PL410000,EFUL,MAIF,0.1362618512670929
PL410000,EFUL,OFAR,0.14028690149693
PL410000,EFUL,FALL,0.0
PL410000,ELUB,SWHE,0.007488303345960646
PL410000,ELUB,RYEM,0.007332008960952045
PL410000,ELUB,BARL,0.007224566359572169
PL410000,ELUB,MAIZ,0.007531401360973114
PL410000,ELUB,RAPE,0.006879583017336576
PL410000,ELUB,PULS,0.007764591803698919
PL410000,ELUB,POTA,0.01318234896748075
PL410000,ELUB,SUGB,0.01034562205727945
PL410000,ELUB,MAIF,0.009416241856796667
PL410000,ELUB,OFAR,0.0104605778707604
PL410000,ELUB,FALL,0.0
PL410000,INPO,SWHE,0.01818398260627989
PL410000,INPO,RYEM,0.008779621732081778
PL410000,INPO,BARL,0.01349216421981754
PL410000,INPO,MAIZ,0.02562398170402683
PL410000,INPO,RAPE,0.02325073294040182
PL410000,INPO,PULS,0.01268761662131017
PL410000,INPO,POTA,0.04529737567707955
PL410000,INPO,SUGB,0.08310034024408285
PL410000,INPO,MAIF,0.01854263891793657
PL410000,INPO,OFAR,0.01958174271492278
PL410000,INPO,FALL,0.0
PL420000,SEED,SWHE,0.008840990506253053
PL420000,SEED,RYEM,0.00526390989602079
PL420000,SEED,BARL,0.00756196352894902
PL420000,SEED,OATS,0.00551828606920462
PL420000,SEED,OCER,0.007667602785249045
PL420000,SEED,RAPE,0.0122034991456566
PL420000,SEED,PULS,0.01256194091039957
PL420000,SEED,POTA,0.02494877830328871
PL420000,SEED,SUGB,0.03777106515926289
PL420000,SEED,MAIF,0.009217551411510013
PL420000,SEED,OFAR,0.009030446950698354
PL420000,SEED,VSET,0.0
PL420000,SEED,FALL,0.0
PL420000,PLAP,SWHE,0.02247930116187476
PL420000,PLAP,RYEM,0.009690528568384496
PL420000,PLAP,BARL,0.01415217189723085
PL420000,PLAP,OATS,0.009890818803457949
PL420000,PLAP,OCER,0.01471766762488987
PL420000,PLAP,RAPE,0.03218858794944649
PL420000,PLAP,PULS,0.03034794941759199
PL420000,PLAP,POTA,0.05003090178610248
PL420000,PLAP,SUGB,0.1009914491549099
PL420000,PLAP,MAIF,0.02365271098880016
PL420000,PLAP,OFAR,0.01656203425261182
PL420000,PLAP,VSET,0.0
PL420000,PLAP,FALL,0.0
PL420000,FERT,SWHE,1.449515863482852
PL420000,FERT,RYEM,1.007088305472042
PL420000,FERT,BARL,1.112899207445181
PL420000,FERT,OATS,1.121853794391976
PL420000,FERT,OCER,1.589483882620351
PL420000,FERT,RAPE,1.270273600969201
PL420000,FERT,PULS,0.613702932216565
PL420000,FERT,POTA,1.731894436444481
PL420000,FERT,SUGB,2.908295204659627
PL420000,FERT,MAIF,2.408605290202945
PL420000,FERT,OFAR,0.8747016102984819
PL420000,FERT,VSET,0.0
PL420000,FERT,FALL,0.0
PL420000,REPM,SWHE,0.0301993159655434
PL420000,REPM,RYEM,0.01461415256924788
PL420000,REPM,BARL,0.02119742518422681
PL420000,REPM,OATS,0.01601218410678112
PL420000,REPM,OCER,0.02018323935753451
PL420000,REPM,RAPE,0.04277717756778321
PL420000,REPM,PULS,0.04106186037300208
PL420000,REPM,POTA,0.07744804557962713
PL420000,REPM,SUGB,0.1474112716787561
PL420000,REPM,MAIF,0.03276166923066068
PL420000,REPM,OFAR,0.02950305492563479
PL420000,REPM,FALL,0.0
PL420000,REPB,SWHE,0.02171568096374534
PL420000,REPB,RYEM,0.01121071900830559
PL420000,REPB,BARL,0.01672691045341406
PL420000,REPB,OATS,0.01205514964438812
PL420000,REPB,OCER,0.01486161178212962
PL420000,REPB,RAPE,0.02980949187616512
PL420000,REPB,PULS,0.02835855451027828
PL420000,REPB,POTA,0.05778240384841041
PL420000,REPB,SUGB,0.1064557284195805
PL420000,REPB,MAIF,0.02398829444699883
PL420000,REPB,OFAR,0.02180915933800277
PL420000,REPB,FALL,0.0
PL420000,ELEC,SWHE,0.01129097787486934
PL420000,ELEC,RYEM,0.01143703606981391
PL420000,ELEC,BARL,0.01033219404147552
PL420000,ELEC,OATS,0.01052640595305431
PL420000,ELEC,OCER,0.01193133850100676
PL420000,ELEC,RAPE,0.006289362279991112
PL420000,ELEC,PULS,0.002191772105941076
PL420000,ELEC,POTA,0.007322098132789234
PL420000,ELEC,SUGB,0.004329484389177936
PL420000,ELEC,MAIF,0.003980221163626787
PL420000,ELEC,OFAR,0.00624830625388627
PL420000,ELEC,VSET,0.0
PL420000,ELEC,FALL,0.0
PL420000,EGAS,SWHE,0.001165820950048769
PL420000,EGAS,RYEM,0.0007772950605763557
PL420000,EGAS,BARL,0.001412903543687581
PL420000,EGAS,OATS,0.0008029932912093121
PL420000,EGAS,OCER,0.001349976203627265
PL420000,EGAS,RAPE,0.001794010590856229
PL420000,EGAS,PULS,0.0
PL420000,EGAS,POTA,0.0
PL420000,EGAS,SUGB,0.0
PL420000,EGAS,MAIF,0.0
PL420000,EGAS,OFAR,0.0
PL420000,EGAS,VSET,0.0
PL420000,EGAS,FALL,0.0
PL420000,EFUL,SWHE,0.1191198210038486
PL420000,EFUL,RYEM,0.0695429672606536
PL420000,EFUL,BARL,0.1005335929571104
PL420000,EFUL,OATS,0.07813295853798888
PL420000,EFUL,OCER,0.09746457445994476
PL420000,EFUL,RAPE,0.1459696912644184
PL420000,EFUL,PULS,0.1728883297009519
PL420000,EFUL,POTA,0.3060690732671245
PL420000,EFUL,SUGB,0.3255050674715543
PL420000,EFUL,MAIF,0.1306095285023218
PL420000,EFUL,OFAR,0.1258762017603431
PL420000,EFUL,FALL,0.0
PL420000,ELUB,SWHE,0.007282361638023626
PL420000,ELUB,RYEM,0.007351659869518174
PL420000,ELUB,BARL,0.006950859763867241
PL420000,ELUB,OATS,0.006752250129376215
PL420000,ELUB,OCER,0.007140793498217262
PL420000,ELUB,RAPE,0.006500102691450159
PL420000,ELUB,PULS,0.007658505928044278
PL420000,ELUB,POTA,0.01334147988124278
PL420000,ELUB,SUGB,0.01023503007877842
PL420000,ELUB,MAIF,0.009020797916098637
PL420000,ELUB,OFAR,0.009382151269893129
PL420000,ELUB,FALL,0.0
PL420000,INPO,SWHE,0.01737610478575518
PL420000,INPO,RYEM,0.008806564467350744
PL420000,INPO,BARL,0.0126679421438286
PL420000,INPO,OATS,0.009615722199434587
PL420000,INPO,OCER,0.01148516827953192
PL420000,INPO,RAPE,0.02117059828369395
PL420000,INPO,PULS,0.01238443242744385
PL420000,INPO,POTA,0.04619975685304227
PL420000,INPO,SUGB,0.08154334650224274
PL420000,INPO,MAIF,0.01719902929748496
PL420000,INPO,OFAR,0.01641160303185468
PL420000,INPO,FALL,0.0
PL430000,SEED,SWHE,0.008118514745612001
PL430000,SEED,RYEM,0.004760412277023399
PL430000,SEED,BARL,0.007003029128970635
PL430000,SEED,OATS,0.005518285425015267
PL430000,SEED,MAIZ,0.01203204022695339
PL430000,SEED,OCER,0.007571771264691496
PL430000,SEED,RAPE,0.01206035344593146
PL430000,SEED,PULS,0.01213240668634441
PL430000,SEED,POTA,0.02399145526484639
PL430000,SEED,SUGB,0.03654282326439581
PL430000,SEED,MAIF,0.009035916225810873
PL430000,SEED,OFAR,0.008077543959295186
PL430000,SEED,VSET,0.0
PL430000,SEED,FALL,0.0
PL430000,PLAP,SWHE,0.02132240640993963
PL430000,PLAP,RYEM,0.008761785971436314
PL430000,PLAP,BARL,0.01350494435627821
PL430000,PLAP,OATS,0.009890817037328309
PL430000,PLAP,MAIZ,0.03267251240847999
PL430000,PLAP,OCER,0.01459700524804466
PL430000,PLAP,RAPE,0.03196378766506353
PL430000,PLAP,PULS,0.02968265145437366
PL430000,PLAP,POTA,0.04872120178659034
PL430000,PLAP,SUGB,0.0988743493739493
PL430000,PLAP,MAIF,0.02337787025630103
PL430000,PLAP,OFAR,0.01548930182510596
PL430000,PLAP,VSET,0.0
PL430000,PLAP,FALL,0.0
PL430000,FERT,SWHE,1.279684461487429
PL430000,FERT,RYEM,0.8874208097294266
PL430000,FERT,BARL,1.010215162030112
PL430000,FERT,OATS,1.120591005069907
PL430000,FERT,MAIZ,1.463065220144415
PL430000,FERT,OCER,1.547029441216749
PL430000,FERT,RAPE,1.250003516488932
PL430000,FERT,PULS,0.5906254103288279
PL430000,FERT,POTA,1.648045588745958
PL430000,FERT,SUGB,2.783937950885916
PL430000,FERT,MAIF,2.344592131171062
PL430000,FERT,OFAR,0.7673526659218961
PL430000,FERT,VSET,0.0
PL430000,FERT,FALL,0.0
PL430000,REPM,SWHE,0.02956490110098096
PL430000,REPM,RYEM,0.01320185781511698
PL430000,REPM,BARL,0.02080470505590547
PL430000,REPM,OATS,0.01601218345492042
PL430000,REPM,MAIZ,0.04423161400346276
PL430000,REPM,OCER,0.02011571925269866
PL430000,REPM,RAPE,0.04265887190270233
PL430000,REPM,PULS,0.04070112983410731
PL430000,REPM,POTA,0.07665482891715897
PL430000,REPM,SUGB,0.1462221159822189
PL430000,REPM,MAIF,0.03261693461242296
PL430000,REPM,OFAR,0.02874898583669944
PL430000,REPM,FALL,0.0
PL430000,REPB,SWHE,0.0212593567326117
PL430000,REPB,RYEM,0.01012681250864771
PL430000,REPB,BARL,0.01641704323094021
PL430000,REPB,OATS,0.01205514921110278
PL430000,REPB,MAIZ,0.03096945733684765
PL430000,REPB,OCER,0.01481193632189267
PL430000,REPB,RAPE,0.02972643555033946
PL430000,REPB,PULS,0.02810983954369766
PL430000,REPB,POTA,0.05716465846655874
PL430000,REPB,SUGB,0.1055966934157706
PL430000,REPB,MAIF,0.02388180102132888
PL430000,REPB,OFAR,0.02125158057268556
PL430000,REPB,FALL,0.0
PL430000,ELEC,SWHE,0.01093630104583644
PL430000,ELEC,RYEM,0.01032782748093477
PL430000,ELEC,BARL,0.01004408294784797
PL430000,ELEC,OATS,0.01052640280458913
PL430000,ELEC,MAIZ,0.00409038858971651
PL430000,ELEC,OCER,0.01187221228784093
PL430000,ELEC,RAPE,0.00626190012426571
PL430000,ELEC,PULS,0.002163268215864591
PL430000,ELEC,POTA,0.007202864210328706
PL430000,ELEC,SUGB,0.004274622454732171
PL430000,ELEC,MAIF,0.003953186201518033
PL430000,ELEC,OFAR,0.006007430930053105
PL430000,ELEC,VSET,0.0
PL430000,ELEC,FALL,0.0
PL430000,EGAS,SWHE,0.001129492961560788
PL430000,EGAS,RYEM,0.0007029321255680902
PL430000,EGAS,BARL,0.001373655019710087
PL430000,EGAS,OATS,0.0008029933779694163
PL430000,EGAS,MAIZ,0.001746320887429942
PL430000,EGAS,OCER,0.001343306236717919
PL430000,EGAS,RAPE,0.001786325034087846
PL430000,EGAS,PULS,0.0
PL430000,EGAS,POTA,0.0
PL430000,EGAS,SUGB,0.0
PL430000,EGAS,MAIF,0.0
PL430000,EGAS,OFAR,0.0
PL430000,EGAS,VSET,0.0
PL430000,EGAS,FALL,0.0
PL430000,EFUL,SWHE,0.1153780342477462
PL430000,EFUL,RYEM,0.0628015262346983
PL430000,EFUL,BARL,0.09773414119146345
PL430000,EFUL,OATS,0.0781329375104243
PL430000,EFUL,MAIZ,0.1480412988621599
PL430000,EFUL,OCER,0.09698300545890046
PL430000,EFUL,RAPE,0.1453374048272024
PL430000,EFUL,PULS,0.1706349614305999
PL430000,EFUL,POTA,0.3011891822381762
PL430000,EFUL,SUGB,0.321438811747425
PL430000,EFUL,MAIF,0.1296912643324036
PL430000,EFUL,OFAR,0.1210119637022879
PL430000,EFUL,FALL,0.0
PL430000,ELUB,SWHE,0.007054121374084784
PL430000,ELUB,RYEM,0.006641443931965257
PL430000,ELUB,BARL,0.006757970067013857
PL430000,ELUB,OATS,0.006752248505829451
PL430000,ELUB,MAIZ,0.00717136256010157
PL430000,ELUB,OCER,0.007105328112166134
PL430000,ELUB,RAPE,0.00647311850961925
PL430000,ELUB,PULS,0.007557703254562101
PL430000,ELUB,POTA,0.01312974664927013
PL430000,ELUB,SUGB,0.01010742784554965
PL430000,ELUB,MAIF,0.008960020346308722
PL430000,ELUB,OFAR,0.009020658498048307
PL430000,ELUB,FALL,0.0
PL430000,INPO,SWHE,0.0164753178282272
PL430000,INPO,RYEM,0.007953562583807746
PL430000,INPO,BARL,0.01208072565454076
PL430000,INPO,OATS,0.009615720819852819
PL430000,INPO,MAIZ,0.02361253051816333
PL430000,INPO,OCER,0.01139274651524844
PL430000,INPO,RAPE,0.02101361327584875
PL430000,INPO,PULS,0.012121985265247
PL430000,INPO,POTA,0.04499592600358775
PL430000,INPO,SUGB,0.07989604938063538
PL430000,INPO,MAIF,0.01702334139783429
PL430000,INPO,OFAR,0.01534513530854813
PL430000,INPO,FALL,0.0
PL510000,SEED,SWHE,0.009410179978157634
PL510000,SEED,RYEM,0.00557170375185159
PL510000,SEED,BARL,0.008164214578530936
PL510000,SEED,OATS,0.005518277197720977
PL510000,SEED,MAIZ,0.01402112116827969
PL510000,SEED,OCER,0.005904566960646121
PL510000,SEED,RAPE,0.01347025142148319
PL510000,SEED,PULS,0.01032419755583352
PL510000,SEED,POTA,0.02485366113349427
PL510000,SEED,SUGB,0.03887629539890603
PL510000,SEED,MAIF,0.009720118448739327
PL510000,SEED,OFAR,0.00840502353672717
PL510000,SEED,VSET,0.0
PL510000,SEED,FALL,0.0
PL510000,PLAP,SWHE,0.02341667990629013
PL510000,PLAP,RYEM,0.01026020714972435
PL510000,PLAP,BARL,0.01486805988553186
PL510000,PLAP,OATS,0.009890808076158124
PL510000,PLAP,MAIZ,0.03591776096039435
PL510000,PLAP,OCER,0.01245137308218859
PL510000,PLAP,RAPE,0.0342401347869442
PL510000,PLAP,PULS,0.02653637364431009
PL510000,PLAP,POTA,0.04994322335922532
PL510000,PLAP,SUGB,0.1027433640344034
PL510000,PLAP,MAIF,0.02442062552326
PL510000,PLAP,OFAR,0.01585744297070017
PL510000,PLAP,VSET,0.0
PL510000,PLAP,FALL,0.0
PL510000,FERT,SWHE,1.637915180189751
PL510000,FERT,RYEM,1.114845529963469
PL510000,FERT,BARL,1.311294703147806
PL510000,FERT,OATS,1.177655857310505
PL510000,FERT,MAIZ,1.804035979306673
PL510000,FERT,OCER,1.359837762925613
PL510000,FERT,RAPE,1.461408780117029
PL510000,FERT,PULS,0.5127917536839977
PL510000,FERT,POTA,1.833137336928692
PL510000,FERT,SUGB,3.175525655901362
PL510000,FERT,MAIF,2.711542914026474
PL510000,FERT,OFAR,0.8373161473936263
PL510000,FERT,VSET,0.0
PL510000,FERT,FALL,0.0
PL510000,REPM,SWHE,0.030701069175782
PL510000,REPM,RYEM,0.01549464885332504
PL510000,REPM,BARL,0.02162075563179346
PL510000,REPM,OATS,0.01601217761067545
PL510000,REPM,MAIZ,0.04592192752734305
PL510000,REPM,OCER,0.01894058307183333
PL510000,REPM,RAPE,0.04384149180631026
PL510000,REPM,PULS,0.03916359014753697
PL510000,REPM,POTA,0.07736942924330768
PL510000,REPM,SUGB,0.1484832138583174
PL510000,REPM,MAIF,0.03316771869987731
PL510000,REPM,OFAR,0.02900734024568686
PL510000,REPM,FALL,0.0
PL510000,REPB,SWHE,0.02207622283676026
PL510000,REPB,RYEM,0.01188727614877117
PL510000,REPB,BARL,0.01706100587532539
PL510000,REPB,OATS,0.0120551447805995
PL510000,REPB,MAIZ,0.03215283032015596
PL510000,REPB,OCER,0.01394796980368865
PL510000,REPB,RAPE,0.03055018638440857
PL510000,REPB,PULS,0.02706126782918525
PL510000,REPB,POTA,0.05773510527988101
PL510000,REPB,SUGB,0.1072294429981877
PL510000,REPB,MAIF,0.02428534390384769
PL510000,REPB,OFAR,0.02144282330359451
PL510000,REPB,FALL,0.0
PL510000,ELEC,SWHE,0.01156963141039642
PL510000,ELEC,RYEM,0.01213343759777606
PL510000,ELEC,BARL,0.01064002515724889
PL510000,ELEC,OATS,0.01052639701183304
PL510000,ELEC,MAIZ,0.004328773117888089
PL510000,ELEC,OCER,0.01084237263373742
PL510000,ELEC,RAPE,0.006523885620090696
PL510000,ELEC,PULS,0.002050305334146356
PL510000,ELEC,POTA,0.00731476170490146
PL510000,ELEC,SUGB,0.004373655354075343
PL510000,ELEC,MAIF,0.004055262879720935
PL510000,ELEC,OFAR,0.00609006048180342
PL510000,ELEC,VSET,0.0
PL510000,ELEC,FALL,0.0
PL510000,EGAS,SWHE,0.00119530001380471
PL510000,EGAS,RYEM,0.0008226587605703025
PL510000,EGAS,BARL,0.001455160360197164
PL510000,EGAS,OATS,0.0008029927891992854
PL510000,EGAS,MAIZ,0.001847687537066582
PL510000,EGAS,OCER,0.001227692451336924
PL510000,EGAS,RAPE,0.001861150961467957
PL510000,EGAS,PULS,0.0
PL510000,EGAS,POTA,0.0
PL510000,EGAS,SUGB,0.0
PL510000,EGAS,MAIF,0.0
PL510000,EGAS,OFAR,0.0
PL510000,EGAS,VSET,0.0
PL510000,EGAS,FALL,0.0
PL510000,EFUL,SWHE,0.1220591945013276
PL510000,EFUL,RYEM,0.07377108050692024
PL510000,EFUL,BARL,0.1035337969459093
PL510000,EFUL,OATS,0.07813289436718773
PL510000,EFUL,MAIZ,0.156631238278938
PL510000,EFUL,OCER,0.088651821810607
PL510000,EFUL,RAPE,0.1514206752768184
PL510000,EFUL,PULS,0.1615329844533455
PL510000,EFUL,POTA,0.3057075283196745
PL510000,EFUL,SUGB,0.3288921552508783
PL510000,EFUL,MAIF,0.1330537057642862
PL510000,EFUL,OFAR,0.1226836759698992
PL510000,EFUL,FALL,0.0
PL510000,ELUB,SWHE,0.007463321289826006
PL510000,ELUB,RYEM,0.007794125598254648
PL510000,ELUB,BARL,0.00715923983359164
PL510000,ELUB,OATS,0.006752244825288274
PL510000,ELUB,MAIZ,0.007587932993849162
PL510000,ELUB,OCER,0.006486328045931879
PL510000,ELUB,RAPE,0.006744789519225121
PL510000,ELUB,PULS,0.00711470522572937
PL510000,ELUB,POTA,0.01332532412972982
PL510000,ELUB,SUGB,0.01034193163198708
PL510000,ELUB,MAIF,0.009191119574726915
PL510000,ELUB,OFAR,0.009144589955705475
PL510000,ELUB,FALL,0.0
PL510000,INPO,SWHE,0.01808406253033904
PL510000,INPO,RYEM,0.009341068932487132
PL510000,INPO,BARL,0.01329768641300217
PL510000,INPO,OATS,0.009615710492608657
PL510000,INPO,MAIZ,0.02595639033704348
PL510000,INPO,OCER,0.009793660142296871
PL510000,INPO,RAPE,0.02250453649905374
PL510000,INPO,PULS,0.01122443682211039
PL510000,INPO,POTA,0.04611239654126852
PL510000,INPO,SUGB,0.08303336438764462
PL510000,INPO,MAIF,0.01777152648520342
PL510000,INPO,OFAR,0.01571199506417881
PL510000,INPO,FALL,0.0
PL520000,SEED,SWHE,0.01018255265674089
PL520000,SEED,RYEM,0.00617076270363481
PL520000,SEED,BARL,0.008811783964991236
PL520000,SEED,OATS,0.00551827731905661
PL520000,SEED,MAIZ,0.01361997117767821
PL520000,SEED,OCER,0.007030436432594708
PL520000,SEED,RAPE,0.01428076568187874
PL520000,SEED,PULS,0.01577193702359509
PL520000,SEED,POTA,0.02513839227525212
PL520000,SEED,SUGB,0.04052522682157421
PL520000,SEED,MAIF,0.01069978860561025
PL520000,SEED,OFAR,0.01183855472590548
PL520000,SEED,VSET,0.0
PL520000,SEED,FALL,0.0
PL520000,PLAP,SWHE,0.02464203458940465
PL520000,PLAP,RYEM,0.01136627487410189
PL520000,PLAP,BARL,0.01562071478941663
PL520000,PLAP,OATS,0.009890808208196168
PL520000,PLAP,MAIZ,0.03526480877730661
PL520000,PLAP,OCER,0.01383709961733531
PL520000,PLAP,RAPE,0.03554451918930041
PL520000,PLAP,PULS,0.0352159938211381
PL520000,PLAP,POTA,0.0503057537831435
PL520000,PLAP,SUGB,0.1053627235106808
PL520000,PLAP,MAIF,0.02591691985210366
PL520000,PLAP,OFAR,0.01973357248421915
PL520000,PLAP,VSET,0.0
PL520000,PLAP,FALL,0.0
PL520000,FERT,SWHE,1.846943166319352
PL520000,FERT,RYEM,1.256059252068989
PL520000,FERT,BARL,1.467261503388627
PL520000,FERT,OATS,1.191931604648633
PL520000,FERT,MAIZ,1.762957527529945
PL520000,FERT,OCER,1.685913610505214
PL520000,FERT,RAPE,1.582307784732919
PL520000,FERT,PULS,0.8268233214222838
PL520000,FERT,POTA,1.88206994976736
PL520000,FERT,SUGB,3.375081927042608
PL520000,FERT,MAIF,3.089771298069498
PL520000,FERT,OFAR,1.255050736250985
PL520000,FERT,VSET,0.0
PL520000,FERT,FALL,0.0
PL520000,REPM,SWHE,0.03137868540623587
PL520000,REPM,RYEM,0.017182394253845
PL520000,REPM,BARL,0.0220758181987492
PL520000,REPM,OATS,0.01601217772492678
PL520000,REPM,MAIZ,0.0455808183541026
PL520000,REPM,OCER,0.01973211758917776
PL520000,REPM,RAPE,0.04452034335271146
PL520000,REPM,PULS,0.04374694282539825
PL520000,REPM,POTA,0.07760544106409997
PL520000,REPM,SUGB,0.1500822455653874
PL520000,REPM,MAIF,0.03395842840071207
PL520000,REPM,OFAR,0.03172558739306527
PL520000,REPM,FALL,0.0
PL520000,REPB,SWHE,0.02256374164754659
PL520000,REPB,RYEM,0.0131826889262747
PL520000,REPB,BARL,0.01742006882853507
PL520000,REPB,OATS,0.01205514486054695
PL520000,REPB,MAIZ,0.03191398175018842
PL520000,REPB,OCER,0.01453097400218991
PL520000,REPB,RAPE,0.03102346825474572
PL520000,REPB,PULS,0.03021442705934039
PL520000,REPB,POTA,0.05790926368884339
PL520000,REPB,SUGB,0.108383656482613
PL520000,REPB,MAIF,0.02486405257857154
PL520000,REPB,OFAR,0.02345232417506467
PL520000,REPB,FALL,0.0
PL520000,ELEC,SWHE,0.01194921901912556
PL520000,ELEC,RYEM,0.01346113159245036
PL520000,ELEC,BARL,0.01097349567613858
PL520000,ELEC,OATS,0.01052639699878936
PL520000,ELEC,MAIZ,0.004281797693791802
PL520000,ELEC,OCER,0.011536361666982
PL520000,ELEC,RAPE,0.006675136685004546
PL520000,ELEC,PULS,0.002406851973221333
PL520000,ELEC,POTA,0.007347222689835634
PL520000,ELEC,SUGB,0.004439755609920997
PL520000,ELEC,MAIF,0.004201491411171739
PL520000,ELEC,OFAR,0.006958045862638096
PL520000,ELEC,VSET,0.0
PL520000,ELEC,FALL,0.0
PL520000,EGAS,SWHE,0.00123374560075886
PL520000,EGAS,RYEM,0.0009112284487335909
PL520000,EGAS,BARL,0.001500669967427488
PL520000,EGAS,OATS,0.0008029927945692009
PL520000,EGAS,MAIZ,0.001827250582659887
PL520000,EGAS,OCER,0.001306327474269841
PL520000,EGAS,RAPE,0.001904236388368674
PL520000,EGAS,PULS,0.0
PL520000,EGAS,POTA,0.0
PL520000,EGAS,SUGB,0.0
PL520000,EGAS,MAIF,0.0
PL520000,EGAS,OFAR,0.0
PL520000,EGAS,VSET,0.0
PL520000,EGAS,FALL,0.0
PL520000,EFUL,SWHE,0.1260645122004122
PL520000,EFUL,RYEM,0.08183957118851949
PL520000,EFUL,BARL,0.1067753673448681
PL520000,EFUL,OATS,0.07813289438649128
PL520000,EFUL,MAIZ,0.1548940303498174
PL520000,EFUL,OCER,0.09433083339133873
PL520000,EFUL,RAPE,0.1549295615501131
PL520000,EFUL,PULS,0.1898346889714755
PL520000,EFUL,POTA,0.3070737819000005
PL520000,EFUL,SUGB,0.3339569062863812
PL520000,EFUL,MAIF,0.1378392209381114
PL520000,EFUL,OFAR,0.1401692410658721
PL520000,EFUL,FALL,0.0
PL520000,ELUB,SWHE,0.007706843540076806
PL520000,ELUB,RYEM,0.008642807695429931
PL520000,ELUB,BARL,0.007382813538368411
PL520000,ELUB,OATS,0.006752244837486273
PL520000,ELUB,MAIZ,0.007504326565940611
PL520000,ELUB,OCER,0.006901337518502792
PL520000,ELUB,RAPE,0.00690055314959725
PL520000,ELUB,PULS,0.008405310335141428
PL520000,ELUB,POTA,0.01338493802579815
PL520000,ELUB,SUGB,0.0105017451693953
PL520000,ELUB,MAIF,0.00952277922436157
PL520000,ELUB,OFAR,0.0104479552611499
PL520000,ELUB,FALL,0.0
PL520000,INPO,SWHE,0.01904804848296227
PL520000,INPO,RYEM,0.01036114220987124
PL520000,INPO,BARL,0.01397762928551369
PL520000,INPO,OATS,0.00961571046825477
PL520000,INPO,MAIZ,0.02548338787980053
PL520000,INPO,OCER,0.01088440142876404
PL520000,INPO,RAPE,0.02336596496588937
PL520000,INPO,PULS,0.01441029181846623
PL520000,INPO,POTA,0.04644821837242562
PL520000,INPO,SUGB,0.08525611776631006
PL520000,INPO,MAIF,0.01887026399935978
PL520000,INPO,OFAR,0.0195510886889972
PL520000,INPO,FALL,0.0
PL610000,SEED,SWHE,0.009017541809043678
PL610000,SEED,RYEM,0.005093856901365745
PL610000,SEED,BARL,0.007790962400473188
PL610000,SEED,OATS,0.005518283669393143
PL610000,SEED,MAIZ,0.01242370925984965
PL610000,SEED,OCER,0.007777094195643628
PL610000,SEED,RAPE,0.01375871287463418
PL610000,SEED,PULS,0.01391142310565824
PL610000,SEED,POTA,0.02370678730040798
PL610000,SEED,SUGB,0.03806339115805216
PL610000,SEED,MAIF,0.0103201109530838
PL610000,SEED,OFAR,0.01279492768534878
PL610000,SEED,VSET,0.0
PL610000,SEED,FALL,0.0
PL610000,PLAP,SWHE,0.02278588742650362
PL610000,PLAP,RYEM,0.009374384577664149
PL610000,PLAP,BARL,0.01444561047342465
PL610000,PLAP,OATS,0.00989081547637151
PL610000,PLAP,MAIZ,0.0333244919083959
PL610000,PLAP,OCER,0.01485839739153608
PL610000,PLAP,RAPE,0.03469568206793999
PL610000,PLAP,PULS,0.03238714058606725
PL610000,PLAP,POTA,0.04842740234159465
PL610000,PLAP,SUGB,0.1015039536871608
PL610000,PLAP,MAIF,0.02533850554639098
PL610000,PLAP,OFAR,0.02080250055066947
PL610000,PLAP,VSET,0.0
PL610000,PLAP,FALL,0.0
PL610000,FERT,SWHE,1.566593235106195
PL610000,FERT,RYEM,1.008144470322213
PL610000,FERT,BARL,1.212328316577226
PL610000,FERT,OATS,1.203686791471542
PL610000,FERT,MAIZ,1.604129529445004
PL610000,FERT,OCER,1.74903427326472
PL610000,FERT,RAPE,1.537427050704073
PL610000,FERT,PULS,0.7300752926050967
PL610000,FERT,POTA,1.757589010462161
PL610000,FERT,SUGB,3.138167878513746
PL610000,FERT,MAIF,2.954088522460189
PL610000,FERT,OFAR,1.383323484860924
PL610000,FERT,VSET,0.0
PL610000,FERT,FALL,0.0
PL610000,REPM,SWHE,0.03035599669840318
PL610000,REPM,RYEM,0.01411748288541703
PL610000,REPM,BARL,0.02135926983579938
PL610000,REPM,OATS,0.01601218260009047
PL610000,REPM,MAIZ,0.04456714672628984
PL610000,REPM,OCER,0.020260447314313
PL610000,REPM,RAPE,0.04408073833266794
PL610000,REPM,PULS,0.04219054285430369
PL610000,REPM,POTA,0.07641911487355513
PL610000,REPM,SUGB,0.1476941941969975
PL610000,REPM,MAIF,0.0336524068137067
PL610000,REPM,OFAR,0.0324813825362884
PL610000,REPM,FALL,0.0
PL610000,REPB,SWHE,0.02182806878526823
PL610000,REPB,RYEM,0.0108288237367478
PL610000,REPB,BARL,0.0168547017123028
PL610000,REPB,OATS,0.01205514846650159
PL610000,REPB,MAIZ,0.03120341087088398
PL610000,REPB,OCER,0.01491837244365108
PL610000,REPB,RAPE,0.03071787969669701
PL610000,REPB,PULS,0.0291388615940812
PL610000,REPB,POTA,0.05701412464430747
PL610000,REPB,SUGB,0.1066601927888004
PL610000,REPB,MAIF,0.02463999380804899
PL610000,REPB,OFAR,0.0240115819724782
PL610000,REPB,FALL,0.0
PL610000,ELEC,SWHE,0.01137689006356579
PL610000,ELEC,RYEM,0.01104156918785961
PL610000,ELEC,BARL,0.01044684723886815
PL610000,ELEC,OATS,0.01052640103012592
PL610000,ELEC,MAIZ,0.00414339664520646
PL610000,ELEC,OCER,0.01199896372250187
PL610000,ELEC,RAPE,0.006578932534316444
PL610000,ELEC,PULS,0.002282342222109755
PL610000,ELEC,POTA,0.007177858261850672
PL610000,ELEC,SUGB,0.004342827920659938
PL610000,ELEC,MAIF,0.00414479349853861
PL610000,ELEC,OFAR,0.007199633916010841
PL610000,ELEC,VSET,0.0
PL610000,ELEC,FALL,0.0
PL610000,EGAS,SWHE,0.001175497960256756
PL610000,EGAS,RYEM,0.0007521704787745042
PL610000,EGAS,BARL,0.001428874394290758
PL610000,EGAS,OATS,0.0008029931338337403
PL610000,EGAS,MAIZ,0.00176631127168435
PL610000,EGAS,OCER,0.001357572664663041
PL610000,EGAS,RAPE,0.00187661152418173
PL610000,EGAS,PULS,0.0
PL610000,EGAS,POTA,0.0
PL610000,EGAS,SUGB,0.0
PL610000,EGAS,MAIF,0.0
PL610000,EGAS,OFAR,0.0
PL610000,EGAS,VSET,0.0
PL610000,EGAS,FALL,0.0
PL610000,EFUL,SWHE,0.1200254289754438
PL610000,EFUL,RYEM,0.06714369093392501
PL610000,EFUL,BARL,0.1016636782622146
PL610000,EFUL,OATS,0.07813292493203848
PL610000,EFUL,MAIZ,0.1497163347329945
PL610000,EFUL,OCER,0.09801229294871552
PL610000,EFUL,RAPE,0.1526905055830425
PL610000,EFUL,PULS,0.1800211580627924
PL610000,EFUL,POTA,0.300030456365028
PL610000,EFUL,SUGB,0.3264879930599338
PL610000,EFUL,MAIF,0.135991073617755
PL610000,EFUL,OFAR,0.1450799152564159
PL610000,EFUL,FALL,0.0
PL610000,ELUB,SWHE,0.007339185518111399
PL610000,ELUB,RYEM,0.007102216147233473
PL610000,ELUB,BARL,0.007030962215214955
PL610000,ELUB,OATS,0.006752247571516805
PL610000,ELUB,MAIZ,0.007255396811938471
PL610000,ELUB,OCER,0.00718144083620054
PL610000,ELUB,RAPE,0.006799396770341373
PL610000,ELUB,PULS,0.007972115078110954
PL610000,ELUB,POTA,0.01307833520755033
PL610000,ELUB,SUGB,0.01026586053504285
PL610000,ELUB,MAIF,0.00939434466819679
PL610000,ELUB,OFAR,0.01081013836804789
PL610000,ELUB,FALL,0.0
PL610000,INPO,SWHE,0.01759448856364211
PL610000,INPO,RYEM,0.008503918197733325
PL610000,INPO,BARL,0.01290467638829047
PL610000,INPO,OATS,0.009615716439538378
PL610000,INPO,MAIZ,0.02407356757446789
PL610000,INPO,OCER,0.01159027189619728
PL610000,INPO,RAPE,0.02281909171849291
PL610000,INPO,PULS,0.01324034541097203
PL610000,INPO,POTA,0.04471432157682067
PL610000,INPO,SUGB,0.08193502675718688
PL610000,INPO,MAIF,0.01844211209035008
PL610000,INPO,OFAR,0.02062404507575923
PL610000,INPO,FALL,0.0
PL620000,SEED,SWHE,0.00835234543820709
PL620000,SEED,RYEM,0.004685985230370155
PL620000,SEED,BARL,0.006714087974934219
PL620000,SEED,OATS,0.005518282089396682
PL620000,SEED,MAIZ,0.01234602526548544
PL620000,SEED,OCER,0.007012126439073616
PL620000,SEED,RAPE,0.01123615374300019
PL620000,SEED,PULS,0.01362794067710295
PL620000,SEED,POTA,0.02338218622038367
PL620000,SEED,SUGB,0.03774847268116923
PL620000,SEED,MAIF,0.009525593384803016
PL620000,SEED,OFAR,0.006775578411681927
PL620000,SEED,VSET,0.0
PL620000,SEED,FALL,0.0
PL620000,PLAP,SWHE,0.02167537932640603
PL620000,PLAP,RYEM,0.008625492865407107
PL620000,PLAP,BARL,0.01316943646476569
PL620000,PLAP,OATS,0.00989081274190634
PL620000,PLAP,MAIZ,0.03321109198249202
PL620000,PLAP,OCER,0.01390801281528905
PL620000,PLAP,RAPE,0.03063322208076338
PL620000,PLAP,PULS,0.0319439944449357
PL620000,PLAP,POTA,0.04799501057939445
PL620000,PLAP,SUGB,0.1009064995733226
PL620000,PLAP,MAIF,0.02412124510439649
PL620000,PLAP,OFAR,0.01402346211015686
PL620000,PLAP,VSET,0.0
PL620000,PLAP,FALL,0.0
PL620000,FERT,SWHE,1.472481346546546
PL620000,FERT,RYEM,0.925163334969187
PL620000,FERT,BARL,1.025970710425574
PL620000,FERT,OATS,1.183072523893735
PL620000,FERT,MAIZ,1.559284155320348
PL620000,FERT,OCER,1.492406157284988
PL620000,FERT,RAPE,1.185103899068073
PL620000,FERT,PULS,0.7043875751871227
PL620000,FERT,POTA,1.700079440896515
PL620000,FERT,SUGB,3.045508657853432
PL620000,FERT,MAIF,2.629006628529801
PL620000,FERT,OFAR,0.657945720367
PL620000,FERT,VSET,0.0
PL620000,FERT,FALL,0.0
PL620000,REPM,SWHE,0.0297681592753065
PL620000,REPM,RYEM,0.01300098597882746
PL620000,REPM,BARL,0.02060192231103681
PL620000,REPM,OATS,0.01601218100447543
PL620000,REPM,MAIZ,0.04450099932799763
PL620000,REPM,OCER,0.01972233696737603
PL620000,REPM,RAPE,0.04196744762955855
PL620000,REPM,PULS,0.04195182897896044
PL620000,REPM,POTA,0.07614993629260643
PL620000,REPM,SUGB,0.1473892504831281
PL620000,REPM,MAIF,0.03300890578684768
PL620000,REPM,OFAR,0.02771803494392172
PL620000,REPM,FALL,0.0
PL620000,REPB,SWHE,0.02140593096672426
PL620000,REPB,RYEM,0.009972975235486693
PL620000,REPB,BARL,0.01625703493904123
PL620000,REPB,OATS,0.01205514738758948
PL620000,REPB,MAIZ,0.03115648367479995
PL620000,REPB,OCER,0.01452217972259845
PL620000,REPB,RAPE,0.02924480894107655
PL620000,REPB,PULS,0.02897450244730127
PL620000,REPB,POTA,0.05680937929127944
PL620000,REPB,SUGB,0.1064396530104453
PL620000,REPB,MAIF,0.02416967132929238
PL620000,REPB,OFAR,0.02048942903244147
PL620000,REPB,FALL,0.0
PL620000,ELEC,SWHE,0.01105159232304386
PL620000,ELEC,RYEM,0.01017213156483155
PL620000,ELEC,BARL,0.009895445762933774
PL620000,ELEC,OATS,0.01052639782240421
PL620000,ELEC,MAIZ,0.004142781985766462
PL620000,ELEC,OCER,0.01152722708130158
PL620000,ELEC,RAPE,0.006108683242232906
PL620000,ELEC,PULS,0.00226361165857987
PL620000,ELEC,POTA,0.007138844117007593
PL620000,ELEC,SUGB,0.004326976746531179
PL620000,ELEC,MAIF,0.004026134376637718
PL620000,ELEC,OFAR,0.005678248519101602
PL620000,ELEC,VSET,0.0
PL620000,ELEC,FALL,0.0
PL620000,EGAS,SWHE,0.001140564445432283
PL620000,EGAS,RYEM,0.0006919229524463945
PL620000,EGAS,BARL,0.001353301381796498
PL620000,EGAS,OATS,0.0008029934290075461
PL620000,EGAS,MAIZ,0.001762402022769201
PL620000,EGAS,OCER,0.001304221746182262
PL620000,EGAS,RAPE,0.001742573912589227
PL620000,EGAS,PULS,0.0
PL620000,EGAS,POTA,0.0
PL620000,EGAS,SUGB,0.0
PL620000,EGAS,MAIF,0.0
PL620000,EGAS,OFAR,0.0
PL620000,EGAS,VSET,0.0
PL620000,EGAS,FALL,0.0
PL620000,EFUL,SWHE,0.1165934237770541
PL620000,EFUL,RYEM,0.06185299674241705
PL620000,EFUL,BARL,0.09629026067515366
PL620000,EFUL,OATS,0.07813290227192385
PL620000,EFUL,MAIZ,0.1493483553695976
PL620000,EFUL,OCER,0.09416090975313562
PL620000,EFUL,RAPE,0.1417795683489216
PL620000,EFUL,PULS,0.1785378740095727
PL620000,EFUL,POTA,0.298418583585223
PL620000,EFUL,SUGB,0.3253552855686177
PL620000,EFUL,MAIF,0.1321358362138117
PL620000,EFUL,OFAR,0.1143649244271206
PL620000,EFUL,FALL,0.0
PL620000,ELUB,SWHE,0.007127003986243276
PL620000,ELUB,RYEM,0.006540270381537208
PL620000,ELUB,BARL,0.006658317082398285
PL620000,ELUB,OATS,0.006752245797178173
PL620000,ELUB,MAIZ,0.007242142010484669
PL620000,ELUB,OCER,0.006899041270454152
PL620000,ELUB,RAPE,0.00631432330625308
PL620000,ELUB,PULS,0.007905276134564345
PL620000,ELUB,POTA,0.01300821048974754
PL620000,ELUB,SUGB,0.01023046876086791
PL620000,ELUB,MAIF,0.00912456947987531
PL620000,ELUB,OFAR,0.008526514237271264
PL620000,ELUB,FALL,0.0
PL620000,INPO,SWHE,0.01676782636488107
PL620000,INPO,RYEM,0.007833377164543732
PL620000,INPO,BARL,0.01177754191556122
PL620000,INPO,OATS,0.009615712657046187
PL620000,INPO,MAIZ,0.02398018436889417
PL620000,INPO,OCER,0.01085066357730382
PL620000,INPO,RAPE,0.02014154179757997
PL620000,INPO,PULS,0.01306984947691506
PL620000,INPO,POTA,0.044317262543613
PL620000,INPO,SUGB,0.08151538523867327
PL620000,INPO,MAIF,0.01752500111988213
PL620000,INPO,OFAR,0.01388821614466139
PL620000,INPO,FALL,0.0
PL630000,SEED,SWHE,0.009550929613534672
PL630000,SEED,RYEM,0.004672814926033424
PL630000,SEED,BARL,0.007172477270152999
PL630000,SEED,OATS,0.005518282737638438
PL630000,SEED,OCER,0.006609716438960007
PL630000,SEED,RAPE,0.01177041319821645
PL630000,SEED,PULS,0.01333552009324962
PL630000,SEED,POTA,0.02391641840271827
PL630000,SEED,SUGB,0.03863163264796503
PL630000,SEED,MAIF,0.009342587212819622
PL630000,SEED,OFAR,0.009195082585673453
PL630000,SEED,VSET,0.0
PL630000,SEED,FALL,0.0
PL630000,PLAP,SWHE,0.02363889106338778
PL630000,PLAP,RYEM,0.00860092743944251
PL630000,PLAP,BARL,0.01371518006518158
PL630000,PLAP,OATS,0.009890813870495566
PL630000,PLAP,OCER,0.01340507109091417
PL630000,PLAP,RAPE,0.0314968368684804
PL630000,PLAP,PULS,0.03148246499203174
PL630000,PLAP,POTA,0.04869800629940091
PL630000,PLAP,SUGB,0.1023979459335913
PL630000,PLAP,MAIF,0.02384079525094686
PL630000,PLAP,OFAR,0.01675324451725639
PL630000,PLAP,VSET,0.0
PL630000,PLAP,FALL,0.0
PL630000,FERT,SWHE,1.678852002663583
PL630000,FERT,RYEM,0.9450892515007421
PL630000,FERT,BARL,1.129839675146126
PL630000,FERT,OATS,1.190493163386666
PL630000,FERT,OCER,1.439683618451728
PL630000,FERT,RAPE,1.261600429385666
PL630000,FERT,PULS,0.691962929814129
PL630000,FERT,POTA,1.757670612538111
PL630000,FERT,SUGB,3.156194750626059
PL630000,FERT,MAIF,2.585120745830283
PL630000,FERT,OFAR,0.9448146328566869
PL630000,FERT,VSET,0.0
PL630000,FERT,FALL,0.0
PL630000,REPM,SWHE,0.03082407083004023
PL630000,REPM,RYEM,0.01296159943749076
PL630000,REPM,BARL,0.02092430723174481
PL630000,REPM,OATS,0.01601218166400834
PL630000,REPM,OCER,0.01943909032309644
PL630000,REPM,RAPE,0.04241601365478527
PL630000,REPM,PULS,0.04170568437421931
PL630000,REPM,POTA,0.07659294974963604
PL630000,REPM,SUGB,0.1482441540324212
PL630000,REPM,MAIF,0.03286047666525634
PL630000,REPM,OFAR,0.02963383852259407
PL630000,REPM,FALL,0.0
PL630000,REPB,SWHE,0.02216479700122922
PL630000,REPB,RYEM,0.009942607395727417
PL630000,REPB,BARL,0.01651145748953304
PL630000,REPB,OATS,0.01205514783251954
PL630000,REPB,OCER,0.01431369931013113
PL630000,REPB,RAPE,0.02955715122990099
PL630000,REPB,PULS,0.02880510650558466
PL630000,REPB,POTA,0.05714346550935907
PL630000,REPB,SUGB,0.10705711930235
PL630000,REPB,MAIF,0.02406125675395331
PL630000,REPB,OFAR,0.02190563872706192
PL630000,REPB,FALL,0.0
PL630000,ELEC,SWHE,0.01163870261762595
PL630000,ELEC,RYEM,0.01014051718346997
PL630000,ELEC,BARL,0.01012979909463889
PL630000,ELEC,OATS,0.01052639914341211
PL630000,ELEC,OCER,0.01127900827534208
PL630000,ELEC,RAPE,0.006207866241368152
PL630000,ELEC,PULS,0.002244380501867988
PL630000,ELEC,POTA,0.007202127053187544
PL630000,ELEC,SUGB,0.004365425884694152
PL630000,ELEC,MAIF,0.003997855682427488
PL630000,ELEC,OFAR,0.006289981652094349
PL630000,ELEC,VSET,0.0
PL630000,ELEC,FALL,0.0
PL630000,EGAS,SWHE,0.001202294539774536
PL630000,EGAS,RYEM,0.0006900058703447527
PL630000,EGAS,BARL,0.001385460498916426
PL630000,EGAS,OATS,0.0008029931642408337
PL630000,EGAS,OCER,0.001276181543874464
PL630000,EGAS,RAPE,0.001770921918271275
PL630000,EGAS,PULS,0.0
PL630000,EGAS,POTA,0.0
PL630000,EGAS,SUGB,0.0
PL630000,EGAS,MAIF,0.0
PL630000,EGAS,OFAR,0.0
PL630000,EGAS,VSET,0.0
PL630000,EGAS,FALL,0.0
PL630000,EFUL,SWHE,0.1227869156294297
PL630000,EFUL,RYEM,0.06166191456904422
PL630000,EFUL,BARL,0.09857525296733179
PL630000,EFUL,OATS,0.07813291174350172
PL630000,EFUL,OCER,0.0921368125656347
PL630000,EFUL,RAPE,0.1440838641956107
PL630000,EFUL,PULS,0.1770131964833939
PL630000,EFUL,POTA,0.3010459486392608
PL630000,EFUL,SUGB,0.3282293470138944
PL630000,EFUL,MAIF,0.1312548580702784
PL630000,EFUL,OFAR,0.1266937966709077
PL630000,EFUL,FALL,0.0
PL630000,ELUB,SWHE,0.007507629061319148
PL630000,ELUB,RYEM,0.006520526484101383
PL630000,ELUB,BARL,0.006817006778503627
PL630000,ELUB,OATS,0.00675224653065447
PL630000,ELUB,OCER,0.006750327790566614
PL630000,ELUB,RAPE,0.006417359010111093
PL630000,ELUB,PULS,0.007836173669117322
PL630000,ELUB,POTA,0.01312261402645531
PL630000,ELUB,SUGB,0.01032075416587802
PL630000,ELUB,MAIF,0.009062334503946848
PL630000,ELUB,OFAR,0.009444998294810233
PL630000,ELUB,FALL,0.0
PL630000,INPO,SWHE,0.01825935370953689
PL630000,INPO,RYEM,0.007809152583271001
PL630000,INPO,BARL,0.01225691009077371
PL630000,INPO,OATS,0.009615714225653608
PL630000,INPO,OCER,0.01046204721416986
PL630000,INPO,RAPE,0.02070602554049795
PL630000,INPO,PULS,0.01289640385616899
PL630000,INPO,POTA,0.04496408362230616
PL630000,INPO,SUGB,0.08270144074378795
PL630000,INPO,MAIF,0.01730840247403647
PL630000,INPO,OFAR,0.01659391478406436
PL630000,INPO,FALL,0.0
SI000000,SEED,SWHE,0.04049320918806833
SI000000,SEED,BARL,0.02525659494324679
SI000000,SEED,OATS,0.03053980455214982
SI000000,SEED,MAIZ,0.04771720922316468
SI000000,SEED,OCER,0.0212181486445989
SI000000,SEED,POTA,0.07364277201554294
SI000000,SEED,SUGB,0.09172495397335284
SI000000,SEED,MAIF,0.0628689950989958
SI000000,SEED,OFAR,0.03323785120366426
SI000000,SEED,VSET,0.0
SI000000,SEED,FALL,0.0
SI000000,PLAP,SWHE,0.03528960908190688
SI000000,PLAP,BARL,0.02241139691608066
SI000000,PLAP,OATS,0.02340603831132862
SI000000,PLAP,MAIZ,0.04163576281762632
SI000000,PLAP,OCER,0.01944230395977495
SI000000,PLAP,POTA,0.180864556304342
SI000000,PLAP,SUGB,0.1177279588245077
SI000000,PLAP,MAIF,0.04489470786779688
SI000000,PLAP,OFAR,0.02442494989613604
SI000000,PLAP,VSET,0.0
SI000000,PLAP,FALL,0.0
SI000000,FERT,SWHE,1.119842548627793
SI000000,FERT,BARL,1.185113031543972
SI000000,FERT,OATS,0.9648424508068322
SI000000,FERT,MAIZ,1.494596647888096
SI000000,FERT,OCER,0.5516369500685788
SI000000,FERT,POTA,1.164998872556801
SI000000,FERT,SUGB,2.408379496591483
SI000000,FERT,MAIF,1.701170608532805
SI000000,FERT,OFAR,0.5611013339453849
SI000000,FERT,VSET,0.0
SI000000,FERT,FALL,0.0
SI000000,REPM,SWHE,0.03238015929822296
SI000000,REPM,BARL,0.02336553048337072
SI000000,REPM,OATS,0.02049140585394019
SI000000,REPM,MAIZ,0.03929456035084392
SI000000,REPM,OCER,0.009450370029095973
SI000000,REPM,POTA,0.08141272619550391
SI000000,REPM,SUGB,0.08485178296685952
SI000000,REPM,MAIF,0.04872028479192173
SI000000,REPM,OFAR,0.03823672220217787
SI000000,REPM,FALL,0.0
SI000000,REPB,SWHE,0.01327285911017422
SI000000,REPB,BARL,0.01017731935648251
SI000000,REPB,OATS,0.008422359514635328
SI000000,REPB,MAIZ,0.01554576428608707
SI000000,REPB,OCER,0.003810011584646012
SI000000,REPB,POTA,0.04086866524918814
SI000000,REPB,SUGB,0.03191314313490513
SI000000,REPB,MAIF,0.01691453146031324
SI000000,REPB,OFAR,0.01768598397291141
SI000000,REPB,FALL,0.0
SI000000,ELEC,SWHE,0.003152242040497597
SI000000,ELEC,BARL,0.002390577112687302
SI000000,ELEC,OATS,0.001278483941210345
SI000000,ELEC,MAIZ,0.003344425744104746
SI000000,ELEC,OCER,0.001426186281487844
SI000000,ELEC,POTA,0.001558357305454838
SI000000,ELEC,SUGB,0.00157262964927292
SI000000,ELEC,MAIF,0.00415165950239363
SI000000,ELEC,OFAR,0.001188895923557614
SI000000,ELEC,VSET,0.0
SI000000,ELEC,FALL,0.0
SI000000,EGAS,SWHE,0.001509814748159723
SI000000,EGAS,BARL,0.001749604401913763
SI000000,EGAS,OATS,0.001976663513140759
SI000000,EGAS,MAIZ,0.001485679948252057
SI000000,EGAS,OCER,0.001961450920732434
SI000000,EGAS,POTA,0.0
SI000000,EGAS,SUGB,0.0
SI000000,EGAS,MAIF,0.0
SI000000,EGAS,OFAR,0.0
SI000000,EGAS,VSET,0.0
SI000000,EGAS,FALL,0.0
SI000000,EFUL,SWHE,0.1824829368079681
SI000000,EFUL,BARL,0.1502117378111635
SI000000,EFUL,OATS,0.05904358649775664
SI000000,EFUL,MAIZ,0.176462331533448
SI000000,EFUL,OCER,0.1406404764162405
SI000000,EFUL,POTA,0.2273197692663973
SI000000,EFUL,SUGB,0.2405536764698126
SI000000,EFUL,MAIF,0.3145767053145927
SI000000,EFUL,OFAR,0.248542194120614
SI000000,EFUL,FALL,0.0
SI000000,ELUB,SWHE,0.002478916723137739
SI000000,ELUB,BARL,0.002450367121361644
SI000000,ELUB,OATS,0.002404529788616911
SI000000,ELUB,MAIZ,0.00252430173509281
SI000000,ELUB,OCER,0.002458925763695838
SI000000,ELUB,POTA,0.003957735403891863
SI000000,ELUB,SUGB,0.003147285455394086
SI000000,ELUB,MAIF,0.003623914453146852
SI000000,ELUB,OFAR,0.002911830927327866
SI000000,ELUB,FALL,0.0
SI000000,INPO,SWHE,0.04473585987852832
SI000000,INPO,BARL,0.02921388316291707
SI000000,INPO,OATS,0.02265904689791442
SI000000,INPO,MAIZ,0.05105075879434498
SI000000,INPO,OCER,0.01134463918231675
SI000000,INPO,POTA,0.09794789013434668
SI000000,INPO,SUGB,0.1038332341938237
SI000000,INPO,MAIF,0.07614118183978877
SI000000,INPO,OFAR,0.04027597620133054
SI000000,INPO,FALL,0.0
SK010000,SEED,SWHE,0.04655596043239425
SK010000,SEED,RYEM,0.01999012474570009
SK010000,SEED,BARL,0.02690182209689638
SK010000,SEED,OATS,0.01115453748586827
SK010000,SEED,MAIZ,0.03695792181076979
SK010000,SEED,RAPE,0.03330671429092893
SK010000,SEED,SUNF,0.0310382555523214
SK010000,SEED,PULS,0.02267632392646218
SK010000,SEED,POTA,0.2420411070396421
SK010000,SEED,MAIF,0.008280934026052964
SK010000,SEED,OFAR,0.01238849557018796
SK010000,SEED,VSET,0.0
SK010000,SEED,FALL,0.0
SK010000,PLAP,SWHE,0.04791080216968805
SK010000,PLAP,RYEM,0.02897669347663282
SK010000,PLAP,BARL,0.04269372413479067
SK010000,PLAP,OATS,0.01702012410184907
SK010000,PLAP,MAIZ,0.05931363933925669
SK010000,PLAP,RAPE,0.054871006964887
SK010000,PLAP,SUNF,0.0505443636323315
SK010000,PLAP,PULS,0.01194558784655248
SK010000,PLAP,POTA,0.2822861330951057
SK010000,PLAP,MAIF,0.01719936097714945
SK010000,PLAP,OFAR,0.007522512782504711
SK010000,PLAP,VSET,0.0
SK010000,PLAP,FALL,0.0
SK010000,FERT,SWHE,1.354402074506339
SK010000,FERT,RYEM,0.8202233057096274
SK010000,FERT,BARL,1.002528399639973
SK010000,FERT,OATS,0.7082105081172009
SK010000,FERT,MAIZ,1.481640243124555
SK010000,FERT,RAPE,1.257192903340051
SK010000,FERT,SUNF,1.137626871123223
SK010000,FERT,PULS,0.4940427233766801
SK010000,FERT,POTA,1.403040571057723
SK010000,FERT,MAIF,1.154384464382157
SK010000,FERT,OFAR,0.9154301241662347
SK010000,FERT,VSET,0.0
SK010000,FERT,FALL,0.0
SK010000,REPM,SWHE,0.007175650033730321
SK010000,REPM,RYEM,0.00490247578058352
SK010000,REPM,BARL,0.006938538385348921
SK010000,REPM,OATS,0.003343877438634183
SK010000,REPM,MAIZ,0.009914957441760967
SK010000,REPM,RAPE,0.008124343287073937
SK010000,REPM,SUNF,0.007745543801713394
SK010000,REPM,PULS,0.006357134414096335
SK010000,REPM,POTA,0.03977242772099333
SK010000,REPM,MAIF,0.002089005137047984
SK010000,REPM,OFAR,0.002846012361256684
SK010000,REPM,FALL,0.0
SK010000,REPB,SWHE,0.01746275860410025
SK010000,REPB,RYEM,0.01404128571306235
SK010000,REPB,BARL,0.02047241154801059
SK010000,REPB,OATS,0.008390041781073398
SK010000,REPB,MAIZ,0.02778664504021303
SK010000,REPB,RAPE,0.02288728754428668
SK010000,REPB,SUNF,0.02240260759597036
SK010000,REPB,PULS,0.01731045796240347
SK010000,REPB,POTA,0.1162793617348723
SK010000,REPB,MAIF,0.004712079346776497
SK010000,REPB,OFAR,0.007464318257566462
SK010000,REPB,FALL,0.0
SK010000,ELEC,SWHE,0.004212310867217228
SK010000,ELEC,RYEM,0.001404186808800016
SK010000,ELEC,BARL,0.003903841899091493
SK010000,ELEC,OATS,0.001110431824392604
SK010000,ELEC,MAIZ,0.003516411094811673
SK010000,ELEC,RAPE,0.003311868737607206
SK010000,ELEC,SUNF,0.002229905476991922
SK010000,ELEC,PULS,0.001094374200633259
SK010000,ELEC,POTA,0.001631998426031687
SK010000,ELEC,MAIF,0.001871754616946622
SK010000,ELEC,OFAR,0.003677164267161389
SK010000,ELEC,VSET,0.0
SK010000,ELEC,FALL,0.0
SK010000,EGAS,SWHE,0.0001363406105743809
SK010000,EGAS,RYEM,0.0001193354807931534
SK010000,EGAS,BARL,0.000135392077389449
SK010000,EGAS,OATS,0.0001637743446652425
SK010000,EGAS,MAIZ,0.0001335102631431261
SK010000,EGAS,RAPE,0.0001397882263679624
SK010000,EGAS,SUNF,0.0001340580549000747
SK010000,EGAS,PULS,0.0
SK010000,EGAS,POTA,0.0
SK010000,EGAS,MAIF,0.0
SK010000,EGAS,OFAR,0.0
SK010000,EGAS,VSET,0.0
SK010000,EGAS,FALL,0.0
SK010000,EFUL,SWHE,0.1126306853404569
SK010000,EFUL,RYEM,0.08555600227943914
SK010000,EFUL,BARL,0.1120299680850115
SK010000,EFUL,OATS,0.06348130211674938
SK010000,EFUL,MAIZ,0.1027663054357239
SK010000,EFUL,RAPE,0.09542474254900954
SK010000,EFUL,SUNF,0.09162313050730939
SK010000,EFUL,PULS,0.08668514973890312
SK010000,EFUL,POTA,0.2423175056668216
SK010000,EFUL,MAIF,0.06003251094489682
SK010000,EFUL,OFAR,0.08093139998270169
SK010000,EFUL,FALL,0.0
SK010000,ELUB,SWHE,0.01283373557039762
SK010000,ELUB,RYEM,0.0108260195181817
SK010000,ELUB,BARL,0.01320081601690225
SK010000,ELUB,OATS,0.0104364412763054
SK010000,ELUB,MAIZ,0.01259670195982159
SK010000,ELUB,RAPE,0.01142002246623911
SK010000,ELUB,SUNF,0.01164905924318863
SK010000,ELUB,PULS,0.01199918775952903
SK010000,ELUB,POTA,0.02677843154572886
SK010000,ELUB,MAIF,0.006771610580468147
SK010000,ELUB,OFAR,0.01141964556031837
SK010000,ELUB,FALL,0.0
SK010000,INPO,SWHE,0.1297739183049825
SK010000,INPO,RYEM,0.05672605615122211
SK010000,INPO,BARL,0.1024959587676752
SK010000,INPO,OATS,0.02960610286563282
SK010000,INPO,MAIZ,0.2115987357589564
SK010000,INPO,RAPE,0.140498254114602
SK010000,INPO,SUNF,0.1296062342233824
SK010000,INPO,PULS,0.06077443005955634
SK010000,INPO,POTA,0.9251063615294851
SK010000,INPO,MAIF,0.008475212558628096
SK010000,INPO,OFAR,0.02080236038555162
SK010000,INPO,FALL,0.0
SK020000,SEED,SWHE,0.05114228282456443
SK020000,SEED,DWHE,0.03139369671164483
SK020000,SEED,RYEM,0.02475743477678472
SK020000,SEED,BARL,0.03312191406785073
SK020000,SEED,OATS,0.01115453719747664
SK020000,SEED,MAIZ,0.04276398560114576
SK020000,SEED,OCER,0.02876825108476357
SK020000,SEED,RAPE,0.03284283840487953
SK020000,SEED,SUNF,0.03658972959871118
SK020000,SEED,PULS,0.02804218725140814
SK020000,SEED,POTA,0.2018671937083867
SK020000,SEED,SUGB,0.1273381855968716
SK020000,SEED,MAIF,0.01005105299342731
SK020000,SEED,OFAR,0.01324618637463142
SK020000,SEED,VSET,0.0
SK020000,SEED,FALL,0.0
SK020000,PLAP,SWHE,0.05085830750524087
SK020000,PLAP,DWHE,0.02324552758442318
SK020000,PLAP,RYEM,0.0358430517497292
SK020000,PLAP,BARL,0.04839847944430375
SK020000,PLAP,OATS,0.01702012398946574
SK020000,PLAP,MAIZ,0.06490852593840597
SK020000,PLAP,OCER,0.03174212614341613
SK020000,PLAP,RAPE,0.05476719221799889
SK020000,PLAP,SUNF,0.05611874932591767
SK020000,PLAP,PULS,0.01259283500058768
SK020000,PLAP,POTA,0.2504514298107735
SK020000,PLAP,SUGB,0.1984990485439413
SK020000,PLAP,MAIF,0.019466274527338
SK020000,PLAP,OFAR,0.007881458761379606
SK020000,PLAP,VSET,0.0
SK020000,PLAP,FALL,0.0
SK020000,FERT,SWHE,1.471069655717164
SK020000,FERT,DWHE,1.43326931423453
SK020000,FERT,RYEM,1.004045130988377
SK020000,FERT,BARL,1.19943435124497
SK020000,FERT,OATS,0.685775919646671
SK020000,FERT,MAIZ,1.712021612844716
SK020000,FERT,OCER,1.781344197172651
SK020000,FERT,RAPE,1.212792453180739
SK020000,FERT,SUNF,1.335002581903259
SK020000,FERT,PULS,0.6059287614889292
SK020000,FERT,POTA,1.128427604681354
SK020000,FERT,SUGB,2.368367269259099
SK020000,FERT,MAIF,1.415527052164627
SK020000,FERT,OFAR,0.958333635183437
SK020000,FERT,VSET,0.0
SK020000,FERT,FALL,0.0
SK020000,REPM,SWHE,0.007352123018009981
SK020000,REPM,DWHE,0.005902561890504136
SK020000,REPM,RYEM,0.006070205481025887
SK020000,REPM,BARL,0.007308487227475514
SK020000,REPM,OATS,0.003343877431197274
SK020000,REPM,MAIZ,0.0102761978682799
SK020000,REPM,OCER,0.005823103982489889
SK020000,REPM,RAPE,0.00811573344286149
SK020000,REPM,SUNF,0.008079027726963981
SK020000,REPM,PULS,0.006605734497411716
SK020000,REPM,POTA,0.03780122048115613
SK020000,REPM,SUGB,0.03181399142053679
SK020000,REPM,MAIF,0.002198420832161913
SK020000,REPM,OFAR,0.002904357864674325
SK020000,REPM,FALL,0.0
SK020000,REPB,SWHE,0.01789321570706842
SK020000,REPB,DWHE,0.0159329292979473
SK020000,REPB,RYEM,0.01738718646867275
SK020000,REPB,BARL,0.02156877495471223
SK020000,REPB,OATS,0.008390041957208317
SK020000,REPB,MAIZ,0.02880077105079914
SK020000,REPB,OCER,0.01652546680802739
SK020000,REPB,RAPE,0.02283671342128507
SK020000,REPB,SUNF,0.02336379314546643
SK020000,REPB,PULS,0.01818032252652606
SK020000,REPB,POTA,0.1105075273411268
SK020000,REPB,SUGB,0.09967662381616686
SK020000,REPB,MAIF,0.004959189225161815
SK020000,REPB,OFAR,0.007616653441361622
SK020000,REPB,FALL,0.0
SK020000,ELEC,SWHE,0.004366686725032248
SK020000,ELEC,DWHE,0.001096130753482057
SK020000,ELEC,RYEM,0.001509217562689836
SK020000,ELEC,BARL,0.004216303331446253
SK020000,ELEC,OATS,0.00111043181484334
SK020000,ELEC,MAIZ,0.003709536054766
SK020000,ELEC,OCER,0.001301719123550321
SK020000,ELEC,RAPE,0.003332551663955753
SK020000,ELEC,SUNF,0.002375944048726237
SK020000,ELEC,PULS,0.001102153115336648
SK020000,ELEC,POTA,0.001514701688873063
SK020000,ELEC,SUGB,0.001522503903483572
SK020000,ELEC,MAIF,0.002019570644424492
SK020000,ELEC,OFAR,0.003788576639506852
SK020000,ELEC,VSET,0.0
SK020000,ELEC,FALL,0.0
SK020000,EGAS,SWHE,0.0001413457314315569
SK020000,EGAS,DWHE,0.001041037145618585
SK020000,EGAS,RYEM,0.000147724132291635
SK020000,EGAS,BARL,0.0001462326005517428
SK020000,EGAS,OATS,0.0001637743449594168
SK020000,EGAS,MAIZ,0.0001408488140445335
SK020000,EGAS,OCER,0.0001898626999828666
SK020000,EGAS,RAPE,0.0001403640101558446
SK020000,EGAS,SUNF,0.0001427942263651508
SK020000,EGAS,PULS,0.0
SK020000,EGAS,POTA,0.0
SK020000,EGAS,SUGB,0.0
SK020000,EGAS,MAIF,0.0
SK020000,EGAS,OFAR,0.0
SK020000,EGAS,VSET,0.0
SK020000,EGAS,FALL,0.0
SK020000,EFUL,SWHE,0.116792803742643
SK020000,EFUL,DWHE,0.05120064231549706
SK020000,EFUL,RYEM,0.1059506194222039
SK020000,EFUL,BARL,0.1211897268769801
SK020000,EFUL,OATS,0.06348130165520022
SK020000,EFUL,MAIZ,0.1084559181380083
SK020000,EFUL,OCER,0.09703026794410151
SK020000,EFUL,RAPE,0.09514090339571124
SK020000,EFUL,SUNF,0.09754784736216857
SK020000,EFUL,PULS,0.08866899836105564
SK020000,EFUL,POTA,0.2248570986888898
SK020000,EFUL,SUGB,0.1658678835780353
SK020000,EFUL,MAIF,0.06477132085388664
SK020000,EFUL,OFAR,0.08332767718926024
SK020000,EFUL,FALL,0.0
SK020000,ELUB,SWHE,0.01330070034477084
SK020000,ELUB,DWHE,0.01144640152629623
SK020000,ELUB,RYEM,0.01338050275008463
SK020000,ELUB,BARL,0.01423045430699567
SK020000,ELUB,OATS,0.01043644127508042
SK020000,ELUB,MAIZ,0.01328500821077113
SK020000,ELUB,OCER,0.01184084425372717
SK020000,ELUB,RAPE,0.01155973924084967
SK020000,ELUB,SUNF,0.01157232814921871
SK020000,ELUB,PULS,0.01303601748782541
SK020000,ELUB,POTA,0.02487964064833263
SK020000,ELUB,SUGB,0.01779886618620727
SK020000,ELUB,MAIF,0.007314496803494058
SK020000,ELUB,OFAR,0.01176630860907076
SK020000,ELUB,FALL,0.0
SK020000,INPO,SWHE,0.137746220887982
SK020000,INPO,DWHE,0.07609130439812684
SK020000,INPO,RYEM,0.07018619399802155
SK020000,INPO,BARL,0.1165020672886754
SK020000,INPO,OATS,0.02960610290405681
SK020000,INPO,MAIZ,0.2315397929880145
SK020000,INPO,OCER,0.05633867297570513
SK020000,INPO,RAPE,0.1405629432591109
SK020000,INPO,SUNF,0.1439720382699357
SK020000,INPO,PULS,0.08959554609769202
SK020000,INPO,POTA,0.820740803956442
SK020000,INPO,SUGB,0.3906612195724117
SK020000,INPO,MAIF,0.009601729683175056
SK020000,INPO,OFAR,0.0217966622590692
SK020000,INPO,FALL,0.0
SK030000,SEED,SWHE,0.04124180583195707
SK030000,SEED,RYEM,0.02587072576450538
SK030000,SEED,BARL,0.02445656198291349
SK030000,SEED,OATS,0.01115453771036003
SK030000,SEED,MAIZ,0.02445098222649219
SK030000,SEED,OCER,0.01979345470091043
SK030000,SEED,RAPE,0.03147456521885638
SK030000,SEED,SUNF,0.02702990107155021
SK030000,SEED,SOYA,0.01665206477503061
SK030000,SEED,PULS,0.01606433705897605
SK030000,SEED,POTA,0.1873317542061793
SK030000,SEED,SUGB,0.09844017119587395
SK030000,SEED,MAIF,0.008438664938286882
SK030000,SEED,OFAR,0.007927392225289032
SK030000,SEED,VSET,0.0
SK030000,SEED,FALL,0.0
SK030000,PLAP,SWHE,0.04448932469317007
SK030000,PLAP,RYEM,0.03734996773059039
SK030000,PLAP,BARL,0.04020284216566228
SK030000,PLAP,OATS,0.01702012417272578
SK030000,PLAP,MAIZ,0.04750322280397924
SK030000,PLAP,OCER,0.0260927769278449
SK030000,PLAP,RAPE,0.05306657838214561
SK030000,PLAP,SUNF,0.04660941427463181
SK030000,PLAP,SOYA,0.02249185164159425
SK030000,PLAP,PULS,0.00917725212980914
SK030000,PLAP,POTA,0.2388646460062054
SK030000,PLAP,SUGB,0.1702412343880918
SK030000,PLAP,MAIF,0.0173794080387698
SK030000,PLAP,OFAR,0.005698302023027232
SK030000,PLAP,VSET,0.0
SK030000,PLAP,FALL,0.0
SK030000,FERT,SWHE,1.105457578566926
SK030000,FERT,RYEM,0.9688671381385932
SK030000,FERT,BARL,0.8241833414726997
SK030000,FERT,OATS,0.6710611609620438
SK030000,FERT,MAIZ,0.8495914113734415
SK030000,FERT,OCER,1.14803452229869
SK030000,FERT,RAPE,1.113160959648024
SK030000,FERT,SUNF,0.9250479582699598
SK030000,FERT,SOYA,0.9008518173859865
SK030000,FERT,PULS,0.3550118349484653
SK030000,FERT,POTA,1.015541966686086
SK030000,FERT,SUGB,1.684775637167869
SK030000,FERT,MAIF,1.126995672671596
SK030000,FERT,OFAR,0.5605004213331775
SK030000,FERT,VSET,0.0
SK030000,FERT,FALL,0.0
SK030000,REPM,SWHE,0.006970581445589536
SK030000,REPM,RYEM,0.006339502258021909
SK030000,REPM,BARL,0.006788306119617682
SK030000,REPM,OATS,0.003343877440339134
SK030000,REPM,MAIZ,0.009151716658098353
SK030000,REPM,OCER,0.005310219274399996
SK030000,REPM,RAPE,0.0080150267444182
SK030000,REPM,SUNF,0.007509311707787658
SK030000,REPM,SOYA,0.003968744046739575
SK030000,REPM,PULS,0.005869826915340255
SK030000,REPM,POTA,0.03708314075791103
SK030000,REPM,SUGB,0.02998514586711419
SK030000,REPM,MAIF,0.002056786262241071
SK030000,REPM,OFAR,0.002546039344782935
SK030000,REPM,FALL,0.0
SK030000,REPB,SWHE,0.01696551123372722
SK030000,REPB,RYEM,0.01816268717768073
SK030000,REPB,BARL,0.02003275271980157
SK030000,REPB,OATS,0.008390042035277856
SK030000,REPB,MAIZ,0.02562075329146328
SK030000,REPB,OCER,0.01506102310660982
SK030000,REPB,RAPE,0.02257233278937576
SK030000,REPB,SUNF,0.02171580344624312
SK030000,REPB,SOYA,0.009842545180203839
SK030000,REPB,PULS,0.01615162764904404
SK030000,REPB,POTA,0.1084167879425812
SK030000,REPB,SUGB,0.09393890754333438
SK030000,REPB,MAIF,0.004552326547962305
SK030000,REPB,OFAR,0.006677144098941391
SK030000,REPB,FALL,0.0
SK030000,ELEC,SWHE,0.004030073299419019
SK030000,ELEC,RYEM,0.001576972167675066
SK030000,ELEC,BARL,0.003774789515480654
SK030000,ELEC,OATS,0.00111043182910818
SK030000,ELEC,MAIZ,0.003117895782579974
SK030000,ELEC,OCER,0.001131071604086729
SK030000,ELEC,RAPE,0.003254196034989248
SK030000,ELEC,SUNF,0.002128218260785804
SK030000,ELEC,SOYA,0.001115767442733865
SK030000,ELEC,PULS,0.0009181831183781364
SK030000,ELEC,POTA,0.001471935829604096
SK030000,ELEC,SUGB,0.001390510925887469
SK030000,ELEC,MAIF,0.001888797596899881
SK030000,ELEC,OFAR,0.003112461580107277
SK030000,ELEC,VSET,0.0
SK030000,ELEC,FALL,0.0
SK030000,EGAS,SWHE,0.0001304517411461231
SK030000,EGAS,RYEM,0.0001541691681466909
SK030000,EGAS,BARL,0.0001308636447797422
SK030000,EGAS,OATS,0.0001637743443333779
SK030000,EGAS,MAIZ,0.0001185061750016053
SK030000,EGAS,OCER,0.0001662365955583911
SK030000,EGAS,RAPE,0.0001372257341249622
SK030000,EGAS,SUNF,0.0001278869495914887
SK030000,EGAS,SOYA,0.000607495716900907
SK030000,EGAS,PULS,0.0
SK030000,EGAS,POTA,0.0
SK030000,EGAS,SUGB,0.0
SK030000,EGAS,MAIF,0.0
SK030000,EGAS,OFAR,0.0
SK030000,EGAS,VSET,0.0
SK030000,EGAS,FALL,0.0
SK030000,EFUL,SWHE,0.1078152018468715
SK030000,EFUL,RYEM,0.1107173666632941
SK030000,EFUL,BARL,0.1084299876310347
SK030000,EFUL,OATS,0.06348130247424959
SK030000,EFUL,MAIZ,0.09060757369215558
SK030000,EFUL,OCER,0.08813467167455855
SK030000,EFUL,RAPE,0.09348428925913463
SK030000,EFUL,SUNF,0.0873638835640175
SK030000,EFUL,SOYA,0.03818997018258286
SK030000,EFUL,PULS,0.07389107765746603
SK030000,EFUL,POTA,0.2185339224066691
SK030000,EFUL,SUGB,0.1515457482016158
SK030000,EFUL,MAIF,0.06057625194761356
SK030000,EFUL,OFAR,0.06847662096086651
SK030000,EFUL,FALL,0.0
SK030000,ELUB,SWHE,0.0122730859576007
SK030000,ELUB,RYEM,0.01392947107517867
SK030000,ELUB,BARL,0.01274979152605319
SK030000,ELUB,OATS,0.01043644125604429
SK030000,ELUB,MAIZ,0.01119839847152017
SK030000,ELUB,OCER,0.01046226325857524
SK030000,ELUB,RAPE,0.01124538094593889
SK030000,ELUB,SUNF,0.01037030801927438
SK030000,ELUB,SOYA,0.005989420839395725
SK030000,ELUB,PULS,0.0108838517104451
SK030000,ELUB,POTA,0.02417353071298875
SK030000,ELUB,SUGB,0.01629468766906968
SK030000,ELUB,MAIF,0.007625090886464607
SK030000,ELUB,OFAR,0.009664979125971938
SK030000,ELUB,FALL,0.0
SK030000,INPO,SWHE,0.1204869806608071
SK030000,INPO,RYEM,0.07320065947120885
SK030000,INPO,BARL,0.09668764098410572
SK030000,INPO,OATS,0.02960610591914771
SK030000,INPO,MAIZ,0.1699052813027284
SK030000,INPO,OCER,0.04499495351284168
SK030000,INPO,RAPE,0.1359568495647559
SK030000,INPO,SUNF,0.1195786347775854
SK030000,INPO,SOYA,0.02534373564284166
SK030000,INPO,PULS,0.06526442555633406
SK030000,INPO,POTA,0.7825499750557358
SK030000,INPO,SUGB,0.3355031365001869
SK030000,INPO,MAIF,0.008610184664027862
SK030000,INPO,OFAR,0.01575784834825433
SK030000,INPO,FALL,0.0
SK040000,SEED,SWHE,0.039797663951417
SK040000,SEED,RYEM,0.02182423259838465
SK040000,SEED,BARL,0.0243114215961474
SK040000,SEED,OATS,0.01115453737203993
SK040000,SEED,MAIZ,0.03123900767479269
SK040000,SEED,OCER,0.01398040260090665
SK040000,SEED,RAPE,0.02946718959644887
SK040000,SEED,SUNF,0.02653883572602321
SK040000,SEED,SOYA,0.01280582081715203
SK040000,SEED,PULS,0.02056390183009479
SK040000,SEED,POTA,0.1780261904636216
SK040000,SEED,SUGB,0.07067845007163598
SK040000,SEED,MAIF,0.006580219732834117
SK040000,SEED,OFAR,0.007645836793597247
SK040000,SEED,VSET,0.0
SK040000,SEED,FALL,0.0
SK040000,PLAP,SWHE,0.04356681154484013
SK040000,PLAP,RYEM,0.03162401890781662
SK040000,PLAP,BARL,0.04008800299730604
SK040000,PLAP,OATS,0.01702012408611357
SK040000,PLAP,MAIZ,0.0537516783321548
SK040000,PLAP,OCER,0.02837589857287399
SK040000,PLAP,RAPE,0.05095919207070982
SK040000,PLAP,SUNF,0.04611738371094008
SK040000,PLAP,SOYA,0.02004066309110888
SK040000,PLAP,PULS,0.01045229971556991
SK040000,PLAP,POTA,0.2315248899171988
SK040000,PLAP,SUGB,0.1383626967046794
SK040000,PLAP,MAIF,0.01516219407989712
SK040000,PLAP,OFAR,0.005573442428372185
SK040000,PLAP,VSET,0.0
SK040000,PLAP,FALL,0.0
SK040000,FERT,SWHE,1.097101762272062
SK040000,FERT,RYEM,0.8626402327862067
SK040000,FERT,BARL,0.8325367929956738
SK040000,FERT,OATS,0.6821858384346661
SK040000,FERT,MAIZ,1.176056719570843
SK040000,FERT,OCER,0.6439518198594212
SK040000,FERT,RAPE,1.064300888737377
SK040000,FERT,SUNF,0.9247112210668207
SK040000,FERT,SOYA,0.6782720616536442
SK040000,FERT,PULS,0.4491561832446428
SK040000,FERT,POTA,0.9758797564552537
SK040000,FERT,SUGB,1.555941196997906
SK040000,FERT,MAIF,0.8611502016715828
SK040000,FERT,OFAR,0.542558055843429
SK040000,FERT,VSET,0.0
SK040000,FERT,FALL,0.0
SK040000,REPM,SWHE,0.006915426033484738
SK040000,REPM,RYEM,0.005351898887604366
SK040000,REPM,BARL,0.006780023966623428
SK040000,REPM,OATS,0.003343877436607154
SK040000,REPM,MAIZ,0.009555845924307853
SK040000,REPM,OCER,0.004949817148233036
SK040000,REPM,RAPE,0.007888517988021329
SK040000,REPM,SUNF,0.007479808086612383
SK040000,REPM,SOYA,0.003771074429342892
SK040000,REPM,PULS,0.006145545449088396
SK040000,REPM,POTA,0.03662900989292196
SK040000,REPM,SUGB,0.02778336399937885
SK040000,REPM,MAIF,0.001954351515756587
SK040000,REPM,OFAR,0.002526526472589541
SK040000,REPM,FALL,0.0
SK040000,REPB,SWHE,0.01682864596180577
SK040000,REPB,RYEM,0.01532886835545817
SK040000,REPB,BARL,0.02000782256013779
SK040000,REPB,OATS,0.008390041694064094
SK040000,REPB,MAIZ,0.02678318864344357
SK040000,REPB,OCER,0.01393899315113972
SK040000,REPB,RAPE,0.02221593115929586
SK040000,REPB,SUNF,0.0216309044627831
SK040000,REPB,SOYA,0.009421417649910566
SK040000,REPB,PULS,0.01691287236128912
SK040000,REPB,POTA,0.1070807236963684
SK040000,REPB,SUGB,0.08734175471585728
SK040000,REPB,MAIF,0.004325653277705382
SK040000,REPB,OFAR,0.006626689702060071
SK040000,REPB,FALL,0.0
SK040000,ELEC,SWHE,0.003983614584057771
SK040000,ELEC,RYEM,0.001532672059331249
SK040000,ELEC,BARL,0.003767936357850324
SK040000,ELEC,OATS,0.001110431816687831
SK040000,ELEC,MAIZ,0.003320987424818172
SK040000,ELEC,OCER,0.0009935855799981038
SK040000,ELEC,RAPE,0.003176142527314718
SK040000,ELEC,SUNF,0.002115316465833192
SK040000,ELEC,SOYA,0.001036149616769073
SK040000,ELEC,PULS,0.0009875201929844858
SK040000,ELEC,POTA,0.001444891593516306
SK040000,ELEC,SUGB,0.001528657576767846
SK040000,ELEC,MAIF,0.001746784792464299
SK040000,ELEC,OFAR,0.00307272319850662
SK040000,ELEC,VSET,0.0
SK040000,ELEC,FALL,0.0
SK040000,EGAS,SWHE,0.000128943213082038
SK040000,EGAS,RYEM,0.0001302678798928754
SK040000,EGAS,BARL,0.0001306307906550337
SK040000,EGAS,OATS,0.0001637743451870706
SK040000,EGAS,MAIZ,0.0001261028726230704
SK040000,EGAS,OCER,0.0001610274485965905
SK040000,EGAS,RAPE,0.0001339659207725464
SK040000,EGAS,SUNF,0.0001271129352737656
SK040000,EGAS,SOYA,0.0005424821678421153
SK040000,EGAS,PULS,0.0
SK040000,EGAS,POTA,0.0
SK040000,EGAS,SUGB,0.0
SK040000,EGAS,MAIF,0.0
SK040000,EGAS,OFAR,0.0
SK040000,EGAS,VSET,0.0
SK040000,EGAS,FALL,0.0
SK040000,EFUL,SWHE,0.1064974141163707
SK040000,EFUL,RYEM,0.09340220215547224
SK040000,EFUL,BARL,0.1082164198707891
SK040000,EFUL,OATS,0.06348130198974322
SK040000,EFUL,MAIZ,0.09713170411704947
SK040000,EFUL,OCER,0.0865228486074732
SK040000,EFUL,RAPE,0.09126267555980258
SK040000,EFUL,SUNF,0.08684210922064448
SK040000,EFUL,SOYA,0.03572192595747471
SK040000,EFUL,PULS,0.0794530128178739
SK040000,EFUL,POTA,0.2144898811776553
SK040000,EFUL,SUGB,0.1368586356973001
SK040000,EFUL,MAIF,0.05613222970861929
SK040000,EFUL,OFAR,0.0676838138266104
SK040000,EFUL,FALL,0.0
SK040000,ELUB,SWHE,0.01213861292110261
SK040000,ELUB,RYEM,0.01181102090481505
SK040000,ELUB,BARL,0.01272919425185157
SK040000,ELUB,OATS,0.01043644128159527
SK040000,ELUB,MAIZ,0.01189080109632149
SK040000,ELUB,OCER,0.01177926224006023
SK040000,ELUB,RAPE,0.01097284329783944
SK040000,ELUB,SUNF,0.01030721893773044
SK040000,ELUB,SOYA,0.005446504973287306
SK040000,ELUB,PULS,0.01168686452033601
SK040000,ELUB,POTA,0.02374092111642045
SK040000,ELUB,SUGB,0.01568809367178538
SK040000,ELUB,MAIF,0.008133797046761416
SK040000,ELUB,OFAR,0.00953683275093202
SK040000,ELUB,FALL,0.0
SK040000,INPO,SWHE,0.1180152673134438
SK040000,INPO,RYEM,0.06191330430296188
SK040000,INPO,BARL,0.09638327603410961
SK040000,INPO,OATS,0.02960610292091962
SK040000,INPO,MAIZ,0.1917287018606124
SK040000,INPO,OCER,0.04401008694789568
SK040000,INPO,RAPE,0.1305636613934496
SK040000,INPO,SUNF,0.1183070169252965
SK040000,INPO,SOYA,0.02175152414355456
SK040000,INPO,PULS,0.07436012184306214
SK040000,INPO,POTA,0.7586232703989515
SK040000,INPO,SUGB,0.3430500612803621
SK040000,INPO,MAIF,0.00754160478330389
SK040000,INPO,OFAR,0.01540813811964093
SK040000,INPO,FALL,0.0
CY000000,SEED,DWHE,0.0005904537755294361
CY000000,SEED,BARL,0.00654075819924866
CY000000,SEED,POTA,0.1035488140245154
CY000000,SEED,OFAR,0.05416935931221262
CY000000,SEED,VSET,0.0
CY000000,SEED,FALL,0.0
CY000000,PLAP,DWHE,0.0004388706150816077
CY000000,PLAP,BARL,0.03641781207457259
CY000000,PLAP,POTA,0.268833043113376
CY000000,PLAP,OFAR,0.01207619086025243
CY000000,PLAP,VSET,0.0
CY000000,PLAP,FALL,0.0
CY000000,FERT,DWHE,0.9489686931472867
CY000000,FERT,BARL,1.62584072350281
CY000000,FERT,POTA,4.232138837758204
CY000000,FERT,OFAR,1.824720861064139
CY000000,FERT,VSET,0.0
CY000000,FERT,FALL,0.0
CY000000,REPM,DWHE,6.058387742791514e-05
CY000000,REPM,BARL,0.007577080082442796
CY000000,REPM,POTA,0.1542499558902037
CY000000,REPM,OFAR,0.03989366349986539
CY000000,REPM,FALL,0.0
CY000000,REPB,DWHE,3.369029320100182e-06
CY000000,REPB,BARL,0.0008289569386651951
CY000000,REPB,POTA,0.01491859624234959
CY000000,REPB,OFAR,0.002053470008338627
CY000000,REPB,FALL,0.0
CY000000,ELEC,DWHE,5.993528554300214e-05
CY000000,ELEC,BARL,0.01018412550149146
CY000000,ELEC,POTA,0.00366196485514028
CY000000,ELEC,OFAR,0.01006265714607089
CY000000,ELEC,VSET,0.0
CY000000,ELEC,FALL,0.0
CY000000,EGAS,DWHE,2.854541182932413e-05
CY000000,EGAS,BARL,2.533430169001878e-05
CY000000,EGAS,POTA,0.0
CY000000,EGAS,OFAR,0.0
CY000000,EGAS,VSET,0.0
CY000000,EGAS,FALL,0.0
CY000000,EFUL,DWHE,0.003408487959766622
CY000000,EFUL,BARL,0.2877798244790123
CY000000,EFUL,POTA,0.5063585617710828
CY000000,EFUL,OFAR,0.7360016361368664
CY000000,EFUL,FALL,0.0
CY000000,ELUB,DWHE,0.004883559795177443
CY000000,ELUB,BARL,0.009484452402629047
CY000000,ELUB,POTA,0.01783310342428781
CY000000,ELUB,OFAR,0.02588988394663409
CY000000,ELUB,FALL,0.0
CY000000,INPO,DWHE,0.0001127265465716486
CY000000,INPO,BARL,0.001871205125529904
CY000000,INPO,POTA,0.04781583848347873
CY000000,INPO,OFAR,0.065700296185228
CY000000,INPO,FALL,0.0
BG010000,SEED,SWHE,0.001963443172377841
BG010000,SEED,BARL,0.002006298265009755
BG010000,SEED,OATS,0.0009482266959592752
BG010000,SEED,MAIZ,0.002876525719963235
BG010000,SEED,OCER,0.00164521676463814
BG010000,SEED,RAPE,0.001775745788717537
BG010000,SEED,SUNF,0.001883619653719694
BG010000,SEED,PULS,0.005396546651228139
BG010000,SEED,MAIF,0.001782797866685279
BG010000,SEED,OFAR,0.000802126661804319
BG010000,SEED,VSET,0.0
BG010000,SEED,FALL,0.0
BG010000,PLAP,SWHE,0.005646340443289562
BG010000,PLAP,BARL,0.005488143592422693
BG010000,PLAP,OATS,0.00283967863427967
BG010000,PLAP,MAIZ,0.01065560235098035
BG010000,PLAP,OCER,0.01506007687494751
BG010000,PLAP,RAPE,0.009412396200340505
BG010000,PLAP,SUNF,0.007136692800483957
BG010000,PLAP,PULS,0.04024317978782084
BG010000,PLAP,MAIF,0.008331021537934602
BG010000,PLAP,OFAR,0.000982557549705194
BG010000,PLAP,VSET,0.0
BG010000,PLAP,FALL,0.0
BG010000,FERT,SWHE,3.057413768492196
BG010000,FERT,BARL,2.491065129308454
BG010000,FERT,OATS,1.919712310398671
BG010000,FERT,MAIZ,3.111176748216025
BG010000,FERT,OCER,2.224420861534981
BG010000,FERT,RAPE,2.292309739265953
BG010000,FERT,SUNF,2.502229939235579
BG010000,FERT,PULS,0.8115100064494023
BG010000,FERT,MAIF,1.948437733566485
BG010000,FERT,OFAR,1.367211680692172
BG010000,FERT,VSET,0.0
BG010000,FERT,FALL,0.0
BG010000,REPM,SWHE,0.0003701330332203706
BG010000,REPM,BARL,0.0004176193468552826
BG010000,REPM,OATS,0.002995092154306509
BG010000,REPM,MAIZ,0.002555268308319909
BG010000,REPM,OCER,0.007218183028765703
BG010000,REPM,RAPE,0.009315223581423164
BG010000,REPM,SUNF,0.0003747173563846962
BG010000,REPM,PULS,0.0450027948695615
BG010000,REPM,MAIF,0.00114139572933028
BG010000,REPM,OFAR,0.000465305207610888
BG010000,REPM,FALL,0.0
BG010000,REPB,SWHE,0.002395775893934332
BG010000,REPB,BARL,0.002625118082768385
BG010000,REPB,OATS,0.001631379360872912
BG010000,REPB,MAIZ,0.004245034315897542
BG010000,REPB,OCER,0.003395137097987028
BG010000,REPB,RAPE,0.002532485344563378
BG010000,REPB,SUNF,0.002435590778419813
BG010000,REPB,PULS,0.01006091195566943
BG010000,REPB,MAIF,0.003338409496594765
BG010000,REPB,OFAR,0.00103019553598107
BG010000,REPB,FALL,0.0
BG010000,ELEC,SWHE,0.0008340007524513032
BG010000,ELEC,BARL,0.0008585493620963205
BG010000,ELEC,OATS,0.0006838079834287737
BG010000,ELEC,MAIZ,0.001036715376137281
BG010000,ELEC,OCER,0.001208393703385828
BG010000,ELEC,RAPE,0.000988014417457236
BG010000,ELEC,SUNF,0.002085360674974297
BG010000,ELEC,PULS,0.00133379018964283
BG010000,ELEC,MAIF,0.001054429870067501
BG010000,ELEC,OFAR,0.001807809152652919
BG010000,ELEC,VSET,0.0
BG010000,ELEC,FALL,0.0
BG010000,EGAS,SWHE,2.622045892530517e-06
BG010000,EGAS,BARL,2.622120362097945e-06
BG010000,EGAS,OATS,2.937706063501152e-06
BG010000,EGAS,MAIZ,2.622765826234477e-06
BG010000,EGAS,OCER,2.622190944683347e-06
BG010000,EGAS,RAPE,3.017501885530891e-06
BG010000,EGAS,SUNF,2.622290561495849e-06
BG010000,EGAS,PULS,0.0
BG010000,EGAS,MAIF,0.0
BG010000,EGAS,OFAR,0.0
BG010000,EGAS,VSET,0.0
BG010000,EGAS,FALL,0.0
BG010000,EFUL,SWHE,0.1280913342872622
BG010000,EFUL,BARL,0.1242614568739382
BG010000,EFUL,OATS,0.08035815367317548
BG010000,EFUL,MAIZ,0.1896293748183788
BG010000,EFUL,OCER,0.1265348439438751
BG010000,EFUL,RAPE,0.06203993946047323
BG010000,EFUL,SUNF,0.1354381527758469
BG010000,EFUL,PULS,0.2335722439289544
BG010000,EFUL,MAIF,0.1941692837608385
BG010000,EFUL,OFAR,0.09258365160611992
BG010000,EFUL,FALL,0.0
BG010000,ELUB,SWHE,0.0201093208608553
BG010000,ELUB,BARL,0.02210895851058414
BG010000,ELUB,OATS,0.017600897402935
BG010000,ELUB,MAIZ,0.03947019737816373
BG010000,ELUB,OCER,0.01454716779338975
BG010000,ELUB,RAPE,0.01893795388431956
BG010000,ELUB,SUNF,0.01713496551595114
BG010000,ELUB,PULS,0.06626567061459125
BG010000,ELUB,MAIF,0.02218720459088939
BG010000,ELUB,OFAR,0.007622893765280633
BG010000,ELUB,FALL,0.0
BG010000,INPO,SWHE,0.002352769033497514
BG010000,INPO,BARL,0.00446659256003653
BG010000,INPO,OATS,0.001899452613211558
BG010000,INPO,MAIZ,0.01096931133868224
BG010000,INPO,OCER,0.00389685172983708
BG010000,INPO,RAPE,0.005562271983405769
BG010000,INPO,SUNF,0.003373935454249909
BG010000,INPO,PULS,0.02880165761700221
BG010000,INPO,MAIF,0.003554472563537119
BG010000,INPO,OFAR,0.001723530332776793
BG010000,INPO,FALL,0.0
BG020000,SEED,SWHE,0.001963443158580432
BG020000,SEED,DWHE,0.003560751219791373
BG020000,SEED,BARL,0.002006298126942359
BG020000,SEED,OATS,0.0009482266860519979
BG020000,SEED,MAIZ,0.002876525689244825
BG020000,SEED,OCER,0.00164521673640385
BG020000,SEED,SUNF,0.001883619656138573
BG020000,SEED,SOYA,0.003029910789256984
BG020000,SEED,PULS,0.005399028793298547
BG020000,SEED,POTA,0.01881484915204407
BG020000,SEED,MAIF,0.00158239300722634
BG020000,SEED,OFAR,0.000729413978743028
BG020000,SEED,VSET,0.0
BG020000,SEED,FALL,0.0
BG020000,PLAP,SWHE,0.005646339734801516
BG020000,PLAP,DWHE,0.006507501289015231
BG020000,PLAP,BARL,0.005488142870734731
BG020000,PLAP,OATS,0.002839678891228123
BG020000,PLAP,MAIZ,0.01065560203660419
BG020000,PLAP,OCER,0.01506007664033565
BG020000,PLAP,SUNF,0.007136692769883904
BG020000,PLAP,SOYA,0.02982670973980161
BG020000,PLAP,PULS,0.04025027824191196
BG020000,PLAP,POTA,0.08772084052680465
BG020000,PLAP,MAIF,0.007757856818997344
BG020000,PLAP,OFAR,0.0009274657624095132
BG020000,PLAP,VSET,0.0
BG020000,PLAP,FALL,0.0
BG020000,FERT,SWHE,2.867492775093937
BG020000,FERT,DWHE,2.388553104680986
BG020000,FERT,BARL,2.339299431867053
BG020000,FERT,OATS,1.791817528451507
BG020000,FERT,MAIZ,2.89407037234266
BG020000,FERT,OCER,2.135449536830092
BG020000,FERT,SUNF,2.344493251517429
BG020000,FERT,SOYA,1.783483818936452
BG020000,FERT,PULS,0.7453789834547724
BG020000,FERT,POTA,2.349326627405485
BG020000,FERT,MAIF,1.594897983137492
BG020000,FERT,OFAR,1.161481147401751
BG020000,FERT,VSET,0.0
BG020000,FERT,FALL,0.0
BG020000,REPM,SWHE,0.0003701330320378348
BG020000,REPM,DWHE,0.02629640775392564
BG020000,REPM,BARL,0.0004176193448900966
BG020000,REPM,OATS,0.00299509214560082
BG020000,REPM,MAIZ,0.002555268296750102
BG020000,REPM,OCER,0.007218182667907421
BG020000,REPM,SUNF,0.0003747173562727523
BG020000,REPM,SOYA,0.01946234303363697
BG020000,REPM,PULS,0.04500250012982019
BG020000,REPM,POTA,0.0677929048658765
BG020000,REPM,MAIF,0.001109923606266662
BG020000,REPM,OFAR,0.000454643758743917
BG020000,REPM,FALL,0.0
BG020000,REPB,SWHE,0.002395775791945744
BG020000,REPB,DWHE,0.002927662579600203
BG020000,REPB,BARL,0.002625118059089352
BG020000,REPB,OATS,0.0016313793109126
BG020000,REPB,MAIZ,0.004245034139803144
BG020000,REPB,OCER,0.003395137016058559
BG020000,REPB,SUNF,0.0024355907071301
BG020000,REPB,SOYA,0.004179884198707136
BG020000,REPB,PULS,0.01006155435031098
BG020000,REPB,POTA,0.03064255229099518
BG020000,REPB,MAIF,0.003246160710426612
BG020000,REPB,OFAR,0.001007572061839935
BG020000,REPB,FALL,0.0
BG020000,ELEC,SWHE,0.0008340007480999887
BG020000,ELEC,DWHE,0.0009841857127042206
BG020000,ELEC,BARL,0.000858549360616527
BG020000,ELEC,OATS,0.0006838081687465269
BG020000,ELEC,MAIZ,0.001036715496781123
BG020000,ELEC,OCER,0.001208393696352318
BG020000,ELEC,SUNF,0.002085360675297543
BG020000,ELEC,SOYA,0.001127444294544477
BG020000,ELEC,PULS,0.001333826833786553
BG020000,ELEC,POTA,0.001510923672686534
BG020000,ELEC,MAIF,0.001010877499622437
BG020000,ELEC,OFAR,0.001748510612458695
BG020000,ELEC,VSET,0.0
BG020000,ELEC,FALL,0.0
BG020000,EGAS,SWHE,2.622050475813473e-06
BG020000,EGAS,DWHE,2.970149788714894e-06
BG020000,EGAS,BARL,2.622117731222713e-06
BG020000,EGAS,OATS,2.937884156778065e-06
BG020000,EGAS,MAIZ,2.623919704265765e-06
BG020000,EGAS,OCER,2.622190926694885e-06
BG020000,EGAS,SUNF,2.622295139032587e-06
BG020000,EGAS,SOYA,2.633108075621336e-06
BG020000,EGAS,PULS,0.0
BG020000,EGAS,POTA,0.0
BG020000,EGAS,MAIF,0.0
BG020000,EGAS,OFAR,0.0
BG020000,EGAS,VSET,0.0
BG020000,EGAS,FALL,0.0
BG020000,EFUL,SWHE,0.1280913330639835
BG020000,EFUL,DWHE,0.06672474462411687
BG020000,EFUL,BARL,0.1242614538706502
BG020000,EFUL,OATS,0.08035815353143322
BG020000,EFUL,MAIZ,0.189629374187162
BG020000,EFUL,OCER,0.1265348428519071
BG020000,EFUL,SUNF,0.1354381527280188
BG020000,EFUL,SOYA,0.1048836047051584
BG020000,EFUL,PULS,0.2336108088317535
BG020000,EFUL,POTA,0.6895527996874204
BG020000,EFUL,MAIF,0.1860910211566081
BG020000,EFUL,OFAR,0.08954972461989515
BG020000,EFUL,FALL,0.0
BG020000,ELUB,SWHE,0.02010932104103001
BG020000,ELUB,DWHE,0.02412595974952228
BG020000,ELUB,BARL,0.02210895856733106
BG020000,ELUB,OATS,0.01760089743427171
BG020000,ELUB,MAIZ,0.03947019693193642
BG020000,ELUB,OCER,0.01454716775513604
BG020000,ELUB,SUNF,0.01713496554221975
BG020000,ELUB,SOYA,0.01439501810107066
BG020000,ELUB,PULS,0.06626359546208486
BG020000,ELUB,POTA,0.1599378422069776
BG020000,ELUB,MAIF,0.02125221647939132
BG020000,ELUB,OFAR,0.007362599897123616
BG020000,ELUB,FALL,0.0
BG020000,INPO,SWHE,0.002352768979152698
BG020000,INPO,DWHE,0.007837464173813598
BG020000,INPO,BARL,0.004466592251101793
BG020000,INPO,OATS,0.001899452603665661
BG020000,INPO,MAIZ,0.01096931122418639
BG020000,INPO,OCER,0.003896851654563133
BG020000,INPO,SUNF,0.003373935454640235
BG020000,INPO,SOYA,0.007391707620303049
BG020000,INPO,PULS,0.02881004095489593
BG020000,INPO,POTA,0.09845666300176194
BG020000,INPO,MAIF,0.003304522343429128
BG020000,INPO,OFAR,0.001625051246032572
BG020000,INPO,FALL,0.0
BG030000,SEED,SWHE,0.001963443218225142
BG030000,SEED,BARL,0.002006298084577604
BG030000,SEED,OATS,0.0009482266920401004
BG030000,SEED,MAIZ,0.002876526057708859
BG030000,SEED,OCER,0.001645217073521509
BG030000,SEED,RAPE,0.001775745788713961
BG030000,SEED,SUNF,0.001883619654053769
BG030000,SEED,SOYA,0.003029910876421372
BG030000,SEED,PULS,0.005399060333861176
BG030000,SEED,MAIF,0.002144388828683995
BG030000,SEED,OFAR,0.001042500183553992
BG030000,SEED,VSET,0.0
BG030000,SEED,FALL,0.0
BG030000,PLAP,SWHE,0.005646344769788651
BG030000,PLAP,BARL,0.005488142439659201
BG030000,PLAP,OATS,0.00283967787288316
BG030000,PLAP,MAIZ,0.01065560439415845
BG030000,PLAP,OCER,0.01506007555397062
BG030000,PLAP,RAPE,0.009412397167140932
BG030000,PLAP,SUNF,0.007136692824637879
BG030000,PLAP,SOYA,0.02982670950939545
BG030000,PLAP,PULS,0.04025037855426179
BG030000,PLAP,MAIF,0.009405634278946067
BG030000,PLAP,OFAR,0.001158879280717705
BG030000,PLAP,VSET,0.0
BG030000,PLAP,FALL,0.0
BG030000,FERT,SWHE,3.231831159110542
BG030000,FERT,BARL,2.626847149788466
BG030000,FERT,OATS,2.022384855644151
BG030000,FERT,MAIZ,3.304901033899549
BG030000,FERT,OCER,2.762485962250894
BG030000,FERT,RAPE,2.4321777895202
BG030000,FERT,SUNF,2.63702905772163
BG030000,FERT,SOYA,1.963772771463911
BG030000,FERT,PULS,0.8557630331757166
BG030000,FERT,MAIF,2.517633135771677
BG030000,FERT,OFAR,1.871572800757566
BG030000,FERT,VSET,0.0
BG030000,FERT,FALL,0.0
BG030000,REPM,SWHE,0.0003701330358356809
BG030000,REPM,BARL,0.0004176193424477612
BG030000,REPM,OATS,0.002995092147970307
BG030000,REPM,MAIZ,0.002555268460843412
BG030000,REPM,OCER,0.007218183256608744
BG030000,REPM,RAPE,0.009315223435930112
BG030000,REPM,SUNF,0.0003747173563877817
BG030000,REPM,SOYA,0.01946234304379104
BG030000,REPM,PULS,0.04500250599625578
BG030000,REPM,MAIF,0.001198367612248736
BG030000,REPM,OFAR,0.0004962995816585366
BG030000,REPM,FALL,0.0
BG030000,REPB,SWHE,0.002395775962916841
BG030000,REPB,BARL,0.002625117985454559
BG030000,REPB,OATS,0.001631379357899605
BG030000,REPB,MAIZ,0.004245034627647729
BG030000,REPB,OCER,0.00339513733203215
BG030000,REPB,RAPE,0.002532483087593042
BG030000,REPB,SUNF,0.00243559077953823
BG030000,REPB,SOYA,0.004179884330137601
BG030000,REPB,PULS,0.01006157611824667
BG030000,REPB,MAIF,0.003507182692968876
BG030000,REPB,OFAR,0.001102379304573136
BG030000,REPB,FALL,0.0
BG030000,ELEC,SWHE,0.0008340007705329282
BG030000,ELEC,BARL,0.0008585493480858849
BG030000,ELEC,OATS,0.0006838081690504225
BG030000,ELEC,MAIZ,0.001036715518320939
BG030000,ELEC,OCER,0.001208393785705239
BG030000,ELEC,RAPE,0.0009880144174508891
BG030000,ELEC,SUNF,0.002085360675428713
BG030000,ELEC,SOYA,0.001127444311052456
BG030000,ELEC,PULS,0.001333827562078807
BG030000,ELEC,MAIF,0.001134934408417029
BG030000,ELEC,OFAR,0.002000989495888096
BG030000,ELEC,VSET,0.0
BG030000,ELEC,FALL,0.0
BG030000,EGAS,SWHE,2.622047021755083e-06
BG030000,EGAS,BARL,2.622118884811379e-06
BG030000,EGAS,OATS,2.937705246460314e-06
BG030000,EGAS,MAIZ,2.622765816797709e-06
BG030000,EGAS,OCER,2.62219114423112e-06
BG030000,EGAS,RAPE,3.017501962580667e-06
BG030000,EGAS,SUNF,2.622290668089e-06
BG030000,EGAS,SOYA,2.633062752969681e-06
BG030000,EGAS,PULS,0.0
BG030000,EGAS,MAIF,0.0
BG030000,EGAS,OFAR,0.0
BG030000,EGAS,VSET,0.0
BG030000,EGAS,FALL,0.0
BG030000,EFUL,SWHE,0.1280913377337826
BG030000,EFUL,BARL,0.1242614509524567
BG030000,EFUL,OATS,0.08035815354749545
BG030000,EFUL,MAIZ,0.1896293894436422
BG030000,EFUL,OCER,0.1265348513087418
BG030000,EFUL,RAPE,0.06203993946034557
BG030000,EFUL,SUNF,0.1354381528153082
BG030000,EFUL,SOYA,0.1048836059992852
BG030000,EFUL,PULS,0.2336112893875804
BG030000,EFUL,MAIF,0.2087837591732722
BG030000,EFUL,OFAR,0.1025412199338685
BG030000,EFUL,FALL,0.0
BG030000,ELUB,SWHE,0.02010932030636129
BG030000,ELUB,BARL,0.02210895900218654
BG030000,ELUB,OATS,0.01760089741308349
BG030000,ELUB,MAIZ,0.03947019501662511
BG030000,ELUB,OCER,0.01454716840221437
BG030000,ELUB,RAPE,0.01893795386234792
BG030000,ELUB,SUNF,0.01713496550320073
BG030000,ELUB,SOYA,0.0143950177521835
BG030000,ELUB,PULS,0.06626357762135064
BG030000,ELUB,MAIF,0.02382491717832961
BG030000,ELUB,OFAR,0.00841349627103119
BG030000,ELUB,FALL,0.0
BG030000,INPO,SWHE,0.002352769162596901
BG030000,INPO,BARL,0.004466592101917029
BG030000,INPO,OATS,0.001899452606878414
BG030000,INPO,MAIZ,0.01096931236321507
BG030000,INPO,OCER,0.003896852459574873
BG030000,INPO,RAPE,0.005562271984463935
BG030000,INPO,SUNF,0.003373935455764929
BG030000,INPO,SOYA,0.007391707829054468
BG030000,INPO,PULS,0.02881014655328404
BG030000,INPO,MAIF,0.004005286048291922
BG030000,INPO,OFAR,0.002025611902934825
BG030000,INPO,FALL,0.0
BG040000,SEED,SWHE,0.001963443147777589
BG040000,SEED,RYEM,0.00153585818613586
BG040000,SEED,BARL,0.002006298097228511
BG040000,SEED,OATS,0.0009482266908591214
BG040000,SEED,MAIZ,0.002876525677362916
BG040000,SEED,SUNF,0.001883619655606218
BG040000,SEED,PULS,0.005396559579408853
BG040000,SEED,POTA,0.01881484975797451
BG040000,SEED,MAIF,0.001122630775287108
BG040000,SEED,OFAR,0.0006040642780470449
BG040000,SEED,VSET,0.0
BG040000,SEED,FALL,0.0
BG040000,PLAP,SWHE,0.005646333904688618
BG040000,PLAP,RYEM,0.007853564157473097
BG040000,PLAP,BARL,0.005488142764922363
BG040000,PLAP,OATS,0.002839678627573693
BG040000,PLAP,MAIZ,0.01065560218508096
BG040000,PLAP,SUNF,0.007136692821136042
BG040000,PLAP,PULS,0.04024322061388553
BG040000,PLAP,POTA,0.08772084109504832
BG040000,PLAP,MAIF,0.006525398639771537
BG040000,PLAP,OFAR,0.0008345894398922385
BG040000,PLAP,VSET,0.0
BG040000,PLAP,FALL,0.0
BG040000,FERT,SWHE,3.125644728849825
BG040000,FERT,RYEM,1.929172150141895
BG040000,FERT,BARL,2.553849465523953
BG040000,FERT,OATS,1.977097387647658
BG040000,FERT,MAIZ,3.179580448287029
BG040000,FERT,SUNF,2.562156503787517
BG040000,FERT,PULS,0.8598095744812602
BG040000,FERT,POTA,2.552363903097012
BG040000,FERT,MAIF,1.235089311921604
BG040000,FERT,OFAR,1.065487076481184
BG040000,FERT,VSET,0.0
BG040000,FERT,FALL,0.0
BG040000,REPM,SWHE,0.0003701330321298972
BG040000,REPM,RYEM,0.007138131268368325
BG040000,REPM,BARL,0.0004176193429366501
BG040000,REPM,OATS,0.002995092144636708
BG040000,REPM,MAIZ,0.002555268291521519
BG040000,REPM,SUNF,0.0003747173563019657
BG040000,REPM,PULS,0.04500279703797577
BG040000,REPM,POTA,0.06779290754047951
BG040000,REPM,MAIF,0.001038762235114182
BG040000,REPM,OFAR,0.0004378434665469587
BG040000,REPM,FALL,0.0
BG040000,REPB,SWHE,0.002395775867544825
BG040000,REPB,RYEM,0.002104137617472252
BG040000,REPB,BARL,0.002625118017673337
BG040000,REPB,OATS,0.001631379356108918
BG040000,REPB,MAIZ,0.004245034318951684
BG040000,REPB,SUNF,0.002435590777309419
BG040000,REPB,PULS,0.01006096816322123
BG040000,REPB,POTA,0.03064255354368629
BG040000,REPB,MAIF,0.003041527297888892
BG040000,REPB,OFAR,0.0009695355017136726
BG040000,REPB,FALL,0.0
BG040000,ELEC,SWHE,0.0008340007472633954
BG040000,ELEC,RYEM,0.0009181885589251637
BG040000,ELEC,BARL,0.0008585493556327066
BG040000,ELEC,OATS,0.0006838081699551566
BG040000,ELEC,MAIZ,0.001036715613067043
BG040000,ELEC,SUNF,0.002085360675525155
BG040000,ELEC,PULS,0.001333790481917311
BG040000,ELEC,POTA,0.001510923726236052
BG040000,ELEC,MAIF,0.0009152722452154224
BG040000,ELEC,OFAR,0.001647045726151894
BG040000,ELEC,VSET,0.0
BG040000,ELEC,FALL,0.0
BG040000,EGAS,SWHE,2.622045862686431e-06
BG040000,EGAS,RYEM,2.619145410529218e-06
BG040000,EGAS,BARL,2.622097968819495e-06
BG040000,EGAS,OATS,2.937700701857225e-06
BG040000,EGAS,MAIZ,2.622743531487982e-06
BG040000,EGAS,SUNF,2.622268281970893e-06
BG040000,EGAS,PULS,0.0
BG040000,EGAS,POTA,0.0
BG040000,EGAS,MAIF,0.0
BG040000,EGAS,OFAR,0.0
BG040000,EGAS,VSET,0.0
BG040000,EGAS,FALL,0.0
BG040000,EFUL,SWHE,0.1280913329135298
BG040000,EFUL,RYEM,0.04158005790373126
BG040000,EFUL,BARL,0.1242614521974212
BG040000,EFUL,OATS,0.08035815339834809
BG040000,EFUL,MAIZ,0.189629373823373
BG040000,EFUL,SUNF,0.1354381527676698
BG040000,EFUL,PULS,0.2335724409793152
BG040000,EFUL,POTA,0.6895528208795219
BG040000,EFUL,MAIF,0.1676852822900726
BG040000,EFUL,OFAR,0.08434668979267711
BG040000,EFUL,FALL,0.0
BG040000,ELUB,SWHE,0.02010932103305677
BG040000,ELUB,RYEM,0.01510338833957157
BG040000,ELUB,BARL,0.02210895881829244
BG040000,ELUB,OATS,0.01760089747670149
BG040000,ELUB,MAIZ,0.03947019684144452
BG040000,ELUB,SUNF,0.01713496552644739
BG040000,ELUB,PULS,0.06626566323569408
BG040000,ELUB,POTA,0.1599378396553868
BG040000,ELUB,MAIF,0.01894695647112862
BG040000,ELUB,OFAR,0.006942705346156149
BG040000,ELUB,FALL,0.0
BG040000,INPO,SWHE,0.002352768979470513
BG040000,INPO,RYEM,0.003917743315965726
BG040000,INPO,BARL,0.00446659218146358
BG040000,INPO,OATS,0.001899452601110801
BG040000,INPO,MAIZ,0.01096931121766235
BG040000,INPO,SUNF,0.003373935455729916
BG040000,INPO,PULS,0.02880170091975976
BG040000,INPO,POTA,0.09845666441655589
BG040000,INPO,MAIF,0.002730021529509474
BG040000,INPO,OFAR,0.001463960760114079
BG040000,INPO,FALL,0.0
BG050000,SEED,SWHE,0.001963443155670756
BG050000,SEED,DWHE,0.003560725945648808
BG050000,SEED,RYEM,0.001535857875988261
BG050000,SEED,BARL,0.002006298131608702
BG050000,SEED,OATS,0.0009482266864078253
BG050000,SEED,MAIZ,0.002876525888724054
BG050000,SEED,OCER,0.001645217106436561
BG050000,SEED,SUNF,0.001883619653418993
BG050000,SEED,PULS,0.005399085997321881
BG050000,SEED,POTA,0.0188148479407734
BG050000,SEED,MAIF,0.001477809776777688
BG050000,SEED,OFAR,0.0007221736555940857
BG050000,SEED,VSET,0.0
BG050000,SEED,FALL,0.0
BG050000,PLAP,SWHE,0.005646339544861066
BG050000,PLAP,DWHE,0.006507429382739132
BG050000,PLAP,RYEM,0.00785356307491048
BG050000,PLAP,BARL,0.005488142959391267
BG050000,PLAP,OATS,0.002839678191417474
BG050000,PLAP,MAIZ,0.01065560360266575
BG050000,PLAP,OCER,0.01506007745433379
BG050000,PLAP,SUNF,0.007136693102937616
BG050000,PLAP,PULS,0.04025046003468723
BG050000,PLAP,POTA,0.08772083230092584
BG050000,PLAP,MAIF,0.007412692721734104
BG050000,PLAP,OFAR,0.0009228754731180808
BG050000,PLAP,VSET,0.0
BG050000,PLAP,FALL,0.0
BG050000,FERT,SWHE,3.277123681410875
BG050000,FERT,DWHE,2.839641627278914
BG050000,FERT,RYEM,2.019847006806779
BG050000,FERT,BARL,2.670576494567756
BG050000,FERT,OATS,2.070098398589209
BG050000,FERT,MAIZ,3.34588437212111
BG050000,FERT,OCER,2.454213648739794
BG050000,FERT,SUNF,2.681094012372427
BG050000,FERT,PULS,0.9041954441922959
BG050000,FERT,POTA,2.65960108262597
BG050000,FERT,MAIF,1.681754526111549
BG050000,FERT,OFAR,1.329059138922216
BG050000,FERT,VSET,0.0
BG050000,FERT,FALL,0.0
BG050000,REPM,SWHE,0.0003701330333599189
BG050000,REPM,DWHE,0.02629640005105581
BG050000,REPM,RYEM,0.007138130012601376
BG050000,REPM,BARL,0.0004176193427389878
BG050000,REPM,OATS,0.002995092141218553
BG050000,REPM,MAIZ,0.002555268382390073
BG050000,REPM,OCER,0.007218183268789065
BG050000,REPM,SUNF,0.0003747173564038398
BG050000,REPM,PULS,0.04500251064815732
BG050000,REPM,POTA,0.06779290172100325
BG050000,REPM,MAIF,0.001093227029714123
BG050000,REPM,OFAR,0.0004542472058586751
BG050000,REPM,FALL,0.0
BG050000,REPB,SWHE,0.002395775896443493
BG050000,REPB,DWHE,0.002927651962795427
BG050000,REPB,RYEM,0.002104137124090983
BG050000,REPB,BARL,0.002625118013610304
BG050000,REPB,OATS,0.001631379353960113
BG050000,REPB,MAIZ,0.004245034470015422
BG050000,REPB,OCER,0.003395137353332168
BG050000,REPB,SUNF,0.002435590779281228
BG050000,REPB,PULS,0.01006157143197745
BG050000,REPB,POTA,0.03064255294031833
BG050000,REPB,MAIF,0.003193695652690567
BG050000,REPB,OFAR,0.001005729551660328
BG050000,REPB,FALL,0.0
BG050000,ELEC,SWHE,0.0008340007541532597
BG050000,ELEC,DWHE,0.0009841793704539127
BG050000,ELEC,RYEM,0.0009181883977898934
BG050000,ELEC,BARL,0.000858549349999626
BG050000,ELEC,OATS,0.0006838081684787277
BG050000,ELEC,MAIZ,0.001036715505269556
BG050000,ELEC,OCER,0.001208393790964374
BG050000,ELEC,SUNF,0.002085360675137385
BG050000,ELEC,PULS,0.001333828151145708
BG050000,ELEC,POTA,0.001510923670674998
BG050000,ELEC,MAIF,0.0009855610246078956
BG050000,ELEC,OFAR,0.001742953270025457
BG050000,ELEC,VSET,0.0
BG050000,ELEC,FALL,0.0
BG050000,EGAS,SWHE,2.622023399009051e-06
BG050000,EGAS,DWHE,2.969662807524809e-06
BG050000,EGAS,RYEM,2.619119163298598e-06
BG050000,EGAS,BARL,2.622097836140459e-06
BG050000,EGAS,OATS,2.937706052495393e-06
BG050000,EGAS,MAIZ,2.622743449585527e-06
BG050000,EGAS,OCER,2.622191161878632e-06
BG050000,EGAS,SUNF,2.622268161666869e-06
BG050000,EGAS,PULS,0.0
BG050000,EGAS,POTA,0.0
BG050000,EGAS,MAIF,0.0
BG050000,EGAS,OFAR,0.0
BG050000,EGAS,VSET,0.0
BG050000,EGAS,FALL,0.0
BG050000,EFUL,SWHE,0.1280913341355428
BG050000,EFUL,DWHE,0.06672441365469858
BG050000,EFUL,RYEM,0.04158005268584905
BG050000,EFUL,BARL,0.1242614526172793
BG050000,EFUL,OATS,0.08035815338144484
BG050000,EFUL,MAIZ,0.1896293820542018
BG050000,EFUL,OCER,0.1265348517929159
BG050000,EFUL,SUNF,0.1354381528009332
BG050000,EFUL,PULS,0.2336116803575876
BG050000,EFUL,POTA,0.6895527882518243
BG050000,EFUL,MAIF,0.1817505492137996
BG050000,EFUL,OFAR,0.08925909331286747
BG050000,EFUL,FALL,0.0
BG050000,ELUB,SWHE,0.02010932075337075
BG050000,ELUB,DWHE,0.02412594453669939
BG050000,ELUB,RYEM,0.01510339039191774
BG050000,ELUB,BARL,0.02210895888485576
BG050000,ELUB,OATS,0.01760089747204938
BG050000,ELUB,MAIZ,0.03947019619584559
BG050000,ELUB,OCER,0.01454716834963798
BG050000,ELUB,SUNF,0.01713496550633262
BG050000,ELUB,PULS,0.06626356302391234
BG050000,ELUB,POTA,0.1599378334512569
BG050000,ELUB,MAIF,0.02079942190642402
BG050000,ELUB,OFAR,0.007348414784024891
BG050000,ELUB,FALL,0.0
BG050000,INPO,SWHE,0.002352769033104188
BG050000,INPO,DWHE,0.007837420323391747
BG050000,INPO,RYEM,0.003917742658147305
BG050000,INPO,BARL,0.004466592299095748
BG050000,INPO,OATS,0.001899452597972025
BG050000,INPO,MAIZ,0.01096931183552204
BG050000,INPO,OCER,0.003896852491321278
BG050000,INPO,SUNF,0.003373935454778928
BG050000,INPO,PULS,0.0288102324717663
BG050000,INPO,POTA,0.09845665679488985
BG050000,INPO,MAIF,0.003167299880070656
BG050000,INPO,OFAR,0.001618914171703829
BG050000,INPO,FALL,0.0
BG060000,SEED,SWHE,0.001963443164685454
BG060000,SEED,RYEM,0.001535857727836194
BG060000,SEED,BARL,0.002006298181322748
BG060000,SEED,OATS,0.0009482266902278127
BG060000,SEED,MAIZ,0.002876525828749415
BG060000,SEED,RAPE,0.001775745788727974
BG060000,SEED,SUNF,0.001883619657160827
BG060000,SEED,PULS,0.005399017078042079
BG060000,SEED,MAIF,0.001973727705135774
BG060000,SEED,OFAR,0.0008687262303873202
BG060000,SEED,VSET,0.0
BG060000,SEED,FALL,0.0
BG060000,PLAP,SWHE,0.005646339577589352
BG060000,PLAP,RYEM,0.007853562572741123
BG060000,PLAP,BARL,0.005488142998103632
BG060000,PLAP,OATS,0.00283967856350449
BG060000,PLAP,MAIZ,0.01065560294920848
BG060000,PLAP,RAPE,0.009412396077582305
BG060000,PLAP,SUNF,0.007136692832732791
BG060000,PLAP,PULS,0.04025024099689661
BG060000,PLAP,MAIF,0.008771818218994955
BG060000,PLAP,OFAR,0.001032058089948733
BG060000,PLAP,VSET,0.0
BG060000,PLAP,FALL,0.0
BG060000,FERT,SWHE,3.105305913886503
BG060000,FERT,RYEM,1.909452534771248
BG060000,FERT,BARL,2.537989416062708
BG060000,FERT,OATS,1.95789999120077
BG060000,FERT,MAIZ,3.161176774441408
BG060000,FERT,RAPE,2.326120790279462
BG060000,FERT,SUNF,2.545389467205458
BG060000,FERT,PULS,0.8446368769533689
BG060000,FERT,MAIF,2.175324954530848
BG060000,FERT,OFAR,1.520983869029112
BG060000,FERT,VSET,0.0
BG060000,FERT,FALL,0.0
BG060000,REPM,SWHE,0.0003701330327643475
BG060000,REPM,RYEM,0.007138129418856142
BG060000,REPM,BARL,0.0004176193453677525
BG060000,REPM,OATS,0.002995092144609881
BG060000,REPM,MAIZ,0.002555268353429769
BG060000,REPM,RAPE,0.009315223572909002
BG060000,REPM,SUNF,0.0003747173562432285
BG060000,REPM,PULS,0.04500249797215623
BG060000,REPM,MAIF,0.001162220142216425
BG060000,REPM,OFAR,0.0004743125033982417
BG060000,REPM,FALL,0.0
BG060000,REPB,SWHE,0.002395775891695541
BG060000,REPB,RYEM,0.002104136907867193
BG060000,REPB,BARL,0.00262511804365102
BG060000,REPB,OATS,0.001631379355436272
BG060000,REPB,MAIZ,0.004245034411098649
BG060000,REPB,RAPE,0.002532483888301858
BG060000,REPB,SUNF,0.002435590777546519
BG060000,REPB,PULS,0.01006156914098643
BG060000,REPB,MAIF,0.003403455868678309
BG060000,REPB,OFAR,0.001050469903256849
BG060000,REPB,FALL,0.0
BG060000,ELEC,SWHE,0.0008340007545403243
BG060000,ELEC,RYEM,0.0009181883198085146
BG060000,ELEC,BARL,0.0008585493563633557
BG060000,ELEC,OATS,0.0006838081747763125
BG060000,ELEC,MAIZ,0.001036715342686725
BG060000,ELEC,RAPE,0.0009880144174543816
BG060000,ELEC,SUNF,0.002085360676454237
BG060000,ELEC,PULS,0.001333826563928872
BG060000,ELEC,MAIF,0.001086249895816438
BG060000,ELEC,OFAR,0.001861859346818841
BG060000,ELEC,VSET,0.0
BG060000,ELEC,FALL,0.0
BG060000,EGAS,SWHE,2.622045863238857e-06
BG060000,EGAS,RYEM,2.619144910944513e-06
BG060000,EGAS,BARL,2.622097787735126e-06
BG060000,EGAS,OATS,2.937694156076232e-06
BG060000,EGAS,MAIZ,2.622743365801601e-06
BG060000,EGAS,RAPE,3.017501610305713e-06
BG060000,EGAS,SUNF,2.622268094979874e-06
BG060000,EGAS,PULS,0.0
BG060000,EGAS,MAIF,0.0
BG060000,EGAS,OFAR,0.0
BG060000,EGAS,VSET,0.0
BG060000,EGAS,FALL,0.0
BG060000,EFUL,SWHE,0.1280913340948419
BG060000,EFUL,RYEM,0.04158005016554851
BG060000,EFUL,BARL,0.1242614543290765
BG060000,EFUL,OATS,0.08035815351044433
BG060000,EFUL,MAIZ,0.1896293793383613
BG060000,EFUL,RAPE,0.06203993946055572
BG060000,EFUL,SUNF,0.1354381528047592
BG060000,EFUL,PULS,0.2336106303403347
BG060000,EFUL,MAIF,0.1995290799193868
BG060000,EFUL,OFAR,0.09534960378932507
BG060000,EFUL,FALL,0.0
BG060000,ELUB,SWHE,0.02010932081819775
BG060000,ELUB,RYEM,0.01510339129624534
BG060000,ELUB,BARL,0.0221089587956383
BG060000,ELUB,OATS,0.01760089743781295
BG060000,ELUB,MAIZ,0.03947019664832036
BG060000,ELUB,RAPE,0.01893795388183611
BG060000,ELUB,SUNF,0.01713496552177799
BG060000,ELUB,PULS,0.0662636021036108
BG060000,ELUB,MAIF,0.02271845186237423
BG060000,ELUB,OFAR,0.007845974684140333
BG060000,ELUB,FALL,0.0
BG060000,INPO,SWHE,0.002352769022936259
BG060000,INPO,RYEM,0.003917742349499992
BG060000,INPO,BARL,0.004466592339794722
BG060000,INPO,OATS,0.001899452603229288
BG060000,INPO,MAIZ,0.01096931164462082
BG060000,INPO,RAPE,0.005562271983455335
BG060000,INPO,SUNF,0.003373935458277849
BG060000,INPO,PULS,0.0288100017320941
BG060000,INPO,MAIF,0.003720862924931783
BG060000,INPO,OFAR,0.001809611711217698
BG060000,INPO,FALL,0.0
RO010000,SEED,SWHE,0.01409657687008518
RO010000,SEED,RYEM,0.01380900348726355
RO010000,SEED,BARL,0.01494470057839477
RO010000,SEED,OATS,0.009264141356504853
RO010000,SEED,MAIZ,0.02267302119237072
RO010000,SEED,RAPE,0.0103871568057673
RO010000,SEED,SUNF,0.006049578367479068
RO010000,SEED,SOYA,0.01201884134605019
RO010000,SEED,PULS,0.07031269096434462
RO010000,SEED,POTA,0.1881207541599645
RO010000,SEED,SUGB,0.02900237537807558
RO010000,SEED,MAIF,0.02814046979067094
RO010000,SEED,OFAR,0.02732278264542549
RO010000,SEED,VSET,0.0
RO010000,SEED,FALL,0.0
RO010000,PLAP,SWHE,0.00434242012734227
RO010000,PLAP,RYEM,0.004615208253310245
RO010000,PLAP,BARL,0.003032329483095287
RO010000,PLAP,OATS,0.002509787087849084
RO010000,PLAP,MAIZ,0.008974778633429494
RO010000,PLAP,RAPE,0.003264419528394629
RO010000,PLAP,SUNF,0.004114931173430088
RO010000,PLAP,SOYA,0.006096397530473536
RO010000,PLAP,PULS,0.01190048724760716
RO010000,PLAP,POTA,0.0787213860824531
RO010000,PLAP,SUGB,0.0101236070516758
RO010000,PLAP,MAIF,0.01074914469700686
RO010000,PLAP,OFAR,0.003775355121274178
RO010000,PLAP,VSET,0.0
RO010000,PLAP,FALL,0.0
RO010000,FERT,SWHE,0.8284430722910412
RO010000,FERT,RYEM,0.8285378005318872
RO010000,FERT,BARL,0.7338832301319413
RO010000,FERT,OATS,0.743960984297726
RO010000,FERT,MAIZ,1.094957503989116
RO010000,FERT,RAPE,0.811593296254672
RO010000,FERT,SUNF,0.9441361506238731
RO010000,FERT,SOYA,0.5593872728040725
RO010000,FERT,PULS,0.5427185593614684
RO010000,FERT,POTA,1.172196148713019
RO010000,FERT,SUGB,1.515331168944662
RO010000,FERT,MAIF,1.624243133211252
RO010000,FERT,OFAR,0.7179697335579274
RO010000,FERT,VSET,0.0
RO010000,FERT,FALL,0.0
RO010000,REPM,SWHE,0.0181945367326589
RO010000,REPM,RYEM,0.01192347124439714
RO010000,REPM,BARL,0.01553031395782295
RO010000,REPM,OATS,0.00884167586772717
RO010000,REPM,MAIZ,0.02599209419320553
RO010000,REPM,RAPE,0.008423268695581094
RO010000,REPM,SUNF,0.00644771984248891
RO010000,REPM,SOYA,0.01390857548246195
RO010000,REPM,PULS,0.05583161568730138
RO010000,REPM,POTA,0.1967565148194059
RO010000,REPM,SUGB,0.02698426876839872
RO010000,REPM,MAIF,0.02497486079124774
RO010000,REPM,OFAR,0.02690696715180624
RO010000,REPM,FALL,0.0
RO010000,REPB,SWHE,0.002994838108727334
RO010000,REPB,RYEM,0.002252711523479254
RO010000,REPB,BARL,0.002821999122797773
RO010000,REPB,OATS,0.00167420763866541
RO010000,REPB,MAIZ,0.004958770222593536
RO010000,REPB,RAPE,0.001818655357852097
RO010000,REPB,SUNF,0.001808196332591141
RO010000,REPB,SOYA,0.003182848434993999
RO010000,REPB,PULS,0.009902961924132262
RO010000,REPB,POTA,0.0367035609867699
RO010000,REPB,SUGB,0.004495931528149245
RO010000,REPB,MAIF,0.004755424708958164
RO010000,REPB,OFAR,0.004830753154863026
RO010000,REPB,FALL,0.0
RO010000,ELEC,SWHE,0.005725626090809117
RO010000,ELEC,RYEM,0.00121405890529804
RO010000,ELEC,BARL,0.005751124892432832
RO010000,ELEC,OATS,0.004429243411554505
RO010000,ELEC,MAIZ,0.002361027695036942
RO010000,ELEC,RAPE,0.00164447608746068
RO010000,ELEC,SUNF,0.005394544721521626
RO010000,ELEC,SOYA,0.002520942062346048
RO010000,ELEC,PULS,0.003064142140437817
RO010000,ELEC,POTA,0.005434723011631431
RO010000,ELEC,SUGB,0.001414413251602838
RO010000,ELEC,MAIF,0.001523278609610488
RO010000,ELEC,OFAR,0.00690470904255814
RO010000,ELEC,VSET,0.0
RO010000,ELEC,FALL,0.0
RO010000,EGAS,SWHE,2.689081516772397e-05
RO010000,EGAS,RYEM,0.0006009859795315173
RO010000,EGAS,BARL,2.931761468178771e-05
RO010000,EGAS,OATS,2.726645307935889e-05
RO010000,EGAS,MAIZ,2.749383203807696e-05
RO010000,EGAS,RAPE,0.0001643072440455464
RO010000,EGAS,SUNF,3.022261017671693e-05
RO010000,EGAS,SOYA,6.154925092737547e-05
RO010000,EGAS,PULS,0.0
RO010000,EGAS,POTA,0.0
RO010000,EGAS,SUGB,0.0
RO010000,EGAS,MAIF,0.0
RO010000,EGAS,OFAR,0.0
RO010000,EGAS,VSET,0.0
RO010000,EGAS,FALL,0.0
RO010000,EFUL,SWHE,0.05939978632545756
RO010000,EFUL,RYEM,0.0431248324077656
RO010000,EFUL,BARL,0.06264225966746577
RO010000,EFUL,OATS,0.03915094980397509
RO010000,EFUL,MAIZ,0.04324503021338871
RO010000,EFUL,RAPE,0.05788819812206934
RO010000,EFUL,SUNF,0.02909637946285418
RO010000,EFUL,SOYA,0.04008129764582143
RO010000,EFUL,PULS,0.1324867566012617
RO010000,EFUL,POTA,0.09830398927336896
RO010000,EFUL,SUGB,0.1487674898468485
RO010000,EFUL,MAIF,0.1024349230698418
RO010000,EFUL,OFAR,0.02202892861295139
RO010000,EFUL,FALL,0.0
RO010000,ELUB,SWHE,0.0003848787204974346
RO010000,ELUB,RYEM,0.0006204518856674274
RO010000,ELUB,BARL,0.0005890804924239834
RO010000,ELUB,OATS,0.0006424377879040479
RO010000,ELUB,MAIZ,0.0004006136485504777
RO010000,ELUB,RAPE,0.0005989859726525909
RO010000,ELUB,SUNF,0.0005435878967553282
RO010000,ELUB,SOYA,0.000546745662250369
RO010000,ELUB,PULS,0.0007381147324553167
RO010000,ELUB,POTA,0.001085091554642077
RO010000,ELUB,SUGB,0.0007753885789453423
RO010000,ELUB,MAIF,0.0009571899328929972
RO010000,ELUB,OFAR,0.0006355519576923968
RO010000,ELUB,FALL,0.0
RO010000,INPO,SWHE,0.05116589722203627
RO010000,INPO,RYEM,0.02586626243601576
RO010000,INPO,BARL,0.03799518206513658
RO010000,INPO,OATS,0.0155846623842415
RO010000,INPO,MAIZ,0.05537141379507138
RO010000,INPO,RAPE,0.01670822295291479
RO010000,INPO,SUNF,0.01565337075530587
RO010000,INPO,SOYA,0.0298898168549579
RO010000,INPO,PULS,0.1808907859253926
RO010000,INPO,POTA,0.5122013615711304
RO010000,INPO,SUGB,0.07294261622524642
RO010000,INPO,MAIF,0.06115283104869153
RO010000,INPO,OFAR,0.05575575695269822
RO010000,INPO,FALL,0.0
RO020000,SEED,SWHE,0.01177718509623069
RO020000,SEED,BARL,0.01656285127250872
RO020000,SEED,OATS,0.009264141342353368
RO020000,SEED,MAIZ,0.02373348161902745
RO020000,SEED,RAPE,0.007808229449966815
RO020000,SEED,SUNF,0.006037244021667922
RO020000,SEED,SOYA,0.01627987959502575
RO020000,SEED,PULS,0.04527265875037834
RO020000,SEED,POTA,0.1535498684859986
RO020000,SEED,SUGB,0.0280389877981417
RO020000,SEED,MAIF,0.01950708724431146
RO020000,SEED,OFAR,0.05081453997647094
RO020000,SEED,VSET,0.0
RO020000,SEED,FALL,0.0
RO020000,PLAP,SWHE,0.003440545786234278
RO020000,PLAP,BARL,0.00319759690609791
RO020000,PLAP,OATS,0.002509787064649647
RO020000,PLAP,MAIZ,0.009226990691493079
RO020000,PLAP,RAPE,0.003243285677910487
RO020000,PLAP,SUNF,0.004110827556795365
RO020000,PLAP,SOYA,0.007405509396980725
RO020000,PLAP,PULS,0.008919950765571505
RO020000,PLAP,POTA,0.06964965345168889
RO020000,PLAP,SUGB,0.009919829462522678
RO020000,PLAP,MAIF,0.008518949065960095
RO020000,PLAP,OFAR,0.005720329459108218
RO020000,PLAP,VSET,0.0
RO020000,PLAP,FALL,0.0
RO020000,FERT,SWHE,0.7843129874653816
RO020000,FERT,BARL,0.8516004771573449
RO020000,FERT,OATS,0.782779500507728
RO020000,FERT,MAIZ,1.209878789552298
RO020000,FERT,RAPE,0.8112665977975697
RO020000,FERT,SUNF,0.9856587645122995
RO020000,FERT,SOYA,0.8154001205583447
RO020000,FERT,PULS,0.3950438597493787
RO020000,FERT,POTA,0.964120085988304
RO020000,FERT,SUGB,1.50553593960729
RO020000,FERT,MAIF,1.100574657960627
RO020000,FERT,OFAR,1.450154722495908
RO020000,FERT,VSET,0.0
RO020000,FERT,FALL,0.0
RO020000,REPM,SWHE,0.01753782496015035
RO020000,REPM,BARL,0.01586607297438781
RO020000,REPM,OATS,0.008841675849852964
RO020000,REPM,MAIZ,0.02627568484857249
RO020000,REPM,RAPE,0.008202529782630785
RO020000,REPM,SUNF,0.006444748719630009
RO020000,REPM,SOYA,0.01500951563922892
RO020000,REPM,PULS,0.04961589495060387
RO020000,REPM,POTA,0.1876903306301346
RO020000,REPM,SUGB,0.02678794112194734
RO020000,REPM,MAIF,0.02273898206070564
RO020000,REPM,OFAR,0.0322208754269339
RO020000,REPM,FALL,0.0
RO020000,REPB,SWHE,0.002887853191809208
RO020000,REPB,BARL,0.002883421697452376
RO020000,REPB,OATS,0.00167420763756061
RO020000,REPB,MAIZ,0.005013188526582668
RO020000,REPB,RAPE,0.001792616781489669
RO020000,REPB,SUNF,0.001807431075738154
RO020000,REPB,SOYA,0.003455739887459635
RO020000,REPB,PULS,0.008796727856866922
RO020000,REPB,POTA,0.03501038451501545
RO020000,REPB,SUGB,0.004464859339613337
RO020000,REPB,MAIF,0.004331262203257745
RO020000,REPB,OFAR,0.005784373182098674
RO020000,REPB,FALL,0.0
RO020000,ELEC,SWHE,0.005469657479553686
RO020000,ELEC,BARL,0.005931849498314456
RO020000,ELEC,OATS,0.004429243381254382
RO020000,ELEC,MAIZ,0.002400071989712827
RO020000,ELEC,RAPE,0.001617754104219672
RO020000,ELEC,SUNF,0.005391456799097166
RO020000,ELEC,SOYA,0.002828900525514547
RO020000,ELEC,PULS,0.002567354887175889
RO020000,ELEC,POTA,0.005058472432006174
RO020000,ELEC,SUGB,0.001398376843473089
RO020000,ELEC,MAIF,0.001324011799651551
RO020000,ELEC,OFAR,0.008979736992512933
RO020000,ELEC,VSET,0.0
RO020000,ELEC,FALL,0.0
RO020000,EGAS,SWHE,2.556741528919989e-05
RO020000,EGAS,BARL,3.024559399071734e-05
RO020000,EGAS,OATS,2.72664528833823e-05
RO020000,EGAS,MAIZ,2.795284426087996e-05
RO020000,EGAS,RAPE,0.0001636087836139639
RO020000,EGAS,SUNF,3.020477667221205e-05
RO020000,EGAS,SOYA,6.935397766326278e-05
RO020000,EGAS,PULS,0.0
RO020000,EGAS,POTA,0.0
RO020000,EGAS,SUGB,0.0
RO020000,EGAS,MAIF,0.0
RO020000,EGAS,OFAR,0.0
RO020000,EGAS,VSET,0.0
RO020000,EGAS,FALL,0.0
RO020000,EFUL,SWHE,0.0569882247941009
RO020000,EFUL,BARL,0.06473209780467795
RO020000,EFUL,OATS,0.03915094956517226
RO020000,EFUL,MAIZ,0.04396110338992727
RO020000,EFUL,RAPE,0.0625432629402417
RO020000,EFUL,SUNF,0.02907364522617065
RO020000,EFUL,SOYA,0.04486565122808298
RO020000,EFUL,PULS,0.1111770172338599
RO020000,EFUL,POTA,0.09146726166706479
RO020000,EFUL,SUGB,0.1472123944937364
RO020000,EFUL,MAIF,0.08889411085590743
RO020000,EFUL,OFAR,0.0286324272412807
RO020000,EFUL,FALL,0.0
RO020000,ELUB,SWHE,0.0003145734547833451
RO020000,ELUB,BARL,0.0006078122692803022
RO020000,ELUB,OATS,0.0006424377734214089
RO020000,ELUB,MAIZ,0.0004072855467930357
RO020000,ELUB,RAPE,0.0005788993796142389
RO020000,ELUB,SUNF,0.0005432406319243451
RO020000,ELUB,SOYA,0.0006175726985912947
RO020000,ELUB,PULS,0.0006185696638660281
RO020000,ELUB,POTA,0.001009633926107731
RO020000,ELUB,SUGB,0.0007688091639902338
RO020000,ELUB,MAIF,0.0008313282806031253
RO020000,ELUB,OFAR,0.000826809956413445
RO020000,ELUB,FALL,0.0
RO020000,INPO,SWHE,0.04621326520718344
RO020000,INPO,BARL,0.03166792850060458
RO020000,INPO,OATS,0.01558466232403411
RO020000,INPO,MAIZ,0.05693759071614314
RO020000,INPO,RAPE,0.01349215046745323
RO020000,INPO,SUNF,0.01563498223293744
RO020000,INPO,SOYA,0.03633437354057764
RO020000,INPO,PULS,0.1360540717356504
RO020000,INPO,POTA,0.4532016365009486
RO020000,INPO,SUGB,0.07159828220535609
RO020000,INPO,MAIF,0.04855541787342905
RO020000,INPO,OFAR,0.08454276959264784
RO020000,INPO,FALL,0.0
RO030000,SEED,SWHE,0.01276866440282857
RO030000,SEED,BARL,0.0174461961661354
RO030000,SEED,OATS,0.009264141316895182
RO030000,SEED,MAIZ,0.02170362527493878
RO030000,SEED,RAPE,0.0081738405145109
RO030000,SEED,SUNF,0.006123337839235486
RO030000,SEED,SOYA,0.01616857108433162
RO030000,SEED,PULS,0.04534030948973167
RO030000,SEED,POTA,0.1686846406701835
RO030000,SEED,MAIF,0.01448361645643203
RO030000,SEED,OFAR,0.04126496286741908
RO030000,SEED,VSET,0.0
RO030000,SEED,FALL,0.0
RO030000,PLAP,SWHE,0.004293610020362686
RO030000,PLAP,BARL,0.003312677413479152
RO030000,PLAP,OATS,0.002509787251219764
RO030000,PLAP,MAIZ,0.008736953014493783
RO030000,PLAP,RAPE,0.002761090910330437
RO030000,PLAP,SUNF,0.004155805630471798
RO030000,PLAP,SOYA,0.007295433769219828
RO030000,PLAP,PULS,0.008968609592217874
RO030000,PLAP,POTA,0.07361689958771042
RO030000,PLAP,MAIF,0.007448469043490322
RO030000,PLAP,OFAR,0.00492873556299574
RO030000,PLAP,VSET,0.0
RO030000,PLAP,FALL,0.0
RO030000,FERT,SWHE,0.8413597229196562
RO030000,FERT,BARL,0.9161967066837786
RO030000,FERT,OATS,0.7891149252091212
RO030000,FERT,MAIZ,1.103211443089702
RO030000,FERT,RAPE,0.5722844331842807
RO030000,FERT,SUNF,1.011199759299559
RO030000,FERT,SOYA,0.8019846337984514
RO030000,FERT,PULS,0.4006366387142859
RO030000,FERT,POTA,1.08048933017934
RO030000,FERT,MAIF,0.7836984972405666
RO030000,FERT,OFAR,1.171032165634902
RO030000,FERT,VSET,0.0
RO030000,FERT,FALL,0.0
RO030000,REPM,SWHE,0.01787726041099255
RO030000,REPM,BARL,0.01605329058007823
RO030000,REPM,OATS,0.00884167585641642
RO030000,REPM,MAIZ,0.02563672752209395
RO030000,REPM,RAPE,0.007879658807414619
RO030000,REPM,SUNF,0.006470379028995086
RO030000,REPM,SOYA,0.01492564801642175
RO030000,REPM,PULS,0.04965418552843209
RO030000,REPM,POTA,0.1916570901143695
RO030000,REPM,MAIF,0.02157586461040644
RO030000,REPM,OFAR,0.03006368068025653
RO030000,REPM,FALL,0.0
RO030000,REPB,SWHE,0.002948217514165908
RO030000,REPB,BARL,0.002917034367410528
RO030000,REPB,OATS,0.001674207659484938
RO030000,REPB,MAIZ,0.00485544555912479
RO030000,REPB,RAPE,0.001704847767431986
RO030000,REPB,SUNF,0.001815305889129704
RO030000,REPB,SOYA,0.003374509162847563
RO030000,REPB,PULS,0.008807034225317135
RO030000,REPB,POTA,0.03575084074024254
RO030000,REPB,MAIF,0.004122068279863352
RO030000,REPB,OFAR,0.005397535137545166
RO030000,REPB,FALL,0.0
RO030000,ELEC,SWHE,0.005681265464279934
RO030000,ELEC,BARL,0.006051393397015209
RO030000,ELEC,OATS,0.004429243383849426
RO030000,ELEC,MAIZ,0.002297201153235043
RO030000,ELEC,RAPE,0.001517833229282239
RO030000,ELEC,SUNF,0.005435058184671921
RO030000,ELEC,SOYA,0.002804101617229094
RO030000,ELEC,PULS,0.002575385412142061
RO030000,ELEC,POTA,0.005222992565223438
RO030000,ELEC,MAIF,0.001210514334737716
RO030000,ELEC,OFAR,0.008136162668607966
RO030000,ELEC,VSET,0.0
RO030000,ELEC,FALL,0.0
RO030000,EGAS,SWHE,2.666937839680984e-05
RO030000,EGAS,BARL,3.084869079192619e-05
RO030000,EGAS,OATS,2.726645895053784e-05
RO030000,EGAS,MAIZ,2.658284774436278e-05
RO030000,EGAS,RAPE,0.0001539876881778136
RO030000,EGAS,SUNF,3.043882225991216e-05
RO030000,EGAS,SOYA,6.811509294423099e-05
RO030000,EGAS,PULS,0.0
RO030000,EGAS,POTA,0.0
RO030000,EGAS,MAIF,0.0
RO030000,EGAS,OFAR,0.0
RO030000,EGAS,VSET,0.0
RO030000,EGAS,FALL,0.0
RO030000,EFUL,SWHE,0.05798363957643554
RO030000,EFUL,BARL,0.06591280781308448
RO030000,EFUL,OATS,0.0391509496420988
RO030000,EFUL,MAIZ,0.04235195517790111
RO030000,EFUL,RAPE,0.06235721004901609
RO030000,EFUL,SUNF,0.02928223309220779
RO030000,EFUL,SOYA,0.04475287562588975
RO030000,EFUL,PULS,0.1113683108426246
RO030000,EFUL,POTA,0.09445155952915142
RO030000,EFUL,MAIF,0.08198866460206419
RO030000,EFUL,OFAR,0.0259595839443794
RO030000,EFUL,FALL,0.0
RO030000,ELUB,SWHE,0.0003818184710158364
RO030000,ELUB,BARL,0.0006198281115574212
RO030000,ELUB,OATS,0.0006424377867907444
RO030000,ELUB,MAIZ,0.0003891061737887659
RO030000,ELUB,RAPE,0.0005088378116864254
RO030000,ELUB,SUNF,0.0005473807981974926
RO030000,ELUB,SOYA,0.0005989524476972014
RO030000,ELUB,PULS,0.0006203844580566872
RO030000,ELUB,POTA,0.001042558342018343
RO030000,ELUB,MAIF,0.0007699424982339427
RO030000,ELUB,OFAR,0.0007488716277438177
RO030000,ELUB,FALL,0.0
RO030000,INPO,SWHE,0.04893975431459197
RO030000,INPO,BARL,0.04151585171640118
RO030000,INPO,OATS,0.01558466235014945
RO030000,INPO,MAIZ,0.05326984761344387
RO030000,INPO,RAPE,0.01347378561874229
RO030000,INPO,SUNF,0.01585795608207198
RO030000,INPO,SOYA,0.03555203809204507
RO030000,INPO,PULS,0.1363440275882677
RO030000,INPO,POTA,0.479012939519435
RO030000,INPO,MAIF,0.04173844965780792
RO030000,INPO,OFAR,0.07278162627928556
RO030000,INPO,FALL,0.0
RO040000,SEED,SWHE,0.01373097449970225
RO040000,SEED,RYEM,0.00836829026880035
RO040000,SEED,BARL,0.01562949467469044
RO040000,SEED,OATS,0.009264141359490713
RO040000,SEED,MAIZ,0.01772705197528832
RO040000,SEED,RAPE,0.00691001367218779
RO040000,SEED,SUNF,0.004073299884329855
RO040000,SEED,SOYA,0.01736413286101852
RO040000,SEED,PULS,0.06211302095196886
RO040000,SEED,POTA,0.1633416310191886
RO040000,SEED,SUGB,0.02381011366004829
RO040000,SEED,MAIF,0.01365451935741046
RO040000,SEED,OFAR,0.04126596311549514
RO040000,SEED,VSET,0.0
RO040000,SEED,FALL,0.0
RO040000,PLAP,SWHE,0.004418722508060443
RO040000,PLAP,RYEM,0.002914047591359208
RO040000,PLAP,BARL,0.003070949605059902
RO040000,PLAP,OATS,0.002509787087244192
RO040000,PLAP,MAIZ,0.007807635322938692
RO040000,PLAP,RAPE,0.002498505230248201
RO040000,PLAP,SUNF,0.00334292464644016
RO040000,PLAP,SOYA,0.007215007941868001
RO040000,PLAP,PULS,0.009283658369787513
RO040000,PLAP,POTA,0.07227492710824837
RO040000,PLAP,SUGB,0.009039759129938867
RO040000,PLAP,MAIF,0.004593285214428259
RO040000,PLAP,OFAR,0.004928300040675796
RO040000,PLAP,VSET,0.0
RO040000,PLAP,FALL,0.0
RO040000,FERT,SWHE,0.881208707956546
RO040000,FERT,RYEM,0.6491308951490138
RO040000,FERT,BARL,0.8470430849630637
RO040000,FERT,OATS,0.7816444634348274
RO040000,FERT,MAIZ,0.8618334723741248
RO040000,FERT,RAPE,0.5287540513601897
RO040000,FERT,SUNF,0.6551073346975768
RO040000,FERT,SOYA,0.7876523003884938
RO040000,FERT,PULS,0.4639876852222784
RO040000,FERT,POTA,1.032802775377548
RO040000,FERT,SUGB,1.229334875946574
RO040000,FERT,MAIF,0.5525164952859313
RO040000,FERT,OFAR,1.15578140528797
RO040000,FERT,VSET,0.0
RO040000,FERT,FALL,0.0
RO040000,REPM,SWHE,0.01815075452623898
RO040000,REPM,RYEM,0.006329302559840688
RO040000,REPM,BARL,0.01566443543985876
RO040000,REPM,OATS,0.008841675865502958
RO040000,REPM,MAIZ,0.02472289411564622
RO040000,REPM,RAPE,0.007591099707146273
RO040000,REPM,SUNF,0.005947299337314686
RO040000,REPM,SOYA,0.01510915089947319
RO040000,REPM,PULS,0.0512573036026498
RO040000,REPM,POTA,0.1902861821299744
RO040000,REPM,SUGB,0.02588254937619854
RO040000,REPM,MAIF,0.02053184438085925
RO040000,REPM,OFAR,0.03006904714028511
RO040000,REPM,FALL,0.0
RO040000,REPB,SWHE,0.002992415781182087
RO040000,REPB,RYEM,0.001167676700099372
RO040000,REPB,BARL,0.002847715569055581
RO040000,REPB,OATS,0.001674207639832751
RO040000,REPB,MAIZ,0.004707596828070978
RO040000,REPB,RAPE,0.001647070472515194
RO040000,REPB,SUNF,0.001672671669394807
RO040000,REPB,SOYA,0.003303210867344571
RO040000,REPB,PULS,0.00904348521132809
RO040000,REPB,POTA,0.03550115700455881
RO040000,REPB,SUGB,0.004313110760871026
RO040000,REPB,MAIF,0.003902770545343983
RO040000,REPB,OFAR,0.005398883874900897
RO040000,REPB,FALL,0.0
RO040000,ELEC,SWHE,0.005784077197521651
RO040000,ELEC,RYEM,0.0006660320999962924
RO040000,ELEC,BARL,0.005802022567168422
RO040000,ELEC,OATS,0.004429243386283864
RO040000,ELEC,MAIZ,0.002169748945036765
RO040000,ELEC,RAPE,0.001415943978290494
RO040000,ELEC,SUNF,0.004835380566107452
RO040000,ELEC,SOYA,0.002848792598443168
RO040000,ELEC,PULS,0.002285405013950609
RO040000,ELEC,POTA,0.005168589085276028
RO040000,ELEC,SUGB,0.001326394510074293
RO040000,ELEC,MAIF,0.001094156240696338
RO040000,ELEC,OFAR,0.008136379941383283
RO040000,ELEC,VSET,0.0
RO040000,ELEC,FALL,0.0
RO040000,EGAS,SWHE,2.721621595823726e-05
RO040000,EGAS,RYEM,0.0003882726068961873
RO040000,EGAS,BARL,2.959905938933506e-05
RO040000,EGAS,OATS,2.726645329828783e-05
RO040000,EGAS,MAIZ,2.539037956036392e-05
RO040000,EGAS,RAPE,0.0001424076478621124
RO040000,EGAS,SUNF,2.703244094889387e-05
RO040000,EGAS,SOYA,4.714642075929751e-05
RO040000,EGAS,PULS,0.0
RO040000,EGAS,POTA,0.0
RO040000,EGAS,SUGB,0.0
RO040000,EGAS,MAIF,0.0
RO040000,EGAS,OFAR,0.0
RO040000,EGAS,VSET,0.0
RO040000,EGAS,FALL,0.0
RO040000,EFUL,SWHE,0.05897135608703519
RO040000,EFUL,RYEM,0.0236820626385037
RO040000,EFUL,BARL,0.06348464833347642
RO040000,EFUL,OATS,0.03915094972151026
RO040000,EFUL,MAIZ,0.04003186424572304
RO040000,EFUL,RAPE,0.05970416696899453
RO040000,EFUL,SUNF,0.02583925768216255
RO040000,EFUL,SOYA,0.04605076771970458
RO040000,EFUL,PULS,0.119194266275449
RO040000,EFUL,POTA,0.09356332631542814
RO040000,EFUL,SUGB,0.1395673060000459
RO040000,EFUL,MAIF,0.0734096415104036
RO040000,EFUL,OFAR,0.0259760370003237
RO040000,EFUL,FALL,0.0
RO040000,ELUB,SWHE,0.0003884213430828873
RO040000,ELUB,RYEM,0.0003064505769510919
RO040000,ELUB,BARL,0.0005946769936621997
RO040000,ELUB,OATS,0.0006424377891671581
RO040000,ELUB,MAIZ,0.0003704394584374901
RO040000,ELUB,RAPE,0.0005183921649067111
RO040000,ELUB,SUNF,0.000485459846108504
RO040000,ELUB,SOYA,0.0005860722861355212
RO040000,ELUB,PULS,0.0006308239919705488
RO040000,ELUB,POTA,0.001032623851604626
RO040000,ELUB,SUGB,0.0007281391543885911
RO040000,ELUB,MAIF,0.0006955599689330976
RO040000,ELUB,OFAR,0.0007486190219329346
RO040000,ELUB,FALL,0.0
RO040000,INPO,SWHE,0.05100513425548517
RO040000,INPO,RYEM,0.01390628785120115
RO040000,INPO,BARL,0.03055644021659439
RO040000,INPO,OATS,0.01558466238308749
RO040000,INPO,MAIZ,0.04828426638088026
RO040000,INPO,RAPE,0.01249736064953348
RO040000,INPO,SUNF,0.01293755213810682
RO040000,INPO,SOYA,0.0360666709092776
RO040000,INPO,PULS,0.1658409891643457
RO040000,INPO,POTA,0.470269484158432
RO040000,INPO,SUGB,0.06518804498387358
RO040000,INPO,MAIF,0.03631640084244982
RO040000,INPO,OFAR,0.0726860940377834
RO040000,INPO,FALL,0.0
RO050000,SEED,SWHE,0.02034514820732289
RO050000,SEED,BARL,0.02067560705118653
RO050000,SEED,OATS,0.009264141365705416
RO050000,SEED,MAIZ,0.02768796929189325
RO050000,SEED,SUNF,0.006520968591925566
RO050000,SEED,SOYA,0.01267608297254379
RO050000,SEED,PULS,0.05907720377651915
RO050000,SEED,POTA,0.1903244388616091
RO050000,SEED,SUGB,0.03118999104472629
RO050000,SEED,MAIF,0.02548095013337392
RO050000,SEED,OFAR,0.02107249388255627
RO050000,SEED,VSET,0.0
RO050000,SEED,FALL,0.0
RO050000,PLAP,SWHE,0.005496924348038602
RO050000,PLAP,BARL,0.003597645006005105
RO050000,PLAP,OATS,0.002509787080090456
RO050000,PLAP,MAIZ,0.01017027455803599
RO050000,PLAP,SUNF,0.004309594181822468
RO050000,PLAP,SOYA,0.006399660610913574
RO050000,PLAP,PULS,0.01051637707923588
RO050000,PLAP,POTA,0.07928342773761529
RO050000,PLAP,SUGB,0.010539882379427
RO050000,PLAP,MAIF,0.01009929296266401
RO050000,PLAP,OFAR,0.003258161426997802
RO050000,PLAP,VSET,0.0
RO050000,PLAP,FALL,0.0
RO050000,FERT,SWHE,1.216171649279941
RO050000,FERT,BARL,1.049879681080143
RO050000,FERT,OATS,0.7088051533067836
RO050000,FERT,MAIZ,1.311710024823034
RO050000,FERT,SUNF,0.9812068099685382
RO050000,FERT,SOYA,0.5703755073319995
RO050000,FERT,PULS,0.4261517178474106
RO050000,FERT,POTA,1.154936108095805
RO050000,FERT,SUGB,1.601970280908017
RO050000,FERT,MAIF,1.410076055492176
RO050000,FERT,OFAR,0.5041726976078574
RO050000,FERT,VSET,0.0
RO050000,FERT,FALL,0.0
RO050000,REPM,SWHE,0.01988630338885429
RO050000,REPM,BARL,0.01671751420321326
RO050000,REPM,OATS,0.008841675862567313
RO050000,REPM,MAIZ,0.02733130394052034
RO050000,REPM,SUNF,0.006570446429875556
RO050000,REPM,SOYA,0.01410686310656651
RO050000,REPM,PULS,0.05301811388959826
RO050000,REPM,POTA,0.1973258465520591
RO050000,REPM,SUGB,0.02742056257809601
RO050000,REPM,MAIF,0.02432568325074511
RO050000,REPM,OFAR,0.02549222332776564
RO050000,REPM,FALL,0.0
RO050000,REPB,SWHE,0.003275159663937651
RO050000,REPB,BARL,0.003039421872017725
RO050000,REPB,OATS,0.001674207638235648
RO050000,REPB,MAIZ,0.005214963012760678
RO050000,REPB,SUNF,0.001842190868242491
RO050000,REPB,SOYA,0.003229925013428722
RO050000,REPB,PULS,0.009398224810281613
RO050000,REPB,POTA,0.03680829124364729
RO050000,REPB,SUGB,0.004565555907777415
RO050000,REPB,MAIF,0.004630918822657908
RO050000,REPB,OFAR,0.004576778516668287
RO050000,REPB,FALL,0.0
RO050000,ELEC,SWHE,0.006580945921307358
RO050000,ELEC,BARL,0.006374235956327055
RO050000,ELEC,OATS,0.00442924339333723
RO050000,ELEC,MAIZ,0.002545826201163772
RO050000,ELEC,SUNF,0.005541456095381842
RO050000,ELEC,SOYA,0.00258561179435346
RO050000,ELEC,PULS,0.002833591525724754
RO050000,ELEC,POTA,0.005457805444349218
RO050000,ELEC,SUGB,0.001449122277532839
RO050000,ELEC,MAIF,0.001462377124840335
RO050000,ELEC,OFAR,0.006352640810346664
RO050000,ELEC,VSET,0.0
RO050000,ELEC,FALL,0.0
RO050000,EGAS,SWHE,3.093116854810457e-05
RO050000,EGAS,BARL,3.252248736245508e-05
RO050000,EGAS,OATS,2.72664531239706e-05
RO050000,EGAS,MAIZ,2.965151744652787e-05
RO050000,EGAS,SUNF,3.105265925653393e-05
RO050000,EGAS,SOYA,6.349216456842174e-05
RO050000,EGAS,PULS,0.0
RO050000,EGAS,POTA,0.0
RO050000,EGAS,SUGB,0.0
RO050000,EGAS,MAIF,0.0
RO050000,EGAS,OFAR,0.0
RO050000,EGAS,VSET,0.0
RO050000,EGAS,FALL,0.0
RO050000,EFUL,SWHE,0.06784114427410359
RO050000,EFUL,BARL,0.07001096840848803
RO050000,EFUL,OATS,0.03915094973199393
RO050000,EFUL,MAIZ,0.0466267647572742
RO050000,EFUL,SUNF,0.02990181623269808
RO050000,EFUL,SOYA,0.0480159229653635
RO050000,EFUL,PULS,0.1227719748988964
RO050000,EFUL,POTA,0.09869961766034135
RO050000,EFUL,SUGB,0.1523210442981905
RO050000,EFUL,MAIF,0.0984301303237902
RO050000,EFUL,OFAR,0.02026842941822178
RO050000,EFUL,FALL,0.0
RO050000,ELUB,SWHE,0.0004422151486734387
RO050000,ELUB,BARL,0.0006540572420952698
RO050000,ELUB,OATS,0.000642437788314373
RO050000,ELUB,MAIZ,0.0004320155012575188
RO050000,ELUB,SUNF,0.0005585460584834954
RO050000,ELUB,SOYA,0.0005314686983985385
RO050000,ELUB,PULS,0.0006827764419680662
RO050000,ELUB,POTA,0.001089447403012738
RO050000,ELUB,SUGB,0.0007893216918157717
RO050000,ELUB,MAIF,0.0009203856957273174
RO050000,ELUB,OFAR,0.0005847243676370178
RO050000,ELUB,FALL,0.0
RO050000,INPO,SWHE,0.06428791082344142
RO050000,INPO,BARL,0.03619249264015027
RO050000,INPO,OATS,0.0155846623678803
RO050000,INPO,MAIZ,0.06276592458475183
RO050000,INPO,SUNF,0.01635597440735519
RO050000,INPO,SOYA,0.03093329231125454
RO050000,INPO,PULS,0.1605777656487173
RO050000,INPO,POTA,0.5158755953920419
RO050000,INPO,SUGB,0.07591926011592785
RO050000,INPO,MAIF,0.05735639308173066
RO050000,INPO,OFAR,0.04811485228077501
RO050000,INPO,FALL,0.0
RO060000,SEED,SWHE,0.01911092358472603
RO060000,SEED,RYEM,0.01561167711287921
RO060000,SEED,BARL,0.01847147775505354
RO060000,SEED,OATS,0.009264141330062852
RO060000,SEED,MAIZ,0.02620526093130542
RO060000,SEED,OCER,0.01315186657142705
RO060000,SEED,RAPE,0.01558181624269364
RO060000,SEED,SUNF,0.006549408246263703
RO060000,SEED,SOYA,0.01239964265344312
RO060000,SEED,PULS,0.07307296505698196
RO060000,SEED,POTA,0.1869987956035075
RO060000,SEED,SUGB,0.03898244503479455
RO060000,SEED,MAIF,0.02385440693153594
RO060000,SEED,OFAR,0.02017830406504229
RO060000,SEED,VSET,0.0
RO060000,SEED,FALL,0.0
RO060000,PLAP,SWHE,0.005276065566088651
RO060000,PLAP,RYEM,0.005225786592115512
RO060000,PLAP,BARL,0.003359709099224645
RO060000,PLAP,OATS,0.002509787057320056
RO060000,PLAP,MAIZ,0.00981768528961381
RO060000,PLAP,OCER,0.00403561359361295
RO060000,PLAP,RAPE,0.004291056984514791
RO060000,PLAP,SUNF,0.004322353499248055
RO060000,PLAP,SOYA,0.006220451274848967
RO060000,PLAP,PULS,0.01219101850574277
RO060000,PLAP,POTA,0.07843337738595421
RO060000,PLAP,SUGB,0.01220161587437774
RO060000,PLAP,MAIF,0.009681776149021335
RO060000,PLAP,OFAR,0.003184010840457173
RO060000,PLAP,VSET,0.0
RO060000,PLAP,FALL,0.0
RO060000,FERT,SWHE,1.168252347289813
RO060000,FERT,RYEM,0.929442368956356
RO060000,FERT,BARL,0.9259229304166549
RO060000,FERT,OATS,0.7140790519786149
RO060000,FERT,MAIZ,1.267085745095167
RO060000,FERT,OCER,0.8059776796814043
RO060000,FERT,RAPE,1.211739959782261
RO060000,FERT,SUNF,1.004046585978974
RO060000,FERT,SOYA,0.5441412933175134
RO060000,FERT,PULS,0.524388309174791
RO060000,FERT,POTA,1.151576346147862
RO060000,FERT,SUGB,2.153338316774803
RO060000,FERT,MAIF,1.331778699358023
RO060000,FERT,OFAR,0.4719697099123076
RO060000,FERT,VSET,0.0
RO060000,FERT,FALL,0.0
RO060000,REPM,SWHE,0.01955505877205685
RO060000,REPM,RYEM,0.01350971843842241
RO060000,REPM,BARL,0.01625762360616946
RO060000,REPM,OATS,0.0088416758479118
RO060000,REPM,MAIZ,0.02693210351154018
RO060000,REPM,OCER,0.0103681661109067
RO060000,REPM,RAPE,0.0096288478009338
RO060000,REPM,SUNF,0.006578185817036016
RO060000,REPM,SOYA,0.01400953375513375
RO060000,REPM,PULS,0.05649731420490506
RO060000,REPM,POTA,0.1964656592683993
RO060000,REPM,SUGB,0.02910960988967121
RO060000,REPM,MAIF,0.02390791550015621
RO060000,REPM,OFAR,0.02529077082653963
RO060000,REPM,FALL,0.0
RO060000,REPB,SWHE,0.003220508910783292
RO060000,REPB,RYEM,0.002574098109093059
RO060000,REPB,BARL,0.002955726057843356
RO060000,REPB,OATS,0.001674207597769236
RO060000,REPB,MAIZ,0.005137372275666813
RO060000,REPB,OCER,0.001804599700304565
RO060000,REPB,RAPE,0.002043894700431599
RO060000,REPB,SUNF,0.001844422448125628
RO060000,REPB,SOYA,0.003208408553119438
RO060000,REPB,PULS,0.01001812319669793
RO060000,REPB,POTA,0.03664999081412152
RO060000,REPB,SUGB,0.004850145636272595
RO060000,REPB,MAIF,0.004551539296130411
RO060000,REPB,OFAR,0.004540691501895152
RO060000,REPB,FALL,0.0
RO060000,ELEC,SWHE,0.006417423648215558
RO060000,ELEC,RYEM,0.001374259420422481
RO060000,ELEC,BARL,0.006117363532069784
RO060000,ELEC,OATS,0.004429243374566287
RO060000,ELEC,MAIZ,0.002490531176919148
RO060000,ELEC,OCER,0.001492886542748808
RO060000,ELEC,RAPE,0.001954401738023833
RO060000,ELEC,SUNF,0.005552214353604346
RO060000,ELEC,SOYA,0.00254972657639056
RO060000,ELEC,PULS,0.003112666494443994
RO060000,ELEC,POTA,0.005422956439485797
RO060000,ELEC,SUGB,0.001583825283698962
RO060000,ELEC,MAIF,0.001425203359678699
RO060000,ELEC,OFAR,0.006273677318703951
RO060000,ELEC,VSET,0.0
RO060000,ELEC,FALL,0.0
RO060000,EGAS,SWHE,3.016178602967837e-05
RO060000,EGAS,RYEM,0.0006839350680797517
RO060000,EGAS,BARL,3.121039254766678e-05
RO060000,EGAS,OATS,2.72664438067377e-05
RO060000,EGAS,MAIZ,2.899566132746949e-05
RO060000,EGAS,OCER,0.0004269978416662158
RO060000,EGAS,RAPE,0.0001943507162052821
RO060000,EGAS,SUNF,3.111197137773139e-05
RO060000,EGAS,SOYA,6.230526396165771e-05
RO060000,EGAS,PULS,0.0
RO060000,EGAS,POTA,0.0
RO060000,EGAS,SUGB,0.0
RO060000,EGAS,MAIF,0.0
RO060000,EGAS,OFAR,0.0
RO060000,EGAS,VSET,0.0
RO060000,EGAS,FALL,0.0
RO060000,EFUL,SWHE,0.06617595327564961
RO060000,EFUL,RYEM,0.0486291964826274
RO060000,EFUL,BARL,0.06714425637703215
RO060000,EFUL,OATS,0.03915094956069935
RO060000,EFUL,MAIZ,0.04561886976620471
RO060000,EFUL,OCER,0.0455509265775718
RO060000,EFUL,RAPE,0.06996359830033665
RO060000,EFUL,SUNF,0.02995765644531705
RO060000,EFUL,SOYA,0.04050770251806193
RO060000,EFUL,PULS,0.1347070627409663
RO060000,EFUL,POTA,0.09810214025707925
RO060000,EFUL,SUGB,0.1666031677496547
RO060000,EFUL,MAIF,0.09591646052287048
RO060000,EFUL,OFAR,0.02001977090525668
RO060000,EFUL,FALL,0.0
RO060000,ELUB,SWHE,0.0004312352447999513
RO060000,ELUB,RYEM,0.0007077720744194712
RO060000,ELUB,BARL,0.0006275888944219348
RO060000,ELUB,OATS,0.0006424377853771631
RO060000,ELUB,MAIZ,0.0004225300654200918
RO060000,ELUB,OCER,0.0006474181220922004
RO060000,ELUB,RAPE,0.0007140068566903068
RO060000,ELUB,SUNF,0.0005596070549132813
RO060000,ELUB,SOYA,0.0005532823941285735
RO060000,ELUB,PULS,0.0007499120235037262
RO060000,ELUB,POTA,0.001082839013474653
RO060000,ELUB,SUGB,0.0008683338947648316
RO060000,ELUB,MAIF,0.0008969395221293259
RO060000,ELUB,OFAR,0.0005773999753562945
RO060000,ELUB,FALL,0.0
RO060000,INPO,SWHE,0.06172777675707949
RO060000,INPO,RYEM,0.02933014880571338
RO060000,INPO,BARL,0.03374213766376022
RO060000,INPO,OATS,0.01558466231705704
RO060000,INPO,MAIZ,0.06055748272121879
RO060000,INPO,OCER,0.02087141928147858
RO060000,INPO,RAPE,0.0223623993317285
RO060000,INPO,SUNF,0.01640932436585968
RO060000,INPO,SOYA,0.03048159741278534
RO060000,INPO,PULS,0.1856725486775792
RO060000,INPO,POTA,0.5103319184635036
RO060000,INPO,SUGB,0.08793846098378554
RO060000,INPO,MAIF,0.05498914978381896
RO060000,INPO,OFAR,0.04700348108184624
RO060000,INPO,FALL,0.0
RO070000,SEED,SWHE,0.01914398461165065
RO070000,SEED,RYEM,0.01752422492406079
RO070000,SEED,BARL,0.01832415052610051
RO070000,SEED,OATS,0.009264141360158256
RO070000,SEED,MAIZ,0.02662785439030692
RO070000,SEED,OCER,0.01470835112545172
RO070000,SEED,SUNF,0.006103703459046733
RO070000,SEED,POTA,0.2022503028872821
RO070000,SEED,SUGB,0.03620462436653863
RO070000,SEED,MAIF,0.02964329417769376
RO070000,SEED,OFAR,0.01992201074466726
RO070000,SEED,VSET,0.0
RO070000,SEED,FALL,0.0
RO070000,PLAP,SWHE,0.005289989534521878
RO070000,PLAP,RYEM,0.005863347671601383
RO070000,PLAP,BARL,0.003346779106616388
RO070000,PLAP,OATS,0.002509787072946331
RO070000,PLAP,MAIZ,0.009918408907519917
RO070000,PLAP,OCER,0.004327095388921997
RO070000,PLAP,SUNF,0.004138174407614583
RO070000,PLAP,POTA,0.08242570893425089
RO070000,PLAP,SUGB,0.01162507278284546
RO070000,PLAP,MAIF,0.01116023965492931
RO070000,PLAP,OFAR,0.003163070872044373
RO070000,PLAP,VSET,0.0
RO070000,PLAP,FALL,0.0
RO070000,FERT,SWHE,1.154218957191701
RO070000,FERT,RYEM,1.025128892414927
RO070000,FERT,BARL,0.9111898733046394
RO070000,FERT,OATS,0.7226605944393107
RO070000,FERT,MAIZ,1.302606120090586
RO070000,FERT,OCER,0.9612630319616039
RO070000,FERT,SUNF,0.9349453717114458
RO070000,FERT,POTA,1.275405973631625
RO070000,FERT,SUGB,1.989462889410105
RO070000,FERT,MAIF,1.732125952377157
RO070000,FERT,OFAR,0.4722108760380372
RO070000,FERT,VSET,0.0
RO070000,FERT,FALL,0.0
RO070000,REPM,SWHE,0.01956704752010231
RO070000,REPM,RYEM,0.0151577815461925
RO070000,REPM,BARL,0.01622736398251832
RO070000,REPM,OATS,0.008841675854816603
RO070000,REPM,MAIZ,0.02704512697621075
RO070000,REPM,OCER,0.01065377939997788
RO070000,REPM,SUNF,0.006462155597203888
RO070000,REPM,POTA,0.2004611166634635
RO070000,REPM,SUGB,0.02851908191788312
RO070000,REPM,MAIF,0.02538681100247694
RO070000,REPM,OFAR,0.02523149958036116
RO070000,REPM,FALL,0.0
RO070000,REPB,SWHE,0.003222753146027483
RO070000,REPB,RYEM,0.002882670882480161
RO070000,REPB,BARL,0.002950150198628472
RO070000,REPB,OATS,0.001674207639249522
RO070000,REPB,MAIZ,0.005159052233917608
RO070000,REPB,OCER,0.001854369910295191
RO070000,REPB,SUNF,0.001812259035278304
RO070000,REPB,POTA,0.03739542117721098
RO070000,REPB,SUGB,0.004751825845926818
RO070000,REPB,MAIF,0.004832883698719763
RO070000,REPB,OFAR,0.004529953953476753
RO070000,REPB,FALL,0.0
RO070000,ELEC,SWHE,0.006427823293526077
RO070000,ELEC,RYEM,0.001542176914954109
RO070000,ELEC,BARL,0.006102671392547444
RO070000,ELEC,OATS,0.004429243383757909
RO070000,ELEC,MAIZ,0.002506147921738717
RO070000,ELEC,OCER,0.001555764316598271
RO070000,ELEC,SUNF,0.005412845589509999
RO070000,ELEC,POTA,0.005588497400746683
RO070000,ELEC,SUGB,0.001536762972243613
RO070000,ELEC,MAIF,0.001557383237245417
RO070000,ELEC,OFAR,0.006251035965097499
RO070000,ELEC,VSET,0.0
RO070000,ELEC,FALL,0.0
RO070000,EGAS,SWHE,3.021386183510622e-05
RO070000,EGAS,RYEM,0.000766353139107982
RO070000,EGAS,BARL,3.113413723385257e-05
RO070000,EGAS,OATS,2.726645289216089e-05
RO070000,EGAS,MAIZ,2.917830963724454e-05
RO070000,EGAS,OCER,0.0004473665698585858
RO070000,EGAS,SUNF,3.032522693913779e-05
RO070000,EGAS,POTA,0.0
RO070000,EGAS,SUGB,0.0
RO070000,EGAS,MAIF,0.0
RO070000,EGAS,OFAR,0.0
RO070000,EGAS,VSET,0.0
RO070000,EGAS,FALL,0.0
RO070000,EFUL,SWHE,0.06622399686680294
RO070000,EFUL,RYEM,0.05462931317328171
RO070000,EFUL,BARL,0.06695722491444242
RO070000,EFUL,OATS,0.0391509496390364
RO070000,EFUL,MAIZ,0.04590419787661592
RO070000,EFUL,OCER,0.0474721212820014
RO070000,EFUL,SUNF,0.0291937181495238
RO070000,EFUL,POTA,0.1010981737672574
RO070000,EFUL,SUGB,0.1616507050397529
RO070000,EFUL,MAIF,0.1048230380582684
RO070000,EFUL,OFAR,0.01994329759283535
RO070000,EFUL,FALL,0.0
RO070000,ELUB,SWHE,0.0004319133346929169
RO070000,ELUB,RYEM,0.0007929403518538203
RO070000,ELUB,BARL,0.0006260314336365439
RO070000,ELUB,OATS,0.0006424377864100659
RO070000,ELUB,MAIZ,0.0004251854794784217
RO070000,ELUB,OCER,0.000673999963972282
RO070000,ELUB,SUNF,0.0005454299338802099
RO070000,ELUB,POTA,0.001115897119080334
RO070000,ELUB,SUGB,0.0008426900570595
RO070000,ELUB,MAIF,0.0009799855528030605
RO070000,ELUB,OFAR,0.0005753827610835925
RO070000,ELUB,FALL,0.0
RO070000,INPO,SWHE,0.06183060043905116
RO070000,INPO,RYEM,0.03290192487312963
RO070000,INPO,BARL,0.03358200936739953
RO070000,INPO,OATS,0.01558466234457611
RO070000,INPO,MAIZ,0.06118172545874169
RO070000,INPO,OCER,0.0223334190461388
RO070000,INPO,SUNF,0.01574158006781276
RO070000,INPO,POTA,0.5363179518155685
RO070000,INPO,SUGB,0.08377549193925254
RO070000,INPO,MAIF,0.06339615503087917
RO070000,INPO,OFAR,0.04671391712956594
RO070000,INPO,FALL,0.0
RO080000,SEED,SWHE,0.01278644836671967
RO080000,SEED,BARL,0.01319844327686811
RO080000,SEED,OATS,0.009264142730229068
RO080000,SEED,MAIZ,0.0216938158690512
RO080000,SEED,SUNF,0.006094293966853376
RO080000,SEED,MAIF,0.01518035574688344
RO080000,SEED,OFAR,0.05680746645470783
RO080000,SEED,VSET,0.0
RO080000,SEED,FALL,0.0
RO080000,PLAP,SWHE,0.004149002626155546
RO080000,PLAP,BARL,0.002853418784186467
RO080000,PLAP,OATS,0.002509786159793738
RO080000,PLAP,MAIZ,0.008720247932134438
RO080000,PLAP,SUNF,0.004143921017537387
RO080000,PLAP,MAIF,0.005670147869608642
RO080000,PLAP,OFAR,0.006214434920315165
RO080000,PLAP,VSET,0.0
RO080000,PLAP,FALL,0.0
RO080000,FERT,SWHE,0.8309492278360431
RO080000,FERT,BARL,0.744762263137499
RO080000,FERT,OATS,0.7996868476720075
RO080000,FERT,MAIZ,1.110690084036616
RO080000,FERT,SUNF,1.018320651416515
RO080000,FERT,MAIF,0.8159162953707759
RO080000,FERT,OFAR,1.645278843761863
RO080000,FERT,VSET,0.0
RO080000,FERT,FALL,0.0
RO080000,REPM,SWHE,0.01784062678055716
RO080000,REPM,BARL,0.01516398430524444
RO080000,REPM,OATS,0.00884167585862816
RO080000,REPM,MAIZ,0.02572988080180234
RO080000,REPM,SUNF,0.006462863047451327
RO080000,REPM,MAIF,0.02140784388760779
RO080000,REPM,OFAR,0.0335832928595116
RO080000,REPM,FALL,0.0
RO080000,REPB,SWHE,0.002937691149645396
RO080000,REPB,BARL,0.002755731945564391
RO080000,REPB,OATS,0.001674211237466694
RO080000,REPB,MAIZ,0.004835789023520512
RO080000,REPB,SUNF,0.001813236475521572
RO080000,REPB,MAIF,0.004087297474003895
RO080000,REPB,OFAR,0.006029546223980928
RO080000,REPB,FALL,0.0
RO080000,ELEC,SWHE,0.005578578570419002
RO080000,ELEC,BARL,0.005572358347701512
RO080000,ELEC,OATS,0.00442924338631422
RO080000,ELEC,MAIZ,0.002261952664045074
RO080000,ELEC,SUNF,0.005426323699325477
RO080000,ELEC,MAIF,0.001217541080786293
RO080000,ELEC,OFAR,0.009508947974506361
RO080000,ELEC,VSET,0.0
RO080000,ELEC,FALL,0.0
RO080000,EGAS,SWHE,2.616250558354488e-05
RO080000,EGAS,BARL,2.840840783946996e-05
RO080000,EGAS,OATS,2.727407854137289e-05
RO080000,EGAS,MAIZ,2.787626612782047e-05
RO080000,EGAS,SUNF,3.038920857365153e-05
RO080000,EGAS,MAIF,0.0
RO080000,EGAS,OFAR,0.0
RO080000,EGAS,VSET,0.0
RO080000,EGAS,FALL,0.0
RO080000,EFUL,SWHE,0.05780277264581139
RO080000,EFUL,BARL,0.06038985455279196
RO080000,EFUL,OATS,0.03915094967769331
RO080000,EFUL,MAIZ,0.04251685222806503
RO080000,EFUL,SUNF,0.02923430300810552
RO080000,EFUL,MAIF,0.08090391715030865
RO080000,EFUL,OFAR,0.03034360882981169
RO080000,EFUL,FALL,0.0
RO080000,ELUB,SWHE,0.0003750509894176896
RO080000,ELUB,BARL,0.0005699196706601231
RO080000,ELUB,OATS,0.0006424377872324531
RO080000,ELUB,MAIZ,0.0003340194174206701
RO080000,ELUB,SUNF,0.0005464877793253165
RO080000,ELUB,MAIF,0.0007566719238871586
RO080000,ELUB,OFAR,0.0008751558073151203
RO080000,ELUB,FALL,0.0
RO080000,INPO,SWHE,0.04847217823435845
RO080000,INPO,BARL,0.03560618247113806
RO080000,INPO,OATS,0.0155846623596246
RO080000,INPO,MAIZ,0.05365744159878481
RO080000,INPO,SUNF,0.01581692678467349
RO080000,INPO,MAIF,0.04180195625131117
RO080000,INPO,OFAR,0.09174940586846109
RO080000,INPO,FALL,0.0
