,SWHE,DWHE,RYEM,BARL,OATS,CORN,OCER,PARI,PULS,OCRO,OIND,NURS,FLOW,SUGB,POTA,TOMA,OVEG,APPL,OFRU,CITR,TAGR,WINE,OLIV,GRAS,TOBA,MAIF,RAPE,SUNF,SOYA,OOIL,OFOD,SETA
AT11,107.724992720787,106.94018316367,78.5578868438028,77.986372697632,84.4632191900354,108.986119503832,112.900179889969,,0.782017662675487,66.0288813789429,187.394678139067,187.394678139067,207.819221541997,126.949420103098,93.2355594762718,207.819221541997,75.8801378302894,48.3224326337512,45.9374646525141,,,13.2123087555136,,33.5735397253469,75.3320301619995,75.7088502557978,100.16325979089,46.23333046642829,26.0201506336549,19.2927493368486,21.9281533974706,
AT12,113.144129465169,114.396356423542,89.9555789665845,92.9564817162071,82.6961308385953,118.349694534485,109.372993953525,,1.08759677437961,109.035141103232,183.1602008439,183.1602008439,214.194483055581,127.12719655084,109.825560344549,214.19448305558095,78.2586795012681,44.7923673325784,47.2982511404848,,,12.2842733093274,,39.2682590446255,83.8679988827697,138.419140388304,90.1919766174672,48.8107485008486,31.2454492872162,18.9069155499216,38.0798109556233,
AT13,,,,,,,,,,,,,,,,,,,,,,,,,,,,,,,,
AT21,80.1484645735702,69.3020456616961,42.4722011746309,48.1857808486132,35.837481265828,84.4004966272514,47.4130000525596,,1.02904171953054,99.7726809461803,,159.213215765106,157.715921186905,110.149142210906,44.9502481808148,157.715921186905,58.0196952264931,48.7897273980978,34.221428880208,,,14.5003212205371,,5.66749626206149,57.6068930321319,31.570434494931902,57.1193688851957,37.8165995450647,26.0906864535003,16.8910546180372,4.43639913902619,
AT22,61.25397091470951,52.0393812659685,41.8071749413382,50.4370418781171,42.2142048643398,97.227561218408,55.8573887090462,,0.943838126084883,68.8220578505666,,159.732074233351,159.536410228584,117.665316344949,56.86859402800191,159.536410228584,58.6750808164449,40.4520367167115,34.6369498815435,,,11.9700162164258,,4.94337411591541,73.7563024783525,35.4952196479612,73.327193850297,46.730529844746,29.1290313412692,15.9906522961812,5.15239774338325,
AT31,51.71255567906479,27.9810352754905,32.6636487232078,45.2188685151796,28.3195014472298,72.9002906391043,36.4431697345187,,0.0049755436174191,54.37469344371671,152.665270212874,152.665270212874,155.343871711813,124.866402280453,55.1245526387742,155.343871711813,56.0440336015074,57.1136967939326,35.521564559366,,,13.4332150168386,,16.9573060372812,43.50165596457,32.314458991906,68.1218218642437,39.0671156680314,24.3595550432819,15.345018155379302,4.93151852328939,
AT32,97.0064351978534,93.5544646354089,57.4516424690084,65.4779038665433,56.92188782484341,112.77789059016898,75.8776885088383,,1.20837875973988,87.6646241564567,,165.943657209621,169.414678019447,,84.4922044201149,169.414678019447,62.281420570474296,44.7988057224471,36.7545010940749,,,,,3.8998367368655,13.0371742342279,32.3802427175141,88.9568484879403,46.9937241736969,27.300730431185094,71.8483168767758,18.7205093807191,
AT33,84.092313735625,86.1888972625812,50.2609953846479,65.0951888662628,47.605156146095005,116.149894711985,64.0354091599532,,0.305804486855356,86.9277110266789,,193.050662737676,227.29576423108497,,80.45292840822,227.295764231085,83.8564597677282,45.4696753179746,48.8444735145645,,,14.3133554601169,,2.80207593249436,14.4065610666789,23.8283230871223,,17.7173897149487,24.0160961590967,54.58432525215321,14.6566506531172,
AT34,66.3084474032478,91.1951826219696,47.3468555832538,68.6820384311196,,133.312579930248,90.81316606435598,,0.7218149451290798,83.9721160186645,,183.09644373372,233.199394624904,,79.35709803286981,233.199394624904,85.949699571505,48.2044381959996,50.2633172624805,,,14.9487750736237,,20.8621205689897,13.9266097262625,26.9074047208577,,,,,15.1464798234584,
BE10,,,,,,,,,,,,,,,,,,,,,,,,,,,,,,,,
BE21,177.35926940627,,86.9839098471855,106.392323534835,137.662481206032,164.902854115341,126.126251332286,,14.486335030810698,365.312297437254,475.975988949515,475.975988949515,478.5592611337681,375.946796987789,187.087951074021,478.559261133768,114.487092311571,49.322110579696,104.863611859997,,27.161590303013,36.7183605771333,,103.5695028569,,25.9221365811836,165.86387239542,,,196.060876207335,73.7423772127672,
BE22,138.71436163342,,80.5319312059941,110.605009174189,128.388548732579,110.82403706625,118.143755811392,,16.7084728919153,294.28881009209306,434.038773146419,434.038773146419,385.35582833338094,243.565361593547,156.748027035824,385.355828333381,92.2112778692985,43.32749664589429,84.5082179011814,,23.6958985663593,32.0536215278185,,80.0487815869217,164.432947723885,25.0517566725196,180.567228145945,,,130.214575950993,60.6753186187892,
BE23,206.435452777718,,113.147999704996,146.819092827041,146.395970500903,198.368907837482,135.077385234867,,20.6346959138858,395.108422582703,515.580162218625,515.580162218625,518.315181820181,374.256062815611,185.392539338053,518.315181820181,124.118510783261,53.1909003635191,113.406986327976,,29.3490990535677,39.4647182586324,,124.188234420651,195.447301037663,30.0070947575012,148.050020122293,,,153.081002027303,79.4175429612174,
BE24,149.613645777427,,110.354731928397,122.13103073181,137.395155348365,157.267342396765,126.618672174228,,17.1163435468612,318.581734173336,440.425606098607,440.425606098607,417.421747536162,221.772204700848,153.110750501688,417.421747536162,99.8007310562816,45.32241599924,91.654413287553,,24.7503376235037,33.6317307711961,,97.0217124608937,166.953701501523,28.6587955001392,193.094202612307,,,80.3104090000487,67.3618045166873,
BE25,177.18637897313798,,77.7944829694818,128.612511623359,139.210601866229,235.174817489444,128.377174199697,,22.6266616537056,320.032250227307,442.305705725651,442.305705725651,420.799042566657,255.470317026194,157.906405539085,420.799042566657,100.688232957797,51.327747372053,92.278154218195,,28.0856095147142,37.9944701267839,,132.206064984682,,33.2837670365568,244.138932011979,,,109.95372912394102,74.7159085634892,
BE31,141.300039923875,,85.3098708151865,137.409755951579,140.579565457684,185.014993079881,129.120640306868,,25.0877201386656,315.612286333737,438.776868539585,438.776868539585,415.145256553064,227.069842449522,172.613280623175,415.145256553064,99.26334041308748,43.2685436481973,90.9526055096387,,24.0812491078656,32.6177767124428,,124.103198539294,166.216161732438,55.803375686992,204.59402211725,,,87.9108651943198,75.647280036493,
BE32,153.38661119346,,86.5731442464629,109.39711412113,142.427359838629,175.979707305808,129.169713550479,,21.3932990696049,314.907803454229,440.35908994999,440.35908994999,414.930618160549,223.234097139252,136.747936371443,414.9306181605489,99.2481678069962,48.3331193946553,91.0460272672056,,26.550887623076,36.0145832669422,,119.261452433513,,32.4438993914888,185.525402406423,,,42.5138319820918,66.3752685102503,
BE33,152.337970775806,,76.0914963346707,112.398886792801,141.747343306243,209.165731066987,129.355272926567,,21.4926647923358,319.118651374479,440.3867392615671,440.386739261567,418.966139378861,235.341662435514,151.681154825107,418.966139378861,100.110069128424,46.0568211917166,92.0923204522301,,25.2175515759172,34.4087712781053,,112.491318856506,166.9150715728,32.7598351994306,197.021913758091,,,46.6154665558772,69.6214137636991,
BE34,101.060476987916,,94.7897819286107,85.3197031903998,141.354100949343,155.756125725609,120.830813875981,,12.9198951125329,,267.460570096204,267.460570096204,243.247952341485,326.357271183645,113.289069106471,243.247952341485,58.1776735826543,45.5622819660033,53.3157406218857,,25.228987640814,34.1691293304724,,91.1262872452658,,28.2777320814048,159.137838898924,,,,27.3918805590217,
BE35,132.809539286677,,110.984600216934,102.973061879762,143.374163359694,180.421694930429,130.070662859868,,24.2729901420372,315.757240653896,439.101412830255,439.101412830255,414.220654453324,231.027095269586,153.601154568986,414.220654453324,99.1512142801218,46.4157757026355,90.3048382862744,,26.457765469094,35.4300281858391,,113.967258057525,166.42495361161,30.4651087350263,172.426539972674,,,133.759574381368,63.214737763972,
BG31,115.71463860514,107.91171334296402,70.1271247780691,94.7423735254321,63.82350564700051,166.676752628813,296.987974323376,,20.4363766928109,6.0184498022418,12.3165675195184,42.8514449802242,6.0184498022418,,41.1862072259377,34.9269449591902,24.1863399645294,13.4195367737094,6.0184498022418,,15.3600331054079,12.0987920757509,,28.9322787028532,36.8183313728331,77.3410348372603,106.265402291594,84.90391565834742,48.6523863358412,6.00137560592874,24.4688177642776,
BG32,128.795698509077,102.706101758935,17.3215710412996,100.777119355791,65.9913581953437,177.572082082165,298.564507065544,,17.5192957458664,6.0209779115191,8.83428381618711,42.8895094381636,6.0209779115191,,40.6828454642429,34.8981965370596,24.3237604084634,13.8469806596356,6.0209779115191,,14.0889579641754,12.5959433931172,,39.369082189291,28.378616796340303,88.4798645362867,115.12481922499,90.4258556735814,51.8605602622082,6.00176969548063,30.5856291010828,
BG33,129.214446741324,114.928300497731,66.3025069512207,101.433750848764,65.4515081509429,178.574472252978,303.844313253427,,17.0517629217685,6.0235239139933,9.01169723237139,42.8566946409471,6.023523913993301,,43.4038085636226,34.9470495466497,24.2237800181622,14.0751251537745,6.0235239139933,,15.433355843947398,12.5883076253829,,51.6046880361268,28.3276260412596,91.9148371286044,108.242084128358,90.9469084576602,44.9560256557375,6.00196276742506,38.7294596928243,
BG34,80.5729380669322,85.697788825591,54.7772614570304,65.9706089046687,56.363092339508505,115.67441404727,265.597103617797,59.197004148922105,17.9136476631716,6.00078347806152,9.1851256225113,42.8411334384116,6.00078347806152,,41.9715700210014,34.8846008582723,24.0164816759903,12.360217949699,6.00078347806152,,13.1701728839044,11.1133918377187,,31.9091553137917,31.5414116604783,60.1636066744567,82.9620027284708,58.8075074526347,39.8959827563493,5.9999985830538805,25.3468536498278,
BG41,58.8247675221812,81.3664656700854,39.8735986696314,45.2152992963925,56.4129547644242,77.9886685644586,260.780269792999,,18.7513513160432,5.99998940504432,10.9387141544651,42.8677383274638,5.99998940504432,,47.07539152897241,34.8507563900387,24.1002950147429,12.0571601850566,5.99998940504432,,10.7956576814588,11.0325964890672,,14.6585114188684,26.7839089612111,37.8393008018713,72.8603342537515,40.3859427662665,54.9672754812793,5.99999622937147,14.8286200210805,
BG42,39.6822660919,40.040674316931,34.5330792013021,40.7440940117935,48.0233349586058,71.5522750363704,213.946920951054,66.7582697739584,17.854046716765,5.99996078421227,10.6689631327388,42.8563967249948,5.99996078421227,,41.2562111078953,34.7342261476658,24.2797426318387,11.417976331833,5.99996078421227,,12.1528028473034,10.2479600318525,,23.5633328326057,26.6901570564449,36.8754687220629,82.2648438307058,37.8673606737149,49.8713894666268,5.99990923699152,18.0790556704736,
CY00,,94.5537959141912,,45.6806671298866,80.7530474156848,,33.5137268738798,,42.8172963675423,414.171316142735,,745.557993509667,616.308014544674,,204.067037086335,343.724057997149,166.656842635809,24.628538944752503,23.1115505454253,128.761441438242,29.842483580273,24.628538944752503,24.628538944752496,43.2763181705183,295.427961638196,253.268000600209,,,,398.838021782039,48.7276353773035,
CZ01,195.535409137603,,146.064393777905,125.930930512844,111.216492598544,201.739091821495,207.997279436148,,23.1036841249989,82.6550767267974,,52.6653596168915,536.31096699953,262.840337413023,165.762524143835,103.722065399616,104.369925604608,28.743728838988897,20.1116612624824,,,19.1544314520441,,93.1865900904878,,101.365365906014,186.545224601643,80.46761055843152,57.02603497411889,13.2700698152082,15.154162886668598,
CZ02,166.184014541294,,129.917545010147,113.218190565385,107.684534836873,182.036037759824,197.020951835553,,23.4673194185081,87.977328714064,37.6798071417162,52.7769398479226,532.705231110199,223.411031439601,147.209968668927,103.727232668401,103.183233768748,25.8726669707761,19.9764461666325,,,16.9310325861557,,57.30050844255689,,94.4250768430443,174.462352699915,91.8375582855164,58.7064476578428,10.7597248503029,11.3536625867206,
CZ03,146.222846000808,,128.226176755211,100.108305951919,103.57086533111,161.633600781535,189.885605776829,,21.3250523197923,87.6344371994814,36.2937028752034,52.2281588199947,528.878939958561,264.0083262208,143.49923960433,103.669556340826,102.691616809414,25.4031751933918,19.832960248446,,,,,53.780664064344,,83.4648088405513,163.421042946683,88.18246304577,57.0484048800213,10.8259886799442,10.5946867057853,
CZ04,168.003537425358,,139.862069414735,108.806373660526,107.375005231186,200.170095323187,201.869597910385,,22.683407071250304,89.7453128326378,36.9036561735409,52.5129968078338,532.584672727936,230.629530184526,144.939149665611,103.685498144487,103.467698030996,26.5610497118879,19.9719252272976,,,17.4455000509148,,51.3835021083825,,90.3726748364156,174.418490426501,94.6360799298112,55.4996185079809,10.9390046289644,10.1639884566184,
CZ05,157.999134625101,,131.374038728275,106.061518903638,105.02684699078,170.572817414315,192.89368992777,,22.3046887636133,84.995623072684,36.6011209596107,52.567414175725695,531.571461759463,217.357703555753,145.83637558642,102.19489465173,103.754600004477,25.4996295260064,19.933929815979905,,,,,56.746293180264,,88.4395001935559,170.289665371892,94.1172608346133,55.7038043106643,10.859704761219,11.1041048806931,
CZ06,147.372551032449,,125.67393951600998,105.530346484678,105.014234100092,169.515889812181,192.208707021104,,22.1755634574638,81.1680074763751,33.877960045391,52.3220846002753,532.409079798688,204.225245074855,141.968219398135,104.497534508554,103.220612061186,25.8814277853567,19.9653404924508,,,17.1752619885683,,56.3233192422127,,88.0266174724379,166.851051292001,91.648540619862,57.20096662492909,10.7563024959884,10.9856818818929,
CZ07,178.476268322044,,138.564696719928,118.018285209424,108.488331024722,189.62699349676296,204.22058878758904,,23.598925978485,88.4404393809109,35.0568708252902,52.5493104272754,534.290891778616,226.112652398082,155.062740851466,104.249239111455,103.68626878087402,26.7804803127166,20.0359084416981,,,18.9362692301337,,59.0825836838046,,98.4193848439345,183.137804746059,97.0469170065566,61.495568332598495,11.1160279094381,11.3229033720454,
CZ08,176.717031742762,,130.257067570577,114.566329027922,112.08881463506198,187.501199536828,210.463785078054,,24.009923271605,88.0761360699239,30.0481031152305,52.8090712233171,535.379976897188,241.246820229643,151.434216031294,103.881635996676,103.895050475122,27.5640014404757,20.0767491336446,,,,,61.81330464714059,,95.6253029683025,181.467493759325,97.1951429541632,59.9161950575662,10.5776794810686,10.9872291059841,
DE11,77.3253604922377,75.6046053137796,99.5795418818482,85.6078810208197,94.5069236161297,93.7816885346728,169.192365502487,,18.4862560285747,140.50020473133,159.999878562521,159.999878562521,205.908112683024,116.469895706734,89.7677845545638,205.908112683024,68.4363181717505,37.0871164950695,17.1205047187456,,,23.0342933103111,,44.3747743955327,32.3556316399428,50.3728879965956,87.832636011079,59.536693993074,34.7407701711901,16.5031367423817,54.8270259067233,
DE12,148.637991336042,172.39803427970398,112.728785839071,124.165736786043,121.901826121833,169.387672479855,218.238898360539,,21.9173597543603,165.37083744855,169.620559563686,169.620559563686,242.348818788383,154.702368005395,112.092740743611,242.34881878838297,80.5502302944344,43.3090142047993,20.1204011580795,,,26.992623735177,,66.0348293050575,35.2486642104368,89.559009948265,113.340058763869,,42.3501415637082,103.414553735268,58.7062891012012,
DE13,86.2638833218016,11.7943681846565,88.3699890985607,99.582855582667,96.1221872496825,128.612700269069,172.0834961258,,19.9336357608505,114.890609852714,159.925232976758,159.925232976758,168.37836392166702,127.790825411111,98.784770700943,168.378363921667,55.96215665768881,34.2805376269943,14.006392643268596,,,21.2687344684466,,55.6713011258387,33.0532302476561,70.6715448546671,76.4115017864931,,37.7875419615567,17.4990349947802,66.6416012941856,
DE14,66.2440926920058,9.45451797302846,65.3593912650494,71.5267695622177,61.626569411460295,87.4304071751607,110.329584107411,,15.2912568009049,114.432227853799,159.926923820018,159.926923820018,167.747511718508,122.147461267841,,167.747511718508,55.733191658577,34.9774483137858,13.9466442542444,,,21.742085104731,,50.7084949216404,,37.8858889742482,72.4283152342496,,29.6000595808095,17.1028007778024,45.7510487154493,
DE21,82.9709739795385,66.1823057249668,87.1200419144126,91.6411695330999,97.6466791735915,93.2695953564628,174.597707722916,,18.3672142485533,109.742714282073,159.903388169448,159.903388169448,159.953323512107,149.812123573899,91.457741940899,159.953323512107,52.991634199286,33.6469034904528,13.3541991749405,,,20.8037673204169,,80.7903226058735,,42.5834413139907,73.7092032306663,66.6370684918608,34.3142738109924,16.8269547772275,61.0945364017015,
DE22,104.157211662074,100.298998226158,89.2629868234172,84.7677432674598,98.7500004759549,141.048722590148,176.568233099398,,22.2602704274097,142.080386692271,160.169124071343,160.169124071343,207.361821705777,141.56911300855,134.442111354473,207.361821705777,68.5611252542666,37.2937168158726,17.367603140222,,,22.968683957543497,,70.6278918203765,,84.0915969741328,79.3649498078169,,39.1296005285899,16.9107007937223,84.26097898284668,
DE23,108.448978645936,10.8072286556017,84.511272400024,81.3169797259116,94.1605016760644,118.836884731566,168.360134204489,,21.3333518675449,142.267524686563,159.999682735066,159.999682735066,207.1055688807,140.879644256362,113.785675813463,207.1055688807,68.7247649681498,36.4080179013577,17.3006991449296,,,22.4125982655276,,67.9181604983788,,90.7615937958875,87.7770961776886,71.8122326978953,38.8910895056438,16.653373951068,71.1470543197811,
DE24,78.543172891485,107.617462365939,86.5789942994232,87.3207077058,101.812387142921,99.9519377217989,182.041156559522,,19.0258956417627,138.756760959874,159.957490637486,159.957490637486,201.982463346545,114.162560033637,,201.982463346545,67.029256733956,40.1986300242032,16.8775692727915,,,24.7261634990524,,70.7454326084532,,96.6328127773285,63.2081683903503,8.76057977512141,35.4995592267134,17.6939639886819,62.9105465290777,
DE25,76.496675067813,115.983477159066,76.6389691249968,66.6738256532921,97.9330950185534,90.74077984006952,175.106627837283,,18.2705615767077,136.272694222321,159.8979375211,159.8979375211,198.40880482443004,114.04934425504,,198.40880482443,65.82659929921,40.4670832818791,16.5680990887645,,,24.9418097136089,,48.8460949309218,33.0830762187327,47.8179695910649,57.6584026031251,16.3475007230477,34.1914739740328,17.058715082745,49.2099748414461,
DE26,140.345153116255,134.694476661853,102.671757265216,112.74388111265802,108.412276500498,124.823815616912,193.843242871368,,22.3156783740252,144.186535421167,162.281256335825,162.281256335825,209.994661773819,131.669321005914,,209.994661773819,69.6369797215457,38.6212535588433,17.5572698916092,,,23.7555149777604,,70.4883284959177,,90.1765991357365,91.1589929299046,59.947236113692,40.5200510023265,17.3929826826779,71.0641861283605,
DE27,69.9490044088293,38.6399598304992,91.2897434283735,90.4326321653654,97.04228494732229,96.6107480878348,173.51441382954,,18.6064541240735,113.919152530729,159.97742176513,159.97742176513,165.937634381592,142.533069007304,100.789391475708,165.937634381592,55.01731593619589,35.9200683301874,13.8684355653719,,,22.1214289435038,,77.7253630028099,,48.2549817034359,79.8798226883126,,35.8115340372366,97.45573577755358,63.7833343148183,
DE30,,,,,,,,,,,,,,,,,,,,,,,,,,,,,,,,
DE40,164.639750786282,159.934313956076,89.9208198079578,120.775378841322,112.04878362603,117.558359546982,200.649664989289,,22.7179174633592,15.0924820063434,162.618215813751,162.618215813751,215.49328685484403,170.29623364328597,113.011713468255,215.493286854844,71.5570532107856,36.5936208866629,17.980120090903,,,23.6084743150504,,49.7768525714945,32.4436872889005,102.675112086679,95.1493383261675,42.375091284423,22.3240603449966,15.8798997892652,64.0837333078623,
DE50,,,,,,,,,,,,,,,,,,,,,,,,,,,,,,,,
DE60,,,,,,,,,,,,,,,,,,,,,,,,,,,,,,,,
DE71,185.12821262901,133.845049485425,116.86168850946602,131.933492140299,113.528041635435,161.033438496238,202.98059379408,,22.0289511374948,152.975424716197,162.049941591159,162.049941591159,222.32866197638,158.26625845748,153.711426686849,222.32866197638,73.7951310650135,41.0320437708881,18.5534333889876,,,25.3251101998703,,86.8562433373787,,105.52959586831,110.578907993612,,37.1299361396134,17.9671705812867,70.3214229904737,
DE72,175.410153891039,143.243365979307,143.167090955007,122.934320062239,114.425545233806,116.039060552825,204.588131790358,,22.1923538617224,162.06526861961,161.714538600261,161.714538600261,235.643257447984,217.88547080685103,,235.64325744798404,78.1641865160886,43.2969186743653,19.660163290952,,,26.7689942907711,,81.0805196943916,,103.982670493514,103.944247061622,84.9074291731725,36.6286053417449,18.3614754834854,67.3115133836987,
DE73,134.457192025494,97.9211887211593,120.141982828007,117.804458199039,101.861216578359,144.519143266174,182.123056102809,,21.516248110379,142.025235386414,160.77378765608,160.77378765608,206.59109699147,157.73441446463,119.486897333597,206.59109699147,68.4805230688212,38.4877674824013,17.2671834046907,,,23.7247844215813,,71.3879106761227,,114.952317397366,93.6961042404119,,36.6303691685051,16.8669207901772,73.4594092333709,
DE80,186.059853492597,174.026955032689,112.370508133999,143.72130820367,111.735554846356,134.112277301036,199.160805802107,,26.5150475443232,15.1026614046828,163.692508701216,163.692508701216,212.664546069179,187.924041885245,134.243309393699,212.664546069179,70.420303646578,38.9645525551688,17.7138700766156,,,,,69.1899973197917,,128.846234423018,108.318308092147,46.2846288061118,26.8019179284558,17.0541528415511,73.8702522332479,
DE91,191.124342032696,143.137196924357,133.903243663392,147.14658267424,107.797774752391,155.735045994865,193.030915867766,,21.9089588243592,144.534664965794,161.498762183205,161.498762183205,211.635874222239,186.422863624913,152.503158840028,211.635874222239,69.9583214073413,37.9082422789076,17.7857714510826,,,,,83.5654376622409,,86.5714445028301,105.350205644813,,36.0248450483209,16.6554464018158,76.0954013307006,
DE92,169.85315665987,123.276096273747,126.429062879471,127.391717038016,100.460365906065,131.089201427324,179.89170869182,,22.5613847206736,145.305239060791,161.191022387173,161.191022387173,212.551345003959,153.549924112836,130.409397989941,212.551345003959,70.3708337998855,36.8495473853571,17.7697809397405,,,,,73.4126521334849,,72.1977120805531,104.037713734343,,36.1796167046668,16.425236744962,76.1630349039445,
DE93,107.79681694691,84.8708261711824,102.51921541225698,84.9960192741918,84.5494656254118,84.1169577818588,151.392498942589,,16.794022390955,119.381082110517,159.89699160927202,159.896991609272,174.249623883148,138.077079492117,99.6310601076414,174.249623883148,57.875239016429305,32.9261785143541,14.4513996201953,,,,,61.22890248633811,32.4239079363392,35.0756265751965,71.0852274454854,46.96363172804409,35.753220723738,16.9598157516167,54.7158020081889,
DE94,115.88682272988,80.5681949718416,99.839389314426,75.8227926123441,85.1703877028503,78.2145968484292,152.473901867604,,17.0124887040305,118.230443828787,159.864323860198,159.86432386019803,171.842748183622,134.966374955916,92.44853137233,171.842748183622,57.4349098933158,31.8215390740641,14.018770678730998,,,,,72.2173342055615,,32.3602239971427,68.9950303826196,,35.8362748342019,16.8204446146324,51.751044359353,
DEA1,114.454693351994,78.7531992528203,141.489849557644,126.91996943997898,102.609224250612,137.200937176506,183.8504593691,,20.5659616957922,121.21382462892,159.99634543352,159.99634543352,176.909460959776,136.700352897426,133.800732732672,176.909460959776,58.7644006944849,32.3484654629959,14.7460687025247,,,,,81.4824864431678,,72.4318777526847,80.4876373846218,47.997466213928,35.9700080878424,97.40643349686871,83.5420746547224,
DEA2,164.475908228531,111.610753670327,155.113574766671,152.08450957785,106.547538350013,148.0458683367,190.907569144674,,21.8140347260976,141.947079959834,161.05893829855,161.05893829855,207.225698382319,156.769663996247,163.294090182792,207.225698382319,68.8130837095724,34.4895301741344,17.2677839641124,,,,,94.2195117803413,,138.328745494206,104.778971604453,47.4202520765047,36.0134750802792,98.9494000145439,90.4885346385866,
DEA3,84.9347922649957,61.845800357809,100.224235357039,82.80296859227369,77.2321870014394,100.468892868871,138.381229701691,,18.5112842474565,139.139807572308,159.999218551301,159.999218551301,203.11938057554,115.103439862956,101.603283178834,203.11938057554,67.4534257423801,33.5268588139587,16.9221019625382,,,,,66.8436454704683,,37.4849091519934,93.8628638339068,,35.8725339451497,101.24731448084098,53.183262173308506,
DEA4,91.8830967276884,66.737968461799,117.051130682935,96.893069075489,87.7172518565541,107.498846523027,157.168258184013,,19.67328035165,140.787924892858,159.999666558834,159.999666558834,205.539416910325,159.977592080463,117.370024226901,205.539416910325,68.2505860621461,36.3866247478639,17.1265573026474,,,,,64.040723841004,,40.7483122160922,90.2694515653412,,36.0427733647516,17.5512572039635,65.3462198141085,
DEA5,123.125081644674,79.9216173346595,139.674199601314,113.314465651388,98.9041954385999,136.236445118895,177.212474311194,,19.8373994138031,140.491882002587,160.346878114953,160.346878114953,205.10230916369,180.755092937868,156.728640583447,205.10230916369,68.1087673041241,37.3620042465669,17.0892496763698,,,,,63.1281492490406,,44.5657885009788,93.6922790455312,59.5136331617116,35.9882885972305,101.090392711748,66.4740453006505,
DEB1,166.575519612273,144.180966120354,135.583386827904,124.539155870467,114.90185605550302,125.14233200638598,205.191736407397,,20.5616198141135,167.171557628797,161.665022420714,161.665022420714,243.220155704456,139.1653683515,100.082654453373,243.220155704456,80.5778716866408,40.672113121463,20.3516347366282,,,25.0066845206844,,78.5710756764265,,94.4312168178317,101.919181866327,53.2882570172034,,18.3435361927694,69.3051067667722,
DEB2,135.792064018184,115.242579450479,104.840549654244,107.896578071226,99.8638949616181,120.76949338463498,178.340048689266,,19.2045601363375,168.39852863309,159.982106807077,159.982106807077,244.801656915569,79.4852786419959,,244.80165691556897,81.2112449809415,40.6897206205456,20.4312621255128,,,25.1077888570636,,77.3272224240028,,67.7231240844988,85.6667992934134,51.243489604839,,21.5050879175661,69.6593986228142,
DEB3,184.296318323158,169.625323965914,122.579883441816,125.650947304314,118.058462617454,164.448264729296,210.82596202509,,20.9272339387835,173.504096306634,163.263914623904,163.263914623904,252.509289165401,156.243412594139,155.253066296563,252.509289165401,83.614443932403,41.5726387706113,21.1591574201334,,,25.4961677707785,,94.5302712644679,33.836724924147,100.813836769025,96.0120811053702,53.8937656147226,,18.1149513094123,72.3344897285085,
DEC0,172.403356898111,163.410916861099,137.252867600915,160.120352274695,132.498696000574,159.95912568931,242.08441307058803,,25.1332923452918,14.3593818437017,162.898944072479,162.898944072479,233.762812062631,,140.659816877712,233.762812062631,77.3956999685173,46.8188613769052,19.4192275773929,,,30.3234560379377,,86.8777058935062,,96.4211181223261,121.874915312222,62.560361419719,,,57.9423937634929,
DED2,184.869652562557,133.756956510078,114.38810767471,143.41955435566,105.988991395679,139.460475478764,189.32359471015403,,26.529575690243405,14.6195043647354,161.704236330558,161.704236330558,212.521454383294,172.408553506618,137.07065079855,212.521454383294,70.4252089843267,35.5787467891927,17.7033733953738,,,22.6945778979771,,88.8233288438784,32.3604200859426,162.620298074304,110.747014426641,49.9703691786223,24.9355872829983,15.2053725864791,82.1554388677408,
DED4,184.86965256255695,133.756956510078,114.38810767471,143.41955435566,105.988991395679,139.460475478764,189.323594710154,,26.5295756902434,14.6195043647354,161.704236330558,161.704236330558,212.521454383294,172.40855350661798,137.07065079855,212.521454383294,70.4252089843267,35.5787467891927,17.7033733953738,,,22.694577897977105,,88.8233288438784,32.3604200859426,162.620298074304,110.747014426641,49.9703691786223,24.9355872829983,15.2053725864791,82.1554388677408,
DED5,184.869652562557,133.756956510078,114.38810767471,143.41955435566,105.98899139567898,139.460475478764,189.323594710154,,26.5295756902434,14.6195043647354,161.704236330558,161.704236330558,212.521454383294,172.408553506618,137.07065079855,212.521454383294,70.4252089843267,35.5787467891927,17.7033733953738,,,22.6945778979771,,88.8233288438784,32.3604200859426,162.620298074304,110.747014426641,49.9703691786223,24.9355872829983,15.2053725864791,82.1554388677408,
DEE0,193.083767825805,140.6091249535,97.2285727282751,139.787806456816,104.046326514045,134.981971306523,190.04246445676,,25.931698901222205,14.9796672734949,161.586271439758,161.586271439758,211.093458145495,149.485506347441,131.398954289483,211.093458145495,69.8777161007394,30.035551056822,17.6375548901604,,,19.9387676431967,,57.98977437573859,32.5794205670091,106.158605740733,94.7226147543202,48.1720930906586,26.7993534872243,16.3706695685431,67.4669795824214,
DEF0,103.600521346287,76.0632645982181,126.493106007166,110.436327018738,94.8905374547469,123.368920488742,169.546580101483,,21.4218452007708,12.9999076996389,160.286526397409,160.286526397409,208.219111497904,173.105369470985,129.932553224534,208.219111497904,69.270329175537,36.4857899277157,17.2838690173629,,,,,85.6473812657717,32.2133740650384,40.8163923287802,85.5596340939817,46.8285078854398,,14.5887845459964,60.4398622299694,
DEG0,200.211877981885,172.952583662382,141.32729499273,150.486497374435,106.420954549106,142.750167585736,192.990605811746,,27.673321392796,13.1584789550032,162.109729855901,162.109729855901,209.765029435673,178.655790784611,141.784135051951,209.765029435673,69.5674754217531,37.3256105961364,17.4526201238834,,,,,81.4154655997391,32.8164390437088,156.792560994093,112.582405329461,63.3013554187604,20.8728922383822,15.1337746087268,82.5542547049416,
DK01,108.573760233206,,145.134057720985,63.5454762066197,122.3606583996,165.792855876404,179.669116019616,,9.34302645599522,60.9253570058735,,160.0,296.510766937375,236.370413078833,144.319660693528,296.510766937375,67.8318940635897,28.3417255276238,19.2753578453383,,,,,98.5374380824388,,48.8891466952717,148.636330494656,,,84.9879056964872,69.1624531005536,
DK02,108.57376023320602,,145.134057720985,63.5454762066197,122.3606583996,165.792855876404,179.669116019616,,9.34302645599522,60.9253570058735,,160.0,296.510766937375,236.370413078833,144.319660693528,296.510766937375,67.8318940635897,28.3417255276238,19.2753578453383,,,,,98.5374380824388,,48.8891466952717,148.636330494656,,,84.9879056964872,69.1624531005536,
DK03,108.573760233206,,145.134057720985,63.545476206619696,122.3606583996,165.792855876404,179.669116019616,,9.34302645599522,60.92535700587351,,160.0,296.510766937375,236.370413078833,144.319660693528,296.510766937375,67.8318940635897,28.3417255276238,19.2753578453383,,,,,98.5374380824388,,48.8891466952717,148.636330494656,,,84.9879056964872,69.1624531005536,
DK04,108.57376023320602,,145.134057720985,63.545476206619696,122.3606583996,165.792855876404,179.669116019616,,9.34302645599522,60.9253570058735,,160.0,296.510766937375,236.370413078833,144.319660693528,296.510766937375,67.8318940635897,28.3417255276238,19.2753578453383,,,,,98.5374380824388,,48.889146695271705,148.636330494656,,,84.9879056964872,69.1624531005536,
DK05,108.573760233206,,145.134057720985,63.5454762066197,122.3606583996,165.792855876404,179.669116019616,,9.34302645599522,60.9253570058735,,160.0,296.510766937375,236.370413078833,144.319660693528,296.510766937375,67.8318940635897,28.3417255276238,19.2753578453383,,,,,98.5374380824388,,48.8891466952717,148.636330494656,,,84.9879056964872,69.1624531005536,
EE00,53.576823409813,,74.5524813358523,49.3538905169936,55.3191868882423,,113.774075135897,,13.3806983734355,161.116591606565,,6.0,161.116591606565,,86.1371438494831,21.4373343233301,38.6276606607289,10.6911298332537,6.0418721852462,,,,,26.6645136300832,,53.8290278998795,67.9624720445195,,,11.0879156922919,24.680621480793302,
EL30,47.7947884528547,59.3161583306049,56.9541375904745,46.3484980053402,49.1432404893922,118.975080441682,209.338957462079,206.927842128302,20.7432964737062,518.15750879347,448.3474099450219,286.158178290256,518.15750879347,279.538866415229,143.055330035294,205.078447223806,151.277475660274,60.8840679796357,45.2085044135544,98.0808912641685,30.7945650125866,26.3995478714505,19.0790228875719,15.9687562994918,81.9898496542111,18.3346328076827,102.134545289082,80.3635769410741,,64.2151711132046,1.32868445294422,
EL41,16.6795631536325,34.4362199992695,64.700789697081,23.5146124806818,47.6730629429323,15.8273583464413,191.674595253963,68.117745521214,6.10366713561251,391.808133845964,49.83561162682,178.206463729288,391.808133845964,138.059067505626,136.644102790729,155.035832883723,114.441011305395,58.86203152793141,34.158837020587,93.68874692272658,29.7396563786448,26.2935641706354,18.4507627454095,36.7138089119619,,28.703273576895,96.8292581970191,43.6082725553303,,24.190299605091603,3.66792539037836,
EL42,44.7741130873379,19.7785835926781,47.05170680005891,34.3081471719972,41.9207153198075,84.8020254088385,168.691103870698,53.6414889959739,10.0058545388235,381.171362441438,266.30969480677,171.181432836724,381.1713624414381,109.93041494340602,131.973904229222,152.175076749259,110.158129887854,63.5998941495292,34.3715276150236,101.612721735843,31.7830396239111,27.2790735616825,19.6574954461827,28.4578048508374,,12.9401121320779,102.964982482376,65.2282106084796,,56.1415786783329,1.15559990606944,
EL43,55.5950601262798,122.33640650647898,56.1293646610285,18.5962590817888,38.9846984369682,186.750327301422,155.996875177639,103.90909448118498,12.1263210323116,315.255157688331,297.702887083651,189.95640854069,315.255157688331,173.633941581329,133.066017731921,124.587752622588,92.5271148423631,56.191188198206,27.4167205579776,96.0065855797757,27.4790794100588,24.7757664601253,17.6246777973267,43.5392121872459,,25.6686406189687,93.8110051471324,64.1582995934258,,70.8222333677979,4.84168528527554,
EL51,46.4871163132667,40.5825137608587,54.8941091565782,52.2280054541254,44.6590286936226,109.834620270256,177.090262541076,183.551525385995,12.6580505705478,313.584387405588,314.83063457846,200.89707114950903,313.584387405588,,190.689363911333,123.947514668853,91.9941501736757,48.0902221900543,27.2830995114914,81.0102946118515,23.30284950686,21.2106827429944,15.0815917293106,28.313392060961405,42.5285844927006,20.7651962075268,109.259189997932,63.7472138465101,25.3918551594184,25.3291239468734,3.01819722029989,
EL52,23.7294367578652,15.6917352184961,27.537103756740603,37.84807690043619,38.3918059878859,113.681796070048,155.254309779741,69.7199518503851,13.122425033275398,247.39067561557803,158.336213597418,101.048613221154,247.390675615578,,135.376863795605,97.6917135721846,72.8981082213669,42.6475307450946,21.496816257620704,71.5297896830595,20.816620311498,18.9465349241658,13.3763880302479,21.4757180979383,33.3306993191355,25.7727755959008,70.8744426006832,73.6044964519705,28.0024031324877,12.176499971457,3.85524824096227,
EL53,32.2570813374463,22.4273895425286,51.3167751586157,56.531252996656,42.0895624935262,170.343186119215,171.741540503511,114.829723109046,15.8481190032616,295.463124404472,213.273581726554,136.093279733585,295.463124404472,,171.09216311457,116.771461910226,86.7226090209346,50.8506369985933,25.7019615714678,85.0828795019308,25.7829796307388,22.3799829432527,15.9477296285956,21.9118466617776,34.8076100686639,36.8241514943536,93.4769824706747,88.3757260077502,24.519201181784204,34.4333534648875,3.4601794029974595,
EL54,83.4495985411765,47.6036674250571,24.9687085224194,42.6357089360257,45.1141457492072,137.873905522608,183.967152722502,152.727902254367,12.6013746445838,470.31547982250703,309.422804886749,197.449710337678,470.31547982250703,,137.162220879405,185.85591592856497,138.112171779564,45.79438097197589,40.9059165534934,78.21168652475012,23.2071573039432,18.4966745270932,14.362270020233398,37.4307145438017,,11.741295365899,,77.1270813462379,47.3527418263183,,0.871250789090894,
EL61,34.258409790848,27.6470896744321,37.3627627978064,34.3135164117322,37.3338649312362,149.971453081934,151.646580947872,31.089203294811604,7.75131953336196,260.41347197838,223.482901579227,142.554816213057,260.41347197838,,121.030991766601,102.97664989657,76.1464316849073,47.9763696296889,22.6519030120844,80.2086212747005,23.8944285188143,21.3365196102154,15.0521155766819,29.2264689091689,60.488186071864206,15.83100427689,84.7659924086549,97.8271474490571,26.532125438510896,151.609881658461,2.04262807799239,
EL62,89.1418435322584,66.7401934517055,26.9740857513042,45.9765390242568,36.3097592023926,43.468055087802696,149.615428115211,,5.75509906841444,333.13703720948,310.929128768824,198.418723320159,333.13703720948,,80.0454966790143,131.645133560048,97.8479020138812,56.41037085066431,28.9771788664583,93.1656876402497,29.3827361365568,24.7726427916447,17.690722566341,,,108.284897535239,,,,,7.73325270367263,
EL63,87.6414298366175,27.4340371305381,31.4066196336021,22.5735911249999,24.3990109584528,134.455784409582,100.161615271164,125.051051956614,8.51355827504644,349.59966700508,304.007725815302,193.750319770908,349.59966700508,,135.092733780422,138.402889743597,101.37400057889,50.6153049239514,30.3977279271962,86.0078936375869,24.8422406872436,22.3179839455334,15.8955308024426,,,25.11893999127,,113.803197509712,35.5667011079718,113.085736938751,2.50148565742032,
EL64,43.6609444540595,37.8908048523235,34.9409252067589,53.9993495726159,36.8103559584909,213.965889232236,149.454005327777,133.11572308293,18.2902418220091,305.299662100117,242.722676374506,154.920425277515,305.299662100117,,165.105470236705,120.692643439584,89.5801977027126,47.1651450519304,26.5860859494272,78.17008209557,26.5109548157115,20.7349714105557,14.7853844556784,,,27.7653163956744,111.920121635299,74.2577007209501,40.4319657518445,18.6719892410447,3.46787749925627,
EL65,69.4462627051516,65.095069237105,55.1583689554871,44.63039496884411,46.2063440947664,167.146021245993,185.615400462535,85.3311193853107,18.303868516621,446.094096501074,239.690172138843,152.9486887104,446.094096501074,,157.68641681272,176.331359934625,130.841263877078,48.5649960013701,38.8146739762462,82.697962296684,23.8587199723994,21.4855077854271,15.2303128851296,24.5570768204276,,8.17663181159663,94.2349679611115,30.6025638812777,,28.407315562592505,0.653114958395666,
ES11,62.39094507247541,76.8973348846044,70.5165099348925,39.475678887753006,69.0240420706809,127.721671252558,104.414511455092,,11.8772015850822,176.025779537895,114.91445351016002,202.89237959517,339.583026560393,337.332115808573,85.4126466673632,191.493387859799,107.640433575448,36.5114010610255,12.734363496014698,72.824090444471,57.4249847231125,19.5809181581787,18.2690879683262,43.4888799388701,,31.000311429018,97.0398242979493,41.8054854542534,,17.244753061315,9.12320529227398,
ES12,28.9907450213781,80.5163071005499,57.067647541394095,75.3212948924034,72.1608985409289,66.7851961447981,107.843873568011,,4.23436095687262,307.217658889069,41.8351070957272,344.268796929255,580.821778303221,,102.018836079178,326.805926729356,194.030380130394,39.6257249941347,21.7808166863708,79.0058998652062,,21.6359629731533,,54.3559779673297,,79.5543805490771,104.584279251693,,,20.4264105997365,17.8622743171372,
ES13,76.9657635494056,97.0886146740086,20.8845481686734,16.2887775303524,71.7501906960839,216.405628329024,108.612405728208,,5.40426252277676,,41.7705819965585,348.455800164098,561.466063883854,86.733373977852,191.697100879246,316.609893671823,177.335462538404,38.6986109894859,21.0549773956445,77.4897514301426,,21.1266174872873,,70.4110977068181,,144.095466796595,58.6512641978613,39.8731382053331,,20.5123502673545,25.571565221728605,
ES21,181.82282550529,108.597759627571,107.432825067047,130.615794579514,71.0101511420494,60.53366581044731,110.088574950663,,12.5583104977333,351.704503556969,378.98186336536406,247.082800093573,420.746683843579,347.62207460506,197.529679664912,236.95037882072,134.737556210516,37.033166347397,15.7780006441342,73.4979130660166,57.0924666543669,19.942803053315103,22.7147502407243,71.0219056677682,135.865481852423,115.653420036997,139.839485768806,107.118057959194,,40.4630999230518,21.1865651479983,
ES22,141.171880094638,115.708555308805,83.8056553195437,104.350681050617,69.7416659145824,279.410972127967,108.386965212421,164.414809550219,13.4338610305113,319.697457462537,354.566957806001,247.69356982481497,361.737548916903,336.849542470249,130.133169892927,208.174333271961,112.29472796468902,38.1718104368575,13.5651580843839,,60.2338670921281,20.6469455477608,24.6465564317161,73.8154282428428,124.534126866044,100.262723533397,122.920152382541,77.9260618389202,22.4340168727159,37.434943628716,23.247752983554903,
ES23,143.146367523658,154.37464556097,79.6798002316199,116.828551312565,51.546962468452094,259.212782755433,92.1402574495733,,11.958576749665,249.580664272145,383.424284899012,254.02408333101096,416.1006101590981,353.127189587433,211.166443581481,234.807980295141,134.689780326437,41.7954833404893,15.6037728809662,,65.9924215667304,22.6192583587311,26.5989994639696,39.6331297001998,,87.9795527678756,136.16713200961,81.7858440176985,16.6750566671297,44.2378804665967,12.2666231033106,
ES24,63.9545361743277,45.7060180703855,49.4697903864547,43.3249820821211,63.600560647149095,250.96571537683,98.13296624540271,137.212494294523,11.310955183710902,320.095180747411,340.915360030507,220.53144674514903,360.481366337052,104.57990558118702,128.219477499341,203.40370543224495,110.762835454662,39.4596931523359,13.5180512376394,78.3634458436743,61.8446734517123,21.28970502985,25.1885334404308,34.5413514682418,96.3454568439984,69.2316755625881,99.820818943768,57.9544958451509,24.636227368979,128.453941646347,14.9174111761339,
ES30,76.9399863667054,490.305269247671,42.6999268307493,66.0573684680904,70.0558124939548,249.772734510724,106.872719554741,149.79180406939,7.11428968436489,312.931137041596,392.25631549220407,280.972798668251,489.62952131926,357.612108876265,149.43457506634,276.351222282123,152.481379968342,42.0292864896508,18.3611070494722,,66.414722577431,23.0146646342637,27.7761964560124,40.2007799150927,,110.35881455157,74.504557299562,55.1874975618924,18.4992508957669,,11.8519076145177,
ES41,32.593180153573,35.1158357761155,32.2007607961934,40.8537562511025,33.3797806987034,144.283708366596,52.6282535691997,,6.45418407780652,241.846972141451,159.837481914653,117.529525094602,276.308127148103,235.003502258362,150.21086735022,155.624295977799,85.6650927227304,33.6534813980427,10.3615547680539,68.1550076016136,54.2027381905101,18.4230516224817,21.8899238612518,28.1260994085521,55.6818422966125,63.78726832105531,72.3173374033303,36.315975193711,26.9583805655543,8.56240871790255,13.419255342758902,
ES42,58.7604319412969,83.4610890917559,35.0984578797779,38.3138098762727,53.4201351790508,225.566463736859,84.64536263814028,151.588408647995,7.57572708574228,283.68913350551,317.133455409449,232.833178244953,321.145271615463,307.028406049483,127.75068696484598,183.16776571126695,99.5456977648733,38.6946156028161,12.0429476855799,78.3764273488313,59.3836087232524,21.1783627409482,25.1067279151348,73.3794439689988,117.370354328938,152.445493220072,112.525026083144,32.751745559381,17.2503919687546,18.7401988944859,20.042933131805096,
ES43,70.9261476661317,72.5177324982762,17.2710520255179,64.7928673424018,59.6749844165281,238.98696742763096,94.2892182513797,199.13708505438203,7.56779589910164,379.949028461537,288.442926750792,293.290515778378,417.881948814381,299.377826745308,158.883354930504,234.89119458994696,129.612995458278,35.0852666954646,15.6705730805393,71.4025351986903,51.8806161445131,19.1979572756776,22.7680482201412,42.0442836094186,145.36326077661,114.951184378983,72.1991253079524,47.5666985269676,27.2862659716548,63.7257603314587,18.6646314980376,
ES51,97.79134317541192,145.309766311031,84.6511653193853,71.8098483491573,65.7026478851789,195.37199785502,101.906546833062,159.418173563158,10.086460685406,304.687085073083,330.889193835655,228.977530972374,336.129216832408,328.302009762387,106.566173231087,192.83182821537,104.445890159014,36.9314495406284,12.6048456312153,75.0025354734596,58.169497600365,20.0422122518786,23.6835890156552,56.5188427661813,,70.7437258725997,131.833634256813,70.799058500341,21.5610255879775,63.8323429644707,20.3993046498369,
ES52,56.5420109376828,63.93333640822971,31.8982559478005,40.6956489992321,65.9379005641744,253.16048382296896,101.562511872092,272.653449021558,6.05673456306307,419.938135702984,468.746985388837,319.862706874602,488.31777893176,324.656062283177,141.026931183813,281.703225840965,151.376516606414,37.7951577108934,18.311916709941,76.5567094015356,60.309341434280704,20.528601988963,24.3005060326367,219.587614356546,170.375963928657,406.046386815507,107.562727206595,25.6402039782488,,37.8033934512277,60.84769177907231,
ES53,52.5924831392464,81.1147517174095,53.2979984831744,50.9004388894876,71.4839228172261,109.367892984012,108.146294060074,56.0608024018877,8.15010022000505,399.492452584283,385.0566856668639,247.227186586298,537.138859749664,,164.218027911514,303.876348060221,165.713559199752,42.9825106466155,20.142707240612395,81.6271098098415,67.5466758685334,22.3520771855784,27.1553814918229,46.73174335585,,115.874464401666,112.630461538676,29.3074016811165,27.512711645328,129.249202618145,14.9580589708192,
ES61,49.0266732041815,56.3885309603212,27.7323026925014,54.3470354883696,49.9676823348562,215.41705511749,78.3759342374359,249.433333055966,8.48033394164235,358.476327385305,55.8998291138688,263.538740597478,392.050988079106,291.573092510388,118.114679288658,220.212770688216,121.438928071997,32.8628452864427,14.701912052966502,66.7472536184791,51.0515621230092,17.8780692811715,21.222458858064,39.3147344847249,159.749787775099,84.0357530562941,82.5083778032212,47.4997384783896,13.464249423067,61.43227519185509,14.6980673829573,
ES62,38.1593828373203,29.1539397901824,19.8185242305097,30.2801804992557,68.6027072106718,221.49526995492,107.547863059892,136.522823250902,6.36740910829926,293.873830879503,386.73284566835,263.512879557008,476.290289954902,,167.542005235729,270.487632861804,147.697080338745,40.5904145146016,17.8608858733088,82.0225659273364,64.6863568112557,22.0053683723439,26.3527251803643,525.129400127431,,559.455474326801,387.137923392444,41.2476166559283,,71.5365824512546,125.586919048637,
ES63,,,,,,,,,,,,,,,,,,,,,,,,,,,,,,,,
ES64,,,,,,,,,,,,,,,,,,,,,,,,,,,,,,,,
ES70,21.3156820402335,78.9921244974041,19.8624709845162,31.495223417414497,68.0314362772594,54.8318675001957,103.448327137412,,4.50676091453096,253.62681211562096,287.927525743756,241.003823203749,489.728671160198,343.918249612312,86.0056673172793,276.346667373308,155.247088416827,39.0956232070699,18.3648251685074,76.5126172989313,60.9056109534377,20.4706902398552,20.6548733170288,83.4503548005373,136.372849482369,119.23091588359,,,,,23.054588992971603,
FI19,79.6376311807525,,70.7396967496258,76.2672094548557,79.3788499321104,,259.056153272295,,46.1234725191186,109.333809750633,17.1238455640898,456.635881709061,428.062731320721,151.583403073505,117.216581394422,428.06273132072096,78.9633420750514,17.8270316334381,17.3286764928724,,,,,46.4016134596637,,,62.2715874759767,,,26.6340589889698,63.025509782430206,
FI1B,84.8131031649615,,87.1616797531719,77.7617599977865,84.8775268325455,,277.134257694733,,44.3858006796243,112.70279556472398,17.1811647073658,458.16439219642,443.161972703787,109.184829294345,94.0980235401429,443.161972703787,81.8771782481186,14.9094758019635,17.9059003104526,,,,,57.5978751164008,,,85.1759608832338,,,20.1068799012705,65.2711318303115,
FI1C,84.8131031649615,,87.16167975317191,77.7617599977865,84.8775268325455,,277.134257694733,,44.385800679624296,112.702795564724,17.1811647073658,458.16439219642,443.161972703787,109.184829294345,94.0980235401429,443.1619727037869,81.8771782481186,14.9094758019635,17.9059003104526,,,,,57.5978751164008,,,85.17596088323378,,,20.1068799012705,65.2711318303115,
FI1D,86.73293035012539,,70.24083103872883,79.63612297400344,88.2650260669076,,294.13559054525695,,22.550524137222304,123.568239292691,16.066324601646205,441.9911367656062,416.4708334911046,135.6977449957967,115.0548642604898,415.8382497897249,76.93645494180134,17.171544641012208,16.77828617401907,,,,,81.13415607918536,,,67.62512447780288,,,16.471483704216052,92.51117237724736,
FI20,135.046968352734,,117.385435998937,110.367179133221,99.1235335448413,,329.117689575986,,29.3586793343259,127.556000036879,19.1437723627397,510.500596339725,,186.951238178552,178.373034069116,505.126076784752,94.9312750118457,19.1301353697709,20.0055364969214,,,,,97.3116318278519,,,121.905417214435,,,19.1437723627397,123.308957419775,
FR10,197.162836461506,165.130175800788,161.020909302379,144.628431888393,132.655123214869,206.220599602539,196.344033755033,,47.1280197301467,289.564257952238,205.499620370872,414.90145843737895,345.390953486444,256.849319242859,200.480125711152,311.854071440286,79.4562937798703,58.9979662249252,24.596053664626,,,26.3913245868185,15.3209920471028,135.512662937345,,126.903550536029,174.451491258974,96.6299658331157,27.4506037969752,96.3252874963369,22.9772671707265,
FRB0,132.922945690484,151.131990103104,110.152927597061,106.764059327945,110.202284305649,153.451917534403,164.020018867299,,33.0908897217979,327.777269826793,92.8189498307132,400.860316789263,378.471166645808,210.495101164085,160.492628494769,343.238634091498,86.9637885637114,46.863158747522,27.0991314864288,38.7103307113399,16.6480981461987,20.8986334118884,,58.2365897690305,107.6206717373,55.9000454204799,124.043353814029,63.7628572716023,24.6961340267484,101.346879523274,17.5608132197589,
FRC1,112.199434719904,95.6829820583869,91.523131075535,87.5575843339761,106.174179470412,125.952659128801,157.707026690219,,21.9654617801116,284.181961362321,79.303567238606,403.214170849348,340.612672060199,187.539783187247,123.230393301168,309.231328830971,78.2704428048095,45.7063884801215,24.4140012834235,,16.1909231608096,20.3541942551036,,56.638482434086505,129.112945458653,39.6463090928889,108.77250980211,62.3497616503203,23.8095605611315,98.7886902633596,16.3854344083455,
FRC2,157.294553927922,142.430627152196,128.885611878447,97.5930016251114,131.262360248326,139.460326995867,194.79946276101404,,35.4856928144654,282.264741134772,107.63083186354,408.989060966391,337.269640418423,277.506152954495,107.964149614581,305.412113501138,77.504105735334,54.0147879168242,24.1668748446716,,,23.4673045632563,,70.4456933616742,128.947422184356,39.9062182492483,158.314275677273,69.8711227573916,24.317082473273,106.806043918396,15.721051542496198,
FRD1,100.173532366198,74.7225687261284,100.656966603597,78.0210417990662,110.171844311053,111.77366398717,164.202383976554,,47.5905012840327,287.239454879409,264.06792567835,402.985823136133,334.443914503088,209.98398343047697,108.061014281612,300.872049231378,77.0278167302184,49.2774487341568,23.7066406043106,,,,,60.14867346161919,,27.8003510550969,121.673026155555,65.7708892432908,25.481225225349096,96.0545787020682,15.6859881898874,
FRD2,179.245858066821,153.72500837191,119.174133345997,126.76715974429,123.034887517146,174.741695783092,183.710185516599,,40.5181546224307,287.773584152947,87.22894148037669,405.5215802865741,339.764694819312,254.962721882127,168.95708393509096,306.786041761235,78.1576082450763,51.2421107859348,24.1974527987534,,,,,93.5131422713037,,68.5266673181456,140.093043563797,65.3857670875409,22.932167353914,96.2855856986636,18.9795159130099,
FRE1,158.545575234586,119.457845626432,135.891580384246,120.535293099103,117.427678281329,170.350979353212,173.8809655278,,35.9608123332039,284.526460121676,90.464447358877,405.153588776473,340.045125747301,211.371078347966,161.295173297045,307.306325053228,78.215439754492,46.9114949978334,24.2422628072502,,,20.9771660190644,,102.781396278541,64.535146807395,59.4037970044202,144.57529708410397,52.7105959212537,29.0980114722588,84.7047092208429,22.0729919259222,
FRE2,158.292659850395,129.537064382983,138.443199627481,119.249782317208,111.471249673175,170.217484394385,165.84995844751,,44.7050690483444,308.459915374613,93.628615541056,404.438802660238,345.800450945363,198.652753741442,159.663936998296,312.644286815227,79.5095174709174,45.161371945661095,24.6689236247024,,,19.668197133518,,98.1079702538603,87.384169007048,74.7906857294169,139.339410429411,55.2808288349796,28.0602247554561,96.6857225603434,22.0187498773603,
FRF1,197.29994166228,129.186766478081,125.740348030136,148.337693346039,133.628840321784,281.887631909408,197.87919113611,,37.7598250951435,291.926224597961,187.540274423761,411.924532511484,340.535359190708,277.892816797135,190.739180628527,308.294080040893,78.2595601656005,54.5266603605616,24.3936336544527,,19.3711200932968,24.3541491541883,,103.741102019764,136.664461636648,93.0086444756037,157.140267731136,66.0749432191775,41.7196238535154,107.261127610139,20.0397334328703,
FRF2,153.67046985078,124.552178312676,83.7138338105305,113.932580493577,113.42875650072,162.971862327937,168.939342017311,,30.4074096302598,347.236852741788,62.2272598683005,403.890276649671,347.236852741788,211.297478221816,157.576135739249,315.810298978628,79.7189272618235,44.4369989354155,24.9515695633407,,15.7358870226842,19.8122971666747,,67.6981387286912,103.371964056389,60.4007007372999,134.639518045708,65.7693682308493,24.7454289557038,96.7542504265123,17.8823656383117,
FRF3,120.103677763493,91.5559155299378,100.44979923984,89.5952145126292,123.630394740987,128.082131218971,183.931880385351,,36.0284294291753,276.325417809974,108.667860661738,405.708328068745,335.598824719319,222.617324627037,140.383901658298,303.963494165441,77.117746699211,52.833433368725,24.0530590185656,,,23.6678026643683,,68.9203122676121,73.2341005586494,37.1777060138878,113.294507399916,71.6208039234837,19.944766387769096,98.7102805550862,15.3901244577113,
FRG0,75.5470770033022,74.2555508877532,92.832696099564,65.9647026789791,97.8986933631004,81.9410043199761,146.288373785219,,27.824891933687105,267.912984356439,84.9664106687267,380.127357611228,304.003872250437,176.844437301116,95.5412856712786,273.058061426568,70.0086279386901,40.6516543606742,21.5162633782711,,14.4220810873748,18.2084434725577,,47.7358965150113,126.144535032208,25.5723263399646,82.7430559904481,52.2458734320525,23.0821399924528,95.6991496186209,12.837165813907,
FRH0,81.2289868897101,59.9290708569854,56.8823435251864,64.363651049037,67.3726726306806,75.4317860913952,100.726386655966,,36.1087464421867,137.793008217364,124.967182323176,159.950014485785,159.806473626492,158.979829814295,80.7388206632671,143.775430821041,36.7845834750208,39.7845167767357,11.3336517899272,,,,,47.4799378228672,50.733527218790606,25.2846288136005,85.8290126933574,46.4322487537375,23.4955847165679,39.3522408152366,9.365422479348702,
FRI1,118.355819742734,116.394016107413,98.1766182212969,106.867889768081,117.433465991172,163.629452124428,172.182596290983,,27.1808805982067,307.026457108989,88.3926716125224,405.95541513999,354.059618867556,234.58501062595897,135.683299168117,321.769180323783,81.2927994101208,47.145903869953,25.4181994287372,,16.2919023453592,21.0133354089841,46.6958110896415,50.1535264180874,124.779492393091,44.0202895093279,105.33380353383,61.78268342813911,29.1622677314454,96.2336228298594,17.8676023744546,
FRI2,100.337702163787,111.170988378141,64.7150889879212,84.9306486528468,96.0966189457721,134.446525146198,142.967900545592,,19.0020666952217,193.634011383753,53.9846376036197,159.990000435731,235.887366227985,,92.2991263286003,213.140106199986,54.2608941646403,56.8608897043421,16.8107574395971,,,25.4185883143704,,61.7575205095841,37.2620920794539,46.9864151944202,120.500145442827,62.5081225594009,20.8385315883316,77.4511674719807,5.71937338392527,
FRI3,128.194636193665,120.201579898325,97.9676977685852,99.1282448972749,110.67677938231698,142.456681429448,165.884824666114,,33.7075314110793,294.423585460034,68.2724748665679,402.728547549685,354.700593729485,223.96972301582,88.2891218949856,318.509691686555,81.6719392303883,44.9839973871886,25.1000113808542,,16.0658442754648,20.1494643568328,,56.5571238255141,121.457115894397,52.2897548367073,112.542224689429,56.1362574439977,23.7760214045821,100.775660303271,17.2941285532115,
FRJ1,132.90285008005,122.510375966944,88.5809598956122,104.535278913403,133.664995888413,132.277846535416,194.753788868097,180.327086031144,31.9115503367926,305.933211907762,157.594959490806,441.83377790297,366.909906060022,290.258460855647,102.910085840231,328.611958807079,84.563568770942,63.1803308385233,25.9834645777296,51.0794731310824,22.9053556334017,28.1994190517979,16.422652609118295,35.9386515069645,,39.9837227391165,118.471109737557,69.279951723597,24.5209904752077,108.54607557058598,8.0367202640205,
FRJ2,76.5062470477351,77.7894458370928,80.3805247175924,71.1307648865787,104.055636019013,111.391566796289,154.631406844425,,27.1208154074826,306.329865716156,47.6822325187768,398.911262473863,346.575126519242,218.301201305423,103.351076637932,311.839208302568,79.8290537867635,46.7157037938944,24.5674906541269,,16.8869354256726,20.9273709972037,12.1355177641059,41.7408437766085,112.378317128326,33.563489154553,101.153222888901,51.465291152195,22.7830171020954,100.636361935661,14.2037094278546,
FRK1,97.4425816100538,97.919110649747,73.856481720993,82.5836296312681,86.5778805584905,104.15718985466,127.129921148251,,4.23698202429173,211.145127372057,34.5751810449542,159.992489591403,246.531009698332,193.514978862964,103.890567118876,223.76573029474,56.68969559629401,54.1855845671825,17.6533155378468,25.5514837435359,19.3249504377472,22.6498491991516,,54.7706882069845,59.222745910382905,43.3955014046103,111.421017311394,75.9775204415926,22.6591821353322,41.0723888988998,5.89801787735809,
FRK2,128.596193708555,121.69046970726102,98.17927899317648,85.9278551365223,115.76110717162,123.409575649496,170.142039527544,157.55218060280302,36.4461658971846,303.097328237707,71.3215352978847,405.195237808316,343.332945425603,245.180642254199,98.2268147447992,312.194727073287,78.9087180411911,49.8799408305397,24.6405434066299,33.1549120473473,17.717809471232,22.2707648740521,12.9554119000897,48.4717277532064,146.51697373119,32.4158127311479,133.95326890989,64.7596352262482,28.9263899829457,100.605877159313,15.0992537406348,
FRL0,103.218949253329,122.211106367395,80.0024864454266,96.1994629257306,133.464678915207,194.744200808344,197.013933591252,208.988995085055,27.8815193677863,311.876474342393,77.2193105212237,507.693258549856,375.860664837256,293.066465096619,151.015280957588,339.928691095469,86.3946249034612,67.1891293973347,26.9393874512687,54.7866382635722,23.7706042114222,29.7908436887875,17.417425641146,35.4831907026706,,39.4646451937053,97.3126201608859,72.6249287714766,25.78028122505,128.308684274783,7.495306962457869,
FRM0,89.8950227415003,89.7094430406419,41.8438942930656,71.8368260276702,154.174755773161,293.342082290508,208.269679295012,,21.4077915646255,417.119076320822,109.524139220343,524.648821710451,503.8700120418421,,114.44398016651802,461.374950645086,115.40385634512698,71.1552852875848,36.6589843343624,59.0059871250419,25.3885731986778,31.312125581890903,18.3907498354197,27.810425331201,,31.1233821593326,110.062068550148,60.53235120588099,9.72157904719073,524.648821710451,4.99380491229288,
HR03,97.5198859955202,117.16733978173,75.2061808393415,69.198940019464,73.1291206370535,100.440771044924,156.643713806434,,26.0094355891023,120.921753928212,10.5241009528788,160.0,252.30395114481104,186.87948565725097,69.53591841640952,11.5542565056064,63.24120281808909,25.7914178446922,9.46139816793042,55.7718844005688,16.5871460850394,18.8052190168945,14.8878068038611,30.6295103221333,37.3106301373012,95.7130519617407,119.228876884492,88.1410084912489,24.1987883435232,32.0241310044012,73.8569358110144,
HR04,97.5198859955202,117.16733978173002,75.2061808393415,69.198940019464,73.1291206370535,100.440771044924,156.643713806434,,26.0094355891023,120.921753928212,10.5241009528788,160.0,252.303951144811,186.879485657251,69.5359184164095,11.554256505606402,63.2412028180891,25.7914178446922,9.46139816793042,55.7718844005688,16.5871460850394,18.8052190168945,14.8878068038611,30.6295103221333,37.3106301373012,95.7130519617407,119.228876884492,88.1410084912489,24.1987883435232,32.0241310044012,73.8569358110144,
HR05,,,,,,,,,,,,,,,,,,,,,,,,,,,,,,,,
HR06,,,,,,,,,,,,,,,,,,,,,,,,,,,,,,,,
HU11,101.45309923702,118.786323161845,70.4587123702652,62.8356682040036,69.4860430063693,115.203626703931,126.489226594135,43.028935170214,26.6949172094638,6.05551372837158,15.0371899602716,36.7829439790141,161.480366089909,141.270594242242,70.9792143242026,88.604982621856,23.1058518640514,20.6515628700109,6.05551372837158,,11.5607937197786,17.3783714840127,,19.2698810398865,34.7432077886738,99.5394457555647,105.784833267934,55.0779845573069,38.3388311751474,19.3392889123576,25.2288356308785,
HU12,101.45309923702,118.786323161845,70.4587123702652,62.8356682040036,69.4860430063693,115.203626703931,126.48922659413502,43.028935170214,26.6949172094638,6.05551372837158,15.0371899602716,36.7829439790141,161.480366089909,141.270594242242,70.9792143242026,88.604982621856,23.1058518640514,20.6515628700109,6.05551372837158,,11.5607937197786,17.3783714840127,,19.269881039886496,34.7432077886738,99.5394457555647,105.784833267934,55.07798455730689,38.3388311751474,19.3392889123576,25.228835630878503,
HU21,135.267078645126,135.322252563842,94.7943029357373,73.6525835498267,68.1685977074414,146.128207825461,125.039500346547,,34.6905699751735,6.109099139093009,10.1725526615324,36.7863310109602,162.909310375814,140.664053106808,89.89124283831619,89.2356783731157,23.1938556681363,20.9061764818822,6.10909913909301,,11.4515886811377,17.1863221036949,,23.0420858468159,31.8634435294832,120.092628717197,119.660812438169,63.8341012693318,38.9287430265898,20.5835477090933,28.4642074759618,
HU22,128.616533306641,118.52037879134,89.0731040821387,68.2029914036368,67.9712885310868,135.233681578681,123.076165023193,,27.2880908130539,6.08309946283652,9.02803181269279,36.754010371522,162.215985675641,122.752331498688,77.3958973507765,88.8538819080645,23.0885384511724,20.9491161826414,6.08309946283652,,11.4575589910602,17.1412448842936,,24.399927663341,,114.090184378402,112.300861982627,60.9211965393476,42.2179713717647,20.6736540093942,27.7073665924773,
HU23,156.577157753877,145.879274050028,94.0913013684493,88.4586347255864,71.6009979403442,168.41540591187,128.248308156575,,31.337417713277,6.12320616234599,11.3355015105254,36.7996588597356,163.28549766256,138.227159630472,72.5893507404836,89.3628039714312,23.1825776338226,21.6239228834778,6.12320616234599,,11.7021250850829,17.549658846002,,29.1367020786009,29.2165204286775,142.611215231588,132.979527049985,73.5286865177194,57.1651494480096,20.937284197484605,34.2719128964059,
HU31,120.44993492688,104.144023625811,70.6523483552732,69.2602703729317,70.4381371957386,131.760657836983,128.458562532902,,32.0045725565023,6.07582530798853,12.4478818833998,36.7702116056268,162.022008213027,125.285384802131,63.8663288938226,88.7766147113119,23.0898600221286,21.0127041251794,6.07582530798853,,11.5590478180784,17.3495276882526,,17.3750954490126,19.7546711930349,94.6752472222028,105.8558089658,58.6940361521169,44.2023958172595,20.5344353753299,23.0486906381552,
HU32,65.2952617469418,66.1665168054342,53.3137423918836,60.4023594752497,51.1108583984277,108.593416559148,91.8703247334219,58.6351849686558,27.0562269571071,5.99606940793683,16.160915964584,36.6948372170022,159.895184211649,121.149457177119,62.58597896850711,87.6608989508979,22.8254801376576,19.3654856982352,5.99606940793683,,10.7320312484593,15.908008106698604,,19.7421418518018,33.0374611825082,96.2634780379249,63.3960622626453,51.58153378233829,42.8943462079606,20.6066449547091,23.9622482885406,
HU33,109.288600071732,121.14423824510098,61.84163077130511,65.1610423427829,67.6401838230262,129.122231228014,121.796107086759,41.2180854906954,29.4371771653492,6.05923887362287,17.126103537419,36.7479310287961,161.57970329661,120.458347217016,74.8082399697759,88.5759406975201,23.0603069255991,19.7883330611012,6.05923887362287,,10.9552547793161,16.4321612940257,,23.1758451285073,25.7494816579578,110.437612472184,103.650405494565,56.47965845358011,46.92532196137531,20.6268324848838,25.3629102661861,
IE04,188.243598138432,,69.2105953624991,116.439998547892,152.02331812067,,141.939707453218,,0.280004673623364,210.10627758062,144.920081113642,171.537933652714,210.10627758062,,131.050010065345,210.10627758062,79.7110601071148,46.8786994906182,149.33761822924,,,,,75.0915497755613,,83.1697937291461,115.512039432307,,,22.0441033523955,28.9787763001882,
IE05,173.558225209696,,63.2102265035233,105.189840720238,137.182410549695,,129.691099800153,,0.278147165036352,233.812875008256,137.516735489374,159.912185747827,233.812875008256,,123.640237342831,233.812875008256,88.6638292120795,44.8256484688348,166.118368104675,,,,,90.27258683618648,,62.4163514641436,112.93955572902,,,20.2320915010255,14.4599363152826,
IE06,179.96918301518463,,68.7303266528477,110.91858246612792,145.01022181689743,,140.96109692017498,,0.2789335213321603,222.37185406216412,139.75802146947586,170.6081696812291,220.32670227858296,,128.26367788452006,212.00282130193855,80.42750461592647,46.714328087615065,150.6813732529115,,,,,79.70369193324623,,69.55226161618778,113.94860875029404,,,21.077545838449943,22.065758260495084,
ITC1,64.7236941249772,78.6472960105564,101.296265433785,80.8003955448792,62.26247961635271,154.825883807219,136.218183356007,123.257568595668,15.712002375395102,32.2949952557101,233.400621668198,233.400621668198,315.758419513979,140.029309298302,111.08995900709098,128.436697030532,69.3005500970038,52.71165838295061,26.9715360504111,47.8424515396637,49.4771574983425,34.7766881171912,12.5893392911658,22.2399789917676,82.1398409585463,54.7002255974849,105.316454016117,88.8568228585964,37.5518741946054,147.042942496781,4.99505269103725,
ITC2,41.7351874112816,447.043573157828,73.1361259501944,204.326089542976,,166.364545953388,173.469546496945,,2.97444570562258,,410.171443776113,410.171443776113,552.88995323433,,84.26160944748,226.736350556588,120.42605012777,76.39084180192609,55.19745632269581,,74.0841422734919,48.9226369161808,18.9708057945137,35.0173446350417,,122.401452544561,,,,,4.48007446590415,
ITC3,69.8898476911026,102.913422815485,91.9337356092871,42.8982198760321,66.0100927045664,106.763004098506,145.493927790579,,63.9028667090061,50.5585437372098,316.745165081061,316.745165081061,496.0939360527269,,44.4275307577073,203.180286633134,108.439804443404,73.2833115723884,42.8573162368437,66.5413053685928,67.6974797199694,47.4681505401544,17.4069361883554,29.5133605738158,,105.01694521081,,99.4322197920371,,316.745165081061,4.02175773636186,
ITC4,88.0146648222796,94.7029450777029,67.437512692469,65.4313350162903,57.8762137732828,138.594890807599,126.428645531721,88.7999629850445,16.8276947692393,27.2476762872436,183.528653292306,183.528653292306,296.718766647541,127.518509041543,69.3452745810627,120.849755084863,65.0549693588315,42.5537730821736,25.72979390730089,39.0354617579947,39.7467106574544,27.966096328147504,10.1969269608549,19.8435898674564,64.8555066507437,39.6695490852165,173.086505155398,72.7633983056977,35.8045449152489,113.903945618593,4.69560540321318,
ITF1,110.247392437069,110.850873155282,101.232908234516,77.1895663458848,73.5165318718963,234.20068022072297,164.213048427766,155.925357720289,25.355354700341294,50.443812553097,307.234239702071,307.234239702071,439.888245015838,,152.325480516496,179.335181208439,96.39802922429529,73.5025920468932,38.0432236047912,67.0539421035521,71.2801487935892,47.9305203649532,17.5747964055256,23.6638255394034,,63.2502051900471,,82.2884193492737,26.7824589468383,191.532435641653,3.1372579486542,
ITF2,90.470114422712,96.95196926771212,104.325392195051,86.6560859347243,75.8782501694797,126.544664456625,165.369412204278,,21.1718448922751,40.2134951171371,336.82133323598293,336.821333235983,403.564963936838,,60.57761421111181,164.404941632064,88.4324120334363,75.5171545151355,35.7249100187341,69.4923398753229,73.9078982879032,49.6185177968849,18.2138960477878,42.0262523186671,,95.0228832514395,,74.3754126555795,9.06636273559451,209.272793996912,4.84517835614206,
ITF3,58.0998244277832,60.4924079126004,65.6168714394315,60.5755969932111,62.1769353311105,112.517463309402,135.719499438949,136.013583226963,13.0945871853817,32.2474972045236,271.05839584277,271.05839584277,294.339344709674,183.32065669341,109.005788468239,119.926552836386,64.4920054373943,65.9605616240139,26.0687761040658,62.19858932157581,62.2350196971494,43.3507495632303,15.9082876505501,51.1257653146227,127.96100568011802,95.561374674782,24.4899767752323,72.4974411101747,23.7982090268052,271.05839584277,5.34275374243677,
ITF4,50.7285043598344,69.3581123572424,83.83556439396618,61.0399899952718,61.294681878309895,167.839095055098,134.880774055188,150.857356243867,18.8981378707936,41.6705130835413,299.329101793668,299.329101793668,422.747292853779,168.612790639053,88.1674291120222,172.223698499768,92.7262333145235,63.35363108281,35.6616585975051,56.4358681925078,58.3301624628454,40.993409809468,15.0359577856334,25.606116517326,108.560065796818,93.1639110452251,67.4953956772364,72.57026594152569,31.5118167922064,186.014275432265,5.23836439318744,
ITF5,60.68683808849331,75.300928427003,63.9547220604993,63.747536869837305,70.5321689150727,131.653360048941,153.318115189223,,15.3501276760951,48.3136210152763,302.990068655723,302.99006865572306,473.372017181508,176.956247883242,82.7095232169174,192.549107638949,103.761340964356,75.37447331063,43.0433050600651,68.9689907332264,71.8997409951028,50.0111162630402,18.3735665280716,,107.932011527199,330.930589631651,50.4335151088247,52.1471007504878,31.4509400879253,190.751190996065,9.34457008021479,
ITF6,70.3964913076471,77.102334895264,84.4205633290512,57.4156422808952,70.9414793624069,137.179301787775,156.628214866932,141.055879508796,20.6854225662292,54.20437159117089,352.521767437124,352.521767437124,530.223577765149,203.349920092195,105.281211428571,216.663793590453,116.109748030775,73.9705638240934,44.6526518354877,65.6127483038826,64.1136988485353,47.6385725368149,17.4736641488575,39.4530226238792,126.551058242188,94.2076647698266,114.409260580783,117.232642570972,27.7216975388049,222.932532595349,4.9702789743078,
ITG1,42.9922379020639,51.0364718362922,39.843269798653,50.334982247454,57.3936898812429,121.806362338979,125.25861092149398,112.945783550487,15.676243509292,35.0205336658536,307.840224800008,307.840224800008,336.927159202196,181.121207042573,70.943470695383,137.175379860206,73.8654531950257,55.9748614988681,29.6119098478928,50.621641036667405,52.3249006813092,36.7372481185967,13.4792229489941,29.118590844829097,110.70321358289502,130.084066719164,118.701207907144,90.1947325599015,31.5677460519106,187.479049243649,5.23279372487593,
ITG2,83.1589468292226,71.9046826895115,67.3489325132953,46.142135305724,49.1772217623725,146.065713326507,107.329181685363,172.21481477021,8.06750205466598,30.894712115772297,313.813229008768,313.813229008768,329.93175715423,176.38340753941,144.849211306682,134.378756550151,72.3333703766268,71.3092760442435,28.666950619476,64.6209089286977,62.80447185925959,46.6185472156593,17.0984822179628,27.6283043183876,,55.2289166404331,13.5831418790525,89.3851364462167,21.5391539416452,193.111824461131,2.46886728955488,
ITH1,106.85038250136,107.967471318817,67.4058527259613,130.766747677025,76.419278726108,64.7072132824163,165.965743125473,,19.1407584828356,56.870063366759,460.538036343533,460.538036343533,559.987968658825,76.178042188589,69.6529868798465,229.287551903188,122.202369124047,73.916217244237,52.99690380592379,,70.9196773716516,49.3019664548349,18.0936557276625,45.1415788112897,,188.745456191461,,103.484839355811,31.5285914175936,460.538036343533,7.41303703612076,
ITH2,106.85038250136,107.967471318817,67.4058527259613,130.766747677025,76.41927872610802,64.7072132824163,165.965743125473,,19.1407584828356,56.870063366759005,460.538036343533,460.538036343533,559.987968658825,76.178042188589,69.6529868798465,229.287551903188,122.202369124047,73.916217244237,52.9969038059238,,70.9196773716516,49.3019664548349,18.0936557276625,45.1415788112897,,188.745456191461,,103.484839355811,31.5285914175936,460.538036343533,7.413037036120759,
ITH3,84.5663952897622,85.6671236240446,74.2660664245196,80.2998422449547,42.2980729019261,103.780646209773,93.0511578446866,68.6855096060241,21.259627775755,16.7615948329314,163.863397763225,163.863397763225,159.903562236044,164.678348741657,144.692111551406,65.0341919336217,35.098082947021,45.280867538693606,13.634772201797198,,42.1963522397681,29.6107955571325,10.8099064823088,31.7532824618077,64.6227124857174,81.8118587688534,109.440040984331,87.491486670568,22.1274283350176,99.9195908706477,6.03747657499918,
ITH4,128.95312224722,146.147841910965,92.2749692929523,113.376295519191,64.8926107378931,209.290920033985,142.281688033055,170.41172175125396,33.4617079513509,40.9907004011811,409.774178737841,409.774178737841,401.536333052857,168.995563063096,177.473610672359,163.349499138851,88.0835581380276,68.2450019079276,34.9963317561482,,64.0440224589792,44.6947697776984,16.4060031530823,30.4111518291089,137.606585336028,103.387882716004,178.330696588878,207.146855609716,39.8627182081544,253.126942111539,5.09835884593392,
ITH5,63.2109190017248,67.2246511736258,63.04510093546651,67.1150081059449,37.5551743137862,139.950206429763,82.6828870179733,66.0074273822729,14.9416187331422,16.1232687556529,161.652946313716,161.652946313716,158.380416763117,119.330285539387,110.425161431715,64.5519657335617,34.7403966849081,44.0153050666074,13.1877718798633,,41.1529404673991,28.3576533507391,10.3935091803249,22.1903767670665,78.7033370594646,58.912626489134006,107.29600901658502,76.9266647198804,31.91828709724,99.5264964723571,4.74612195415827,
ITI1,75.6923334913833,79.8241978592353,66.6638963900442,70.0524694048581,73.2855169558922,224.51983773391,160.645234166943,133.77231607969,22.1176991328441,41.7018524363248,316.825692922768,316.825692922768,406.093216459773,,89.1960012736146,165.391241902796,89.0584361445734,67.5152266872664,34.797175083455,61.6986803673152,60.0933164896535,43.9863459692706,16.1148460225341,21.0595381468184,59.98285010114381,102.187127854043,86.9125300388619,76.2364208346411,24.640193473450697,192.957285885241,3.88689966313986,
ITI2,119.637839089018,123.152390062405,115.598163760678,90.3929695003925,73.1201042584065,253.407270743596,163.78042493426,160.23323193819,16.8952502001295,41.1530844389384,318.697374024392,318.697374024392,406.0603515188,,84.9430733601285,165.858009946361,88.9516408885603,72.2550435739043,33.9992299314962,65.2000575786903,66.5123692846107,46.4894482774618,17.0442248608771,21.8712781268139,101.903721733707,117.528386924487,105.017071346095,82.158726398382,14.0299118914514,196.813114649765,3.91546859708568,
ITI3,121.059249746571,121.535759265843,101.443549023296,95.3669665551165,71.8013922814857,236.682548872107,162.241869165929,155.157173726282,28.0504930741295,42.9432074606045,308.393678497208,308.393678497208,419.862453529815,,72.3093019324533,170.813616524784,92.1384966106529,70.175402689565,35.8749297118012,64.0384201647777,65.5786137867986,45.6063758054861,16.7579752460378,21.3199942442468,106.654743359917,115.577913437997,85.2451691006752,87.1561309990729,32.8373130966322,188.178272888607,3.88357443320553,
ITI4,86.9412383068543,71.810888009616,76.8184095918361,55.5391299443273,68.4388838215197,166.275778496876,152.065181148101,146.30644209859,16.4208081170909,36.7674535264248,291.0178442106,291.0178442106,433.673142157138,183.522264918079,82.1296370410147,177.019657303016,94.9572481649735,67.7253950376919,37.7732896930222,62.09718661970871,58.6796214169867,44.1881130153244,16.205214541837,24.8110479956204,84.6766711767965,88.5466406519384,71.7963631454539,69.5126291362013,12.431303531805,177.123822583053,4.63010277226036,
LT01,77.9715342141913,,62.2829104482936,66.0314254827233,49.8309714432171,96.6893638519171,124.751209736976,,17.3485282903299,17.3444419698744,,35.5939787636289,,108.400515892392,75.5298537820601,21.0618790498881,27.4159651820727,13.2445490902949,6.62653658347026,,,,,39.2593915210918,,68.9302021863692,76.2870294581777,,30.7505504179238,24.8059899341326,21.2820595050023,
LT02,77.9715342141913,,62.2829104482936,66.0314254827233,49.8309714432171,96.6893638519171,124.751209736976,,17.3485282903299,17.3444419698744,,35.5939787636289,,108.400515892392,75.5298537820601,21.0618790498881,27.415965182072696,13.2445490902949,6.62653658347026,,,,,39.2593915210918,,68.9302021863692,76.2870294581777,,30.7505504179238,24.8059899341326,21.2820595050023,
LU00,140.07190684121,,146.960625326994,126.10504788689498,160.123780909862,185.387676451033,144.79158827340297,,14.617395654793402,359.465057864978,179.864213803622,452.15341234626,472.3545191364421,364.682110176509,157.490097389437,472.354519136442,113.197456118326,20.2959193214622,113.366787875261,,36.777311567594,49.3792524212982,,108.145147514224,,26.7138556637431,170.65724575492402,,,118.997133915055,62.6109915179296,
LV00,59.2799453861206,,93.7525141152683,54.734096961003,54.91723710126189,,69.9032481859609,,22.162278770484,93.010435047515,160.0,,159.490427605397,,109.081821934968,119.56960715528,35.2703186460854,10.7359278502312,5.9808910352024,,,,,27.3367555641389,,33.2653938176344,57.433839470243406,,,15.7502538063752,22.8535628668437,
MT00,,,,194.787021938804,,,268.242003635722,,10.4066737545785,13.4551693582826,,,,,60.5762315574875,249.49273151608105,118.615439549123,195.814874972147,21.8376693194281,108.974726985693,80.3156546480947,21.3136871404714,,,,,,,,,33.926211571082,
NL11,144.026101881519,,50.8587713182239,79.1518859795877,116.551602020983,213.903958503342,72.8581382331243,,15.4691399867305,244.887860998222,121.058723802058,272.847212277319,244.887860998222,186.275208361339,118.688726420835,244.887860998222,100.996709081325,60.6405895439298,62.1895682574772,,,,,146.930373576293,,37.4780257687738,140.358457306702,,,149.981527302549,18.2788057558436,
NL12,154.379657424283,,45.9595993551604,111.351826490778,111.233347789139,184.334783290683,72.291300296715,,5.21515860080724,266.46920939733,,271.078542240438,266.46920939733,204.222464647875,107.532512927705,266.46920939733,109.724973883034,60.55110701626641,67.7108938066047,,,,,110.137585013127,,34.3063982970681,116.268622095041,,,205.153587496901,15.571553301350002,
NL13,130.065430955471,,59.24207619375059,76.1437982196851,100.809345366696,182.32112803685,63.3284695017687,,5.8135255905515,244.827733683518,115.268015081411,258.342451024099,244.827733683518,200.866907616652,97.2496397707673,244.827733683518,100.720878772576,57.67921762812651,62.22771362646691,,,,,128.124915642664,,28.8552281491908,119.489603901326,23.1807186893551,,191.779733439034,14.4136624168498,
NL21,136.039852880716,,42.7015221877793,103.53286257113902,94.3302737631557,160.124479015035,59.0699802822789,,5.49563017541396,269.880488577098,134.629916306263,299.968946855418,269.880488577098,232.381279062075,135.645762816732,269.880488577098,111.712202226123,58.0953991993202,68.3819456739403,,,42.3646979763618,,164.498758338839,,32.9567855590737,111.570201285341,25.198497894042,,,14.4525071715523,
NL22,137.16550644811,,44.8613801340602,94.6851824121983,89.7595426595787,131.715033636362,56.0694954101911,,0.0211566753570291,234.328926236646,109.651574342945,281.719813394348,234.328926236646,229.80285224489404,135.366389218151,234.328926236646,96.77408710844908,57.7675029590243,59.45808096525069,,,41.8718904460119,,171.415016495032,,33.265199046078,89.03637270727079,24.2728527269217,,,15.5508145290566,
NL23,153.503283071712,,52.2454141167111,137.089773136138,110.181482729296,196.30933016634404,72.5281231548118,,15.5285579187229,234.709690514742,137.682493828083,272.423470117642,234.709690514742,254.572139448617,180.42389072433,234.709690514742,96.3160582090773,61.6283116102575,59.7227049700524,,,,,189.41819297066,,54.0671566321786,102.620220011165,,,,25.4855178684603,
NL31,183.281457549396,,38.3244005953727,114.990545330616,77.3357238563574,158.81658006022,48.4019124392663,,14.4045266854684,218.19854852597,148.423356576596,269.704838447857,219.741861527904,206.580305247751,146.508836891583,219.741861527904,90.3242197208787,53.6481000636131,55.88550671049629,,,,,176.80212616061,,42.283759176709694,52.5123620200205,,,,23.4714984797832,
NL32,138.925665136567,,56.145744092186,125.034270410454,116.898652045471,152.208991577097,73.1450741361779,,9.70071168403692,264.50411165047,134.735153807058,274.341867611461,264.50411165047,257.052663831582,142.940744600249,264.50411165047,108.002844935341,62.21797972805759,67.4762480351239,,,44.8079404987547,,131.614736616087,,44.99457220991891,109.261967604042,27.677893789608003,,152.455896677594,15.972921378159802,
NL33,168.497674850481,,47.6792005881911,166.78058839225,104.448456638752,120.29491649223,65.6814340581574,,16.0772547443248,274.051969664344,159.897533115445,278.76199135735,274.051969664344,244.573254580144,197.394502107665,274.051969664344,113.113091390884,52.466938823538,69.5494829882312,,,,,133.612267156453,,38.6489803756852,113.210632010442,26.9435877117119,,176.006794421715,21.9708316449296,
NL34,170.427745922077,,122.637067849944,163.956162876265,105.418818546208,155.257173501936,66.3243615998223,,31.3636018863576,269.153738120035,124.01845750096598,278.924882431595,269.153738120035,229.917804241316,172.546713709174,269.153738120035,110.643198663051,57.7519975585993,68.4576831738361,,,41.6333178619748,,121.004070148424,,47.5962535788871,101.678003996497,28.443258340323904,,171.409156635416,18.8832000187885,
NL41,150.529876993175,,50.5868437299634,102.087574605326,98.8186320949608,138.354770433064,62.2181681082834,,0.267678993754681,266.463244222957,126.264904122241,285.261426979401,266.463244222957,261.114215920395,145.549760886081,266.463244222957,109.714005415037,62.63360642516669,67.710328918153,,,45.3361741532621,,183.161118352254,,31.198775153636,125.682664388717,30.0470904820996,,206.359798305693,14.1887291569572,
NL42,134.726429726763,,57.57497426374509,104.199513763952,107.941988553377,91.0584061824941,71.1549217679548,,20.2841565465884,242.148764573124,134.514175341906,272.792692372336,242.148764573124,192.734023474794,179.485016491323,242.148764573124,99.65053239159,53.5458773667156,61.5416608839249,,,38.77111901522781,,130.769467754076,,28.2160636110635,114.45273935271,30.5950218243502,,197.642808119729,20.2971615285564,
NO01,112.14795706004784,,122.89029606358824,57.89557726712203,116.01609299277024,,205.426024764762,,68.49928766912909,,,,285.82675960360046,,119.38915121267596,285.32719929359257,48.98742595473232,16.762196452561387,17.922463907661538,,,,,63.14062946669724,,,167.8356174015817,,,21.597891326895105,135.2818219294129,
NO02,107.456990391949,,119.76128604445,109.445958218545,97.3157562974514,,83.0884853878459,,64.9836060484481,10.8721334310201,,,289.923558160535,,133.499493309811,289.923558160535,45.9038399113174,16.5346538486885,17.0689155445171,,,,,61.01919279914299,,,255.609346281912,,,21.5975076471568,156.141385475122,
NO03,112.14795706004784,,122.89029606358824,57.89557726712202,116.01609299277028,,205.426024764762,,68.49928766912909,,,,285.82675960360046,,119.38915121267596,285.3271992935926,48.98742595473233,16.762196452561387,17.922463907661538,,,,,63.14062946669724,,,167.83561740158166,,,21.597891326895112,135.2818219294129,
NO04,112.14795706004784,,122.89029606358828,57.89557726712202,116.01609299277024,,205.426024764762,,68.49928766912909,,,,285.82675960360046,,119.38915121267598,285.3271992935926,48.98742595473232,16.762196452561387,17.922463907661538,,,,,63.14062946669724,,,167.83561740158171,,,21.59789132689511,135.28182192941287,
NO05,112.14795706004784,,122.89029606358828,57.895577267122015,116.01609299277028,,205.426024764762,,68.49928766912907,,,,285.8267596036004,,119.38915121267598,285.3271992935926,48.98742595473234,16.762196452561387,17.922463907661538,,,,,63.14062946669724,,,167.83561740158166,,,21.597891326895105,135.2818219294129,
NO06,17.3662500359829,,19.1775423132845,105.948550699291,26.8864333795491,,64.2611213877621,,67.0715517681811,12.3197805671241,,,328.527481789976,,133.208288079866,328.527481789976,50.94643582787649,17.0662390418884,19.418627341739,,,,,62.7323299634736,,,16.63886057564,,,21.5975078770921,150.209710183674,
NO07,107.106551261384,,174.414752835593,18.2876611092758,18.2110726499306,,186.405680182021,,74.1965528608854,11.9132930677283,,,317.687815139421,,79.9553645508139,317.687815139421,50.7305868560996,18.0945272415273,18.8130527030172,,,,,36.27470225974,,,156.615624658981,,,21.5984782389076,92.3761556481958,
PL21,113.503977108577,,75.2270607156812,84.3001798293444,91.3463045675397,204.118036615513,149.083066899794,,14.1870259001169,10.9003683857374,11.3380734882888,6.57351084926417,290.67649028633,236.019695296017,100.49247551715298,142.68146746073,71.4791715567424,31.96785043433,10.9003683857374,,16.6283942863869,,,50.23563450840701,50.9906290178362,84.539273148789,131.012370864365,55.7726695343349,15.8005514160456,42.446698551619,59.7879386718645,
PL22,132.708498134351,,76.3384690784893,91.2178909473115,93.6857046954327,220.523329160445,153.82256229806,,12.0547523139138,10.974100155031,10.7906291022966,6.561393700358919,292.642670800827,240.618621616324,110.327164416551,144.07171979478,72.0948643646756,31.5029768405266,10.974100155031,,16.5417971764871,,,66.5455563428944,38.47190800808791,92.7452917808934,115.04722272642,56.6007766477738,13.2895787421345,37.7625562615363,70.8001345103681,
PL31,,,,,,,,,,,,,,,,,,,,,,,,,,,,,,,,
PL32,,,,,,,,,,,,,,,,,,,,,,,,,,,,,,,,
PL33,,,,,,,,,,,,,,,,,,,,,,,,,,,,,,,,
PL34,,,,,,,,,,,,,,,,,,,,,,,,,,,,,,,,
PL41,63.7239734797198,,41.4239833511751,52.087452560883,51.3864450165147,125.563864817943,84.3191954329067,,10.3892322357178,7.43501721539734,7.61232144220968,5.99916265502386,198.267125743929,142.458933893051,89.6665012934221,97.6092802493281,48.8482634611747,24.9866539142406,7.43501721539734,,13.1214165226034,,,53.16020194675661,22.265846778112,46.9558368622828,75.0813300069416,68.8637626101658,14.0060289181026,34.7279726037215,69.7207819629881,
PL42,120.385834872006,,78.8889636703549,80.4680055939624,83.8272341751544,179.993955574725,137.197140858996,,9.95644874857741,9.80588491271725,8.9685643694305,6.60018429676614,261.490264339127,219.29050194931705,122.74912161485,128.608936082304,64.7999630397499,28.3421838032588,9.80588491271725,,14.9622792349916,,,32.7145572966031,,61.2656249746687,97.6282492189492,50.8904831805781,11.3110293683048,38.7091029907755,49.8332275962507,
PL43,118.909120491355,,69.89807103163119,76.544242575608,85.78836899473099,185.394245903794,140.460923982571,,9.40595715581417,11.033412052491,9.16345172120401,6.58056199685996,294.22432139976,225.40275460271496,84.3115065207195,144.533964427772,72.6727677882877,31.2236945115767,11.033412052491,,16.3655252502819,,,42.3330689512107,22.8877802054481,66.0082678153036,106.38337996089,73.4585848317074,10.0974264603811,43.8937811140067,55.3206678108499,
PL51,128.24101958683,,81.7808432382804,80.061118034961,86.3011635390766,192.913280428179,140.346716806541,,11.5626635274429,9.63468904385688,11.4168936966977,6.580756515843479,256.925041169517,217.98915238868895,108.311131888066,125.952298270847,63.6180826296802,26.9014135127732,9.63468904385688,,14.0764125896851,,,42.0358338569595,35.570551131099,83.0285653101926,117.688795711622,61.112987055093,14.9198297578639,38.202249272953,60.2511641188257,
PL52,166.607400553754,,97.5665863174091,96.9508399833109,92.7194531800568,229.006501082725,151.175847080425,,13.3106786651442,9.68712958781833,12.0284692172152,8.2487164926036,258.323455675155,258.258444108309,152.796161134988,126.900489941524,64.2141045801798,29.1355050561114,9.68712958781833,,15.3988417216644,,,87.7965043362642,54.85572217111,119.198846507292,130.980118353565,59.97055420941111,15.2229055209779,48.5913969861382,96.3926446177592,
PL61,84.1949673363171,,60.101752277785,66.5754500274944,74.9708441676904,160.584413631808,123.180590470652,,11.6873387610911,9.67161927130839,6.58358085388314,6.583580853883141,257.90984723489,181.997283158571,90.9996204876028,127.104432636167,63.6862970327218,25.4173283541588,9.67161927130839,,13.4210711790068,,,55.5507200979308,44.290991510945,79.1737818424865,95.209284176711,70.7878517789549,10.921899851942,38.0294581515382,74.563924753742,
PL62,88.9637123465262,,59.086307353333005,62.7288544026943,73.3422918229988,151.071221244111,120.286836284043,,12.3467293153682,9.53172589745758,12.6973361875555,6.58427337294262,254.179357265536,176.495701865045,89.2221964363372,125.25704539396,63.11493932038099,27.9192665208618,9.53172589745758,,14.848210473222,,,42.8429446781356,55.2671849144824,49.9762741166348,90.9959927189771,56.0969720464313,10.3571362251265,39.1567025673702,54.1650916285768,
PL63,119.033748678359,,64.492258971227,79.2722197384659,79.2016814348863,188.865126655254,129.826544245842,,11.6640413078573,9.53994452220906,12.767196432108,6.57036017098835,254.398520592242,221.259742463162,110.746299204315,125.214091223399,62.6219645305364,28.8254992951172,9.53994452220906,,15.1110000529571,,,48.6106835971862,49.8432158656002,71.0842556957261,111.333922138109,61.590189330964506,11.6265280229706,39.3243311802364,66.9860735047152,
PL71,78.1925049629129,,43.6318623296684,60.27788366901051,60.991861615459705,145.703521470973,99.7460563184895,,9.9140012884968,8.48561868583647,7.378683197232589,5.99995992024522,226.283164955639,183.759438302991,95.8180474666448,111.163009502271,55.4779592381963,27.5234042952998,8.48561868583647,,14.2872005015055,,,51.9445152481943,40.9397931997181,75.4025109295506,91.2119143854168,44.5589225516391,10.3094969634342,33.2677435077064,67.4953874059337,
PL72,89.1144338010646,,57.3028940169381,83.5859585040772,84.6362881434209,197.538439584397,138.84673911078,,12.575521376466,10.8785916194301,8.41070471020088,6.567061830578479,290.095776518136,231.593351919495,106.953500589287,142.521338581683,71.414822797862,32.7009100343581,10.8785916194301,,17.0695483671315,,,59.2363153996343,36.1512658964145,82.1578385925629,99.5012520300771,46.934932945316,12.9006580107211,36.8876854144597,59.8143970490742,
PL81,108.83987198909202,,66.0758500853383,82.6938927293097,81.9883581232249,199.145931177158,134.447736706373,,11.9914063050085,10.1311506827143,9.57046094282544,6.64634967464796,270.164018205715,225.652340508059,106.776244778372,132.922301545315,66.6841122262616,26.404109757431005,10.1311506827143,,13.8787278380267,,,54.3821660848935,47.3625377142337,95.2277770888676,110.889932436551,55.46651336680101,15.0769675049004,39.8478221402893,66.3792583637084,
PL82,109.873110922604,,66.0696815309423,77.8869276023804,87.6289230206891,189.69672320648,143.456111269541,,12.849365763772298,10.3737739921092,9.47333714077869,6.58779077989589,276.633973122913,238.460440977819,107.414454889709,135.841590673507,68.0758628734313,31.5112230205026,10.3737739921092,,16.4217335826236,,,24.1004424185867,47.5139099239469,47.7819347597155,104.477119289048,53.864016817118895,11.3125680677752,38.1719971946555,27.1100154994681,
PL84,69.9493589363072,,25.288799440138,49.4442680807702,40.5023634171788,113.460775464874,66.0558990740521,,10.759975845361,8.11285291277396,8.31858611263342,5.99962109099454,216.342744340639,147.857035594089,89.8940412965008,106.341309086756,53.3131461865434,26.6399117435896,8.11285291277396,,13.9413592399629,,,48.696282046879006,35.9224223783548,50.0840351070878,96.11667831292527,42.5509125257481,12.9260300954007,34.4940179273966,50.05436889930421,
PL91,60.8894797624529,,31.531662430135302,51.6635289506223,46.5644895529414,124.591543744156,76.6429095628132,,9.62268104169863,7.286755019076749,7.704972643460159,5.99935806965845,194.31346717538,149.753205583116,87.143169275819,95.88245085140092,47.9279051205992,24.7129539672011,7.28675501907675,,13.0688513104689,,,35.8646907738523,31.5892427609032,58.373135503949904,82.4312531150616,63.4525256191106,10.6154913050299,35.5553061263193,53.9008255896924,
PL92,60.88947976245289,,31.5316624301353,51.6635289506223,46.5644895529414,124.591543744156,76.6429095628132,,9.62268104169863,7.286755019076749,7.70497264346016,5.99935806965845,194.31346717538,149.753205583116,87.143169275819,95.88245085140092,47.92790512059919,24.7129539672011,7.28675501907675,,13.0688513104689,,,35.8646907738523,31.5892427609032,58.3731355039499,82.4312531150616,63.4525256191106,10.6154913050299,35.5553061263193,53.9008255896924,
PT11,25.0824799688586,40.83424010685041,14.3878911513611,13.951763456821402,20.908330409072,24.1679536752437,36.6394089501554,,1.25912172126127,229.122907514117,44.78591231592,155.356162175233,229.122907514117,,42.2962513327258,118.465401703598,53.5366937078705,28.1442857764412,8.59210903177939,50.3798012526873,26.850000255680296,15.0027546271326,14.0531601577645,29.0066440329174,59.6545599539179,16.492804565928,,37.3568699517874,,155.356162175233,4.5261398316338,
PT15,41.5303703510917,53.9898429000881,28.782234609203,26.7033121393236,45.0930607948348,326.826100266644,81.86361189691618,178.9354278777,5.6492958708449,520.0218746456,,490.42136650199205,520.0218746456,250.97697376781903,120.031579744817,270.534103160872,120.05323424408,33.9146094607032,19.50082029921,62.4049789060698,27.2568029067572,17.7593893689172,16.8753599473195,42.4893678161974,,33.6569003479597,,50.9883450235834,,486.05682589946,5.26988049029666,
PT16,37.4210003634054,74.239425531395,10.9190511949876,47.9994718458635,26.9262567860092,57.3847955626004,47.2004739554396,83.7637499012693,2.93480375383878,238.867406212234,64.5801181625028,227.002113991407,238.867406212234,117.163307103236,47.8328432980559,124.179138106798,55.1910485031703,30.7925988818328,8.95752773295877,55.1338846290114,24.0857650935677,16.4778390369212,15.3231561418941,27.560655622300395,67.7450997657788,12.8619389360341,,49.2957942281851,,227.002113991407,4.04864878165611,
PT17,66.1869003227702,70.5940207082102,19.0255777760724,59.5752324168509,26.5511661385086,187.514214698386,57.1227158039904,137.977647444143,1.0655134008385,276.487997576959,95.86889022703689,333.700731126133,276.487997576959,134.127710728936,106.973747040277,142.766127408242,64.3620765081421,33.3406105981816,10.368299909136,58.893523523445005,29.3620674191741,17.7700347167567,16.6000108807292,73.35307139046512,,35.1951387353773,,84.0350711718658,,153.686709774878,10.9456207308404,
PT18,19.8404880829627,26.9928756810105,6.2588208472926,17.9090477301403,12.0313446767758,163.589650609456,20.7984395906865,57.3580701599917,0.388521805201807,128.0,41.2999872683511,128.0,128.0,114.806732109692,66.3779241533749,66.6138668917968,29.5427899691254,23.4858843588946,4.8,42.7035099560806,20.732943449547896,12.4713487639561,11.6867739905453,12.4547470451225,37.9165067516085,16.3173717213459,,29.144303304336898,,72.0576697591847,4.33652274748657,
PT20,91.0227479790378,42.5463960434848,,28.7753052801264,,17.1532299013555,40.2974635830765,,0.809468531623633,163.618821463467,46.4186072204282,160.994126635215,163.618821463467,82.8238955372383,53.576993829251,83.7051398462317,38.2983569428114,21.6581561007468,6.1357058048800095,39.2383808739102,20.6139813853466,11.0818021799112,,59.5354418384842,47.185558063875,42.4642594645016,,,,160.994126635215,15.2600487828445,
PT30,30.514696522010105,36.2553628416227,,8.98538549686721,,43.1948642702034,51.1276916123838,,0.983685730058887,399.743588852905,,213.13759547205703,399.743588852905,,169.687031987692,206.076461035119,93.3927291733421,27.4758453662957,14.990384581983998,49.6165680053087,26.1748393811729,14.767377017117798,,211.963338334567,,106.779681903649,,,,213.137595472057,51.3639499336772,
RO11,108.26942500737,86.8806885060462,56.88712588236789,47.9967213305812,63.5799469583618,39.7602005763162,155.262796975917,153.000036157009,0.0389670335182283,21.9106905841349,85.7389836642807,24.7617176062783,443.523228260826,120.67819323021,33.4457852056811,61.69294057043469,98.44009908948618,5.65917815882389,31.4619545222838,,8.76336162233819,5.65917815882389,,1.89398257207667,51.534107193972,36.0930235414517,141.88780356692,77.2534748185981,27.7795101896091,188.21836578055496,1.7153957160419098,
RO12,100.05057931772,91.9264055351823,71.45265260356,26.6067778511505,64.7814543770582,49.320357836258,146.269672851978,,8.17161693703802,13.8021087665427,47.2567476783703,15.5238113743504,275.137897656783,86.3409398533962,44.6638336499101,34.8326817948355,61.6270277776435,5.67681785404923,18.4089240886097,,7.75251177386463,5.67681785404923,,2.14589471935725,52.760504613462594,20.0107378865332,87.2032813866843,50.9477241266273,19.3316875772007,126.702984933379,6.73884863763305,
RO21,23.6198586242887,25.888331412528604,24.526056301003702,25.4684946114111,22.2578064152444,22.9488036373254,52.4295703758002,,0.0385237429541941,8.38143244587176,27.4451322604879,9.41051531255526,148.633915157423,61.57772817781991,28.0080426804024,19.4397674586309,33.4096354545565,5.627641395325,10.0496454146759,,8.51644763304476,5.627641395325,,2.80120236077393,19.3667640347019,23.4562158218469,42.1843432563017,19.7241778522056,13.4418269517769,68.5023319702135,1.73130544405463,
RO22,78.48511384312322,54.37458958356749,88.7280568731035,44.4122190026904,67.3171116518577,110.61218680427798,158.790586840434,119.010758163429,24.4623507409039,18.3336823916985,85.2565271566631,19.6206927599154,331.953231908763,108.454157085618,67.0926172951761,43.5352741764774,74.5846220701887,4.90200114823433,22.4886526310118,,7.39707829595738,4.90200114823433,,4.70330140684333,32.9952397859831,39.8513360785463,109.506715321754,41.7295077824188,38.6128374566832,145.014301074343,19.634540005736294,
RO31,28.861102611787103,25.1563621744563,32.7736679868432,35.5329418896309,23.8971771745282,31.8102086808337,56.251039234406,58.9075393666954,0.0255180149783238,8.17958607509248,42.5192400566444,9.38171724848128,153.175856827054,78.7297637767842,30.576706844335803,20.0977170214292,34.3609767301135,5.07375472494261,10.4053393461446,,7.95167642584001,5.07375472494261,,3.19083594670127,34.5889585532996,31.874783430795297,39.777157323010805,37.4132923102791,22.1166278095914,69.1971931095297,3.97400726421421,
RO32,112.598198563886,105.502634466942,56.0237231173967,46.6994432609201,50.705818678055,116.09572154516198,125.185741860598,,10.6653570623697,13.5577440877887,55.736312999491794,15.3992792275257,267.57942500028,86.4497146169743,39.74779415433,35.2123392951289,60.0374283138595,9.4777633929683,18.1966345559894,,13.6070958052073,9.4777633929683,,54.188425713848005,,81.8676177149558,104.046886856169,43.7175509237982,16.6430005501519,99.8425469345274,20.2189367351942,
RO41,21.8628786675511,16.3633651893237,19.2873031600952,29.9791424889834,21.555852393574604,24.2462871724253,53.0846526332075,55.0424046833871,0.0358186944871966,7.27047670735837,40.6735476264595,9.35863078692168,146.62352782275997,73.0287857413263,30.6664324525602,20.1333163572771,32.8992009431507,5.75968512238989,10.1718287700606,,9.59596443990803,5.75968512238989,,2.81740618015739,22.127953452077,24.2828354186573,39.2908444422809,24.5897313964101,15.2207120821859,62.3731383538638,1.77674711659444,
RO42,133.948557404226,139.260541537588,86.7678154746953,37.2770175593458,64.8890713058466,56.26377927501159,136.738254313827,92.6659304817485,6.0087063777096,15.2729475135752,49.0912550970768,15.694256834791698,276.337382500539,106.352442925318,46.08910544416,32.9514878598607,61.8835246304329,5.83886073489647,17.9335722262968,,9.0936640769655,5.83886073489647,,2.20299070986837,46.1840318887384,22.2174324580395,120.525659824564,50.1822013459466,20.8946561826134,116.553424845928,6.72351285086625,
SE11,147.570500254221,,144.818682194761,74.13757819095,123.43250506191,163.866511286661,246.467008317961,,15.1173456893918,11.7326791409829,6.03518661535545,160.938309742812,312.871443759543,217.823521147849,150.528825923291,312.871443759543,66.7222202985179,32.4970251228256,60.9183123416688,,,,,30.4215142754216,,19.7283061333573,103.710183381349,,,40.6740066456006,45.357945242763,
SE12,102.738600060881,,120.240907787023,61.2296493728398,95.1765583758946,109.035755698129,191.272076857138,,15.9600210591818,11.7091442583338,6.00988808263066,160.263682203484,312.2438468889,160.992430623134,116.947575900859,312.24384688890007,66.7292178725219,25.2443551740688,60.4050062152234,,,,,35.7545945446036,,31.799763833182496,102.632403693598,,,41.6182781231405,53.8436337011501,
SE21,91.8951280595662,,88.5784467130189,55.0341833457838,94.184767706818,82.5096174342138,194.337548738953,,13.2518107086146,7.89285231126263,5.99986336011413,159.99635626971002,210.47606163367,157.435865642484,120.46269945689602,210.47606163367004,46.753116284257,24.2020972262145,41.0676195487782,,,,,45.6947644704586,,37.0708434691299,86.2486016654724,,,31.7976671360805,49.0764876895311,
SE22,132.787122283311,,127.972780921571,69.7858896413304,93.9787736012677,98.7258815907297,192.140509653064,,17.0683002886216,12.359015500889996,6.011947363790229,160.31859636774,329.57374669040007,138.831358819439,108.34557897079,329.5737466904,71.9294384047512,20.1954645715003,64.1191786427197,,,,,52.3019090295017,,43.5214730018598,119.992156123703,,,34.1185074694772,62.269137467159,
SE23,84.3575539643196,,99.9564319937145,58.1266796202605,77.6599924373898,115.658726554031,177.863966705811,,14.0811189957484,10.5298408953281,5.99994014573618,159.998403886298,280.79575720875,153.649678928258,106.577907771637,280.79575720875,61.6178192800941,21.8131667583633,54.8296984785124,,,,,44.1255789460598,,36.972133272241,87.3980783360213,,,35.9550838742329,51.7162135365168,
SE31,97.22471577429552,,127.35494718286002,62.9898483201058,109.929278045271,158.630114652258,223.317949064394,,12.0382163005381,11.6576244551619,5.99996779294747,159.999141145266,310.869985470985,,120.551690401514,310.869985470985,67.9120762018604,32.4317407083279,60.5204799655144,,,,,37.2039578302011,,27.8509338829493,80.2223650809034,,,34.085736423237,52.7178876426725,
SE32,89.6829417589449,,166.050382985064,56.2386235773876,117.470463519081,,240.75845053093,,15.002101114183,12.4730062072872,6.05423645648749,161.446305506333,,,102.553831740505,332.613498860992,72.7421737893461,34.7068707668318,64.7401992676814,,,,,34.6922218516142,,,125.63378379579498,,,,48.5609270144141,
SE33,139.717248635558,,,55.4204460559432,119.955141642407,,240.07750984717703,,14.7839700411957,12.9234021176822,6.04441056828879,161.184281821034,344.624056471525,,82.2616867571707,344.624056471525,75.3355866210589,35.1431695736775,67.1039274676828,,,,,38.413479777117,,24.8231830727555,123.875632198774,,,,52.1423598249178,
SI03,120.70472847571898,,90.5144577046479,85.0539717319944,82.2192375294496,134.954030600333,116.814229832933,,16.0022379022635,212.60046965239,62.538024898372,160.0,212.60046965239,,118.356324655164,47.0186408299738,34.1947358472139,27.3723817667077,12.3129363852532,,106.684404786711,17.0359293425158,13.5396039326273,25.9308266774345,,84.3457403986877,131.879468653239,73.8041911886346,43.6526593269171,14.8529349315919,79.0233806760822,
SI04,120.704728475719,,90.5144577046479,85.05397173199438,82.2192375294496,134.954030600333,116.814229832933,,16.0022379022635,212.60046965239,62.538024898372,160.0,212.60046965239,,118.356324655164,47.0186408299738,34.1947358472139,27.3723817667077,12.3129363852532,,106.684404786711,17.0359293425158,13.5396039326273,25.930826677434496,,84.3457403986877,131.879468653239,73.8041911886346,43.652659326917096,14.8529349315919,79.0233806760822,
SK01,138.771401091079,178.165659212128,75.5242027958875,78.3933681944035,81.9580812056169,208.26047542097,152.104365195359,,19.2537296818596,8.82358282910294,,6.03488419533637,235.295542109412,184.892356154214,164.104291201902,81.9495741053642,26.0954631681008,29.8922223618428,22.4577220161276,,15.2306325099979,15.7373111419949,,62.8386733174566,,95.638472586604,127.831614322997,80.8180273682221,45.4681469664689,18.6835664126927,37.4513875561085,
SK02,102.620398943398,97.3109926937776,80.7561783631871,75.4657311279002,58.39949474442759,130.546297945282,123.255835534231,,25.4202328808729,7.85429146798169,,6.00368810127273,209.447772479512,150.44126879673,110.797766533444,72.7898861331155,23.2881748225036,23.4450932150122,19.9966858736443,,11.9072749253616,11.9274584744103,,48.32784554942771,12.5778345180864,87.1534320556051,110.490563534386,74.3498669366829,42.5553694318026,10.6587788547698,39.8550014374833,
SK03,58.4825248206109,78.6650644427744,63.6602828336616,48.964811836013,45.1706787750462,90.3804411893693,94.9086991833952,,11.9623206637553,5.99681653253305,,5.99902311973104,159.915107534215,113.384932898751,37.3645460345241,55.7323209981612,17.7270856340794,21.803144967595,15.2610583997873,,11.1210260503273,11.6775231074939,,22.0558837960328,16.5830905040752,23.9811890133566,66.0337873543514,52.8397776677787,19.4127206921593,10.6485587121996,16.801687399289,
SK04,93.1252179030415,127.368756182362,59.3265632148654,59.3920801289411,57.9437284249322,151.850298453809,121.821008519974,,18.9198250639537,7.706446912241281,,6.00589730869097,205.505250993101,138.222904283335,89.3790424345044,71.2801403187464,22.8928606999183,23.1591142057364,19.6266681023056,,11.726504335559,12.2438440896236,,24.4244789279064,15.5301924562023,55.6406288043828,89.1176564700075,58.661303496670094,44.094323907707,10.0949427951933,23.792876394997,
