region,SWHE,DWHE,RYEM,BARL,OATS,CORN,OCER,PARI,POTA,SUGB,SUNF,RAPE,SOYA,OOIL,PULS,TOMA,OVEG,APPL,OFRU,CITR,TAGR,WINE,OLIV,TOBA,COTT,OFIB,GRAS,MAIF,OFOD,SETA,DCOW,BCOW,BULL,HFRS,CALV,SHGP,PIGS,PIGF,LAYS,BROI,OANI,OCRO,OIND,NURS,FLOW
DE11,743.26261168147,954.292033109776,560.109055102482,730.20383704994,580.227899340656,1276.02898414919,695.885189087302,0.0,4500.82330294336,1461.19376430036,824.996394623694,1022.12642550481,1032.47165738093,433.733613871659,711.7851862938,37049.4611560789,7096.67705260949,7858.1824277941,15456.7662105364,1599.38,890.24,890.24,1599.38,3207.35406677509,1599.38,443.91,683.644789511657,978.173805061917,1133.56231733328,443.91,1694.84201346804,292.18,934.920887392398,219.13,146.09,36.52,316.92,116.068526739912,14.79,7.39,5239.44014122127,10104.6455924191,33435.1121422573,12191.6841206635,17255.361393917
DE12,738.034209818877,1001.36848706797,512.270069290517,688.966104311624,609.788710541938,1334.20278939986,716.812031561447,0.0,4486.91620089161,1463.64298707582,427.0,981.444270305529,1033.85390890326,1230.2238447241,718.101543687267,29852.618936698906,6025.37668256909,7836.578300301509,15441.4876284469,2000.86,2421.85,2421.85,2000.86,3415.46570024021,2000.86,485.86,565.211149359134,876.271221428541,964.544286984531,485.86,1638.31605689239,343.46,956.727766033934,257.59,171.73,42.93,283.84,115.256560195085,13.25,6.62,5199.81988839678,10111.0119255554,33440.5249523053,11595.4337195423,17289.0187782022
DE13,693.177636504432,470.79030815049407,524.921032168515,739.639233098538,651.54308225903,1500.70554064062,717.31241207367,0.0,4500.90948425015,1447.67755898152,421.51,1039.23935538596,1031.23318391188,467.036788528956,765.507392406164,37094.3092530785,7165.26108169507,7891.45433696383,15487.9654568784,2000.86,2421.85,2421.85,2000.86,3404.104738336589,2000.86,485.86,758.673147882701,1116.13778776776,1203.33267795791,485.86,1541.08715490544,343.46,940.308745281835,257.59,171.73,42.93,283.84,115.417414550103,13.25,6.62,5283.28318329874,10103.7871526839,33397.4282445376,12191.3461444132,17298.809339423
DE14,865.86405583274,483.736714752897,564.834617743265,753.395320308257,577.831362689631,1433.95078409127,690.969823018424,0.0,1936.73,1475.35142697443,446.55,1008.05581212082,1032.29911817045,436.569524108463,717.606254481953,37165.97686113701,7110.29140212194,8142.13063468082,15768.08927976,2000.86,2421.85,2421.85,2000.86,2000.86,2000.86,485.86,785.3477268570149,1205.5843688322,1293.71850574618,485.86,1728.4168574805103,343.46,932.723781675404,257.59,171.73,42.93,283.84,115.975882424265,13.25,6.62,5238.11162426903,10108.2704055323,33369.5582967876,12192.6858947873,17256.8600944394
DE21,772.287511491536,793.4425992488609,448.414294913677,688.745886186543,572.145438836705,1438.55040298235,712.034959634819,0.0,5340.625938976709,1615.23409602541,886.060648110074,1001.23123145925,1028.30519142917,425.100739851177,737.338665381004,29705.718901377106,5857.803405478359,8240.79425596538,15874.6303892485,1018.62,2493.55,2493.55,1018.62,1018.62,1018.62,589.59,883.445664914845,1435.71232229821,1483.77448355006,589.59,1505.0264768322602,407.39,912.70461320416,305.55,203.7,50.92,249.97,118.019469345824,11.67,5.83,5227.61917446028,10050.268859331,33202.382194933,11615.0655005811,17226.010829009
DE22,712.924567136056,940.637578294664,460.6393873294459,547.203171037221,557.837773505178,1344.55069426436,715.385746078724,0.0,5768.896673445871,1529.51105099156,383.29,805.021196074629,1025.28940016351,430.5011268801031,722.640397506464,29789.39412982769,5800.635913466419,7940.13530349581,15554.586813349,2000.86,2421.85,2421.85,2000.86,2000.86,2000.86,485.86,868.18090843134,1348.76766228505,1462.1665283936,485.86,1510.26120275379,343.46,927.222070436874,257.59,171.73,42.93,283.84,118.750040406024,13.25,6.62,5272.12502789863,10055.3449177417,33164.251898085,11615.0574620104,17211.4924418811
DE23,755.37254028519,449.330303244085,513.341933937426,655.8261323813891,654.152002970763,1267.73525146898,715.348388800261,0.0,5324.50039406127,1547.4675381278605,904.650289029293,998.2816962067968,1029.3366255992,459.860373323079,772.429869158697,34844.3569525108,6795.65312231122,8456.71367127395,16097.2687280538,2000.86,2421.85,2421.85,2000.86,2000.86,2000.86,485.86,894.836480833504,1381.20955800495,1462.90499531676,485.86,1660.56229484453,343.46,926.487787098289,257.59,171.73,42.93,283.84,116.9563038806,13.25,6.62,5311.75170773364,10033.3142553205,33279.7661472164,11899.5753324702,17237.2805198716
DE24,634.705690094776,1022.01685920482,484.985052020495,683.118541067417,662.960076169684,1243.58200340822,717.408547619453,0.0,1918.28,1391.23911793414,352.251680534663,748.515277663562,1030.2418582321,471.002582696186,778.160781255345,37129.2391949552,7209.15212104905,8462.60992562565,16099.7751568666,2000.86,2421.85,2421.85,2000.86,2000.86,2000.86,485.86,800.942435870643,1168.71330674176,1299.82570114108,485.86,1673.9038288363,343.46,933.15353858398,257.59,171.73,42.93,283.84,116.814769482658,13.25,6.62,5225.20719626064,10032.2189001315,33207.3933347273,12188.5284849065,17269.0394707807
DE25,657.95197818999,1113.32962481094,416.093640076064,548.158977874659,626.563514804701,1176.44576975393,717.561947922811,0.0,1840.7,1454.5692719315,401.640783548906,723.3514860469181,1030.26218954918,462.175269340593,741.09931686276,25396.6855701897,5109.58334467383,7918.79965358507,15514.565194819002,2000.86,2421.85,2421.85,2000.86,3407.21617124999,2000.86,485.86,633.743978224233,935.013139355169,1089.26111872805,485.86,1633.82718674474,343.46,927.540369491935,257.59,171.73,42.93,283.84,118.357284547245,13.25,6.62,5271.25720139667,10036.7015072771,33260.0986021606,10926.443900104,12567.664642004102
DE26,737.2082398729121,918.111575539393,448.636099991509,626.928134682509,604.379835706373,1222.67709182382,685.4385843872511,0.0,1830.46,1461.9135205864002,783.946896038498,951.828985211488,1028.75429533299,450.513574990129,731.9807368796511,25398.7966474778,5077.50373253263,7933.335992180181,15528.080741350204,2000.86,2421.85,2421.85,2000.86,2000.86,2000.86,485.86,676.194317317881,1028.06729999606,1211.73970569591,485.86,1556.93181874934,343.46,950.7145763758,257.59,171.73,42.93,283.84,117.44582693453002,13.25,6.62,5225.21443541003,10036.1088683896,33260.6972858346,10792.6913975838,12460.3324508255
DE27,787.742595813209,648.333639346002,457.53250604390496,695.161038139568,549.06625616392,1492.08639463644,675.420973208717,0.0,5968.06516331646,1619.71772454106,403.75,1023.53790939389,1027.80127743933,1228.91215749731,731.082583945246,25430.5065331468,5071.90705505204,8014.78637175106,15612.904873226102,2000.86,2421.85,2421.85,2000.86,2000.86,2000.86,485.86,956.28305460833,1528.52848056841,1611.3736141358902,485.86,1577.56356474023,343.46,912.513762240206,257.59,171.73,42.93,283.84,118.138631972199,13.25,6.62,5226.91540692085,10038.2428786532,32988.1991628455,10926.5720406455,12534.8163874672
DE30,364.96,354.85,304.39,330.73,243.49,543.67,355.02,0.0,1658.62,777.57,382.43,546.21,570.73,235.92,304.64,32458.51,32458.51,2000.86,2000.86,2000.86,2421.85,2421.85,2000.86,2000.86,2000.86,485.86,485.86,485.86,485.86,485.86,1087.99,343.46,300.52,257.59,171.73,42.93,283.84,283.84,13.25,6.62,300.0,0.0,0.0,0.0,0.0
DE40,856.738039017933,1036.42131247061,458.2658748321389,808.5315169927059,661.901464765605,1402.37213185512,714.484223358743,0.0,6122.94119158488,1836.71064780498,613.768341625738,877.533789303635,794.997390241149,409.610363811812,830.352386579726,37541.3817696572,7103.372250532121,8791.06071204532,17473.4741119011,1018.62,1312.98,1312.98,1018.62,3350.06372915967,1018.62,344.74,552.164284561889,801.472696369119,935.362838848176,344.74,1542.09482359773,164.53,928.823727409756,123.4,82.27,20.57,373.96,116.05937177456,17.45,8.73,5273.64579795498,4115.46792409433,22796.0380265273,12410.020828297502,17291.5646032797
DE50,281.96,274.15,235.16,255.51,188.11,420.02,274.28,0.0,1281.4,600.73,295.45,421.99,440.93,182.26,235.36,32458.51,32458.51,2000.86,2000.86,2000.86,2421.85,2421.85,2000.86,2000.86,2000.86,485.86,485.86,485.86,485.86,485.86,1087.99,343.46,300.52,257.59,171.73,42.93,283.84,283.84,13.25,6.62,300.0,0.0,0.0,0.0,0.0
DE60,399.93,388.85,333.56,362.42,266.82,595.76,389.03,0.0,1817.52,852.06,419.07,598.54,625.41,258.52,333.83,32458.51,32458.51,2000.86,2000.86,2000.86,2421.85,2421.85,2000.86,2000.86,2000.86,485.86,485.86,485.86,485.86,485.86,1087.99,343.46,300.52,257.59,171.73,42.93,283.84,283.84,13.25,6.62,300.0,0.0,0.0,0.0,0.0
DE71,913.5964950398848,863.8386432430628,507.692265617443,690.012340765583,561.583531713601,1332.93065890991,667.588124093753,0.0,4978.56160356047,1559.42210126743,350.73,1110.98174953717,1015.4459379766,433.920842248854,690.228586330248,25412.0047618536,5126.31286180765,7342.435323819599,14888.646743251398,1018.62,1312.98,1312.98,1018.62,1018.62,1018.62,427.4,741.272537336331,1077.79455702397,1242.55770649402,427.4,1630.59532023743,270.5,953.318984034424,202.87,135.25,33.81,279.37,115.086767323981,13.04,6.52,5200.02112625889,10057.0485214615,33724.1715381017,10727.0299744949,12504.8763944221
DE72,938.805148975372,995.990818908023,646.867488904676,669.779476981784,593.604175692214,1118.96264001762,672.621943207119,0.0,1852.53,1860.95929772288,906.345741964779,1032.79608706392,1031.20548946965,454.98220897789497,710.306414402084,29867.0746402154,5941.01538769468,7904.232807996951,15505.8443756947,2000.86,2421.85,2421.85,2000.86,2000.86,2000.86,485.86,738.843065954786,1036.68103724267,1230.37093639931,485.86,1560.45878113755,343.46,946.316921524761,257.59,171.73,42.93,283.84,115.195303896138,13.25,6.62,5291.61768162418,10062.2829291869,33878.9254472199,11593.0674481929,17272.7306958392
DE73,943.752064638834,894.232787214287,574.915165554151,770.064088601748,563.273038653825,1613.77124085749,650.073156242895,0.0,5421.87739441437,1679.70342485573,433.97,1051.58185577685,1029.06364314819,435.698502625322,702.809140122194,37218.1450913926,7151.31195052002,7923.50049171217,15523.4701529924,2000.86,2421.85,2421.85,2000.86,2000.86,2000.86,485.86,818.303139611487,1180.77436685128,1340.13980813543,485.86,1505.47018619423,343.46,938.030803524399,257.59,171.73,42.93,283.84,115.726534946833,13.25,6.62,5239.93061508667,10061.978883714,33820.5961177529,12190.6306616706,17265.5771851033
DE80,892.170182805085,1080.26745012352,508.876423828086,853.922224453871,655.530070263958,1404.48846100968,644.461450315925,0.0,6677.775606263759,1903.81976416091,556.846600083466,859.443739693585,869.441698032497,366.869592702072,799.034278202098,37710.8505629967,7126.12219424453,8735.74305324305,17443.7798604505,1018.62,1312.98,1312.98,1018.62,1018.62,1018.62,517.93,626.92829228739,928.391499496333,1067.52613156455,517.93,1552.2921568847205,415.74,919.780740045984,311.81,207.87,51.97,218.42,116.155042183892,10.19,5.1,5279.03961649302,4116.44171935552,31669.372104647,12419.0915733731,17307.0325885608
DE91,881.909422670508,889.122755194513,583.209061412297,797.287642414847,519.061217926705,1673.70537688232,594.891011820231,0.0,6487.54053928512,1850.3943859935696,433.09,1172.80230760392,991.099903919787,458.069345295327,671.720446544112,25492.2419801052,5064.77768837279,7459.03062817075,15012.9150496086,2402.34,1312.98,1312.98,2402.34,2402.34,2402.34,554.67,654.050129145491,1020.80211937373,1182.99943684309,554.67,1683.15123388655,379.83,332.35,284.87,189.92,47.48,292.57,115.566530010223,13.65,6.83,5235.75709638467,10055.7206923435,33532.232694038,11026.3251608459,14372.0877231893
DE92,913.11923932452,886.5370694807941,604.4361084157221,791.137923041409,532.834429887444,1230.29284955268,593.430208189276,0.0,6167.70142190823,1783.90475759401,373.96,1173.463864933,1021.25125440262,456.442307377563,672.842498169983,29744.4128372054,5813.68040056873,7338.367496356281,14901.8022758165,2000.86,2421.85,2421.85,2000.86,2000.86,2000.86,485.86,693.8788011893781,1096.43607596446,1237.05877884451,485.86,1682.83231187691,343.46,921.695237915372,257.59,171.73,42.93,283.84,118.042581775851,13.25,6.62,5245.19902031889,10060.5848675248,33449.0385732606,10995.5933338924,14362.1964646949
DE93,883.4375461474211,923.565625978064,614.962809152538,737.564737248367,559.849268520481,1286.22682601975,613.562079122585,0.0,6107.83886760708,1728.30722388641,735.135934041889,1120.73538348305,1004.01013407187,463.288439443214,674.8230310611032,25366.9633243999,5036.78746996925,6665.59026932759,14186.3282236343,2000.86,2421.85,2421.85,2000.86,3199.38003544804,2000.86,485.86,660.657604424189,1039.830102809,1136.77155560181,485.86,1679.14080755466,343.46,914.740828822321,257.59,171.73,42.93,283.84,118.08212541808902,13.25,6.62,5246.36879669163,10062.7607340416,33528.7845696617,10733.9199097265,12436.2700611264
DE94,1038.91022969256,918.061186562862,630.315650273134,760.327095597008,569.954162163974,1240.26513881903,635.025350335282,0.0,5894.37894702199,1615.48131069496,320.98,1124.96134232984,1005.04826387911,460.7535277780539,668.737640954822,25197.1047130797,4975.90300429407,6834.89658019024,14418.6540631013,2000.86,2421.85,2421.85,2000.86,2000.86,2000.86,485.86,733.138322428375,1171.73038671687,1228.92763242933,485.86,1562.28204371926,343.46,914.622533031629,257.59,171.73,42.93,283.84,125.935264701028,13.25,6.62,5248.48184466206,10068.220714935,33584.1721719267,11008.2209261816,14266.8841682313
DEA1,1020.5563787942,901.881103470781,658.376293407904,838.930103531926,534.114808327494,1381.85315478378,597.80836780323,0.0,6294.73353093338,1616.56199932165,633.378322483883,1041.42764358037,1010.43263222469,1202.06530204042,681.623900722649,25387.1621707059,5077.34504120313,7322.58740892308,14867.741550559502,1018.62,1312.98,1312.98,1018.62,1018.62,1018.62,706.88,907.444506560457,1366.74790794718,1437.35692964481,706.88,1435.56052351452,530.99,921.357229502159,398.24,265.5,66.37,253.2,116.416269636853,11.82,5.91,5186.49706450866,10087.5510515765,33648.6394093985,10992.2924613121,14405.0688867267
DEA2,1029.65578404889,903.087481985356,664.447908290126,874.417300133229,563.380474622063,1420.34378706737,595.741846034486,0.0,6656.68583902592,1505.95944979174,649.859276712209,1111.82114554262,1015.96017871587,1205.41317067999,709.853768927724,37000.5932652939,7103.41233891817,7356.18662382504,14906.1715855263,2000.86,2421.85,2421.85,2000.86,2000.86,2000.86,485.86,949.992496776702,1431.52314369198,1505.2085774444,485.86,1640.52381830085,343.46,938.3957561179778,257.59,171.73,42.93,283.84,115.012886708204,13.25,6.62,5205.6193575703,10091.5876560708,33625.815649248,12190.6263772202,17262.64349502
DEA3,926.006701915459,882.311411323818,608.996461407976,779.627138573266,558.210762556793,1736.10406474307,593.064673211746,0.0,5000.98680542308,1431.1303368304802,445.41,988.039101978998,1021.70995442427,1261.30611066565,669.637876288766,25346.4346112876,4896.41918177267,7798.39454483208,15397.086773314,2000.86,2421.85,2421.85,2000.86,2000.86,2000.86,485.86,858.0406788019778,1294.43583254894,1403.90030693548,485.86,1548.34463733701,343.46,914.435691421187,257.59,171.73,42.93,283.84,124.077767624318,13.25,6.62,5238.82452462443,10091.7544937931,33542.8073198051,10989.4673812933,14325.5383958133
DEA4,940.254222726133,895.716476486915,638.466542536299,806.094962117728,529.096097444022,1324.504870379,593.425172847436,0.0,5058.52309951489,1798.4560468163495,435.91,1062.00993684272,996.161645418175,418.59245672154,676.603433437837,25351.2987439889,4943.65743867089,7290.73780312533,14841.543397978,2000.86,2421.85,2421.85,2000.86,2000.86,2000.86,485.86,783.939993260362,1166.88290910429,1287.79204358586,485.86,1652.05696586447,343.46,942.137998369328,257.59,171.73,42.93,283.84,117.72372684076198,13.25,6.62,5234.71223280476,10092.2005337122,33563.8057366993,10993.3370516239,12736.4175173123
DEA5,1130.46976236295,931.954003167702,720.811853095054,867.7960813381991,588.697575028874,1880.0656055221696,596.925257092221,0.0,7414.85658797368,2086.77465028338,814.420033103081,1078.76735425952,1045.30758442375,1267.67291409215,723.010672651071,25511.008345873302,5113.23922898236,7372.45757757301,14921.6456120586,2000.86,2421.85,2421.85,2000.86,2000.86,2000.86,485.86,917.360466122334,1346.70072770869,1449.96247145712,485.86,1656.7569383029,343.46,946.358644637405,257.59,171.73,42.93,283.84,117.341389363942,13.25,6.62,5236.58302103164,10091.2262589484,33604.0719759618,11141.5394294059,14201.5556158799
DEB1,880.721829545078,972.133279251383,621.216212980952,716.715914563554,637.809745466158,1389.96108531777,681.1732989131831,0.0,4444.366297505791,1424.01417805455,688.309247345779,1037.28482574168,540.66,475.576376602292,697.861965367542,37259.5845996665,7145.78786966205,7958.07952384362,15558.1213282063,1018.62,3881.76,3881.76,1018.62,1018.62,1018.62,408.4,722.88897633509,990.439640419117,1213.28187425418,408.4,1599.4922597381,169.24,953.445429513853,126.93,84.62,21.16,218.42,115.089590348359,10.19,5.1,5150.64510181586,10094.0856699739,33537.9491573552,12190.2172246872,17258.4852078565
DEB2,920.372703072433,983.7199068948267,588.523795010079,728.754818790799,659.48006853278,1428.14391080107,709.500376135969,0.0,1855.59,1177.69780054161,700.127636876024,924.0274783371148,638.51,503.24289226914,710.3440103850581,37107.1660951967,7107.52234658158,7896.87526692071,15495.9976458381,2000.86,2421.85,2421.85,2000.86,2000.86,2000.86,485.86,823.45823614456,1120.23826623949,1299.45347434997,485.86,1476.72281927723,343.46,948.489074086167,257.59,171.73,42.93,283.84,115.338751077165,13.25,6.62,5152.76502870781,10092.4219469326,33593.7376752013,12190.6252225235,17244.5349575303
DEB3,810.037445211208,883.064956860128,544.381858723151,703.442196293246,665.269767252136,1363.21983525183,705.554936577663,0.0,4693.69334202408,1503.14231039812,678.673260054683,960.485806036847,560.23,475.47480387847,621.738556326635,37302.6219733811,7163.207668077229,7954.947848481979,15550.1245025016,2000.86,2421.85,2421.85,2000.86,3417.17927226974,2000.86,485.86,761.702339614462,1036.48486029398,1154.10127651874,12.3071292891554,1608.70110885498,343.46,965.786404690858,257.59,171.73,42.93,283.84,114.997752853101,13.25,6.62,5321.91492200878,10122.8721279544,33537.0110099384,12229.8216197953,17313.2763274589
DEC0,856.699075607805,1008.28191503522,519.458608733741,819.660283838228,630.867473998483,1524.23309656709,681.406573443268,0.0,4831.49620144416,762.34,696.536709839546,1082.41036095942,559.55,231.3,810.532702490104,38524.9571896672,7263.00431080828,8071.3737848925,15736.521588160498,1018.62,1312.98,1312.98,1018.62,1018.62,1018.62,485.23,623.661659696221,989.4857025768528,1061.35280726013,485.23,1700.62596502287,415.74,969.322346988524,311.81,207.87,51.97,218.42,114.255544259405,10.19,5.1,5043.05887502059,3816.40476571611,27011.952402378705,12202.6589693027,17337.8945908192
DED2,905.775860482923,914.575556224456,497.685559584971,820.079403705773,519.929219729907,1452.31053637837,660.115659686515,0.0,7019.82369161452,1910.38192224489,684.822962693005,1150.03380856677,840.3145363062301,359.3882108731,832.496956084365,33481.6651704079,6192.58783235253,6756.92763633071,14338.756542043,1018.62,1312.98,1312.98,1018.62,2833.76503720518,1018.62,429.33,810.910518243464,1246.76150179592,1282.88511558822,429.33,1416.41557551076,415.74,920.555179318693,311.81,207.87,51.97,218.42,115.925474561631,10.19,5.1,5282.416846398,4098.60190473168,22915.1555464453,10666.6404669252,12496.0825848645
DED4,905.775860482923,914.575556224456,497.685559584971,820.079403705773,519.929219729907,1452.31053637837,660.115659686515,0.0,7019.82369161452,1910.38192224489,684.822962693005,1150.03380856677,840.31453630623,359.3882108731,832.496956084365,33481.6651704079,6192.58783235253,6756.927636330709,14338.756542043,2000.86,2421.85,2421.85,2000.86,2833.7650372051803,2000.86,485.86,810.910518243464,1246.76150179592,1282.88511558822,485.86,1416.41557551076,343.46,920.555179318693,257.59,171.73,42.93,283.84,115.925474561631,13.25,6.62,5282.416846398,4098.60190473168,22915.1555464453,10666.6404669252,12496.0825848645
DED5,905.775860482923,914.575556224456,497.6855595849709,820.079403705773,519.929219729907,1452.31053637837,660.115659686515,0.0,7019.82369161452,1910.3819222448897,684.822962693005,1150.03380856677,840.31453630623,359.3882108731,832.496956084365,33481.6651704079,6192.58783235253,6756.92763633071,14338.756542043,2000.86,2421.85,2421.85,2000.86,2833.76503720518,2000.86,485.86,810.910518243464,1246.76150179592,1282.88511558822,485.86,1416.41557551076,343.46,920.555179318693,257.59,171.73,42.93,283.84,115.92547456163102,13.25,6.62,5282.416846398,4098.60190473168,22915.1555464453,10666.6404669252,12496.0825848645
DEE0,846.5547163117421,839.078978849623,424.280583317714,741.752020840473,512.74878565037,1249.8971551241898,646.313501819371,0.0,7430.219370483971,1719.3551509342303,635.43736337677,1023.83625636356,865.784090779596,371.185168314359,821.756596872363,33580.7722634358,6159.03336510574,6810.32864259751,14408.37943203,1018.62,1312.98,1312.98,1018.62,2860.16866534295,1018.62,388.36,574.792885068263,857.591246856028,993.597570263871,388.36,1530.96470027684,415.74,919.014657927412,311.81,207.87,51.97,218.42,116.601009400497,10.19,5.1,5274.00218764,4107.77808383671,35426.3805456228,10664.7261349339,12574.2973802783
DEF0,876.169604929437,886.3610639294359,660.5341836878191,799.977458705564,520.780861466435,1665.16145791949,594.763576807158,0.0,6890.12014848504,1967.91225472701,570.779158464283,988.6582130162848,789.03,350.323197083314,763.194185515858,25302.9218883952,5021.06222303354,6676.44942697059,13981.501387492504,1018.62,1312.98,1312.98,1018.62,3189.4454931678206,1018.62,565.77,864.824511257137,1362.90193976559,1352.60626285052,565.77,1598.2153890026202,461.85,923.033717266308,346.38,230.92,57.73,220.89,117.115634057008,10.31,5.15,5275.81155778814,3987.7227765067,25561.4235685717,10948.4936530985,12495.9928670485
DEG0,1019.11507197649,1094.78535748713,638.673381782093,948.158926195949,614.718121709952,1449.52248610888,626.836801724089,0.0,7433.87287863385,1895.5227769366,837.347033457099,1180.9104091594795,781.6259841229892,403.652634565634,849.153313566496,37635.7066940743,7160.23860653607,8919.45709544084,17439.6746414012,1018.62,1312.98,1312.98,1018.62,3469.75883650943,1018.62,453.32,800.193610505708,1138.3918086606,1244.57582393034,453.32,1502.99185512439,414.59,930.3986079425318,310.95,207.3,51.82,218.42,116.017711597958,10.19,5.1,5279.59666090562,4062.30701053819,33047.9744608999,12417.3366289783,17303.0391591019
FR10,854.870435134444,734.98963885078,1238.75431317611,947.606769956976,516.782591922635,1000.8622384627702,634.004967528496,0.0,12224.6374785601,1541.95533560134,679.050308385939,991.7274028045612,866.734417463865,650.299942663857,705.728615832978,6419.88464713111,4486.71911566415,12480.4144943469,11003.5102983648,1018.62,1312.98,1312.98,1605.76999901754,1018.62,1018.62,556.45,503.48828029521,990.084771413673,1243.6788665986,556.45,1443.32521024682,415.74,1097.12672422311,311.81,207.87,51.97,218.42,99.0624956555389,10.19,5.1,5773.62830559912,7274.557218758319,2788.29356779369,32448.1809482023,11157.4756591352
FRB0,794.1274852934351,857.011297326527,1046.25579568769,887.842309736875,515.086649617271,1093.61917193854,631.79278077857,0.0,12263.372993119,1558.74923065702,623.9397185762618,942.057443502463,798.287446808696,682.62352841979,591.290716264191,7787.67838991511,4665.16804821124,11405.3266054308,9974.27607271273,7018.12256751487,13600.0903760347,1535.3,1018.62,2732.96204286669,1018.62,593.24,316.714085192759,590.887648764528,874.7978663859382,593.24,1584.75581417265,221.02,1118.38141020524,165.77,110.51,27.63,218.42,102.056420336947,10.19,5.1,6076.34867468531,7623.244832154829,1801.6336215213096,34535.0329281387,15474.041585401
FRC1,828.065987111489,694.709340951713,904.61341043185,854.2274415910309,515.494231784253,1017.71852666218,630.865351461599,0.0,8505.37012940843,1460.9158287502,619.453995698924,932.975406854939,850.165462336202,670.709780472928,524.521260581991,7793.22667540399,4435.42066396279,13779.9561554637,12396.4310915167,1018.62,13549.4065980704,3400.56,1018.62,3847.36926365435,1018.62,429.12,327.308499191403,678.903791612405,901.133199043709,429.12,1489.0666021705797,233.8,1129.68613576946,175.35,116.9,29.23,218.42,100.095640850431,10.19,5.1,6115.63485088851,7043.887511126289,1735.02414255531,31772.0072128329,15475.0097573265
FRC2,790.716450330559,643.942624117989,1037.39715287484,876.098563692799,518.233794379937,901.723949810702,635.187051573636,0.0,7977.05203417123,1591.41748752399,609.097688886662,992.080400417735,768.637709244612,692.278404564719,617.850156361278,5512.75205370523,4211.95853522496,15682.3925355114,14248.3290578561,1282.07,1651.6,1651.6,1282.07,3425.20328426077,1282.07,598.67,313.830243002431,626.571892517859,839.863576056235,598.67,1432.4610422377905,287.97,1118.98390146422,215.98,143.99,36.0,215.93,99.7161272425775,10.08,5.04,6080.91889807717,7021.31522453471,2064.64771834889,37352.3134140738,11228.3556104445
FRD1,847.234441807918,682.585475358099,957.002051609204,914.545664632013,514.384600699817,1050.41239416674,633.815733336324,0.0,8144.08240146812,1564.72854670166,640.467610084085,987.665028783586,837.084164369804,671.800614566183,798.521341956973,5500.698192430209,4113.38099182575,15903.754546184,14113.9870041245,1018.62,1312.98,1312.98,1018.62,1018.62,1018.62,601.03,338.638036035563,634.458844116407,916.610760877568,601.03,1670.31294011852,231.29,1110.33675201248,173.47,115.65,28.91,218.42,103.983971485162,10.19,5.1,6091.0636111068,7533.8876731346,4088.23521328132,38290.9555255972,15478.4693793815
FRD2,991.314351805692,873.2269231503549,1006.66396979109,978.411237254543,512.73463515061,936.596866848658,633.027629251888,0.0,10854.5202614641,1619.65328469659,613.432390752433,1008.07654667331,781.46755788353,684.286455039907,673.3241778618171,5507.98398412654,4227.67782756311,15822.7170839267,14007.352971664202,1282.07,1651.6,1651.6,1282.07,1282.07,1282.07,598.67,417.559417117192,796.8432355259658,1066.91622769,598.67,1529.49376039235,287.97,1100.44340380252,215.98,143.99,36.0,215.93,100.488210722065,10.08,5.04,6090.0078879981,7462.75490754466,1724.13869155735,38016.3065533243,15474.3139087337
FRE1,1021.7096111828,804.7623551817941,1178.02478147888,1006.8402548722,515.895610041597,985.295073566508,633.52640774042,0.0,11818.8165252476,1634.65668799971,566.093569109426,1056.60883761306,923.972580497591,655.691111200522,654.80265445067,5509.97326542277,4356.78585356013,12500.1835760545,11034.6635842364,1018.62,1312.98,1312.98,1018.62,2006.87635426235,1018.62,735.83,490.12521690372506,970.68957606887,1216.82580493305,735.83,1407.56323861897,415.74,1087.05638323307,311.81,207.87,51.97,218.42,100.17311736928,10.19,5.1,6097.3038667521,7300.648060890211,1691.68556792173,38229.624428495,15481.327202663202
FRE2,941.73571900593,807.870132195525,1261.53696276281,977.896181564198,514.871920728819,949.464963557724,634.070742833657,0.0,11984.3232680901,1610.44212327294,587.544356491632,1026.84983087331,892.928679758293,665.343206057079,780.3149176368548,5510.80056912683,3712.83826372355,12414.1562473023,10964.4319435856,1282.07,1651.6,1651.6,1282.07,2254.64939133145,1282.07,598.67,497.635942075071,905.244735976227,1205.81626855126,598.67,1515.00388205447,287.97,1096.33945278754,215.98,143.99,36.0,215.93,99.33548538708058,10.08,5.04,6096.57907663755,8126.80287462257,1772.20742271938,38330.2467707625,15476.3715752372
FRF1,912.80601942252,675.234090565888,984.649894544272,911.597181050637,518.680909814114,1272.2718756511,633.895001307285,0.0,9226.72189141736,1559.01983218834,552.145321372122,1049.91928708691,1013.50184894188,690.504611964747,639.460121206736,5510.22531376504,3834.98286226824,14709.947163186,13397.8042903014,1018.62,12886.1581684879,1321.04,1018.62,3157.83416663319,1018.62,642.35,409.637596215425,782.264381806195,1111.41118325938,642.35,1443.15775375215,291.55,1097.05278634147,218.66,145.77,36.44,218.42,99.74321949979688,10.19,5.1,6059.40365496796,7514.08172853242,2612.78196303542,35764.4073397633,15478.282000096
FRF2,853.976110730816,746.910778010777,780.647464883612,927.438260450158,514.558014098708,972.575335662957,631.973174056861,0.0,13370.3892496449,1618.08194923441,644.376332600639,979.045852656326,796.411895879988,662.281214654962,619.940200523956,5524.69197272076,4146.82563921554,14896.5672099131,13583.5936089775,1282.07,13021.7189922082,1651.6,1282.07,2427.34092956207,1282.07,598.67,355.21572795486,635.883265494231,937.442800968548,598.67,1559.86851571024,287.97,1111.77331593525,215.98,143.99,36.0,215.93,100.994811748904,10.08,5.04,6084.11348371485,9365.06706402087,1198.79159401011,39064.3434744751,15481.9405005099
FRF3,745.429378984795,624.0375525201631,860.5133620158659,850.840688183141,517.026749595059,873.377934555668,633.929650816441,0.0,9919.91389406289,1465.02110522187,633.616520105813,895.95299063926,707.58902289061,667.695035366782,629.445021592946,6488.93577779608,4398.21382815988,15872.5441153179,14095.3366884159,1282.07,1651.6,1651.6,1282.07,2091.02888973714,1282.07,598.67,341.59445277059,702.069179903327,888.539450635753,598.67,1552.09744506546,287.97,1113.43145943599,215.98,143.99,36.0,215.93,99.7476838723363,10.08,5.04,6089.36992057874,6921.97871229362,2120.40214140094,35853.4476036356,13958.078723197998
FRG0,842.465989596657,792.575660296093,986.9608662084232,883.235398601574,515.001445123279,946.735862247283,633.965083033897,0.0,8378.66628043293,1475.42777028814,659.339000135551,946.019435649994,797.955993771967,680.398855676289,619.640985767415,7542.01873871613,4516.63543101446,12761.9266011192,11228.6673207758,1018.62,13349.494824933196,1897.92,1018.62,3963.99956912356,1018.62,513.18,298.794364684097,662.173983804056,745.64460763123,513.18,1683.36759840405,189.6,1111.96851711804,142.2,94.8,23.7,231.69,103.271819089852,10.81,5.41,6080.42428303986,7903.05000462085,1587.61187819433,39274.0438887054,15462.6467835992
FRH0,887.071204280966,743.026356029858,875.7139201099,927.3287655598,514.700222637362,1104.37375241409,632.153891146772,0.0,8430.11086453736,1426.91648061369,532.119871734862,1006.84870104759,792.883249973303,670.178811380369,701.633366903596,5497.65584235238,4208.71428752232,15621.4370421636,13671.3833160846,1018.62,1312.98,1312.98,1018.62,3841.91234468333,1018.62,1231.87,297.825929408853,630.162821616937,809.313896571911,1231.87,1777.6494982963,202.05,1104.11744268444,151.54,101.03,25.26,179.33,115.546306222891,8.37,4.18,6069.34634812369,7577.746352249671,3634.39093091679,34003.2913345758,11127.093164479
FRI1,745.96094476769,697.957239934437,884.963567093005,789.666953185134,520.616750016122,1064.03868595316,627.724300104257,0.0,7952.42017030629,1566.84604422258,603.644010040688,861.269603543594,838.849380675292,658.482486232345,533.576488520372,7792.59671611527,4580.843410812,12957.0417314002,11597.6824951777,954.07,12821.9411094507,2224.69,2270.64473160828,3132.38393334887,954.07,469.17,259.963564792378,583.843765869833,773.180918901233,469.17,1564.33345436558,359.89,1130.0548231524,269.92,179.94,44.99,310.24,101.171605899541,14.48,7.24,5982.06826559043,6987.19655542494,1784.84595928959,35784.563684842,11139.7790814547
FRI2,654.129165252147,660.399540893594,722.91680030423,788.042810417459,514.367482740816,794.13902372919,631.047814911673,0.0,7525.95242173474,1103.83,567.625665087489,934.648910656656,745.444911990615,1011.92812289183,541.520755171005,5510.05206251325,4209.12237032093,15687.1062395269,14282.6276104893,1282.07,1651.6,1651.6,1282.07,2345.43647403429,1282.07,598.67,288.639929968853,612.75627953558,799.395434683147,598.67,1467.30294781469,287.97,1131.50603038297,215.98,143.99,36.0,215.93,99.76584833553,10.08,5.04,6013.19351949003,6714.03858428434,1701.6894563775002,37894.495940546,15459.4722672984
FRI3,817.092297346818,766.122491131948,924.302468195739,862.718392360791,515.176706674174,925.1035841182292,634.813322347748,0.0,7182.71561177786,1570.92025805945,589.232713311018,894.3190835770869,770.9872719092,678.521729622502,603.721526971319,7428.7768855866,4531.67815652815,11819.6218512631,10273.1150979774,1282.07,13660.4253753795,1651.6,1282.07,3529.37748864996,1282.07,598.67,307.696303139046,603.504979039885,827.731001784538,598.67,1571.65073238975,287.97,1116.46737349643,215.98,143.99,36.0,215.93,100.043830113617,10.08,5.04,6093.19692813556,7063.59869440364,1350.54834129448,35435.5812736051,15467.3562390901
FRJ1,631.902276992041,564.714916287814,721.096253554584,743.2775462191689,521.889678618925,651.779890096399,630.920898027649,1059.60393326947,7358.90339681318,1579.64934448753,534.10965623161,862.519936130378,794.223117868762,670.546846763139,533.792183228371,6068.14827673793,4339.62104120326,12263.3303163967,10707.7629683493,6921.01915200015,12707.7022951047,720.23,1694.3189482719,1268.02,1268.02,414.52,165.436000413403,391.684262389074,450.375647643564,414.52,1413.45878016995,383.13,1117.72344464866,287.35,191.57,47.89,185.47,99.137356094754,8.66,4.33,6101.38879118248,6972.85788321077,2112.56695897332,44265.8914913966,15479.096529145198
FRJ2,680.733583127193,675.397174915255,815.788484318036,785.521719082908,515.569853718965,1032.34407362964,632.464085673491,0.0,7990.05356702175,1579.61162639201,588.602651129265,862.852953981785,831.906056406513,682.108771872716,547.811943949921,7761.70984941065,4568.09051509969,13814.5678225588,12294.2348197079,1282.07,13198.4410199349,1651.6,1835.04422001022,3158.94502414741,1282.07,598.67,253.929489771058,529.431744267056,641.939920378233,598.67,1558.59026418598,287.97,1136.76919373277,215.98,143.99,36.0,215.93,101.278115734912,10.08,5.04,5995.18254137465,7915.56121782416,1010.82708779074,38450.6331498323,15482.1752980161
FRK1,724.759530952969,712.090362953143,896.321705699804,815.115023016516,518.361089139499,921.215881126025,630.047320998889,0.0,8022.42667691455,1440.37803172402,640.59510184939,937.6236125017648,832.164540200546,685.945240973339,453.067310439645,5524.01436226812,4187.60353775242,15147.7415345279,13824.848079359504,5720.31504075086,13804.681338386,1207.15,865.87,4214.97405101214,865.87,466.26,303.875121048782,614.117936621616,709.240978756771,466.26,1515.33572981323,289.3,1127.35024641833,216.98,144.65,36.16,172.93,99.8805384337434,8.07,4.03,6091.01592586941,7505.70670054676,1724.02115014988,33710.7977131192,13065.9331443796
FRK2,755.905649903961,691.093103225968,891.13526297922,851.6792716968821,517.188813980066,1026.53167722252,628.950137111014,1017.640705328,7224.778295179681,1582.04573723755,598.036340313325,994.747536553054,983.542489890852,675.25159613124,626.710192003136,5527.91689126527,3959.13062406688,14073.4355898211,12767.6308733442,6439.336822097791,13507.568777732102,1651.6,1770.0869747236598,3717.79100621937,1282.07,598.67,265.350087311912,577.474306643726,688.901908585438,598.67,1569.76546479986,287.97,1119.90732455914,215.98,143.99,36.0,215.93,100.387487407326,10.08,5.04,6061.16700110851,7690.39005714152,1422.51944417309,32265.6754115581,13783.2183324236
FRL0,562.303292221959,570.381190980086,650.422742630948,705.969732839908,516.482891720168,917.152025368028,629.662341756937,1069.03374439552,8426.14422976532,1580.63887542194,533.901672711656,771.445737748614,821.459771488058,677.878448056759,495.832389086545,5512.47802454357,3871.70891541164,12754.6219814542,11364.3000406768,6666.46537704728,12816.367090379,905.88,1877.4765029114096,1256.74,1256.74,531.01,163.554425671752,383.690193915813,448.651560212373,531.01,1382.95690892952,236.31,1114.13342656767,177.23,118.15,29.54,218.42,99.1106517545619,10.19,5.1,5841.75818724122,6737.3367332071,1037.46943871551,35777.0863978457,11157.9992809474
FRM0,611.001001468071,589.299529547726,397.4337115769591,694.109564963405,638.59425345593,1518.55332243516,707.385291313497,0.0,7525.7029641023,591.22,522.360322689683,877.443137097788,447.513381431425,2075.84390964921,440.89085677611394,5723.47376642824,3826.14470244394,15188.2841102538,14028.4270943993,7055.14006227863,14179.1796524081,1312.98,1681.95035688575,2065.66,2065.66,485.23,163.778191455693,377.164692675402,383.976178259077,16.9359109005145,1360.54479142651,529.75,1123.81904225735,397.31,264.88,66.22,218.42,99.0412840496369,10.19,5.1,5871.99519669403,8249.92400090824,1716.29160247675,31732.6769434752,15750.7592372624
ITC1,644.294059869304,840.049323692078,870.77167197492,692.675933412878,440.8373104007209,1270.79070821323,647.869134394768,1046.87253836312,8525.07967897503,1457.03456077838,949.007275802667,794.242777427341,979.144993593647,1787.66403569341,376.714758244642,3028.19005394051,3299.3368726751,2824.93534807851,1867.86746260939,1166.9530092287,11506.1845524959,1542.56,683.428217117054,2236.35089656411,817.45,639.04,213.240308008509,1572.59952505419,505.371326996073,639.04,1857.41745836688,536.34,1228.35215563129,402.26,268.17,67.04,162.88,204.777516408652,7.6,3.8,7477.4930477011,289.931375853187,15104.498528989096,6912.753664642651,9022.87053169452
ITC2,474.166555288927,2843.64952861144,636.2391008099081,1130.97552931066,257.32,1013.84576002043,770.200533225035,0.0,4143.924213876,821.73,404.14,577.23,603.14,249.32,210.42521705001,3056.3956766945093,3378.78991040656,2650.60542240776,2531.8123227581004,1018.62,11389.1647048895,1312.98,707.485625389902,1018.62,1018.62,485.23,214.073475222815,1503.42196884925,488.721787051484,485.23,1632.97261262621,508.07,1206.31380975104,381.05,254.04,63.51,218.42,190.991110595537,10.19,5.1,7641.30946095097,0.0,13338.7869680231,5184.2271823026895,9029.99645571641
ITC3,585.03043062286,724.4651340045718,970.0985620797708,457.735919149513,554.417627916597,802.614663124351,776.5805713996601,0.0,3461.68667571873,1196.04,888.833723038803,840.17,877.88,5435.29444009434,1279.56531521564,2196.98181341922,2337.79144962682,2752.33553027807,1634.30680696049,1174.07481313329,11325.653170774702,1312.98,906.990285207017,615.33,615.33,3617.56,190.682793284369,1384.67116311605,444.901294906672,3617.56,1593.93985194451,243.41,1203.76420427789,182.56,121.7,30.43,218.42,187.221507529149,10.19,5.1,7677.9882377737,232.844501683423,13093.1757296857,5140.78462870895,6740.19739061626
ITC4,835.6640523873689,1008.760422173,639.935327674933,721.381316262859,441.242702348571,1499.44400222667,648.01580298197,943.89985065794,4606.70217989128,1431.66297251043,933.021711375288,1166.13200066963,1219.98707106969,2235.64950204336,751.811966226332,2990.8672482897,3311.43905835161,2810.78481326586,1913.04884147511,1164.41213577038,11302.2257361203,1104.22,727.750384312684,2160.11700928258,1856.06,767.63,195.075727618565,1488.81588862769,473.5187785166221,767.63,1795.15633337387,424.74,1173.49256815665,318.55,212.37,53.09,97.13,230.043175784336,4.53,2.27,7539.374705957,273.98194620219,16406.6353912008,6919.88356401051,6705.50897739404
ITH1,715.547611359355,709.332954279989,615.890354240169,803.389431335545,555.408430099589,598.007952304909,770.925454098732,0.0,4328.49964889492,935.129101540558,798.615355804742,577.23,1192.97414557447,5198.90966696538,504.520449841748,3005.92079966465,3336.51185077642,2676.27870594097,1871.61193831862,3570.35,11414.4260615744,1312.98,705.594015531071,3570.35,3570.35,485.23,308.190162103633,2178.16798210305,727.206156759439,485.23,1864.68318421244,415.74,1222.56873102743,311.81,207.87,51.97,218.42,188.09775332686,10.19,5.1,7540.45469612431,311.706617979148,16116.675416511502,6109.58338438948,9026.43089075071
ITH2,715.547611359355,709.3329542799889,615.8903542401691,803.389431335545,555.408430099589,598.007952304909,770.925454098732,0.0,4328.49964889492,935.129101540558,798.615355804742,577.23,1192.97414557447,5198.90966696538,504.520449841748,3005.92079966465,3336.51185077642,2676.27870594097,1871.61193831862,4798.29,11414.4260615744,1887.74,705.594015531071,4798.29,4798.29,485.23,308.190162103633,2178.16798210305,727.206156759439,485.23,1864.68318421244,415.74,1222.56873102743,311.81,207.87,51.97,218.42,188.09775332686,10.19,5.1,7540.45469612431,311.706617979148,16116.6754165115,6109.58338438948,9026.43089075071
ITH3,1030.16833698319,1035.33727093397,937.247075528203,909.744411571862,438.9000300554949,1147.20149992529,647.832941870094,800.253591096416,10237.1543340304,1650.06391881777,1007.92243462462,1092.90116120756,973.103880981204,2186.58270470636,1025.6151210921,3027.34726506331,3292.97242912083,2818.2491262575795,1813.03486634566,1331.31,11336.9057538521,1788.52,738.641174611826,2212.84346200345,1331.31,664.07,330.302430131217,2264.76755718154,747.928044414895,664.07,1974.01206491316,574.39,1207.89693895139,430.79,287.19,71.8,59.18,205.697584868319,2.76,1.38,7547.21637439101,337.442543084871,14726.8915076494,6906.98564872582,6708.51473117029
ITH4,706.517056871269,892.0829344805569,767.260942114716,740.352583590528,440.0620181484771,1435.6560310021,646.792348085167,794.7309605099931,8737.03449076844,1353.04074891311,1371.3626466271105,1293.49519744333,1496.24297009421,2084.25328897255,682.987769870348,3029.27523254714,3282.4447940048603,2769.60234437439,1816.24799172944,1018.62,11338.4734502145,1779.43,706.3842641485771,1598.22299403825,1018.62,581.67,193.983403447057,1486.61997703795,515.942248868221,581.67,1715.2017647817,415.74,1209.99194082842,311.81,207.87,51.97,54.44,193.942489972431,2.54,1.27,7547.37874275445,305.394836390754,16192.1711491168,5139.68937870553,9061.7597780596
ITH5,986.184904622205,1084.79822886291,896.3894877213991,858.663635495419,440.72790513769104,1112.52103148279,651.058150517064,783.9272637495769,9633.22402055089,1616.11669841485,985.349458226639,1290.75703227788,1207.53535961972,1792.09421856854,653.53708128442,2194.68484426492,2364.83021426373,3356.06781900716,2038.53377667167,1634.27,11491.5626880288,1216.16,748.581383152773,2769.90145790266,1634.27,658.96,222.60217856729403,1641.7048849714602,536.41193177911,658.96,1773.06423129525,415.74,1189.30800276034,311.81,207.87,51.97,218.92,207.220014413414,10.22,5.11,7537.688654091259,240.934630969909,15821.833095995,6931.986879665,6711.82001292538
ITI1,543.682148148423,553.127679358355,496.869229499728,436.016958977491,440.456272694868,942.249032302384,648.565209062597,804.233407840873,4296.8140616317,562.23,611.669035136391,675.535788713915,719.756641279687,1976.59405837296,388.005679294437,2238.32345841082,2323.65304335133,3408.81013032619,1802.66383919288,1165.89121855307,11189.9542187061,858.39,813.882168744253,1213.43898614975,245.35,329.77,150.576262375192,1072.08814008688,352.485647047085,329.77,1921.16828749575,401.47,1261.2335309363,301.11,200.74,50.18,218.42,194.418215327342,10.19,5.1,7747.10194766297,238.159681216621,13479.4504583249,6816.4324562328,7311.56723891964
ITI2,837.479652217584,846.928375790244,944.206025277842,757.815276495029,436.220474466789,1001.57898269365,652.198900661616,1042.36728097953,4389.08204567361,1410.26,687.380943663251,738.3817235179351,567.493456455651,2198.04288430543,292.276402177136,3023.39139731201,3275.10354085339,3023.17308183766,1483.7169542727,1165.3808025217,11374.4113545566,1405.85,557.945989918196,1577.68885997527,1483.11,852.78,156.375412325042,1110.32833730821,378.826322756666,852.78,1810.2207010745,397.11,1245.72864548654,297.83,198.56,49.64,102.99,197.316366535344,4.81,2.4,7748.09300738632,290.420982611256,13832.0299058422,6875.74276234657,9061.04885343453
ITI3,717.584662950469,770.466516721881,736.864218609919,585.426437876831,432.045981336734,868.267453772723,647.830880870937,1043.43064362235,4212.94067041565,1427.26,648.705611874376,661.283227992476,994.1045035240212,1878.86480748625,469.000162465575,2703.38750502687,2927.21658107338,2798.95810762184,1733.93724966919,1168.35418434165,11446.376062511,1405.85,679.124488506615,1573.68918293426,1483.11,852.78,143.450844308191,1098.93641911401,367.355950007015,852.78,1809.79146071484,397.11,1247.23163981459,297.83,198.56,49.64,102.99,197.033919955301,4.81,2.4,7745.93044241389,283.655528349695,16261.1120399546,6898.93299443601,6704.63892905814
ITI4,626.824669785028,542.764124907038,597.108401236156,458.030152784304,436.432651645954,1071.36258962868,649.31216797352,1042.35621672993,4575.48541307659,1467.167564631,562.6536067446699,605.645142368092,521.908066922081,1722.17474321197,380.442149799366,2326.61138060057,2333.17657807982,2760.96896007098,1685.0589972142,1177.14202739104,11110.481054486,1312.98,791.17799270056,1493.90328526364,491.75,579.25,190.154861846763,1296.03876714141,426.187096078769,579.25,1625.4384561061,446.09,1199.09696627624,334.56,223.04,55.76,218.42,189.725229020821,10.19,5.1,7538.37753763682,263.524011476861,13342.2017337023,6897.39131499781,6710.278356337749
ITF1,636.491739420658,628.38073710076,729.369039150607,492.1559499631991,435.060646341438,961.328325112269,648.752546525022,1051.68024885612,8960.71926115083,1411.81,607.314358771619,991.74,1044.53638045618,1743.00365478855,734.980737434819,3027.92330724446,3277.36475237784,3810.54518741858,2089.05041853078,1161.03674977881,11649.0437719193,1030.32,507.052787818593,1018.62,1018.62,871.07,162.377560477929,911.984496633031,347.984212733689,871.07,1973.1937701824695,415.74,1270.35848828249,311.81,207.87,51.97,218.42,190.73921397949104,10.19,5.1,7593.41128442234,302.98705887168,14511.4475739149,5955.47595401243,9063.18435762654
ITF2,609.511311090079,601.542005854626,885.5429244708281,643.002975252139,440.9955751425969,563.821564715569,646.841910509505,0.0,3754.42085308079,623.4,647.114142022321,437.92,424.409829801563,2015.36545121346,531.919327984326,3031.13430410414,3278.52201577662,3772.0846721876,2113.55483381763,1161.39057422842,11667.6898168895,1312.98,583.258185278576,1018.62,1018.62,414.73,266.790850289113,1334.3752591502002,503.834561712317,414.73,1735.14317742913,415.74,1217.34876867707,311.81,207.87,51.97,25.38,188.631122667044,1.18,0.59,7616.29738895784,282.568058176753,19656.3591292215,6881.20680868818,9060.14889780795
ITF3,670.008277011353,630.880329170591,638.282593406851,585.18960592769,459.565046825321,1012.19260786747,740.099323261692,1039.5279932208,7387.972072241919,1696.83105474826,693.78992358811,386.362980958023,962.931228953398,3512.56530867039,418.808715627288,2197.18196562826,2329.17578989988,2756.59190116688,1734.57447589024,1192.49629450635,11435.2577084394,1954.98,791.030984153555,2701.2317561414,1051.71,974.13,399.526996250518,2487.53088608499,800.27605331496,974.13,1766.32515743313,253.96,1181.62416222673,190.47,126.98,31.75,218.42,190.043849959213,10.19,5.1,7539.193840789129,294.161643174111,15589.8840055614,5149.06246439016,8967.58148213798
ITF4,561.252654191402,612.976413012261,899.508343856249,419.950557221426,449.10599302181794,1016.40172697257,652.736932903281,1045.30129984835,4598.08268646821,1656.23437808256,681.072721789943,590.369170168936,1189.18861179979,2027.94512631006,429.528784285468,2190.80021600808,2310.20250365297,3831.54482151258,1924.30012591482,1165.92318298039,8586.94970319242,896.22,526.366661215796,2348.11430081235,700.78,650.9,206.784046885213,1235.93203769626,434.171055540737,650.9,1959.15617266362,415.74,1253.82801325486,311.81,207.87,51.97,218.42,189.61965309300905,10.19,5.1,7729.51631232683,279.418884010084,13787.539345224202,5128.113670471799,9065.97207057062
ITF5,582.056166480224,622.083800029164,494.020971476515,492.771086397322,549.209084810634,610.69701807387,765.55123185982,0.0,4963.15826195525,1444.42812795828,521.026266151256,461.735205362307,1187.20281761881,2056.58253656822,336.064230151532,2742.49379631294,2977.2789227973,3479.6413571047,1983.5099275835896,1136.47126759367,9401.4155499209,1312.98,546.123852925275,2259.98852542113,684.7,337.37,337.37,2894.99182379684,1034.23035282269,337.37,1831.3997869718,185.54,1217.73197151709,139.16,92.77,23.19,218.42,192.043235211378,10.19,5.1,7728.541109948259,288.482132925295,19986.1662132271,6568.13590814445,9062.98691604132
ITF6,657.046193946904,664.852405331582,901.106629755882,569.85235009569,604.567038162028,705.049424908298,857.909334006689,875.219189170783,5250.9034826513,1691.8648767236698,974.570358929453,1040.08838810948,816.813435492964,2175.0661453056,496.656617374538,2288.85619257718,2382.24127441705,2835.47113170491,1581.7684331486198,956.478349492672,10444.447992519,1405.85,429.05885467819,2411.0371587567,1483.11,852.78,309.444194835274,1676.48751858377,476.524536670193,22.8297708446869,1818.75670607546,397.11,1240.5896884269,297.83,198.56,49.64,102.99,190.037932429791,4.81,2.4,7728.8559310574,324.374811036067,17619.0370800486,5336.27373643254,9310.15078713369
ITG1,550.982394009265,512.014088702955,385.844373131286,522.886451614351,549.883733935642,976.493298799541,768.736761110661,720.864482378128,4324.37089169412,1752.21731075184,817.892865593453,1099.71070102957,1196.16795523935,1674.45072093421,437.4256797778031,3030.24288324001,3278.50356702533,3439.24324648374,2112.68720580343,1088.74956207208,10619.058278914,1274.28,680.248447418947,2295.0629727607,1483.11,852.78,250.496463428411,1678.05383367422,536.266003672258,852.78,1704.9208927925897,397.11,1211.11921710917,297.83,198.56,49.64,102.99,188.595565692196,4.81,2.4,7538.04880378941,286.47076753971,19502.7244207575,5647.277894012229,9071.69074590553
ITG2,700.99344486228,631.281110641717,947.588613187334,469.550808913814,551.249693502242,955.0368153566848,770.0227469655789,1115.16888372174,8708.63638918593,1534.04986416735,716.534829996558,323.675879192525,885.35019371236,1696.8606090041,416.62139441206,2196.60019512663,2341.42079784364,3847.7970421474,2358.59264591449,1203.94705288206,11077.3717335673,1405.85,1005.57447367164,1483.11,1483.11,852.78,225.52502140842697,1523.27259352863,494.991898237832,852.78,1582.28834243427,397.11,1196.88555660753,297.83,198.56,49.64,102.99,190.796471754559,4.81,2.4,7537.265616984879,274.774115067645,13517.3278881908,5154.26217247663,6709.86144253922
ES11,272.91715790307,282.342955562579,399.135132493206,275.092674907292,224.007454736295,542.877550255055,286.391243998745,0.0,3769.46131671321,1878.0771808724403,234.594196476807,697.895061751086,189.11,191.461173070403,263.829010834764,2761.25528996725,1900.04054673038,792.388335902166,899.9452449071281,2387.23368299817,20077.4910523977,1312.98,429.511809638107,452.92,452.92,222.23,119.133230043954,642.845200795431,238.35043905575,222.23,1713.70622612464,379.65,1275.10025384916,284.74,189.82,47.46,19.98,112.190702256808,0.93,0.47,2329.94461798598,460.4134775523,4996.06845605488,2442.96829078258,15699.9767410971
ES12,184.599980881676,257.964694842782,334.6523208974091,338.315857566552,259.237237860922,302.045484866238,284.067807814061,0.0,3358.9468106006702,322.68,158.7,581.41546925089,236.84,142.141068061551,124.709466800174,2680.40169177368,1830.87368373909,730.084092688757,798.41429638713,2431.52278174494,1312.98,1312.98,452.92,452.92,452.92,222.23,138.950350442967,712.550107927838,258.652923237796,222.23,1629.9921037309,379.65,1275.08485104238,284.74,189.82,47.46,19.98,109.362624404682,0.93,0.47,2296.70200970583,496.70043999285,3730.86967613694,2423.39354882281,11462.1725924762
ES13,266.456176304732,286.596071338758,101.264749435997,199.333688115089,221.305370390574,709.495078614901,251.145900488769,0.0,6527.95547921566,807.236147770818,184.135000409522,439.3814408358701,259.06,143.947696750247,139.460180254594,2795.0364427891,1788.67058793373,782.207128924237,880.936142309902,2331.9161288213,1312.98,1312.98,452.92,452.92,452.92,222.23,179.610744055968,910.269012047887,330.574786504188,222.23,1713.9371236495,379.65,1279.40931132456,284.74,189.82,47.46,19.98,109.352383110586,0.93,0.47,2311.88965613125,0.0,3737.95651297508,2431.88583179813,12079.0109914772
ES21,519.40875373022,331.559629853292,657.9066137549919,498.47840104958607,223.08194344361,332.790857134649,246.501761420952,0.0,7434.95708391646,1954.38044871009,417.654988341224,918.909807870112,300.63,327.650304249797,222.307669575118,2709.63104281046,1856.8634111629103,629.531455510492,726.110058544062,1660.85179770391,22237.0243693976,1312.98,449.675027758626,1285.09655209841,452.92,222.23,183.781160451522,665.224228239209,324.909862358499,222.23,1625.52122170969,379.65,1277.17111238311,284.74,189.82,47.46,19.98,109.70175312169,0.93,0.47,2349.9187070788003,709.851829680426,40669.3699703247,2428.10398592558,12880.917068756902
ES22,457.023507428358,333.851418008621,508.794501493757,436.3735864387531,222.999923038042,814.536668407614,248.99187297268,548.843359674692,4741.26985090027,1581.1291509251705,319.540318042519,739.755468864041,985.800700834799,142.57,269.718946931932,3984.40440233205,2602.99756656413,642.881047561495,780.996000524339,452.92,22711.0242346017,1312.98,506.96331897555,1191.03844418154,452.92,222.23,189.073168185571,681.293936070411,333.350589959209,222.23,1632.8376164495503,379.65,1282.15072230914,284.74,189.82,47.46,19.98,111.330496863659,0.93,0.47,2316.69048378573,756.3326124358239,8996.1236425205,2471.25995681137,16532.7030080454
ES23,382.697928908374,430.674962038268,491.182938370447,451.197174138319,202.939866571248,793.565450631908,248.886839049958,0.0,8135.60803212176,1628.55403082634,319.273891431764,878.486013445945,833.6371945286851,388.64197927638,218.288815181379,3959.82281035528,2631.30975323988,803.403065416124,985.819169430189,452.92,22717.5831582398,1312.98,460.81307758218,452.92,452.92,222.23,105.068650308592,450.063627222346,203.251736532155,222.23,1601.34301277506,379.65,1279.14288038,284.74,189.82,47.46,19.98,109.900040855592,0.93,0.47,2406.30792107584,540.188497446727,11633.9597247102,2481.15691476025,16439.412558783
ES24,335.633304016518,213.4866142058,308.719821537195,369.369882646002,277.369953566148,1019.21616279772,262.50114773337,511.81587805279,5767.75449383228,878.688211778381,227.479890393264,605.213553058952,1141.17570793561,913.532408595207,242.247946905545,3942.09267384686,2573.06510330944,622.220311330417,744.501011493264,1690.42041311581,23292.5813568201,1312.98,436.84984135134295,1100.12621639493,452.92,222.23,109.185779366029,446.259534875686,207.001066918549,222.23,1668.05358522702,379.65,1270.1130041963,284.74,189.82,47.46,19.98,124.599761858209,0.93,0.47,2369.59657183177,853.247712457383,12942.7272238432,2507.22139854559,16725.8089753291
ES30,233.493192240857,1180.14064274231,216.383660453922,304.896336934932,223.112710168806,839.3435671060112,277.062013748127,493.817769698168,6366.578612632419,2051.28484608688,228.593731280738,515.295892552546,871.759634743134,140.0,144.285672918356,3966.367971559191,2596.57343639915,891.225812998832,859.444886105794,452.92,22064.0151166675,1312.98,492.212430636016,452.92,452.92,222.23,108.92075115211398,573.843197949414,196.426292007638,222.23,1533.24998089689,379.65,1273.38750910867,284.74,189.82,47.46,19.98,109.674361409571,0.93,0.47,2391.28788644461,552.390977353282,10026.8527355818,3791.6960508394,15634.3323690942
ES41,312.556601997296,338.217790457132,347.07955379602,344.996597229139,224.07759027263,868.326579574681,288.520286468316,0.0,8035.28241025208,1620.63431005741,231.395782178644,690.645315256863,1392.82523827709,178.991917779952,168.405083746652,3819.57553370435,2575.98691036666,888.341221862255,904.456401655372,1838.50713006604,22702.4027755076,1312.98,462.106065053424,1426.64589926811,452.92,222.23,108.336826694263,550.235448820708,199.854814972348,222.23,1537.92528954165,379.65,1266.74503831554,284.74,189.82,47.46,19.98,124.606806717312,0.93,0.47,2312.05809285346,753.751684128688,22635.6149494063,2705.90811739266,16155.0681806411
ES42,279.020432289008,322.823664154249,226.608174140991,340.648693747744,245.068676783708,926.380466386188,313.90053187381005,673.95235232087,5201.65869246539,1986.83776042735,167.330506202237,807.338484646064,848.607153638655,217.03992982580104,184.813135514956,4027.99536036948,2583.65900859819,872.346427105479,906.096449603538,1780.45520441752,22264.4790640326,1312.98,491.867567148194,1736.23150604221,452.92,222.23,216.542203738707,906.3327943601308,353.62436170011,222.23,1465.69099282072,379.65,1280.33988430345,284.74,189.82,47.46,19.98,117.799175050187,0.93,0.47,2297.10375045107,854.5290671083511,10299.8991754276,3707.17314613898,14488.823644863098
ES43,298.903105886177,279.352411737486,97.3813079324275,322.01278541723,261.624653515685,1065.26636322708,310.77265163289,652.471808843722,7358.53360410193,1846.47150582914,232.838820167186,485.415740827935,1325.13748762904,434.299189196812,151.608298284617,3954.97376901574,2538.61662208095,779.699530434562,868.644837465419,2641.69537136011,21595.789018790005,1021.11,375.155153295328,1754.68600890709,452.92,222.23,141.763725067685,671.808085150251,250.873707796407,222.23,1504.22545633305,379.65,1268.76909870309,284.74,189.82,47.46,19.98,115.954317112278,0.93,0.47,2242.96001648501,874.09801951206,7104.35700012008,3725.81184019092,16025.3026337379
ES51,371.67271353105497,453.040839754536,568.618659298262,405.82189539548,223.708249170976,752.70162109813,252.94192983405503,588.247502322898,3909.59087562462,1882.52954996654,302.985475673509,652.479440957456,963.650565241784,533.3625790785,264.893831552689,2794.00111583004,1830.55742277344,660.838889113393,685.285779936502,2494.1907499001104,22680.5549991948,1312.98,433.12649909377006,452.92,452.92,222.23,157.108862666164,780.501092435722,308.57822497419,222.23,1699.43149010803,379.65,1283.2927377109495,284.74,189.82,47.46,19.98,128.64421188653,0.93,0.47,2327.9990076361,854.00730631826,36042.425676909,2917.49438092347,12626.0101280774
ES52,232.095067416998,193.399041548146,193.160709768963,235.01056103728703,277.218945741228,784.768350010897,250.563273413973,686.1708976286,4423.51503463025,1889.69792847538,118.939966307474,747.314566689852,267.21,367.003855581298,128.348796239338,4001.6525401848303,2488.69243379186,689.700039482695,930.1432373525388,1951.69882362772,21268.6602980072,1312.98,487.772344458809,1751.19281299086,452.92,222.23,523.823970406912,1996.82196692127,932.8315772003592,222.23,1597.94233599567,379.65,1285.39983133662,284.74,189.82,47.46,19.98,113.027302829872,0.93,0.47,2322.49010287824,799.9675097897111,20387.625410325,2554.88553735229,15682.316662002402
ES53,198.868741275898,241.785425921389,255.61324290414603,251.679674427317,276.079746913121,401.789106953922,288.08032254998,285.205586098454,5466.19269762341,382.22,112.78606869962,641.353020419167,1310.02956832571,901.778238010597,127.37776506423,3905.69070421745,2564.44806787902,795.939713404239,934.906695385732,2173.25363435535,22255.3217644714,1312.98,451.177809417477,452.92,452.92,222.23,119.138869276027,597.80882498308,215.94514707397505,222.23,1711.52308526721,379.65,1281.87829135779,284.74,189.82,47.46,19.98,109.757009479988,0.93,0.47,2368.74041246023,644.043545304877,13233.1829336268,3281.58200337769,15977.1435440768
ES61,290.145152721817,275.575167177945,221.564105714222,294.721547014922,273.297058222246,855.309451532187,267.454631038464,870.1684771766559,4340.91550726509,1944.70787129183,228.00896644015305,496.044050557298,732.184264993796,522.317722748783,170.648428350674,2811.09719213305,1856.7674787890096,664.943492110415,852.767093104921,2482.77413295136,19622.6749769411,1106.03,327.38607524297,2223.05072225524,452.92,222.23,134.028122627745,517.992622245661,215.737561336185,222.23,1624.86572638736,379.65,1273.71957157051,284.74,189.82,47.46,19.98,117.333335534619,0.93,0.47,2315.91212188971,921.603797212365,4396.75598193248,3134.52580266424,12101.7718584246
ES62,222.843621706781,159.546977189467,91.8782948492893,230.941326427003,318.32064386857,831.043392068903,297.647087520846,542.597867093281,7267.35994781085,346.24,216.108923119295,2573.24364955501,254.14,673.005467516546,128.856310299478,2876.8391451361,1849.43368657806,674.195511996912,726.761217701664,2551.74610806624,15865.7254868848,1312.98,463.457151893067,452.92,452.92,222.23,1464.94271247402,3152.61833122503,1614.26826401142,13.9662105810857,1536.99074251431,379.65,1282.41810303351,284.74,189.82,47.46,19.98,117.434220830492,0.93,0.47,2318.08416871727,606.064394018263,16864.8965901344,2599.68279854253,12742.5416105455
ES63,190.13,184.86,158.57,172.29,126.85,283.23,184.95,0.0,864.06,405.08,199.23,284.55,297.32,122.9,158.7,10824.03,10824.03,452.92,452.92,452.92,1312.98,1312.98,452.92,452.92,452.92,222.23,222.23,222.23,222.23,222.23,1067.45,379.65,332.19,284.74,189.82,47.46,19.98,19.98,0.93,0.47,300.0,0.0,0.0,0.0,0.0
ES64,190.13,184.86,158.57,172.29,126.85,283.23,184.95,0.0,864.06,405.08,199.23,284.55,297.32,122.9,158.7,10824.03,10824.03,452.92,452.92,452.92,1312.98,1312.98,452.92,452.92,452.92,222.23,222.23,222.23,222.23,222.23,1067.45,379.65,332.19,284.74,189.82,47.46,19.98,19.98,0.93,0.47,300.0,0.0,0.0,0.0,0.0
ES70,165.439742432715,270.435237529363,136.601241359681,228.922791749644,273.483357871866,305.932194556317,280.914751990929,0.0,3611.13377571851,1565.46958490516,134.25,191.75,200.36,82.82,149.24759328146,2758.37913347456,1824.82903265738,614.798922186407,721.600730214316,1747.1432392928102,21992.3485517926,1312.98,415.663556370642,1388.22253995261,452.92,222.23,221.71921397981603,947.3607659273732,355.309190668667,222.23,1607.9199627131302,379.65,1278.2442322031,284.74,189.82,47.46,19.98,109.732481057328,0.93,0.47,2278.31538388495,449.470638457711,7728.05799304794,2372.87689241827,14087.5718958239
PL21,617.574500452342,358.92,472.102375114698,463.032563406012,378.350289151369,913.632493137754,602.586097794883,0.0,1990.29957050432,1305.63093260421,727.445486532663,1115.42088492027,359.234368444913,1042.48294942515,176.87411307124,1740.75277114978,1330.92523566899,2433.87922902857,2347.58122672938,1018.62,4279.5304541028,1312.98,1018.62,1362.13287461425,1018.62,485.23,186.05555882219,409.579666687101,221.791673577394,485.23,951.117333489158,415.74,670.746484171728,311.81,207.87,51.97,218.42,71.6291375636121,10.19,5.1,985.58264081675,112.949609995651,115.086601415887,1081.40452934017,4880.38535708022
PL22,675.334773590766,413.55,465.681746743946,471.85429076436094,378.355124954204,908.605126906826,605.085134240119,0.0,2023.86470446395,1311.76415633468,750.268882928012,1055.31441801954,344.54688892540804,1006.09539505752,171.189555005782,1728.83411678294,1324.8952813028,2402.67461360102,2299.31249033197,1018.62,4290.40813013665,1312.98,1018.62,1156.41644333292,1018.62,485.23,225.07174476735895,482.625778342865,259.670932159203,485.23,940.5802479621713,415.74,668.671909103802,311.81,207.87,51.97,218.42,72.0834012072075,10.19,5.1,984.869456854361,116.476936748355,113.183892805562,1080.5147251198,4877.365835588161
PL31,721.599205205315,407.87,488.805559145429,470.198916938307,440.4705299153009,774.386689571863,647.046423277158,0.0,2237.26149528369,1202.39235486952,763.1431534138629,1093.52189383689,385.734513323733,1027.54579108721,176.94406073346897,1806.56069270465,1343.81198788384,2239.73314005117,2176.84701244533,1018.62,4244.21411400337,1051.17,1018.62,1052.39081741232,1018.62,485.23,225.548001511476,458.724219237276,241.916482514356,485.23,911.707390018076,415.74,670.288705657674,311.81,207.87,51.97,218.42,75.5515476402108,10.19,5.1,964.398610251871,0.0,0.0,0.0,0.0
PL32,607.534535934029,368.75,433.861656558372,444.38251447872,377.550283239481,939.091093684517,603.681939743812,0.0,2051.70828861959,1324.90117455385,725.39227412804,1019.0606218436,311.761839012176,1004.73498324057,173.104034599082,1740.74924886281,1333.57255404783,2458.43704196304,2374.93778377673,1018.62,4279.18263060439,1312.98,1018.62,1314.53666166519,1018.62,485.23,119.522940422893,281.666255155667,149.478790172789,485.23,858.489936064025,415.74,670.349793582552,311.81,207.87,51.97,218.42,72.1057613337738,10.19,5.1,981.547782812583,0.0,0.0,0.0,0.0
PL33,582.499283510889,415.46,392.988468374286,427.141811399828,376.092413731106,825.698976090795,600.643499711855,0.0,2010.71720603418,1285.43081445971,696.102334242184,986.047935835808,341.190657034457,993.9132697745888,170.546711655697,1739.01794586852,1334.48876349171,2496.32866439404,2404.8425302972,1018.62,4280.76192364886,1312.98,1018.62,1181.0952666954597,1018.62,485.23,208.91514079363296,434.622306363967,221.792010294394,485.23,901.527665476443,415.74,674.34665319784,311.81,207.87,51.97,218.42,72.8438789691688,10.19,5.1,982.717599514324,0.0,0.0,0.0,0.0
PL34,593.795015579936,434.85,400.562747157843,406.680633052805,442.963471860014,751.346490688778,648.141009669537,0.0,2111.94481216423,1096.42751151522,702.485365108803,1082.98570343011,366.221554111028,1009.73708635951,170.906713503363,1807.24678509378,1336.12107654286,2099.00749108141,2053.10266404786,1018.62,4244.38262240317,1312.98,1018.62,991.955631817954,1018.62,485.23,237.915957484913,481.077594073387,249.307076378004,485.23,994.266424987466,415.74,662.883703942953,311.81,207.87,51.97,218.42,73.1498764687492,10.19,5.1,976.416443198968,0.0,0.0,0.0,0.0
PL41,663.998262066569,394.61,444.53380694533104,433.255479990194,377.790653315478,813.428500789163,584.99407034645,0.0,2262.06757193736,1280.35018246824,864.783643278705,1048.33687364956,361.260680074349,999.799903135106,168.075897503292,2387.0034822005,1479.86476776766,2255.28911978851,2201.95732025491,1018.62,4295.2394489467,1312.98,1018.62,1020.26408283504,1018.62,485.23,262.181322136219,497.860195203659,300.609682799465,485.23,1009.67781445688,415.74,638.239833005786,311.81,207.87,51.97,218.42,84.2775479969301,10.19,5.1,989.271304342066,103.483983220171,105.282338971653,1078.14071799064,4888.67291762275
PL42,683.906022777651,409.44,561.268983148408,500.137741207109,473.573909022344,816.9695463815622,666.088046075494,0.0,2154.49134299267,1303.819305642,754.272993115938,1017.60629291099,333.028733277775,1024.99229742974,165.33661320538295,2422.93682344753,1627.66266091607,2426.95343370259,2347.96067023871,1018.62,4324.95229624257,1312.98,1018.62,1018.62,1018.62,485.23,150.111382137205,328.171848213823,192.135991104616,485.23,895.9159256166009,415.74,669.450427201621,311.81,207.87,51.97,218.42,71.6590866590124,10.19,5.1,987.352693915508,101.87650270516,109.38288572717,1066.3050965569,4889.47631226594
PL43,647.931465012289,435.88,488.164083587916,459.157159657469,473.341886600082,862.250541049029,664.919509749449,0.0,1836.00932944848,1310.33659613697,822.046166256156,1023.98475881945,316.444725514979,1079.38596123439,158.66078437345,2418.45255818484,1618.4172809764502,2342.5080513863,2257.30858510709,1018.62,4329.43120940735,1312.98,1018.62,998.2403719085108,1018.62,485.23,168.647706943733,365.653981042136,216.319785302264,485.23,898.115666447009,415.74,665.498514776481,311.81,207.87,51.97,218.42,71.1775392093645,10.19,5.1,988.058905070538,103.088649228209,109.514765158959,1070.71075531507,4884.28643204074
PL51,704.766033335501,383.46,515.236549552149,476.095993706914,376.881725227583,833.205255499453,580.3950721052,0.0,2292.1084909114,1237.5976291186,798.355617924179,1100.40197054112,356.679658520979,1001.01608358804,169.997808489841,2448.4441878847,1496.12805472656,2330.0173878035,2249.97132460222,1018.62,4252.96529644373,1312.98,1018.62,1261.31303708372,1018.62,485.23,183.465044011979,400.853673600994,232.509850823553,485.23,909.096728908944,415.74,683.69346768203,311.81,207.87,51.97,218.42,71.57915039946,10.19,5.1,992.3081459700892,103.508582521618,111.884144302727,1064.09463316556,4890.53201159471
PL52,763.084377498055,392.74,567.61334084998,515.847428840778,377.11862558831,874.2722749888851,580.821828190472,0.0,2491.39386478878,1286.13338290086,787.182744208093,1136.89258420344,352.897216792232,1006.07296400578,173.871162955241,2447.67597307934,1490.85940469421,2289.03016558812,2194.47033156759,1018.62,4251.3689324914,1312.98,1018.62,1321.05697680451,1018.62,485.23,295.236349335217,569.000887148747,335.181627038003,485.23,957.77151788738,415.74,640.64653489723,311.81,207.87,51.97,218.42,72.6758007394141,10.19,5.1,987.263176309838,114.48947624735298,106.64005336885302,1058.24899190855,4888.57193543453
PL61,653.243182715439,370.74,442.072873881687,428.164892473272,377.72893216748,803.478849750913,585.779187162118,0.0,2194.26857820603,1255.32970850766,891.089747759384,1055.12141745053,328.475008068163,998.885166156765,172.562440478046,2388.30845198552,1488.1814040030702,2345.62903787566,2298.98295333732,1018.62,4293.29455755432,1312.98,1018.62,1313.81238261234,1018.62,485.23,250.691889649719,515.890948839413,285.820674927087,485.23,1029.84559074062,415.74,644.29393291453,311.81,207.87,51.97,218.42,79.5063038731945,10.19,5.1,986.980186591702,103.585113776507,100.471959624792,1075.70405218428,4890.56164312928
PL62,662.823859683045,418.96,490.07397970183297,451.073593903128,474.805238450732,825.855946231905,669.240494328983,0.0,1938.4476955915,1259.64778890239,797.407157050151,1025.60825022426,320.931045252145,1029.72451727086,180.170516001808,2414.80588618607,1631.8605406909,2517.42631838849,2425.05503708403,1018.62,4329.24535756464,1312.98,1018.62,1346.89556272716,1018.62,485.23,195.095737304746,428.207505262743,229.620557284877,485.23,1013.19552124968,415.74,679.169708830465,311.81,207.87,51.97,218.42,74.8003690244022,10.19,5.1,993.798168212387,102.185216008372,118.950346438151,1065.56776982061,4888.735037778
PL63,747.048263631986,390.89,516.033517179173,501.551787062291,501.7629350715279,893.003460986166,700.289869726837,0.0,2130.53348951162,1463.43678051408,855.177786108128,1127.74608771433,327.02494576927,1056.82435519419,169.633905144793,2421.49475557774,1646.55714342661,2443.82688979721,2397.62039433505,1018.62,4369.49612767145,1312.98,1018.62,1427.77261523421,1018.62,485.23,225.496828781815,487.347511281215,247.774002046189,485.23,947.318480820096,415.74,678.480770991123,311.81,207.87,51.97,218.42,76.400761100095,10.19,5.1,986.570054365684,118.570819355617,134.0017426363,1096.06715355597,4964.03256650729
PL71,639.310295018569,415.37,443.338506693918,426.110498134498,440.420169061194,773.598612443585,647.24169326203,0.0,2190.64261660693,1252.94380235562,694.507279223047,1038.37328591289,322.113602390555,998.958988040268,168.302664162092,1791.50445155995,1339.17987979162,2195.8157196593,2141.15980440861,1018.62,4259.62067368467,1312.98,1018.62,1020.80824757725,1018.62,485.23,230.266006009016,539.547206376036,263.350564096975,485.23,881.649918440187,415.74,632.580405577169,311.81,207.87,51.97,218.42,75.4000426847323,10.19,5.1,967.7414241407809,103.647266783122,103.530283748691,1088.98816439012,4941.58967246456
PL72,582.499283510889,395.48,392.988468374286,427.141811399828,376.092413731106,825.698976090795,600.643499711855,0.0,2010.71720603418,1285.43081445971,696.102334242184,986.047935835808,341.190657034457,993.9132697745888,170.546711655697,1739.01794586852,1334.48876349171,2496.32866439404,2404.8425302972,1018.62,4280.76192364886,1312.98,1018.62,1181.0952666954597,1018.62,485.23,208.91514079363296,434.622306363967,221.792010294394,485.23,901.527665476443,415.74,674.34665319784,311.81,207.87,51.97,218.42,72.8438789691688,10.19,5.1,982.717599514324,106.935595643922,107.403692229681,1080.68351536476,4880.83753151729
PL81,721.599205205315,423.19,488.805559145429,470.198916938307,440.4705299153009,774.386689571863,647.046423277158,0.0,2237.26149528369,1202.39235486952,763.1431534138629,1093.52189383689,385.734513323733,1027.54579108721,176.94406073346897,1806.56069270465,1343.81198788384,2239.73314005117,2176.84701244533,1018.62,4244.21411400337,1312.98,1018.62,1052.39081741232,1018.62,485.23,225.548001511476,458.724219237276,241.916482514356,485.23,911.707390018076,415.74,670.288705657674,311.81,207.87,51.97,218.42,75.5515476402108,10.19,5.1,964.398610251871,103.335800856361,107.227076342918,1076.82186139521,4942.59958610841
PL82,607.534535934029,394.4,433.861656558372,444.38251447872,377.550283239481,939.091093684517,603.681939743812,0.0,2051.70828861959,1324.90117455385,725.39227412804,1019.0606218436,311.761839012176,1004.73498324057,173.104034599082,1740.74924886281,1333.57255404783,2458.43704196304,2374.93778377673,1018.62,4279.18263060439,1312.98,1018.62,1314.53666166519,1018.62,485.23,119.522940422893,281.666255155667,149.478790172789,485.23,858.489936064025,415.74,670.349793582552,311.81,207.87,51.97,218.42,72.1057613337738,10.19,5.1,981.547782812583,107.126068486635,111.211261594204,1080.35118955229,4873.68620460423
PL84,593.795015579936,408.06,400.562747157843,406.680633052805,442.963471860014,751.346490688778,648.141009669537,0.0,2111.94481216423,1096.42751151522,702.485365108803,1082.98570343011,366.221554111028,1009.73708635951,170.906713503363,1807.24678509378,1336.12107654286,2099.00749108141,2053.10266404786,1018.62,4244.38262240317,1312.98,1018.62,991.955631817954,1018.62,485.23,237.915957484913,481.077594073387,249.307076378004,485.23,994.266424987466,415.74,662.883703942953,311.81,207.87,51.97,218.42,73.1498764687492,10.19,5.1,976.416443198968,111.905536466081,107.43760147609102,1077.3110331227,4942.10417598572
PL91,614.580827963361,405.99,423.425225875455,418.64291100658,440.5071735457,735.8338004961739,649.864852339902,0.0,2198.49605132221,1238.92601604529,819.57821635286,1064.52649209712,326.340704644371,1023.3720598648,168.991988989565,1781.91338297964,1341.5449646494803,2282.04178429471,2217.99826543156,1018.62,4264.2009688754,1312.98,1018.62,900.8304505409408,1018.62,485.23,201.216087460791,465.167054243955,230.841676436641,485.23,958.650341470263,415.74,672.180190965415,311.81,207.87,51.97,218.42,74.6018418354131,10.19,5.1,963.681154193294,103.476176954075,105.806063979968,1081.83982965329,4939.04495145192
PL92,614.580827963361,405.99,423.425225875455,418.64291100658,440.5071735457,735.833800496174,649.864852339902,0.0,2198.49605132221,1238.92601604529,819.57821635286,1064.52649209712,326.340704644371,1023.3720598648,168.991988989565,1781.91338297964,1341.54496464948,2282.04178429471,2217.99826543156,1018.62,4264.2009688754,1312.98,1018.62,900.830450540941,1018.62,485.23,201.216087460791,465.167054243955,230.841676436641,485.23,958.650341470263,415.74,672.180190965415,311.81,207.87,51.97,218.42,74.6018418354131,10.19,5.1,963.681154193294,103.476176954075,105.806063979968,1081.83982965329,4939.04495145192
NL11,2267.14404929835,216.89,747.956309307098,1797.59855636545,1163.45258164373,2111.71412450061,750.078032858371,0.0,7971.80734084377,3067.68555868594,233.75,1294.52167346821,348.84,1297.89658574385,839.675905712463,54391.5263305983,15325.3120116731,11029.2336070664,45644.1923838246,1018.62,1312.98,1312.98,1018.62,1018.62,1018.62,485.23,1135.83520566647,1956.47717667898,1901.81527515075,485.23,1883.5889855608,415.74,1359.45530624201,311.81,207.87,51.97,218.42,78.8569267024667,10.19,5.1,3284.52362232228,11021.5111524784,11049.6718742476,64991.8300657915,29627.6286804735
NL12,2295.2714668569,179.04,704.363932222014,1749.74910791471,1131.60416835633,1953.81973407859,749.901914533618,0.0,7752.77170984841,3051.97053731407,192.95,1172.50372947389,287.96,1650.65205003983,762.3734509634,54269.4950826722,15549.4708352494,11137.9335089866,45826.6431862023,1018.62,1312.98,1312.98,1018.62,1018.62,1018.62,485.23,1112.10578298559,1904.98930344391,1879.34068904177,485.23,1984.23000935694,415.74,1356.76074828197,311.81,207.87,51.97,218.42,78.7515077829565,10.19,5.1,3281.08353793284,11091.7481291067,0.0,65121.825833397896,29545.1857458216
NL13,2081.2760404486,156.82,956.658371074748,1697.61423154099,1161.26315314278,1938.90045202521,747.766104573481,0.0,8228.84176227941,3005.78305000068,852.7950898802331,1197.65684419906,252.23,1594.82410361728,705.404281028609,54168.4595030237,15518.6569247561,11092.3009823073,45669.1308796132,1018.62,1312.98,1312.98,1018.62,1018.62,1018.62,485.23,954.483859439814,1711.1849225359,1624.75304830337,485.23,1932.02894147493,415.74,1372.39064130673,311.81,207.87,51.97,218.42,79.6728057008102,10.19,5.1,3279.78085033047,10980.4002513232,11229.687063193798,64987.4542504809,29709.9409936221
NL21,1951.5326285969304,242.36,761.040516044691,1686.32438037276,1162.239995806,1791.76023596007,748.7614212634688,0.0,8205.98405690398,2968.20565376445,835.829170055265,1116.45410754845,389.81,161.13,1010.77991080134,54429.2955071672,15220.644884176,11027.0954956059,45630.22209838451,1018.62,1312.98,1312.98,1018.62,1018.62,1018.62,485.23,1114.19067037577,1828.53208913126,1768.17472502439,485.23,2038.81717691933,415.74,1364.83886059776,311.81,207.87,51.97,218.42,82.2751487277487,10.19,5.1,3283.52153420968,10990.3301363506,11352.383882902,64891.948004544,29831.7245817345
NL22,2144.47018702641,216.21,836.739843295598,1690.09980651023,1163.44087708743,1797.42094024247,749.382744797477,0.0,8353.62427174682,2999.63284534,848.845970860156,1040.77286859107,347.74,143.74,1009.9729127845,54407.2390719102,15327.623708387,11072.6791318323,45738.5006811464,1018.62,1312.98,1312.98,1018.62,1018.62,1018.62,485.23,1148.25797131203,1843.40320107072,1873.27416234002,485.23,2009.80746540524,415.74,1357.57355634084,311.81,207.87,51.97,218.42,82.9231059676836,10.19,5.1,3284.78171941135,10985.6761188129,10613.1358269621,65024.5301088192,29617.218597032
NL23,2348.08001713776,198.47,776.960937500528,1881.83065794237,1124.71246453365,1951.29126563172,747.15215834844,0.0,8462.7545939231,3448.42878749043,213.9,1080.77503534933,319.22,131.95,855.514305045024,54021.9656383992,15578.7886760412,11069.5705977058,45548.1173286746,1018.62,1312.98,1312.98,1018.62,1018.62,1018.62,485.23,1200.47731621182,1988.19763011844,2008.873069954,485.23,1856.1608154465305,415.74,1337.7082304967698,311.81,207.87,51.97,218.42,78.686229914802,10.19,5.1,3289.82459057221,11036.4643408156,13118.8588512312,64955.9440868253,28617.1480668009
NL31,2302.29114980437,409.81,832.652307988789,1819.16057426895,1158.53684821462,1867.7257514868,746.260129297626,0.0,8446.0626388268,2900.80015770669,441.65,835.727293834856,659.12,272.46,857.554881999856,54118.5647653115,14866.3683267711,10696.736413236,44813.1462367798,1018.62,1312.98,1312.98,1018.62,1018.62,1018.62,485.23,1308.67323795089,2031.11245509467,2198.37697381723,485.23,1925.9534187244897,415.74,1343.16190569911,311.81,207.87,51.97,218.42,79.3946451696155,10.19,5.1,3287.9031572175104,10592.0339845592,11323.5733016294,64475.8680137412,29805.4767415561
NL32,2277.94809781192,181.58,812.805721828927,1809.8921791070895,1163.83634447261,1615.35399094331,746.800719008896,0.0,7848.81840091765,3316.5168598135,849.913642407678,1070.68086312601,292.05,1289.89931023353,707.267929819961,53775.822941483,15760.5859047223,11090.2492874219,45524.3075981599,1018.62,1312.98,1312.98,1018.62,1018.62,1018.62,485.23,972.958703543674,1707.10814279311,1749.3287329232198,485.23,1824.32960263549,415.74,1360.00916994394,311.81,207.87,51.97,218.42,78.4466614058647,10.19,5.1,3284.91485586889,11097.4159126578,11194.1466741414,65014.3993041623,29419.601458212102
NL33,2332.64661206023,195.05,802.175837790993,1951.19753393529,1163.39230263778,1597.3355173691905,749.791343598363,0.0,8783.25042395812,3290.91838788992,853.395700583139,1132.9499871018,313.72,1452.04883588082,827.573704535296,54275.04195613,15415.5423669866,11084.7421839384,45717.362532205,1018.62,1312.98,1312.98,1018.62,1018.62,1018.62,485.23,1067.41188395,1792.99603498479,1879.81819286693,485.23,1847.17599632565,415.74,1359.76911982088,311.81,207.87,51.97,218.42,78.924969420951,10.19,5.1,3284.7838338211,11016.7788563141,12210.2694298453,65018.3955737992,30325.8529499256
NL34,2267.44964987436,218.87,1797.39362529247,1883.47084063422,1160.43532030327,1821.73595804732,749.2829569987341,0.0,8076.19934461556,3194.51391366763,867.405927052639,1054.66182097846,352.03,1417.11308714087,1180.61609912845,54160.0791728223,15435.9293500889,11036.3842918843,45587.314314304,1018.62,1312.98,1312.98,1018.62,1018.62,1018.62,485.23,858.664577696779,1556.2356975898,1571.5828613752,485.23,1771.17199933911,415.74,1365.81154934296,311.81,207.87,51.97,218.42,78.7361816170169,10.19,5.1,3280.97745071947,11000.1819305417,12436.9145123943,65011.0263156989,29723.6944132009
NL41,2249.90440358074,179.56,848.234072407802,1715.13097563511,1159.13777216242,1720.12928660815,748.666287337284,0.0,8659.14879395866,3012.1687923624595,850.28668266947,1176.97892599345,288.79,1535.70251478263,785.1002717607992,54367.8363776706,15517.341188313998,11129.8918663385,45798.2453988564,1018.62,1312.98,1312.98,1018.62,1018.62,1018.62,485.23,1046.28913574148,1776.86668104997,1744.3539145954298,485.23,2034.77536104256,415.74,1359.33963549267,311.81,207.87,51.97,218.42,88.2439869366913,10.19,5.1,3287.19508839513,10883.9702114679,11400.6597764283,65107.6947737213,29717.1694111184
NL42,2237.96442386177,216.2,904.23642259541,1837.14441878756,1219.0391574447,1788.02193447164,811.754743521957,0.0,8987.70841901247,3079.46562878151,973.148195782229,1256.18364185359,347.73,1690.97968950791,878.785108176114,54565.56037965739,15567.3485511028,11135.3734938043,45728.7019851537,1018.62,1312.98,1312.98,1018.62,1018.62,1018.62,485.23,1072.3966161995,1801.64488414381,1696.03495258067,22.1553803804389,1914.31396003732,415.74,1371.80454722362,311.81,207.87,51.97,218.42,81.9963655054653,10.19,5.1,3287.39241215919,11215.5020917884,11600.2732188894,65245.4575044317,29821.3405361971
BE10,277.46,269.77,231.41,251.43,185.11,413.32,269.9,0.0,1260.93,591.13,290.73,415.25,433.89,179.35,231.6,10824.03,10824.03,1018.62,1018.62,1018.62,1312.98,1312.98,1018.62,1018.62,1018.62,485.23,485.23,485.23,485.23,485.23,1067.45,415.74,363.78,311.81,207.87,51.97,218.42,218.42,10.19,5.1,300.0,0.0,0.0,0.0,0.0
BE21,1094.92658902415,283.76,558.023106384279,932.120620803433,684.085572572508,1353.59514690077,729.830192037027,0.0,5342.70012052425,2586.99305821979,305.81,3579.11228465193,456.39,2127.77352026659,791.742653483791,10235.8124934774,4577.97017988072,9436.02460819227,21116.5517809133,1018.62,14890.0772370082,1312.98,1018.62,1018.62,1018.62,485.23,765.763466395618,987.11980868385,1063.49892066757,485.23,2823.3546591366,415.74,1176.03565986901,311.81,207.87,51.97,218.42,102.488117442618,10.19,5.1,763.826928202717,2822.18633200258,28191.8967538553,43248.5710745655,12858.7611810761
BE22,1201.44921654643,299.67,540.533453441541,1105.44732766876,688.421478500717,1452.70470893389,729.149826100264,0.0,5565.89370631615,1972.3568481882696,322.96,3749.48335005469,481.98,2238.99702151392,849.468577256216,10243.2227471885,4676.92778177109,9746.67708942405,21503.8769963965,1018.62,14883.453121297,1312.98,1018.62,2911.95516645314,1018.62,485.23,738.57322716741,957.340541715198,1050.35145895695,485.23,2457.88180427925,415.74,1209.8970541693798,311.81,207.87,51.97,218.42,98.2722741928542,10.19,5.1,764.662193896749,2644.28675469837,24428.9407554675,43321.81784960159,12711.7499269141
BE23,1210.14735906178,313.62,643.164936776913,1121.57823402233,684.679544214661,1530.65160230798,730.562205518096,0.0,5033.30122962885,2132.19082308576,337.99,3318.49159557306,504.42,1813.1933513602896,906.866688994142,10252.581815063302,4506.96014352744,9362.86633561644,21051.7040377431,1018.62,14907.2464079694,1312.98,1018.62,3231.75160322071,1018.62,485.23,825.9163268512222,1077.13386692634,1156.82952306641,485.23,2672.68065406006,415.74,1205.61376407963,311.81,207.87,51.97,218.42,102.422193176287,10.19,5.1,766.077127819106,2822.35383182565,27140.696004446498,43267.0721142449,12336.5844205918
BE24,1196.19744841072,314.82,667.366914653231,1130.62582701742,684.344043034346,1582.57173447689,729.248025330775,0.0,5340.57794137307,1868.4242855580897,339.28,3755.01893173885,506.34,1855.41847045931,826.341605081611,10223.1207612121,4492.05293033412,9530.19110242864,21035.3558232205,1018.62,14841.2019253266,1312.98,1018.62,3084.2386192826098,1018.62,485.23,805.845779250823,1035.06004685249,1135.97655348575,485.23,2326.21670933496,415.74,1207.5044194841,311.81,207.87,51.97,218.42,96.2987206576682,10.19,5.1,768.0137622157639,2555.87353064881,27689.4043745562,43251.3405703848,12620.4587306294
BE25,1227.99111066903,324.28,483.389541969362,1188.32858336158,684.054154962523,1664.3021975842,728.18604677184,0.0,4974.4625261452,1829.12973832755,349.48,4317.54509803118,521.56,1716.25889126454,930.874348817267,10240.5528547392,4398.60668542046,9270.12237008067,20761.5915313323,1018.62,14874.9408904521,1312.98,1018.62,1018.62,1018.62,485.23,907.592444200963,1147.79488907408,1238.72327755679,485.23,2821.55069298356,415.74,1176.2304744531,311.81,207.87,51.97,218.42,117.694305560885,10.19,5.1,765.433661692468,2834.52856800973,33576.8304264285,43238.0375617168,12593.2924147596
BE31,1102.00987774765,308.52,532.654966051267,1043.68997728353,673.647087926572,1571.6142778970298,672.322999248098,0.0,5075.968690069881,1641.47198696319,332.5,3768.93560971248,496.22,1482.24904368408,1030.90019860819,14068.8039975485,4638.3187356286,8517.00567393736,20197.5912560676,1018.62,14758.365749911,1312.98,1018.62,2494.72479406714,1018.62,485.23,921.0029378633308,1148.40253607804,1292.37572285144,485.23,2289.90917686038,415.74,1106.35574801941,311.81,207.87,51.97,218.42,97.5663759807368,10.19,5.1,767.516704835973,2546.02964566083,25331.7797252322,43057.5178545556,10994.5071416356
BE32,1132.49590996652,345.87,536.097410015775,1046.3377643141,681.9022431635912,1576.61035693154,675.276095560095,0.0,5033.21797732664,1718.96782967637,372.75,3534.29268892489,556.29,1242.13016196794,880.901463500127,14122.6032669733,4862.33538763094,8754.18152885191,20678.9826189204,1018.62,14860.7617251635,1312.98,1018.62,1018.62,1018.62,485.23,883.348439793337,1137.01472827681,1257.14527391503,485.23,2513.00527597857,415.74,1210.94430040899,311.81,207.87,51.97,218.42,98.8462154558058,10.19,5.1,765.710755724795,2574.89364669249,26038.0155949396,43143.9129708539,10495.9715475226
BE33,1193.35756739718,313.46,481.025135150306,1035.06210872245,679.321390927082,1570.74208737964,673.7701645892821,0.0,5344.0063820883,1797.13708893039,337.82,3733.2778947013394,504.16,1146.56439077753,901.866546670153,14087.2519765492,4996.59541190478,8881.62167436481,20838.9809083757,1018.62,14816.086262905,1312.98,1018.62,3196.96458190212,1018.62,485.23,922.1541345257,1150.71151002017,1292.07369532246,485.23,2759.48737047236,415.74,1273.62809039573,311.81,207.87,51.97,218.42,98.42911489004402,10.19,5.1,766.413885162042,2562.42014323573,26296.313500219,43140.8950389102,10592.5605286137
BE34,972.961690031286,296.25,609.599464664805,888.30366593618,709.819925838569,1366.9662949528,675.455205518576,0.0,4372.98897881042,2472.79437821882,319.27,3558.21507651929,476.48,196.96,965.233139735635,14113.1554627661,5149.96493612107,9003.6317711397,21200.6661834879,1018.62,14874.7876661559,1312.98,1018.62,1018.62,1018.62,485.23,836.655853224192,1029.36631660863,1145.12186917555,485.23,2492.39555613913,415.74,1301.25407129071,311.81,207.87,51.97,218.42,97.60959576003,10.19,5.1,767.0398236211581,0.0,32850.7813810105,43178.2674838315,10725.9797022361
BE35,1132.94077485256,331.43,701.234401238743,1086.92555144707,743.829970845567,1525.93999080739,723.983625965707,0.0,5204.0766824501,1772.94137674893,357.18,3595.76015011783,533.06,1812.9942136016105,817.5740695780761,14230.4718089382,4734.90879558696,8501.3132671817,20327.0291897361,1018.62,14825.2051605203,1312.98,1018.62,3357.9637994241693,1018.62,485.23,929.626396941402,1180.90975550868,1229.877099287,14.8582867801041,2375.1505436932302,415.74,1269.50923080346,311.81,207.87,51.97,218.42,98.2108679357247,10.19,5.1,765.92253930456,2640.2336959521,26773.716663072195,43203.8673652689,10706.3108155206
DK01,1445.61119762015,328.91,1176.63313003215,1143.62809311248,945.0724424396088,1164.99355141522,887.561056970788,0.0,3942.68760909554,2727.58303223566,354.47,1624.11362894934,529.01,1568.22648074837,830.662509103876,121783.68500979598,13050.1578979631,7442.84010728079,11220.4433957882,1018.62,1312.98,1312.98,1018.62,1018.62,1018.62,485.23,1124.25811380422,1872.9158501159295,1382.84862690216,485.23,2549.98032763029,415.74,920.126115738061,311.81,207.87,51.97,218.42,100.067978024792,10.19,5.1,7360.74346017041,5555.68878689342,0.0,14462.823519334,16237.8101590332
DK02,1445.61119762015,394.45,1176.63313003215,1143.62809311248,945.072442439609,1164.99355141522,887.561056970788,0.0,3942.68760909554,2727.5830322356605,425.11,1624.11362894934,634.42,1568.22648074837,830.662509103876,121783.685009796,13050.1578979631,7442.84010728079,11220.4433957882,1018.62,1312.98,1312.98,1018.62,1018.62,1018.62,485.23,1124.25811380422,1872.9158501159304,1382.84862690216,485.23,2549.98032763029,415.74,920.126115738061,311.81,207.87,51.97,218.42,100.067978024792,10.19,5.1,7360.74346017041,5555.68878689342,0.0,14462.823519334,16237.8101590332
DK03,1445.61119762015,406.38,1176.63313003215,1143.62809311248,945.072442439609,1164.99355141522,887.561056970788,0.0,3942.68760909554,2727.58303223566,437.96,1624.11362894934,653.61,1568.22648074837,830.662509103876,121783.685009796,13050.1578979631,7442.84010728079,11220.4433957882,1018.62,1312.98,1312.98,1018.62,1018.62,1018.62,485.23,1124.25811380422,1872.91585011593,1382.84862690216,485.23,2549.98032763029,415.74,920.126115738061,311.81,207.87,51.97,218.42,100.067978024792,10.19,5.1,7360.74346017041,5555.68878689342,0.0,14462.823519334,16237.8101590332
DK04,1445.61119762015,407.53,1176.63313003215,1143.62809311248,945.0724424396088,1164.99355141522,887.5610569707878,0.0,3942.68760909554,2727.58303223566,439.21,1624.11362894934,655.46,1568.22648074837,830.6625091038759,121783.685009796,13050.1578979631,7442.84010728079,11220.4433957882,1018.62,1312.98,1312.98,1018.62,1018.62,1018.62,485.23,1124.25811380422,1872.91585011593,1382.84862690216,485.23,2549.98032763029,415.74,920.1261157380612,311.81,207.87,51.97,218.42,100.067978024792,10.19,5.1,7360.74346017041,5555.68878689342,0.0,14462.823519334,16237.8101590332
DK05,1445.61119762015,391.26,1176.63313003215,1143.62809311248,945.072442439609,1164.99355141522,887.561056970788,0.0,3942.6876090955407,2727.58303223566,421.67,1624.11362894934,629.3,1568.22648074837,830.662509103876,121783.685009796,13050.1578979631,7442.84010728079,11220.4433957882,1018.62,1312.98,1312.98,1018.62,1018.62,1018.62,485.23,1124.25811380422,1872.91585011593,1382.84862690216,485.23,2549.98032763029,415.74,920.126115738061,311.81,207.87,51.97,218.42,100.067978024792,10.19,5.1,7360.74346017041,5555.68878689342,0.0,14462.823519334,16237.8101590332
SE11,1059.54573741706,311.69,1018.71899723625,779.442560019747,657.491180154129,1500.16419551803,1082.94965876799,0.0,6665.36202290375,1804.40949825412,335.91,1032.51288916338,501.3,793.740524360207,858.765888687319,18882.1223671179,10765.7627151781,6839.89027753438,54452.1757960633,1018.62,1312.98,1312.98,1018.62,1018.62,1018.62,485.23,628.843182146861,1080.16388807859,527.297684114487,485.23,2894.64994253895,415.74,1361.55524431225,311.81,207.87,51.97,218.42,89.751669067834,10.19,5.1,5900.51360144862,403.516191847738,983.5729827595652,88384.1224627549,25350.0672538944
SE12,893.5736257483729,405.28,894.2388868500459,736.9719838593039,595.839863143691,1415.03706289475,999.4991228936188,0.0,8045.01066762832,1975.33216424767,436.78,988.279890105818,651.85,630.621928465456,772.228390309255,13635.1472460257,7660.02127547043,4881.41403907562,38733.8107404659,1018.62,1312.98,1312.98,1018.62,1018.62,1018.62,485.23,647.482091874228,1222.27638855811,865.081893670981,485.23,2897.80723199086,415.74,1343.40613276879,311.81,207.87,51.97,218.42,90.4158955794835,10.19,5.1,5947.272638957009,453.553859652893,752.640066203988,90165.6837962667,18858.206535127
SE21,927.639043822225,354.42,704.80843447904,696.122226577706,717.3473121336909,1210.4672405141,1207.90771858243,0.0,6704.75471459626,1710.46894101437,381.96,1020.85557985987,570.03,688.295670098778,823.544861899794,19052.9417821337,11044.9460374133,6774.9558787854,54602.7914921065,1018.62,1312.98,1312.98,1018.62,1018.62,1018.62,485.23,808.681911047923,1201.32523186731,897.830173459325,485.23,2690.29214793567,415.74,1288.68699611186,311.81,207.87,51.97,218.42,93.5802912322512,10.19,5.1,5955.9340742889,424.985470368711,935.53956495867,89016.68900508939,24944.5705385397
SE22,1257.49501673973,387.05,1153.41550253695,917.479156128988,647.343483808108,1393.03106227697,1079.51520268501,0.0,7027.74995210916,1776.41159215591,417.13,1191.52047918479,622.52,715.566452577476,973.935426441813,18534.7204238489,10823.6690101255,6791.0468898637,54436.1710154448,1018.62,1312.98,1312.98,1018.62,1018.62,1018.62,485.23,1011.35860716151,1540.82324895821,929.69225588664,485.23,2710.98930250237,415.74,1242.32102547121,311.81,207.87,51.97,218.42,101.6091175099,10.19,5.1,5952.44465311227,462.06738138506,961.4992775657172,88999.4712704104,25333.6641283376
SE23,1098.96253443084,394.97,910.1187361210408,921.234588684244,657.328556108717,1521.44164139188,1203.72703551953,0.0,8325.64830164756,1889.10484531312,425.67,1284.41080874134,635.26,636.291892591513,802.65605481992,13359.2289123579,7783.38015048044,4968.83754755381,38399.8356051224,1018.62,1312.98,1312.98,1018.62,1018.62,1018.62,485.23,748.552637261973,1316.88761822608,922.280049810018,15.2270322849072,2825.72478995692,415.74,1260.30636814631,311.81,207.87,51.97,218.42,95.23703489929927,10.19,5.1,5951.07337852606,539.040814470996,760.419476305876,107061.035029551,18676.6549144944
SE31,813.5223391135819,341.82,871.0720921149529,647.556916266128,721.000970146471,1513.18406562639,1206.15443304082,0.0,5953.31584177171,749.02,368.38,825.928447698925,549.77,708.594468842354,728.35951937282,19375.6996178585,10977.5759739576,6765.08221442314,54722.3982441977,1018.62,1312.98,1312.98,1018.62,1018.62,1018.62,485.23,649.571406514365,1016.35826132658,720.710630725237,485.23,2780.61831072584,415.74,1355.8323254715,311.81,207.87,51.97,218.42,91.7637803697362,10.19,5.1,5949.43501816103,432.347937725123,961.34260137581,88249.0050463628,24953.4407819292
SE32,704.105643319957,278.21,1174.73372405946,551.183889680604,651.58200960749,426.26,1069.63229270651,0.0,4786.7258507113,609.64,299.84,1279.64506814547,447.47,184.97,754.87672218202,18608.1239115845,10728.8186901957,6657.32050818692,54346.01748557501,1018.62,1312.98,1312.98,1018.62,1018.62,1018.62,485.23,516.486335988656,485.23,778.424674652887,485.23,2594.01661356823,415.74,1330.49376419609,311.81,207.87,51.97,218.42,83.558748324334,10.19,5.1,5950.95746116346,399.34006691333695,979.792029815109,88839.8629328856,0.0
SE33,1058.18865047499,287.16,246.33,538.579162672077,762.584836026584,439.97,1274.72142722024,0.0,4371.66808233693,629.25,309.48,1260.02258386561,461.86,190.92,918.425545014324,13899.1589738697,7768.33784262234,4954.94222040864,38497.4761172072,1018.62,1312.98,1312.98,1018.62,1018.62,1018.62,485.23,554.201694707689,1105.89151269407,827.55957953047,485.23,2590.73455363256,415.74,1331.71548540872,311.81,207.87,51.97,218.42,83.4486531076775,10.19,5.1,5948.29315624964,421.153827304602,734.013104569717,112931.226450171,18855.7059599915
FI19,1100.62271436222,398.72,1195.92450698746,1066.28402164322,951.549777628837,610.88,2085.83874872535,0.0,2955.6998934288604,1360.0621473728695,429.71,910.637833583219,641.29,510.148373231723,1210.45458548694,55036.0619591566,8156.85625630726,12149.7806724884,38274.1945296942,1018.62,1312.98,1312.98,1018.62,1018.62,1018.62,485.23,663.146391184255,485.23,840.87189083839,485.23,1840.48297164936,415.74,865.079317603555,311.81,207.87,51.97,218.42,129.354244668047,10.19,5.1,3384.70304715552,5427.83693023686,216.835271379375,15209.633418913,48454.5156899244
FI1B,954.888808749775,360.41,1150.27612147526,1009.72086651375,914.15906105177,552.19,1950.81274125065,0.0,2342.08458754565,1279.81902288551,388.42,1010.49851344243,579.67,371.0425962187,1185.26416492242,54908.0270051891,8099.63971469404,12117.7866539106,38180.1050354581,1018.62,1312.98,1312.98,1018.62,1018.62,1018.62,485.23,780.525108101061,485.23,857.8973677940269,485.23,1658.20423433812,415.74,834.100990806781,311.81,207.87,51.97,218.42,120.401318250794,10.19,5.1,3387.60876129075,5393.76410210623,204.047905074286,15203.3607330366,48364.6623395947
FI1C,954.888808749775,406.02,1150.27612147526,1009.72086651375,914.15906105177,622.06,1950.81274125065,0.0,2342.08458754565,1279.81902288551,437.57,1010.4985134424298,653.02,371.0425962187,1185.26416492242,54908.0270051891,8099.63971469404,12117.7866539106,38180.1050354581,1018.62,1312.98,1312.98,1018.62,1018.62,1018.62,485.23,780.525108101061,485.23,857.897367794027,485.23,1658.20423433812,415.74,834.100990806781,311.81,207.87,51.97,218.42,120.401318250794,10.19,5.1,3387.60876129075,5393.76410210623,204.047905074286,15203.3607330366,48364.6623395947
FI1D,1085.6961774725562,405.74,1053.9240402941064,1207.4785676040826,1141.9490279231438,621.63,2328.807149617138,0.0,2129.595808581445,1319.563108859864,437.27,1091.429835346785,652.57,407.1947446175944,651.8888278889514,54500.71293239164,8415.192758676636,12192.20747476224,38384.870676519095,1018.62,1312.98,1312.98,1018.62,1018.62,1018.62,485.23,834.8229966929687,485.23,1082.5722354675356,485.23,1906.7982989909424,415.74,848.5216867061117,311.81,207.87,51.97,218.42,116.78893165726794,10.19,5.1,3382.58389045091,5501.30311534411,542.6663596948722,15282.01188919666,48491.10641890771
FI20,1203.72903655509,378.99,1594.77656612947,1226.86740993434,1075.37951058909,580.65,2256.70474934413,0.0,2487.84141347185,1255.16017910349,408.44,1237.92743057748,609.55,347.51108204792,742.625322191382,59410.5848754168,8293.86737361362,11913.1708407168,37884.067616213,1018.62,1312.98,1312.98,1018.62,1018.62,1018.62,485.23,767.329619901041,485.23,998.61741974029,485.23,1436.52156545776,415.74,808.953161650134,311.81,207.87,51.97,218.42,114.611633818647,10.19,5.1,3280.2784212059,5354.93957896712,415.344998573564,15104.0835391749,0.0
AT11,598.96271342314,477.652800111262,459.905774751534,553.486815710799,441.21495459168,1266.29941350802,638.398872224742,0.0,2630.22128373655,975.174187820774,1006.79781519996,1399.71726158235,1223.22439949516,262.798920453653,694.958699911744,6303.2167739717,4521.29169992721,7044.16804836036,27028.4573874383,1018.62,1312.98,1312.98,1018.62,6551.55857940969,1018.62,485.23,366.231489503217,1017.14025564235,464.3481797883281,485.23,1580.62221887105,415.74,946.0572768869408,311.81,207.87,51.97,218.42,133.750648800212,10.19,5.1,695.490772919857,6735.90807525192,41241.5370929227,8892.76670421878,10579.1403181839
AT12,652.15577263314,583.29593657399,543.004843078446,565.968356822935,438.596769272462,1429.1686858932,615.010200029692,0.0,2179.25902479149,1010.70877260002,1055.14982858609,1501.66213035951,1360.76392933307,280.359705700392,737.679707587054,8709.76663023117,4690.23414568836,8436.68250764905,36850.1898120243,1018.62,1312.98,1312.98,1018.62,10044.5168316875,1018.62,485.23,439.802393111736,1179.29257260107,536.772261211063,485.23,1533.51301790014,415.74,923.196429732063,311.81,207.87,51.97,218.42,137.124418623154,10.19,5.1,695.315591850589,11314.1276249001,29041.1776567275,8916.78556083222,10564.6537602836
AT13,411.85,400.43,343.49,373.21,274.77,613.51,400.62,0.0,1871.68,877.45,431.55,616.38,644.04,266.22,343.77,10824.03,10824.03,1018.62,1018.62,1018.62,1312.98,1312.98,1018.62,1018.62,1018.62,485.23,485.23,485.23,485.23,485.23,1067.45,415.74,363.78,311.81,207.87,51.97,218.42,218.42,10.19,5.1,300.0,0.0,0.0,0.0,0.0
AT21,833.3656685708789,643.951562950557,679.74729948663,729.208143277422,495.595682904618,1885.08084237179,745.356157659005,0.0,1631.3018602910402,944.7225053553052,1001.59493382334,1526.88765290451,1545.50824638628,245.071207811077,1073.41537639357,6302.72417240407,4438.44011368497,7562.2528502059,31311.7328734414,1018.62,1312.98,1312.98,1018.62,6547.213167798839,1018.62,485.23,390.080807183642,1122.63199220235,507.634306095024,485.23,1449.01231305445,415.74,939.2714184983369,311.81,207.87,51.97,218.42,134.417179830035,10.19,5.1,695.88816290137,12594.7077191652,0.0,8930.59473779069,10525.8252576245
AT22,865.4645206819519,649.69923250812,554.589410343737,745.307583063824,495.251024050332,1856.0126541674,661.525651848713,0.0,1779.93097687732,958.267936804829,1115.50963637669,1805.80046582539,1633.35748494194,229.951915220647,883.236064201525,6280.82825141092,4487.70173205266,6676.71107826038,26945.5615007172,1018.62,1312.98,1312.98,1018.62,7058.091524756621,1018.62,485.23,436.347889798483,1228.44584034345,558.066835448387,485.23,1500.57328761636,415.74,940.661909545179,311.81,207.87,51.97,218.42,134.732863119804,10.19,5.1,694.882836411861,9198.04466845848,0.0,8987.94555145163,10496.8622210462
AT31,855.655371083094,415.0852286083609,585.241464327511,769.580896558716,419.232176865892,1533.48535255731,571.149614129273,0.0,2083.87790473922,1175.63748425695,890.2191470899011,1873.28459412097,1435.86775131602,230.521250026054,806.006929369987,6371.679117559109,4098.99637943751,9964.41681668527,36954.9554484952,1018.62,1312.98,1312.98,1018.62,5571.00245700833,1018.62,485.23,490.449695141416,1208.36048355292,554.70344730241,485.23,1463.63742316279,415.74,935.426850130677,311.81,207.87,51.97,218.42,134.535031048887,10.19,5.1,696.063094047194,7232.45189103666,32728.290840299305,8590.81603761733,12219.1894708894
AT32,775.199577053339,655.436711539268,587.628985284928,642.883507999593,493.246279986314,1726.02608540309,756.385700277015,0.0,1724.26701150913,739.16,1281.69592363678,1832.3570895092805,1580.97389846352,731.09799302567,1119.32017905657,8799.8573715367,4734.82008594726,6873.57983603099,28724.3264757703,1018.62,1312.98,1312.98,1018.62,4551.05607768671,1018.62,485.23,425.7988791478,1062.00210091882,483.9191477957961,485.23,1310.28746574673,415.74,943.694822649631,311.81,207.87,51.97,218.42,133.727171331674,10.19,5.1,695.8328765600759,11384.958208077,0.0,8888.53628123269,9225.32544943526
AT33,689.376453282645,614.428859252164,607.23281881229,653.257474496292,511.070111351554,1707.5247009267,767.480322167926,0.0,1768.79233327649,704.95,806.494600336372,495.2,1492.95757458525,603.382483982763,674.872550272115,6364.97104764786,4674.24237057187,6992.56039234809,32842.3555108469,1018.62,1312.98,1312.98,1018.62,4288.0645287314,1018.62,485.23,362.815001944891,904.467561908029,419.575759180063,485.23,1317.16159578357,415.74,931.613058350198,311.81,207.87,51.97,218.42,134.393511568928,10.19,5.1,696.0383133168481,8292.9029860752,0.0,8954.43027731321,9098.48830497617
AT34,645.041560195818,816.49725062284,467.886034885311,752.426670842458,221.25,1794.46347693564,812.292163949476,0.0,1668.39187341783,706.54,347.49,496.32,518.59,214.37,2579.91155180343,7097.29343662952,4665.350584619,7407.03185788825,32484.1256452914,1018.62,1312.98,1312.98,1018.62,4597.28622564012,1018.62,485.23,421.636974385919,1030.26136844437,467.068312211313,12.6223890599973,1367.07122066024,415.74,928.85299442533,311.81,207.87,51.97,218.42,132.01099222833,10.19,5.1,694.370358523903,8116.37423085709,0.0,9092.07599960861,9337.98909012352
EL30,322.859707485609,256.604338542219,814.698373365116,303.682171561722,318.77454542042005,559.398516876601,1067.76400184617,683.592140486008,7337.23582688652,1733.1562903013603,554.499710351546,1249.92431988725,517.18,264.511996464978,217.61595951050305,2881.85613693258,2757.21436485787,2728.96282700718,754.588570138671,1680.19453192215,5063.64335566635,1312.98,367.504726966717,490.055355559561,612.6,522.18,423.785425176242,153.960110502528,130.935190913205,522.18,1945.43595900435,560.59,983.683479865344,420.44,280.3,70.07,218.42,88.5168153053745,10.19,5.1,443.94884792895306,2305.54227442621,53645.1893923594,5506.08144690018,7429.57012276862
EL41,288.102239162148,164.121915850647,982.419760912072,273.95487735899,328.655404255908,227.834158795577,1283.72380425905,436.277247712489,6942.49747384542,1005.61685415548,394.546478681908,1236.03747422042,608.08,207.145371508945,137.657849927296,2884.12524272216,2760.09070300101,2727.02717257028,750.142110549272,1169.22631409881,4942.21167180069,1312.98,353.739084912882,612.6,612.6,522.18,575.589574536441,398.505785881629,258.486762473857,522.18,1865.27660957584,560.59,958.507818866315,420.44,280.3,70.07,218.42,88.4616092201364,10.19,5.1,437.251356624036,2325.9263133124,9722.74447782152,3874.104590658641,7453.08561533494
EL42,288.239455162968,139.064968759817,782.5510922353001,276.626152317049,329.849826846961,429.889062200021,1032.58008478237,421.797395633644,7212.67906026784,932.836129432902,458.465167225435,1222.76664692908,528.29,375.00727076829,191.085648556797,2839.46721160824,2698.03693695245,2748.2798197851102,895.694039066136,1214.29557024657,4783.20614105284,1312.98,424.87602619273,612.6,612.6,522.18,462.802168708932,303.732703318892,174.707964133944,522.18,1955.17406464794,560.59,969.349691634648,420.44,280.3,70.07,218.42,88.56134783420521,10.19,5.1,441.144965147524,2315.60803679321,43666.4456962142,3689.111435673101,7379.1212797306
EL43,483.311910518473,407.331712752274,1027.92865635856,244.254885390486,342.158678699112,947.320422480609,1346.80766130915,679.060473767579,9892.68540422369,1324.4925157079,502.291950848856,1255.75315479734,554.46,400.4350950004151,156.629310056448,2926.4116136419,2795.79185734866,2714.13920978203,755.613393131077,1268.98005383827,4571.05429136413,1312.98,310.868174593057,612.6,612.6,522.18,711.926214076722,537.070213369988,248.121601080663,13.058906686707,1931.9672043601,560.59,959.21467525478,420.44,280.3,70.07,218.42,89.19861059167101,10.19,5.1,429.330406145794,2113.53753801905,30534.4778490142,3923.161783526401,7447.06395295739
EL51,567.041606270496,333.725472561924,699.41652999677,488.791702917657,333.093246421496,891.896363804176,1087.40580117686,839.246297066763,14509.7411598252,822.57,534.400328177854,1090.38436199134,4000.81188761969,183.544802047361,171.528989692326,2899.58403345123,2781.62850618991,2715.58432066002,879.7615715826389,1809.17040875164,4916.84219100818,1312.98,460.655005019758,404.980680133096,612.6,522.18,581.283278172227,325.489315219737,234.268405965925,522.18,2123.93261681359,560.59,985.290649704079,420.44,280.3,70.07,218.42,89.6742413619116,10.19,5.1,434.104101991929,2872.00855188409,25797.4082925615,3897.37497458438,10677.8898761813
EL52,472.22357861496806,222.140179345458,494.34110487772,365.927574455837,327.136039035601,743.973136658358,1136.45111327216,746.932571362877,11297.5912989176,822.57,708.420969280046,906.309670292713,4627.65977814754,190.428467039799,206.488546471359,2045.02913354277,1966.91743857065,1910.88106868142,822.533892703944,1683.71834984242,3397.002504303729,1312.98,723.13414111739,651.023718426318,612.6,522.18,539.179217824742,276.924763999252,181.296733341951,522.18,2348.42936271605,560.59,996.501249082251,420.44,280.3,70.07,218.42,90.8462311839465,10.19,5.1,434.222267620204,2884.38905902205,31263.6035439865,5153.09801880883,9988.23469218984
EL53,553.833753103504,265.605653503095,727.572780035044,521.349994648119,409.286626006216,993.505574059247,1362.10732928352,938.3336476077328,10251.9359687144,822.57,518.262877312644,1212.05782336299,4873.11163272662,245.662441917513,166.544679151277,2565.61274728899,2465.33359526597,2414.11448318531,929.634289768437,1458.8968126951,4132.35024792564,1312.98,337.139569783596,446.07227799696193,612.6,522.18,391.648585000999,256.30474213559,182.551810430221,522.18,2000.23272438574,560.59,991.733377901028,420.44,280.3,70.07,218.42,88.984703773984,10.19,5.1,434.320213885981,2421.2923915478,18870.2915838995,4830.60808799031,7949.326888977129
EL54,585.882449782639,248.321487031613,384.807943446171,416.682605473375,409.283492868382,900.90826887019,1362.20290815731,872.076347143986,8651.25510174037,822.57,500.76352895792,577.83,7352.22102765967,249.57,167.55195617524603,2566.806496061341,2456.22112249756,2390.7099813715,695.358900124613,1522.87243354377,4128.19429130636,1312.98,344.766653012906,612.6,612.6,522.18,638.31304142203,139.550395650924,105.227794778764,522.18,1813.03046952474,560.59,971.709222902969,420.44,280.3,70.07,218.42,94.2712907316278,10.19,5.1,433.840622022278,2416.91904549894,18188.7295251673,4829.79646911672,7988.60683431738
EL61,600.203347253783,311.366583587379,662.774582123719,419.850160130299,327.064735564486,868.901502868537,1130.67856105205,380.316815222911,10600.0797348399,822.57,697.954552984175,887.045841650434,4319.39667545746,852.094841283539,206.199747014866,2026.5351251264,1946.01665169331,1939.66418336852,818.617123535547,1634.11358234049,3413.47704185326,1312.98,624.178762782871,763.917721024105,612.6,522.18,596.196996847261,325.899599506126,220.092904454023,522.18,2101.4211134244,560.59,988.166720383926,420.44,280.3,70.07,218.42,92.7218132630293,10.19,5.1,433.625484896213,3017.28981072501,24433.4907039602,5121.03897070943,9928.96837570675
EL62,566.444741179718,280.118387412506,461.014136730979,423.210473779055,406.106690599554,397.622454876611,1361.80203715126,0.0,6919.43148870721,822.57,404.56,577.83,603.76,249.57,147.015003698346,2567.4795244625,2459.46111338543,2389.54466605597,695.671432270007,1492.67450910342,4306.73005523801,1312.98,325.015945514704,612.6,612.6,522.18,522.18,971.932729006458,698.671082883253,522.18,2228.18048243875,560.59,985.342987472246,420.44,280.3,70.07,218.42,89.4614998983408,10.19,5.1,440.814921251985,2403.01044004417,181537.645556205,4830.12093459186,8033.82564293203
EL63,566.042003077518,189.45655037132903,762.90282710093,304.292475292742,406.192782128711,874.5876834681338,1355.85762357521,779.990201761165,9194.73429671523,822.57,569.876429949309,577.83,6791.91732908255,444.868906287914,243.514601489403,2530.01846561937,2420.47253386894,2449.59663695485,668.369115911244,1489.4331892834198,4182.4081369219,1312.98,240.29476490306095,612.6,612.6,522.18,522.18,573.578454888606,387.959465644351,522.18,2131.13393871031,560.59,968.9362435603762,420.44,280.3,70.07,218.42,91.8436339757376,10.19,5.1,431.036364016513,2393.3454968436,21880.4910902503,4788.85004077137,7963.88213954377
EL64,600.184630099044,329.577959799277,654.444411716995,489.899935379938,408.998363059731,981.084865049154,1360.50859588527,964.630347397903,9238.53658031247,822.57,423.39540430356,1266.90854516483,6557.470357430869,153.118476111556,195.775407840418,2564.09444901929,2449.96955943706,2392.22964446619,680.4126703363629,1477.57498805734,4349.25250484405,1312.98,292.826775615183,612.6,612.6,522.18,522.18,252.409745890996,177.207944516197,522.18,2164.25864832957,560.59,979.259788256146,420.44,280.3,70.07,218.42,92.7328800431472,10.19,5.1,433.99785440786,2148.81432926548,22792.9807946677,4819.99128067336,8096.73365986753
EL65,512.447854240291,290.377714177242,680.249491420475,396.040327915956,410.874951011461,847.95675996804,1361.03629522795,665.394148328385,8806.32337500949,822.57,282.963709896051,1204.11728191185,603.76,198.191042068117,203.140187720868,2563.15431819147,2451.92291596133,2396.26061997389,695.108391428966,1523.86013846468,4117.13881407121,1312.98,406.4810833887721,612.6,612.6,522.18,446.835947928887,124.862731858157,96.6304866589376,522.18,1823.1964911723,560.59,974.60627498822,420.44,280.3,70.07,218.42,91.6654975201006,10.19,5.1,431.57283373073,2128.98558041384,26222.5081836294,4823.49580255644,8017.97665547341
PT11,433.675413053524,489.766255320189,378.653608966425,306.803371365776,410.764093411856,980.812932063939,438.137027189844,0.0,3513.021548672,631.74,582.777318950153,443.77,463.69,2553.76741722807,1208.84191183098,4394.33403924746,6482.15807791472,5293.007292671,2031.4330770754696,3413.30258819629,59459.8669087138,1312.98,626.494756539777,1871.57887181468,1018.62,485.23,369.980155029966,705.134804781148,452.838376823187,485.23,2170.28451013664,415.74,1487.50690234114,311.81,207.87,51.97,218.42,77.4371066385166,10.19,5.1,505.3991114359549,13662.7460519667,3493.31939211425,11478.387097440802,11749.4066974532
PT15,429.399550484789,402.6670111435349,314.038274238256,336.665823732314,402.762376627457,1840.85258678323,435.078884538423,871.405124919541,3421.34501548424,1871.28677331973,605.6290438873611,499.97,522.41,1775.8665525755398,967.603010629772,3523.6089411035305,4976.51505679723,3952.757416443581,1547.22782917945,2868.28303940536,42009.6259791535,733.02,522.229978490711,1018.62,1018.62,485.23,310.021351971682,673.489311397294,418.159066548836,485.23,1386.74220391978,415.74,1480.30659664451,311.81,207.87,51.97,218.42,77.7631760536772,10.19,5.1,508.4704208565809,14786.649346089498,0.0,11455.0313801402,11748.4155086192
PT16,421.517209257777,650.749346196851,203.72532011166496,586.496638607134,364.6987483401341,1737.50665685346,435.360911882225,901.51067297941,3266.4359092973195,2215.77107818836,671.2039660667,454.25,474.63,2373.74878602894,1385.28028509882,4534.95279164781,6565.5966326117,4439.55206396158,1714.5680783430498,3425.96261986034,46262.9774388817,905.21,578.824071015517,1613.59286315819,1018.62,485.23,313.781137103036,701.699535997361,412.946117728053,485.23,1571.38888876367,415.74,1490.05254765067,311.81,207.87,51.97,218.42,92.5553739899394,10.19,5.1,504.79612233397,13095.1061303467,6293.67647381814,11453.1606034493,11769.7895301566
PT17,549.599385006893,540.799527060578,321.187768048089,609.086383793679,361.653312614865,2422.19733857209,437.126371538629,1064.30093208602,6718.721308579201,1740.11426952215,906.464471808169,471.18,492.33,935.111509527914,1150.92273929667,4093.02970423918,5981.83613823007,4189.05753104524,1694.5562663174503,3403.10489245477,50761.489060714,1312.98,537.556100004262,1018.62,1018.62,485.23,593.2200808871909,1227.0841291102,843.527835511005,485.23,1583.47072148056,415.74,1467.74714587617,311.81,207.87,51.97,218.42,81.9352726761663,10.19,5.1,505.275162075196,11970.8940413526,6522.5854005951,9123.42105670921,8367.81990787837
PT18,544.847971398429,544.424679169412,246.80887646310003,572.304775041073,352.187908304707,2725.82301729208,366.4130454096929,1031.30638322922,5396.99508069894,1938.32877584659,520.375994324996,591.43,617.97,1094.32334952301,1144.13362907248,4302.53630211611,6240.71930639154,4992.12228702437,1807.70624723869,3436.12618200439,51821.7184880066,1312.98,425.053758112032,1556.4003024083397,1018.62,485.23,286.527161808929,577.386279447778,439.969935834478,15.4911405404516,1678.66613985154,415.74,1511.49819351259,311.81,207.87,51.97,218.42,94.9920454440511,10.19,5.1,506.286706338611,11722.900832551804,6636.05298746058,8900.06549927487,9805.15332099868
PT20,1024.46083221647,519.002686862726,297.17,664.172118213784,237.71,779.458706916024,438.015217969695,0.0,3564.85911042389,2133.60871299904,373.36,533.26,557.19,2579.39360613248,989.669815857044,3511.16119147399,4967.97765231681,3908.63583328909,1438.6808720712097,2390.30339804718,54954.2376867875,1312.98,1018.62,1891.39141541203,1018.62,485.23,879.085910546265,1690.75509691854,1170.84659675868,485.23,1630.00942725901,415.74,1471.04214319439,311.81,207.87,51.97,218.42,76.3553968359352,10.19,5.1,503.203099577713,10844.1488839979,4121.80461867546,11469.1282903059,8413.1290687052
PT30,398.490129557321,482.052806807278,266.67,440.502123419814,213.32,995.913435070958,438.974967839084,0.0,6641.06889647703,681.21,335.03,478.52,500.0,2624.84839716135,1000.14023531888,3520.79303474678,4985.97545501001,3951.1982361525606,1640.38458870429,2426.65064728882,57950.8184057382,1312.98,1018.62,1018.62,1018.62,485.23,1469.73715826993,2901.38963039036,1955.83065864784,485.23,1438.01011208094,415.74,1466.63334117125,311.81,207.87,51.97,218.42,77.3285335546142,10.19,5.1,501.574261567075,10395.7411415227,0.0,11497.2966916833,8419.61442483435
IE04,847.923554469411,287.14,736.0402878610792,784.710481894607,876.48758717002,439.94,543.464026170069,0.0,9382.50594763322,629.21,309.46,753.108507743888,461.83,379.1007105709441,408.1730601372821,68887.6705057659,5217.991767774,10169.8069386796,24165.1178475582,1018.62,1312.98,1312.98,1018.62,1018.62,1018.62,485.23,547.712637349323,1432.54979239519,835.804797127874,485.23,741.458598416948,415.74,856.696466286519,311.81,207.87,51.97,218.42,98.4740426522176,10.19,5.1,3237.15644321395,7276.11570232803,13353.2119797353,18918.185409943704,16690.8899859714
IE05,780.6725824772511,377.18,739.412168881882,739.078328278751,759.545458777064,577.89,513.875589686449,0.0,8881.41517725546,826.51,406.49,686.282810955558,606.65,327.096344375235,326.867054926225,68828.6764253163,5185.40996802243,10203.0435341022,24156.5533530334,1018.62,1312.98,1312.98,1018.62,1018.62,1018.62,485.23,643.5858731218601,1609.5011771536697,900.80516272251,485.23,887.243749657325,415.74,856.989343422231,311.81,207.87,51.97,218.42,98.3856052882725,10.19,5.1,3238.17300424057,8454.63427178383,13292.7142410142,18890.7227028108,16831.1599174994
IE06,810.0312610693476,370.86,736.310172760661,762.3148754791318,821.2263840080318,568.19,541.1000386525246,0.0,9194.078395088234,812.64,399.68,712.4950941108782,596.47,351.36070938583293,361.28707835534016,68882.95093969518,5215.384412301572,10172.46792750194,24164.43202704193,1018.62,1312.98,1312.98,1018.62,1018.62,1018.62,485.23,576.8398300921075,1548.6578159997623,866.7541498591893,485.23,830.1587215943628,415.74,856.8067856827174,311.81,207.87,51.97,218.42,98.44950501107697,10.19,5.1,3237.5204026243114,7885.87042114436,13311.029302947683,18915.989092265,16751.363374315995
CZ01,540.066416513472,415.68,576.978355305354,620.319528899725,341.062090356574,390.050771974984,539.861631716465,0.0,552.738052271177,665.023661467408,666.067986215132,1170.41898918801,1445.62444300109,153.871568374377,567.503209780649,3491.47234635446,2510.95532459398,1891.59025622072,1214.40452485874,1018.62,1312.98,1312.98,1018.62,1018.62,1018.62,485.23,543.231702003474,926.281844586067,238.50846802251496,485.23,1642.18368902882,415.74,754.066329881462,311.81,207.87,51.97,218.42,85.2233811945241,10.19,5.1,760.642398551857,3474.35290691022,0.0,5375.27368466097,10677.7911351995
CZ02,470.2758472879879,398.91,526.180230598299,589.991231750227,340.753343718131,383.76829125423393,521.535246813398,0.0,615.79140184771,644.321032958824,740.019303346294,1151.19697778604,1447.0368970482398,139.969342588084,553.917458194644,2656.9668299771,2424.41495032184,1878.05313867456,1199.73941047489,1018.62,1312.98,1312.98,1018.62,1018.62,1018.62,485.23,452.829205362344,862.684688693588,187.689955612044,485.23,1770.42922836309,415.74,746.560421879969,311.81,207.87,51.97,218.42,93.9960560588302,10.19,5.1,757.52183375,3771.60521540783,320.570876904672,5124.65627707668,10482.3271572703
CZ03,440.163183461501,421.12,536.310506147152,575.6635291074399,340.390420791931,359.908570371146,522.082972296738,0.0,610.57601433983,686.894943889161,738.555325964996,1136.72114298168,1458.77353450922,140.105693477746,548.937523134059,2648.71576378472,2399.90636098355,1843.6784656399,1125.68502507118,1018.62,1312.98,1312.98,1018.62,1018.62,1018.62,485.23,441.207639366673,833.004646149399,180.989547017284,485.23,1735.89291736391,415.74,766.486711130678,311.81,207.87,51.97,218.42,91.5189532789674,10.19,5.1,757.767059052011,3778.51090016464,311.882723572192,5060.6334793163,10435.3456964524
CZ04,486.372085854577,424.95,547.549824101034,593.559936094684,336.010775929335,401.9936835622841,521.775556623888,0.0,590.969909716532,639.6589887104099,741.601115501527,1151.37418785013,1418.78129462643,140.52834853992,556.274401859552,2663.06991013169,2418.41468656377,1903.6205580775304,1209.26275271414,1018.62,1312.98,1312.98,1018.62,1018.62,1018.62,485.23,417.624074433534,808.120256800069,173.100588024227,485.23,1573.42832837656,415.74,759.385241109625,311.81,207.87,51.97,218.42,88.6413684758646,10.19,5.1,759.396713432594,3814.02474431878,311.277236869766,5111.03559234053,10532.3167305333
CZ05,478.340748154856,402.13,538.825448870304,591.574780017548,341.121415578385,377.101081005023,520.73843067357,0.0,614.710080160423,648.983618963906,747.584948154825,1148.56635929898,1432.57189099971,140.144619259147,553.492864191528,2674.14982156721,2431.90967899413,1900.10740679268,1234.7705922008702,1018.62,1312.98,1312.98,1018.62,1018.62,1018.62,485.23,452.199109370553,863.0032658441289,186.775395577166,485.23,1748.7616630682198,415.74,763.805273362622,311.81,207.87,51.97,218.42,92.4489972480582,10.19,5.1,756.888110003046,3722.17518681094,309.530504231918,5151.36100620424,10539.0380651158
CZ06,434.643530574292,402.06,521.070303018162,568.359163118346,340.833687815484,346.765010608074,522.31805140992,0.0,607.336710557368,612.963890136147,744.839765262754,1135.51724665728,1496.94280758256,140.022476148089,548.837701057539,2646.90256036667,2402.49339126654,1849.71060167932,1135.76556838166,1018.62,1312.98,1312.98,1018.62,1018.62,1018.62,485.23,450.65323074010007,846.101921949888,185.213173171361,485.23,1859.90144734718,415.74,747.08778802477,311.81,207.87,51.97,218.42,97.8517857600553,10.19,5.1,759.901317798579,3701.96761074391,314.927613927533,5065.70421118709,10419.1505383252
CZ07,478.7972466632339,407.4,537.00727021931,595.179703899592,335.821438705423,381.745932377208,522.001063713671,0.0,610.794782104958,650.362192375076,736.6466127526631,1155.10328460532,1500.67199243737,141.149236102238,549.322202357527,2654.99861288882,2417.19195644921,1921.78373769734,1219.72079330907,1018.62,1312.98,1312.98,1018.62,1018.62,1018.62,485.23,449.428664473923,862.402107575246,186.270755807012,485.23,1703.93156158601,415.74,764.878989846939,311.81,207.87,51.97,218.42,89.8020961291713,10.19,5.1,759.364817574533,3780.75267883882,336.372418209393,5107.75738851934,10643.0796638739
CZ08,499.973920980021,396.99,515.463909280084,604.601232197659,358.45118179125,419.030445276535,552.020909174234,0.0,628.37826573508,710.066820436665,728.740527631949,1173.5522900512,1397.93305937691,151.86774193268,531.273341844617,2680.58143978607,2445.53409794208,1916.6901886231003,1232.18792533148,1018.62,1312.98,1312.98,1018.62,1018.62,1018.62,485.23,463.076303350096,882.8699850682381,157.111015830186,485.23,1629.25376630549,415.74,760.143985362943,311.81,207.87,51.97,218.42,86.1041609555571,10.19,5.1,751.5839555304059,3777.87679248286,289.630325381182,5158.542564071711,10493.7548680009
HU11,555.568463794706,968.102269531601,541.919072657915,510.141063582889,387.59100001654207,664.422422579932,431.161352599891,803.735371168602,1148.51837326478,800.679238931827,926.15107424261,1131.37624362393,819.932611311417,540.269129293422,836.45109717208,1529.87988938373,1455.35630058885,1251.47894267942,1278.82854963014,1018.62,30463.2271757106,1312.98,1018.62,653.274317178619,1018.62,485.23,299.525162728102,405.476198534619,198.242808709473,485.23,1542.70327260855,415.74,1084.76904402432,311.81,207.87,51.97,218.42,113.70200649387698,10.19,5.1,1188.66518759653,105.538400830608,165.77286863372,3114.6052058427,6246.99818250185
HU12,555.568463794706,968.1022695316012,541.919072657915,510.141063582889,387.591000016542,664.422422579932,431.1613525998911,803.735371168602,1148.51837326478,800.679238931827,926.15107424261,1131.37624362393,819.932611311417,540.269129293422,836.45109717208,1529.87988938373,1455.35630058885,1251.47894267942,1278.82854963014,1018.62,30463.2271757106,1312.98,1018.62,653.274317178619,1018.62,485.23,299.525162728102,405.476198534619,198.242808709473,485.23,1542.70327260855,415.74,1084.76904402432,311.81,207.87,51.97,218.42,113.702006493877,10.19,5.1,1188.66518759653,105.538400830608,165.77286863372,3114.6052058427003,6246.99818250185
HU21,526.381759726572,897.647134243861,652.391709129198,531.883746223268,413.090199814296,718.29444201223,392.602177852492,0.0,1285.04169310939,756.0696735558731,826.143489149174,1201.01909768084,870.0676507241329,576.667223794665,1108.83617283701,1681.4431133592898,1542.67734880277,1080.88041150509,1078.96351620666,1018.62,29783.9419958013,1312.98,1018.62,506.142677030494,1018.62,485.23,308.478849906414,420.14588650001,210.523546927564,485.23,1833.61462192538,415.74,1103.80823106924,311.81,207.87,51.97,218.42,123.433302272566,10.19,5.1,1196.96777103905,104.060370068224,125.378768915743,3104.50477102994,6481.88447349715
HU22,556.838909283381,818.391176609085,587.070246980395,445.980563716524,409.552142145851,776.515010784269,431.31609038026096,0.0,918.20399717824,720.892690544245,820.960493719868,1165.03317540965,1050.71632653403,524.786603310833,870.845666647918,1674.4915477399,1458.64919525812,1137.69322498868,1165.43246500572,1018.62,29973.3459303996,1011.84,1018.62,1018.62,1018.62,485.23,337.102828049555,423.40283071765305,210.221110634238,485.23,1804.99728373493,415.74,1074.35520732952,311.81,207.87,51.97,218.42,118.010542601139,10.19,5.1,1189.35981988204,105.647709630547,142.688458084372,3105.24316562864,6323.57528383032
HU23,637.171170668094,1031.14499781015,565.008942905816,531.079674462857,369.734521776178,831.74476906112,360.455035135072,0.0,899.926495302478,750.647520773431,978.809986205148,1218.07670398044,1215.90741302434,494.061110704187,968.8727571789929,1669.2903404388,1572.4963733664,1023.49851960076,992.445964359849,1018.62,30829.8340837357,1312.98,1018.62,492.800455659008,1018.62,485.23,334.047181959917,451.952703697106,237.764341232274,485.23,1800.77887046173,415.74,1069.81773953901,311.81,207.87,51.97,218.42,130.882810692165,10.19,5.1,1174.46226406528,102.40401475566,153.919743675996,3099.81921844816,6223.65673431899
HU31,601.455712326891,718.239478635908,526.889931840273,523.301608828048,479.522061581337,742.796271789626,431.935426593998,0.0,814.929223984321,730.885111165991,1019.11973900933,1135.27959408171,1012.82357458055,621.342424180376,1015.00168517157,1684.93435827457,1476.2392097894,1207.40465403345,1202.01762755201,1018.62,31197.21378614,1083.78,1018.62,511.556173682911,1018.62,485.23,297.420535157288,353.426116204071,169.202767615669,485.23,1559.28514766932,415.74,1098.98990168301,311.81,207.87,51.97,218.42,114.834221151364,10.19,5.1,1186.05225196021,104.595418605203,144.25733803442,3106.0617161912,6525.43204582668
HU32,570.468159962711,803.821096770985,497.9713891908311,530.418259456979,474.104328755379,661.634765061463,387.814978567076,1061.7400662048,968.658305698408,767.552231620887,940.207796080389,958.6968570880432,1048.81081190756,463.094099830023,843.61194842245,1273.94813192307,1378.70066736059,1254.45919098236,1281.9770233175,1018.62,29643.433614774,1312.98,1018.62,599.174151662883,1018.62,485.23,312.510397351957,420.857970532491,200.060530925056,485.23,1769.90717707927,415.74,1118.52360553122,311.81,207.87,51.97,218.42,137.691330663318,10.19,5.1,1183.79807162277,104.342715152066,165.558419950194,3109.28675810805,6202.386840074191
HU33,479.718377942694,906.865492313892,500.90890952732695,388.540866511708,397.038748728785,546.872796783686,357.028656134808,625.464384666593,910.287878396452,589.373998503826,751.614804490423,955.478976195004,856.431651768304,598.356357665544,798.209095383563,1278.37987778274,1412.07482795642,1058.40335221883,1035.70538637123,1018.62,34265.0499242679,1312.98,1018.62,606.822329803849,1018.62,485.23,306.729994824316,314.6294769734079,110.73332108952,485.23,1684.87474227148,415.74,1129.61394349805,311.81,207.87,51.97,218.42,139.476252899232,10.19,5.1,1187.24702902839,101.033486166881,146.201438254793,3093.29033989733,6356.22734064068
RO11,427.758598439419,540.751991834677,519.379301720717,538.475897598597,603.002135860276,977.6734698989968,733.189037855981,711.544075852846,3036.87889877531,1062.05989950552,892.122027663028,943.940708592244,776.963865851461,2234.58467605237,584.587974555627,3304.42205827077,3565.06677418426,1435.12065730738,4581.16425126126,1018.62,20206.5339155466,1312.98,1018.62,675.450271986507,1018.62,485.23,292.194869979457,1237.51454937665,146.905981900107,485.23,1389.91942363387,415.74,1562.31460964419,311.81,207.87,51.97,218.42,95.2348623795778,10.19,5.1,3931.087256161591,94.3004258538744,6684.91874974921,1314.38889582273,8693.22715015542
RO12,423.862636268629,593.831329296506,629.411637032122,484.878497206075,602.030902062336,968.276163677528,700.537375818133,0.0,3026.16933218792,1007.18298919054,913.2952608297948,1011.7415175546,742.005135646333,2333.68927601998,597.12577673035,3224.005776847,3518.880721808,1368.41843242582,4393.56762190278,1018.62,18643.975208121,1312.98,1018.62,849.322861955174,1018.62,485.23,279.754544325903,1203.03523948519,140.018918107415,485.23,1360.31368964624,415.74,1563.17348691504,311.81,207.87,51.97,218.42,93.1396092868203,10.19,5.1,3926.71315329708,95.1665011666251,5939.51490170116,1248.80667745064,8684.1709364227
RO21,421.361928552072,654.58446457668,629.908202185125,488.4859353056431,602.925597875468,932.355321984725,715.713656038053,0.0,3016.48465595275,898.754238832653,643.240637123001,891.983364533285,648.196578252295,2155.96172669095,561.447712397839,3249.0474131626,3538.24833518437,1337.52917840727,4432.27467306096,1018.62,20045.6223981152,1312.98,1018.62,659.392902766558,1018.62,485.23,343.567968686767,1337.3599025323897,165.740309237222,485.23,1455.42821280111,415.74,1544.27611226343,311.81,207.87,51.97,218.42,93.8869042729518,10.19,5.1,3905.576904541781,97.8559419430342,5470.28430509755,1267.45323328314,8701.48787482369
RO22,469.524811627945,554.428588060885,741.037294476989,581.893162867053,603.148766502166,957.262185074403,716.269866751728,701.270165822645,3023.86192745795,876.346875936935,817.578019712935,952.514856634507,928.860132992016,2159.70568400437,513.811281745124,3250.607575568,3530.08629124701,1292.19020729867,4355.79795837564,1018.62,20078.746417444,1312.98,1018.62,588.397097850622,1018.62,485.23,525.017947132392,1832.51446553968,263.437251327783,485.23,1311.21939684974,415.74,1430.88829360155,311.81,207.87,51.97,218.42,95.9919585449701,10.19,5.1,4036.11961371171,97.1754660007279,6616.87299083824,1265.21849709171,8690.65265940788
RO31,465.271416919086,620.541591335235,797.471386360018,615.494279558748,602.551752037836,1000.78913330562,715.636387241196,717.718107089699,3011.46904689819,958.5373942695298,917.2661826251228,1046.04356488113,881.58391456913,2162.89399251361,515.590236103654,3251.60122880309,3532.57220319114,1324.67975831904,4390.80247764316,1018.62,20255.1295696895,1312.98,1018.62,895.825433009928,1018.62,485.23,443.333680775113,1597.9121508650103,216.492557436951,485.23,1312.70161844607,415.74,1445.4281267402398,311.81,207.87,51.97,218.42,97.4410982693535,10.19,5.1,3962.82057175873,96.373566716604,6381.1641801019,1268.34513989048,8688.32938243876
RO32,495.744326054271,673.57753799825,655.850944489871,606.563535852759,635.480093793275,1044.72876918254,780.6377309170712,0.0,3125.08026451339,1037.07805377311,871.0953353475919,981.595919564034,544.161879657365,2295.23867777784,459.883826517675,3284.07837323312,3574.27439267959,1331.54285512764,4416.10423773439,1018.62,19664.8683128836,1312.98,1018.62,1018.62,1018.62,485.23,1164.36311988475,2972.1163894600904,464.519921527022,485.23,1426.20673736051,415.74,1592.95437931696,311.81,207.87,51.97,218.42,87.9282665831753,10.19,5.1,3983.65513183529,114.84605459729302,6045.57225070655,1292.36052038496,8865.74382819236
RO41,432.32307880376993,547.191023463712,521.66337615457,572.550300117377,603.071627649171,946.2128321628091,733.679217018143,689.039637291085,3023.61162984802,967.8445180614452,872.2959981396261,953.743457931118,686.51711802237,2123.88902751926,513.646146565863,3289.19918436172,3553.91357206242,1311.29918430407,4441.92026231742,1018.62,20916.8296601929,1312.98,1018.62,708.930175603314,1018.62,485.23,344.867276491688,1349.5356609659,166.712976187092,485.23,1265.91601000801,415.74,1516.61598709493,311.81,207.87,51.97,218.42,95.1499586141366,10.19,5.1,3928.67459010717,94.7924601133766,6491.45444392769,1296.41045674313,8698.37011330079
RO42,492.470081075079,714.806893588202,758.892578934798,574.234283459858,602.020139923001,912.1917254061852,675.756593510157,681.71373560608,3013.18658951878,1006.99214611164,923.220129464347,1023.855469325,673.8457942511671,2196.24249469629,495.988293188991,3178.692380046069,3483.66236513875,1361.8931438281,4278.95863853155,1018.62,20257.717187703,1312.98,1018.62,791.829930027201,1018.62,485.23,284.706240442781,1208.96598594115,141.190938453387,485.23,1253.73618873609,415.74,1557.09074108996,311.81,207.87,51.97,218.42,99.3884171488627,10.19,5.1,3903.68527128513,97.3697156174144,6809.98546337093,1208.41398248506,8685.99310333331
BG31,213.158891347765,533.69741724249,383.622958954086,176.108018830739,270.240474827515,299.433688800362,979.322000834393,0.0,177.85112261799,896.63,606.251863603377,949.570435959276,1011.22291396276,61.2713452927418,123.232285289937,1445.22043024075,863.361210959379,1242.94917140392,1023.47330802255,1018.62,22975.7176745114,1312.98,1018.62,120.305401839964,1018.62,485.23,81.6407103551477,127.07033958824398,84.5692298160846,485.23,934.2758856593732,415.74,1439.10759717078,311.81,207.87,51.97,218.42,76.2735877578739,10.19,5.1,549.491810250391,47.5751365642572,348.48675862756306,1103.03087886154,692.919723232041
BG32,230.01170953599703,540.067218000338,145.261302475094,175.740006230438,273.812079857386,304.993193823502,982.89327886221,0.0,178.533008244618,889.51,602.220687444067,986.642658337856,1052.40218943196,61.5036143713365,111.773060181714,1447.34920951887,868.091225965819,1241.38377328242,1046.34606491784,1018.62,21606.9482609503,1312.98,1018.62,101.503076652099,1018.62,485.23,107.566794308021,155.052147633466,104.703182672285,485.23,986.984829062106,415.74,1362.96601685503,311.81,207.87,51.97,218.42,83.84814528755,10.19,5.1,540.52401385757,47.5137024121974,325.771880978284,1101.62059828188,729.360183882493
BG33,214.902003932756,568.081484385625,373.115655041369,180.492196374772,270.695580780229,304.765761824138,979.193614544027,0.0,179.132304313503,892.46,605.52305296929,957.627324353456,986.40724124665,61.2420868686209,110.602583742757,1445.59951834372,861.0124453524979,1237.12052067186,965.523786681092,1018.62,22373.4761241307,1312.98,1018.62,102.591883276705,1018.62,485.23,137.230303092378,184.348089360376,132.530263087389,485.23,1036.95630103457,415.74,1329.13664435934,311.81,207.87,51.97,218.42,83.9220660986548,10.19,5.1,526.970194512833,47.4148539248271,304.438521270322,1101.85310650736,676.353978328939
BG34,185.800439109503,526.77145208948,353.90947494226,143.65206760248,262.50636845755,229.888405056282,948.530050729224,838.25821542822,175.08249752656,874.35,535.929145599038,864.853079931291,865.8048137310981,61.7183008331036,89.7514069253997,1437.9486259910302,863.722147217907,1251.96528619087,1133.59119466253,1018.62,21949.9529243312,1312.98,1018.62,98.3869579119455,1018.62,485.23,91.4438678741076,127.663250087126,55.6883330207448,485.23,1055.38045455339,415.74,1420.89564314115,311.81,207.87,51.97,218.42,81.4654662781671,10.19,5.1,547.434078092217,48.4217104360006,321.11703850012,1096.10913757658,727.71035490364
BG41,168.931822310753,490.233757392834,275.559676454625,128.168409515784,271.489519518952,259.333716952632,983.630770958309,0.0,212.843550824149,875.05,536.796639895185,845.500248692039,1105.245592437,61.17603485761369,114.43391103919602,1443.85113610848,871.433049670887,1256.05698969381,1218.23615436696,1018.62,20663.5689183865,1312.98,1018.62,98.9080773149998,1018.62,485.23,61.83332918691799,96.1669297173859,59.8153184572201,485.23,868.964109898916,415.74,1434.38695018696,311.81,207.87,51.97,218.42,75.4142508868356,10.19,5.1,527.795118281515,47.9886648777304,484.396286706083,1103.75577448175,832.274505397596
BG42,174.176313698301,463.17994448276505,279.384897810037,135.211591021703,275.291534923468,258.955932775151,979.306036522165,904.147001961977,190.224388242692,875.05,542.446333920391,884.7576113649509,1032.56139755097,61.32819855611161,112.495984516647,1449.51919990251,874.129698017378,1258.00743201102,1096.86183289062,1018.62,21983.2195769369,1312.98,1018.62,97.7409260664708,1018.62,485.23,99.6475018496926,142.253090800366,95.9361698880966,485.23,1127.80825548284,415.74,1420.77638922096,311.81,207.87,51.97,218.42,76.7979613889931,10.19,5.1,532.225202896426,48.11060732036999,349.694843619573,1107.86199337975,738.153862225819
SK01,524.054108991653,639.285294397248,444.62736929234,389.80101025554,308.526772180657,1053.64215120347,388.335754738429,0.0,703.269277389062,753.549879192884,832.062118588651,1138.89166132705,850.82900248846,450.559305627939,508.233990771763,1454.82449256104,1369.57541654872,4232.35471392622,1666.1798414364198,1018.62,3330.47113113739,1312.98,1018.62,1018.62,1018.62,485.23,763.741970260253,1380.73896846513,723.15733451777,485.23,1885.33449417391,415.74,2800.77889032714,311.81,207.87,51.97,218.42,107.387992005026,10.19,5.1,479.349708426243,106.524780986982,0.0,1509.80218621196,41618.8089926444
SK02,586.384716092588,536.163095015312,482.15138136365306,402.863847370587,273.991756833041,764.694646560277,396.792401825934,0.0,531.011031519108,784.357597803749,851.728156613274,1263.56295463371,914.710992577123,321.298778611381,636.016641750888,1972.86428795957,1815.16237003991,4144.54117794345,1664.85090773912,1018.62,3339.33879755427,1312.98,1018.62,141.30940894753,1018.62,485.23,815.497777078693,1485.01912289587,781.1838649182318,485.23,2388.30522139743,415.74,2823.00429493234,311.81,207.87,51.97,218.42,116.901892663351,10.19,5.1,471.2581947736211,100.883668782266,0.0,1510.47180768955,41852.4856997646
SK03,597.877832881419,623.302270973524,602.881276869224,388.583645960941,323.817916974865,1134.24642225583,454.989740251128,0.0,433.85549275654,744.305142009658,960.1026676904588,1107.88053583317,1000.54308258068,404.03172809204,592.091202526906,1972.54649912407,1817.30579591346,4373.06907576239,1689.86545960954,1018.62,3634.3641606056,1312.98,1018.62,159.275371675426,1018.62,485.23,592.8620538509201,1186.24915122366,585.993239765499,485.23,2076.01653664503,415.74,2850.66727306179,311.81,207.87,51.97,218.42,108.829408704756,10.19,5.1,464.840701976026,105.23666252202298,0.0,1538.31411260865,42247.9887489564
SK04,513.151773134415,626.989192931673,420.72988400484,357.377236072346,303.171459343909,1136.91281030964,403.883693159183,0.0,435.96650470970906,666.1239224750691,920.8767635895288,1015.9263457238,925.226959093092,353.903716289791,529.77564347969,1502.41658245927,1408.64790600471,4578.9981659335,1736.03754218204,1018.62,3641.50860248703,1312.98,1018.62,151.740063755412,1018.62,485.23,525.116454776984,1095.67246090948,507.417838942831,485.23,2015.68956660634,415.74,2840.76401789821,311.81,207.87,51.97,218.42,110.227926475531,10.19,5.1,464.5150815227991,100.625398424013,0.0,1355.66819569167,42464.8668493462
HR03,662.5523520741629,979.077790103906,497.838153538961,529.014897397842,372.931434866281,770.931306056055,553.842822248207,0.0,1143.2175593376098,1514.65849167871,612.032108210821,688.624083677827,578.397951117881,488.404174190433,640.21392495386,1083.49193506862,806.498372773337,1710.17073004219,802.340879966889,1785.09701333097,2138.90610016363,1312.98,934.757006332683,1150.7858417115,1018.62,485.23,207.952327156654,998.574909518799,427.3883356980031,485.23,1956.78452963601,415.74,696.368526956382,311.81,207.87,51.97,218.42,71.0745935436491,10.19,5.1,1124.37067594561,3280.5815562600305,384.566820320105,5604.61755470957,5601.64478236227
HR04,662.552352074163,979.077790103906,497.838153538961,529.014897397842,372.931434866281,770.9313060560551,553.842822248207,0.0,1143.21755933761,1514.65849167871,612.032108210821,688.624083677827,578.397951117881,488.40417419043297,640.21392495386,1083.49193506862,806.4983727733369,1710.1707300421897,802.3408799668891,1785.09701333097,2138.90610016363,1312.98,934.757006332683,1150.7858417115,1018.62,485.23,207.952327156654,998.574909518799,427.388335698003,485.23,1956.78452963601,415.74,696.368526956382,311.81,207.87,51.97,218.42,71.0745935436491,10.19,5.1,1124.37067594561,3280.5815562600305,384.566820320105,5604.61755470957,5601.64478236227
HR05,415.2,403.7,346.3,376.26,277.01,618.51,403.89,0.0,1886.94,884.61,435.07,621.41,649.3,268.39,346.58,10824.03,10824.03,1018.62,1018.62,1018.62,1312.98,1312.98,1018.62,1018.62,1018.62,485.23,485.23,485.23,485.23,485.23,1067.45,415.74,363.78,311.81,207.87,51.97,218.42,218.42,10.19,5.1,300.0,0.0,0.0,0.0,0.0
HR06,379.48,368.96,316.5,343.88,253.17,565.29,369.14,0.0,1724.57,808.49,397.63,567.93,593.42,245.3,316.75,10824.03,10824.03,1018.62,1018.62,1018.62,1312.98,1312.98,1018.62,1018.62,1018.62,485.23,485.23,485.23,485.23,485.23,1067.45,415.74,363.78,311.81,207.87,51.97,218.42,218.42,10.19,5.1,300.0,0.0,0.0,0.0,0.0
SI03,563.753793393512,356.01,880.978611016479,692.318662860114,738.971566560246,1435.16710425074,950.191749353404,0.0,2978.85391275286,780.11,1499.86678429807,891.20459281826,1212.90934856181,228.65482526631803,467.638260835783,3190.2524368286595,3172.21156954989,3568.98911411829,15957.9040355594,1018.62,2085.14274055445,1312.98,1005.05515430512,1018.62,1018.62,485.23,221.231421679849,472.127962335474,665.445513909279,485.23,1528.07199881799,415.74,1190.27994357165,311.81,207.87,51.97,218.42,113.497385637485,10.19,5.1,847.26106654285,7062.09323272765,638.131111241616,7632.95739999328,11753.2123733105
SI04,563.753793393512,284.67,880.978611016479,692.318662860114,738.971566560246,1435.16710425074,950.191749353404,0.0,2978.85391275286,623.79,1499.86678429807,891.20459281826,1212.90934856181,228.654825266318,467.638260835783,3190.25243682866,3172.21156954989,3568.98911411829,15957.9040355594,1018.62,2085.14274055445,1312.98,1005.05515430512,1018.62,1018.62,485.23,221.231421679849,472.127962335474,665.445513909279,485.23,1528.07199881799,415.74,1190.27994357165,311.81,207.87,51.97,218.42,113.497385637485,10.19,5.1,847.26106654285,7062.09323272765,638.131111241616,7632.95739999328,11753.2123733105
LT01,622.348551123055,381.94,347.918844710414,620.182682104359,360.935254231624,1200.38686220583,494.509313937009,0.0,606.045529158897,868.3042257213169,411.62,959.137283807482,447.560331734653,358.8941588594,333.1497923047559,2131.1264565222,1865.55298644015,543.152984751211,561.18158220676,1018.62,1312.98,1312.98,1018.62,1018.62,1018.62,485.23,259.149061433447,758.259729833178,907.410312063605,485.23,1143.01847682395,415.74,600.813952409365,311.81,207.87,51.97,218.42,62.66803046230069,10.19,5.1,2225.30708763627,1455.45143831866,0.0,3540.11485891245,0.0
LT02,622.348551123055,432.12,347.918844710414,620.182682104359,360.935254231624,1200.38686220583,494.509313937009,0.0,606.045529158897,868.304225721317,465.7,959.137283807482,447.560331734653,358.8941588594001,333.149792304756,2131.1264565222,1865.55298644015,543.152984751211,561.18158220676,1018.62,1312.98,1312.98,1018.62,1018.62,1018.62,485.23,259.149061433447,758.259729833178,907.410312063605,485.23,1143.01847682395,415.74,600.813952409365,311.81,207.87,51.97,218.42,62.6680304623007,10.19,5.1,2225.30708763627,1455.45143831866,0.0,3540.1148589124496,0.0
LV00,684.210516440409,422.76,597.42253439525,536.94356385749,355.827417800499,647.71,362.042566380872,0.0,1974.8261226717505,926.37,455.61,558.113851624187,679.95,411.398084130666,581.164525208748,67611.904349346,3386.05218343611,546.252101569646,578.482020423248,1018.62,1312.98,1312.98,1018.62,1018.62,1018.62,485.23,234.14764386413503,562.554051004301,395.662215044708,485.23,1077.79522811209,415.74,488.785383541875,311.81,207.87,51.97,218.42,84.6324529756223,10.19,5.1,3518.96028850475,8951.4016172404,24750.9180371614,0.0,13708.5323909527
EE00,593.293032368469,414.57,445.996561103202,532.490244491264,343.115076470907,635.17,624.944060333845,0.0,5157.75113069062,908.44,446.79,557.719244569945,666.78,189.41428892065696,154.287076622135,36893.4390507552,1101.27249707816,448.292688848334,2588.51268868211,1018.62,1312.98,1312.98,1018.62,1018.62,1018.62,485.23,233.01666465115304,1232.71773191129,387.66843322561,485.23,1624.38367922627,415.74,976.8706599601612,311.81,207.87,51.97,218.42,120.838991939969,10.19,5.1,308.140532381462,1006.67194958808,0.0,1649.3513408317,4933.36065649898
LU00,1040.97982099728,309.82,900.409128003957,1015.43658411381,774.76187057623,1312.89938279895,797.508382588141,0.0,3715.925185055789,1917.10040203069,333.9,3007.87517421582,498.3,1904.631000862,767.217205209942,14194.979784780598,5040.1761891386,5098.678999926131,25352.527493072404,1018.62,14932.1510414501,1312.98,1018.62,1018.62,1018.62,485.23,724.917704098444,863.226903582749,975.413178197314,485.23,2326.45861454368,415.74,1206.84474498288,311.81,207.87,51.97,218.42,97.4215593150045,10.19,5.1,767.860134562445,2836.58412852316,12957.3901807155,51967.9475436959,14202.615249864
CY00,315.07,744.686500263609,262.78,348.657214542025,593.114575993349,469.34,210.925668665014,0.0,3176.7733209913,671.26,330.14,471.54,492.7,2636.42627894587,420.57720981275,12211.9528692714,5835.03219110131,1296.21759293449,1356.2308195062,5372.79239661956,9030.64434619554,1312.98,983.673113764095,4327.41927963133,1018.62,485.23,418.4685089333421,3907.3017969453,490.44554297224,485.23,12412.9355856661,415.74,1167.02632507439,311.81,207.87,51.97,218.42,626.313745195991,10.19,5.1,5081.40966376127,5783.42062742866,0.0,11581.8736817496,11274.3580888818
MT00,485.23,485.23,485.23,2307.65382356704,485.23,485.23,2268.53068559097,0.0,2860.51752012618,586.1,288.26,411.72,430.2,177.83,376.148765828693,11726.919925126,7459.434471962739,2630.84701069341,3649.7936314700314,4573.38511370936,26394.4709042286,1312.98,1018.62,1018.62,1018.62,485.23,485.23,485.23,1133.33893053181,485.23,7353.7671429958,415.74,1143.91949197918,311.81,207.87,51.97,218.42,451.543014595512,10.19,5.1,4738.78313507488,753.054613740921,0.0,0.0,0.0
NO01,1034.3928855972476,351.64,903.4127168286292,696.935205440916,741.1145161513629,538.75,709.389810947811,0.0,3732.336898795715,770.54,378.97,717.2809392485298,565.57,182.2773394376724,1277.3931414237825,24375.15840328966,8803.131516814174,7139.431940287007,14783.32823313158,1018.62,1312.98,1312.98,1018.62,1018.62,1018.62,485.23,209.61376629834257,485.23,645.9023119327965,485.23,4119.383635437475,415.74,1421.4131802062584,311.81,207.87,51.97,218.42,515.4539278964265,10.19,5.1,300.0,0.0,0.0,0.0,17515.003593462472
NO02,1100.7832281071,363.9,1143.61118039288,965.126825901589,699.999557073413,557.54,346.554083478482,0.0,3957.30551110519,797.4,392.18,870.5810137359,585.29,182.277339393144,1333.06536200723,23041.4679012994,8941.89812934377,7706.346330262051,14884.6696224063,1018.62,1312.98,1312.98,1018.62,1018.62,1018.62,485.23,195.783673723141,485.23,675.042094255149,485.23,3768.673367058189,415.74,1421.82548927768,311.81,207.87,51.97,218.42,514.676316951356,10.19,5.1,300.0,778.977870946529,0.0,0.0,18445.5301708621
NO03,1034.392885597248,380.78,903.4127168286292,696.935205440916,741.1145161513629,583.39,709.3898109478109,0.0,3732.336898795716,834.38,410.37,717.28093924853,612.43,182.2773394376724,1277.3931414237825,24375.158403289664,8803.131516814174,7139.431940287008,14783.328233131577,1018.62,1312.98,1312.98,1018.62,1018.62,1018.62,485.23,209.6137662983425,485.23,645.9023119327966,485.23,4119.383635437475,415.74,1421.4131802062586,311.81,207.87,51.97,218.42,515.4539278964264,10.19,5.1,300.0,0.0,0.0,0.0,17515.00359346247
NO04,1034.392885597248,292.54,903.4127168286294,696.935205440916,741.1145161513629,448.2,709.3898109478108,0.0,3732.336898795715,641.03,315.27,717.28093924853,470.51,182.2773394376724,1277.393141423782,24375.158403289664,8803.131516814174,7139.431940287007,14783.32823313158,1018.62,1312.98,1312.98,1018.62,1018.62,1018.62,485.23,209.6137662983425,485.23,645.9023119327965,485.23,4119.383635437475,415.74,1421.4131802062584,311.81,207.87,51.97,218.42,515.4539278964265,10.19,5.1,300.0,0.0,0.0,0.0,17515.003593462472
NO05,1034.3928855972476,277.82,903.4127168286294,696.935205440916,741.114516151363,425.65,709.3898109478109,0.0,3732.336898795715,608.78,299.41,717.28093924853,446.84,182.27733943767245,1277.393141423782,24375.158403289668,8803.131516814174,7139.431940287007,14783.328233131577,1018.62,1312.98,1312.98,1018.62,1018.62,1018.62,485.23,209.6137662983425,485.23,645.9023119327966,485.23,4119.383635437475,415.74,1421.4131802062582,311.81,207.87,51.97,218.42,515.4539278964265,10.19,5.1,300.0,0.0,0.0,0.0,17515.00359346247
NO06,646.807521809746,352.8,102.213410107696,944.246773171164,425.439490813707,540.53,310.971563162975,0.0,3843.8295809701,773.08,380.22,385.210147447592,567.43,182.277339393996,1340.17998393019,26953.131500787094,8340.15353090289,7731.89324291762,13784.5828704326,1018.62,1312.98,1312.98,1018.62,1018.62,1018.62,485.23,195.022803493439,485.23,654.666363443808,485.23,3977.14165212536,415.74,1428.99376929097,311.81,207.87,51.97,218.42,512.664788457719,10.19,5.1,300.0,817.787783320705,0.0,0.0,15874.9038497793
NO07,1027.82181722008,270.18,1356.18636589715,531.117665445213,420.235331453304,413.94,521.608973536875,0.0,3012.34951522355,592.03,291.17,748.927960909178,434.54,200.094728534203,1249.92667830454,22542.0804208386,8776.7849328406,7932.240426041769,14555.3620503622,1018.62,1312.98,1312.98,1018.62,1018.62,1018.62,485.23,150.386251225032,485.23,489.048841788106,485.23,3889.7500980772097,415.74,1462.69563018321,311.81,207.87,51.97,218.42,508.2832325050289,10.19,5.1,300.0,784.645575510319,0.0,0.0,17845.1718744528
