region,SWHE,DWHE,RYEM,BARL,OATS,CORN,OCER,PARI,POTA,SUGB,SUNF,RAPE,SOYA,OOIL,PULS,TOMA,OVEG,APPL,OFRU,CITR,TAGR,WINE,OLIV,TOBA,COTT,OFIB,GRAS,MAIF,OFOD,SETA,DCOW,BCOW,BULL,HFRS,CALV,SHGP,PIGS,PIGF,LAYS,BROI,OANI,OCRO,OIND,NURS,FLOW
DE11,6.147673399162699,5.3429924669582896,5.34260875758181,5.9680223392303295,4.5044699050128205,8.68056128543648,5.85347793274556,0.0,30.440324244707103,64.91860310574668,2.64069454938703,3.17471059101521,2.34305132501796,0.764754273957751,2.62551319513028,247.895225870114,35.7654619735867,28.111490289083203,12.4719501060415,24.16236573515104,9.147594013682252,6.5703444007553,3.681977493189998,1.8137137586610597,1.4756759640435904,1.787799831051512,32245.7,47.2236350777932,27.131379519992098,0.0,8.38438435163868,494.98,0.280984252989334,2041.45,972.63,16.56,3708.71,0.0818484276944584,19529.76,2508.98,0.0034681158547356,11.8449047790521,39.6084412597634,19.5718456492043,178.489884924543
DE12,5.35650247748114,5.5224433504165,4.68796901402511,5.53399227373465,4.50357013265236,8.91049858646318,5.85237355340941,0.0,30.681473402458707,59.4011479412517,2.333333333333333,3.02060361590374,2.34618739824777,4.520414280637471,2.6277294585347097,247.93646031933497,35.766507898201496,28.026378223987997,12.4533727409964,19.622660187642538,7.78235939413497,6.57334190005602,3.816616118095318,1.8638145170272902,1.424939547536746,1.7166855684002926,25032.2,39.1581050759502,22.4269952683874,0.0,7.99787888872941,494.97,0.281072491454114,1663.67,970.55,16.56,3011.23,0.0818189678097429,19855.96,2510.88,0.0035810592270153,11.845300782819601,39.5976461140479,19.573612070112997,178.47489458295303
DE13,5.23702307129395,0.636469564636403,4.66179436218792,5.508577231162141,4.50473005546458,9.679358406768749,5.85379496780897,0.0,31.0742041175532,64.5847387578483,3.0,3.1201403164351604,2.34209307559326,0.8112826255930501,2.6392119508975203,247.88319490361496,35.7650484646701,28.137314930851097,12.4776060745411,19.4788389539954,10.019409834410718,6.56945159836546,4.080661739551416,1.8536828629607798,1.5057938454296986,1.7879816974630682,33691.8,50.2755849448535,27.986959722317398,0.0,7.43619138576844,495.02,0.281172156667707,1813.8,970.54,16.56,2932.13,0.0818225374520718,19452.22,2509.7,0.0034260357522954,11.8447616001572,39.6116911230654,19.571313510017802,178.494273861953
DE14,6.9721551391298595,0.8845181629855,5.37527975400145,6.04504760509011,4.5025431256336,9.55439255845439,5.8510664386953,0.0,30.16666666666667,66.5218793628651,2.0,3.16698211565261,2.3428208980509098,0.792904204555696,2.6208188631477203,247.95407780080802,35.752670623194,28.099686273498097,12.4711038435383,23.86605249985189,7.698407199795238,6.5730506651488705,3.839266578479472,2.24006891425514,1.348404308740926,1.636877253523192,39094.7,55.329522939207095,31.6251725744305,0.0,7.72181665045471,494.84,0.281190902571204,2455.89,979.02,16.56,3104.14,0.0818487403267345,19413.12,2509.05,0.0035659610169984,11.8418714175539,39.6011780066778,19.5726526711884,178.464998281517
DE21,6.4859395124168895,4.5987105678697295,4.5157829576288995,5.99128137953495,4.4964449254538605,9.59895166485092,5.835841625939989,0.0,33.6680247270248,79.8889171824928,3.0185142725240297,3.1958238200514804,2.30947518038108,0.780230510484653,2.77032480044917,248.27946730793,35.6504244482347,28.2773373112677,12.5232150996191,24.58506995728243,9.456325171366348,6.57942345293624,4.304430868851033,1.991201866069551,1.247107904524994,1.784646153894939,44018.5,65.1987385808302,37.4262213215178,0.0,6.9644037310605,495.04,0.281160619995776,2575.57,972.05,16.55,3350.85,0.0818424555434199,19506.15,2508.89,0.003112220436171,11.909965510551102,39.473380453081106,19.5733133542802,178.55865913084
DE22,6.47678625024483,5.543886014086,4.567116693891871,4.51705869410893,4.48853499760044,9.514355835751859,5.82550044936845,0.0,36.2931953726359,74.9052031417886,3.0,2.70343826163239,2.30020687597997,0.782812717625843,2.73379623779965,248.494394542459,35.5794964700873,28.4186935763073,12.563259955970498,24.82191283664295,8.529606431697843,6.5865348401036705,3.8368145723810216,2.076741342381568,1.5004268097906,1.5442908823066173,41615.3,62.3092869761923,36.5472365833466,0.0,7.247344608520939,495.09,0.281165679960605,2650.68,972.23,16.55,2557.0,0.081848425067053,19543.11,2508.9,0.002913052556798,11.8941498453467,39.4644886827165,19.5733817811124,178.46744571215203
DE23,6.27178472980466,0.349406977988984,4.55160044955398,5.27916263290069,4.50521032283302,8.9053161561404,5.84707587753322,0.0,32.9799542603872,74.7111166484987,3.12646512875523,3.0599728286405696,2.31088362273828,0.7717172008740659,2.7550745272735697,248.004128146917,35.7085443576898,28.3458441019833,12.5303481010417,19.13928845590417,9.049304872317034,6.56654622391649,4.224987139977074,1.8673387963109005,1.1789732854565729,1.858380383881288,43800.2,61.7718717722518,35.517137939571704,0.0,7.512241566579011,495.15,0.2811449532543629,2674.15,972.23,16.55,3243.06,0.0818434373022056,19454.34,2509.03,0.0036476203105539,11.924552036826801,39.5007713542724,19.5693262476888,178.67196615266397
DE24,4.49326268777349,5.47247255971429,4.31303765809525,5.21900792115158,4.505760975396369,7.9748092887285,5.84776988850218,0.0,27.55555555555556,57.1910268655624,0.369599963591839,2.2698292494284003,2.3104203213944903,0.820154409614986,2.75273706165777,247.984600133037,35.7109496566982,28.3638711862863,12.5339366050565,23.84455176909077,9.176155848628245,6.56543384081389,3.4279078007171853,2.0014244133528964,1.3256322565954042,1.8269982113406664,37085.5,53.4077868675778,30.0843423540828,0.0,7.843527835769589,495.14,0.281103682518653,2523.51,969.94,16.55,3013.9,0.0818374423707846,19377.59,2508.84,0.0037443693474481,11.9252794162338,39.503587806922205,19.5688390445076,178.67983606321002
DE25,4.81290894410939,6.486474103821259,3.9675342641815,4.27401657184546,4.50398906306917,7.9771368377543705,5.8455259328478295,0.0,22.88571428571428,62.3075684476972,0.685855115027574,2.12682037186258,2.31132195588488,0.7910037115723971,2.7506043582708597,248.045153842961,35.7018843352062,28.320466392515897,12.525728712059001,19.257655244235234,9.950881131929654,6.5686920270273905,4.380006684024988,1.85567339669892,1.3570980737686762,1.7898989317916258,30694.1,43.4401360929843,25.2722748595712,0.0,7.3192223157537,495.12,0.281147981974473,2558.19,971.34,16.55,2813.52,0.0818461973250995,0.0215775136160816,0.0021948211222797,0.0033985975071073,11.922737327237101,39.4956786683493,19.570155498563302,178.655252295641
DE26,6.24877941134898,5.33083253930756,4.7997565807238995,5.619067003330939,4.50239400276784,8.08786240869245,5.84344363790499,0.0,27.2,61.6660145293868,2.47141918234266,3.0128626375917102,2.30812360220436,0.7946589351530029,2.7750163848576404,248.082984728651,35.6847231919648,28.3814131607277,12.5412258649602,21.229910830330905,9.406370270908278,6.569382367715489,4.3537416847984245,2.1464990873821788,1.311830347393318,1.5887979393730092,32297.2,50.2982168871288,29.114782552626195,0.0,7.45211309038154,495.07,0.281107671028145,2151.01,962.06,16.55,3659.24,0.0818301191139381,19389.27,2510.25,0.0032428909857972,11.919129172347,39.496348786351106,19.569601121027098,178.638929896971
DE27,6.68605354457919,3.28301189728501,4.76643184012434,6.184795911774899,4.50120953338308,10.0685139932051,5.84193786157454,0.0,37.1290110430261,79.4503143635467,2.0,3.3306214600644597,2.30860626875538,4.51672634790639,2.7353519068838,248.122971383298,35.678383144026895,28.3554049113865,12.5364287767414,20.008147899605124,9.884084919625536,6.57149704609139,3.3142679306213747,1.686225321472448,1.142456535137702,1.7024329629356254,49333.6,70.619876544981,40.8667024876622,0.0,7.18928549856738,494.99,0.281147687972867,2602.31,972.23,16.55,2748.9,0.081846580294201,19504.82,2508.91,0.0034287117261306,11.9173563494438,39.49132413672319,19.5704305017365,178.622654374226
DE30,7.052064924944342,4.142125207523353,4.1,3.6,3.687661396565547,3.0,4.404636526557978,0.0,21.8,19.0,2.276763920152172,2.8469270460643656,3.066920211877624,1.7537412511248074,2.480330473298565,38.61071727687941,17.920187379549095,22.651361446551903,13.03590014413562,23.87493425905329,9.16011802316453,6.743378036918102,3.440125444138133,2.2449385254135086,1.2413316824758285,1.6886185218247334,5.829630308571959,49.6,9.96316924159617,0.0,7.939846106549934,0.2670828372361132,0.3492722178333645,0.2143551924019562,0.1175101465509615,0.0256691232526953,1.863994534633934,0.1022397657489103,0.0204592660293975,0.002288855217496,0.0032126927876197,0.0,0.0,0.0,0.0
DE40,6.6037516435314405,5.702235651410639,4.06600467474207,6.22211644374259,4.50102658304408,8.87710172052712,5.85054104009195,0.0,34.401200487822,75.99499926193,1.90049657412002,2.8155246310985,1.32834709099375,0.724025118331435,3.5652822738415897,247.933982415612,35.7329903867983,28.2926508950717,12.515554674574,21.08033840737168,8.833631605761841,6.86892254399468,4.296295334165883,1.78936745050268,1.3214386383725074,1.6600361817965816,23014.4,34.8756366521544,20.559112319280402,0.0,7.6349190662967805,495.08,0.281136885985818,1834.38,982.39,16.52,4510.26,0.0818246324683187,19522.42,2508.96,0.0036239016902754,1.21578000344737,28.369494713292998,19.5694002133114,180.565729649366
DE50,8.5,4.442954540443487,5.0,7.0,3.508170996367495,5.8,4.379485703940624,0.0,35.1,24.5,2.075234596547705,2.0,2.91946025152431,1.5944816391060068,2.866233123533581,37.54160491367893,18.07180249209732,19.949024519625528,11.868455164862851,19.79498532798512,9.68784332705263,7.568483345313539,3.9146446893728575,2.1814074201437377,1.5141673790732038,1.4725899648415437,5.41460526186968,44.5,7.691330108825928,0.0,7.762658968918481,0.2724694720707081,0.3151110660346782,0.218835274951961,0.1481213034373861,0.0237433549840378,1.8213142572565613,0.0979810600053604,0.0197417734018654,0.0022570538141897,0.0032933570760921,0.0,0.0,0.0,0.0
DE60,7.9,4.26472309132122,6.8,6.7,4.137189071559518,5.0,4.153652986990656,0.0,30.7,48.4,2.226088107272708,3.2,3.0341950704619287,1.6413733917507105,2.971617761303988,48.64660482283143,19.82846140844678,22.232740328595817,13.545010804526443,24.311810372302563,8.379159700361624,6.597657577892341,3.886279752360288,1.745357951242266,1.27982679265381,1.8565821479130795,5.715873196601825,41.3,8.374578878009357,0.0,6.790979761153409,0.3102654878265822,0.3465306938639256,0.228027046257749,0.1358996967856863,0.0234353442644173,1.848145131320884,0.1108650991496602,0.0205945924520314,0.002517991925378,0.0034191541325614,0.0,0.0,0.0,0.0
DE71,7.849685597392241,5.04463146466167,5.22113415182523,6.1663693464180795,4.50601524852354,9.553171643049351,5.84786299072879,0.0,38.21908692103,64.2975831714448,2.5,3.5653778266603,2.31034173587252,0.822064473113826,2.6269092445382,247.997010126997,35.7176530539519,28.292527715201704,12.5175718848333,19.51754051410386,7.5880999751543,6.571316505039441,3.838103201798527,2.268410860679986,1.3061294886526866,1.886568904641551,35841.2,52.342634439261396,29.626217461475097,0.0,8.068046613224551,495.2,0.281174311985841,1863.62,975.8,16.53,377.52,0.0817742114832892,19298.29,2509.5,0.0036618019825751,11.944123574786198,40.2920826421807,19.570066228964702,178.512853220701
DE72,7.800177349796639,5.662024481405431,6.34133364147766,5.90767928828292,4.5025361597642,7.95005038365918,5.84342958456489,0.0,27.66666666666667,85.3876042626991,3.09877765918233,3.2507933638140396,2.3102306814459896,0.841847795131192,2.63131742899384,248.10583005689497,35.6946768889634,28.265569587313195,12.514784108744399,22.596113655828784,8.527921778854282,6.5763549786384905,4.296473984308509,1.794430647072058,1.1555853901293622,1.571753834580102,35083.3,50.413703455638704,29.077340014751098,0.0,7.42007348229533,495.18,0.281120718203461,1819.78,975.8,16.53,4093.12,0.0818006970096694,19394.71,2509.48,0.0031667246785671,11.938864148341299,40.2720069269788,19.571637300937898,178.467542503509
DE73,7.97136212114346,5.1602727339498395,5.9748816098043696,6.71631695882113,4.50028671332286,10.8411307017332,5.840491734647,0.0,38.8581265910347,77.08253629948591,2.226965380383668,3.33704580794358,2.3063134615437204,0.7778495945445241,2.63211714451791,248.158912135887,35.670247890237604,28.3540585527373,12.5372174717217,23.012698779462667,8.27037188959914,6.57729358278983,3.6449786609798087,1.775332289065553,1.4682284886551598,1.5427072319588064,39911.5,56.61571937873101,32.3533348352475,0.0,7.69338915831171,495.19,0.281109020489126,2165.31,979.27,16.53,2823.5,0.0818329589581364,19292.05,2509.56,0.0037507959339059,11.933888906760199,40.268086409687605,19.5708121758606,178.44284148088502
DE80,7.42457328738946,6.17280876672463,5.101638936464619,7.20793135859938,4.50656437741248,8.49474748405624,5.8305728218793105,0.0,39.130206921916304,84.0576037640538,1.9303494110808497,3.05905341869855,1.65545347446299,0.7724607365827321,3.4568364670897505,248.42492633735998,35.6330879888267,28.1327760427952,12.494233573978102,21.301230129375444,8.57984943130255,5.613288201196106,3.401941278503496,2.1954821508620816,1.1224882927547155,1.654042841127373,28673.7,43.4824438303879,25.735051650686298,0.0,7.81087102434686,495.02,0.281009062930764,2129.62,984.7,16.55,4250.04,0.0818810789753572,19521.9,2508.94,0.0032611619091871,1.2327825179545904,39.7724367715876,19.577165019741003,180.61098256679
DE91,8.321479261948731,5.5396779483460294,6.26845096685398,7.52621374780106,4.483072343750511,10.822054631258199,5.82701293514322,0.0,44.39987055177,82.1178169131035,2.279298529174676,3.5142071428326997,2.272732067073,0.7646490386493728,2.6173993745922597,248.426050867196,35.5713832861299,28.6106390027268,12.6059238655393,23.80138676169287,9.738497670327146,6.113441697833232,4.333706701442597,1.952947713597403,1.360956083915995,1.8899015191407336,33997.7,50.4104686092375,30.371633001855802,0.0,8.087069433685759,495.1,0.3429211555041433,2515.77,965.37,16.51,1829.56,0.0818172281206084,19139.67,2508.92,0.0035060103233267,11.8552524995382,40.1444424741456,19.569629379296398,178.473160684067
DE92,8.58670518796374,5.53961114930933,6.35704645090517,7.314375793021051,4.48745428468575,8.51809297217182,5.83269931179794,0.0,42.337940177540496,82.415321489142,2.524571154112949,3.57071850241358,2.2831965498467697,0.755519809199402,2.65070181698485,248.341385336108,35.6270201724875,28.3420060675931,12.540344738403999,22.803827397081,8.201214185562314,5.71002899881657,3.959225588268948,1.8580845847624408,1.384793934477499,1.816441362537088,37107.8,53.16714856043461,32.2215851846302,0.0,8.09351162116609,495.12,0.281085978581485,2746.03,968.8,16.55,2390.82,0.0818445898335957,19527.05,2509.07,0.0033144372213666,11.867124277087099,40.1382111544672,19.5729507481693,178.51222790937896
DE93,7.92506921941747,5.54629588158557,6.14003884345636,6.3726343130136005,4.4985601060091005,8.676753898613741,5.84682611030592,0.0,41.037026431715205,77.4497198973188,2.1040117020092897,3.2224669517962896,2.30034218519218,0.786422453482992,2.6141874667819,248.08102073976798,35.7414040016113,27.950258411139803,12.4402560804548,21.20174778724621,8.844931445282494,7.078598492829075,4.116962053033979,1.81871053698424,1.3476937921820444,1.4542844729183635,35251.6,50.3690473542284,29.6304753343876,0.0,7.90216476083243,495.13,0.281153169516174,2659.98,968.8,16.56,2392.91,0.0818550456734355,19528.42,2508.93,0.0033801794800105,11.8930086972977,40.1525495996242,19.5763312239018,178.625388323214
DE94,8.9694275348768,5.5429604650675,5.96468961521653,6.40403342481367,4.52034282492229,8.58668605630152,5.8739659242598,0.0,39.6518944721268,75.240656747424,2.321810968439827,3.24180225840496,2.33586087499354,0.780119230630613,2.61199744117727,247.58154460366,35.9662695562246,27.150650362531,12.2368597106158,19.92605649014917,8.858112475607593,6.537464949668607,3.572153015031988,1.7098328314917195,1.3126705707692072,1.877369512079626,40277.9,55.124196084274104,33.0044211541982,0.0,7.97196481401243,495.08,0.2811536796338439,2686.69,968.79,16.57,2425.41,0.0818604054930928,19501.56,2508.94,0.0033523692715238,11.943350703141897,40.176072484645196,19.5835427714225,178.83944324009002
DEA1,9.030049424072129,5.52296389644345,6.98402358426044,7.423724815317411,4.49949353742426,9.68405376641747,5.85187589398817,0.0,45.2856577164281,68.94038378342991,2.0883873307569503,3.41189626687258,2.2806093897456097,4.51390741435296,2.63721660325411,247.91182997162497,35.744885682987295,28.2424034875662,12.503063959262398,24.61440574399596,7.745044504515497,6.133788826079596,4.250182709158491,1.789618290973576,1.285772900798748,1.6251803534723426,46629.0,63.742608085395,37.671986466307395,0.0,7.51182639513977,495.04,0.281058672133964,2691.12,969.32,16.56,2622.07,0.0818146480010071,19484.02,2508.98,0.0033294482095206,11.894033848092601,40.163731276319,19.569955104630797,178.502976365078
DEA2,9.16168570340719,5.52620019828027,7.3705189112711,7.908250081721549,4.49767938868103,9.81265913827401,5.8495355015634,0.0,48.2593585230942,68.2776655502361,2.06230151077227,3.51900306686355,2.2806920413083898,4.55515753265059,2.6369868863714703,247.97098786465702,35.7337067146424,28.2179421159064,12.499258609509699,22.21044820288405,7.974310813784502,7.567435719068761,4.217645588352962,2.12351909184252,1.307628681617525,1.4781741754525364,46738.1,65.38353582889769,38.401137853674506,0.0,7.951755924449141,495.04,0.28104026079259,2266.97,961.02,16.55,81.73,0.0817273262779661,19520.79,2508.97,0.0030830874221045,11.890795925771299,40.1524416930041,19.570957753184402,178.478417481029
DEA3,8.53807504287532,5.52626911864514,6.57024828069489,7.14779896064257,4.49784182303617,11.979569670182,5.849734974324989,0.0,40.007091126419,62.60787336855369,2.17432562390224,3.3114194532134,2.28109167769386,4.6918132648105,2.6231790520230502,247.968138597201,35.7357834558656,28.2072631251897,12.496667167792701,18.965674683603496,8.667030297435877,7.377125625580906,4.138309504855912,2.272133783599592,1.3324398693925086,1.72919788080657,43169.0,61.0072149683522,35.9508503410073,0.0,8.20398531089444,495.04,0.281161036511898,2770.97,969.32,16.57,2591.35,0.0818573807834321,19524.35,2508.97,0.0029295489481291,11.891266424248,40.1525289795985,19.571094681482705,178.479958916357
DEA4,8.55907792477341,5.52601190908201,6.7555566815414005,7.46510608100903,4.497460540279411,9.23646996636215,5.849252164145559,0.0,40.921131243420994,84.42511104712389,2.0328090489692574,3.51170888000818,2.28071027593385,0.813325185061198,2.58194195400324,247.978208335552,35.7323784557533,28.2147234657618,12.498739336785901,22.277721630674744,9.33167250728266,7.49678648760142,3.9771198577346873,1.834533517030264,1.3696893501379188,1.561143125030618,39664.9,55.5926090310325,32.693305896095296,0.0,7.943943984385149,495.1,0.281113040442578,2597.23,969.32,16.57,2075.31,0.0818408293884548,19524.07,2508.98,0.0031357701542891,11.890451952039,40.151054774433405,19.5710835649672,178.47544028887
DEA5,9.5775756410516,5.5261262244007705,7.14978438858474,7.51298451677234,4.49767721333723,12.823066683941601,5.84953061944607,0.0,52.54926887642301,100.957402634467,2.5873796689138797,3.4174724456337997,2.2808533750334,4.67438460003218,2.62085069827558,247.972015040584,35.7341232052082,28.2128141531906,12.4980916202638,24.37976146734288,7.922726731949342,5.624863924944,3.660730113651427,2.156721436394367,1.4543128510287926,1.4709728897074446,43323.7,61.249856585218204,36.6328946572358,0.0,8.38357633526917,495.11,0.28116211280137,2242.05,960.49,16.57,2711.37,0.0818473424840947,19437.5,2508.74,0.0036810005689112,11.890736494090401,40.1520599814717,19.571048848151698,178.47812298541
DEB1,7.19635078213495,5.536770939821079,5.98204807688613,5.85737712910299,4.50367746525082,8.62476436389323,5.83785444813502,0.0,29.681495981774997,60.7961778713382,2.1411196484037,3.23361072160208,2.763579007174404,0.841282900512145,2.61135393336285,248.20714519995,35.6506038445519,28.407282442107103,12.551366072652698,19.039366420075734,9.254778098429895,6.57266516816915,4.182020775199385,2.1772793247175,1.4472073914927468,1.6087496690297407,33473.1,48.535743780592696,29.0397945740747,0.0,7.428437146924559,495.07,0.281065290310294,1663.58,980.37,16.56,81.68,0.0816827476043671,19433.46,2509.0,0.0035718776424793,11.9313861500547,40.177355486820595,19.5705304599261,178.48624603552096
DEB2,7.141875514488431,5.38763709453528,5.32814368559908,5.705613201436949,4.50870639606221,8.64837927909957,5.84447486255273,0.0,26.0,38.0512028515037,2.12323810732344,2.8751307325928597,2.9461829837877573,0.996655065286062,2.60804401232966,248.073362354465,35.698706123972606,28.2878577931565,12.5190709795069,20.146648828758973,8.03012146138844,6.568652102172081,3.409841451979225,1.7340735159659015,1.1918113805487636,1.4892965231696913,39054.3,52.869868924817794,31.326829448126997,0.0,7.178384066217079,495.03,0.281198420203501,2149.54,983.0,16.57,1982.05,0.0818144928014186,19470.76,2508.9,0.0035323778794727,11.9413111374757,40.1877056779702,19.570987347708,178.544806927383
DEB3,7.01479184948873,5.73900095406401,5.262019023545901,5.747097717120759,4.5022245200366395,8.608739246343541,5.83589239837724,0.0,33.0495703711521,60.670478139456705,2.07074665794751,2.9863886409922,3.019454474842792,0.822663129261825,2.61399328808573,248.239998923086,35.6331820665932,28.479530589530405,12.569334076818999,23.165905724563608,7.654449116827203,6.57283279102505,3.5176800953610585,1.8588169901973,1.3779311422385094,1.4876203742088263,34262.6,49.1150540648936,28.819829384232197,0.0,7.43166163213141,495.1,0.2810631095260359,2027.8,981.63,16.57,6622.05,0.0817171249627538,19431.21,2508.92,0.0029383451046741,11.9278027332495,40.1788958813707,19.5697448736243,178.470970960146
DEC0,6.52442920272318,5.496995094371321,5.12353560694258,6.36242579610527,4.3939666034051195,8.75725280500809,5.82726991681791,0.0,34.5402282667348,41.7,2.10814433909751,3.255345938508271,2.426107438938076,1.4595865868649391,3.42526933649367,248.530605550448,35.6280513573789,27.9754089997923,12.4608534219228,22.17199947744773,10.111227838410564,6.818466879870651,3.735961033634961,1.875418381348956,1.4976636174902058,1.6880461744563084,29409.8,42.1531490373335,24.878186672166898,0.0,7.95325287230804,494.9,0.2811046799485039,1662.93,975.21,16.46,1510.5,0.0816332290806602,18511.18,2509.19,0.0033884378544662,1.0663220651684602,32.539077204921,19.5807638959661,180.558880402135
DED2,8.14685132350002,5.23947800489788,5.467747545573791,7.84708509423682,4.50075273267993,10.432507293959999,5.83555673780576,0.0,44.3841392785914,83.03504866652641,2.15913419938029,3.5894523155954805,1.4809082766154,0.697189337085688,3.618113271869,248.308173990632,35.6595637140625,28.1536999173375,12.4952373256242,23.472551094159545,8.507215318418291,6.75801857464558,3.92238663421396,1.79486286040974,1.2239392554887671,1.8117609915522537,6.2053830183813306,56.3073265285978,33.5514170026824,0.0,8.978555261068049,0.2661299905768579,0.3967638822975974,0.2477337682968676,0.1123829044341957,0.0236929714944183,2.0871687705679336,0.1064646422336311,0.016987602677004,0.0023606835744067,0.0036486238836984,1.19414741985369,30.215449979318297,19.5755580225448,180.55231801379398
DED4,8.14685132350002,5.23947800489788,5.467747545573791,7.84708509423682,4.50075273267993,10.432507293959999,5.83555673780576,0.0,44.3841392785914,83.03504866652641,2.15913419938029,3.5894523155954796,1.4809082766154003,0.697189337085688,3.6181132718690003,248.30817399063196,35.6595637140625,28.1536999173375,12.4952373256242,24.495773002726544,8.468584792225196,6.758018574645581,4.20916215208711,1.79486286040974,1.3454995014222346,1.888661426677333,5.676898860315219,56.3073265285978,33.5514170026824,0.0,7.013316221632518,0.2993169210694497,0.3876629002245516,0.2263472319700294,0.1242303460890337,0.0305882576147622,1.6972383911836058,0.1051413408621026,0.0195842337452081,0.0023254836679217,0.0029667577831479,1.19414741985369,30.215449979318297,19.5755580225448,180.55231801379398
DED5,8.14685132350002,5.23947800489788,5.467747545573791,7.847085094236819,4.50075273267993,10.432507293959999,5.83555673780576,0.0,44.3841392785914,83.03504866652641,2.15913419938029,3.5894523155954796,1.4809082766154,0.697189337085688,3.618113271869,248.308173990632,35.6595637140625,28.1536999173375,12.495237325624203,22.885947264180405,8.612628960383569,6.75801857464558,3.3139632133384995,1.79486286040974,1.5154430267275916,1.8770602253561075,4.741658727589569,56.3073265285978,33.5514170026824,0.0,6.839192635805246,0.3109596134159141,0.3876374385439893,0.2142308181515388,0.114569043757765,0.0302613382306972,1.7755200565589002,0.1055940570957935,0.0222695244557995,0.0022445157549425,0.003198260968458,1.19414741985369,30.215449979318294,19.5755580225448,180.55231801379398
DEE0,8.08090157514761,5.23088334888217,4.6264849429645105,7.629465333602251,4.39825909784087,9.28351069953471,5.8311991176223,0.0,43.2796288507561,74.3577821432982,2.05031503456187,3.31024682871122,1.6428358367583802,0.751167951361973,3.6048931537411097,248.38492661740602,35.6216955628999,28.304810400806097,12.5329948960359,24.632882403715385,10.04556208122732,7.0709114577272105,3.830293839839911,1.80832886339903,1.27499121706038,1.5814915196384682,26837.9,39.6892669905671,24.1351312526378,0.0,7.586648293334679,495.07,0.281160444957879,2474.82,991.34,16.53,4852.4,0.0818513762788699,19524.8,2508.71,0.0037724208026152,1.2318433037627698,43.395665810237205,19.5739782008761,181.186701621685
DEF0,8.761826055882,5.7181444862895,6.77796013220302,8.074195545787491,4.51701856409937,10.8736709816767,5.85829399499971,0.0,44.581370107926695,87.6331958708482,2.040516908407,3.5065461203362505,2.8471758495171056,0.67483431912222,3.27850768702993,247.79514203968802,35.7995298192399,28.036857550980102,12.4512122540228,24.941578102041525,8.478737931065817,7.1361309630574326,3.896750579457222,1.8025101398910102,1.2490107111055668,1.725829983086295,42955.0,59.4525425503277,35.060673392222,0.0,7.95474274005071,495.18,0.281131480391855,2636.4,971.65,16.55,2632.03,0.0818501981991361,19484.04,2508.94,0.0032781671149324,1.0837965257995799,32.398089112588096,19.571954060937202,180.56440026698402
DEG0,8.36197436342853,6.420864781412179,6.631878553479449,8.11563903720203,4.4364386854725,9.705939022994409,5.83978236993493,0.0,45.0558946574495,80.23622344037369,2.69603191475051,3.68378274579087,1.26176314727145,0.6921707570495651,3.63973061601183,248.220827861262,35.6881319711581,28.1015026963671,12.480121332070299,20.99464598991696,9.229078129126767,6.940271293455854,4.381977941695152,1.8156029906542301,1.290332379935596,1.8045008657875945,36518.4,53.441787927028194,31.919634538438295,0.0,7.72668160156004,495.14,0.281157483710913,2210.91,984.17,16.55,4635.8,0.081874032278793,19508.85,2509.01,0.003000690312432,1.08893179216862,41.0194284924999,19.5754257811782,180.554525939173
FR10,6.603424823960469,4.916070488909599,6.1332309814598105,6.55106126637173,4.488775538242581,8.647452748847499,4.82252769395957,0.0,47.025914947831104,74.6065610098734,2.89027674287019,3.4505120448714397,2.78579610886714,1.72135489987864,3.0646023609057402,135.43525168756,24.755289277128,35.3222621329072,10.681831740097099,24.07948243504377,8.663355271570403,5.94600263354353,1.42795613986436,1.4,1.1918368082614492,1.6339048470171431,35998.9,58.777351874572005,45.243897612784295,0.0,6.806313755644871,397.58,0.249375552472496,2615.92,996.46,95.0,3981.61,0.0916282314079286,13084.87,1909.87,0.0036635005538406,14.553319724210299,6.73140890814663,132.361241040133,125.658662114661
FRB0,6.11783732583396,6.183037016102439,5.016042302431011,6.052642813757,4.45812825817553,9.3450373725156,4.81628279365474,0.0,46.5311321156951,80.84433741268221,2.55822185424645,3.23372188680622,2.45385874951688,1.87452994953988,2.47001161218185,136.03624173016,24.7261393707499,35.3707761134856,10.740236195505,16.0695088125746,7.27472771430595,5.93585604309667,3.6355718737375406,2.4079149948612297,1.228161701508938,1.7026182021053942,21439.9,33.8752714600312,28.126192301925496,0.0,7.33026924947058,397.64,0.251891160390543,2264.81,978.75,94.73,3121.53,0.0916263310151067,13097.95,1909.71,0.0030670645935133,15.0339848848785,3.1469040093106,130.804085584742,125.668545106961
FRC1,6.81475831107314,5.16585210840325,4.322449210671159,5.693900334905301,4.45466201526924,8.488378287382849,4.80286134321609,0.0,33.7089849481063,71.6655753661732,2.52420447998473,3.16867465215343,2.6814709679396502,1.81654645386246,2.08232176410326,136.180192721801,24.727923573888003,35.4073519661152,10.7515089511006,25.26091329818569,7.26151497671851,5.93366327666543,3.8718464120725824,2.87192120355782,1.1572606340097211,1.598141153610653,22808.9,35.7051428709358,29.410905910347598,0.0,7.12879930373362,397.62,0.251587455232156,1859.76,926.57,94.7,3821.59,0.0915714835415954,13092.03,1909.73,0.0035275170938398,14.4831750805644,2.67298700266026,130.290823894339,125.650712193344
FRC2,5.741881814238179,4.621590130891129,4.96864715237492,5.71013364022972,4.495424866909031,7.85286029500682,4.8425202881407,0.0,28.508173220507302,83.50384466532981,2.4282602520628704,3.4407066045622803,2.2911975015480297,1.93624007448776,2.77053037049579,135.831428433155,24.7285197531791,35.2829235117719,10.7481693940891,21.334688997541416,7.57270838132952,5.76856165217493,4.010834143111376,2.82774009817875,1.2055300178415305,1.8566108166867408,22288.6,36.2507542280758,28.2642424321393,0.0,6.19845596781542,397.54,0.251799716168058,1739.5,917.57,94.99,2362.84,0.0915460834909891,13073.49,1909.4,0.0033271830537718,14.5280543891534,3.5765550598579394,132.724344957669,125.61038934630001
FRD1,6.80590489722555,4.51265527298358,4.58246576775733,6.36008141116918,4.45577062834119,8.805710743357249,4.820419386640761,0.0,31.045926812448002,81.2701717303341,2.65989840075408,3.4786759293504,2.6386845750146097,1.76727189553792,3.52230341310373,134.942827265257,24.7842026078687,35.2969907530317,10.632563298184198,25.040133485150296,9.38564791709674,7.427362793318953,4.40923398101494,1.892118100498108,1.3747365269588294,1.6370967051308487,23233.9,37.678331373118496,29.949311380072597,0.0,6.87091072663587,397.67,0.251942008401425,2383.57,911.0,94.57,2801.57,0.0916172227844783,13094.5,1909.75,0.0036262994549948,14.909012213635501,8.90565355840949,133.573552579291,125.718132504765
FRD2,7.949597462092369,6.06021472205026,4.852791643870829,7.12732967572239,4.450765725944271,7.994999275572921,4.8238395489139805,0.0,40.7826575906094,87.5170475411728,2.50186226211359,3.6049345015681795,2.37305408181655,1.7604446440925998,3.3844767553298203,135.44051799925202,24.753902272308,35.3195143056096,10.6827400702809,22.20653218180279,9.537272651037474,6.096485491130063,3.539011982583636,1.6991461872975655,1.5015720564142792,1.7539583556270384,29737.1,44.636019635604406,36.7223940894961,0.0,7.1661990233889705,397.68,0.251800587463924,2611.73,946.77,94.78,2958.23,0.0915705699359896,13109.91,1909.75,0.0037176785314342,14.7028237610112,2.9233885550730796,132.366640530681,125.69531943989502
FRE1,8.073687633461379,5.40729386572368,5.838869735657751,7.38223537931692,4.4823269007789,8.24702285727383,4.81768338751801,0.0,42.519154437917194,85.428198491475,2.1919529012541203,3.8510042105193403,3.01299748084415,1.55011148278578,3.2031961372613,135.55832819741602,24.7517892018717,35.3372709506178,10.6936966471615,20.984021231171248,8.714602474468562,5.94638452001444,4.192540347922109,1.4286147517479901,1.1827984923494708,1.524444359682697,34948.4,57.3379024769359,43.765544795829,0.0,6.791087643826341,397.68,0.251890105749287,2611.11,938.57,94.98,3879.43,0.0916134522168202,13100.59,1909.87,0.0034206434103477,14.524934458746,3.0345769518439503,132.011474570582,125.67740090818403
FRE2,7.3859480783113005,5.3726308536708105,6.24710873509724,6.9807940584591694,4.4685551559182,8.27112739265082,4.8258384528137,0.0,41.957669100563294,81.7012293997184,2.32677512398896,3.6692754485597603,2.90262067015288,1.77249328615251,3.4606518545429097,135.61764565105702,24.7425366834209,35.3258938450665,10.7007915507028,21.99468188778668,9.11605918796225,5.78952623380533,3.840543531531911,1.9378424387592899,1.3603907975569016,1.7675699929623745,35529.7,52.47338277377789,43.2942973806335,0.0,7.11203481331283,397.62,0.251796885189728,2610.92,971.55,94.7,3085.34,0.091525846816315,13093.75,1909.75,0.0035311317783718,15.4846450457298,3.1462678777298403,131.95142443698498,125.68711198044001
FRF1,6.704064128525809,3.9019051556354003,4.7724612543578795,6.318483335540529,4.50572589826887,10.873397758266199,4.84303775700825,0.0,38.0605112592614,80.464521452733,2.0913238765524502,3.83187743714489,3.4430147463291503,1.93063319197743,3.00147904795,135.798268103595,24.7300987114115,35.2797942216966,10.7449783096349,20.35285837243046,7.25622869946178,5.92983414872766,4.4200185142334485,2.97561305540112,1.330602199619474,1.7188184690810135,28704.0,49.0574435810447,39.0648507699255,0.0,7.05478405219055,397.52,0.251858519640632,2420.36,960.44,95.01,2945.5,0.0916427457056091,13075.91,1909.41,0.0033601696008163,14.8812349040254,6.1875226301120305,132.812075874615,125.71919667233999
FRF2,6.7952420714597705,4.895683329452281,3.7003060585182403,6.28007977703241,4.45410449838209,8.2282323435968,4.81527604373344,0.0,45.6093363724303,83.9063964829965,2.67715693168662,3.3983840647415,2.44293923357037,1.77615851570262,2.85631091701248,136.424300798569,24.7050817338277,35.395993638164505,10.7786238843844,19.12864874278563,7.25670887487796,5.9387721269234,3.297590591338224,2.29550312339277,1.1835372592258813,1.7027503359217375,24417.6,37.338282416782,31.046882498896096,0.0,7.29674460278463,397.61,0.251813138106546,2464.38,970.5,94.83,2571.72,0.0916156119689443,13110.1,1909.81,0.0037486168961134,19.5871486961984,2.0939060428167,129.849140678182,125.922723479962
FRF3,5.7490754490149705,3.8956110512138498,4.10018971184219,5.54538278590592,4.48308476074156,7.552711416727241,4.84129854210906,0.0,37.6742450856984,72.3628314555792,2.6182988171544097,2.95132075128822,2.03528033251931,1.80394599245873,2.82011278255473,135.860202022309,24.727747676099302,35.2872054029732,10.750808963059901,20.32073585614238,7.592336798587491,5.948655404992549,3.797903034001198,1.61896681747634,1.191960124605556,1.8105856936283289,23363.0,37.3713787504393,28.7035900455491,0.0,7.24272599787882,397.49,0.251735733684812,2346.88,940.34,95.05,3297.88,0.0916509063557775,13075.31,1909.45,0.0034126899732509,14.293167354900403,3.6402155893281,132.640242881951,125.64388841480701
FRG0,6.39943986345075,5.59114426874738,4.763901716233731,6.02374095249598,4.46308892864436,8.30018700224918,4.84084990032363,0.0,32.436130894446094,73.02278383212601,2.7850171887843898,3.25581411738771,2.44912293626123,1.8666118543066699,2.96747561727824,134.730879941698,24.7812444116404,35.24127772166,10.6164420961122,23.545365882022057,7.23836433188138,5.94016740940681,3.709321604076182,2.97630772580993,1.217713040800528,1.7087370029084772,20466.8,34.8569577493723,26.498827690522003,0.0,7.13607454801049,397.58,0.251379043739778,2411.92,909.73,94.65,2726.24,0.091554767687365,13103.43,1909.93,0.0033198711931388,15.2982840823714,3.03779215474334,134.38109856958502,125.690240628321
FRH0,7.176047168404559,4.70607961457347,4.23831393837665,6.6436650344251404,4.45960335136531,8.89175645214323,4.839593354911219,0.0,32.259673387143096,68.512070800403,1.9840214555673297,3.5958815513811007,2.4424634499898796,1.8241487549498399,3.5797013303612997,134.95269705758,24.769779173257,35.2570404036069,10.6381658384035,22.754948303132224,8.466615527609408,6.899643297505292,3.39801035127893,2.84478396801798,1.220324522162576,1.6284909248820558,20002.0,35.776796948869,27.0518060550782,0.0,7.1420635592420805,397.65,0.25141339634034,2506.84,910.19,94.58,2410.25,0.0915993687995169,13100.41,1909.84,0.0035612056266154,14.9679005147394,10.618217197233301,133.799681889067,125.69744110990402
FRI1,5.63760335050161,4.92813992106787,4.26251385136844,4.9549999008122505,4.5294600095244,9.74943710817045,4.820554112332981,0.0,28.4434928000652,81.817187961599,2.42806953115848,2.78112336735262,2.6344557335817,1.7576142473104202,2.11547078300684,136.31991471646,24.7073599332311,35.3815340211882,10.7686098926091,19.56408066016689,7.07853810991173,5.934445225071819,8.56625082943325,2.75678815282725,1.1579178993716277,1.6122092846725495,18197.3,33.4158257489898,26.636048828690498,0.0,7.1771914176763705,397.59,0.251795409130942,1678.93,948.11,94.97,3100.81,0.091635537457614,13103.9,1909.89,0.0028357589040691,15.053153085858899,2.95922394232848,130.148284769457,125.625962897551
FRI2,4.64781850250762,4.577453633154341,3.3819320400770096,4.84492737577678,4.46132895418835,6.998169057892119,4.81778969650472,0.0,24.7448076689187,70.29168465323946,2.1873541381742,3.18340680382619,2.2082020938838802,3.58930361713139,2.22713113421522,135.535092197765,24.7532897308083,35.340446434415895,10.6899053402564,19.5179911593098,8.10955141140956,5.94514222484913,3.4235183444496484,2.0888772173778003,1.4930152860998578,1.7027333897019326,20248.0,34.803466462278095,26.901038088932296,0.0,6.63182526890499,397.61,0.251586191408941,1834.72,874.4,94.79,2470.89,0.0915654573922663,13072.42,1909.82,0.0030428464587968,14.2496775125832,4.58582271734205,132.037375602167,127.33711996079799
FRI3,6.14029471966204,5.117725832180541,4.44039063654617,5.8103490567804705,4.45647633395468,8.11695923805844,4.84836055504279,0.0,20.8111080299761,81.7261641058308,2.36448547026369,2.97571258612402,2.30457856258034,1.8553177701836103,2.7617942083019997,134.695161489976,24.7777354970358,35.223549638856504,10.614590935812,23.74739414035548,7.28312412618739,5.93732771561997,3.774173381700217,2.7048866255467803,1.4413338966031677,1.5551875131363864,20742.6,35.0261024658367,26.6055559486058,0.0,7.08063162629526,397.64,0.251547820200479,2418.56,962.84,94.73,2543.18,0.0915661075754659,13097.66,1909.83,0.0028470333732998,14.4091630726014,2.30395048400623,134.569784379766,125.95173682235202
FRJ1,4.5222840203155705,3.7054750241295302,3.38726670007888,4.36799643830993,4.54070738276862,5.04243671457733,4.80225150423349,5.57423659918064,22.823383427778698,82.4668599235764,1.9875429064354604,2.78784646429824,2.40987379174941,1.82150463080354,1.90381214965107,134.34304445571001,24.8013045828517,35.2888044259209,10.6225523549148,15.6914886716853,7.40680945759475,5.9271736531136705,1.4379178477417098,2.1808531135692006,1.1782731546372505,1.6630977448643318,10352.3,18.1773629164206,13.6107542582775,0.0,6.78984933152346,397.65,0.251599881538328,1566.42,969.77,94.93,4541.71,0.0915700552384141,13060.21,1909.31,0.0034612952070215,14.474223142642,4.847561406877969,135.491079995401,125.62442567964199
FRJ2,5.249298208102981,4.7443039188066,3.88220940322909,4.88301953429458,4.464682129920811,9.09542084129213,4.8158816176052,0.0,28.7785734314331,82.98019714167229,2.30948540060714,2.78197693933464,2.5923907486785,1.87048270994181,1.97744594751746,134.966065554587,24.786445512757,35.3104247040234,10.6329719479001,24.953454097295577,7.3897538418518,5.95260629672154,1.35930779003678,2.5266480117106798,1.1972579055200003,1.8471958150499903,17195.4,28.9643699223865,23.3162778111656,0.0,6.57041412001512,397.63,0.251646272964998,1699.47,939.04,94.88,2198.7,0.0915892475297825,13101.39,1909.85,0.0033368009218435,15.3433440936129,1.6245017889297602,133.438105689645,125.74936287046401
FRK1,5.71504159071397,5.10488016536968,4.31150919990246,5.19604560534288,4.489980629175849,8.29296129591488,4.78562268767536,0.0,28.6154785354937,69.3209288850624,2.65101562975538,3.21669239873816,2.6125340026893,1.9033797072083,1.49207243202465,136.148631303148,24.7447591415734,35.299884220622296,10.7410314585465,9.15521044497531,7.288648237133439,5.552739168959359,4.412152258877671,3.31991880003517,1.158743039834189,1.6806945414828698,21049.3,35.6822765237977,26.6780953341706,0.0,6.45269305532534,397.56,0.251681721241472,1771.85,888.51,94.9,3292.98,0.0915988706895193,13097.81,1909.88,0.0034469137083513,14.867487561883399,2.93700561731907,130.08534018003002,126.00347451597601
FRK2,6.14781080212011,5.17126060426468,4.281085051711471,5.6893096349362,4.48428808300354,9.25437741340633,4.78404908959151,5.31059807661875,20.971423092913902,83.86134453471479,2.38773158977165,3.53107958175916,3.3073885435677397,1.84091648623247,2.89897236130265,136.39590865054498,24.7320530190607,35.316126167703,10.7652981172918,12.910935149395199,7.262668833147551,5.933824586636529,1.4571405877799901,3.24311333116922,1.3144739188261056,1.6183875292113072,18213.7,32.8524120440536,25.6137493156318,0.0,7.05990640686294,397.53,0.251708289471397,1567.25,920.85,94.94,2005.65,0.0916129139303698,13103.85,1909.88,0.003715053126395,15.324796052530198,2.3921932551387397,129.471314624169,125.530362884118
FRL0,3.5861076240599106,3.7741750453487497,3.01797211731066,3.96124924196253,4.472752836685729,8.52660619251836,4.79246175393844,5.62218806685818,32.670907909464,82.49026870913252,1.9858483612678104,2.2400518872582302,2.55108698551315,1.87382799317412,1.80409438126459,135.66012204655198,24.7349197735804,35.3845277715725,10.75108010954,15.8690793778011,7.247591307604751,5.90404465948985,1.43095841473232,2.115361249847122,1.2360717476139675,1.7607539186449597,10054.7,17.5270725402098,13.5075628981619,0.0,6.7870587105838505,397.72,0.251629220634618,1565.63,989.47,94.92,2917.45,0.0915810118785832,13062.59,1909.27,0.0029536282611817,14.404023228738499,2.06711402496008,132.07923640475698,125.53225867969098
FRM0,3.439310451331709,3.0508536203765,1.49175511691767,3.1974529242855603,4.88287407901192,11.822270819456802,4.78786022705824,0.0,24.5475980105161,63.35830505728119,1.5525482558638601,2.3951142758721398,1.0008471978598301,7.5471629300007,1.73197457042368,137.34939754862,24.646341955977498,35.490006819955596,10.9132266631056,16.1866765393776,7.3312207649358,5.87711122052831,1.45133585584882,1.7724567530363349,1.1254124338249658,1.4258889177339602,7478.6,12.9558422699929,9.971077228648161,0.0,6.78921677300975,397.56,0.251855704637022,1568.11,977.39,94.78,4528.51,0.0915449919324269,13175.01,1909.29,0.003354703063701,14.370425078779101,2.8371418988154002,127.98258163722501,125.104818673287
ITC1,4.32804451922392,4.67476405222211,4.3896495653007195,5.5778995704779195,2.3969536991652,9.889122080067231,3.8064618040310703,7.212651292072299,33.0117349813096,56.77990372452351,3.3438169365775203,2.49873491747277,2.9967791742303698,4.6710793403682,1.5867864715226399,61.01343104083689,23.617417268184198,38.4062670280587,12.8127396057686,19.1721815251591,20.870807022893,9.53533770202555,1.8971929476559102,3.15638788130773,1.054896435044153,1.680125144826934,11559.5,74.1459265434694,16.384759643181997,0.0,6.04261566385411,401.12,0.236615289834191,2888.96,942.09,67.26,1604.47,0.129036972674144,16846.54,2269.21,0.0032305087287687,1.77544964796911,20.3119536440522,24.486684577882702,215.673869472089
ITC2,1.55597015284485,28.1391000268738,2.44439426155497,8.633844029880311,3.5798854290425908,7.29062757129105,3.73863030531684,0.0,17.1396243918113,61.49360871718009,2.8,3.141600565591536,2.665162021751998,1.5636962415033857,0.22737354020952402,61.5139638268551,23.438639755437997,36.9363411761691,14.975165310871999,18.63893924435312,20.7384798273265,8.90173938676701,1.92155149461817,1.5788203623748247,1.2332189821599857,1.3747820944366944,11529.9,70.20157400092761,15.633914811988399,0.0,6.31062110880295,398.62,0.237213970773683,2517.2,964.74,67.08,16498.39,0.1288018281470239,0.0163423360235126,0.0019240301259552,0.0033997292823686,0.0,18.6649722085329,23.743980231268402,215.955479626277
ITC3,2.7917597912636203,3.65412545966365,3.74363820731138,2.2294237867945497,2.38795490895318,5.16202951014292,3.8204437272647,0.0,9.41414208882614,52.99477385457667,2.67000851314249,3.413186457033999,2.4266035561776653,28.333584638890198,6.53438441300602,61.43401638299971,23.522066177802802,38.6172287242563,12.958427766073902,19.2854609684253,20.653212009375398,9.413058766074249,1.92438943825752,2.043267985693461,1.31849417652447,1.3997391630947429,10113.9,65.08287385811481,14.0202296335064,0.0,6.28446831593417,395.92,0.236558010497618,2516.37,983.38,67.31,1929.54,0.129157996517648,0.0165241727203394,2277.11,0.0027436180962704,1.76912578506426,17.0865500737734,24.409053553633296,217.340912673803
ITC4,6.3094041931559905,6.03454142793134,3.1441132820536795,5.843505197229381,2.3971409404831903,12.071905197677301,3.80094952146423,6.608338105324631,20.0890506784715,54.6842386504426,3.25938807745944,3.4294493857060497,3.77168402286691,4.60161158837343,3.4023973667511798,61.09307971161199,23.5931604832506,38.2795761363192,13.0071620669671,19.3130585652845,20.6999513326156,9.46702092317064,1.91121332739687,3.1694324249808603,1.1099373916114998,1.5123951935237323,4.812917209540241,67.5753048724661,14.9551862646078,0.0,6.754954617197074,0.2532481882176967,0.3199309046695182,0.229486870718002,0.1362000637406714,0.023389158141204,1.904096647397698,0.0814636457856477,0.0167168977527615,0.0019782318367979,0.002577895309633,1.59408887397,19.826957958079603,24.408312922375405,216.41518421404896
ITH1,3.9834131393197505,3.57782980735315,2.37085958043048,5.76400396285342,2.38785513375432,3.06471751310186,3.7642343688643205,0.0,14.4728557368092,30.0271787883869,2.64400103727626,2.564222915246966,3.65664857949531,28.548213145021297,1.95972088611661,61.417628074849496,23.482892479621803,37.472422147113996,14.1959042261707,17.733737223216913,20.8150696394768,9.40564786882382,1.8861088235014198,1.5714398303422366,1.0900661561777718,1.2767523658715096,4.91788505830406,109.31869104841299,25.821385712882797,0.0,6.9891211076519175,0.2700745774524056,0.3577405093827231,0.2300694386166274,0.1064787739941548,0.0234654309603238,2.023191880289432,0.0832789330507248,0.0174970215327104,0.00226550277154,0.0034055983573225,1.7629219717865898,18.711030062116702,23.9808372632603,216.99049844332905
ITH2,3.98341313931975,3.5778298073531496,2.3708595804304804,5.76400396285342,2.38785513375432,3.06471751310186,3.76423436886432,0.0,14.472855736809201,30.0271787883869,2.64400103727626,3.347981002315039,3.6566485794953096,28.548213145021293,1.9597208861166102,61.417628074849496,23.482892479621803,37.472422147113996,14.1959042261707,21.938405699410488,20.8150696394768,9.40564786882382,1.88610882350142,1.65330156508124,1.3554567446863135,1.532045936108399,4.883742625877228,109.318691048413,25.821385712882797,0.0,6.641238970031462,0.2186820992092845,0.31967023012613,0.2455922705971165,0.1246854708938778,0.0251573172456683,1.7614401758554947,0.0939854463500399,0.0164300976768885,0.0021937615263158,0.0027285446669533,1.7629219717865898,18.711030062116702,23.980837263260298,216.99049844332902
ITH3,6.899532084043329,6.21274434094385,4.71222943817509,6.572885786247309,2.3842588505393802,9.8025527071007,3.80721815829759,5.72488170182813,45.3620437833806,67.7040556597939,3.63447937371045,3.68494948952228,3.2078403346599,4.52109631280689,5.23963371805087,61.006325647974506,23.619783769903197,38.4229899761082,12.7903081186553,17.635654141945768,20.7295756463128,9.455378866040478,1.9247204142557703,3.53705445006871,1.1085531665486232,1.4962246504338543,17948.4,113.65048522697703,26.8625852667123,0.0,6.3967091988677405,405.43,0.23653644031861,4195.9,944.43,67.27,1866.15,0.129035806858245,16845.11,2269.2,0.002857240644763,1.8196391591003,20.350874950899602,24.4957762081895,216.342063759155
ITH4,5.05105223232833,5.088501208087591,3.8159932007463797,5.31704213193609,2.38405211865543,11.426597993869,3.79422138242753,5.67986775049038,38.160426727593006,50.303146191585,5.375652131449989,3.9252147904744605,5.028605867721409,4.580035579381439,3.53477272159422,61.0216880861991,23.6059053466636,38.1563140783973,13.0734116225822,19.359811302195848,20.7306657840185,9.403828715577319,2.17925546879435,3.01184867459622,1.3124269007293028,1.5943012817766995,10301.8,69.2730284346213,17.030175296986,0.0,6.15850500930627,403.02,0.236521775658778,2515.41,975.79,67.21,1367.97,0.129048567634688,16846.4,2269.21,0.0030508374814597,1.77210138576215,20.6008904332679,24.3874763198346,216.440079821684
ITH5,6.968962435417811,6.587976692940679,4.52769124605467,6.05384420542404,2.39602892757802,9.6139272184326,3.82905025998019,5.5768957987464605,40.3948851501485,60.083005496702896,3.52334661205329,3.77235543088611,3.74454929874101,4.56488834562211,3.33552208082246,61.136313806500496,23.6039101075969,38.8454241357618,12.4899644943993,21.24017552787935,21.0269415546755,9.41800423882143,1.88779656214019,4.36664655425009,1.2953323202200062,1.4372542998491329,5.424142022084153,78.0361092378475,17.822534739669003,0.0,6.191141791748459,0.229397300408675,0.3415051762096974,0.242267309568158,0.1049082731017611,0.0278655828207857,1.9606592901887163,0.1055360024276485,0.0190715141947257,0.0021044918403763,0.0030225839100103,1.76717551858463,18.7588665264802,24.609711536945,216.34933738325
ITI1,3.3784518716677905,3.1669986844263,2.4508037835760303,2.8299921440652502,2.3934966263677,7.842665874966559,3.80833960763558,5.76672446055135,17.3122074495163,66.14016116107778,2.21666236644238,2.0131198911894903,2.22493429644463,4.51560407236638,1.64450353927445,61.09111228622761,23.5993472163704,38.4303133323007,12.853148122052598,19.315713717864497,19.8032947896016,9.42198745950306,1.89382778930026,1.69802946583697,1.1465079065038335,1.3724850471926426,7164.9,45.7502039884514,9.94163776789928,0.0,6.042225667922,399.97,0.236491168385994,2521.52,991.28,67.25,1650.25,0.129033497115413,16814.15,2270.33,0.0032433558448631,1.78261553483148,19.6370189756726,24.4669476529469,216.35005910049802
ITI2,5.15851489147379,4.72004838673389,4.194512424344429,5.09396135594104,2.35702488238526,8.476575655742659,3.8321501620594094,6.86684833641001,18.415715456269698,54.30854622981301,2.2335454556128402,2.36056634170152,1.6271682469124902,4.57878885346677,1.07554168149411,61.2684823792808,23.5729555872751,38.885641465081704,12.5594248998928,19.2988650398215,20.7234760208814,9.41516495392959,1.89861510518577,2.86780804489435,1.3641097923080132,1.7163408605587582,7294.6,47.7510361938721,11.146493344303801,0.0,6.02777586438037,406.82,0.236543987452946,2523.72,987.79,67.26,927.92,0.129046566133363,16843.32,2269.06,0.002591096056893,1.7592999069211301,17.922553791885502,24.574894498325396,216.56257171804998
ITI3,5.03034686302385,4.48901969094021,3.69125485677918,4.415578707706509,2.32102211236859,7.06576935776219,3.8068214973315597,6.87147136154077,16.5406187937302,64.81513348765617,2.2262498726233297,1.9786259055891802,2.91788538136328,4.524171698611299,1.9130873757807798,61.02484816946881,23.6148256090693,38.411540439850405,12.816672249518101,19.2788049569126,20.78155913093,9.39409209090277,1.9027374956174201,3.1017959593679896,1.0575300778608003,1.4616834024867742,4.4357853216939525,47.2431233507017,10.5549190843661,0.0,6.198240235057856,0.2591093804876458,0.3159425779184074,0.1883372344614731,0.1109837343337939,0.022138639392661,1.64706883869498,0.0885752519386361,0.0174670542110638,0.0020174236360933,0.0025508909945337,1.7754788958556103,20.2040343892021,24.4844633089723,216.29035053685104
ITI4,4.27582557390502,3.1392935930422,2.98077343936161,3.08677690394243,2.3591925594326697,9.23106895561471,3.80490147151097,6.866369618709,19.6619804758592,56.8102013788911,2.01420833116836,1.73382701068468,1.44175868022501,4.51265803905694,1.6178142023095199,61.228021784736704,23.5622225696522,38.334969077138204,13.06512417571,19.3320622217919,19.2295870415885,9.41242366929685,1.89660892294015,2.60965246841356,1.3789448439874474,1.4456062774911969,5.223162355832831,58.1987691567562,13.124196254203898,0.0,7.346472592365381,0.2653297659233089,0.2863216816530894,0.2222035704348481,0.1262464937301087,0.0246718548054076,1.6136919961772709,0.0877073936399389,0.0199137210713648,0.0017206825956996,0.0031879758705967,1.47173324460826,18.816366019493202,24.3791070144546,216.265125745294
ITF1,4.38900181971223,3.92269038036786,3.63818806338988,3.4541634019429197,2.34717384937311,8.0572575712351,3.8055818731509703,6.931551958803939,35.2083198763155,34.4,2.14095136677958,0.7,3.1038618654289,4.62218990922983,3.27214584392836,61.1525256381819,23.581773238179405,38.362836190187195,12.9725756606959,19.2484187136021,21.538513885904003,9.4139662632943,1.8957311750830699,3.3,1.0807121574497922,1.402620517322508,7693.3,36.4620224901053,9.70111706099591,0.0,6.117352084526,395.33,0.236804314508222,2521.99,989.34,67.24,1654.36,0.129036242100318,16831.68,2269.2,0.0033726180569531,1.9906441009056801,19.277538470567002,24.4180662858463,216.372889437198
ITF2,3.5845493411278393,3.4145504638221,3.7067377280131804,3.98107906840235,2.3950575593563297,3.8451727443748602,3.7888463220084,0.0,13.0216966993766,36.7,1.9081271441393102,1.9,1.0514984342159301,4.6066821675290806,2.1315167367853602,61.1072403417787,23.5802646884046,38.0312954741418,13.278497842168502,19.2484217708707,21.5489165083215,9.40354764952615,1.9003297553037901,3.1,1.238250223002051,1.3048587616967615,14223.8,60.6562704944896,16.2088471409324,0.0,5.88812309050225,400.71,0.236334799560926,3573.63,979.02,67.28,1155.55,0.129035138401567,16854.58,2269.23,0.0026382718443818,1.72976235142881,20.0509309107092,24.3078929119799,216.275305378757
ITF3,3.6070275917123893,3.33828179465438,2.84085576618372,3.62765300243732,2.3914416713245,7.346377356228889,3.78901120318528,6.85334770383469,30.3366491078638,59.208573398797995,2.1381858397932003,0.63621260217324,2.7601121037210605,13.269001715726102,1.85831632231734,61.1164740588845,23.5780684166373,38.032884540396,13.285061905219898,19.7250514458927,20.7753732825303,9.40641146437451,1.89796599955276,4.23402383969065,1.2254630182032886,1.416369699635254,4.461933900630651,130.832054744532,29.0245007554595,0.0,6.936455534106025,0.271742948630169,0.2781879135156712,0.2037568118028774,0.1102837135460642,0.0286402342162616,1.9112932344920903,0.0983568991870737,0.0153269188125901,0.0018105860012539,0.0031219871636757,1.90184784929135,19.9763677229417,24.305085159596203,216.263828867218
ITF4,2.6013098110095596,3.16143868531899,3.68131149581694,2.55519996662931,2.39107878221311,7.2557061781994605,3.8192166898187705,6.88336656492363,20.3476365696241,62.273193632218394,2.07993027323697,1.70155260075026,3.65472102497497,4.60757486049832,1.53118673893997,61.10874087584181,23.603284629447,38.6490451609546,12.6535376572499,18.935865390104798,20.601532508997703,9.410955995511468,1.89556022147153,3.2528173181685798,1.3378113595720489,1.4432648281319505,10472.6,54.849828805714196,13.313083782805101,0.0,5.88780583706235,400.92,0.23649191018267,2777.86,992.32,67.26,4388.56,0.1289875109332429,16846.82,2269.19,0.0027905697019295,1.71110274253787,19.2101342565814,24.5444808607907,216.264258691802
ITF5,2.7758731468904596,3.06163147273311,2.4375128675377,2.53831584576871,2.38813215224346,4.30827973953605,3.7680594660165303,0.0,17.320250285118302,56.7007770134699,1.31327544691155,1.07766767220867,3.6476381799271,4.66781819315836,1.33625529148322,61.0140969417881,23.5875945745544,37.6295634206486,13.639369300813799,18.9374478291503,20.7812324067854,9.39558613342245,1.9000575191140898,3.1949229989972903,1.2939019825156344,1.5634255524563505,5.264028440134068,169.58598191354702,40.3681243091153,0.0,6.25766086371376,398.91,0.236474204848028,4193.5,992.26,67.24,954.73,0.129012821997438,16839.97,2269.07,0.0027955523790088,1.77171997411051,21.4358496658283,24.1884034612209,216.35262114720098
ITF6,2.9164923863179597,2.83938864328595,3.20104691350356,2.73814265737633,2.38968605692892,4.4382534988655795,3.82969128700854,5.464980319019119,24.274398555376997,59.496838033130494,2.9983325245748103,2.48469034753186,3.2151539102000704,4.68880939492268,2.5488722362103,61.294084988734504,23.5646127438255,38.8305283907412,12.632214137957199,18.9437210527012,19.485174003050698,9.41077850248999,1.8958870369199001,3.21972189106999,1.0429188921547907,1.6471536065735997,14331.7,69.78156968349961,16.6836465005555,0.0,6.18866894754021,394.73,0.236474167298166,2642.98,986.01,67.25,3203.24,0.129058023712157,16842.98,2269.17,0.0028308924744183,1.77461174979323,17.853083856524098,24.5439617249648,216.287300119843
ITG1,2.74930430949042,2.90108786159835,1.87027220357907,2.80781380020915,2.39337532622034,6.872820570810609,3.79146816300273,5.01104154199434,17.739446784357398,61.695594198133,2.71845321327651,3.00541274249884,3.6612165785031103,4.515464607238959,1.5656770279007202,61.0704908080226,23.5915245339926,38.091364170047406,13.1832247887097,18.9466489346947,20.6148887573584,9.4078971518519,1.8965154284582602,3.2253242265360798,1.0825596796016606,1.300961702249898,4.370817420069669,79.98196486863931,17.5125564500434,0.0,6.742768106470613,0.227127210073362,0.2745781545849371,0.2235264704125409,0.1271971981249553,0.026109081106638,1.7395489155432138,0.0965677920092873,0.0158081362558356,0.0017925822312336,0.0033886151575976,1.80432519826688,20.2679049715172,24.3444982531725,216.462604778554
ITG2,3.8435738384562304,2.95413882060997,3.69757500419981,2.29509780144864,2.3985406397551903,7.982085041642041,3.79974164942991,7.49518935656548,34.407477341097405,58.3774878460053,2.5090373880185997,0.273956289464177,2.49967240357187,4.56260305545507,1.4476875117466,61.093886979482605,23.592026199007503,38.2548780382729,13.0331273049029,19.0667444659057,19.5061000030184,9.41135099287535,1.9010399015156298,1.9403602547008088,1.2703987309485507,1.3375522853305193,5.461750864559423,71.27711705073689,15.7894094325517,0.0,7.164385144567951,0.2454512546392168,0.2827638236933493,0.2212080822057809,0.105597545123005,0.022481900404407,1.601575009708372,0.1079420859534952,0.016838269328397,0.0019131225941576,0.0028398725456664,1.6255042426488502,19.8541968509863,24.398533864710398,216.365939981725
ES11,2.61176316795526,2.86135007048049,2.48334367452334,2.1507555985172297,2.15945033727361,6.550919820128359,2.37113812195281,0.0,20.245878280004398,87.79340642277069,1.29675642265463,2.1960738429836,2.539759754758304,0.40179623395567104,1.99191260940616,84.5861127686883,34.1098746980224,19.571418553405298,4.71790363003507,21.4699762921359,17.8210701121536,3.94983814233245,2.3938164366882804,1.8,1.1917498318490554,1.4274130350393377,10724.2,44.398575573998905,14.988646231836599,0.0,8.787380048460712,422.42,0.188264856786316,3452.94,372.41,59.94,2463.45,0.0858524518169333,15739.64,2066.03,0.0026447318344048,8.99825665453886,4.907817230800569,11.0679611166107,220.691566404705
ES12,1.1034234403451,2.72404422765517,1.9395739794595,3.28303370193798,2.1787887636862,2.37627763567154,2.36353388364307,0.0,15.9535315266415,52.62309557681084,1.960024349875645,2.1671543666469604,2.665344364641962,0.08656329168264701,0.576908304181861,84.3991923867079,35.9482292529418,19.585098475710403,4.66531192846407,21.4768583057639,6.863549843131912,4.02417824384163,3.310132670355696,1.8,1.3797872131395614,1.598410352177036,13027.8,51.0677206190251,16.4573117574749,0.0,8.851986608072249,422.87,0.188286560437552,3318.58,370.89,60.05,3873.41,0.0858399280303082,15739.75,2066.06,0.0028301007982838,9.1818746145863,1.04380652143051,10.971473201810701,221.21086595509001
ES13,2.56140438881636,2.87207878483641,0.5398825290858891,0.915441580385628,2.16254519482926,8.13716220028102,2.37615477488764,0.0,32.909929765415,27.290389857369398,1.08046916166041,1.28742690485358,2.331228155377837,0.08656329168264701,0.816164062129318,84.58478099683971,33.9877754699058,19.580489136801198,4.604128811251,21.564287671124998,8.049849459102004,4.02263445835841,3.837861712341861,1.3,1.0572636965916211,1.5013478639569209,16951.8,68.0993316004791,21.5739877646659,0.0,9.13482966509956,422.46,0.1882441089875829,3674.83,386.7,59.87,8080.63,0.0858416414682218,15738.78,2066.03,0.003150265947207,0.0,1.0378301444514,11.0583827206643,220.60614793557696
ES21,6.36357441381006,3.37847778837621,3.69222601022588,5.56267396277408,2.16804620693209,2.8566630752590694,2.43973977505546,0.0,36.9206450427215,91.70699742376961,2.76470978535469,3.00117332982955,2.152229257078356,0.791618239911742,1.7741107996734802,84.47495414205491,34.460265938748805,19.5947699079679,4.701560260244849,21.388829541444498,17.4890900253255,3.97089097663916,2.93790304578792,3.21535718655456,1.220459669893481,1.3662050045404728,17184.8,46.1889143783728,21.268912984379302,0.0,8.828756344263219,421.97,0.18821370312849,3661.84,450.23,59.92,2936.24,0.0858501391547344,15731.01,2064.35,0.0031331670383062,14.5105977253045,69.7381421667026,11.317543235478999,220.37778380864202
ES22,5.44397489112701,3.96625710992201,2.92849647012622,4.57721560123431,2.1650130141119397,11.2171942602469,2.44229662986085,6.00903392195744,27.289248022639597,85.8278704458579,2.00162248885419,2.6035844822767897,2.60182284234262,1.1520739541760099,2.00758563849091,86.3226670393768,33.405381519845,19.5533902147468,4.65711156152393,17.343817727243156,17.8631950109692,3.9800411484233607,3.08614075167639,2.98887169527861,1.1649406914132416,1.344385896985334,17632.6,47.4703186672336,21.9332655003263,0.0,8.91742752219772,423.33,0.1881821037101819,4243.6,599.44,59.92,3648.16,0.0858441901167329,15734.04,2065.02,0.0030866154685931,15.3417063383448,12.894916842086502,11.5059685076019,220.984586860944
ES23,5.11294276317338,4.90133119915701,3.25922886458834,4.82807016793198,1.87312394419405,10.867141109550499,2.43033430971212,25.3552983741005,43.1029723069147,95.0782125593103,1.97102860597071,2.77469585634382,1.9335773751510998,0.8554404104033859,1.7229332312163999,84.64586733195159,34.832684991743996,19.540087840488,4.634538981192669,17.122657898856502,17.8620092068575,3.9794949852053803,3.0397833497781197,2.0,1.123751748432203,1.613095699106086,9040.6,28.389487999946102,12.4557973133022,0.0,8.6222217414357,422.3,0.188419592745498,2602.52,546.74,59.92,3654.73,0.0858546701682288,15738.35,2064.92,0.0030578665852464,10.4121558085084,16.5863545552613,11.500675541192,220.96505267659302
ES24,3.5854317201337,2.27767086910851,1.90799799665394,3.5579161573632,2.1791925418866,12.468971883774401,2.4406344991003697,5.49705950522158,28.1769786911823,33.667025488426,1.53384480229876,2.2307513432415798,2.8572376867820397,2.79367533819787,1.73244790799218,84.638371533216,33.064495809887,19.6170957162073,4.63046777004225,21.4267953505842,17.8000979559436,3.98293384040964,3.06100515445891,2.53468030085704,1.2521543212840305,1.5981791064575712,9210.0,27.496358768559197,12.663260211869199,0.0,8.629576362385292,422.43,0.188217401415721,2561.6,479.28,59.93,2124.75,0.0858511619901097,15735.23,2064.87,0.0032388388701548,15.4143206779246,16.6926847492226,11.2292831360809,220.985594165506
ES30,2.6153769631710904,19.476431346832502,1.48136759038229,2.5498131614321,2.15911959074997,11.6734730647162,2.39085118085784,5.215566110238861,30.0716821356854,88.85970194099619,1.30084125458193,1.49601880336711,2.1451677152304502,1.0,0.86481465824282,84.6613235873282,33.511963866875,19.2922207697746,4.6229124710263605,17.926667860912314,17.6495506507912,3.9754591710428797,3.1166149703020807,1.5,1.1010892095046223,1.4235109544618996,9457.2,37.5503772452356,11.9265021190272,0.0,8.68360211271828,423.93,0.188307628800595,2576.76,533.83,59.95,9557.46,0.0858480139874063,15743.06,2066.84,0.0030128873998032,11.094538916632,13.687986419559701,12.4343305226539,221.274656206802
ES41,3.63651128690075,3.4826408482347904,2.3620568070781203,3.33703562747031,2.17522657346884,11.320180682770099,2.4893911380027,0.0,41.6650885499015,86.05511299329629,1.27731148633858,1.99332541552704,3.12659538466957,0.397184592599008,1.10515659005271,84.4841034449829,33.3626769660216,19.3448626394676,4.6330808428993695,21.5474614515504,18.0383148545184,3.9851957843268004,3.07581403806754,3.12444932307838,1.2800920163402891,1.6868122816852944,9531.1,36.4703367378619,12.1299923612101,0.0,8.157528342538619,422.77,0.188264534759955,2595.58,508.68,59.92,2940.75,0.0858497600182134,15742.2,2066.56,0.002944484678473,15.1941031355915,31.998836867562694,12.7642830714415,221.120548318961
ES42,2.69550306335351,3.40319140142768,1.6028920890107,3.1117584238889,2.1672950970414,12.294605235867701,2.49269645123895,6.528407908914801,28.855248790268895,91.85838296919759,0.8821616933261711,2.4051985291185,2.00064833129469,0.438134249613674,1.1271647257259,85.55369574174689,33.3558201388171,19.3531212523911,4.633892621601129,21.5599938906079,17.1951572226963,3.9860735171142903,3.06952212701678,3.31936395939266,1.3207846934751577,1.575799606817598,20142.5,67.380040093002,23.3596915433589,0.0,7.53414859583387,422.69,0.188249322487733,4305.52,720.76,59.93,2924.28,0.0858519831370197,15742.55,2066.65,0.0030309405989372,15.334486708005302,14.366056216592,12.744737110468,222.744885144925
ES43,3.03236669291615,2.75592274699537,0.641404801495236,2.91882967254086,2.17490723795541,13.256682504697999,2.4943857623846304,6.84407505134363,36.20896971847,85.16759122973761,1.32713527819387,1.61675773033565,3.16396972003779,1.18896580178773,0.9959026285144801,84.3149106786198,33.3768691802835,19.341397668383898,4.630788260321831,21.6490774286445,16.557977253195,3.98263525524578,3.06809671826137,3.28074476308659,1.264602299986539,1.383213099342857,12842.9,47.4468563064727,15.9914038551297,0.0,7.53131519267385,422.23,0.1882583288365069,2987.61,503.39,59.94,3913.35,0.0858501723675912,15740.55,2066.34,0.0025980011775366,15.783372328761999,9.86459078227124,12.811658788746,221.305699926264
ES51,4.1577820627062305,5.491659375391411,3.15111739026118,4.1798503909603895,2.17275785937286,10.168158725642598,2.44615347750389,6.580192409733461,22.178746152045697,88.04575643752811,1.8929378454169103,2.6271391188063697,2.5005830827091398,1.43032018950605,1.9568327655168503,86.0525440331692,33.4376503614804,19.4511509141509,4.63354719161902,21.7263906513692,17.7371299008899,3.9723457992673996,3.04913488728469,1.0,1.266350095084714,1.3023734403756126,14197.6,56.2922107264241,20.0421880686795,0.0,8.76252401869828,422.76,0.18830309464255,4285.87,360.43,59.94,2446.21,0.0858484287721179,15737.5,2065.58,0.0029776866406736,15.735330060708302,63.4178598400318,12.0126371352702,220.995096442609
ES52,1.9731022164737797,1.9831391158010698,1.1843687991751002,1.7370164705085398,2.17496338633822,10.7280913669506,2.4316632323815903,7.94430402504639,28.1014701451383,87.8714019672147,0.575970989267211,2.13901445185691,2.805176813541648,0.597953436701272,0.623558754883177,86.5327573544067,33.3585089928091,19.4698969516446,4.632141383442391,21.6906935518993,17.9866863413928,3.9795989401299696,3.0600109448593105,3.25993061342807,1.2038723352294654,1.31556164191722,50581.2,180.65967950028698,65.9239074234331,0.0,8.29505158658138,422.5,0.188367880269272,4438.05,798.6,59.93,2377.74,0.085846998495315,15736.37,2065.46,0.002698570741879,14.9283171813931,41.1450012119181,11.8454944926059,221.135267919308
ES53,1.75307895945698,2.4033948250043498,1.8102176003081398,1.71580867191097,2.15687549293049,4.29488327519581,2.36854423465587,1.9884651739813202,31.774318720643002,62.91689288336812,0.592043230719377,2.14121365217791,3.19008497584737,2.4887328009817904,0.563938550657033,84.8597180816086,33.1987806270864,19.5510066472076,4.63621216467389,20.420879989606203,17.7877251142294,3.82602385295634,3.0193497550199098,2.0338092143906064,1.1014280003287422,1.511165034424142,10381.0,37.4575216388788,13.209902930149799,0.0,8.290018960906469,427.61,0.188182671781999,4050.88,697.67,59.93,7845.75,0.0858489585244181,15746.11,2065.62,0.002796141644617,12.9107086459693,23.252148184161797,11.1455019700602,220.86465477944702
ES61,2.8406153475689697,2.90414477587945,1.3526286179959799,2.39692521933237,2.1651034970386998,12.166198748385598,2.46504780391064,9.0867085855136,27.13533019586,90.54339518163279,1.54306446446345,1.6527813612036801,1.5614915473470101,1.2148997144587,1.21607686395282,84.25413175228971,33.332357618017696,19.4334666261433,4.63334902644276,21.709069401976098,17.4780604227677,3.9784891077533,3.06775723014079,3.82162060872054,1.031190304802891,1.6003202994113646,11869.5,34.0994489155294,13.3230368135482,0.0,8.72129279606703,422.75,0.188252135546997,2921.48,749.34,59.92,2805.33,0.0858483934105453,15741.47,2066.4,0.0028046815867751,15.8725244040767,2.0263718943994,12.2022889018792,221.358821725855
ES62,1.28453448496124,0.872346767070227,0.0974292842264138,1.24101344189602,2.17889929802677,9.414483085969099,2.47942428059623,4.82144869685429,34.6723589102728,30.0,0.9363404189013841,11.3606523483391,2.333273447847407,1.37148858546592,0.606371092923648,85.1857486599449,33.369587865456104,19.5370967032109,4.62884337397239,21.713637365917197,18.0255413275857,3.98581946449978,3.10057502239095,1.894991395580405,1.143735627718945,1.7021637663476226,136093.4,274.989699929264,143.827472850697,0.0,8.35334214731039,420.04,0.18826848536514,4264.23,558.24,59.94,2364.59,0.0858509063414098,15740.88,2066.33,0.002926727512999,10.7106853545775,32.09331456130089,11.8282055400395,221.048031969996
ES63,6.178410999588941,4.722395047908419,4.255463549718521,4.747621087056017,4.112397402102832,6.463468611824858,4.011236812664908,0.0,27.620436637813288,67.72074030827446,1.8528634544585216,2.678212265055843,2.622486459529525,1.5071367470937538,2.5173759705582843,45.09543014179861,18.648436895927617,16.979744709564784,11.640239603104352,17.800975010551106,7.261553696661654,5.3580301263771695,3.825805908271922,1.910631672704944,1.2109242063399066,1.443465525132407,5.252741435486525,43.75486417234913,8.914959717612101,0.0,7.890951863130554,0.2508479465059521,0.3175548885620375,0.2441185024710586,0.1159094617055278,0.0242193450928052,1.6946521264538548,0.0955329992563965,0.018242190181923,0.0020962766871862,0.0029374520790986,0.0,0.0,0.0,0.0
ES64,5.309036887877462,4.662220998641483,3.815201040685617,5.409038524569851,3.283941599668572,7.635129321531519,3.538445848205925,0.0,27.464858859452463,53.49932496151494,2.245962303750477,3.028285354954863,2.5645820379357747,1.504574831983995,2.1520186801272,39.96508794167917,16.72316817845575,17.15051617404029,12.536765757073702,19.98618277684464,7.023723710401905,5.231474294571166,3.169940580398239,1.6330779791490009,1.2389882725096912,1.3550165088204942,5.572579134912155,36.51712792736096,7.018715469023318,0.0,6.757907564325743,0.2444066972375301,0.3640665328651944,0.249328368464413,0.127737008013537,0.0217670421379941,1.8504036677221545,0.1089387211487043,0.0204133476334894,0.0017636014955119,0.0029063705727813,0.0,0.0,0.0,0.0
ES70,0.81576701963805,2.68718880741817,0.6290597748936829,1.46175860241781,2.15597430590358,2.4693709720954398,2.3796362309658896,0.0,18.8727464015033,87.8272051612947,1.7860053332619807,3.408464900955132,2.233736899897857,1.509849219232785,0.685454227369298,84.6427880315723,34.1128962745846,19.643202549747798,4.6522362572002205,21.1436471338396,17.7166066396214,3.87051791474357,2.53680369432505,3.1652735908898597,1.104321243435982,1.442435285182211,20478.6,71.4497067233285,23.4723304539612,0.0,8.675504866361711,417.52,0.188316002460399,4316.2,664.35,59.87,8775.23,0.085842952817279,15742.2,2066.75,0.002712318349471,8.99016592237055,10.1266993614305,10.8267180717093,220.53930426078603
PL21,4.3681841188424695,4.0199656508297394,3.06119895171353,4.00039447128994,3.30221435407263,7.618899888723839,3.91197216769568,0.0,24.0701203519248,66.33394870141899,1.63101006509272,3.06974520651705,0.553287597557474,1.7953654706379303,0.672512362446245,73.6290028066162,26.4618536341644,17.634432021783798,4.86960546633288,17.52642669849581,4.54357043494375,5.499054867078281,3.178054627817884,2.60893206945546,1.344853171294731,1.633409991727594,13240.2,27.008608872304503,10.350184485706901,0.0,5.45443404691256,514.67,0.281253029112974,1781.83,961.64,26.57,4001.4,0.0902195552164486,9302.43,2074.59,0.003289399709375,0.0192267582114978,0.8790489548245861,0.10790859245107301,23.569922269674997
PL22,5.13962658417798,4.519410709941469,3.02895604675392,4.10804416024044,3.3023239075095496,7.53120603048807,3.9356778425496906,0.0,25.518031653132,66.33608247807899,1.6332068095369099,2.70352673802806,0.48484722369183797,1.60019026278204,0.5186783541677591,73.846913404933,26.5104645265059,17.4689683432434,4.82155077313325,19.37069217923829,4.5365906835956205,6.84027578054802,3.713841005898392,1.97204769391964,1.231009303862615,1.3284497053930102,16890.2,34.2241636327984,12.6843297898922,0.0,5.45872136682224,514.5,0.281316569333794,2734.43,968.3,26.59,3196.36,0.0902606028662221,9441.19,2067.61,0.0029556240994806,0.0438131711470436,0.8381501869221059,0.10801322058517898,23.5528731378826
PL31,5.508081937770871,3.915495026889684,2.99301674557815,4.22208952828246,3.29925127054056,7.12394386017485,3.9270809943904506,0.0,29.9090867669548,59.969775461852095,1.7575650331401,2.97879104953334,0.5476701682231291,1.66696982795148,0.6310851845530869,73.8008908966376,26.561067590931504,17.4509962601901,4.8226833011610495,21.120523751248747,4.54316739731907,5.631072252893769,3.666696938667114,2.39674352910659,1.1301014065485242,1.6833368339671528,17000.3,31.7952167077133,11.5539451679742,0.0,5.50890941692087,513.8,0.281500037243974,2729.36,974.92,26.58,2151.18,0.0902616388363384,9309.95,2075.57,0.0029851949841876,0.0,0.0,0.0,0.0
PL32,4.09510480241435,4.575746920884388,2.79575287808421,3.645143248863469,3.29413093158896,7.96786379461089,3.914403549462981,0.0,26.155265785939303,68.8289643654339,1.59271058274668,2.5211918035070497,0.482808896582637,1.61105890785969,0.5857630856796,73.6577592802477,26.4812389921348,17.6012946319094,4.86132129570077,21.25564406685349,4.54373777892148,5.802872981583338,3.530421898758606,2.42577635112435,1.1578792591809637,1.4884872202016897,6383.6,13.829683384729302,4.69782737107531,0.0,5.244664064876679,513.48,0.281474160268147,1785.93,986.74,26.57,3524.31,0.0902358884520194,9311.2,2077.89,0.0027366355877154,0.0,0.0,0.0,0.0
PL33,3.8121902308778495,3.9230899370843937,2.50758103784928,3.41782227401619,3.2902723292973404,6.28284760198079,3.91799683534482,0.0,24.7066146561459,64.43136361724959,1.36387698372428,2.30341110177037,0.46511234597141,1.56176841529223,0.522893183209711,73.6935954181877,26.4909551409956,17.572605675507397,4.853145353445511,20.923923198506703,4.54273629128667,6.406350422494645,3.1087554278109875,1.85149349257601,1.1943536119267737,1.688459096842054,15407.3,29.281918353503706,10.27257018683,0.0,5.26209051093355,513.73,0.281508691265337,2252.39,957.06,26.58,3369.71,0.0903316218585334,9310.94,2077.9,0.0026421260262153,0.0,0.0,0.0,0.0
PL34,3.5397844807956504,4.585851675790956,2.3279474584935,3.09174358373691,3.3122426404069607,6.7472997405636,3.92108760379867,0.0,25.9608600696516,49.3067143573492,1.37320582974501,2.8545535633874803,0.478431087656385,1.5985502654338,0.521853543017778,73.73113626541479,26.518114302931497,17.5277438931947,4.84208190302669,22.855367553687937,4.54310739455405,5.427113222061466,2.9897993777349487,2.0137779337144,1.0750127750587946,1.3732850999037955,18007.5,33.3388388045339,12.0468825358828,0.0,5.29782393722345,513.82,0.281424424578237,2833.94,937.71,26.58,1688.9,0.0901693433021824,0.0199880360632569,0.002022199963051,0.0031397761650065,0.0,0.0,0.0,0.0
PL41,5.00231694434637,4.613434713305274,2.99833429581338,3.9586323222968596,3.30425520774385,7.002420571235289,3.9355426476442705,0.0,30.222505941453996,66.6412561960247,2.28394909909331,2.63928216108478,0.5562554126625949,1.6095153706440601,0.53137992636739,73.8467962475496,26.512402163898503,17.4672982215392,4.82126508700447,22.737124490321804,4.536754921442079,6.826506970320686,3.907065235419501,1.24829825926266,1.3141013031322126,1.5836402861559682,20438.8,35.7699503322054,15.7377435244622,0.0,5.67514562605031,513.49,0.28126703105284,2976.7,945.88,26.66,2250.1,0.0902966253344837,9311.02,2077.65,0.0031800091386606,0.0100067854124782,0.6466922554828399,0.10801086521064,23.5755191106499
PL42,5.08925595649683,4.0177591847235,3.49317534301099,4.15252787191689,3.2975097461248803,5.840133383766149,3.91741129537392,0.0,31.5265496236844,63.516900461681004,1.60963761868594,2.43099198477031,0.41900989641053304,1.63065985826023,0.402751609750764,73.7746028943038,26.666738022080697,17.3753639420095,4.81224277027086,20.19824362871813,4.55312078192901,5.949214296293447,3.724553719317271,2.0685478009751828,1.1461072232095553,1.280496958311908,9457.5,18.4411533259096,8.13920807388296,0.0,5.37943280701607,514.57,0.280854185400917,1786.83,983.8,26.64,3995.15,0.0902966303236004,9311.01,2077.89,0.0029072592256543,0.010196132732504802,0.692529129132251,0.10778030549208997,23.5512300987129
PL43,4.6596512623528294,4.264047897938136,3.01883587484872,3.52613237912934,3.29154304104551,6.60006138329007,3.9118285128481802,0.0,19.919835747877602,63.914026205976896,2.0955762387597603,2.50062193494617,0.369482496617294,1.8545832963985398,0.316532426626377,73.6855966258112,26.579315439219698,17.5005902311167,4.84164569788292,20.0676214366162,4.55043362515804,5.329368007930679,3.1058407667835173,1.1697969239055002,1.1043464162922925,1.603596180815193,11367.5,22.480701797353,9.93385453383947,0.0,5.53722566819157,514.24,0.281173502228385,1789.56,972.8,26.63,2403.95,0.0903095199422634,9310.15,2077.9,0.0032175213285406,0.009002238927117469,0.709687718127578,0.107813678159786,23.5755611035465
PL51,5.65013355279899,4.2527295133407,3.5143704208477202,4.700491126467931,3.29465100456203,7.33597053255258,3.8890917007427297,0.0,29.9563811016305,62.100087458910096,1.91992690784276,2.9853766782614497,0.538808990629675,1.6140591530856099,0.573838533035022,73.53446224870599,26.6455568892607,17.529981905890303,4.86069657779161,22.377710604656897,4.56316415518571,6.039595296682324,3.311110004180874,1.81796098057153,1.1897770004994532,1.6539087913459172,12947.6,25.9785017869481,11.0909107236753,0.0,5.39548439050512,514.04,0.28135647002145,1893.82,984.38,26.59,5085.41,0.0904009444030757,9312.34,2077.72,0.0032504723352759,0.0101826010255636,0.884185346797687,0.107628398161424,23.5615845138583
PL52,6.6193489686468405,4.510717214709453,3.90506250620717,5.41217516906677,3.29681484501141,8.00906284671499,3.90174844329471,0.0,37.497742589150796,68.0528643333794,1.88474795906529,3.18788016614476,0.565602017837031,1.63786967936778,0.665398881236613,73.6869729521018,26.749597374711698,17.3553290128478,4.81674644256898,17.013411228484383,4.56391484333352,5.648919924748551,3.164327018294936,2.2366876795690502,1.1022371298182736,1.5414932173582263,23735.6,43.12377163739941,18.121394019595797,0.0,5.501690761910321,515.06,0.2813670882218489,2978.5,977.61,26.58,2924.63,0.0902736687509316,9308.79,2077.76,0.002821606890371,0.0422243974305686,0.743181965524712,0.10762802747936398,23.5589438977725
PL61,4.84271822952553,3.966506707744382,2.98217324260836,3.88507395433524,3.3047221532987803,6.86024358938268,3.94128637466696,0.0,27.386991794729095,64.3661059683399,2.23879524044232,2.68545187186566,0.40202020951048,1.6060693692961099,0.633272813580664,73.9237570795856,26.5722747418476,17.371650177339202,4.79812462589804,17.26964842105524,4.53790504358792,5.857641059047108,3.4104919353700733,2.26267935815072,1.368967399931491,1.3537126287468233,19333.0,37.7753640657589,14.662977650309701,0.0,5.93265577537503,514.69,0.281328787749625,2979.4,955.05,26.59,3324.35,0.090252750054241,0.0165843110783616,0.0021970981689607,0.0034231228601144,0.0101442183191635,0.36730168700251603,0.107996162272639,23.5595805454204
PL62,4.66932592960345,4.37125827413846,2.9951599064701298,3.329981529809049,3.30281658572926,6.01895275161926,3.93188893850559,0.0,23.7606897093547,58.565773634802,1.77042129362759,2.4990768818363898,0.38456158684028996,1.65350150105067,0.619459251169037,73.91849995696519,26.7203752029473,17.2475830541355,4.777458665688959,22.137170378890502,4.55034499534199,5.133932842268315,3.452772848612347,2.82311959032946,1.1857424113534882,1.333790365211566,13953.7,28.4101855809973,10.6601445517847,0.0,5.57581022208884,514.32,0.281312431753466,2063.28,945.47,26.61,3113.8,0.0903645830752622,9312.1,2077.59,0.0027707392587983,0.00996753330412926,0.982824429304957,0.107824445154881,23.5459780028823
PL63,5.50240634550866,4.091387760454026,3.03124912541338,3.7403028422579596,3.30708424822383,6.514774067780141,3.93484395193711,0.0,29.140328711605303,72.6730885931916,1.94009795012713,2.91001043769298,0.4308402262978071,1.66409648468442,0.5457481351013751,73.8294925606678,26.4888294276423,17.4977411219588,4.8280031860233805,17.848587728155177,4.535642336410691,5.187601418713503,3.0061134802752107,2.55144766021394,1.1976497429902984,1.4349835583858608,14783.8,30.9306034504134,11.660416695615801,0.0,5.51833348344751,514.1,0.281402270637014,2456.71,968.88,26.6,2973.06,0.0902658100771624,9309.44,2077.59,0.0031833629576793,0.014054340417349398,0.990324541540257,0.108026374913938,23.5503523585057
PL71,4.18493372303911,3.875707964342285,2.66197941081938,3.4069411777498297,3.30574726066237,7.0796976985608495,3.92415949772025,0.0,28.404817884638305,64.6722610929754,1.51883373580705,2.61825011400864,0.376692986049787,1.5416341796092,0.425498627720777,73.6884311681321,26.3826789739338,17.6706841997277,4.87017966999108,19.93537440313994,4.53379071580165,6.320226453110726,3.80513156350838,2.29491751800262,1.373254410267836,1.577407075034814,17336.3,39.7170631313626,12.964341370010699,0.0,5.01523186264087,513.68,0.281486786612476,2922.07,968.34,26.58,2220.44,0.0902002696367861,9310.88,2077.76,0.0029076385334393,0.00989589072031851,0.626760608390029,0.10805091836172401,23.6080695977301
PL72,3.8121902308778504,4.732998470400168,2.50758103784928,3.41782227401619,3.2902723292973404,6.28284760198079,3.9179968353448196,0.0,24.7066146561459,64.43136361724959,1.36387698372428,2.30341110177037,0.46511234597141005,1.56176841529223,0.522893183209711,73.6935954181877,26.4909551409956,17.572605675507397,4.853145353445511,19.679580140705045,4.54273629128667,5.487642901462928,3.9605412043119097,1.85149349257601,1.3438562366580011,1.32417202471474,5.184276448784262,29.281918353503702,10.27257018683,0.0,6.692446020540139,0.2329700295062349,0.3149311006326594,0.2085135977834358,0.1117658666174876,0.0261138422380385,1.5586374807028176,0.0904503676769823,0.0190246606160785,0.0018055098495686,0.0027488350759916,0.014147503382670599,0.652728324321484,0.107922451968763,23.568877478909396
PL81,5.5080819377708705,3.57116689448157,2.99301674557815,4.22208952828246,3.29925127054056,7.12394386017485,3.9270809943904506,0.0,29.909086766954797,59.969775461852095,1.7575650331401,2.97879104953334,0.5476701682231291,1.66696982795148,0.6310851845530869,73.8008908966376,26.561067590931504,17.4509962601901,4.8226833011610495,20.44578372779331,4.54316739731907,6.335032758005009,3.937254910325352,2.39674352910659,1.0499097988891384,1.5356643881525454,4.8627750052037815,31.7952167077133,11.5539451679742,0.0,6.711192880491136,0.2243138226916514,0.3014221162225836,0.1893044422603012,0.1121248548074726,0.0262008822541152,1.60683280842056,0.0839239017244177,0.0160148805727734,0.0017465310045568,0.0033371718706586,0.0101103438006855,0.733872894152633,0.10791950442069899,23.568765762305897
PL82,4.09510480241435,3.628667051178271,2.79575287808421,3.6451432488634694,3.2941309315889598,7.96786379461089,3.9144035494629805,0.0,26.155265785939303,68.8289643654339,1.59271058274668,2.5211918035070497,0.482808896582637,1.61105890785969,0.5857630856796,73.6577592802477,26.4812389921348,17.6012946319094,4.86132129570077,20.149462279729484,4.5437377789214795,6.859510771432075,3.441584470770144,2.42577635112435,1.1544927623300607,1.3352500812188317,4.695408106726584,13.829683384729302,4.69782737107531,0.0,6.8682385713047225,0.2720183312043704,0.295609054456557,0.2273850450085765,0.13444253109295,0.0255019689027216,1.6346480108971029,0.0905758365280297,0.0184879937187939,0.0020039666838559,0.0026837578526492,0.00997058755799829,0.73288253737555,0.107907121302277,23.503953529784802
PL84,3.5397844807956504,4.254264035586913,2.3279474584935,3.09174358373691,3.3122426404069607,6.7472997405636,3.92108760379867,0.0,25.960860069651602,49.3067143573492,1.37320582974501,2.8545535633874803,0.478431087656385,1.5985502654338,0.521853543017778,73.73113626541479,26.518114302931497,17.5277438931947,4.84208190302669,17.787229764294654,4.54310739455405,5.476979105747269,3.211919884911877,2.0137779337144,1.1229329815812994,1.3072142859683622,4.304647920964792,33.3388388045339,12.0468825358828,0.0,6.3593374932705,0.2272504619716222,0.3228608586471172,0.2110311519079703,0.1193713482448378,0.0281809348673816,1.824241493086931,0.0925809374024441,0.0206429754961786,0.0017391294019397,0.003388902103534,0.026439630251413798,0.706637810745582,0.107918297823362,23.568491586978798
PL91,3.84289035287327,4.204732985586594,2.5228432415302,3.2967706965284704,3.30974900218336,6.47085680628557,3.9542612268386397,0.0,28.649195663715,63.782912383356,2.1333647451686404,2.7010136382280203,0.392063483355623,1.64780559883939,0.4575018684959849,74.0163192843919,26.542156532162895,17.3454510929745,4.78543068724761,18.653992602723,4.53063377246408,5.655507616696954,4.022531023827585,1.77094151030791,1.2307115656507883,1.7101262123857186,5.552025941648783,32.0945722362,10.847497668613,0.0,7.598631076658081,0.2493311369870935,0.2736152901682712,0.2050991682777644,0.1363937598265529,0.0236187361381636,1.627985405862778,0.0860946462273079,0.0178877516290665,0.0022055895444023,0.00323220158862,0.010008218557667498,0.6545419651690709,0.10809921661436199,23.6306199185622
PL92,3.84289035287327,3.8329958731305696,2.5228432415302,3.29677069652847,3.30974900218336,6.47085680628557,3.95426122683864,0.0,28.649195663715,63.782912383356,2.1333647451686404,2.7010136382280203,0.392063483355623,1.64780559883939,0.45750186849598495,74.0163192843919,26.5421565321629,17.3454510929745,4.78543068724761,20.24343111133197,4.53063377246408,6.386193776886148,3.263380549748404,1.77094151030791,1.2734516183229163,1.4600763386793718,4.853253648719483,32.0945722362,10.847497668613,0.0,8.083381691987748,0.2570209893488474,0.3007395529620126,0.2320311214315422,0.1286452635130561,0.0237415958408549,1.9763358452043551,0.0828503312159427,0.0153580700750401,0.0017737824635792,0.0026904075130447,0.010008218557667498,0.6545419651690709,0.108099216614362,23.6306199185622
NL11,8.479794166153921,4.516024639278696,2.81678560397373,6.98474110959266,5.73459816653934,11.1639686215652,2.60205201091442,0.0,38.0708489358656,75.430707279905,2.3817801387639648,3.68920283376648,2.940881328384982,4.07561656365696,2.37002103365173,521.4568687542069,44.380340018595,38.8442402838743,38.092681281124506,18.853518904803668,8.215794876668737,6.610687356027586,4.296082151964762,1.8442350140332395,1.428975762664053,1.7302953994880577,49603.8,60.6750515013713,60.3915219673846,0.0,8.37089699844118,412.09,0.237661557573392,1763.38,908.14,20.04,2777.57,0.067342401551581,14530.31,1621.85,0.0031648331415327,17.4638584363321,6.029988460651238,232.119337646616,57.1321636577483
NL12,8.802107834494391,4.754216545686919,2.5669353960618,6.67243452778829,5.51912878963366,9.91026852053947,2.60360271758434,0.0,35.6371585436899,74.7012728094937,2.529811801701509,3.08200358581286,2.568932469466953,5.61124255219542,1.8783895604508303,521.679874312583,44.310751237137005,38.792329997872805,38.1156010255812,24.565999258009253,9.57192450768414,6.597681270365105,3.60570895662895,1.7898525600333015,1.4698396193660106,1.754032635546855,48248.2,58.4394170707769,59.33338149295959,0.0,8.35395292750467,411.36,0.2378299642247729,1693.19,816.09,20.01,3806.7,0.0673835534484376,14530.96,1621.85,0.0032088453484375,17.457654695571,0.0,232.335325009397,57.4248113149379
NL13,7.376825091741139,4.150073129083973,3.779369372493621,6.3081674317753205,5.71329539658301,9.910646949244251,2.6051818059729697,0.0,40.4675936760381,71.5357911113999,1.3014919603122501,3.22437543157575,2.8570749141480576,5.50404533860213,1.51804963132339,521.897966969434,44.2700032780149,38.705336679485804,38.1254072140211,22.869011344827577,7.975952314891058,7.309518490743208,3.3341203846086858,2.0365581189788897,1.511592918091716,1.6655948422621607,39842.3,49.153592221515694,49.1627577978737,0.0,8.340154018756762,412.01,0.237483076643234,1693.24,856.31,19.98,3953.85,0.0674357371347156,14533.08,1621.85,0.0035124937595672,17.4388018118389,6.06391283127152,232.531689323617,57.0399196718552
NL21,6.52349772506882,4.147473452190919,2.91952226640114,6.337784051725889,5.729495012289189,8.77914666227865,2.60426537225745,0.0,41.3981696519917,71.898628078056,1.21128627814187,2.9478765562452702,2.3959103892132685,1.5594355736401793,3.1746777151608803,521.700208845052,44.5430330468908,38.4704447684973,38.0067929518395,24.05841790467232,9.892972422390551,10.557036486161,3.5311442224046066,1.867579719059216,1.1856066188245766,1.554564561147995,48606.8,56.1404120572886,55.123645992539906,0.0,8.34720747052303,411.73,0.237596823386327,1831.4,747.87,19.89,3690.8,0.0673366641473523,14534.58,1621.85,0.0034140777500299,17.440885294707,6.099653825071161,232.223583388101,56.6972446843895
NL22,7.826801391071901,4.8458177929770185,3.22956824664457,6.29345425959254,5.74049420582885,8.873149931030301,2.60284591472851,0.0,42.2150554692149,74.0495392172307,1.2364999822646203,2.66033783507658,2.776217545709803,1.0,3.20884851721341,521.544481449639,44.4410018711682,38.706675483605096,38.060653834007304,22.6656058842864,8.63485374531978,10.557893721317999,4.242623878797753,2.205193390034564,1.3712885622757611,1.7168289183510992,50407.3,56.6657806559165,59.311243743043505,0.0,8.38516212571124,412.28,0.23747618977742,1961.67,648.5,19.86,3424.3,0.0673233385659658,14533.31,1621.85,0.0035603603666397,17.4398196369143,5.2897773186984995,232.155586034657,57.3056231859211
NL23,9.19394428720543,4.135931414458667,2.91170933864229,7.647851300499031,5.45513209701716,9.81073871986566,2.6064911693744297,0.0,43.6477558963334,94.0454308107564,2.5169614526821253,2.73915170517897,2.6853930576964635,1.0,2.42970850106772,522.1012504015661,44.15890950416549,38.7204281671437,38.168026747686405,22.67742830535018,7.626483004424191,5.943865148426505,3.458677040576486,1.862418448093016,1.1793860061159025,1.8588510537832728,52985.0,62.501648334322496,64.6823623510728,0.0,8.453682073919401,412.94,0.23758381202655,2182.81,944.3,20.26,3331.7,0.0673752590220171,14526.91,1621.85,0.0035151376115193,17.457100662080897,6.86869312560122,232.75486699482695,53.7261985743096
NL31,9.054807777278372,4.732752912264361,3.19742750536699,7.199974140937821,5.73194884706627,9.29413345080947,2.60398112828689,0.0,43.3233072535452,73.4638119074923,2.061710420723072,1.90309094605365,2.963562998213911,1.572615321064024,2.43556268463175,521.751424580013,44.232560433875605,38.8489251723449,38.1485163923121,24.164299371233376,9.755218262526204,6.725247142291213,3.612712266586192,1.696543347059532,1.3653036874214706,1.8111070724664813,59113.9,65.48580128524921,72.2741417410073,0.0,8.343822855809771,411.82,0.238077200689617,2049.78,792.75,19.93,2795.08,0.0672831428293799,14535.61,1621.85,0.0033060866740841,17.2372163515539,7.47917029456383,232.43512845899298,56.3994081176185
NL32,8.5751412093996,4.352271702063757,3.10278230458178,7.08397585940431,5.739060237296,7.806646523364621,2.60657078822686,0.0,37.086154070544,85.2045726389999,1.2565631367411199,2.85333255243799,2.4820279527321234,4.1202844900916,1.48867642264028,522.177817845859,43.9393297989448,38.9618853530259,38.265708393386305,20.2007802411108,9.704916172888892,10.559211353183601,3.922716321123167,1.8724679379940887,1.4900524603982903,1.5664332312562557,40615.1,48.90152036219189,53.9743873784376,0.0,8.33601220022011,412.02,0.2373485227584419,1693.17,908.91,20.05,3786.28,0.0672015644311004,14524.7,1621.85,0.0031037516055343,17.4908804357674,6.67465376329979,232.937165058263,56.4640629146464
NL33,8.805957810946829,5.229181705411834,2.9312265338727697,8.23030584917941,5.70452201968348,7.33364966355753,2.60383235846477,0.0,45.498666575453704,83.5188221933798,1.2504951961896997,3.04753410201932,2.8536883019648087,4.68134817176285,2.28339486063318,521.680599087722,44.415095921900104,38.6538059930608,38.067314243397696,22.02778799108052,8.874750004300193,6.91262572718387,3.7170738765172056,1.6849053682669994,1.3888608971454244,1.4293740884352168,45613.0,52.7280829232098,59.3503329000651,0.0,8.34390156651861,412.27,0.237348522704428,1693.22,891.4,20.01,2849.21,0.0673051186836445,14521.76,1621.85,0.0033424455452143,17.4639638283948,7.795574313358929,232.278606086641,57.2400364971018
NL34,8.58030042212102,4.165610828568009,7.46441433041059,7.7008225704312805,5.70018485555919,8.957707295952991,2.60313704919516,0.0,39.4686444119614,83.0543663379886,1.31443132404834,2.7428079834424204,2.5397077329264017,4.55639983083876,4.15471752697365,521.639252126029,44.235910127947704,38.9168275658184,38.151624970171795,20.63278913908108,7.803857959775638,10.5575678884263,3.920295116741528,1.741666325481856,1.1627608042229245,1.6403542888355775,34791.4,42.516462125609095,47.2073588195782,0.0,8.34064357245987,412.75,0.237462166758114,1693.23,956.09,20.2,1989.11,0.0673905822821928,14537.52,1621.85,0.0033641800795311,17.553606975123998,6.042810531066659,232.343802081705,57.081135843813
NL41,8.560641606993281,4.333477061864105,3.28300870869661,6.48420457825203,5.697313335069359,8.13315750106687,2.60376417208989,0.0,44.465380267524594,75.0052365882445,1.23617019857499,3.17960753315577,2.3887648269104487,5.36360901429796,2.08599085375201,521.7020211361851,44.307313651855495,38.7822397834602,38.116136307432704,21.51579098385937,7.992160117461372,10.5638634056263,3.948254413287246,1.7749894603887286,1.4727225163379685,1.5848917606387456,44834.2,53.145719859975706,54.1136072891,0.0,8.437981993428549,412.41,0.237630600619237,2055.96,775.52,19.99,3680.16,0.067327981808278,14533.33,1621.85,0.0035290799726571,17.6254494409897,6.01560779721626,232.35476158465502,57.273866940142
NL42,7.59597764682449,4.346491364820662,3.2682061982824697,6.64428103418475,5.44330822864583,7.80108468509369,2.60453751699857,0.0,46.351004415488106,69.9000291167457,1.39388331778473,3.0924544824463602,2.7073951497959783,5.37184349387728,3.14108371576693,521.809450744336,44.284120715299096,38.7428427356153,38.1222227123982,20.43112166074417,7.7243555982692,10.556652390548,3.9809299180516655,2.114221174301899,1.2548365866759077,1.4085671169231886,39735.8,48.064803981577896,48.573355402992604,0.0,8.42034000938551,412.51,0.237674696950309,1734.1,869.31,19.96,3844.16,0.0673388766266411,14533.11,1621.85,0.0031298620808744,17.4171629801486,6.701549533471299,232.452888515207,57.386765527459
BE10,5.0,4.805977936537725,4.880248934348156,4.0,3.5385836912308504,8.0,3.968127457926701,0.0,25.0,41.0,2.096912255807941,3.563182278740724,2.950119475948412,1.524644288942219,2.470181748904006,42.1230924278827,21.437084149826187,20.95867653609497,13.856780677170573,24.174228497077145,8.21162402458128,6.28257377642963,3.3214020654535985,2.9,1.3526421750291826,1.5500705344824282,4.789537276891453,44.0,9.45666705160952,0.0,7.216183586969429,0.3090903248269599,0.3787334868086045,0.2534531090921962,0.1379773793675028,0.030835951025756,2.234414437059692,0.107498233054621,0.0193050163011175,0.0021100644265092,0.0036158880526699,0.0,0.0,0.0,0.0
BE21,6.2316288498251495,4.034090717931565,3.4445304999362403,4.728076909164219,4.84287788533458,7.4058245015996,3.22067255915213,0.0,41.5390900852498,188.08696558220203,2.078359957853208,3.31877974581739,3.1600467483523174,3.0540838886472903,3.08617803758699,432.216181047243,25.743729332610098,30.1506241392781,32.8685349056546,20.12823711765635,9.61277844004599,8.446764332714931,4.07719546358287,2.148347610585382,1.196822517183027,1.5203033113781386,23457.9,44.1572017533214,23.9874276516684,0.0,8.47714558454614,523.19,0.289464799227275,1592.72,784.9,73.95,2350.69,0.0996179199563768,17953.8,1716.79,0.0028454272413684,13.251243714858399,21.7964660013002,163.42397230871103,138.066053418438
BE22,7.6237645400497716,4.2058694344024605,3.40481667774275,6.843326666883501,4.8222389337391,8.46527312504886,3.2209676875624798,0.0,47.54718047425101,80.883453702389,2.4099545262268776,3.76321974440892,2.976629639234262,2.2243654531849804,3.5138420807028896,432.21676391533305,25.7497352992274,30.362704255608,32.8948772878314,19.675172737475908,9.613667963781019,8.45291297151775,3.8377915336434674,3.39780798924772,1.1244117507513502,1.8640736654113568,21946.8,42.674548457805,23.5368782279312,0.0,8.45486992056893,523.09,0.28954316656709,1358.41,911.32,74.06,2427.59,0.0996025300323751,17996.06,1715.8,0.0029589903419378,13.2568362474655,22.6005648203104,163.483032189086,138.033675278918
BE23,7.742968420876459,5.052260289274127,4.18583447535256,7.0796129679699895,4.8112852800970805,9.25922338278268,3.2223134971242704,0.0,38.268588488759505,98.17749279706798,2.164096019602877,2.9708216078988596,2.811431309669805,2.20140609802315,4.26465255461601,432.135090625801,25.768746111389397,30.109483290594305,32.819891343830996,19.966689876201272,9.61833322754633,8.4067359840404,3.4003525902178464,3.3999458238164495,1.415017651019998,1.4298251054379951,26547.4,51.115745536184896,27.525247797642805,0.0,7.97108998219544,523.52,0.289418122244888,1610.25,923.72,74.17,2390.16,0.099579768417319,17952.57,1717.52,0.0037938746079877,13.232759899051498,21.727499061093802,163.52727035884698,131.04093986678697
BE24,7.531377995825229,3.9274357856267055,4.3514945706841,7.12799112975528,4.812998441032519,9.88628989507371,3.21955031050052,0.0,43.143104291744606,72.6800474494804,2.3622842071147154,4.02740416679545,2.884671373521205,1.3519926936726099,3.53169344152921,432.2863714189929,25.728194541270202,30.392541529455,32.935902535700905,18.85528552483363,9.60891115538061,8.48702779871944,3.85788514598127,3.39986763782864,1.3699153553891823,1.835575039925465,25533.5,48.818977978282,26.7753120202984,0.0,8.219544756168359,523.5,0.2895043256777639,1449.0,941.25,73.96,2395.89,0.0995482086128007,17480.07,1719.42,0.0033694911083119,13.2487185652031,21.771875085075298,163.392755189914,138.06439888832898
BE25,8.138699377630399,4.272886254288808,3.0268360136295502,7.86572472228842,4.811818312387469,10.731599393032,3.22090474369909,0.0,38.9684466131562,69.08182453724571,2.4049700026779988,4.98990019357531,3.031681277193697,1.84315767522588,4.40378691688895,432.21864595885705,25.7486602308935,30.346535978611797,32.893903579965105,21.13797547523066,9.6134629501221,8.4533675490752,3.9073215828641272,2.3,1.3595570045682088,1.6750675231056045,30891.5,56.6974103982857,30.6625461465566,0.0,8.34059926251644,523.51,0.289427304333903,1746.69,929.46,74.16,2394.49,0.0995908710193175,17983.73,1716.08,0.0029527787198988,13.2022233840435,30.266631835062398,163.47580285472696,138.053836876404
BE31,7.81841320844824,4.43129163850132,3.29899743633315,7.22929087743807,4.82949483531186,9.786993774541779,3.2197958781554403,0.0,43.3691848973142,74.345173911526,2.450297224473985,4.303403053879579,2.35296923405743,1.4855042463311499,5.0286027861684195,432.251132131988,25.7299810442349,29.824476541784104,32.8629331808395,24.31455817085783,9.609895092784791,8.46072050189649,3.716671497536213,3.39756710439573,1.4059156039742118,1.757272939047729,32242.6,56.486169531836204,30.890030273818,0.0,8.34345759896,523.24,0.289380809021837,1785.46,972.13,73.52,2869.13,0.0995691827487802,17813.47,1715.86,0.0032752474762072,13.1972029654792,23.1853467632091,163.346059575187,138.033954163116
BE32,7.631996977619601,4.02028344194723,3.3470501702833797,7.22876532040062,4.8918065121663705,9.79331232627844,3.22025084648311,0.0,40.3981972618233,73.7151697328068,2.337968795954729,3.88808960595793,2.923982338251829,0.71581097686382,3.96406161898603,432.256383443909,25.739355924924197,30.22076085562,32.9137053096346,22.696904847725506,9.611223971340191,8.474057444051061,3.632596034888495,4.0,1.365367320752923,1.4076470602475195,30195.7,55.26673338085691,29.4390450706915,0.0,7.71125690160475,523.63,0.289444624400264,1581.08,948.95,73.99,2493.4,0.0996016960945722,18017.83,1715.62,0.003362076022513,13.1745568015154,23.224115948047803,163.449179185648,138.096974405665
BE33,7.8260913402339405,5.031602349194836,2.9359820331167,6.96864739408617,4.85879988542146,9.92319494287243,3.2184841959907797,0.0,45.2233256522202,76.6900203711622,1.990600269815152,4.15311085336874,2.704543174822636,0.784821459828565,4.04260386231878,432.34599391665404,25.7128073910731,30.301441343938198,32.9712756460803,19.579523553244805,9.605308744125859,8.51904539242025,3.2902831364794585,3.39938096255506,1.173498390273607,1.5064174849813294,32072.2,55.8049159171879,30.623753602505598,0.0,8.29608071731532,523.52,0.289450074060035,1327.44,927.29,74.03,2698.68,0.0995790123627158,18047.79,1714.77,0.0031713492629283,13.2221274071578,21.510823745095504,163.344348360051,138.060752251255
BE34,5.24720129548086,4.44399846716974,3.9175607456709,5.20194266260343,5.18990542234925,7.9159077050169095,3.2201929233135806,0.0,29.253424646381802,203.84280884134202,2.458746080582274,3.9055902921159,2.424591506574152,1.667037381359714,4.94092377453687,432.24282920683197,25.7369937959859,29.9806961548643,32.8774035559227,24.33698572777259,9.61114554139666,8.461017611993121,3.3847805966416056,2.0,1.4224059552699189,1.6679737578528542,27229.0,45.7159500941839,24.873919386252698,0.0,7.717559509999069,523.55,0.289354826304671,1327.42,876.4,74.05,3472.32,0.0996047966022986,17966.65,1714.2,0.0029043260246665,0.0,22.5362251302025,163.40162697336598,138.037823418558
BE35,7.11084450881267,4.016195034459124,4.26332135505916,6.89775381845329,4.89275038627864,8.34752537433178,3.2219194333884102,0.0,42.8401646364346,70.1598542402256,2.067157526483125,3.7290936368193504,3.068780345834036,2.25857809279039,4.65253554277428,432.10347312331703,25.758285176266003,29.1426251247776,32.701714888694795,24.732799830154576,9.61734739101286,8.37118607758106,4.01209341739878,3.39932061644307,1.4771893455659897,1.7391301234378969,29349.5,51.895951887929,28.021710748188898,0.0,7.46810516350798,523.59,0.289429265688302,1355.49,927.91,74.08,1776.75,0.0996014308058691,18125.41,1713.91,0.0028576295600173,13.2327358221638,23.2914863035473,163.365399257251,138.05177143327498
DK01,7.431649071140369,5.189497628325653,6.07340062490287,5.5026994491523,4.54884577874551,7.90523286754184,4.848261078679401,0.0,35.0172098909443,66.90790230889411,2.3625403344281244,3.57164030146123,3.060071789579239,3.93833098523119,3.21312160702141,600.0,24.617510745167802,17.9944318024843,9.75109169445913,23.47792004505036,7.711324486113258,7.581141834542645,4.420972594823822,1.9592098963490867,1.4649592512127991,1.5230664351237506,5.891984166018441,72.0275920387699,32.2332018431105,0.0,7.832151277843144,0.3013991706917487,0.3721384282550493,0.2153159715052692,0.116721702400955,0.0297433576214607,2.0545256687311166,0.1051074412739496,0.022219135037642,0.002305329635535,0.0031971852776374,3.56685692593227,0.0,29.367342493136594,168.41080575528702
DK02,7.43164907114037,4.765868684093173,6.07340062490287,5.5026994491523,4.54884577874551,7.905232867541841,4.848261078679401,0.0,35.0172098909443,66.90790230889411,2.368268407174106,3.57164030146123,2.39912182402735,3.9383309852311896,3.21312160702141,600.0,24.617510745167802,17.9944318024843,9.75109169445913,21.01484408150564,8.562533355101381,6.987948532756295,4.249075528249353,2.1112254049067336,1.1908990733915623,1.5837774569761274,4.936382627188833,72.0275920387699,32.2332018431105,0.0,8.61338770743057,0.2891024901810332,0.330708293414238,0.2298661260947463,0.13807322574948,0.0279081089320545,1.7402577315572063,0.1162246363237256,0.0198749226934385,0.0021824182687103,0.0030014549432659,3.56685692593227,0.0,29.367342493136597,168.41080575528702
DK03,7.43164907114037,4.3882952591687285,6.07340062490287,5.5026994491523,4.54884577874551,7.905232867541841,4.848261078679401,0.0,35.0172098909443,66.90790230889411,2.3883227839819146,3.57164030146123,3.049970057629677,3.93833098523119,3.21312160702141,600.0,24.617510745167802,17.9944318024843,9.751091694459127,22.35936922117708,8.146471322959,6.801243970894949,3.307920360125955,2.066730964038679,1.412835796750817,1.7356480005373545,5.222993905215163,72.0275920387699,32.2332018431105,0.0,7.195662667999037,0.2863114440872046,0.3297623437035163,0.2143708315489968,0.1183367721287357,0.0247413417394583,1.9668077986501191,0.1078665339650147,0.0178778295126352,0.0023402477628397,0.0030832024814265,3.56685692593227,0.0,29.367342493136597,168.41080575528702
DK04,7.43164907114037,4.236769088808714,6.07340062490287,5.5026994491523,4.54884577874551,7.905232867541841,4.848261078679401,0.0,35.0172098909443,66.90790230889411,1.926003631705916,3.57164030146123,2.8230238657153164,3.93833098523119,3.21312160702141,599.9999999999999,24.617510745167802,17.9944318024843,9.75109169445913,22.192563046969887,7.641381622230642,7.259825176826623,3.304047805217296,1.7651921915788007,1.437938511435345,1.632611206309656,6.129291362185475,72.0275920387699,32.2332018431105,0.0,7.04962492395892,0.3130467222489763,0.3102666359735425,0.244106169565341,0.1229937161970572,0.025554160474547,2.036184214265872,0.1138402345735575,0.0214464461280177,0.0024434091148677,0.0030949737105332,3.56685692593227,0.0,29.367342493136597,168.41080575528702
DK05,7.43164907114037,3.9399377184829554,6.07340062490287,5.5026994491523,4.54884577874551,7.90523286754184,4.848261078679401,0.0,35.0172098909443,66.90790230889411,1.900318418090437,3.5716403014612306,2.541918016912748,3.93833098523119,3.21312160702141,600.0,24.617510745167802,17.9944318024843,9.75109169445913,23.02700344412522,9.6871091774452,6.981628170528421,3.958942885729359,1.7707507661493949,1.445181778210348,1.4209510695565544,5.110916244338249,72.0275920387699,32.23320184311049,0.0,8.281267196094763,0.2623800541425462,0.3473262211724265,0.2389479693380647,0.1140049938852347,0.0269243688423545,2.0637922316904307,0.1059437379144648,0.017277185571693,0.0023109169505532,0.0031107741273661,3.56685692593227,0.0,29.367342493136597,168.41080575528702
SE11,5.12754758891342,3.766050401926149,5.5985754556141805,3.7054772153090494,4.239155068695339,7.568978009424701,6.1441486372071905,0.0,33.9435829716097,60.5951510202556,2.179529828150708,2.38325814538691,2.160103706361603,1.87384035237266,2.69038394012698,590.1048233143979,22.948548621015597,17.6146534175057,29.206074998244798,17.961634881098547,8.398195281445982,6.001563713148183,3.541192085538461,1.9767920376071744,1.1411557233194722,1.5751926418000484,9489.9,5.25775304805139,11.6055035287362,0.0,8.96248491213192,429.44,0.276072079699964,1543.3,981.99,20.52,1539.5,0.0933565252411872,15253.62,1523.8,0.0032869594964481,0.282954184179535,0.363080842792733,162.51329130654196,585.5897629038401
SE12,5.776248994397229,3.7197610668584895,5.9119954184205294,4.4674304218654,4.15727405164693,6.948065854897149,6.0643378916084405,0.0,34.2594863605105,60.6058736557086,2.2143443076539286,2.6962337909245297,2.6524295476796045,1.92541370579782,3.11411321784006,589.113497278875,22.997085823501,17.3232427411198,29.018188901276904,21.46309635860013,9.077053772492508,6.862157265570738,3.912948185692681,1.6017800675275795,1.3362177867329927,1.6523867106548902,16109.6,8.994810536171341,19.5866746674024,0.0,8.476808362834259,429.42,0.276118832142356,1958.48,973.88,20.51,2995.5,0.0931012611432465,15235.15,1522.18,0.0029332799023578,0.292663424069457,0.383674822824499,161.95385490637798,584.293923960911
SE21,5.48635442573135,3.5770552929689434,4.39623891656186,4.01376530830924,4.15270148076472,5.21567980268206,6.2195637240821,0.0,35.659233720424496,57.3325061203,2.0012796731807785,2.71335428250915,2.533776059307332,1.47353424790178,3.04816918299974,590.875344455349,23.9033359428775,17.5848361696108,29.2676653321191,21.849108860227545,8.928334254273516,6.243203763554948,3.398300415073438,1.6134379424043197,1.1645106021996523,1.4245868102585024,20531.6,10.284596465458401,22.609868448906102,0.0,8.602277635944079,429.42,0.27609910228364,2275.04,949.82,20.51,2791.18,0.0930633334901576,15234.79,1522.18,0.0033205423462429,0.280565119642613,0.381736421923589,162.079804094998,585.664411268963
SE22,7.04763004561993,3.6116545926868446,6.362938118324441,4.93169715853261,4.15113331438808,6.71715010158777,6.160401326514481,0.0,37.5480896254567,60.7199634113436,2.1375445873059027,3.0049403128949,2.2123604619499075,1.57790622785255,3.4390297926060898,590.238359720559,23.4857655204099,17.508078637612,29.182775912800302,20.83008087057074,7.135046685886998,6.095151552363354,3.1826554777411777,1.9861542312557767,1.3206581384821787,1.4683330931992988,24900.1,12.6456745327254,27.4844654596397,0.0,8.707535057546869,429.42,0.276069027035777,2500.35,974.5,20.52,2590.61,0.0930787499118655,15235.06,1522.19,0.0025503752252127,0.294039841867774,0.37976290067849,162.098561966052,585.9498858832048
SE23,6.092596991864539,4.029124351430275,5.4175134863345304,4.619360209499351,3.7392406415639297,7.50259358100055,6.21623185822789,0.0,34.2017156867671,60.0231768207427,1.7699875488465115,2.9835335947613597,2.60589237266681,1.66617158456681,3.0682336022656,590.855644024035,23.6138305811604,17.654748696341603,29.289811404317604,18.09908362180205,7.868084709995676,5.440751446561024,3.139543879099888,1.581774950358586,1.2504616493189695,1.550437014705853,20906.1,10.5330300970748,23.028630910867598,0.0,8.69265938400465,429.41,0.276126909421108,2363.62,969.36,20.51,2580.22,0.0930840971188132,15234.94,1522.18,0.0033883490455272,0.293219280654338,0.37195038356797,162.318729144165,585.670447511206
SE31,4.2803685226532995,4.277927153303121,5.45693388663336,3.43365372759385,4.184495098704461,7.448301066529111,6.170302814155549,0.0,28.5713860826114,57.22254655171544,2.119128268353027,1.9152949950482199,2.4435682701404424,1.5795380695384198,2.3987940891145705,590.351094851934,23.508172848547,17.5347633415921,29.2021501563536,19.22901424296033,7.833912619385734,5.166081937644809,3.5292072221223125,1.9681457138222929,1.2578044055547035,1.3642893810426937,13492.4,7.34990538686676,16.0555869993587,0.0,8.40812170718732,429.41,0.276125858548324,1811.3,958.46,20.5,1854.91,0.0930926813737023,15231.84,1522.19,0.0034407923100442,0.29641112638934297,0.378311179240136,162.138911914782,585.421796816193
SE32,3.70658002462958,4.197888018393834,6.59796060213176,2.68959272484405,4.14663046813608,7.899047915508993,6.16880939111103,0.0,22.8514208354244,51.56504915855815,2.207630298307089,2.8404505929660497,2.687487343062489,1.4468948515493614,3.0360498093475496,590.3315489843,23.5340712901194,17.5221975478515,29.196138832028197,18.17295976967088,7.847261473838154,5.900378946524512,3.201778106533436,1.8351267009761507,1.0725368472414123,1.504387127993361,12168.9,39.82650890626165,13.7209449335401,0.0,8.42440018383954,429.43,0.276068732590393,1632.28,952.77,20.5,2574.46,0.0931462832272145,15230.37,1522.21,0.0030593234206192,0.278525712129649,0.37964175190889193,162.10568431883402,0.0
SE33,5.92048999507752,3.793356517797355,3.444647245880127,2.4436309675204,4.249561617995351,6.580131454948693,6.173477936766161,0.0,18.055145981880198,62.092631248844896,1.927182363612376,2.78472751191148,2.27853996950156,1.468226547343357,2.9672636486473696,590.386203416875,23.5236790067796,17.5408387820739,29.2074477423607,19.893156737949813,7.388788078937736,6.692848193732067,3.120322938967012,1.559327548964782,1.2735944520780282,1.4789787337356688,13461.6,6.83648582203739,15.2786089378395,0.0,8.380168926892091,429.45,0.276126987352049,1798.68,953.26,20.52,2449.54,0.0931119932311311,15226.15,1522.17,0.0026033980491524,0.277933775594031,0.378165559345014,162.144039337797,584.761232247821
FI19,4.07971229169602,3.90821073463122,3.4458909800125697,4.05777193048503,3.43510453369343,7.6366397692329695,8.137335593976111,0.0,32.5009561843712,37.0587375330689,1.0,1.40134037035139,2.821396101889179,0.432456461320455,3.43339910705987,424.448387968434,19.8503771838414,9.41694847129067,6.072244285110081,18.67316574942921,9.116355851907954,5.467959848202377,3.4995541472763607,1.8116030409223605,1.078258564140974,1.6001379700499585,17199.9,42.31717334616053,21.2280086888715,0.0,8.424141323270801,424.85,0.280090849614831,2132.95,985.47,19.66,2431.62,0.0916147254661913,14011.4,1842.64,0.0030902937528159,4.43379018679226,0.00322238609202505,28.1684556550712,994.451204601995
FI1B,3.96024933892544,4.046918311575674,3.9643344544769703,3.9918919002177597,3.42952701313422,6.789645890028503,8.12802227327246,0.0,25.666790367487,38.176813992054,1.8498948041910908,1.6101477769569301,2.843209244441306,0.325385666526026,3.29273482087058,424.347263736173,19.8815866550429,9.409132647615381,6.06072996331561,17.905518531976348,8.51314211408636,6.671455644990523,3.925872281704904,2.005633586540401,1.1826421688776774,1.4028297864914383,5.206885624401235,45.45645894287237,22.842296692449604,0.0,7.607826520949048,0.2704403434340797,0.3602498490874947,0.2373722397621621,0.1175948600028925,0.0233020488884911,1.7999360989539792,0.0901030714212559,0.0203909288005141,0.0020047795060699,0.0029748507023676,4.41469064748871,0.0031400922405946,28.1627014648503,994.3711891531132
FI1C,3.96024933892544,4.375652807767416,3.9643344544769703,3.9918919002177593,3.42952701313422,7.182778872323546,8.12802227327246,0.0,25.666790367487,38.176813992054,2.121233037457149,1.6101477769569301,2.163705748729197,0.325385666526026,3.29273482087058,424.347263736173,19.8815866550429,9.409132647615381,6.06072996331561,18.748341039175703,7.910770722937365,6.3703284976360175,3.89058935691008,1.885628427666896,1.291119310752392,1.3529970583331798,5.566111741536708,37.30863020341732,22.842296692449604,0.0,6.555542238980987,0.2227488977558482,0.3320980064097715,0.2080449678667423,0.1068005713864977,0.025758408379119,1.939852022700008,0.1033561536649039,0.0161397680454662,0.0020341202407639,0.0032823105336133,4.41469064748871,0.0031400922405946,28.1627014648503,994.3711891531129
FI1D,3.586231381545298,3.8316796372310495,2.967118826665385,3.601142873918687,3.4353248665223712,8.004545795385523,8.121789488914473,0.0,21.521584403161995,35.85228018741923,1.8271006768751068,1.440033103369079,2.6939156456609386,0.24350970447064185,1.6523918841369578,424.26275290108504,19.909421827546655,9.402570759876376,6.052216107942828,22.268175636119445,8.458167634130058,5.714229848378467,3.5292113389474973,1.891519301635036,1.301828777992353,1.3110662444417438,4.28377826299287,35.37343236603868,26.11719239502288,0.0,6.414757121261912,0.2433364853424703,0.3143957874907357,0.1941999376027141,0.1349997585670464,0.0257435944569078,1.7398091864463925,0.0951968547289578,0.0169966664269315,0.0022125986189867,0.0030675135374116,4.445949877602921,0.047841616766568125,28.157882892434912,994.3994209844967
FI20,4.45902109439165,4.717715607900453,4.441782313312911,4.27147623214354,3.3320893928155,6.719527000803803,8.03053083417365,0.0,31.1506909507711,35.1884482559609,2.1563763392666697,1.8860323063218103,2.3384878248421064,0.19193969012300802,1.87967610262255,423.26825448282705,20.2236800061645,9.32523411108589,5.94075541227096,20.06262541442465,8.510892132720821,5.504942846032305,3.7507851982296936,1.9161669726667896,1.1159780545377038,1.525186945968079,25958.6,36.99427176366926,27.2675355238749,0.0,7.98386884341965,424.69,0.279935708740534,2547.94,984.11,19.65,91.63,0.0916285479271981,14586.98,1824.54,0.0028629048275948,4.38358242834388,0.047516369462000496,28.1042153098171,0.0
AT11,4.550800642489761,4.01568592565732,3.70857304253218,4.94813026376429,3.54226860479843,9.08777902925075,3.43685851261328,0.0,34.212152825554,69.3954936095324,2.6467239796101594,2.79801964726905,2.58673863378902,0.763329305955506,1.9722290556850801,304.94856971285606,39.2909977793717,48.4617017172802,33.1567967907368,19.24454427955241,8.207323391121198,4.986330099606901,3.318338570015303,3.60546211605813,1.335886509267596,1.62284792779562,13653.0,41.942529384190294,11.4171956189551,0.0,6.883845028707911,501.82,0.271166855510704,1986.63,991.81,60.46,2451.2,0.105215924669088,18910.63,2133.5,0.0028235642328174,5.515390932131361,58.4554310098966,32.5040463882969,535.256273301875
AT12,5.08148513125396,4.56686636561054,4.39074257562125,5.13213157734106,3.58584801863742,10.0878125864709,3.44246828949719,0.0,30.933046061977798,71.6269613588242,2.7961748412602603,3.00223029554501,2.86532696280218,0.7653580261935752,2.2542897116703897,304.851771103299,39.3165041392229,48.2962508902533,33.122877722446695,20.03393533784129,8.582879802357219,4.98438194383069,3.2340159503032453,4.10680127111144,1.2064770381194745,1.3914757131833029,18573.0,53.2074259164534,14.4812094661846,0.0,6.4118828919195305,502.09,0.271154001864773,2035.03,961.05,60.4,2281.76,0.105209584342891,18912.74,2133.5,0.0027567583739515,8.836622125654099,38.468558731348296,32.5125695156164,535.247540244138
AT13,6.392,5.275862068965518,5.545454545454545,6.541666666666667,3.53323255401239,9.5,5.888888888888889,0.0,32.42857142857142,77.3076923076923,3.0,3.333333333333333,3.6,1.0,2.777777777777778,39.19745448983576,18.67372565470443,17.69527692088648,301.0,22.81347490113371,9.10367685799335,6.577324415564965,3.6068468419124593,1.9346392735582,1.0840973862927197,1.4905583057912652,4.635957147487046,35.25,9.120170179212982,0.0,7.229589015895042,0.2315614216089255,0.3385256201791267,0.2156968715802951,0.1309205832032171,0.0287463858263571,1.71850460804453,0.0877154867391243,0.0167438654394916,0.0017560077474084,0.0029046415768501,0.0,0.0,0.0,0.0
AT21,6.06093270836509,4.658410835634211,4.85498340639442,5.87423026639408,3.6392951197632497,12.3728192540174,3.4948648990005298,0.0,23.3178717663303,61.4206770457315,2.16591611623446,2.77544188896343,3.06000466949449,0.7865977858935029,3.57483926063114,303.597375674359,39.5868154563172,44.4910899739981,32.5472171319214,18.46932169088244,7.440732284830815,4.97593522127428,3.262006640051613,3.2451431298840197,1.1740489393763818,1.2806408443553137,15224.9,48.7665585709726,13.236986087093001,0.0,6.17487451217088,501.97,0.271170055878597,1450.24,910.21,60.42,1845.44,0.10520383558263,18905.22,2133.47,0.0028974301802573,10.981563567188699,0.0,32.6332396642988,535.361457107467
AT22,6.425621549208969,4.8524436092581,4.05424742530641,6.10790371802559,3.63676180261247,12.718836712281599,3.49293120468531,0.0,28.246928216179,65.5978996009029,2.67546553624645,3.56184750898592,3.4830296413108397,0.742248137188024,2.68052009618071,303.640496356546,39.5771522046112,44.6125382100866,32.5664998653745,21.72826420218986,7.81814388087977,4.9677956149041105,3.902708106104278,4.14138421185698,1.3258506925071485,1.3897845426040496,18352.7,56.30579196038781,15.394677581028102,0.0,6.41744022641443,501.92,0.2711662818227799,1753.32,922.82,60.43,1999.26,0.105187530359344,18906.03,2133.5,0.0029616044998379,7.4885186089334805,0.0,32.629104106015106,535.271606758454
AT31,6.73340568737822,3.23854574947806,4.661101392448041,6.8364278717917895,3.5900977453761,11.0155003715366,3.3534356185377803,0.0,30.2595212489979,84.2074228084911,2.2404912161535697,3.8559965218830796,3.09247282561443,0.745250409782064,2.5853614569360897,307.308349381374,38.8227164518221,56.71363120738119,34.2996130146003,21.33073844783433,8.136007655731659,5.01972112589999,3.629155850681574,2.5556657737614406,1.0640622487714244,1.4813182547813974,21926.3,55.0462374421247,15.218664426428301,0.0,6.44558121925111,502.27,0.271159200346398,2014.93,922.5,60.46,2349.5,0.105200433232909,18914.19,2133.53,0.0029545114444625,6.07618196140818,43.4492497806555,32.2781870868535,538.240133876923
AT32,5.31096735905259,4.55286824319228,4.0951658951238805,4.7263395731779205,3.60450109150695,10.329428030317,3.48765179088819,0.0,26.6357695974011,64.5343255453239,2.68998553530758,3.1669166746267,2.92400062563152,3.21019200802655,3.3827812267438704,303.65060004885305,39.560168739465595,44.2581740415369,32.5424882221739,21.75506905590057,7.596545935642168,6.177425626134884,3.35522865738982,0.7046303261088329,1.023046146872159,1.3176879135500348,17584.3,44.7010183772038,12.1167527792508,0.0,5.8495682985153,502.11,0.271158704451759,1379.16,923.27,60.51,1847.34,0.105346841617226,18936.18,2133.46,0.0027690197285282,8.982586646848889,0.0,32.6302552264108,533.91055998504
AT33,4.31844833809575,3.9343249617166496,4.278332522832891,4.85185844725216,3.59993169398188,10.243171294125599,3.5149051892235197,0.0,28.1569817766963,65.75547281996108,1.00599516228944,2.2,2.53435766714648,2.09638825002539,0.855116254866806,302.993106107709,39.700487647458104,42.2252355038311,32.2340851883885,19.12947222804917,8.534975844715845,5.0020050397703795,3.378351605851505,0.6693103574731071,1.0419048741705634,1.5699097131518158,13409.8,33.412985606512706,9.25705326559353,0.0,5.90385197815438,501.99,0.27116481333157,1221.11,932.89,60.39,2809.35,0.105390221548243,18915.01,2133.57,0.0026922916100492,6.63888240652003,0.0,32.694705887676996,533.780559745065
AT34,3.26736217076313,3.9943654109280398,2.83600117068772,5.0169877962518505,4.015767601528854,9.791290375794329,3.5076322648401903,0.0,22.9014450174732,58.63857520982988,2.172843756552864,2.701142615821276,2.339344357832948,1.4271385116002795,2.02524028270924,303.188216956671,39.6613602192248,42.8937294456636,32.3306910873383,17.741037544035652,9.125808146237418,5.00570014480091,3.958273460443913,0.682187903498666,1.0320248867028146,1.5334670266941497,14907.5,37.0846767962999,10.271864880793,0.0,6.57278868911065,502.0,0.2711466087864059,1275.86,925.81,60.4,1448.87,0.104660673602962,0.018735328438661,0.0022900279107058,0.0033562150471616,6.250802153796619,0.0,32.67514217668491,533.843834815765
EL30,1.83113089935411,2.0200370768651,2.07577973220708,2.12097239574699,1.5911700408274703,5.5484479041929395,4.91989709823614,6.30358497411287,27.4300996373622,75.75345189882209,2.0648149203539,2.22386964365108,2.403201940091249,1.06193527323842,1.25907735446435,59.3675987735848,31.416885784221197,29.2715613641769,13.087286292199801,25.935183167112,8.57147148063708,4.77629515250779,1.1034043560898101,1.6401514148587701,1.1369123917518844,1.5128024525261856,5146.1,8.90477082071596,5.28278078121753,0.0,6.85166975741235,320.62,0.2148625286217,1439.53,952.77,81.49,7201.69,0.0606533696204294,10229.24,1581.21,0.0026478453357177,27.950716847795103,131.327309467481,11.079484948259399,104.085154356392
EL41,0.355449294770824,1.14698647420877,2.5752102179902296,1.09869050556935,1.68567162707912,0.727302476474182,4.919462287317711,3.3315853738383896,26.2053962338275,40.992437649508695,1.15185530527362,2.18029159931594,2.366333960289161,0.642278889773209,0.263474444838819,59.35398712702869,31.4310507359568,29.263029021208204,13.0773843380761,25.617346988315905,8.55971020267773,4.91910317691315,1.10422717702865,2.0,1.134181090076966,1.489943394468262,15314.1,31.318593782062198,14.2235480565827,0.0,6.35739365487227,333.15,0.214703782066283,2160.89,930.31,81.56,4043.78,0.0605184827175327,10275.84,1581.27,0.0030851118346052,28.377161138695598,2.42542045772449,11.0779362098563,104.10803484884799
EL42,1.50166945161833,0.589644183597659,2.12669201588659,1.45276492241768,1.68327362630277,3.6698274052626294,4.916673554360941,2.75104184096163,27.9087922507316,36.1654128297449,1.56485886260475,2.12245688158364,2.667303315610784,1.5630494264152202,1.04826455398423,59.884513270316305,31.099037661594004,29.677448807606098,13.526013888427,26.0784001815297,8.58627285140316,4.79018437124651,1.1140844879290202,1.826218070614631,1.2347689639369048,1.4471831728430564,9863.2,22.0429029967202,9.26653096359595,0.0,6.75374793724134,344.44,0.215115928161294,1889.1,771.46,81.57,5297.35,0.0604383266389593,10261.16,1581.3,0.003368211663961,28.9077085229822,103.018925172135,11.158292841926201,104.00021257070301
EL43,2.32075780862296,4.539382856180979,2.7397269028062703,0.09955493134841391,1.69047262652586,9.204917639644211,4.91001729825218,4.7670956034122,33.263723769155796,57.79103855087391,1.72668662438062,2.17303128513767,2.396177447381976,1.7638499588525998,0.797530144052787,59.2794834204229,31.5832981481609,29.244579744782598,13.0450144379949,27.481528437512598,8.27977304269295,4.85240128032753,1.10399934577845,3.0,1.2959218492404303,1.4175847886009656,21632.8,43.7253827050681,18.4925226527536,0.0,6.77026955080121,330.55,0.215294139059094,2354.15,991.37,81.53,3130.77,0.0604861927003235,10227.83,1581.28,0.0032178447779888,26.5916723182813,53.5086012458624,11.0764088551229,104.109368198485
EL51,3.8731891336671,3.00554005364939,2.36064361988972,3.3974651884979,1.7061247182054502,8.76148776638735,4.91076716397124,7.96277347750524,51.484686966264896,51.0232190002138,2.63631960475159,2.5273045274907,2.4312935621840603,0.596510718952648,1.01674218936905,59.2890716089159,31.5686812478781,29.248793688489098,13.0506016596756,27.0990506429743,8.205391178175471,4.8546537991967895,1.10910200655098,1.2115531229963101,1.1937733137080029,1.320205112609017,13682.9,24.5322530089121,14.155123933725498,0.0,6.858946930373739,334.0,0.214839966688701,1680.79,752.02,81.56,2942.13,0.0605202883247823,10230.59,1581.27,0.0033839289517605,27.317185861837903,48.8593308436929,11.0770647715595,104.06340332866598
EL52,3.08977041118036,1.81617305769631,1.34811616949681,2.78024337756645,1.66972294297595,8.60045003748942,4.90120306987941,6.01395496115356,35.9091357372361,60.18019048066317,3.12676080001622,2.06060812706289,2.7297873716313403,0.570186964821694,1.1405270998583101,59.233263336886004,31.7090763538388,29.245118659294402,13.034130856466499,26.9779617418491,8.26435191100886,4.8892442359471495,1.1030926570757198,1.88800303786576,1.0422584258512806,1.4445458120835308,10540.8,18.0006901319275,10.305660848127099,0.0,6.85080548921127,333.97,0.214854020348047,1454.12,754.14,81.52,3590.25,0.0605196485379202,10316.95,1581.3,0.0034103000167421,27.3665590164886,73.3440076603821,11.0784289615491,104.085702262535
EL53,3.3824567009832,2.0904191754598402,2.27503336821918,3.52082566009424,1.65767596774711,10.4040663794089,4.90968629433287,7.35361016479167,41.3031427830064,54.26014897974626,2.43881096557108,2.3135081347145703,2.3748285391335,1.19706387755193,0.922373349527069,59.2822516239148,31.5849147682911,29.247980792163002,13.0483093059102,26.915618264836603,8.58562036072723,4.844084197731959,1.2240137617131799,1.46377950014699,1.0424286373021363,1.3967338185195906,8698.6,15.9251742061619,9.088337777621389,0.0,6.772721661968649,334.0,0.214862715464355,1439.5,822.43,81.57,3764.65,0.0605190034439022,10158.44,1581.28,0.0031366695424458,27.987237696867897,24.3629473306825,11.077141218895,104.1255031861
EL54,3.76263202188181,1.90789902241705,1.03315831042427,2.44365965636493,1.6583658570217599,9.040299045575761,4.908638573946989,6.74138943365654,29.8637512667673,66.3226624711395,2.4744144658187603,2.95548625594875,4.51139754487905,1.3337103996475923,0.957328958158176,59.2759298499078,31.600455415439004,29.247413196657998,13.046322620168999,27.473222810855,8.58096831073061,4.445507665152321,1.10309684998558,1.943352927592203,1.0541572243218007,1.6583980242387653,20205.4,5.397941315185729,3.0957749206122798,0.0,6.86248843078744,334.03,0.214863985048989,1439.88,772.3,81.55,3316.36,0.0605199125936284,10283.04,1581.33,0.0026989136727556,27.9835554689477,28.857785161243502,11.077257643135999,104.082348134879
EL61,4.46073044151666,3.19989463824446,1.8793646797333599,3.44179854839924,1.66829114804217,10.486759222624299,4.918749167506711,1.8999782936071599,30.556028117121496,60.62193508838143,2.99612822928691,2.02422819797056,2.56920001085835,5.02988753968362,1.19337896045915,59.315277996708,31.4656544513771,29.236689325123702,13.047656198427202,26.8834221456926,8.43017408973736,4.89301819949485,1.10522327880276,2.42753096163,1.1484579621568705,1.30528223147902,13058.2,22.4429494322597,13.0284845833596,0.0,6.86152141663348,334.02,0.214854026279967,1701.53,798.39,81.57,3031.54,0.0605199250900484,10261.94,1581.26,0.0031732981907681,27.8393291569505,42.1146698996016,11.073009380458199,104.12477759034
EL62,3.4966797970628294,2.32706862927527,1.37225050377243,2.21431209311819,1.64099345743346,2.15756670969966,4.90809567530904,0.0,18.675206526221398,54.12571719525003,2.0740159549780413,3.012835556715258,2.715306117195725,1.5714342107004016,0.686775464087445,59.2752165877919,31.6067076632306,29.2490482224073,13.0474139602664,26.5687710815186,8.82031515355965,4.83367631713023,1.1036836357344701,1.8128423830879408,1.068825472091698,1.5716786376387075,4.407617388423154,81.9893337026332,46.553166610634996,0.0,6.8702897353349,334.0,0.214858908604639,2347.09,920.36,81.56,2782.13,0.0605352962195428,9872.3,1581.32,0.003311845811628,27.9123450926717,430.955285814945,11.0776927558365,104.08609017129301
EL63,3.51833143603207,0.978958978988018,2.40159627723373,1.1616201103998902,1.6574782747438301,8.57494520281748,4.93889850918341,5.61805616785471,33.3394075672389,65.16160569881227,2.9491853140960997,3.031330168027051,4.13030042169975,2.75802551496655,1.77748277231129,59.383447471184,31.2037101887545,29.208225841056702,13.0425158242876,27.2975909537652,8.299523707401269,4.8465279550691,1.10455399481516,1.8252094742475449,1.0280659674656212,1.5280933281152105,4.331883574889639,42.788992240293005,23.9424928264697,0.0,6.85550814203546,334.02,0.21483745242876,2345.56,707.94,81.55,4315.81,0.0605134473182434,10223.98,1581.33,0.0032157974654409,27.708284053706,37.4527216829241,11.063330387370799,104.157067323862
EL64,3.91357839004153,3.0189937870978603,1.7800046685471498,3.1951425255272,1.66591781932088,10.1405756406383,4.90957924822752,7.4903541389868895,34.404025475722406,61.33688645855255,1.96242169507223,2.3869974322421297,3.91972779104072,0.570368199734883,1.30045307975973,59.2987767867256,31.5744906416868,29.2608479977491,13.0622905540797,26.6728235057561,9.52204407582385,4.84084988585213,1.10495889598589,2.004683938455224,1.1917658020494897,1.5140946672655031,4.92867109882693,14.6032118704718,8.362464075398309,0.0,6.8534892904193,334.1,0.214856022742,2343.34,928.7,81.54,3035.79,0.0605184936915457,10321.3,1581.26,0.0028443177411101,24.8247695152439,39.1109973670639,11.0796592221514,104.08241776707501
EL65,2.9746215014703696,2.4784399723024197,2.2632587835280202,2.2426855774843797,1.68430687986007,8.323050229376,4.91119050759554,4.86228670500297,30.7676025376436,55.982269391543625,0.9319045355655582,2.17282454153172,2.789229077650597,0.87872915515713,1.35541973615187,59.2917597378024,31.5623197291232,29.2491255939187,13.0515089576464,27.393468683282602,8.31908868618348,4.86953613655415,1.10277360627668,2.00408052158102,1.0395985538619867,1.4163346127983072,11418.8,3.10646617639206,1.7152933208264602,0.0,6.85023444438227,334.08,0.214843421797733,1439.23,919.49,81.55,2814.03,0.0605194758922529,10243.47,1581.3,0.0031403119076973,26.6455373446961,53.3523380470122,11.077036973369001,104.141408999342
PT11,1.25907083870062,1.82201373682585,1.2092721960728399,0.8072913693265201,1.56114446701099,3.6518661359920803,1.9857535996306,0.0,15.922384420030799,67.44895961086878,1.39820299763742,2.0,2.755256033510168,12.1847042102059,0.6927523290430251,77.5557994106062,25.1439610518628,18.3702299062466,2.4524824891764103,18.0860405002591,10.1463009084377,3.6850875212037097,1.9549491320725498,3.44392496328432,1.0425736514651431,1.3285775793220345,17807.7,28.0947558630033,18.3363857201465,0.0,8.020727343585719,339.97,0.220180688438422,3756.92,775.27,33.83,5288.27,0.0616859827580895,13780.32,1575.85,0.0032424064058294,58.1416123875544,3.91789553506921,49.937120694710295,179.316309347501
PT15,1.5343441513639102,1.77303177808856,1.07943083696896,1.11916321586612,1.5023697916148502,10.2793492137535,1.97975381878995,4.98322275493425,20.389794769516,47.0764253879142,1.37483499934738,3.238488460921123,2.677948390068882,7.348399027540501,0.638130992269002,78.0354009180605,24.8429355244025,18.434532602152203,2.46446080357251,18.6563740541505,8.577471987900521,3.63266860316996,1.95259399816151,1.6826853812320666,1.1987060896055275,1.611938038985052,14277.4,20.8782724597028,14.7052482223897,0.0,7.83876386608747,338.71,0.220311657525148,2984.66,921.16,33.86,6224.56,0.061711587666747,0.0172318638343292,1593.3,0.0033747120501426,57.909944511579404,0.0,49.9036847721248,179.186384307837
PT16,1.80742236347304,3.1873249222215003,0.710325088126369,2.8452593293690303,1.55612704441585,8.67105235519184,1.9800154839055497,5.03975654736799,17.0505759716274,52.812510388959005,1.75592045084022,2.765935319471856,2.360624958930689,9.50866393344962,0.69928862981172,77.97995972489299,24.8635084557509,18.4330190993831,2.46399645683077,18.152289573197997,8.34736989998658,3.7119560490826897,1.91932728192732,2.67661867133065,1.3462376651570584,1.7037528673089524,14424.7,21.9097384491685,16.4019646911903,0.0,7.43140627371217,341.38,0.219785525297573,2984.3,769.0,33.85,4033.64,0.0616909476801216,13781.61,1576.36,0.0033675034348688,57.47808774080681,3.8664183591618904,49.9065165007015,178.628070180548
PT17,2.99671813281692,2.84111784984763,1.02381158347271,3.19223617712833,1.2692950907126799,13.1889530030418,1.98217049261598,5.64722284306285,36.6853578380065,44.7269223453125,2.85945669784808,3.4023563777022856,2.8749827653132702,3.4147131144709,0.6338985794746909,77.4533408282055,25.0498093202959,18.4231348896155,2.4602407076576602,17.898647316045,9.39324604747822,3.69513831875207,1.9472347745948098,1.6316417008240196,1.1797646064525598,1.51463855813322,33773.7,49.28633441800321,34.676651751244705,0.0,8.13906814176028,339.98,0.219608372744726,4304.65,628.87,34.0,3463.02,0.0616887969688322,0.018931158734886,0.0019175987947142,0.0025677249182387,57.97094664566439,3.90445527589213,49.933016246838704,179.25511575737602
PT18,2.5658976561531297,3.1030131092709197,0.92389301595604,2.65430265141309,1.57775711770559,13.835953548736699,1.97974790499225,6.120232336582769,24.959853011388898,55.2879098168219,1.47449180904865,2.6498175465571223,2.19034698403538,4.1739314436931,0.68759042645476,78.0631252638244,24.8366031242346,18.4336199037336,2.4644204138756,18.4344409808509,9.421146504623978,3.68357549741616,1.96018917203255,2.6567877945454303,1.371405640498532,1.522854490348831,15927.8,25.0274896435044,17.5682053007629,0.0,7.88377808669951,340.67,0.219572482041212,2786.66,762.89,33.92,4027.08,0.0616932897370032,13813.44,1592.98,0.0033540382342953,58.0889553570239,4.3851036056826596,49.9025416332885,179.344998837735
PT20,5.27101496917164,2.1900526861816103,3.5443750811156187,2.58400248351,3.3794260543524755,2.08488630188591,1.98146632582813,0.0,21.706706525232,46.2844431082379,2.286002220083639,3.135117539368239,2.8374422177667844,12.356173016627599,0.6640966738257029,76.7379379990108,25.1882237560824,18.4594361877373,2.4628974481117796,18.3937686784383,10.171802433147201,3.55434669196476,3.864278891104627,2.62867915628396,1.3046338065723084,1.5245068649957985,48434.5,72.3359691670046,48.4221576474876,0.0,6.956690554762861,341.69,0.2203037235781449,4301.59,467.84,34.08,8271.48,0.06168234162947,13769.18,1570.86,0.0030899989277037,56.3932449473893,3.91851924101186,49.9614458827779,179.16943907444
PT30,1.79568750813618,1.89645018675401,4.015142819760937,1.0868075704103901,4.029107510668285,3.73542724213136,1.9840991223769697,0.0,33.003571222703,56.80751521818955,2.2379374039521847,3.2415172552654328,2.6816748032683204,12.023009746228299,0.674393718819466,77.328242446541,25.1409810029634,18.402275105445998,2.45616315238534,18.2772084762855,10.1494746918493,3.72199905895989,3.753983730180112,1.587504544692491,1.0697022224226858,1.4628012180780303,82775.9,123.620556220958,82.3028801413474,0.0,7.442557571896,340.79,0.22007586987189,4300.93,728.53,33.81,14053.51,0.0616836118661848,13769.32,1570.86,0.0028856452242794,57.3835482649122,0.0,49.942645736332004,178.983285469379
IE04,9.932631517707959,4.722874065770532,4.231660178946321,7.770576707325141,8.25743611854013,6.9462371130796825,5.59618522584544,0.0,39.474703575538,56.70835824906959,2.1201538393233954,3.7586930714508404,2.291834063043756,0.952812249587504,1.6840785774732796,362.922034025303,40.8253782137269,32.645480776046504,106.615770800997,17.85432754992962,8.1224833459242,5.860875145998088,4.0160606116348445,1.8831977292915008,1.3566727529024625,1.3404076372537967,4.926309909650343,69.74833180159989,43.156122863187704,0.0,7.225276692327107,0.2868947056913494,0.2886917638462871,0.2487330138917884,0.1164565543369186,0.0247599472478297,1.8154450171925889,0.088312946658857,0.0205037501900982,0.0022468923231408,0.0034256145901902,41.4610042573898,11.4817557739265,32.8401911577248,18.3162423289213
IE05,9.750168627928401,4.413948119928025,4.23152810861438,7.97878972729589,8.15840252735417,8.252409100605382,5.5984787225811194,0.0,38.992593056653,57.732829104165134,1.9211738923200887,3.87451426398791,2.44284207282176,0.938067929583364,1.6742965068379698,362.87346365548797,40.8064412955446,32.6298693860068,106.571356324246,17.668310641142398,8.186347871780104,5.388080508850384,3.5296526582666914,1.828374778953172,1.2512271671492623,1.467341226272802,5.0142120276938815,85.5786283338718,55.578086457684414,0.0,7.558843186053524,0.2451116292622364,0.3468167984941011,0.2151154785058636,0.1104877622270625,0.0233026653921893,1.5544540215494838,0.0961376861021259,0.0197867567730617,0.0021614670240905,0.0029440105197046,41.397346732341596,11.687292283516301,32.8268459159306,18.480337375266
IE06,9.829823526249388,4.657990398554791,4.231649608054864,7.872764670775149,8.210637625323052,7.2596475466594415,5.596368466269708,0.0,39.293413257496,61.800529951373065,1.7912215446167423,3.8290835683112925,2.453621448399434,0.9449473819944777,1.6784376413037283,362.9181483630861,40.82386278862363,32.64423089669308,106.61221421522455,17.551203121320675,7.857214340401424,6.013838003524375,3.4557343031680454,1.970770524344067,1.3479064856554903,1.6290504038449654,5.124172853316439,80.13550365642952,49.070731640916804,0.0,7.873589187681159,0.2767636133202745,0.2976528476654557,0.2465860017372451,0.1325543780637,0.0244336507561188,2.020860109130082,0.0841825113236279,0.015451127419728,0.0019087200953564,0.0030588921289446,41.42806843669736,11.625068240398196,32.83912387800116,18.38698723736268
CZ01,6.44215404519365,4.757005344425913,5.1259901730602,5.81855930010189,3.4673638668868794,8.21102270859026,4.70696575346272,0.0,32.941953383348896,64.04985044214419,1.9500590083409801,3.31055152988195,2.67072808990989,0.614121283438849,2.2569224361040403,29.009866975097697,20.9415757111145,13.9756719633586,3.2298753734455397,18.20933556602804,8.496030119541961,3.50470362393653,3.284388893298179,1.8026539580721463,1.1002761416346218,1.445518345854974,25997.7,46.6641957156183,22.757933325868798,0.0,8.242366789017089,387.15,0.2294449900027819,2983.8,995.84,12.59,6064.71,0.0899783759770763,22371.56,1835.12,0.0027940230461034,2.67535199524052,0.0,5.70635783796936,123.107525214502
CZ02,6.0804241730434,4.583255881347746,4.8042130969556105,5.490309919770439,3.5375664755123992,8.052289795996831,4.69804146648446,0.0,33.467332444659796,62.896653695939,2.4841839925839198,3.2699535865773495,2.68612411628445,0.49840569479316504,2.20194490127905,29.2076818315335,20.8436049484695,14.0170334005064,3.2595656142016707,22.83684832141434,7.893672464050841,3.4307988006343098,3.581941210315928,1.7014796426992893,1.1111030874111794,1.7195418247851255,18359.8,34.9530683764878,16.819401188445802,0.0,8.45714094586782,389.03,0.228900779358102,2896.4,996.83,12.73,2876.49,0.0900339867816417,22433.39,1838.79,0.0028444852640572,2.86689564119905,3.19930278889798,5.72372872626115,122.63203551831398
CZ03,5.78205717488557,3.908722295799498,4.918154032096131,5.30155797701066,3.5290665922078,7.36656633414912,4.69642566454211,0.0,33.282418547373304,73.4818889816375,2.4515559951309003,3.2012085969899697,2.8077652039684597,0.501675263663077,2.20908753503537,29.4026331476581,20.8943746771642,14.0682452462238,3.25166951138654,22.049531580518416,8.578862061750106,6.2031722801631375,3.015866557325902,1.5987191138737524,1.1999846856675394,1.6108525155673008,17496.7,32.806796367453096,16.050440404255898,0.0,7.549926230307991,388.96,0.228964399867802,2041.08,992.07,12.85,2737.67,0.0900317471887171,22363.67,1834.73,0.0034035662654739,2.87638226854469,3.0828418179278203,5.66647323882811,122.45639505501802
CZ04,6.07355436678589,3.607056099305198,5.05112720574143,5.51585619195403,3.4449932048644296,8.50378464734248,4.7012056477415,0.0,31.2269218319151,61.8205314700518,2.47171533061241,3.25677189807596,2.5998340984985897,0.5065421041785589,2.19974231687535,29.202539085494998,20.9057996253306,14.019803595721,3.2437256540336996,22.750548822478805,7.5321555595073395,3.4652339303353705,3.629811288995594,2.0403893794282566,1.2585677660771777,1.7046479982964668,15701.3,31.867436151369102,15.144626063465001,0.0,8.03702155226441,388.87,0.228816815441268,1792.93,995.55,12.96,1979.59,0.0900353099517735,22372.08,1835.0,0.0029353504722661,2.92517051177007,3.1323622570200502,5.693214598320601,122.88614340311501
CZ05,6.00313489783529,4.066787595150569,4.97849744675539,5.4545558922537305,3.53578525884258,7.85333757741488,4.71364350638822,0.0,33.0167060511182,63.2880231116176,2.56175849341476,3.2528630055807097,2.6418548527355,0.503220048218581,2.20243375137333,28.8375793294488,21.0037269417376,13.9377729730567,3.20967786329495,18.28891618835297,8.294842278633315,5.401844186045023,3.355841677138885,1.901458907420464,1.204921580645154,1.5437763918489678,18334.4,34.9489967765032,16.7192603854342,0.0,7.98249679128757,388.84,0.228978445382812,2253.89,993.09,12.83,2324.6,0.0900328422495298,22418.69,1834.85,0.003396966753222,2.77563898968911,3.10884554719493,5.7030809750654,122.896540389292
CZ06,5.6370605346349905,3.896892555020914,4.75962789699463,5.13738007276568,3.5332368974865798,6.99947402637297,4.6940834349145595,0.0,33.380986120893,57.0378047425607,2.51954736445558,3.1957550191337,2.89871053989973,0.49840102603489606,2.20171710917651,29.440952025480097,20.8627539846574,14.075224847685202,3.26065373291628,22.41857452795273,7.865643243896876,3.5149805116299597,3.91599285137012,2.0305469494929023,1.3702209413944932,1.620742755679252,18154.6,33.686307261319,16.5230743469694,0.0,8.280503100310419,389.0,0.228917889431204,2888.05,995.4,12.75,2032.21,0.0900331359527017,22371.44,1834.74,0.0034068651414005,2.6464732356675897,2.87738526304601,5.67615133853816,122.37465649458899
CZ07,6.15680374188166,4.701140727742693,4.94405927544108,5.524808803671109,3.43883166570902,7.986670582013461,4.6987308926986895,0.0,32.975516543207,63.1925200997044,2.50810175143245,3.2935714991407306,2.91262166549462,0.514465009463932,2.1857590844946397,29.2675508928525,20.8830599864321,14.0340667751602,3.25112088233777,18.986132868980565,8.301399138892252,3.73432435583885,3.251809105232496,2.041600370707348,1.168745006256814,1.3852444174344845,18093.9,34.871199822016095,16.662741474451,0.0,8.2926438786095,389.06,0.229044354908262,2094.35,993.95,12.85,2747.23,0.0900342589390123,22226.7,1833.22,0.0033033994620648,2.87343379648184,2.97402219368924,5.694115106657909,123.333441934862
CZ08,5.8393946641066306,4.087382660068238,4.512970408318931,5.253963284430159,3.45000942178774,7.918516864206881,4.7020640536628795,0.0,31.190204698458402,63.796708303957,2.41899805625125,3.20831926916122,2.8473356632611297,0.48941015810420496,2.35950272681655,29.1050208672518,20.882543467839202,13.9950419700381,3.24724292677844,21.257764946982714,8.916686052214772,6.263369207032076,3.219691181628512,1.8238189219497107,1.2921374701025097,1.6977134916927386,18048.6,34.219782214607406,16.393237376826402,0.0,8.51714240721657,389.01,0.22904262112807,1837.42,993.76,12.89,2422.28,0.0900305135355803,21651.54,1794.74,0.0034401607620696,2.85577642290717,2.54838171364662,5.720633336017381,122.395244065309
HU11,4.8453456696609605,5.04281880768951,3.15524358399072,4.68110431460598,2.7643471831643103,7.384828032858219,3.65259653267544,3.6691680819323196,24.9619167030745,70.0551847694687,2.89203069547172,3.1460416940465503,2.1392740838091,0.89523948607492,1.9455026910843,82.305655573498,15.397595970436301,16.3856482294175,4.902950272066261,19.712718754564072,3.31368911666658,5.18886319611536,3.163666116148617,1.9455038384868102,1.2812590103161272,1.5896317967217597,4.289190674258571,41.0265880904391,17.4317898448739,0.0,7.420741028781512,0.2346937454053608,0.296976616501467,0.2494726226092047,0.1281991900387156,0.0222014958835137,2.0363617487576327,0.0973475493268145,0.0171001567815682,0.0019382836678397,0.0032028640593173,0.526752553107375,1.2759400128062601,3.9865592260437097,50.784201221660005
HU12,4.8453456696609605,5.04281880768951,3.15524358399072,4.68110431460598,2.7643471831643103,7.38482803285822,3.6525965326754397,3.66916808193232,24.9619167030745,70.0551847694687,2.89203069547172,3.1460416940465503,2.1392740838091,0.89523948607492,1.9455026910843,82.305655573498,15.3975959704363,16.3856482294175,4.902950272066261,21.618753082263943,3.31368911666658,5.18886319611536,3.2472566098239537,1.9455038384868104,1.1416853395768194,1.5471710511342716,5.125347982850094,41.0265880904391,17.4317898448739,0.0,6.320282409380952,0.2509617130900695,0.3219738439221705,0.224893029249567,0.1338834041726568,0.0259293545507107,2.0557622337739323,0.1055835628754387,0.0164595974012309,0.0018447099861351,0.0028602967223236,0.526752553107375,1.2759400128062601,3.9865592260437106,50.78420122166
HU21,5.46632340081001,4.86093604674872,4.2701294358325805,5.1778737559187205,2.72797243772802,8.10437606577319,3.63208502913869,0.0,29.980845968993798,67.0621878238539,2.90854245793007,3.32941880223079,2.11105856824729,0.9509454194211341,2.67745544982716,82.1644369194667,15.3206681363357,16.7458511679515,4.8804442344691195,20.23700205993105,3.26248479543464,5.180456158255169,3.768088084601208,1.78070312059151,1.0322182316241193,1.4545925248974734,22237.6,44.2668290621056,18.4430427301093,0.0,8.88776153124491,295.04,0.245687661638901,1438.83,988.37,12.26,1953.93,0.105807007282651,15924.92,2820.68,0.0027324330248278,0.526445770152538,0.8614501486367689,3.97900827084079,51.003978522072295
HU22,5.3125165226975195,4.35155024642443,4.08261297037037,4.88899469320731,2.76766768112604,7.79124632830901,3.6376051372101608,0.0,25.7156865829311,58.440097191364195,2.85935459111872,3.1842499867606398,2.42903945537866,0.956069218512561,2.0546088473190998,82.1625700494147,15.316285481718698,16.771502018110603,4.8834335161885,19.48648317454929,3.3361830854094197,5.1641762222024,3.797798118762712,1.7071004711191302,1.351517227105499,1.3955850935055611,22760.6,42.0605726823157,18.051657825665398,0.0,8.19225540173929,296.29,0.246414666653331,1602.59,989.29,12.17,1916.77,0.105919750131486,15898.31,2817.32,0.0028855879243871,0.528523606333281,0.765297008985368,3.97951212956661,50.8557039117732
HU23,6.14161552722109,5.08622175635441,4.1246506222456905,5.98335638817377,2.78839042890675,8.93881078586607,3.62526127790266,0.0,20.2304789691197,62.9331535955504,3.0793122982531,3.4316774730788704,3.13867572023628,0.966084288206189,2.33285780052547,82.09192357925009,15.277938901703399,16.949937582826003,4.870997144883521,21.556931581811163,3.4305543051338,5.17672075517122,3.0626669969168603,1.6307470943914597,1.358275051487361,1.5746630010002869,25631.5,48.3704821752266,21.360934168933102,0.0,8.56501073099365,294.76,0.246071588598339,1599.27,992.53,12.29,1948.68,0.106032491363592,15906.4,2817.34,0.0028392961196861,0.526383986392028,0.958738688707876,3.97549737192018,50.7618000001969
HU31,5.148704714029099,3.95706556019445,3.09951554471725,4.96354705737902,2.74518675587215,7.373869101715149,3.63396090182135,0.0,19.2343137756413,59.5815166302043,2.9188329524769503,3.06813195560814,2.38866009651062,0.9493679509596321,2.40334532089914,82.1894034863966,15.3355003268739,16.6747081126946,4.883423984052389,17.014448862901773,3.62660938476618,5.18103340284715,3.3877689471596484,1.10480353897278,1.1870424710882763,1.6135568354842733,17130.5,33.258685492923895,14.0520281493992,0.0,7.65460823113136,294.49,0.246543863213214,1081.09,988.59,12.33,2215.27,0.105874955428818,15849.85,2808.58,0.0029357377802,0.5265401607344541,1.05490196792723,3.9801637225572097,51.042293983243
HU32,5.08363205281696,4.5790795929621,3.27563770214028,5.0444480115879,2.78975896939579,7.83121365981687,3.63983686023596,5.0069249818855,21.1982429073091,67.5329850523194,2.97125037564753,2.8706155147953902,2.60332835891795,0.955238445228711,2.1305228047362204,82.2359654386436,15.3615556451994,16.5517844011131,4.8903268777992395,19.40161131289156,3.34221292880131,5.11663775775876,3.569849853537498,1.85256997465639,1.1477256986061777,1.6493920233911703,22383.3,41.8777070456169,17.598455158517602,0.0,7.75958404984712,295.37,0.246217896690971,1236.53,988.11,12.26,2047.98,0.105937434708299,15841.33,2807.85,0.0026946141535001,0.526599477420374,1.3732048215677701,3.9825613724108098,50.7426580825678
HU33,5.21567294533176,5.13908414546914,2.8644025105743,4.829385646761001,2.78326595358026,7.291547457759392,3.6377805357510002,3.5141183847779605,25.3656388713492,60.4906566614414,2.75925633584327,3.12136357946247,2.70006068172675,0.9546690291835609,2.2560056163502,82.2280944546504,15.3577975141627,16.5685722041238,4.88855406479796,19.45484199061624,3.8601273626288197,5.1775345223792,3.569671047300368,1.44162476277727,1.1325487275101185,1.352351307919661,22042.0,40.4351209821061,16.8182079206368,0.0,7.4307777150611,294.5,0.246157279515998,1267.0,990.92,12.3,1809.13,0.105895747626054,15895.84,2815.72,0.0032661793081081,0.5265748855786,1.45292668528524,3.98204525777915,51.092153113859204
RO11,4.2304218655183705,3.01750903624403,2.68073671725649,3.8487149530997096,2.66168800437569,6.01366434355866,4.7179958133498,4.97700544322355,16.6878929643239,45.777608615461894,2.81394377815671,2.6459797874504702,2.18859505630386,3.32376492320924,2.2588577298833203,20.8646142883032,23.8839598694536,9.1495746434316,10.640464529553899,19.003481322684816,8.22346420930279,1.71333718756342,3.859977144600395,1.1008458483979,1.368009927877057,1.4292064582966963,18075.4,28.5278330820256,9.76998728308852,0.0,3.49493479659611,389.2,0.3362823706475409,1465.98,945.02,57.79,2328.96,0.0913023053559559,8388.45,1525.7,0.0027049539969926,0.857566427944172,2.77530984401048,1.0237692369495799,63.8504216601535
RO12,4.33874416280066,3.54349799331839,3.3042612895777803,3.21878051975303,2.66135945322613,5.97865762236048,4.36174519895049,0.0,16.6384755832367,42.3922817827867,2.91753043649455,2.98946066041094,2.0505431720554204,3.5688608783689,2.38499004520601,18.9901220941329,24.103020401909607,8.67942672533171,10.0361987091144,20.934352836398787,7.25228586391542,1.73538278895674,3.6632960788669937,1.7976914931441599,1.323726803112703,1.5689605547815897,17093.2,27.0438789582112,9.2703793829773,0.0,3.29428479149994,388.7,0.336436851970802,1411.73,957.39,57.81,2782.22,0.0913061007776079,8389.08,1525.09,0.0032796343954574,0.870809394537388,2.43989672683678,1.02375052237978,63.94214424360011
RO21,4.25853017613788,4.1489096022029495,3.30123171347708,3.25318211681539,2.6615060896461302,5.54823697468614,4.55066181567811,0.0,16.690158598628,35.8679961432593,1.4577089109011199,2.3532172808528498,1.61007231392413,3.19457901611745,2.22013885505043,19.6184371225521,24.188251720458,8.66243366336926,10.1420110652727,20.33997144417348,8.03654728645143,1.72837000053301,3.7915142352689495,1.0925184757969801,1.2355458368261325,1.581486882870291,22259.8,32.6119264334292,11.1802802157217,0.0,3.74295262092384,389.24,0.3366342070056979,1833.74,935.08,57.78,2410.89,0.0912806846018668,8389.15,1525.76,0.0026451056283256,0.978877634819131,2.34605640589381,1.02748310928854,63.773347720653796
RO22,5.08836156535677,3.13353204585861,3.95119094325801,4.45996785579457,2.66311141601411,6.07142570784994,4.5597578118207,4.90306081283906,16.8280766880001,34.7023439337056,2.39782586040746,2.65621478025781,2.9072276168267397,3.2432737825467104,1.8333428181588396,19.672322781500903,24.1781491559864,8.68011444167668,10.1619673206824,17.673125996360795,8.013537001590601,1.72382683386868,2.9828370114323564,0.892662964840677,1.3707043937755543,1.4288564876142105,37352.1,54.3093131258712,18.535428687383302,0.0,3.34758331290775,389.07,0.336290796434326,1991.98,978.4,57.79,2536.21,0.0913690700877534,8388.18,1525.0,0.0033371195950589,0.9587400655327719,3.49514549175824,1.02740132593707,63.9308941838148
RO31,5.01060809232414,3.8821546565519003,4.1082247645918395,4.89911862943917,2.6611696731717696,6.40885173379395,4.54684000177561,5.07129549535152,16.661608482225002,41.1300696544213,3.01428886368718,3.1242785848817394,2.6105010416312298,3.23391225881936,1.83953409546987,19.681022947488,24.1393650451593,8.72448607450241,10.189601248217299,20.7303775222236,8.32274656218165,1.72100065638525,3.354677923422906,1.95542287246721,1.020674945234371,1.6567896096009145,30429.3,43.6486279615944,15.0051720779228,0.0,3.4801307882410804,388.92,0.336582574852108,1988.01,983.01,57.79,2019.63,0.0913208785217963,8387.23,1525.03,0.0029194473563588,0.926977265954019,3.64242058077991,1.02653816697947,63.930177622074396
RO32,4.60453188219299,3.83499519336555,3.16671122344891,4.12290971635946,2.54619176433834,6.12707152553578,4.562904055910111,0.0,16.9028290948252,39.445076546014896,2.38400428076456,2.52687091698253,1.49879340433121,2.8435219423405003,1.7071465031848299,19.739376053535498,24.144600574631404,8.72561421719593,10.2006915643666,18.068233450179573,7.62424808979724,1.83569750523879,3.606102830262213,1.5,1.2646357879022785,1.4293867575957289,82939.1,111.572736405114,39.110095993955106,0.0,3.52199018929682,389.03,0.336827766168295,1981.38,974.12,57.74,3773.02,0.0913352785581007,8386.35,1524.9,0.0025630177031417,0.8795545721913359,2.9096718483259503,1.02682003447089,63.9602453223703
RO41,4.5547663890731505,3.0302528128377197,2.6832442186220002,4.36675191995237,2.6641011633702703,5.86192418196955,4.76220021824949,4.76227853019116,16.858939348862602,40.7112417454384,2.8150984646245703,2.65678967556471,1.77427817655548,2.9295890886393505,1.8324318986246602,20.596949878618098,24.145285535810398,8.82474701914211,10.4060674174574,20.382962648809272,8.84763764929887,1.72269568776351,3.267552652966321,1.2572273280582298,1.35252385463649,1.3091544784452107,22391.9,33.1430542818784,11.2796615879355,0.0,3.45040471362284,388.79,0.3367378052760429,1830.87,973.05,57.77,1882.3,0.0912899264751395,8388.86,1525.11,0.0031743494148838,0.860770347148734,3.5017570366912194,1.0291399420171699,63.8774321497755
RO42,5.30526119811125,4.902801239618221,4.001254238123409,4.39298655184559,2.6583114255615903,5.46334766741912,4.0660947081009295,4.739851071043979,16.6321806095843,42.4911959096536,2.89671844221342,3.2061226275385204,1.66312428718724,3.2363938283842497,1.6688163148813,17.886552786499898,24.0982808817145,8.538604607117069,9.73460705751338,17.991830885225138,8.2708135380609,1.7482596469766198,3.551983974835517,1.55128509469003,1.143721589262516,1.4900688977804069,17500.5,27.3288215165106,9.34195186944475,0.0,3.15191754280412,388.72,0.335995971006635,1441.34,975.31,57.77,2303.35,0.0912676589217197,8420.85,1542.69,0.0025856645353125,0.959425582221431,2.49864929353322,1.02030517018838,63.9019844206697
BG31,5.22137066320219,4.32824949419096,2.9176325970267194,5.1844824500509805,2.35896794831142,6.618401877712911,7.967707982844622,0.0,14.157082753527801,53.2655545244862,2.62072638517742,2.9927554969572996,2.87780892418634,0.246390752843265,1.8205903297857602,32.643632804291904,16.216885056663497,10.7691155409254,4.0591314723137994,21.709765184723967,7.13631066074965,3.6537343299920697,3.668053908160479,2.06339835199431,1.280810564473094,1.530302400080456,4.852224016584762,22.3373210743595,13.314260819706602,0.0,7.298019237395319,0.2667020740194647,0.3117357972217043,0.2390757240231665,0.1318458680984214,0.0222797037765729,1.658536934180731,0.088444679014451,0.0161968412825032,0.0019355210041384,0.0027237298903046,0.314059354532223,1.0459479227009199,4.6480843954749,0.142607161549595
BG32,5.84234538950578,4.14123229981168,0.717307873554927,5.21632839378807,2.42774015188939,6.60194541439036,7.97271926463271,0.0,13.7138118653415,61.17122009857583,2.53338181179212,3.2682811224028,3.0669088311658004,0.26121319523473896,1.46743644814303,32.603068538983,16.3021772562156,10.7785177650949,4.075539549249211,22.19817777765244,6.34924248813366,3.6896663658511604,3.139956997875376,1.5903096094605598,1.1107935440372956,1.6019858078717537,4.596669416340281,29.015670316672605,16.8210075149763,0.0,7.88868114932027,0.2789028173685587,0.3540867133043835,0.2088326824846713,0.1287962493244555,0.0254461806615191,1.8500192952256864,0.0943566149298661,0.0185414101990319,0.0017813924948214,0.0029179625098057,0.31483353948764603,0.750176058329968,4.65190776203679,0.151707045152658
BG33,5.49655417181951,4.34564156626339,2.69499996007581,5.43487991549016,2.3634438403732703,6.86390246865477,7.963975240232361,0.0,14.2653153528728,67.37043112673082,2.61831835982865,3.04984867986383,2.65856502317053,0.25629216926697,1.46175920526652,32.6349088186127,16.2283065575422,10.7703080538901,4.062422216348209,21.654792664406514,6.8371532428742405,3.6248968119924796,3.3950577141817506,1.5874010726189198,1.285609633613163,1.6708816961959263,5.563767980988922,35.700699011107304,21.6904824028855,0.0,8.172734069908985,0.2173143611525216,0.3253397005944241,0.192952999162536,0.1224480351071329,0.0241758228434178,1.5740690930112888,0.0992213289431893,0.0192484691979633,0.0018045112481719,0.0031749930473778,0.314232073710208,0.765216760197827,4.64819905506808,0.140230347670638
BG34,4.53118931081239,4.28390765769908,2.557677651446,4.46512197989162,2.33796023697457,4.63357020962495,7.99684728440245,5.0531617060377405,14.9882080366036,65.35178245227274,2.0332997134915196,2.43906063059403,2.36083473829606,0.24991699926779096,1.2182315173090301,32.7000433435353,16.150402732644096,10.7622314665059,4.03815880589573,18.51929385861981,6.639062539104519,3.6414576827259304,3.381792606175927,1.76807125953882,1.2345458195788024,1.3053990442797014,4.959468627758101,27.5818443629176,16.183845233726302,0.0,7.520441757932835,0.2537090475222325,0.3559764591045522,0.1880741620559211,0.1298639575954073,0.0214199375571688,1.6943165073772375,0.1058203994381175,0.0190282365270564,0.0018031980070196,0.0029917060897007,0.312947665514775,0.780198535870933,4.64803240202756,0.13805166145596498
BG41,3.2993770401284706,4.05662308546107,1.89754607247707,3.1286228306595305,2.38496801601901,5.12298119946351,8.00260906309414,0.0,18.9427240803046,64.98459424518764,1.95210033478581,2.10965701512336,3.25331712682704,0.0921215578149239,1.60709937609176,32.67264180986,16.2089097219335,10.7689093019104,4.04913877496613,18.916619837220715,5.58232192175159,3.70814632918078,3.921543919781768,1.5013874058321401,1.1440119732569174,1.701439592766432,4.608384069188486,15.3187645310257,8.96320923569713,0.0,6.626790697481595,0.2401401600716116,0.3200692229479694,0.2279625293215822,0.1166018339849348,0.0244847824833998,1.6725295509127698,0.0960073980048962,0.0164850636623555,0.0022205157308648,0.0032226303632396,0.313459354165452,0.929151376501113,4.65092071376455,0.13782076588706998
BG42,3.74339700042908,3.35751748733373,1.98690673157057,3.45290981270722,2.45465978903222,5.32762767978629,7.93776417856626,5.6986896659302,16.254331174989,57.83994834797045,1.9648022867452404,2.45402476013283,2.9971777612105104,0.22358431399489903,1.3096311484386298,32.5635498476464,16.3296770202214,10.7808239136241,4.089743615511299,19.62356945442864,6.64321565447658,3.64126828086849,3.098044798976328,1.4961537812875298,1.2954064796155107,1.6286669402250924,5.293064083495196,25.9648515927653,15.2666654316165,0.0,6.461051951383066,0.2346344507863451,0.3201100966335642,0.2087569971697989,0.1369109721626973,0.0248105630628039,1.7309612755361574,0.099935214725589,0.0188129433070219,0.0017014635682431,0.0031066263284706,0.31565251101138103,0.906251445088524,4.64975762607852,0.15325294201947198
SK01,4.5473161328206295,5.1895135618242,2.7409954251069197,3.82939123158669,2.64247421873539,9.81975405965202,3.55970340623538,0.0,38.0177159207831,57.21776694521799,2.42329868112858,2.91032312183562,2.0173607131196496,0.8607899240660151,1.62946324336674,52.2425372176779,11.9344379470212,18.0027404492674,14.316711112413302,21.30121246639808,3.3731675950723203,3.5666737719629293,3.573031738027684,1.874892805948685,1.317568726106437,1.5435998501079875,29038.3,26.0432220668517,20.501118187852704,0.0,6.70507584280707,449.97,0.288938798868495,0.1963283141336214,999.23,63.68,4617.45,0.0915418487937288,13041.36,1481.05,0.0031280505637431,0.378124425954643,0.0,0.13912401088898202,55.06859906315901
SK02,5.55881882050182,4.68552437005126,3.61617621741817,4.805086995970131,2.32316326857051,6.60698369988108,3.5590270793347796,0.0,22.646918047025302,62.6600289803106,2.8733531689567497,3.4138300636154595,2.25582060029141,0.49362331585067104,2.27305102015811,52.1298593473243,11.9649356450824,18.0608397018532,14.321006356561,21.26666225719699,3.37619581969191,3.45769218521243,4.017471568152381,0.704624176682538,1.194780518523452,1.6002734620989276,33072.5,29.7509857787188,23.250763737951203,0.0,6.70615959896766,449.97,0.289230901348202,0.2132860564874637,999.25,63.54,2163.78,0.0915447890289777,13008.39,1481.02,0.002589966303265,0.430734634393103,0.0,0.13913532699275502,55.292324588006004
SK03,4.4218629581193,5.28699068652736,3.70318847917299,3.86728599381861,2.3343215815495,9.85010869936696,3.5601086243339606,0.0,14.1988045394571,56.1677694930341,2.60178968615565,2.7614477997745,2.1984926173272004,0.493533491458798,1.4794558457965599,52.276787844672796,11.9288481032373,17.983434594672598,14.314837386319597,17.199689419277902,3.38032933643681,3.62457151891594,3.937535410300063,0.9297254537783429,1.303592132503416,1.3627861796045309,19471.7,19.3953934882285,14.127029740041701,0.0,6.70691601222018,449.97,0.288791629773133,0.2308211781770912,998.32,63.5,167.97,0.0915440288936614,12951.24,1370.44,0.0028520380644915,0.365559556709757,0.0,0.139119805076003,54.5489804665554
SK04,4.76524138204494,5.79332627050562,2.6872018170537797,3.99294231688275,2.3316016097038,11.1400981422182,3.5581418675686707,0.0,18.6321851299513,61.703739446804505,2.59200299334998,2.7073861229303504,2.6376401192666,0.46733929112376804,1.57502609226076,52.0279700695868,11.987477435044301,18.115558646916202,14.325669057695603,20.33983503729073,3.38104409221328,3.6041264403493205,3.521205205315193,0.869698500677748,1.277991491428504,1.603630620592312,17284.6,17.3970358499753,13.3669098452102,0.0,6.708448110929861,449.97,0.288914895033159,0.2198460106045699,998.95,63.52,1525.89,0.0915462763600024,12996.86,1480.42,0.0033160991772624,0.299713264369672,0.0,0.13914660556966899,54.7998874302858
HR03,5.54923367514797,5.9264397743145505,3.41183511403749,4.66017740231073,2.94728183036042,7.96283742868423,4.58244695395303,0.0,18.0524589571275,65.90049160011151,2.92486781209491,2.87629723442806,2.88525555655764,1.48399500347905,1.63993683455267,6.869248253850051,26.9728433400336,15.890693405881802,0.657085484071095,18.8992965240591,5.9166841334474505,4.36012025627192,1.6284106837710999,2.09146749525127,1.2633020443326903,1.2974295948155437,5.327149677900392,46.6913478318598,15.311804785668999,0.0,6.363735141565488,0.2384186464383831,0.3056119959961458,0.2214589721759635,0.1370046551858395,0.0247751314188297,2.0237901240416223,0.0939043932690328,0.0158807338247246,0.0018380917371655,0.0029167659084518,8.31971521859005,0.893932925163916,39.528128146627594,376.435215272162
HR04,5.54923367514797,5.9264397743145505,3.4118351140374896,4.66017740231073,2.94728183036042,7.96283742868423,4.58244695395303,0.0,18.0524589571275,65.90049160011151,2.92486781209491,2.87629723442806,2.88525555655764,1.48399500347905,1.63993683455267,6.86924825385005,26.9728433400336,15.890693405881798,0.657085484071095,18.8992965240591,5.916684133447451,4.36012025627192,1.6284106837710999,2.09146749525127,1.3741758628063947,1.6141349763615125,5.727568813527827,46.6913478318598,15.311804785668999,0.0,7.543638013617326,0.2473049522426431,0.3000844480645001,0.2213317519160674,0.1113057650604514,0.024900072598316,1.6089131191973864,0.0968637603206461,0.0166245319303853,0.0018761648623649,0.0029991253276041,8.31971521859005,0.893932925163916,39.528128146627594,376.435215272162
HR05,5.21279568025755,4.782598653381258,3.9363331784714513,4.587282090662521,3.091532333499988,8.272322317002523,3.632125611071704,0.0,24.373038661309728,55.41959038809256,2.147082451205231,3.4009271181675,2.410607279239015,1.335694230770654,2.206896060454553,34.07634366800663,19.317359380167296,20.59953508386902,13.774143909912844,21.70518352605756,7.189241067910505,6.8598770206436175,3.3192041151520484,1.7101545891259735,1.267441303041278,1.297072134183503,5.488654594861338,45.967567317852925,8.660167467415802,0.0,6.963077528423749,0.2174441041761742,0.3480960736865046,0.2264124337357168,0.134736192808395,0.0221197217512512,1.6947664540708185,0.0910287003811165,0.0189897104261413,0.0021726470978618,0.0034149183677259,0.0,0.0,0.0,0.0
HR06,5.4440084554840285,4.191981874790952,3.434753116097558,4.444302544476798,3.463923788769212,7.711063964682258,3.4693877682791325,0.0,23.98356294832748,62.23340339752814,2.1971694062702003,2.76751301968631,2.382156909445309,1.5922156423591587,2.708455449068897,43.90476246081576,16.430388582043953,18.21204159071984,13.440039954691024,19.35170273054895,7.831719416531733,6.872681299021234,3.093705278334131,1.911025074309284,1.3260662857347207,1.3428570824853077,5.321679854010855,39.636858664125306,8.846938123219143,0.0,8.004567390813877,0.2173288853184259,0.3446581065742375,0.2478208199490646,0.1243685438641535,0.0257565704535886,1.5543029091949798,0.1051469411328692,0.0155505792284774,0.0018881057638308,0.0033832767587584,0.0,0.0,0.0,0.0
SI03,4.99144869811573,4.819794680999663,4.03121990800975,4.75360520257971,3.25303545690339,8.898059260680629,3.35478167111744,0.0,25.127873643101697,58.2811061850016,2.65035372032077,2.4574605920475903,2.76395002786994,0.6882835079101031,2.10514937651707,33.1739442345902,17.307952469967802,18.5440668237945,8.68737712954161,20.913752267785256,41.8439252711233,4.34320837466729,1.75665595605149,1.6622301480587391,1.2251945790982883,1.2810174599042434,4.948096490156383,31.7334530431176,18.4157936730512,0.0,7.507663030436495,0.2295117578776625,0.325780454814532,0.2037658299261104,0.1225688343105883,0.0225379158796992,2.038265580650801,0.1060271480776078,0.0171193585470237,0.0021659977333549,0.0026359537176589,35.780654946299,5.312073666119979,26.3232820820849,35.3091304329142
SI04,4.99144869811573,3.9258985033120073,4.03121990800975,4.75360520257971,3.25303545690339,8.898059260680629,3.35478167111744,0.0,25.127873643101697,51.92484448366818,2.65035372032077,2.4574605920475903,2.76395002786994,0.6882835079101031,2.10514937651707,33.1739442345902,17.307952469967802,18.5440668237945,8.68737712954161,20.4713622536529,41.8439252711233,4.34320837466729,1.75665595605149,1.981507724704004,1.092083456108059,1.558614598871611,5.115571217965879,31.733453043117596,18.4157936730512,0.0,6.169121561028613,0.2707520555017513,0.3206718865281692,0.2099032730794678,0.1281678476344203,0.026395492222347,1.6977176484492325,0.1087666078376896,0.0188030258282434,0.0020634678274723,0.0026128923271335,35.780654946299,5.312073666119979,26.3232820820849,35.3091304329142
LT01,4.57767884015871,4.133187242931316,2.5832825927887,3.4231929030289496,1.8361120812147003,6.853450696606941,3.3365509407622,0.0,13.9375903637237,56.87872636816051,2.16250795075282,2.47096070114016,1.4230664893538998,1.1495367711444902,2.32947110253514,17.878580788514597,16.6954783966603,7.14094978958919,1.17993712346118,19.013346184249155,7.212949252201202,5.936123163750122,3.414819810091506,1.7952700841157092,1.3540740240199545,1.4902459736254012,5.0219394893204665,33.7472954499865,36.5389831483264,0.0,6.147920063294316,0.2597124694151538,0.3531055830884018,0.2234881074322864,0.1096023691204624,0.0268101631800648,1.8915512126100853,0.0968534273161437,0.0199620153397133,0.0021705454117634,0.0031511568822805,1.7038567304015801,0.0,3.86185398106054,0.0
LT02,4.57767884015871,4.404375319215826,2.5832825927887,3.4231929030289496,1.8361120812147,6.85345069660694,3.3365509407622,0.0,13.937590363723698,56.87872636816051,2.0875991423467792,2.47096070114016,1.4230664893538998,1.1495367711444902,2.32947110253514,17.878580788514597,16.6954783966603,7.140949789589191,1.17993712346118,20.166369056755983,9.142042481396272,5.199220705059878,3.011000020756149,1.8370499497056207,1.0931805201680065,1.5469368735975864,5.422134542820766,33.7472954499865,36.5389831483264,0.0,7.921145312653617,0.2497258067527267,0.2917907443429781,0.2256627508686517,0.1183626144740999,0.0270394407025336,1.830011074669592,0.0887135510816572,0.0193737217664944,0.0020106482077771,0.0027097918970504,1.7038567304015801,0.0,3.8618539810605395,0.0
LV00,4.34220259047482,4.7648832754058,4.16709520637362,3.18984818519118,2.1684828685717497,7.010864199754902,2.00353914456694,0.0,24.5923665185488,36.28,1.9087287199278904,2.462818849067699,2.3129489023115752,0.7298651741393231,2.72949169675665,112.45465538324899,23.797175921426398,2.4545597618691,1.1431537244886398,20.52076555384252,9.136119672124346,6.67903067299499,3.001514477076056,1.677812377209667,1.076612685217328,1.7140550288540557,20379.0,38.681546331698804,24.959237158812698,0.0,6.3611024415335296,475.44,0.287466664123832,656.6,877.64,30.52,2693.64,0.0801308062648624,21895.73,1805.41,0.0031974051589349,10.1233704145578,25.0050000000004,0.0,13.4192602994722
EE00,3.72008654401747,4.020778721755387,3.47637992845699,3.41563759244608,2.29159430745912,6.9423762874083375,3.42104211170053,0.0,30.114432794918898,500.0,2.2428050286737093,1.7480440211804,2.835152313653675,0.5138128957846431,1.50925987064584,19.9582185573524,25.799352236373498,2.7724041777406603,0.9531556137335371,22.861714246358463,7.309201518118765,6.343538248213193,3.643354670566908,1.870818227020622,1.0944134398545706,1.5357059674730742,21278.6,31.4846262943828,21.275338232039402,0.0,8.95542118160431,422.03,0.2123340206379139,2439.68,998.51,22.07,3165.55,0.0844179069713116,12871.17,1582.22,0.002673738015077,41.953944724572104,0.0,0.648714420296054,62.897925101418
LU00,5.29405147625228,4.360690142117322,5.07417568387919,5.05575391176367,4.911534064604339,6.7323484124572195,3.2237237284211506,0.0,30.5338699851764,75.0830511982168,1.8573903062997663,3.21144182881745,2.6042791574729005,1.9513076908831597,2.55559152420066,432.0946794652239,25.788094479573,6.07270070189188,36.000540891146,21.244878574612507,9.62296022628671,8.39820707849683,3.976633219855486,1.768795364799384,1.2086166784764911,1.54399868804311,21799.5,37.5421046505795,20.0451331367452,0.0,8.14754373499134,523.58,0.289449357175932,1327.37,916.67,74.16,2814.82,0.0996020979128596,16789.26,1713.41,0.0031570852361236,13.2104216827977,5.406284068822,163.692248765576,138.04610901268902
CY00,1.94,2.08012393713422,3.4688048841060586,1.17573100242538,1.5167130070752601,7.627583404068834,0.382533470210492,0.0,24.5415907758772,52.36234827893263,2.0793870735928155,2.658370382291435,2.6158357873249223,3.9663422879419405,1.66080020088495,83.6572095166791,29.098861312418606,8.03177666645232,4.13999614024511,26.3759569957981,6.43478075889031,1.31480137129887,1.32413951603876,3.55392849237613,1.316904670965242,1.6393597385137018,5111.4,79.9383360313966,6.08811489458925,0.0,7.50027575908029,450.57,0.196113514865944,1704.43,973.16,103.38,2981.22,0.0764852586515905,18115.08,1953.72,0.0030368492587689,11.665685861032,0.0,35.4452951409972,88.5826130350859
MT00,4.0,3.81600982712743,4.228434774344421,8.00668142324891,3.257373605513617,8.49851569109174,6.31044850358923,0.0,11.099619679820501,68.6646943838665,1.919843682302296,3.398718616106204,2.6461940208516097,1.5598930347351598,0.16308055307675304,104.30166855641001,35.5741049545091,84.2724167084871,9.129345506615168,25.7945673560091,20.011472972407997,3.3970342886328297,3.7441254333074623,2.0428519463611656,1.2875433890614307,1.6281218488087648,5.301068870402558,36.69684928545701,13.3857478135213,0.0,6.631653117724,499.73,0.235690819067599,1538.06,941.16,81.07,2409.71,0.0879295696363072,15917.04,1675.59,0.0028158539555064,0.5410988829018549,0.0,0.0,0.0
NO01,4.390364006739969,3.753999847096732,4.867334849101912,2.3369906732969272,4.245855563781026,7.495071212406522,12.692676232386845,0.0,25.737052438479026,54.60371345567258,1.974611347735288,2.9286196798174124,2.7257164316640994,1.0008263385132699,4.798526635072592,563.4778068133605,17.088989456099352,6.858208563025061,8.850446367684864,22.58701653784249,7.750124278035348,5.749757947061418,3.7724906917027536,1.6725449963656922,1.320509252340225,1.309223202368692,5.361066801074315,45.589473885298375,31.590430372721226,0.0,8.000846795677628,0.2334160168343297,0.3647982428124573,0.2482411751917473,0.1212374102529067,0.0242655824079525,1.5890043169214216,0.097583071218016,0.0190829481220198,0.0019423979499089,0.0029154266045674,0.0,0.0,0.0,5485.893507768984
NO02,5.04496634567612,3.605007960843024,5.19790091967656,5.37586445401194,3.75224790444218,6.387348891302828,2.32542514131096,0.0,28.442500735604504,52.71551888131878,1.7913447817332806,4.680220928507669,2.2642781297997367,1.00082633851327,4.79729054542486,565.320318011457,17.0379041454855,7.172777230972019,8.831077225741899,17.91895509520792,7.328675564740549,5.216653858038768,3.0960498540640247,2.058063204106214,1.1207232522038106,1.4131614927028038,19499.4,43.06197045396101,33.9102588562607,0.0,7.11623587175305,489.05,0.2770492922563179,2362.53,992.35,19.67,3385.57,0.0882915724182579,15864.23,1162.62,0.002557154715871,0.558306430470773,0.0,0.0,5462.84609250589
NO03,4.390364006739969,4.815122072456455,4.867334849101914,2.3369906732969272,4.245855563781027,8.18557011220726,12.692676232386843,0.0,25.73705243847903,61.92920425356324,2.2639278925125828,2.928619679817413,2.40756599742176,1.00082633851327,4.798526635072591,563.4778068133605,17.088989456099352,6.858208563025061,8.850446367684864,20.733255084142804,8.382829761659199,6.018765449365715,3.3779354485408524,1.841146695587798,1.2516188710919658,1.6365669208312428,5.439126242314771,41.97760918617937,31.590430372721222,0.0,6.407811377750751,0.2842509580992612,0.3576072610225204,0.2081811938475253,0.1027266390698534,0.0257798196006871,1.766745491507849,0.1021126498837047,0.0181328387283465,0.0017458942611505,0.0027702186782292,0.0,0.0,0.0,5485.893507768985
NO04,4.39036400673997,3.6174890166009632,4.867334849101914,2.3369906732969272,4.245855563781026,7.569762221801119,12.692676232386843,0.0,25.737052438479033,63.48195992576177,1.751035687802465,2.928619679817413,2.683282975904718,1.00082633851327,4.79852663507259,563.4778068133605,17.08898945609935,6.858208563025061,8.850446367684862,21.16000320737077,8.754864452770569,5.425866379991863,3.5176102424026605,1.8868489004532143,1.1005318465784455,1.5076175395172955,5.207667536585894,36.57339413773216,31.590430372721222,0.0,8.070356673565772,0.2302599161447494,0.2836001240946365,0.1893202505607915,0.1036183250068086,0.0226868967622511,1.8584325961057544,0.081253021423567,0.0168484171936885,0.0017349001347939,0.0029132928932692,0.0,0.0,0.0,5485.893507768985
NO05,4.390364006739969,4.335502638542243,4.867334849101914,2.3369906732969272,4.245855563781026,8.329125364413922,12.692676232386843,0.0,25.737052438479026,58.933800756625686,2.1606538960234887,2.9286196798174124,2.411169080430448,1.00082633851327,4.798526635072592,563.4778068133605,17.08898945609935,6.858208563025062,8.850446367684864,19.39732624999637,8.922208077140906,6.575571742592272,3.9326480881621793,1.8182424524376053,1.1815486441950591,1.4486374392480574,4.319627113686958,44.91425507566184,31.590430372721222,0.0,7.232761771950493,0.272061588858565,0.2935492242543261,0.2338534448136649,0.1275877106707451,0.0276216458669363,1.53468914317049,0.0856062729822012,0.0178436530010416,0.0022103242324768,0.0034186051754651,0.0,0.0,0.0,5485.893507768985
NO06,0.682924170325009,3.8372888090330055,0.0929894099209671,5.073400484429411,0.8824852632291059,7.619446703821993,1.5310018892354997,0.0,27.4198748660776,57.81249941535472,1.721684202134644,0.038704281004954294,2.648643594714456,1.0008263385132699,4.7971572589313505,565.021244485769,16.687556996352303,7.1705322994358704,8.8662113908722,20.11112603361251,8.000783475581933,5.375646334838168,3.500634435998092,1.5623663993642052,1.3533090450969674,1.301112399301173,19368.9,34.006852676838065,32.189389661073,0.0,7.11702856184497,489.04,0.277049563814101,2307.61,992.34,20.77,3380.55,0.1043594821704976,15861.91,1140.39,0.0028681032357158,0.615615008897247,0.0,0.0,5442.943881573
NO07,4.3332100730247305,3.7245299880237512,6.786066184104571,0.168672453476508,0.363669651390526,8.323494990379446,4.67674824041769,0.0,15.7957451231259,51.70552604129904,2.24907826953864,2.7688862536577097,2.502852103513389,1.00082633851327,5.20581088247382,568.692451335122,17.183830838491797,7.119689158492909,8.882801829255301,21.157590491346813,9.010313365605985,5.505871535411189,3.187205109969552,1.9147724434503657,1.2005021282100488,1.5446225266506914,10797.0,40.56913836400003,17.021466494843096,0.0,7.11710366965242,488.98,0.277049466081577,1705.34,991.2,19.99,3413.17,0.0968315157855884,15862.03,1165.28,0.0033521584995808,0.598392746669772,0.0,0.0,5284.42605910777
