,BCOW_cereals,BROI_cereals,BULL_cereals,CALV_cereals,DCOW_cereals,HFRS_cereals,LAYS_cereals,PIGS_cereals,SHGP_cereals,BCOW_protein,BROI_protein,BULL_protein,CALV_protein,DCOW_protein,HFRS_protein,LAYS_protein,PIGS_protein,SHGP_protein,BCOW_energy,BROI_energy,BULL_energy,CALV_energy,DCOW_energy,HFRS_energy,LAYS_energy,PIGS_energy,SHGP_energy
AT11,0.29860017748173817,0.02024923425272697,1.2115574528386628,0.16247740617196882,1.19888386328353,0.8803307645651556,0.033488313879026524,0.5669135738246239,0.029942551097259074,0.138217879814889,0.007665454011739348,0.32228897430660103,0.0710783973106553,0.50249455653647,0.3723114931376776,0.007242995762739888,0.17097083815234848,0.01699300088566097,0.018331506298016886,0.0009974906275693233,0.075279466606334,0.008310895954571244,0.0590598167270115,0.053188168456522314,0.0015418373049417525,0.0270985537917218,0.004083169405252049
AT12,0.3969617230293528,0.017756893413648788,1.3485267232723819,0.19090774121888063,1.35118506821334,1.0520930063562608,0.030195853632475657,0.5407789990848809,0.03965026823701615,0.16551996278535308,0.0073484996110305635,0.5702213821397011,0.07968394948670042,0.548414296348059,0.4265879344840581,0.009664256252981642,0.21621145969376832,0.018428427229649495,0.01832294627210589,0.0008913897246862578,0.08427336252200868,0.008397760172017911,0.0589149109266741,0.05270823097036869,0.0015363361960425257,0.027205139749912594,0.0040831212787341776
AT13,,,,,,,,,,,,,,,,,,,,,,,,,,,
AT21,0.2573245811125644,0.018665772985326016,1.2772277458980108,0.10170002418130177,0.86762130117621,0.5723350651345072,0.0318589900335133,0.5930531935221416,0.03141976165925347,0.1214436270432458,0.0074058840119847575,0.37735372081642055,0.04391185123371121,0.333722785292714,0.23974123666937366,0.008417910459286273,0.18528785095735614,0.015341394434476135,0.018303308555576162,0.0009288170688465218,0.056060465310379226,0.008643254008625216,0.058965037976731,0.03375051283643042,0.0015392252832854292,0.0285130905266359,0.004083000314352244
AT22,0.3626542657842484,0.01755869551577418,1.1467636493380378,0.12538894650780574,1.08268048068594,0.7896643310274786,0.02858102701655108,0.5476915595793331,0.03715481260059902,0.14672762995013244,0.0075661013914692585,0.363935365720544,0.05090973357204245,0.40589841533231996,0.30160158402798354,0.010843450328363096,0.22950667504719793,0.016054130968939536,0.01830904336519894,0.0008895444035868881,0.05624465893355682,0.008607272341327977,0.0588664582429985,0.043505296808412926,0.0015337623489456032,0.027823534575993035,0.004083001076449569
AT31,0.37539913550424464,0.01779734354262258,1.55876067644276,0.1343638871427791,1.11307992796538,1.0016908629038626,0.031167015017394984,0.5247258459556029,0.0407883084433936,0.16509600721742024,0.007180009197182346,0.719892553542725,0.060518666294072834,0.6218735602727441,0.46200218289259604,0.008954092144139936,0.230850581945138,0.017904663908475102,0.018304579277546983,0.0008884070096584068,0.07875659307481915,0.008507755011265281,0.05848453363421611,0.05635199331728203,0.0015378934068592024,0.026950707858130772,0.004082824893000661
AT32,0.3610116507259179,0.028746604657342502,1.51636179937592,0.1232965556289425,0.991137435595548,0.6605868136568749,0.03386822434907497,0.5946714389371291,0.03907007539490938,0.12678616898292552,0.010735204579538679,0.40659331291542067,0.04630142594859645,0.332601947353477,0.2511241281094931,0.006992371521353786,0.17900845947877167,0.015585370237443944,0.01831957816159576,0.0014116462376627978,0.05608799340049847,0.008678573237718241,0.0588315428890637,0.03301268025703493,0.0015424900440846611,0.02857302846807004,0.00408312082615324
AT33,0.3510317735622032,0.018425818718014943,1.5858659114653488,0.13478086455758786,0.978394156302319,0.661828765646183,0.0338599708639773,0.550387639414165,0.044835290838731175,0.12494891686927775,0.006882600786247009,0.46326392771312863,0.05134964063064068,0.34627296184849504,0.26154516262656785,0.00700165415458997,0.16849892360015326,0.01657976085231694,0.018323668265315774,0.0009047856738115669,0.05608616318778184,0.00870357097644292,0.0588119888956292,0.03208604319875756,0.0015422631186933898,0.026340164778396284,0.0040828429268704464
AT34,0.3442997332050461,,1.5991612262987762,0.12714345631324708,1.1789665436374501,0.6965962695947971,,0.6135476564155902,0.035728370153166676,0.12288499613445676,,0.45656653593477836,0.04997756513266137,0.40326737062479295,0.2603556784066207,,0.18344772076604723,0.015557431474060393,0.0183310688183031,,0.056101951588119585,0.008687005411638783,0.05896036370636651,0.033155647264708744,,0.029653922624683342,0.004083186372841476
BE10,,,,,,,,,,,,,,,,,,,,,,,,,,,
BE21,0.3120956521798008,0.011324094335562855,1.1455919087105444,0.10501512762365764,1.17604908510768,5.461076670325927,0.020432497018640104,0.3941154766113967,0.0379497478098122,0.35656016533596263,0.011643668514145021,0.917245881397984,0.1116708360013105,1.53845129839173,6.555078720932717,0.013629583650614239,0.2959654018227448,0.04175324947068993,0.06253887446509838,0.002418364242163479,0.23542643197498098,0.023198464508116728,0.236071046336123,1.1148686068116749,0.004173072906591451,0.07403090572671332,0.008987100521809274
BE22,0.2857622013285968,0.01236806892901499,1.062471877828236,0.11624107931624605,1.0480099183267702,3.723657093155662,0.024214055658542403,0.41638415879089435,0.0358029091658842,0.3343327063910236,0.01019703491049047,0.8721097212740946,0.13442915529753066,1.3098550006855,4.605294811175319,0.01066979741872393,0.2456843421367548,0.04116611545699826,0.06251952571710899,0.0024258588630908496,0.2018126331522982,0.027308114719767976,0.235735807937398,0.8151753251459708,0.004172738527097452,0.07364491202389678,0.008981296191411534
BE23,0.2688187057475289,0.012188878225966805,0.8404978973296998,0.11953860665555209,1.00821547404565,3.3854239694405193,0.023395721759297303,0.39305018088408605,0.035331401395466505,0.336369718126791,0.010565894772403163,1.0876824715676991,0.14448732509988635,1.37191461658288,4.153009250903308,0.011293685676526902,0.29456255212183385,0.04038164992837215,0.06255882490138717,0.0024318217656827037,0.238055749973193,0.0264934954491534,0.23594561242356304,0.7989758043493151,0.00417274977243207,0.07379623227841871,0.00898470615373569
BE24,0.29609929175964195,0.01296709089167418,1.1321900454232054,0.12652120585424684,1.1091916713017098,3.246393445121276,0.025876404951178444,0.42723715631824805,0.03739602315521532,0.32492005460230416,0.009491837565045184,0.7735672182861322,0.13842916848775688,1.14057062180177,3.666157417660196,0.008977841325919517,0.22489884047637548,0.03986058779297389,0.06253591314719742,0.0024394365452005207,0.21416200866102775,0.02791286898081958,0.23568400404915998,0.6900146445461813,0.004172715316904777,0.07386692837537655,0.00897793441868113
BE25,0.29315320375855863,0.010606170531127203,0.8971334341878694,0.12968351089655542,1.16651356549623,4.288903041747371,0.017849645328465866,0.2942849016537295,0.0379186114838971,0.36162943157627153,0.01263859997278404,1.1574391746809038,0.15236283787012442,1.5438592231778303,5.078891278790449,0.01567218936508063,0.4768604987854856,0.042084095936214004,0.0625998029189808,0.0024174981873605465,0.2837085451914134,0.02662810023405233,0.236124499551022,0.9344388396259633,0.004173515369966057,0.07352044071159318,0.008986700835646282
BE31,0.3411441853546983,0.01358845067935554,1.5132085100472692,0.13999222217627605,1.25314578433355,4.556030103601448,0.02723669434046966,0.4331508815840321,0.041878231758851386,0.3761367770053008,0.009418073543484356,0.7553915231482106,0.15266841506722098,1.18602624477378,5.0624252900851925,0.008443531817789283,0.19735962032078194,0.044281187955126394,0.06255558147576502,0.0024903936407738654,0.3023442847834043,0.028051291125702874,0.235718027276379,0.8589451354048759,0.004170023174529673,0.07118668657601125,0.008972658510254972
BE32,0.2875960531579681,0.012413097777917612,1.0581773635407743,0.13135879253584237,1.1457477976974602,3.6306121616767855,0.02485607884267846,0.41770482427639605,0.03995159159202428,0.34948749313657784,0.009875828108422162,0.9894794088204765,0.1403640827121181,1.22327984058586,4.140869966249519,0.010230829323522183,0.23065190638319497,0.041884952908584065,0.06258753042120063,0.0024007062172277435,0.23385054974621416,0.02736987515250833,0.235879913248709,0.7620452675526928,0.0041722637777963124,0.07328989021329026,0.00898580352324784
BE33,0.34617296569094685,0.012488817877888024,1.2703854778351455,0.14005357316614336,1.40153159030054,4.392255425788006,0.025160963033203396,0.41993632982328477,0.04583749770015451,0.336783396439282,0.009775662731689247,0.9829166223686451,0.12358317120939227,1.37743402743151,4.387624035043314,0.010036495682650838,0.21845485147232396,0.04019750002629238,0.06259878271213597,0.0024008407559429307,0.20227113103881433,0.027762439650156318,0.23613627052894903,0.7868962035195218,0.004172025367111705,0.0721202981715608,0.008989595739547475
BE34,0.3558745367721752,0.013083753065413057,1.3467492338857432,0.12548205725864148,1.36699870947821,3.9803120179084077,0.02616785282062938,0.41235921911052753,0.04660438601579948,0.35259836289975544,0.00972519923157351,1.192355790530037,0.1040342251539185,1.03661092477762,3.80532411843018,0.009285334078674592,0.19180730636495802,0.038502245159848236,0.062690473250221,0.002465020020831024,0.202492529675328,0.025110205904351153,0.23590936778044802,0.709920283254708,0.004171087387866211,0.0681429400394951,0.008991212084709868
BE35,0.3208870775576211,0.012374394122872721,1.143926287805405,0.13125904717560363,1.21153207293586,3.6696037051088237,0.024945132131365986,0.46156732912726617,0.04217274745696137,0.35060885481251847,0.00980810386671588,0.9744449850928898,0.12386357289653196,1.03335128529137,3.85994000296406,0.010233431425440937,0.22637597461402023,0.03989144579729093,0.06260933330070713,0.002392436236624249,0.20222156434654218,0.027946833406456276,0.23580121050191802,0.7015256572849319,0.00417227492291664,0.07780896889998437,0.008988086499981672
BG31,0.3828863807966349,0.01207317763988501,2.0660595087287343,0.19694363625868483,1.0487439670334,2.2093674311473603,0.021907829892695893,0.439026953074724,0.04875451225067789,0.24089445146220112,0.01409718694444684,1.1208308619459324,0.16127807664110425,0.7648902396564,1.7035313421733485,0.016152552256762483,0.20080227193667757,0.0458272515757958,9.928462001693757e-05,1.8073784972712408e-06,0.000684573668776631,2.521469419434275e-05,0.00013184087022906902,0.00042029981503350424,1.5622602422320553e-06,2.6856919448520275e-05,2.6089013277092715e-07
BG32,0.42766760045516267,0.014029930971884074,2.2102093333359467,0.2018576284549279,1.23982708905599,6.744962797396877,0.02713947524803156,0.38109441037707564,0.05623460223000791,0.2626165631516188,0.008213161758461398,0.35288184614944185,0.16854531162213868,0.894401794541177,4.627509046970964,0.008070422070955515,0.33258358989224035,0.04882179765491348,0.00010343557000353973,4.476806752543491e-06,0.0008910604649399682,2.6249913432926816e-05,0.00016461680767623598,0.001125681102316401,3.08414107719469e-06,1.6637593475683924e-05,2.6089013277092715e-07
BG33,0.41652865689375085,,1.910413997857875,0.19047551076528055,1.18302942481342,6.072567320082889,,0.40596260203422285,0.059128129782406225,0.31893516769532576,,0.448390634064472,0.17796367409614963,1.011336596055,5.300160148914228,,0.34842792801278677,0.06092628575967975,9.94352135207843e-05,,0.0012523526778424918,2.537335043417642e-05,0.000147315092491378,0.0009990039748938866,,1.5033536732769493e-05,2.6089013277092715e-07
BG34,0.4631384848089983,0.012318683021175161,2.273199248528198,0.19016607053985998,1.2491319863108399,4.919896309087212,0.022540355974977277,0.3805829958947846,0.06457575564903957,0.372964818079929,0.013458393389236399,1.4079565399900305,0.15477601796645438,1.2096540379257101,4.0137141007138455,0.015172026724553343,0.28377929498153354,0.06596012592460063,8.13692411722467e-05,2.0773563411318345e-06,0.0007879102319754128,2.455230522933854e-05,6.55173427229402e-05,0.0007179744824340168,1.6866001515898378e-06,2.0325691229471752e-05,2.6089013277092715e-07
BG41,0.37066186218182257,0.013950993365908305,2.1945093282515966,0.12750166858248754,1.08795481724432,2.335843182376959,0.02626389039574993,0.3975005341520145,0.05032895209997452,0.3130245371691415,0.009377596759133501,1.2905950409286477,0.07169076348672093,0.474632306241701,1.5509776478676607,0.009155215249754396,0.17481513284948952,0.054631725241299986,7.490771536981791e-05,4.06326258887949e-06,0.0006832090871048846,2.5531323842391288e-05,0.000278939430799807,0.00046307524062198395,2.746734095622586e-06,3.792910542891457e-05,2.6089013277092715e-07
BG42,0.5594903687711921,0.012802820503800792,2.2267318855485967,0.14822899025648437,1.30716773752984,5.309678625138177,0.023634287366335795,0.3951419909798044,0.07001051627375078,0.5593093260982488,0.012424777188954624,1.3911373089803418,0.10196792110843125,1.5873713096639002,5.01282528523774,0.01344484156963525,0.20048546626788535,0.07128862480595465,5.546139223614135e-05,2.572097688782953e-06,0.0007428248242600169,2.2186402873248048e-05,1.2693244864514964e-08,0.0006347999931717818,1.9285334730630197e-06,3.2008886486715316e-05,2.6089013277092715e-07
CY00,1.2795862968542713,0.024540393054825638,9.063599583978782,0.5503585638532952,4.1497289502890995,7.306626931221459,0.03158549138265792,0.44278083848112926,0.20777745535534892,0.7046568848854028,0.02064172997270852,3.2471884866018024,0.32559705621470125,2.8672430444627297,4.663551795804096,0.011429139958267373,0.3438508835840926,0.14149987867746344,0.0035017678590015624,8.141035518838956e-06,0.03553396460036921,0.0023536256699521157,0.0010793363371945299,0.01829775691687157,3.968268834157111e-06,0.00047450258737528574,0.000351564976315497
CZ01,0.434180207471979,0.017809970368299607,1.2676455412320782,0.19826384947313772,1.5524001935752598,1.2896259699053028,0.0341363877207578,0.34470866268802325,0.03695623725893844,0.40496416322303297,0.010274775570237938,0.8755789711327837,0.17990367549522593,1.1931479804699099,1.2367440629324775,0.00909483981905312,0.14289675027092946,0.0405552645121423,0.035061169119540096,0.001272463349425997,0.2449247036605307,0.017075075559899996,0.135138505133597,0.12137128189115767,0.00217527132032482,0.02344855407148202,0.005566243783449357
CZ02,0.4204786478547776,0.015315959607835888,2.0697138164219133,0.22645496798369774,1.65586725478912,5.904145971990362,0.027088298194684546,0.38032489008209486,0.04392897587968092,0.41789870348331165,0.015307278562359746,1.388716977682484,0.20392856600079962,1.6752553300159,5.794501006660981,0.017234581923457237,0.27759169493555974,0.03878441170076946,0.03504851846915952,0.001213052342746024,0.24722675129949276,0.01704611575380468,0.134838093844143,0.4917513333271327,0.0021696145794993095,0.029016044499703814,0.005541165377741511
CZ03,0.5023757744284867,0.015786320283446034,2.641722260511426,0.2054459928487292,1.6865946173226603,4.227596627277763,0.02961695910109328,0.4023029393480133,0.042088316271457364,0.43889773336789994,0.012988256480594401,2.378224193108104,0.16457941609284749,1.67443059728631,3.488727969637217,0.0143171049557897,0.24731179054465433,0.035191334678499386,0.03502461792627623,0.0011998864418548854,0.18314746901036746,0.017559569950511257,0.134582756472464,0.31433128502717783,0.0021715421555313346,0.029381433174541945,0.005542548487876856
CZ04,0.3847877922867643,0.017317375900943243,2.332840557852993,0.18180461700127779,1.52591124673614,13.717675603265553,0.03329692304025874,0.4536302446830281,0.03823599907631163,0.2724431913506774,0.010888094109814965,1.2615624705569635,0.12254383294909392,0.944496495325287,10.384598308429842,0.010108097091318696,0.22205882506733018,0.030654826689773457,0.035043657749242736,0.0012528946786055971,0.1838885631598365,0.018099795240160352,0.135028276347625,1.262041664342406,0.0021744872520229764,0.031544102574849915,0.005543667643418246
CZ05,0.48644549771394446,0.016273456306875198,2.5640609140660984,0.2213709649473777,1.84730531534595,4.685910502119388,0.03141474171015874,0.4131342207568597,0.04492530129908825,0.41910706200631836,0.011776126530136308,2.077821799342785,0.17921180795236277,1.73596034618189,3.893486840581108,0.012326307003991182,0.26678045396811867,0.03647596136450137,0.03504294685800219,0.0012060526992702751,0.186744941557529,0.01682883815599867,0.13467803715554502,0.337858356780219,0.0021729229559579555,0.030479946183613955,0.005542598884926412
CZ06,0.460758624571045,0.015854803324153115,2.3713414070276113,0.23752118864269217,1.8676086065230098,6.635893721172792,0.030027141122022802,0.3887652840071911,0.0486238571780559,0.4500084165197799,0.012631082175227326,1.693143120950992,0.21151582992521542,2.05675298443207,6.099170318040932,0.01386006053576,0.3474185141941576,0.038907309809145224,0.0350446550744398,0.0011971429626791623,0.24488889341441028,0.01700552297047933,0.134590343088292,0.490189732039364,0.00217185497666965,0.031279390961805584,0.005541816365401262
CZ07,0.4398325120189925,0.01711085283189631,2.3280135088981924,0.19464414204736238,1.71482796548233,7.592876910389416,0.03355855221573864,0.4130917625177646,0.04040678077359554,0.38260963818949467,0.010304150219677828,1.7033953501873162,0.16038168737195138,1.49675185245953,6.672048464502439,0.009663618688253554,0.2249103328842451,0.03574689802256311,0.03504603690828475,0.0012313856858930327,0.18297848908675704,0.01744126612750758,0.134860919978005,0.6106565681164412,0.002174775853719553,0.02937658360536643,0.005542924084998851
CZ08,0.45185559618015325,0.015191751586567194,2.333788624908461,0.16959691592244028,1.74350236425698,3.593291104075304,0.034167753929488155,0.448215315712164,0.03854933673329387,0.35290304948298434,0.008184082872523701,1.3582802816627182,0.12588657238968284,1.26198180524343,2.970085623304571,0.008329747617477897,0.1830406930034971,0.03480191407951019,0.035050534516300316,0.0011068868377370892,0.18304923086172253,0.01799226824967824,0.13501175622464298,0.28744146207169075,0.0021757403441977343,0.030265463500314067,0.005541430844201258
DE11,0.33211084219633863,0.022528626533371662,1.196311646898645,0.14775496462939305,1.09459679789095,2.055887271298411,0.032649671756167724,0.45256348918829065,0.037820002158882766,0.170138502593965,0.008989084703704941,0.5059124313438698,0.07269978513188943,0.6086162004820921,1.168944042945253,0.008057207578651053,0.1963838140522148,0.017747947629422788,0.018976579132615926,0.0012855086142538445,0.060983975997949635,0.00967541685460561,0.07117205292573629,0.14252235783244158,0.0017608541780784462,0.026556177152329358,0.004292853173209223
DE12,0.22285469877278744,0.02153175546626637,1.189154037402313,0.09860470175640412,0.687683493486418,0.9348573103932539,0.03487617574067017,0.5039504915461459,0.02632680506991532,0.11691725589372827,0.007534382335379129,0.4848594472958332,0.0511078834787406,0.33816236777337505,0.5716283191349038,0.006790583631035807,0.16822082093970514,0.01571244684791604,0.018974276080655425,0.0011799348491501357,0.06093299265336093,0.009606543112225824,0.0712265220523079,0.08566811944885684,0.0017611918768575437,0.027755095477546406,0.004292859679038983
DE13,0.40507760305450197,0.02425919179618972,1.3825567533918488,0.1412796780077831,0.8346574094112911,1.424500505378816,0.034536574397746496,0.5051324192406299,0.03621983309315416,0.158231504485405,0.008564380297829804,0.5628770211492617,0.05852216761617332,0.298212624569414,0.6873939446039796,0.006772613180739608,0.17059812980652206,0.01646881094665032,0.0189773543881372,0.0013333707403455123,0.06087774236747839,0.009607944365642006,0.0711904819416872,0.09925558533870193,0.00176114681914005,0.027888991399966714,0.0042930148082652485
DE14,0.370583513445237,0.023219377194949674,1.496443572316343,0.1879163409397581,1.6746487958377798,3.1744331750233044,0.0336472574353441,0.4820304298329586,0.0453972573668917,0.173204705051612,0.008683917684583056,0.5947214278348514,0.08184591705135826,0.713368125825872,1.427956802366282,0.0073324030140425505,0.18896585316154463,0.0195302190299811,0.018983164274055,0.0012984798132704637,0.0620528763127374,0.00938140095851893,0.0711460484475597,0.15189762919389324,0.0017609975462143299,0.027549973645553623,0.004293157846886213
DE21,0.3520864876335596,0.022710279615853507,1.1810681559178178,0.18236840797809908,0.998941800825779,1.487114775137163,0.03301036874343979,0.46535551045665385,0.0384407949124988,0.17319819068542255,0.008896184691126702,0.6994219047683207,0.08770908312709953,0.66700374156331,0.7053397953513779,0.007870896195947675,0.1976886451377738,0.017844346690936,0.018972036610550188,0.0012854302922158285,0.06889095404959619,0.009266464692478271,0.0707304672030781,0.08921421594229503,0.0017606083341712886,0.027117742103266892,0.0042926769425671195
DE22,0.29471786681044754,0.02156476334711748,0.9259940974906067,0.14491404602359526,0.570894750227405,1.0425266614072164,0.030706113681182683,0.4479288561116652,0.03217357929394429,0.1659109316008456,0.00977572551854646,0.5988136084252722,0.08122902586137119,0.553837695783514,0.682272515930489,0.009512727467833331,0.2571392128177419,0.017998629070230032,0.01897114248705227,0.0012756355788775728,0.07705471521334363,0.009268979860239649,0.0710067636456584,0.08884027393857248,0.0017597521099430465,0.028386574187599677,0.004292659869137078
DE23,0.39958675294406,0.022491209585663925,1.22034831416217,0.16186864829334152,1.3110333575526298,1.718540885226474,0.032867449865512,0.4784275061436173,0.037709933760186956,0.190809617302719,0.008850483817092466,0.5162536144206905,0.08439078702767279,0.7470317235022781,0.9136570006661293,0.00793852056821957,0.1868192844382669,0.019732794122306198,0.0189749953930497,0.0012745969908586601,0.07999526461724946,0.0092718032687962,0.0710277673137699,0.09975325448387573,0.00176056183181392,0.0273206727789916,0.004292915533806099
DE24,0.338171696495202,0.022512803315565058,1.1227857386467308,0.15624678818623033,1.26927067042312,1.3926164956658416,0.03407411465229469,0.4869993901597911,0.036260307459516465,0.170936968587274,0.008113600151034215,0.4294628615609829,0.08119528676441057,0.689024048975075,0.7651200091729411,0.007033785280078789,0.18715906928837805,0.01897906960787802,0.018977066638270798,0.001245761098266365,0.06398673774911165,0.00931137323239459,0.07113783114916719,0.08841404860089426,0.00176110359023357,0.027711438228414164,0.004292910860157334
DE25,0.37035863513064204,,1.278014982818704,0.17100455189775113,1.3126580078110301,1.5022075863864983,,0.4767452984271798,0.04430181759382349,0.19473616024013798,,0.5843443545492184,0.09079933830181341,0.744122866184421,0.83872121558565,,0.20944543482219444,0.020539600486049966,0.0189783475493832,,0.06718892509406464,0.00926802318131516,0.0711220451748133,0.08488843467037867,,0.02801701603578722,0.004292906225311735
DE26,0.22813575917658907,0.023078504338672347,0.9479475352167628,0.10738674573465481,0.5973496192401779,0.6468875938936511,0.03417436964939887,0.4613537434071093,0.03183930422124683,0.12120138914177926,0.008263192028129512,0.3300756947011151,0.056329908079278054,0.311317947798589,0.4024717093592162,0.006967251756671204,0.18906260164098856,0.015083686277443525,0.018972627871981985,0.0012742670822502918,0.060894237624106076,0.009715928267452163,0.0711870418455148,0.06203398637517475,0.0017611719989619197,0.02664667896159493,0.004292595559950452
DE27,0.345756643070929,0.022246845357301467,1.3109731224020953,0.17196927532477585,1.36204880781191,1.6700666883755373,0.0336055496959243,0.4783612262693916,0.039620949291526805,0.16368791463434104,0.008311247800056884,0.5532883978081665,0.0804170483150161,0.68708837154968,0.748653698702158,0.007449712510920811,0.21074860420115665,0.018295294763448187,0.0189777468764523,0.001242674607771405,0.07168087095493615,0.009271012991876503,0.0708571735988734,0.09168527131691193,0.0017608491017047701,0.028132056737560064,0.004292894163459055
DE30,,,,,,,,,,,,,,,,,,,,,,,,,,,
DE40,0.255002394704291,0.022367962863313013,1.2199436631362688,0.10073630317306469,0.784283184106649,1.5739815862978876,0.032443266236350306,0.449486492952882,0.025708198011876664,0.166076655443308,0.009089315809451246,0.5920463821712161,0.0708034841219163,0.561971899603245,1.1176338606115568,0.00826039659853448,0.1692460936382769,0.018622989765944547,0.0189659172767715,0.0012803835902108088,0.060891713850173855,0.009653765351059298,0.0711910510115288,0.1329691445110596,0.0017604842912430504,0.025473509927705855,0.004292767305249255
DE50,,,,,,,,,,,,,,,,,,,,,,,,,,,
DE60,,,,,,,,,,,,,,,,,,,,,,,,,,,
DE71,0.19774367311390847,0.022848278421239133,1.075548507922084,0.08986051054635551,0.588383684162311,0.6971305722218315,0.0332878072957514,0.623528625345175,0.023249269901837972,0.08780761149677967,0.008615531528718653,0.3777159471055814,0.042961592427032506,0.14881224747713798,0.40350061903218454,0.007433384895156,0.19290077639248215,0.015139369358083745,0.018970601234231905,0.0012844081694041332,0.06086234948662281,0.00962874583209276,0.0712270773321488,0.07359196968214418,0.00176129462236585,0.03387534824547471,0.004292804916354714
DE72,0.211526038903787,0.02211207473211254,1.112510576909072,0.08512018183854811,0.525571394546398,0.7172073049657882,0.033986785067850196,0.4726229427295604,0.023338546756097638,0.108492897791332,0.007969089836325625,0.45399513901840166,0.04979292735961843,0.16675525192347102,0.45912602420569415,0.007055430836299861,0.15980127474030809,0.015755131251977358,0.0189706410146432,0.0012245037671359397,0.06089806837328834,0.009628594324086191,0.0712125904878947,0.07572567404877037,0.0017612511449323098,0.02606095752678031,0.004292748993146119
DE73,0.3483391218700095,0.022847718380474388,1.2362432335521996,0.1355211681459193,0.863123224694517,1.8726380325347471,0.0333622350445617,0.4950225677444922,0.03004920616591998,0.15976683214525694,0.008570838633263968,0.42910101044820764,0.0659681026397115,0.44839161385932796,0.9815640550737138,0.00738363007745737,0.18364358193108243,0.01768632168035568,0.01897780031902578,0.0012821039454951782,0.06091267396664983,0.009729419763689325,0.0711813159294523,0.13088686876460587,0.0017612879454891998,0.028065270825613088,0.004292923201891731
DE80,0.27953192425527906,0.02230947200818476,1.0837625502306678,0.11732656126173563,0.932300326354982,2.2312301444443015,0.03244343437025104,0.45540825860084944,0.027653024756197447,0.17304963511788868,0.009056637859878768,0.46736892594055346,0.07689147282468836,0.6105189552098921,1.5005478126937408,0.008259919574328695,0.1717721162049166,0.019140433860718717,0.01897058528045225,0.0012767041792950756,0.060962817712790135,0.009717512195672136,0.0711935851927349,0.17305206352539204,0.0017604845290534285,0.02582090959744444,0.004292854521695984
DE91,0.3288436576878589,0.02160193283095097,,0.16665321405409056,1.40566131587309,7.123931083689628,0.0322468419679712,0.5304659726917876,0.03229559370167925,0.14686492873264853,0.00850806935957401,,0.07575410584789043,0.588851906261141,3.5082773492391532,0.007810417717866419,0.1912364823523536,0.0182861716577607,0.018981530864560524,0.001237491929182113,,0.00939559296931028,0.07126988400467871,0.4277256119681676,0.001761859485992261,0.030054023120476166,0.004293079279649258
DE92,0.4417180495720065,0.02203958205007795,1.8229079295674049,0.21089400378330814,1.86546779410716,3.506713557076193,0.03188163569475249,0.4895612292251481,0.04434972281237296,0.20897237153045617,0.009118821587447503,0.5547238501253757,0.10055315931325613,0.8540639975211861,1.7273840984458513,0.008444409574751911,0.2125511213904229,0.02261165819415216,0.018985814510028863,0.0012749957667339419,0.08908661032600952,0.009301078906169453,0.07126137213632601,0.1542969419596005,0.0017610635510560814,0.028818272885889402,0.004293296750297729
DE93,0.4181796168300498,0.022164245955770188,1.5187751237706633,0.18134076077015,1.80875952959795,2.959347948013,0.03201434439268548,0.48227784685836367,0.03994013629461788,0.21451873707466995,0.009088525307210413,0.7425446081376889,0.09547000001518385,0.9184884479187689,1.5011354422581789,0.00833739149566214,0.2219721611817426,0.021709597115858684,0.01897722291262152,0.0012793993553862893,0.07785883074527447,0.009296009399602926,0.0710534938695554,0.1384925837518786,0.0017611734531866416,0.028791331389475518,0.004293037463664557
DE94,0.3184440526213864,0.01819386835753051,1.185360924292015,0.13629723324357818,1.09739343273091,2.156177187774196,0.022679946471288112,0.39048031382175247,0.030900112997712788,0.19448467623854296,0.013296241139997082,0.8718308044141396,0.08554432711582878,0.809923152757482,1.2951606910219309,0.01549071633654579,0.3372322083800075,0.01958535120237871,0.01897049546595993,0.0012704468007129041,0.08145359558826938,0.009292755367664773,0.0709437965519462,0.13879864573761713,0.0017553682061178437,0.02845343594815924,0.004292687418596216
DEA1,0.24192253532506197,0.022588384474285895,0.8201746615632922,0.09275716502120451,0.371102886081969,1.9089269028549167,0.033087387425517,0.49816828558550996,0.02248336552907572,0.18114585621537502,0.008756710112728739,0.46318633914157376,0.07268580053067773,0.641502536233804,1.486434970479663,0.007801619154368611,0.1895755490718059,0.020044328200708526,0.018970335096107897,0.0012747526597407357,0.08176147146903252,0.009292094569842733,0.0710528854399523,0.17587711633511735,0.0017606479746585003,0.02842414822645649,0.004292670008308765
DEA2,0.28133358311487583,0.021544817512814753,1.0212663586374848,0.11544529553902007,0.9663727269993829,1.9075369328901333,0.03368147235819523,,0.024968559008171774,0.1472854150415966,0.007970118370846426,0.31033181826230344,0.0624193038131857,0.509455365472547,1.021667411760362,0.007402601800237436,,0.016769701227376366,0.018972413506696692,0.0012003945583666205,0.060945589289145626,0.009700876658242106,0.07111763244293119,0.1462227031729625,0.001760893948458246,,0.004292729809995177
DEA3,0.224083086851194,0.021913258567067617,0.6845148104956648,0.10334846392644571,0.214718802332753,1.2306660714602369,0.031260020482612706,0.402601127945068,0.02353441673262758,0.18856410967148698,0.009599355264825556,0.6512738657570317,0.08212372936784518,0.5543140988942851,1.284559006103442,0.00911829129264907,0.3129786785066532,0.02109851929022445,0.0189681751933898,0.0012820920500231819,0.09371078794789015,0.009290338607045852,0.0710446043577769,0.15723914292197474,0.0017599341247723803,0.0281897037761049,0.0042926579582786084
DEA4,0.27757451134007,0.021859059643089037,1.0976340940425844,0.13691306463960848,1.02552531695479,2.040952132111169,0.031218799191752196,0.48920061380402885,0.02746862967258921,0.154970627318369,0.009587075873504035,0.41371872517940694,0.07353119961591348,0.576357043156779,1.190635636806748,0.00914715556377858,0.233096538584992,0.017788490674124042,0.0189733010855807,0.0012793932072751027,0.07027257003375885,0.009293579934390818,0.0711910668008298,0.1570231242096817,0.0017599188212291596,0.029410747973463054,0.004292727933873708
DEA5,0.27385851114609744,0.02239846334998085,1.0382334506068773,0.10214338752338986,0.770369615826055,1.3678248641368436,0.0328922620742003,0.48810554133079953,0.024853977190242953,0.13882872489457496,0.008763469535108691,0.3194115977020384,0.056903513178102876,0.41925541329439,0.754742902754772,0.00791009871601755,0.19813099320977307,0.016049479546792585,0.01896742659235551,0.0012674581500064282,0.06086609768091563,0.009715541226079753,0.0711555679145754,0.12119452857727177,0.00176057776276047,0.02823673065576207,0.004292638524855295
DEB1,0.22769216996316977,0.02322048157036466,1.0993637410170478,0.1150392942835917,0.47261593029955495,0.6407814333644081,0.0340003063343626,,0.023933120284002483,0.09330738509779604,0.008475837399915424,0.4233142014579916,0.054683012721663656,0.0669850675693673,0.3673109055778977,0.00708372950651006,,0.015726627001741236,0.018970828259406193,0.0012907249033971887,0.0609328095563886,0.009648074677517798,0.07123191810769659,0.07466132096006278,0.0017611851592931502,,0.004292914684820596
DEB2,0.438477541300629,0.02285938570790208,1.4536025755385429,0.16906138227116344,1.02425431011204,2.4147333689198085,0.034445296910824,0.5299815515278818,0.035170026269632254,0.191488220400379,0.008097606706927612,0.5137006562680164,0.07841849183116148,0.425240967134635,1.1738055393045153,0.006826107128478919,0.18469569753631274,0.0193344389361704,0.0189856243277714,0.0012587289635185082,0.060872177360334144,0.00972878346957319,0.0712032594464057,0.14000159198680578,0.0017611855700121097,0.029730102943421186,0.004293225590044286
DEB3,0.15909484613532102,0.02229367685899489,0.9659688936229808,0.09136414333854401,0.582481392725574,0.7926174831201614,0.0329916132363772,0.41537106615514,0.02167319155213101,0.0723179490353701,0.008604068716443728,0.2890685253216144,0.03789285380893174,0.120886197441994,0.4787452943773682,0.00771690122855697,0.146814607840336,0.014554796038179933,0.0189711995439989,0.0012620301537691354,0.06092915331809667,0.009690216697470336,0.071244136100259,0.09608417689953537,0.00176119848878629,0.02313118589569126,0.004292855238576472
DEC0,0.1543381759760542,0.021888765712720776,1.020651460760427,0.07311562455270519,0.5777692975958251,0.6869451024054187,0.032906462246572066,0.5450327064385221,0.01969831196448834,0.09017223556116727,0.008180164917870148,0.38746250275778754,0.04570245763820009,0.20003276045752802,0.45180128935417646,0.007193921864803167,0.18593410147254055,0.01572119126382012,0.018972642034640472,0.0012287255841254593,0.06090600004281134,0.009627290229848469,0.07124334402794401,0.07452418732435441,0.0017613855434636865,0.03079730339001194,0.00429345081546677
DED2,0.21834615095654683,0.021941961852233148,0.8402525521927522,0.09221081833204636,0.6350585175659775,3.327678508134341,0.03154612692056917,0.46350797931861987,0.023174403702699565,0.14936025011600557,0.009464489320514793,0.3606128961205975,0.06726326347857314,0.5062704607025793,2.501401017349127,0.008931180707865959,0.17093250382253394,0.01769319898736137,0.018970156476782022,0.001277275251904482,0.062493584651997176,0.009325050625776618,0.07117269196617769,0.3275758400983552,0.0017599876937819524,0.026156180957056362,0.00429263914000955
DED4,0.21834615095654683,0.021941961852233148,0.8402525521927522,0.09221081833204636,0.6350585175659775,3.327678508134341,0.03154612692056917,0.46350797931861987,0.023174403702699565,0.14936025011600557,0.009464489320514793,0.3606128961205975,0.06726326347857314,0.5062704607025793,2.501401017349127,0.008931180707865959,0.17093250382253394,0.01769319898736137,0.018970156476782022,0.001277275251904482,0.062493584651997176,0.009325050625776618,0.07117269196617769,0.3275758400983552,0.0017599876937819524,0.026156180957056362,0.00429263914000955
DED5,0.21834615095654683,0.021941961852233148,0.8402525521927522,0.09221081833204636,0.6350585175659775,3.327678508134341,0.03154612692056917,0.46350797931861987,0.023174403702699565,0.14936025011600557,0.009464489320514793,0.3606128961205975,0.06726326347857314,0.5062704607025793,2.501401017349127,0.008931180707865959,0.17093250382253394,0.01769319898736137,0.018970156476782022,0.001277275251904482,0.062493584651997176,0.009325050625776618,0.07117269196617769,0.3275758400983552,0.0017599876937819524,0.026156180957056362,0.00429263914000955
DEE0,0.3540746210898224,0.02193351555120387,1.2529495836047588,0.17267180226788204,1.3910931361539498,2.792562411951249,0.03161196414594223,0.43649198079127216,0.03689875625866723,0.20097144849328338,0.009409895021457929,0.5185658129912132,0.09738910506085442,0.7509798003451179,1.6460555207417562,0.008881194582162612,0.17291073240997926,0.02193393052782783,0.018980103677469256,0.0012747793634284152,0.06248586527176158,0.009297469854101497,0.0712391492131581,0.15678208778165376,0.0017600235307147765,0.0250209026927573,0.004293333083965818
DEF0,0.29390222653526604,0.023040068307366893,0.9786179785360372,0.12009929649621194,1.13908106561869,2.1255477170978154,0.03338830466878829,0.49615415917428796,0.035054052662947255,0.1739823506319452,0.008742953959625056,0.44339790683487235,0.07465280688697455,0.695337750880454,1.277454697355389,0.007517250772088561,0.1943902149398874,0.01904963679300241,0.018975229890010315,0.0012956826764527524,0.07487570427707356,0.0092773679572349,0.0711356322596456,0.14465323367287589,0.0017610992107658652,0.028389086131625305,0.0042927811845487225
DEG0,0.171913741302705,0.022836630717652715,0.8549630114035632,0.07439756358692054,0.509649964463064,2.241804506680105,0.0331770564185666,0.44670445169890816,0.02244396647677669,0.12321883269696701,0.008814386633314058,0.32117594996062343,0.056919728315958616,0.38158598988114,1.7752915338729218,0.007697590884618771,0.1680868656667262,0.01607002089685315,0.0189681162921861,0.001289610534599426,0.0608619036460509,0.009732405859893163,0.07119626183540581,0.2666603654978347,0.00176093648127326,0.025309545252459292,0.004292588157044236
DK01,0.45250162690724094,0.01668189727858376,2.5840874958101465,0.17918916550540576,1.6652331531937805,2.30168755721149,0.0278166042088748,0.37021181272412373,0.04652335727263074,0.33976406518641694,0.010167878876779776,1.6639765181291997,0.1240072694840154,1.4975570977222605,1.7872376047498701,0.009270626533921711,0.29792405102765407,0.036957270011048066,0.022179960220679397,0.000724333130843094,0.14288846979793218,0.009940046868815996,0.09005605473516752,0.11282541164429315,0.00113239304140439,0.01582412530593405,0.004374236723159429
DK02,0.45250162690724094,0.01668189727858376,2.5840874958101465,0.17918916550540576,1.6652331531937805,2.30168755721149,0.0278166042088748,0.37021181272412373,0.04652335727263074,0.33976406518641694,0.010167878876779776,1.6639765181291997,0.1240072694840154,1.4975570977222605,1.7872376047498701,0.009270626533921711,0.29792405102765407,0.036957270011048066,0.022179960220679397,0.000724333130843094,0.14288846979793218,0.009940046868815996,0.09005605473516752,0.11282541164429315,0.00113239304140439,0.01582412530593405,0.004374236723159429
DK03,0.45250162690724094,0.01668189727858376,2.5840874958101465,0.17918916550540576,1.6652331531937805,2.30168755721149,0.0278166042088748,0.37021181272412373,0.04652335727263074,0.33976406518641694,0.010167878876779776,1.6639765181291997,0.1240072694840154,1.4975570977222605,1.7872376047498701,0.009270626533921711,0.29792405102765407,0.036957270011048066,0.022179960220679397,0.000724333130843094,0.14288846979793218,0.009940046868815996,0.09005605473516752,0.11282541164429315,0.00113239304140439,0.01582412530593405,0.004374236723159429
DK04,0.45250162690724094,0.01668189727858376,2.5840874958101465,0.17918916550540576,1.6652331531937805,2.30168755721149,0.0278166042088748,0.37021181272412373,0.04652335727263074,0.33976406518641694,0.010167878876779776,1.6639765181291997,0.1240072694840154,1.4975570977222605,1.7872376047498701,0.009270626533921711,0.29792405102765407,0.036957270011048066,0.022179960220679397,0.000724333130843094,0.14288846979793218,0.009940046868815996,0.09005605473516752,0.11282541164429315,0.00113239304140439,0.01582412530593405,0.004374236723159429
DK05,0.45250162690724094,0.01668189727858376,2.5840874958101465,0.17918916550540576,1.6652331531937805,2.30168755721149,0.0278166042088748,0.37021181272412373,0.04652335727263074,0.33976406518641694,0.010167878876779776,1.6639765181291997,0.1240072694840154,1.4975570977222605,1.7872376047498701,0.009270626533921711,0.29792405102765407,0.036957270011048066,0.022179960220679397,0.000724333130843094,0.14288846979793218,0.009940046868815996,0.09005605473516752,0.11282541164429315,0.00113239304140439,0.01582412530593405,0.004374236723159429
EE00,0.3064579816175193,0.017469522824186956,1.8443850924237923,0.13894393572864489,1.1464011075882599,4.330079246879773,0.02711900419327948,0.5316789628466534,0.03714748013701552,0.1413177112380022,0.00813690069372981,0.8299183964287472,0.06507107933448045,0.560935487356373,2.0076670868352156,0.009841565844698695,0.23172496443003865,0.01767863575102632,0.004684773702959721,0.00012792533066483696,0.03639418442052331,0.003684321889692602,0.00928637646211326,0.07031900164517657,0.00024346575371234053,0.00771090648564915,0.0020224515049122333
EL30,0.5569578224983944,0.016652856923097883,3.5095698122360006,0.2575234514250722,1.889733605485,1.0130619234564582,0.027216347311835636,0.3752528878016985,0.057505488522451687,0.2565447694739318,0.010717003919693978,1.1481737668205796,0.11821198884448728,0.603117585664982,0.5418014319965367,0.008071360128069163,0.18063008766073535,0.02508329825652943,0.010042201301935649,3.338507135714591e-05,0.06725831320969794,0.00572963751697581,0.0357872629990887,0.016679929827688705,0.00010780945558369533,0.007497826956905899,0.0031076335694572316
EL41,0.6744319461646217,0.016777065893920532,2.975424806166258,0.24806406534210404,1.73549646158209,5.280809461104716,0.027801784811994194,0.4271415363976497,0.05725399850527276,0.2828542897637703,0.010225623567887856,0.3585464211304332,0.1491897924164293,0.613822489146936,2.774885742716984,0.007553954662166565,0.1899917772241974,0.04182783738962665,0.009770484353521297,4.464804763327429e-05,0.08331333371998305,0.005404486051932042,0.0360161145383124,0.09172707423930786,0.00019584317191859887,0.010058530004435396,0.002856139335021384
EL42,0.413339692095628,0.01678369952200714,1.9228277966873075,0.1288644190386689,1.82913072827511,7.559578245377631,0.02795880024124922,0.40357584737573654,0.01513438783322301,0.339505397369773,0.010069280378770844,0.5297495892694862,0.15583771148451026,0.7458334353396829,5.857457353578489,0.007384497327488355,0.18724978411347618,0.04060932826916798,0.009826075267462491,6.01006999430429e-05,0.06877589327088802,0.005382043311008044,0.034212189131558095,0.15226193086761047,0.00022700457944900784,0.008746549426190036,0.0029304107895554905
EL43,0.5602887308855536,0.016690577854103734,2.705677481807919,0.29962211001435346,1.8495821582213,1.6969239559394782,0.026728405616319777,0.4284506149840544,0.07232186576258846,0.30734093497319875,0.011256709239572601,0.43268692510834283,0.1873904080536795,0.703784540819407,0.7185323680623312,0.008547953207606103,0.21295305121821262,0.07537871108985378,0.010018459234553849,2.1131880784029812e-05,0.08598689469077304,0.005292854686178003,0.0360724727537312,0.03219204470662229,4.0309846546820216e-05,0.010590631420393948,0.0022758193405358917
EL51,0.5197857244549555,0.016365396903577887,3.1476882725267146,0.22216729247248385,1.7627070653667298,4.240780084118331,0.027202316339005772,0.41587086554201763,0.06972468574254312,0.45029102576486213,0.01059610604669773,2.1589384199668364,0.18453178624455577,1.06845274695355,3.650817138754091,0.008166607705541683,0.2387874900302758,0.06612492622087951,0.006226820570996613,2.89969195147533e-05,0.06208603856530606,0.005144266894743315,0.0137189290977804,0.07015363043301352,5.6081652156961965e-05,0.009946024613956134,0.002332895670450093
EL52,0.5949926304276886,0.015336191662861619,2.901516259760248,0.25112775294900674,1.73509935772694,2.0966692403228167,0.02359621894852632,0.38683892652495944,0.0814201105163629,0.42011836474181463,0.013893945035988089,3.358376093646169,0.2365395963373546,1.73703469373059,2.17132233196149,0.011941102289941302,0.25570224897802823,0.07989913699884162,0.007347993077204929,1.1029068944849762e-05,0.05614919326635891,0.005045571563646785,0.007196646691408259,0.030335900285500914,1.705874600614039e-05,0.008247825633882178,0.002184671960864576
EL53,0.4473587032503482,0.015813095741198567,2.95792107213358,0.2051077074572965,1.6221930664297801,3.1239171621412334,0.027578561435985954,0.4178761520236731,0.053635630925794944,0.2892507098892643,0.009732037152217316,1.5411238952894772,0.1488834252184617,0.648265629689709,2.2919621947526023,0.007683725848207706,0.20654647571248877,0.04582389356034522,0.008634047047735594,3.6558066175111606e-05,0.06465915003521484,0.0053642537913508506,0.031204279373622,0.06572856510351271,7.289179463405211e-05,0.009888557401874148,0.0025875923819324706
EL54,0.29264248085161626,0.014333848601743594,2.0516479977305897,0.10469351324407714,1.13441448410231,0.9264605066477574,0.020245066080162064,0.3675483193059409,0.012768412313378686,0.15753861016097015,0.016901486802650748,0.3223752468672593,0.035390655544691514,0.188993503844715,0.2186473368306594,0.0153858676239003,0.2912201600364535,0.011814277125567806,0.005830557013656462,6.612008440459319e-06,0.06413210116213271,0.005288811961227256,0.030339887727025602,0.034525488501654995,1.5479811080365463e-05,0.007751000723654498,0.0022659178712374816
EL61,0.5112340663615372,0.016947131801797313,3.0654700008272244,0.21788028486601985,1.7591593292148198,2.9958445901024935,0.027001846265194942,0.37858829056643556,0.0774211096090951,0.5552210120006766,0.011389618025236555,2.05022260046108,0.20281946359978312,1.02806596463016,2.447609783811189,0.008410957890690757,0.2863712369543516,0.09039793569119886,0.0049193248664465275,2.5910885178663323e-05,0.06213017994873315,0.005111662008800207,0.0160930740508722,0.05246643669638274,4.693130527241477e-05,0.008331894820699803,0.0020187798226159186
EL62,0.8776520313077769,0.01573524156540272,5.348522684922408,0.35895683562752045,2.68938966340925,3.561695093605131,0.0269522877478925,0.4335688405002375,0.10409258445036416,0.649716762381758,0.00996436933225532,1.7166394045727877,0.2632065694137055,1.27232626134818,2.327383547180082,0.00791117992442619,0.2195413308713678,0.08171310883472802,0.00963025391975781,2.5870441475808643e-05,0.08651036593034032,0.005391497707935351,0.03559606128635211,0.043715545866169485,6.21233392518239e-05,0.010904058739968176,0.002822541690717224
EL63,0.9150145856950753,0.01611956928550192,4.989212625311223,0.32377020641951487,2.69696910907391,3.0156881168655967,0.025866491010496245,0.37147585907818853,0.129536167061637,0.8098353607357833,0.011793392768965353,1.7376497223209928,0.23344800263335733,1.1674494468143601,2.0072681440757267,0.009433608865049061,0.25395453303776105,0.14380001575981174,0.006883581827012132,1.866308036386772e-05,0.08003299108672046,0.005466478613677967,0.029568019113228296,0.038390292266544,4.1527050023848525e-05,0.007217046003141053,0.0018527371909320132
EL64,0.8660273630091367,0.01592306692107848,5.084528065456501,0.35257579849311904,2.66445507526682,4.275593546655761,0.02497107395456072,0.39194559249573835,0.11418453682144886,0.7105934659299883,0.012832461696347256,1.8336690974476746,0.3064925984884796,1.23453001123953,3.0517372617208047,0.010481140009276944,0.2680283719558485,0.10805331858550014,0.008783109769945523,1.532416275187628e-05,0.08486230065033844,0.00520839777032554,0.0323259473513561,0.052750538707746895,2.4546339492253617e-05,0.008839654899531875,0.002332270573828722
EL65,0.3432015654848714,0.01605940003218035,2.091511042293963,0.22566366314743547,1.15740902740001,0.9907649544365158,0.025748064870296163,0.4090791169757108,0.012443333648669817,0.10192267292397465,0.011890838378083505,0.34840925725160493,0.1336539512103537,0.192769459486127,0.2539535134871946,0.00957875122680536,0.252801491002776,0.011447998816552929,0.009248563020579461,1.8149840142149818e-05,0.06557344679909448,0.005400251546645226,0.034195301809769,0.03132774076716282,3.925348234242097e-05,0.009726013354314816,0.0023111669384738424
ES11,0.7118788135905687,0.019234045362463446,9.659966964078134,0.22379445550394814,2.03895085229215,7.518952676637617,0.03221336738156948,0.525557368059077,0.06692065082624973,0.2634383358459851,0.007064806588594156,3.3292623498475535,0.08456628415041502,0.987016619813889,3.224107466706373,0.007001717088555932,0.14994096930955594,0.030197074217360016,0.01183701593458611,0.00046194809455533725,0.2498197359280414,0.005987153697609412,0.04791027642112101,0.15613953450236198,0.000758600192255667,0.013016164411279896,0.0033058375582766834
ES12,0.7787082691782456,0.018440828033278605,11.374946554282495,0.2113726110240518,2.38882233206837,6.686432059987839,0.03361195664017274,0.4732923627897356,0.07216771026072119,0.26354962581743346,0.0061560592046592715,3.2949805248822863,0.07605685662482796,0.876688587860172,2.4849793401893643,0.005627172202664004,0.12412845152290888,0.02923509940639132,0.011885205784354137,0.0004613853301219983,0.24154218071735364,0.005885266223853591,0.0493783057277882,0.12397507858299522,0.0007750524985215003,0.011924997181740843,0.003307192843206238
ES13,0.7736284891340728,0.01808041880533607,11.101404243945677,0.21091400402899507,2.49444745021009,8.394008953556327,0.03360947944308986,0.3773398801926525,0.07245208144230218,0.247686321000526,0.00602985638568257,2.8593124292149863,0.07447568882640418,0.8558445084128561,2.9640759161336443,0.005614494903171186,0.10606020188689995,0.027833025053503924,0.011927391522781458,0.00045302597632385804,0.26830576704321496,0.00622431350233585,0.04950777423992691,0.15570218613444006,0.0007754795773691383,0.009465296033195668,0.0033060546038198363
ES21,0.648130985826977,0.01924217428956999,9.935439629166849,0.19771536645256213,2.13761246795295,3.2686171187841646,0.03357823100562009,0.5014736252451203,0.06602335576871679,0.17408324526488653,0.006455302510160753,2.5698545782975324,0.0739997435505327,0.61789519228028,1.0286284041057583,0.005672008228153821,0.13554072746295087,0.025584702606350627,0.011949658264216047,0.0004803553497049791,0.2689617066563046,0.006243683339027627,0.0496069565232142,0.07438277396103643,0.0007741601322764502,0.012760762201100914,0.00330563794594586
ES22,0.6037448306542657,0.019435376033854472,7.173528264094319,0.24470192610048283,2.14334588589324,5.621759903742792,0.03342097398787155,0.4785327226295724,0.06654944808469457,0.18632532001586236,0.006610241929054194,1.8166071159756767,0.09355631841795979,0.652628275738656,1.9010365946866992,0.0058398132436070045,0.13647448333700146,0.027047264728715333,0.011970203918005783,0.00048197008840459617,0.28018592896340544,0.006460856675256139,0.0495553569546949,0.12747138369794891,0.00077192699173838,0.011929362558619374,0.003304922935479123
ES23,0.41630450471028096,0.019233823933015436,8.195872250888469,0.19306583045455009,1.8445310239256902,1.0133508805486944,0.033498326477947746,0.47657864372916514,0.04861229249298952,0.13382777013140715,0.006498661896154778,2.49068488195591,0.06933244794888842,0.568189585693779,0.3741880089355248,0.0057649540924051695,0.13060519177174812,0.020895929418856006,0.01198395350398509,0.00047834732997120683,0.22677727554487767,0.006003262734247969,0.0498127136226324,0.024265743310153416,0.0007728887977787869,0.012061338215243507,0.0033061373789727995
ES24,0.4447322144660675,0.019020002981692152,10.54149458849316,0.22107724687571867,1.69312333646861,1.5129345576176683,0.03200022462342419,0.546410655963901,0.05017512893868854,0.11636729900594922,0.007081342880820863,3.0059321329238586,0.0697663758689242,0.467885462302008,0.5330835777326983,0.007182715039021438,0.2339041420482186,0.021670645704448044,0.01194951156341408,0.00045519412964206213,0.23275902726715783,0.005813551342465614,0.049644286559385895,0.04016597359449435,0.0007567595146503799,0.011946620541163,0.00330109545403218
ES30,0.5295852915424092,0.018900009180854754,8.672293323778986,0.19306877054213895,2.05191675886154,1.3313831041652888,0.03311637448720044,0.3532992675806739,0.06007657149249573,0.1804613154035702,0.006495343919375596,2.7632146580050545,0.07077219254271401,0.651111189312147,0.490656262330952,0.0060201025578693135,0.10491123018477287,0.02385158563390963,0.011990250400701037,0.00046978317005105243,0.230184736630965,0.005960111677017343,0.049817331548000096,0.029659388192296285,0.0007715046630954872,0.008908602040735864,0.003306618787827735
ES41,0.44932614439343777,0.019259741943117883,8.964207143094754,0.1802052487070832,1.85883435374655,1.4397221276867023,0.029799018228718343,0.5097242230766786,0.07317831976964122,0.21487457169996532,0.008184366658111609,4.864854037247761,0.08220593987962094,0.551312187797535,0.6523435984519672,0.009476492903498704,0.22035074931169918,0.02936865326471003,0.011640930463173832,0.0004261143884246185,0.230316070712772,0.005873916211326095,0.049297083274635,0.04422927340553789,0.000728580135020288,0.011139137706150829,0.003293967142302547
ES42,0.4849231165374151,0.019319900520174012,6.999974086838303,0.2529875719788984,1.78655994904875,1.4052869605632754,0.028521331271645547,0.5080777085651821,0.0668403493984176,0.1800561863545945,0.008802001076804847,2.8274880220089673,0.10735818707602758,0.520254372340592,0.4770113407289627,0.010815175573042192,0.1727183466428686,0.027694734270466946,0.011921998304015972,0.00040750007914308226,0.2766981511778662,0.006380682237032101,0.04967721868733481,0.03936257270984133,0.0007121690417886932,0.012000122722809141,0.003294965513464429
ES43,0.3585509862372557,0.01889884856110991,8.641526935080895,0.15080257538069244,1.7131456630293802,1.7705504593710022,0.0326109363801228,0.4716970647081803,0.07048214212046787,0.17428031531457536,0.006690350922493962,3.760268805099349,0.06372528806372872,0.482243678670428,0.754591908897831,0.006441392402134502,0.15577255122593436,0.028828934808402693,0.011706951907618288,0.00046552686432996097,0.23107611384360965,0.005959598640275518,0.049817946757125496,0.05832168302636456,0.000767047079603394,0.011283758935518444,0.0032912867846978666
ES51,0.7794244696074655,0.01927102049531213,8.75005068810798,0.2624031292838534,2.36080396626327,6.351091655448799,0.02981345680408422,0.5314223651236744,0.07128692388747938,0.22064232346106072,0.008195697683483057,1.8006977795949217,0.09637405844978879,0.7882339814918019,2.0205975424102394,0.0094881538214313,0.23479106019584495,0.029663799658578186,0.011971805462980786,0.00042576315571376546,0.27553617451837836,0.006637126805589131,0.049423374033998796,0.11510116057011714,0.0007280641771452912,0.011506610843804436,0.003304128838855563
ES52,0.6601124264979307,0.019078868559839344,8.042821921262162,0.3268707570113439,2.18008053658852,4.132257870717181,0.03220348423721437,0.5293805114658899,0.07219186826267616,0.20924581704203576,0.0070011195860616975,1.7263830306030552,0.1073088088279887,0.696707976519368,1.3868820320361457,0.006994304316949655,0.1550789015092108,0.028322113615750887,0.011999764799172166,0.0004591072306276071,0.2734112646172951,0.006363490540289669,0.049798811551599695,0.08506317421105973,0.000758883781250208,0.01302741283835916,0.0033050339060395383
ES53,0.6447490627401168,0.018821726920014437,9.024926613562956,0.2979206751040988,2.26564472135802,4.080344760795181,0.03310631388469655,0.37798935372169523,0.07327318295821598,0.19279544422010478,0.006427938213070475,1.6862183242946946,0.097908289549727,0.643839731034827,1.2705266446911105,0.005927351920007454,0.11047770548545624,0.02648018579105039,0.012004902277280544,0.0004725592449412633,0.28029526159903345,0.006409289945039435,0.049779596986583796,0.07936722460900175,0.0007741679885125389,0.009537682148347567,0.0033053044543683873
ES61,0.572171383805254,0.01923605170941595,10.431976882762996,0.2771591996094889,2.1036898073356602,2.9330736667244817,0.0313072281668372,0.5134530508059024,0.06538099224816103,0.1652439100629728,0.007492057986020604,3.103206213490605,0.09656593316169718,0.607009602661687,0.9579404360652849,0.007948057535479,0.18328727346453172,0.025979166526325596,0.01193527633490377,0.00044755496706194194,0.2315778239919644,0.006421028043472983,0.0495522741349845,0.06839943779062556,0.00074687316637781,0.011955306068983249,0.003299489534081324
ES62,0.5240742513674379,0.018907497161889532,7.257988851232272,0.25518731236379016,1.97753249041105,1.649132864210628,0.03321180701078731,0.5323641878723759,0.05721143478362863,0.17570716042417292,0.0064794039959807275,1.6191385199887605,0.09229868264452638,0.6033304049752131,0.5304558195228398,0.005995803568100997,0.1767304655022291,0.02330870688253412,0.012005501563681265,0.00046864420239009497,0.2768660622388305,0.00648045363605527,0.0497984943063518,0.041645068174165904,0.0007709437508192938,0.012626543374396143,0.0033047992591227833
ES63,,,,,,,,,,,,,,,,,,,,,,,,,,,
ES64,,,,,,,,,,,,,,,,,,,,,,,,,,,
ES70,0.48104510935614386,0.019030194749862565,5.692177552802481,0.22852264214899895,1.9084245030266698,4.615357554055614,0.03308813565127114,0.3644118225115776,0.04967320528006632,0.1731231086283659,0.006558517700296951,1.4289115304737872,0.08973226400095446,0.636102343405113,1.7479740742538432,0.006054399095933583,0.10716729026404215,0.022260340336084306,0.012004444601570975,0.00047225966361170193,0.27534399631643924,0.0064213894877927944,0.0498147842562817,0.11723063534064895,0.0007709892215013444,0.009177136919364792,0.0033057252448366833
FI19,0.4778240722736921,0.017909173623376722,1.5356755463461467,0.24885327053937056,1.62692252499483,1.5443193964285873,0.0283351984687991,0.4816547523345004,0.05730435005769064,0.3487232444253452,0.011617373835389293,1.1508963668262757,0.17471004189826667,1.50886741761921,1.0718593787947555,0.0109990372980111,0.34314087437158103,0.03836061105567464,0.023489401148225973,0.0007757284098685425,0.07436563553901696,0.012351476357367492,0.09107039201892532,0.07924834560587328,0.00117970143290674,0.021616429646266592,0.004382732825461463
FI1B,2.8009145060141845,0.10247533163333114,10.554117972373323,1.465902548083029,9.783975076782117,10.999064009261145,0.1545821263156584,2.98853453124973,0.32182523429902515,1.557963281902688,0.07621449641016417,3.0016394416415983,0.9725855511820096,6.230020601514407,5.940479935653132,0.07689167107609145,1.8221913214820336,0.20920269161485902,0.13865796312613224,0.004553619612976227,0.4679596059046032,0.06824372481158508,0.539249063245905,0.5657307425891415,0.006952685967173948,0.12915110980952232,0.02586035160980785
FI1C,0.37719085658778306,0.0010372424233301518,1.531749207134531,0.119962302137383,1.516874514867467,2.3751503267262284,0.0023216300537545645,0.15503288659927342,0.03703099001876194,0.2253974199663218,0.0005093731465064335,0.7416456743428723,0.05529058399884574,1.0742452822776754,1.5474553882107513,0.0005446547730601696,0.061445891443280505,0.023780652513244554,0.016870331378093066,4.310749174318632e-05,0.07215543498260042,0.006498006351054116,0.06917007252137512,0.1098678768938315,8.645531236391763e-05,0.006205861572892083,0.002905958621232858
FI1D,0.37719085658778306,0.0010372424233301518,1.531749207134531,0.119962302137383,1.516874514867467,2.3751503267262284,0.0023216300537545645,0.15503288659927342,0.03703099001876194,0.2253974199663218,0.0005093731465064335,0.7416456743428723,0.05529058399884574,1.0742452822776754,1.5474553882107513,0.0005446547730601696,0.061445891443280505,0.023780652513244554,0.016870331378093066,4.310749174318632e-05,0.07215543498260042,0.006498006351054116,0.06917007252137512,0.1098678768938315,8.645531236391763e-05,0.006205861572892083,0.002905958621232858
FI20,0.31449348801327326,0.000779467240327095,1.5995101499908735,0.13077974553393018,1.1733995109162099,2.02042138810393,0.03217513329795237,,0.029968459609519292,0.08029232535583981,0.00038755089386192964,0.15227343244450758,0.022560985873566163,0.190364101732386,0.7495834677058639,0.0074715703946801664,,0.019364817503379695,0.023506189730120468,3.3184761139767024e-05,0.09404861804014662,0.011543348923394838,0.09178340315588579,0.13861607910750248,0.0011825181571019422,,0.004382728547384731
FR10,0.377832587090459,0.014714830794499329,1.3327157603929622,0.1781808094295597,1.38077754180793,1.9813663676494775,0.027914165730990936,0.45071431990841904,0.04386364415328287,0.2551869204688493,0.008228530844483585,0.3095030108700304,0.130199126970469,0.710624260187406,1.3728359003329065,0.007047709892488133,0.19106871538372885,0.035823248337908405,0.02790083581656918,0.0009714063532788496,0.18465619204575456,0.013770144805139304,0.097582470956627,0.15002419806843206,0.0015988448723628192,0.0284112621190438,0.005138765566447904
FRB0,0.3569903240697953,0.013878820904869709,1.9668848152973735,0.2189883294430443,1.3255973145436701,1.5752943494130385,0.025499972123739223,0.4654892987481189,0.044959712869426106,0.3797327518356908,0.010128978652600951,0.8336677234218719,0.2605892883906422,0.862558155055347,1.286460634261061,0.009316684671861458,0.22830958111373365,0.045075420048551675,0.027720376692787322,0.0009749569886827773,0.1441634851241259,0.013633571162234017,0.0972548055398269,0.12993494262929098,0.0015923474690461505,0.029922717746459965,0.005135955146068454
FRC1,0.4585089863025408,0.014693912995496416,2.1891423949327105,0.18182187291613405,1.3152378469693,1.414513687152112,0.027400383119310607,0.4637533760952481,0.04520921045192261,0.6455256460327775,0.008967440885518038,2.112290187031802,0.185233116630381,0.777907312091221,1.4084713555332395,0.00775234985098062,0.1947026544957993,0.04233153335735896,0.027520142167130144,0.0009788043488662096,0.12541316368949254,0.013654051485155213,0.0972806382719496,0.10462432521935502,0.0015957207440436536,0.02865528041579962,0.0051365031852014615
FRC2,0.380901761659956,0.015323259265868097,2.077297303986222,0.15843930659415945,1.35070459007758,1.8687836015746766,0.028936169859796034,0.5092887652712975,0.04255879860982437,0.24723841484442916,0.007953732535681053,1.1307865331360183,0.11305343812464931,0.8778406492197169,1.5944935317772966,0.006417473022554952,0.21087485837814102,0.033453130345521026,0.027877648976171822,0.0009813206130345207,0.12529778636406202,0.013732938085816588,0.09680997671269889,0.12870272043348308,0.0015988715898566153,0.031685711887198736,0.005138416441407451
FRD1,0.3947965636876943,0.014569169532758736,2.0863726452276934,0.1596443074167533,1.27572377885376,2.1834217352411933,0.027156690546446666,0.45422592084038166,0.039838711254152046,0.5002996868913939,0.00909922762673633,3.2244795213318107,0.19098847774585676,1.82647318144822,2.743988490010313,0.00795508181358881,0.26029950959309656,0.04490218246019577,0.02774745706233446,0.0009767457786796234,0.155419630731426,0.013498238920951719,0.0954917219970254,0.15479905899004612,0.0015952735243300997,0.03052283402862541,0.005137502190846395
FRD2,0.36739532612435777,0.014876582684091307,1.6594038338862214,0.16343183274039766,1.2673301479055898,1.7567230100680062,0.028152572955907236,0.48929684085025177,0.040990993213200634,0.40477540473248336,0.00839024225720316,1.4387567265254595,0.18110184396807882,1.20931205003159,1.8502014000092626,0.007140519916406761,0.20780292096132036,0.04388046937604297,0.027815119255686048,0.0009704313187032442,0.17896709911152306,0.013603401963519024,0.0969297482438549,0.1402367145087422,0.0015971404391456998,0.03032030070202346,0.005137913757188025
FRE1,0.31151952354851076,0.014683354438166948,1.089409681891622,0.12774284074570927,1.01219132434111,1.7251335952864209,0.027812624768377835,0.4534437853035723,0.037127270372693054,0.3473638426332072,0.008423250323877404,0.6348590138868042,0.14315390171923686,1.04520069738316,1.9460651122344368,0.007239113720999545,0.1998397101965982,0.04346043661416173,0.027870005542925635,0.0009707981058378467,0.17910632828761713,0.013597039492601829,0.09724413171501049,0.15634677919801598,0.0015978112399486375,0.028549063000005145,0.00513814358783342
FRE2,0.3929931643178632,0.01461315246267873,1.6106777464974515,0.19148184245069336,1.32301991199385,2.03362590923823,0.027245945107223002,0.48743429795977417,0.043749208046609256,0.4358201851886804,0.009050145369779456,1.1543311052831091,0.23521989700889712,1.2547369108800699,2.1641156470995546,0.0078810095405858,0.19750056054378473,0.0481794916687256,0.02782327887550936,0.0009773871116043533,0.1790805457621823,0.013657692710263599,0.0969782381017032,0.15214035947431886,0.0015954359616433017,0.030074302571185214,0.005137800195712973
FRF1,0.29277000733842296,0.014441015950464674,1.5486781002191818,0.13615014967387112,1.0847623061734701,1.5135972897163696,0.027522201373280975,0.48711881449388206,0.034788968999800815,0.23101730262042272,0.008354591496741757,0.47677457467642276,0.11981193417862804,0.793988330475732,1.3013192261105946,0.007322468046655825,0.2040183035459739,0.03374893910502797,0.02788240671858974,0.0009642876697033788,0.16405152973277504,0.013659054505414494,0.0973648117610235,0.1437495464855089,0.00159846760641842,0.03037452078964631,0.005138011752171223
FRF2,0.3680314558820981,0.014813759791443849,2.0283621372672664,0.19649345541863253,1.33353948315434,1.7073745528999176,0.027976199619652486,0.49880516103144007,0.043052436449143076,0.3753008183315772,0.008522692595783688,1.6488484797061902,0.22181574006893068,1.04913417047345,1.5635569724458585,0.007288849267309148,0.21879643814058247,0.04252351012045799,0.027789591171668553,0.0009712502939352115,0.1725105346039143,0.013650723300288195,0.09709281750648698,0.1355620703258337,0.0015967649460076221,0.031150846183091316,0.005137410790181264
FRF3,0.38921917352831614,0.01492570814138054,2.2572842133975253,0.16816371240249314,1.34220582543255,1.667789271179972,0.028203976338410746,0.4745155333824966,0.042281500815274514,0.3394753215273639,0.008226291589298173,1.6840588874521623,0.15803174493410113,1.24070767987491,1.5967269096864394,0.006885487213076157,0.2005956198310446,0.041110911657243544,0.027831937302717817,0.0009778034580559185,0.1501838262560827,0.013589558718167758,0.09690007416740119,0.12897761828497842,0.0015986528519495067,0.02965334688682198,0.0051375794854851544
FRG0,0.4211871006186167,0.011694273509192886,1.7863336008109776,0.15561886691606525,1.22377499831713,1.826701071390769,0.019927958910976283,0.4626292571122834,0.03987259329335503,0.5681569657859876,0.01420203081897335,1.962651614550768,0.17561268184483242,1.7219938581941998,2.1968567716498577,0.014695589006104246,0.2528326688168799,0.04417345042369805,0.02767123431267441,0.0009545158180504351,0.1629771602981838,0.013495574216275376,0.0959022913252611,0.13780812442386883,0.0015770424109174215,0.030711255755596405,0.005137390923864506
FRH0,0.3427108551732955,0.01098686900109932,1.4994677697666263,0.15335771407281057,1.14889182159872,2.3840567849171674,0.01814960818286645,0.3494423482752891,0.0358503461406114,0.4064617301770665,0.015507156683124078,1.4435590681267683,0.18248660504989325,2.1315980860228603,3.011017910931993,0.016409817712503782,0.45202552219854053,0.04244697053163321,0.02781628504844312,0.0009487222794608876,0.17989617716914208,0.013504619407872257,0.09525945741687661,0.18660492628576159,0.0015722094175892015,0.030821094917070458,0.00513785982061266
FRI1,0.18930160508121358,0.014153001738313948,1.5943023906433298,0.11870949309640427,1.12102118484759,0.9565163264276451,0.026147120264448164,0.47031682476060194,0.037127800832844754,0.15594316152700258,0.00975132663967791,0.6667121426854709,0.09067654734736559,0.641773069509343,0.7829895224086298,0.008813850849454841,0.21971261076875961,0.03640882536774412,0.027741091659319428,0.0009753291266844282,0.12525478335296514,0.014048333376989143,0.097231688395992,0.09793153253527012,0.0015933190785653905,0.029996506715165627,0.005134573602662502
FRI2,0.4194649665205225,0.015092863055663989,2.031201801655288,0.09552249248610617,1.3171890450272798,1.482206017746242,0.028831691170123745,0.516155766035043,0.04501178532843126,0.45987252417290747,0.007901850393810823,1.2677346585333935,0.0473744689756553,0.598592151337469,1.1796652973020543,0.006538352066469277,0.20263712600986936,0.038135682903412814,0.02763752384847409,0.0009672468984102946,0.1255694698876304,0.013285536314856922,0.0974513770655795,0.11094223462568079,0.0015986268343360758,0.03143074129858035,0.005136771469104131
FRI3,0.32972969787894535,0.014208896345210095,1.7671319553645706,0.16804121651734857,1.22448143371404,1.5606601446721353,0.026397036077427896,0.4913627623704456,0.044800853339658823,0.3272201913264837,0.009251010273922186,0.6591758632415974,0.16414073425535738,0.8301852167165809,1.2819152785345782,0.008339877057881123,0.21790011898839146,0.050389025362770457,0.027768801763943363,0.000972874602691619,0.16433449984873102,0.01364411654082128,0.0972772141193781,0.13675818389849928,0.0015955390218145007,0.031247318246228985,0.005135302175524681
FRJ1,0.21760377717827162,0.014607276665598575,1.8805748813072414,0.14453210716662904,1.24809901276756,1.1646803420530925,0.027579119500926858,0.435243345737624,0.042896307774661684,0.041284696978521294,0.008364525366510294,0.4150585471980882,0.0658459459491343,0.33062446602811296,0.6478108504417412,0.007249254078566077,0.18720985830614623,0.03238260650744309,0.027844313733274444,0.000973498281386353,0.12565735459517163,0.014363743557270471,0.0975262217607622,0.1047448278996934,0.0015987299547525755,0.02747904733250599,0.0051371254400298305
FRJ2,0.29137842283612614,0.014670067169987828,1.8749693949496842,0.1603863626375801,1.3189209432637798,1.379171860924702,0.027467820114279923,0.5041507438399836,0.05836224565517143,0.3191651279518637,0.008901619377151433,0.9411387485425412,0.12624848009174186,0.655102865888692,1.104875787045388,0.007718863324847284,0.23190161098292322,0.06148689890254649,0.027630801740802388,0.000974858752031908,0.1254977383119967,0.013923831390806225,0.09709182532905869,0.11435456071290857,0.0015957125022759307,0.032023562320179354,0.005130761597202951
FRK1,0.4006833554802546,0.01501335165969549,2.1044935830683444,0.12680887710551086,1.4160178612321397,1.5888661340613335,0.028409666694065173,0.4769377166350332,0.04772245796709169,0.36779481362083266,0.008277877435409706,1.2109255722609942,0.07673475352832172,0.836302650071054,1.3325805981634908,0.00692272602406266,0.20062897336008137,0.040076879265480043,0.027724500714096222,0.0009734109654652261,0.125436406087232,0.013465954543097222,0.0969390580630636,0.11175688931093619,0.0015975289121268896,0.02965575437838532,0.00513668023131442
FRK2,0.2817247770203882,0.014336215213517498,1.8045487707917223,0.13801556450934058,1.21070073449596,1.1008345110227586,0.026592089606766,0.5178923966918264,0.040990042513406724,0.20340553407003556,0.009423516884668049,0.9467575609418742,0.10212402020829567,0.929738320560365,1.005762390944221,0.008391044418727409,0.22425854023916908,0.03701311884696624,0.027824717578285467,0.0009770316652071786,0.12540202863838143,0.01373963775279022,0.0967751376943517,0.09107047768637132,0.0015945270795332221,0.0325484833237599,0.005136244027495139
FRL0,0.22814784827872525,0.014911142087682882,1.5601413281845014,0.10507470016078305,1.0508067442429998,0.8670226380631779,0.02821695765264559,0.49108901856091747,0.02397129108042707,0.03692341295186322,0.008146159216623133,0.2749317313768809,0.029398838987691227,0.23526749484609,0.4452873763627287,0.006851580473170587,0.19803890642055497,0.017898759977235876,0.027879359015494543,0.0009750115681216333,0.12559494287055373,0.01463111049296024,0.0975423382557912,0.08823354992542015,0.001598825779519279,0.0304578448609322,0.005133792661256879
FRM0,0.1941505751332353,0.013829404947479876,1.7512667338899661,0.12137980794485491,1.20240160221611,1.3412870044003429,0.029204736870519662,0.44158318721423834,0.035235833878257454,0.03353834036044289,0.007012619409049135,0.3278357690557779,0.042090117723865075,0.431001683917875,0.79456432575402,0.006302470682666419,0.18308476770101237,0.023636923437962302,0.027868255390649622,0.000878490094949506,0.12522220536477702,0.014468995634215937,0.09758134362736899,0.12384317142789471,0.0015989996164544012,0.02750115608291827,0.005137735196526976
HR03,1.0352748902524016,0.01326531389758321,2.5484382934749847,0.26962576879339806,2.7466963089592102,4.016343701971586,0.024884532201404033,0.47407292637090337,0.0532227586521981,0.4190856129630894,0.006894233798207164,1.3396396724440571,0.15760501968895047,1.1025656594342301,1.8336724393320047,0.009085046973791727,0.20789630896213518,0.06156706637306477,2.705366738958073,0.017316984773284774,20.12216872445109,1.0782931103236655,7.258819727788111,11.75587798249697,0.03398321284849407,0.6240667188217142,0.24406936094014026
HR04,1.0352748902524016,0.01326531389758321,2.5484382934749847,0.26962576879339806,2.7466963089592102,4.016343701971586,0.024884532201404033,0.47407292637090337,0.0532227586521981,0.4190856129630894,0.006894233798207164,1.3396396724440571,0.15760501968895047,1.1025656594342301,1.8336724393320047,0.009085046973791727,0.20789630896213518,0.06156706637306477,2.705366738958073,0.017316984773284774,20.12216872445109,1.0782931103236655,7.258819727788111,11.75587798249697,0.03398321284849407,0.6240667188217142,0.24406936094014026
HR05,,,,,,,,,,,,,,,,,,,,,,,,,,,
HR06,,,,,,,,,,,,,,,,,,,,,,,,,,,
HU11,0.47040190896627265,0.022688238422804693,2.322448913621209,0.20080364281695226,1.6976840979855816,4.268233720271689,0.03013469216012036,0.4751267888821355,0.04842006057285204,0.29379058998880114,0.010458289142818041,0.7865223749011916,0.12823030057423163,0.9119244139647943,2.8627159702048957,0.00846787123892988,0.20550869473757769,0.043029281829747835,0.01061506828687121,0.00036217221549586786,0.054164693024456194,0.005679862385625044,0.040161955933322224,0.09486864088611378,0.0004687078583024745,0.008408954756648738,0.003616029694618955
HU12,0.47040190896627265,0.022688238422804693,2.322448913621209,0.20080364281695226,1.6976840979855816,4.268233720271689,0.03013469216012036,0.4751267888821355,0.04842006057285204,0.29379058998880114,0.010458289142818041,0.7865223749011916,0.12823030057423163,0.9119244139647943,2.8627159702048957,0.00846787123892988,0.20550869473757769,0.043029281829747835,0.01061506828687121,0.00036217221549586786,0.054164693024456194,0.005679862385625044,0.040161955933322224,0.09486864088611378,0.0004687078583024745,0.008408954756648738,0.003616029694618955
HU21,0.5475635369265509,0.022790347873033065,2.410498030937402,0.23059752416529053,1.9784946423632501,9.64952335166494,0.029484452446789947,0.49546346387728274,0.050994871161376396,0.39173143520399595,0.0121538873858719,1.0397370092343092,0.1616047787149491,1.59559396938914,7.096689465627415,0.009342296403066072,0.2830759763451087,0.04690196080290547,0.010551812532977902,0.0003546596208077316,0.056667312246974966,0.005675586510727679,0.0391702383014717,0.18980964189635424,0.0004657986428123892,0.008809337979208137,0.0036137253647529777
HU22,0.5488670837740925,0.02259061407657094,2.4911228448089977,0.2468089121117953,1.91465465285236,5.684983177475138,0.028981280946860477,0.5030156851279034,0.04846371425272199,0.41624961566108126,0.012854635612122424,0.9465493569669774,0.18516003938922893,1.6190136006268,4.375878044551374,0.009839678195716812,0.2690994830904062,0.0494949139109805,0.010572621102674993,0.0003494878745106278,0.06472909404340767,0.005760905045897888,0.0389866774413278,0.10480057236069712,0.00046433513107897354,0.0088929375016373,0.0036087030048635787
HU23,0.5849447759304246,0.022711198631022708,2.377309053264815,0.2652467112773319,1.95585102992725,5.57306336940715,0.0295428125274987,0.48556049580922506,0.0546107127056163,0.41545006378873206,0.011940986385088581,0.8064081856618923,0.18296285222307174,1.48162646382097,3.874676087881468,0.009265660444484411,0.3560584784906316,0.04814982647954845,0.010539749069774885,0.00035463202773330243,0.06826532957889006,0.0057065982441908405,0.0392565856806374,0.10955375748129886,0.00046600810773916206,0.008611369282736004,0.003614787783459358
HU31,0.44814424327548574,0.0222867906763224,2.376439811881985,0.1770974994776353,1.49826020606771,2.3605492143258817,0.028348535640276007,0.49392062067241216,0.04507068130300602,0.3111754005026871,0.013612241007534925,1.050103620937617,0.1092746655471705,0.785995448825199,1.6777352131131038,0.010454652837923399,0.220061232281041,0.03805764075046498,0.010528084111615823,0.00034299402539058406,0.050774156113223265,0.00580354228609592,0.039771116881529,0.056531224615501974,0.0004624996507594622,0.008769569308051799,0.003616749573328978
HU32,0.5430745672104426,0.02101880289530839,2.4398691283045872,0.23079133664583484,1.7329261264261897,4.613154197864969,0.02366042337750863,0.4714914673061437,0.07167509349542601,0.41313264806659394,0.023097830594566156,1.8055995121071822,0.1550607481323724,1.38554816208338,3.41270743415553,0.015927724956422952,0.3925315627271412,0.04931705151237452,0.010487265002915531,0.00028653431801115454,0.0509281331048479,0.0057194296211605855,0.0384688497661696,0.08712971796648532,0.0004449830738482556,0.008415832489304609,0.0036099503773658784
HU33,0.5525553479495047,0.02230494148314033,2.4646010137721888,0.25190328488198316,1.7206052264524703,5.6241238446472215,0.02773504474372956,0.4833144370352608,0.06601254188957266,0.40224574291970744,0.015202290665738444,2.0851742860066853,0.16780312078696366,1.2204156485717599,3.918477793423241,0.01122729201471393,0.40250904232288104,0.04745044551594328,0.01050457855839752,0.0003359621402117349,0.05091870030393829,0.005711141092105791,0.0387117564399324,0.10907451348872571,0.00046003831380227796,0.00861414307215431,0.003613402961264263
IE04,0.1845548537081007,0.01785840288092899,0.8462591781881863,0.0930241906893796,0.5726829186904695,0.3496987595244768,0.027709522724441202,0.42230607219385213,0.018471649305086275,0.20011094794411166,0.016810587900636026,0.8339063113297575,0.09641206713352571,0.6753086413770265,0.35665754167706304,0.015703062967571502,0.37101770018387265,0.019328184331502185,0.006521824740244169,0.0004984534164380176,0.028942976020167765,0.004534267906196536,0.016639450506391814,0.01325042015419558,0.000823174393231087,0.013656911896693723,0.0026207242969253195
IE05,0.1845548537081007,0.01785840288092899,0.8462591781881863,0.0930241906893796,0.5726829186904695,0.3496987595244768,0.027709522724441202,0.42230607219385213,0.018471649305086275,0.20011094794411166,0.016810587900636026,0.8339063113297575,0.09641206713352571,0.6753086413770265,0.35665754167706304,0.015703062967571502,0.37101770018387265,0.019328184331502185,0.006521824740244169,0.0004984534164380176,0.028942976020167765,0.004534267906196536,0.016639450506391814,0.01325042015419558,0.000823174393231087,0.013656911896693723,0.0026207242969253195
IE06,0.1845548537081007,0.01785840288092899,0.8462591781881863,0.0930241906893796,0.5726829186904695,0.3496987595244768,0.027709522724441202,0.42230607219385213,0.018471649305086275,0.20011094794411166,0.016810587900636026,0.8339063113297575,0.09641206713352571,0.6753086413770265,0.35665754167706304,0.015703062967571502,0.37101770018387265,0.019328184331502185,0.006521824740244169,0.0004984534164380176,0.028942976020167765,0.004534267906196536,0.016639450506391814,0.01325042015419558,0.000823174393231087,0.013656911896693723,0.0026207242969253195
ITC1,0.4537886858315572,0.017147951703997504,2.0541554793958516,0.1872535447250193,1.70481180459292,1.355694068446514,0.02769433994990208,0.5108728794765954,0.05000753086017076,0.5453756209360309,0.013528394515204994,1.7577529636448932,0.16885926156294342,1.3877986044608899,1.3581939852221148,0.012112388138775597,0.33766612531338125,0.05632209560772446,0.014148019330838665,0.0004703693794172784,0.056116190815664484,0.0066118368716272455,0.047678032248232596,0.03729754442009971,0.000692438120630291,0.013444009169413181,0.0036331739900073994
ITC2,0.5802486085594507,,2.669927633771481,0.21736651405036705,1.94308957333009,1.4607375265085778,,0.2999475416507588,0.06894288541749802,0.4181128868428279,,1.7177623219175533,0.1481809553217782,0.9483026884218669,1.2555432333347318,,0.1704799530654883,0.0520404261155032,0.014233401505600653,,0.05567713508235698,0.006712873182112466,0.048811507454169005,0.03600098638324552,,0.007995306295449211,0.0036277765124712626
ITC3,0.5340343667086388,0.02655535253327054,2.614489507536746,0.22273684708820785,1.78198534658601,1.8245694834097426,,0.5324547793053527,0.06454070153941013,0.3650074967329328,0.015489490961822202,1.5744823850238365,0.13223220925083853,0.737974642284942,1.4654633222376297,,0.23791882448048107,0.04667494033618262,0.01423002849824682,0.000707691720558501,0.056331329811664464,0.006979023928228697,0.048946767656218804,0.049559786775913106,,0.013444262804036556,0.0036362972344328275
ITC4,0.28334587779314946,0.01624888218313562,1.1585851187582246,0.12163574723850638,0.9190874289004011,1.3644966361658775,0.025352769603201535,0.41806773201792985,0.038498685295875676,0.5333329126029064,0.016346640706648874,1.8037338362054498,0.18909409177325862,2.35493161097191,2.2986151309480425,0.014860254614103327,0.5591391818611057,0.06382342416152169,0.01419565949955932,0.0004592837545591925,0.07729978680629039,0.006849992649565605,0.0459995786229076,0.06403633101697816,0.0006841725721632665,0.012652071418547023,0.0036331814846668796
ITF1,0.615694790865319,0.01778204607291522,3.152118912402441,0.25906930395039124,1.88731503160922,1.2908268346484613,0.029613479618484907,0.5352709572495187,0.06281942600085416,0.34826364546465605,0.0112806285864896,2.1452612722234723,0.14709268068030237,0.633400971756714,0.9887000547690209,0.0099809663746265,0.2568786832694771,0.0480081779028163,0.014220006399398301,0.0004749179377241301,0.05607465123656362,0.0070745659911628294,0.048711910451205,0.03153957620970375,0.0006985436039433939,0.013661118624016986,0.0036325315163441662
ITF2,0.6137443861971195,0.017445257888282835,2.8762269155219746,0.2440977472148843,1.9856884281848,2.3150368660799785,0.028369863531375664,0.5755979255441658,0.06889793899058716,0.4603452267119317,0.012593041494116188,1.271094582424345,0.1895110843410555,0.871887632570459,1.7404628399498383,0.011217407880312991,0.24245966321200615,0.05950710851439306,0.01422885229816528,0.000475859871092678,0.06425655644316641,0.006772738540119504,0.0487211649508224,0.05523523544348911,0.0006954326506509624,0.014218018622073385,0.0036337736048065
ITF3,0.4803127265324436,0.01771126555356202,2.3393586885008295,0.17544338383571267,1.58005532186355,4.121454894092595,0.029345618657388838,0.557214426045355,0.058852058020535954,0.5303957145387131,0.011371011510946574,1.3996607147792104,0.19216493842269788,1.7640505624169,4.282275873282491,0.010098061436034957,0.2578869562248628,0.06334525692887366,0.01420941644534601,0.0004771448615224862,0.07753384990391377,0.006800244650565296,0.0472442168323311,0.11880957743055168,0.0006987587260067036,0.014105381917525344,0.0036333463512433868
ITF4,0.65361330801008,0.018040222305850964,2.750012048023547,0.2527216228172415,2.18934218543964,2.690484657039187,0.029280009236132703,0.456686925434057,0.0744485619889186,0.44142924218936996,0.011674270443469038,1.0668512342867773,0.2671111140066502,1.3731683973214002,1.941317465180835,0.0100968781409273,0.21713815975297873,0.06167194158948445,0.014208293724511399,0.0004887265957672737,0.0563433609780743,0.007098855810843508,0.0474088350293911,0.056598516732273896,0.000698986255290515,0.011606475238555234,0.003630894889038068
ITF5,0.6900076409603427,0.01709553257496065,3.2022253078040928,0.24239565818802294,2.0240541551659,1.8613244986602655,0.02999304861055661,0.5635361014953888,0.07548640334745332,0.49772657139134735,0.010160052293798323,0.9210288401154764,0.21126468113731486,1.14295914830837,1.1503857104416872,0.009497010473092354,0.27423082185414943,0.06884252296229837,0.014195947411904632,0.0004539830556895635,0.07756333828577708,0.006770566135207035,0.0484374137426783,0.04363202490802406,0.0007001321425910801,0.014374868232343187,0.003630118931961625
ITF6,0.5859584719421433,0.01713441698452583,2.5765742779926573,0.2293032207108536,1.83911414604613,3.06366348991346,0.029325432198115432,0.48416815699965104,0.06886428118873007,0.4159685988679519,0.010765847203459062,1.184926092117969,0.18631687512792466,0.979418700770717,2.3178405791035557,0.010056306006947307,0.23495045246443316,0.06268257523949455,0.014209612079200736,0.00046088562222106294,0.05637804245392162,0.007014091423793592,0.048465810469041797,0.0701361358834508,0.0006990609544875123,0.012366301262895094,0.0036299367111329965
ITG1,0.5533439253757405,0.017734857187902416,2.365742643024127,0.22426918841975987,1.8743486983753501,2.2757458894547296,0.029539861511350775,0.4780433514499393,0.07379571933741101,0.4489982641098827,0.011041121420257434,1.0865290259922635,0.198962407181437,1.09137434124806,1.7462009927615854,0.009820367574962229,0.22844251519993589,0.06082364979115908,0.014199888622079708,0.00047705832848830447,0.05630777988855055,0.007083080643478515,0.04817337747631941,0.05620597495691098,0.0006996992028458732,0.012267730789458847,0.0036310300524496665
ITG2,0.407047217109581,0.018151921499784673,2.3999519903363673,0.18620281774742772,1.61094692877845,1.2430823352411058,0.029665697706112184,0.3956343893577948,0.06811178381798588,0.3731538716766309,0.011065553737328019,1.5785726970947385,0.15632700616818623,0.800539102534634,1.0504856254989987,0.009620797516583776,0.21387093425816467,0.07913193070799247,0.014184768288769673,0.00048812596909126986,0.05634985078702685,0.007027883404549002,0.048473316802284304,0.037664659692197566,0.000700461250081499,0.010404326651266142,0.0036221637934264724
ITH1,0.613669574511523,0.01763373725721839,2.609995314109068,0.19301444796763556,2.053728104050858,2.1177601918207216,0.028755628554969652,0.589910246366491,0.06150621176002958,0.4278092813288158,0.011289946582676416,1.5449589223305242,0.1378235366838635,1.4360125300196216,1.7031947425499716,0.01017222718876142,0.253084964031664,0.05646234424376972,0.014222555076377787,0.00048199763571323364,0.05683840490929647,0.0064170468154394,0.04761029241516339,0.04938077509483973,0.0006996969775493687,0.014710047977639112,0.0036333138816800298
ITH2,0.613669574511523,0.01763373725721839,2.609995314109068,0.19301444796763556,2.053728104050858,2.1177601918207216,0.028755628554969652,0.589910246366491,0.06150621176002958,0.4278092813288158,0.011289946582676416,1.5449589223305242,0.1378235366838635,1.4360125300196216,1.7031947425499716,0.01017222718876142,0.253084964031664,0.05646234424376972,0.014222555076377787,0.00048199763571323364,0.05683840490929647,0.0064170468154394,0.04761029241516339,0.04938077509483973,0.0006996969775493687,0.014710047977639112,0.0036333138816800298
ITH3,0.5365657478557694,0.014286707002756135,1.884041205750451,0.21191930503952403,1.7413513628251098,1.610605828842314,0.020390115326620075,0.4977539651669103,0.043628933590364447,0.48645697849287695,0.022286692073878067,2.1207010296733895,0.2164095902042132,2.05627678377782,1.3670784471319848,0.020706656423506522,0.3375133864630317,0.05874438227178752,0.014202720241485042,0.0004347976502332544,0.07713703115108392,0.006824747564907885,0.046632983975740304,0.04736423658539994,0.0006666335057756018,0.013184848313262556,0.0036337345894143355
ITH4,0.4732261305701057,0.017232287782641652,2.320219940549021,0.1899541758794912,1.5541494447175601,0.8370674238315401,0.02799023634621864,0.5488704862254535,0.04769139683284897,0.3953114920912663,0.012441754614017178,1.702942724262789,0.15733418904005955,1.07911632399425,0.8260918499004036,0.011301402683828135,0.2754832805592289,0.048513983246899164,0.014218925359102285,0.0004735941367796761,0.056354463819951385,0.0068766636216407275,0.0482836758800832,0.024997867094526154,0.0006957734952286609,0.013887490726359388,0.003632131528190045
ITH5,0.39170905958247,0.01605420453912241,1.9975935586559417,0.16175126626109482,1.41602667984238,2.2063695046133547,0.0248649962672813,0.5165622105681847,0.05104948643422141,0.47319845273967004,0.016913960903614318,1.161613062137731,0.19854454468473623,1.65520160068825,2.346025478482661,0.015426339000893997,0.37405214884740556,0.054729645114821784,0.014200115201203699,0.00045684048365685824,0.07655834907282377,0.006795559992443236,0.0472164619948263,0.07505681766982011,0.0006824828158475929,0.013730751195672304,0.0036338930886060023
ITI1,0.5559478936651299,0.018425811475184142,2.7431504058635947,0.2475020433352542,1.88891132149801,0.9807609275215142,0.030213269898164967,0.5342022042666201,0.05884914244498456,0.35135581240996244,0.010874610235316941,1.6613747309269635,0.19110043116059602,0.683203843464995,0.7381862364663881,0.009283857422866837,0.27398544419872545,0.054221161450383186,0.014202687327500354,0.000489058210792212,0.056362493982287536,0.007089568098583203,0.0486659880360186,0.02441121652276775,0.0007007843816915687,0.013598361065359166,0.0036298853389167924
ITI2,0.43048517771977207,0.01700885667411879,2.475847178128524,0.1896295563306264,1.5334425218936698,0.8988293471961171,0.0272576411364967,0.5564255727609332,0.041698511605381454,0.2827471682931176,0.014054588664511848,1.504795449466885,0.13355434584184522,0.564089340085442,0.7079042692487674,0.012576893936490901,0.30767781577581405,0.03770667513949571,0.014212054422045026,0.0004696919691309303,0.05631374494333043,0.007046515137592456,0.0487746432647543,0.027223938402033774,0.0006911238208195359,0.014288766261670227,0.003632259104147978
ITI3,0.507434681638747,0.017407973727421137,2.6548190687666686,0.21965740068267697,1.68065282039385,2.018198818099979,0.0282090530816405,0.53615007480289,0.049867503739174764,0.31805390320058397,0.013064423716863645,1.5963310183811656,0.15421907926353765,0.579343437744982,1.466290859156516,0.011557455890376302,0.2955021888860108,0.041158873976152734,0.014204450026210598,0.00047422351185307286,0.056503681006052714,0.007113609453894242,0.048757063601839803,0.05864731026668549,0.0006940079939498291,0.013792393357493844,0.0036325761669619796
ITI4,0.40433045662818384,0.017732543159290643,2.1726089123466705,0.16728298909848338,1.46054935981874,1.2995287436188205,0.029507873359604888,0.5589823992775167,0.05446157813168547,0.4275501056019404,0.011096159491063887,1.4596124091369915,0.16374668351650892,1.0799667386326401,1.3599599569377867,0.009864833104067074,0.2540183792510746,0.05866796571622181,0.014204418597647137,0.0004771064059921884,0.056417035283253356,0.006905702575368834,0.0482644828482816,0.041377088995634345,0.0006995401710809255,0.014147873135177267,0.0036312672152566407
LT01,0.40663628038497207,0.018040223536584073,1.6024571064608526,0.15490415557327633,1.33305969965488,6.0659683754717175,0.02692624975891213,0.49717763315621827,0.043314126928798026,0.23043610550833804,0.010875117916661507,0.8337641162747438,0.087789951346184,0.8192144375495289,3.5070926272535563,0.010366315436887166,0.25584438968669376,0.025071293738579414,0.01630876510306772,0.0006395516229366027,0.06785036062972406,0.007527605537753965,0.051214120232016,0.24521402081590604,0.0009862897810014074,0.01835475523299607,0.0038085968700893795
LT02,0.40663628038497207,0.018040223536584073,1.6024571064608526,0.15490415557327633,1.33305969965488,6.0659683754717175,0.02692624975891213,0.49717763315621827,0.043314126928798026,0.23043610550833804,0.010875117916661507,0.8337641162747438,0.087789951346184,0.8192144375495289,3.5070926272535563,0.010366315436887166,0.25584438968669376,0.025071293738579414,0.01630876510306772,0.0006395516229366027,0.06785036062972406,0.007527605537753965,0.051214120232016,0.24521402081590604,0.0009862897810014074,0.01835475523299607,0.0038085968700893795
LU00,0.3689824146776458,0.013888373210849235,1.4290548399833802,0.13388835837996002,1.34324822371087,4.567115213030894,0.026278459338260174,0.4193226417198236,0.04595072298733487,0.3685115872602446,0.009737311236200764,1.184231379795174,0.13122453190455163,1.18661696814234,4.976019692806373,0.00828500298428238,0.2071445016410294,0.04366012424750836,0.06257073262887912,0.00258512206524934,0.20222384581679384,0.026704569161872926,0.235818425536074,0.7845576831025131,0.004171620082800599,0.07150094380914489,0.00898861784564217
LV00,0.3722574030017658,0.0135577948972734,1.3050953330119182,0.15377172399855868,1.22705580181478,2.9051996177416726,0.032797810168188085,0.46814325254681677,0.0420784248312812,0.2639799677253786,0.00959378351359649,0.7929973661604947,0.1081747719375982,1.05370767681743,2.1158613631180136,0.01547229005364565,0.30254885772851986,0.030438792810361815,0.004825461524783998,8.567453141580453e-05,0.016857492206473607,0.003712883022542141,0.007720243037202051,0.03533345271724509,0.000189544078611598,0.007494262450759603,0.0020142026415078617
MT00,1.2047417704868202,0.013498435121976085,4.455579863414793,0.438926884464879,4.1310440212734205,6.853377186608784,0.0349143629972117,0.5647191470554035,0.15528522167692688,1.5684605662212,0.022562622077484138,4.438091667127531,0.45195312133979487,6.30677922714365,10.037812183178694,0.036926426526404904,0.7817883414966663,0.21365316905071957,0.0028770800653763803,7.046709351159005e-06,0.010337770199111638,0.0015040782896612037,0.00126748350947885,0.013540320886980714,1.7028453696815197e-07,0.0002856447436472228,0.00028361677738714114
NL11,0.48588659217787716,0.011073309980625346,2.036931321692533,0.1357324660403121,1.7738920621723002,6.452099536688084,0.026824800533064255,0.39672014980057174,0.05319968920494458,0.24007218086796234,0.006880741850550957,0.6887500323382612,0.08822505542175028,1.0279287166556301,3.470970405614615,0.009846685092516185,0.1554949530330339,0.03006426438025567,0.01583537694240951,0.0004052641546028756,0.06245347056624685,0.007196851535955652,0.0600675281881686,0.22428870218018415,0.0009013228570948185,0.014867425434677577,0.004183105656852032
NL12,0.5003061112346872,0.010906974787576471,2.278908923666245,0.1560722106376061,1.78496667761374,9.917419832755973,0.026105348875627845,0.36373310242724194,0.05724386874245433,0.2350379505806919,0.007036269872224522,0.9172327157416414,0.09211014037000013,1.43684904377683,6.309158295508523,0.010539801482490183,0.13944769627651038,0.033313326420523155,0.015834777255132507,0.00040027125583868715,0.06061546771508747,0.006607693136853973,0.0572120584361476,0.344424131206871,0.0008937453286795074,0.013435673781836379,0.004182354963939811
NL13,0.4637406649230963,0.01099585246726151,1.9773555863055519,0.11144132892784045,1.6473790013299199,8.05789079735987,0.0264403206641993,0.35244785338360823,0.04868106710130929,0.25604181666613846,0.0069756139698401685,0.9019049303555466,0.07725816529072109,1.07451324761493,5.001319247353455,0.010219378286982115,0.14811489380405743,0.03038291692282378,0.01582719723565626,0.00040302950614848706,0.060980489558021066,0.006923927569040942,0.0599982924622272,0.3066196141212949,0.0008972509480790652,0.013205145229484044,0.004183404950531679
NL21,0.4339299204871696,0.011023029394470758,1.70157945634392,0.1337181606011418,1.69380524754721,8.536121749396449,0.02660872623514631,0.3439366235467643,0.05239171182084761,0.28741012685276296,0.00692597593893245,1.0085008980586698,0.09352161962923798,1.43247747692716,5.984372344492292,0.010057958592949433,0.1806979686864449,0.033813322804694665,0.015819956536412688,0.00040374957179411614,0.06492423784514181,0.006872084362095491,0.0578870170170517,0.31338054075869115,0.0008990372554455755,0.013277805778425368,0.0041835041733219395
NL22,0.400933722591802,0.010670920634336658,1.540514358092147,0.1493448572563962,1.58927171756644,5.5156694476551875,0.024335848595629338,0.3479044215015285,0.051350951719206915,0.29326854989516177,0.0075639857942272955,1.1373599715569092,0.09639471893467169,1.3522825659588,3.941392726540309,0.01227807278390042,0.19211826256073813,0.03540380578545556,0.01580514420930946,0.000393979971320632,0.06967418759564564,0.007054873670341837,0.0581245717048605,0.2199360007276596,0.0008745713701497497,0.013567159418801508,0.0041837081467815986
NL23,0.4318405535519211,0.011282146760324113,2.179333093307461,0.08826560103502716,1.6508791196560502,24.43785050783696,0.028998907162394602,0.37937740848526436,0.04946599256621397,0.22265684714151524,0.006159970353862416,0.5165938575376137,0.06294670698242617,0.815914235921528,12.505053161831045,0.007663544983282601,0.1447482533007208,0.027157635160735768,0.015842569189989174,0.0004106512905246597,0.08400361263096265,0.007680107579346064,0.0612337509657219,0.9179590803619875,0.0009262902612867619,0.014074190229207641,0.0041769944571970795
NL31,0.4804517059550426,0.011248414577176053,2.0944112037045377,0.1154897941495452,1.84832839023207,7.347332150158203,0.028950631517810847,0.39098514841518245,0.05411659523393173,0.27236306524510034,0.006168109889632591,0.7116355205583709,0.07526910944743055,1.1148517460713199,3.905302277313143,0.007736155272895186,0.16250465580213036,0.03216901678040643,0.01582684083389348,0.00040919842330717403,0.0725902708773232,0.007419501304695754,0.0597490648575121,0.24394282897982728,0.0009250651748218494,0.014813312424140149,0.00418352765620236
NL32,0.4470765112530569,0.011179345685061409,2.270242813293629,0.1347657444115017,1.72154548741974,3.9670593454695364,0.029006329029101576,0.36948435762957726,0.05272739333537545,0.2162876448921207,0.006102890479072481,1.0212690048669697,0.07203936023918975,0.907783506049523,1.9931045512316539,0.00768239095548937,0.135283362232618,0.030094838575186005,0.015824486619182107,0.0004063953485059289,0.06113166506452178,0.007246131051850036,0.0597174912158297,0.14575297979031418,0.0009255273292716802,0.013481208604473932,0.004182102573785777
NL33,0.47467493736338573,0.01146680495369132,2.3076883667811003,0.14033088719992212,1.79061284662719,4.297494651497082,0.029231918259901492,0.3976306676932887,0.05542852763076834,0.24667673547607682,0.006201004912453944,1.0641511469842606,0.07928618576309332,1.02381976055823,2.257278198184184,0.007493860536721356,0.15259143940018297,0.031563069398065885,0.01581984075275355,0.00041622426356431055,0.06113220594277005,0.00710304277981018,0.0594078721181539,0.14991679721881945,0.0009272263029118273,0.014770073501506477,0.00418271334100757
NL34,0.3503863575548491,0.011284519935894678,1.9811202119842644,0.10806414762903924,1.31447950797902,1.4076248291258286,0.0286150494500501,0.4421900718310999,0.04040401999280628,0.20756178580408255,0.006311664214888928,0.92755578937007,0.06488119999188385,0.643876379754788,0.7811335437682897,0.008013821444538131,0.16083018356282353,0.024000699469188785,0.015818158132294445,0.0004118384587551146,0.061001753258279764,0.007698720506729737,0.0612368272569537,0.06600509703911218,0.000922591520844123,0.016342663272411725,0.0041823790317838064
NL41,0.37439243328624017,0.010432075433053668,1.2975892825499118,0.11653035737839121,1.5194450437450502,5.427373964271137,0.022705819161196298,0.30438634249597374,0.04533061696376865,0.28616769475175025,0.008034876633237948,1.0824904994481492,0.08759351123669222,1.18442899889931,3.859403546046209,0.0138751204820952,0.24827710155880586,0.03443132201073793,0.015814768019752776,0.00038756021992329974,0.07368880970159851,0.0074330689481980974,0.0595244312178104,0.23017463752890005,0.000857218358025151,0.012791080428340032,0.004182727137781738
NL42,0.3450637731654189,0.010839841870032861,1.4244293098814047,0.058343846290821434,1.37663663586606,1.8849221065075026,0.02548920058212999,0.339735032801205,0.04004303869322842,0.2546801537995938,0.0072241779497180586,0.8680963899897268,0.05407742595939084,0.890603612792534,1.2172842089920142,0.011106453304727705,0.17633110200612723,0.02971511658456971,0.01582657434328849,0.0003990779613912959,0.06138451093087656,0.00702510443273538,0.0612611299878036,0.08707304029662057,0.0008878966698075074,0.01311008211297735,0.0041835313652107695
NO01,0.1565055744206,0.011518498531443806,0.5768316004846714,0.07727923312996882,0.537200334372247,0.9414665922041153,0.029879762707181973,,0.018709549109968634,0.2914276627861499,0.02302620962860378,1.0832397536920622,0.1455649456802645,1.110832377144925,1.764303373259469,0.05073908436055131,,0.032607958643070326,0.003840658052430383,5.954535980899588e-05,0.014842615908320828,0.0033485285470872023,0.006299779174203218,0.02788048522420525,0.00017666326859882753,,0.0009614166744833344
NO02,0.13320754215353844,0.011865070191828185,0.5537926025668901,0.07053252944223941,0.316579816132872,0.7867097129856551,0.031145930001503962,,0.0149118273499595,0.2788509061582128,0.023868093472162875,0.966106257148893,0.13320490732807777,0.640992964598928,1.547969588270733,0.047860933809508746,,0.028065222866853163,0.0038238136473822725,6.759675248073088e-05,0.01505555320948033,0.003344152601110651,0.00688601488138522,0.027857735287169894,0.00022980048455299972,,0.0009394624887455057
NO03,0.1565055744206,0.011518498531443806,0.5768316004846714,0.07727923312996882,0.537200334372247,0.9414665922041153,0.029879762707181973,,0.018709549109968634,0.2914276627861499,0.02302620962860378,1.0832397536920622,0.1455649456802645,1.110832377144925,1.764303373259469,0.05073908436055131,,0.032607958643070326,0.003840658052430383,5.954535980899588e-05,0.014842615908320828,0.0033485285470872023,0.006299779174203218,0.02788048522420525,0.00017666326859882753,,0.0009614166744833344
NO04,0.1565055744206,0.011518498531443806,0.5768316004846714,0.07727923312996882,0.537200334372247,0.9414665922041153,0.029879762707181973,,0.018709549109968634,0.2914276627861499,0.02302620962860378,1.0832397536920622,0.1455649456802645,1.110832377144925,1.764303373259469,0.05073908436055131,,0.032607958643070326,0.003840658052430383,5.954535980899588e-05,0.014842615908320828,0.0033485285470872023,0.006299779174203218,0.02788048522420525,0.00017666326859882753,,0.0009614166744833344
NO05,0.1565055744206,0.011518498531443806,0.5768316004846714,0.07727923312996882,0.537200334372247,0.9414665922041153,0.029879762707181973,,0.018709549109968634,0.2914276627861499,0.02302620962860378,1.0832397536920622,0.1455649456802645,1.110832377144925,1.764303373259469,0.05073908436055131,,0.032607958643070326,0.003840658052430383,5.954535980899588e-05,0.014842615908320828,0.0033485285470872023,0.006299779174203218,0.02788048522420525,0.00017666326859882753,,0.0009614166744833344
NO06,0.16791096967301603,0.0125889608949178,0.598291874110846,0.07802261649717245,0.48353209231101296,0.9104475292115469,0.030548988824155267,,0.018128870073541012,0.301544936221667,0.023584798671950947,1.0400842143952773,0.14202537806614113,0.9268848166355109,1.6758714964497454,0.049195181231324395,,0.032676754847488436,0.00384356385163346,3.255229788759897e-05,0.014713873522290179,0.0033444905942653243,0.00673267638674296,0.027673199487834373,0.00020452537076268243,,0.001053753762028353
NO07,0.1586343212909856,6.489051163533628e-05,0.6591252232718958,0.08218381429627074,0.5286247976084549,0.6872557815866934,0.034172886330743855,,0.0158052155636019,0.28006825325328694,0.00013819805868347647,1.002769988913154,0.1437048420224683,0.8728008417625789,1.1995823022081396,0.04128897618339197,,0.029312595271467144,0.0038590743705820122,6.503518960870076e-07,0.012553119992893437,0.0035914754704896327,0.007385967437532809,0.020443599466552893,0.00036342157515578986,,0.0009723109263748542
PL21,0.5551928533464995,0.024411263068433164,2.550967058077813,0.2277941873195868,1.71257265389244,4.422125892500703,0.028838543174966983,0.5645186337250828,0.06962816360045805,0.17452791634430434,0.00741816412165393,0.5107268734185343,0.0709901925000814,0.448631556577965,1.6199245730381615,0.004111718758585801,0.1337466444978546,0.02625966128978711,0.020495759563096905,0.0009445957048971488,0.08569255550841778,0.009842899376764306,0.0643665469829337,0.16195813254581395,0.0010557361926451757,0.021396098460714073,0.004453476615304922
PL22,0.5625027321155089,0.024021690564177984,2.4078396534347672,0.2317361513094627,1.6084171155945401,6.933330034707279,0.030108178433199573,0.585350880394056,0.06473951074780906,0.2125102132895494,0.006330983066169863,0.5821230467135914,0.08800138968835464,0.532072248617695,2.8993240076071434,0.003337714490270486,0.14429843874215212,0.028558691720674437,0.020495184693839576,0.000912070848409776,0.08751288633170845,0.009892095740580833,0.0643740489466082,0.25807665138757546,0.0010558591801329922,0.02234504655257783,0.0044516278537773
PL31,,,,,,,,,,,,,,,,,,,,,,,,,,,
PL32,,,,,,,,,,,,,,,,,,,,,,,,,,,
PL33,,,,,,,,,,,,,,,,,,,,,,,,,,,
PL34,,,,,,,,,,,,,,,,,,,,,,,,,,,
PL41,0.6033470100877893,0.021910829633418703,2.446814613598814,0.2718347867103802,1.6716093746829,4.736869155124042,0.021205333038219802,0.5257687762679017,0.06087479753767329,0.30063080336772174,0.015004486031227678,1.334377068556388,0.1291663718049141,0.7680742142439081,2.1994032659267138,0.0107430288356282,0.31194952924137626,0.030659031744287663,0.020493791589276437,0.0009426990188451567,0.13197147966542647,0.009479075950040602,0.0643234978236696,0.1857134253249712,0.0010530089686662,0.023571122355563152,0.004449124497009709
PL42,0.42470225412767604,0.023687368669790883,1.826153355096519,0.1951866146040451,1.1534054244384,1.8029890407992113,0.02641918810031573,0.5585873168032535,0.04400350856028756,0.19848771529954048,0.009875367234429028,0.4381509192939584,0.08376869360238458,0.3502565833870431,0.880262840037958,0.006202420249799344,0.13754473204899131,0.02025073229500781,0.02049007542582214,0.0009463075662849832,0.08601685398409216,0.009853087064913925,0.0643729800348371,0.0957860328971051,0.0010548826347319528,0.021390688881295458,0.004461886192967944
PL43,0.41930642674507956,0.02386738153756247,1.8568359253599875,0.17654213984984712,1.2181873121142202,1.1757852963426074,0.027095984484714723,0.6170839626634413,0.045670994305205936,0.19710237657589175,0.009154581352289259,0.44714970432394185,0.07418250530203482,0.37708992103468897,0.5630233894603973,0.005599849808594017,0.14022581397789113,0.020807079936414022,0.020489991486552003,0.0009449620846571653,0.08574398105425832,0.009847567115109084,0.0643769513818664,0.05878720333546353,0.001055146095596779,0.023442398579044173,0.0044598689499136075
PL51,0.4899867289362738,0.023830940000916956,2.945244611572947,0.20536053330296838,1.38871941797668,2.4607633519084207,0.0266683594769297,0.5327633296396584,0.0466258049277055,0.19258081965309437,0.009767235911725364,0.797307711877949,0.0793354720183533,0.377868431961123,1.0455478131891367,0.00604354685374145,0.13149836795180952,0.0212076257369575,0.020492905984804233,0.0009480079180968428,0.08561395567731118,0.009854524169983387,0.0643756562121487,0.11263583461058879,0.00105489350541299,0.020273455578956184,0.0044421867658168265
PL52,0.5397256139263952,0.02437708447612387,2.825032877058281,0.24773764184368197,1.67372608839587,5.941978947298697,0.028094048034440874,0.5897563765547065,0.05679843404029772,0.2561318153279521,0.008406438271080147,0.6812055298968447,0.106495500963142,0.577009796760768,2.6639413691786973,0.004856692291475703,0.15532788763709085,0.028043212176330348,0.02049348680139564,0.0009492209968698513,0.13196250384282343,0.009310309994607243,0.064375283303318,0.22185673455839722,0.0010553354822566878,0.02269520365304006,0.0044549866717407145
PL61,0.5364019391882007,,2.665627333053841,0.24071682002188002,1.66942707218114,8.609049501237726,,0.5252734635997404,0.06374437730126382,0.27469030184497967,,1.2890174002465835,0.11280710572423669,0.866603779991053,4.132460506805544,,0.23609762748369764,0.031473497789161274,0.020492572825492793,,0.13192562948003841,0.009429282129202642,0.06431380131535759,0.3251825180684081,,0.022132953126550597,0.004453573268858082
PL62,0.4889411058580642,0.02373901087550794,2.7409117508535674,0.19774241605991205,1.7633071731014998,3.4295815563412453,0.026470343099012902,0.570198938414637,0.05783888789293125,0.2070606071490162,0.009944060877052931,0.9813502768380884,0.07911771572181164,0.699367011626648,1.3409266435090512,0.006223588869148372,0.1769905579897185,0.024376037512050728,0.020491681136064994,0.0009465926241162877,0.08562813150356594,0.009854362949842044,0.0643096412742992,0.13618644602395222,0.0010548137238673657,0.02243153352528006,0.00444442560330646
PL63,0.46768659829296877,0.023927139089319954,2.5937881466633264,0.20998696146975734,1.48227181947354,5.624805883803952,0.026974789985339767,0.5633537705403381,0.05517407750516872,0.21685105549225894,0.009463181455061677,0.9883681956787115,0.09121176242786422,0.566334596567337,2.5971723531985167,0.005798775003938304,0.19783244845373457,0.025258153104965188,0.020491491343277962,0.0009470257718238347,0.08554684076160632,0.009933743291600192,0.06435487596167469,0.24130105320933773,0.0010549747551437919,0.02260410423237611,0.004447615164597059
PL71,0.515576499419159,0.023316835521086075,1.7405940305262848,0.2279516390730008,1.31106703128268,4.658382540776179,0.025258969438897994,0.599984595165359,0.05898831293547593,0.254654397450685,0.011079386191207003,0.7483230979866629,0.10729253625925697,0.6448831296199441,2.403437170221893,0.0072474140682232055,0.1919065772441953,0.030101982517252445,0.02049270265231496,0.0009455600280541868,0.12090585289764624,0.009356968200844253,0.0643312645894655,0.195581951048861,0.0010544168865690173,0.023684264793647953,0.004453345334806216
PL72,0.16341433817763645,0.01064546803289758,0.8920386883624702,0.07023173761841563,0.595714080135276,1.59060476561747,0.011075718495884596,0.21970821429608373,0.00907074844631269,0.06933768873264493,0.005903509298975187,0.36138184192285744,0.032870355935593905,0.31239567750311087,0.726217721090265,0.004031470084684208,0.06539099732493603,0.004403158719433275,0.006240042875804162,0.00044179190769902334,0.031786622219904255,0.0034038494671247595,0.024834886477763735,0.06902352823441202,0.0004931315547949447,0.008573576594050343,0.0006969851984535799
PL81,0.16341433817763645,0.01064546803289758,0.8920386883624702,0.07023173761841563,0.595714080135276,1.59060476561747,0.011075718495884596,0.21970821429608373,0.00907074844631269,0.06933768873264493,0.005903509298975187,0.36138184192285744,0.032870355935593905,0.31239567750311087,0.726217721090265,0.004031470084684208,0.06539099732493603,0.004403158719433275,0.006240042875804162,0.00044179190769902334,0.031786622219904255,0.0034038494671247595,0.024834886477763735,0.06902352823441202,0.0004931315547949447,0.008573576594050343,0.0006969851984535799
PL82,0.16341433817763645,0.01064546803289758,0.8920386883624702,0.07023173761841563,0.595714080135276,1.59060476561747,0.011075718495884596,0.21970821429608373,0.00907074844631269,0.06933768873264493,0.005903509298975187,0.36138184192285744,0.032870355935593905,0.31239567750311087,0.726217721090265,0.004031470084684208,0.06539099732493603,0.004403158719433275,0.006240042875804162,0.00044179190769902334,0.031786622219904255,0.0034038494671247595,0.024834886477763735,0.06902352823441202,0.0004931315547949447,0.008573576594050343,0.0006969851984535799
PL84,0.16341433817763645,,0.8920386883624702,0.07023173761841563,0.595714080135276,1.59060476561747,,0.21970821429608373,0.00907074844631269,0.06933768873264493,,0.36138184192285744,0.032870355935593905,0.31239567750311087,0.726217721090265,,0.06539099732493603,0.004403158719433275,0.006240042875804162,,0.031786622219904255,0.0034038494671247595,0.024834886477763735,0.06902352823441202,,0.008573576594050343,0.0006969851984535799
PL91,0.16341433817763645,0.01064546803289758,0.8920386883624702,0.07023173761841563,0.595714080135276,1.59060476561747,0.011075718495884596,0.21970821429608373,0.00907074844631269,0.06933768873264493,0.005903509298975187,0.36138184192285744,0.032870355935593905,0.31239567750311087,0.726217721090265,0.004031470084684208,0.06539099732493603,0.004403158719433275,0.006240042875804162,0.00044179190769902334,0.031786622219904255,0.0034038494671247595,0.024834886477763735,0.06902352823441202,0.0004931315547949447,0.008573576594050343,0.0006969851984535799
PL92,0.16341433817763645,0.01064546803289758,0.8920386883624702,0.07023173761841563,0.595714080135276,1.59060476561747,0.011075718495884596,0.21970821429608373,0.00907074844631269,0.06933768873264493,0.005903509298975187,0.36138184192285744,0.032870355935593905,0.31239567750311087,0.726217721090265,0.004031470084684208,0.06539099732493603,0.004403158719433275,0.006240042875804162,0.00044179190769902334,0.031786622219904255,0.0034038494671247595,0.024834886477763735,0.06902352823441202,0.0004931315547949447,0.008573576594050343,0.0006969851984535799
PT11,0.4899245087042422,0.016748703274783408,3.256539513082559,0.22946577651698483,2.37531074235088,4.726435986508089,0.027880397500222323,0.4113003261262715,0.05002878946382441,0.3623173953477353,0.012575622628147863,1.4795490286323068,0.18886344645656056,2.27324234424625,4.144973388325432,0.009903178995900411,0.2148479716959727,0.046229649033003355,0.008246254690736976,4.615994466327151e-05,0.06792283658056573,0.005437138758268305,0.009748697871167179,0.07700048609535862,0.000288345484065056,0.009969106668058288,0.002943963262483347
PT15,0.459909406069481,0.023579624226737397,3.302961555577025,0.24391198890651672,1.92155170982433,1.9232899888112622,,0.39455616986457887,0.04018975435998593,0.07898336957882857,0.015861322938509052,0.4654565138499841,0.07370307975901787,0.551438087775604,0.7958196469803503,,0.20196039763480975,0.020463940628701695,0.00920561368645209,8.385718026776183e-05,0.060289146932431724,0.005475260842381641,0.033979726231747,0.03614004256299636,,0.009342967838491706,0.002964647462982998
PT16,0.31173785989688857,0.017721630683512807,2.963141905020566,0.18732512302217422,1.7345679523511401,1.8525778294157391,0.02482942570189945,0.4350909971868038,0.03990411667080281,0.1212961617140084,0.01900207705160211,1.3710958512179596,0.11604717914240228,0.9207351555488081,1.289387479492222,0.015462874366257378,0.35315526125781743,0.034798116515471204,0.008332978959861364,1.617729762508831e-05,0.05900781382571291,0.0053882800431996995,0.0240262513982263,0.040495757043927244,0.00014366093607955425,0.00964663742084397,0.002930952884079508
PT17,0.5389867095120162,,2.8708311771356776,0.21492794704322743,2.08719430841891,4.58802127018148,,0.4509150860610848,0.05074744964857878,0.21040634212647424,,0.5510450966691269,0.13339548972864648,0.960588313605521,2.5073131813539185,,0.2579415066626556,0.03284726931524011,0.009067899779508542,,0.07754752333853017,0.006018007112817705,0.0303952758932016,0.07738886216037534,,0.011416359599302255,0.002966822037528723
PT18,0.7424089365934919,0.015573694723029862,4.148838254406891,0.2958766383940916,2.33072089002401,6.526484894249223,0.028416302628845987,0.4348615258040649,0.08117070246420742,0.684001400086719,0.01035372286506016,3.4112511884808128,0.22552735242451158,1.1753771597725,5.194391023732319,0.008557549441837895,0.3653227373969194,0.06613352213554716,0.00499177426272612,6.412625406787591e-05,0.05513102059551816,0.005195561915811658,0.0243770090031284,0.07383600826478262,0.0003258347693396712,0.009525661162621376,0.002887582279106819
PT20,0.5854304564478536,0.016453479519626644,2.478032498858593,0.15923087083451198,1.76789420867141,7.7965867126166755,0.028323132275413405,0.3665411664882706,0.05027946059480368,0.3757275783202816,0.011749016399090218,0.6029362460458066,0.15094037212824285,1.38551577640101,6.203322667599731,0.009152546994158,0.1895783572158624,0.04092056354640352,0.008954390862242355,0.00011447625539078268,0.078619988058934,0.006487560479083255,0.022526135582085997,0.12129422408338797,0.000311428675394917,0.008059768706345715,0.0029702734226446704
PT30,0.3891292007148158,0.016497852348277976,1.5694189697432566,0.16050989931280799,1.5927377054217,0.93509148540709,0.028382211308362687,0.3141185586053878,0.033856692236043845,0.17342155785293328,0.011670627509562059,0.4369011945678886,0.10800026346534768,0.671575019539571,0.41314094685580216,0.009030102484182196,0.1685483218122393,0.02789496447965329,0.00929172907586705,0.00011915908997590306,0.07989036340459449,0.005786471930367737,0.0339612805951882,0.024208646169203832,0.00031485982556731727,0.005739993939106673,0.0029685529093282812
RO11,0.866868546126139,0.011863702137066723,3.571980037724679,0.3261157587851129,2.39512714347566,17.292080778685698,0.0300617744310311,0.6440401165620117,0.12747398344037023,0.275450365968822,0.004496478326992665,1.0837288983730777,0.10523970205733923,0.708891741540215,5.28101775243127,0.008323963187050091,0.1936317682503386,0.03863968636140498,0.00625685875191502,1.3989215212888656e-05,0.02115421095204453,0.004378533386487615,0.00241545496692724,0.09937470259151791,1.87075794789608e-05,0.005242384270075114,0.002408388726666164
RO12,0.889685072353446,0.011709661517679798,3.537669147848243,0.3125060851220884,2.24734654938337,8.27343761511828,0.03004410204408993,0.5906649265163061,0.1398238630812992,0.2899846162918331,0.004466619085487961,1.177051784809523,0.10857085945459514,0.63506408407973,2.676740553821634,0.008319953029996555,0.18614036653863636,0.03944160733439578,0.0062338561190833,1.4103867754342906e-05,0.020955634050761847,0.0043786411489601515,0.00248353734247085,0.05096110164397227,1.8898272673894038e-05,0.005152470651198134,0.0023371275479287727
RO21,0.8755322748534679,0.013065145427135693,3.4181939454029466,0.3689047063534857,2.8971153649869996,10.38625424114819,0.03213491090168672,0.619303884020518,0.136291727834552,0.2788963061703122,0.004161918414795408,1.276100047192419,0.11681852795087551,0.96824438741333,3.0302227077102106,0.008799019961051788,0.19231401998084705,0.04216399120651461,0.006283574585526651,9.31471217175718e-06,0.02169224486296684,0.004633342351304917,0.00194557650980376,0.05068208773461961,1.106633041738006e-05,0.005365449920881881,0.0024287720144205377
RO22,0.9764892213552587,0.0128492363910134,3.6001936831549077,0.4025279835666645,2.08436271615522,68.86299948931817,0.03178217752411611,0.6452057636307513,0.1383681034539202,0.29966138320597774,0.004218519150912217,0.8758575477949351,0.13272178487983544,0.536933625616164,21.60632920404504,0.008717570047084936,0.1895591542976323,0.040693825348908266,0.006217133519732566,9.89873653674184e-06,0.03614900999204574,0.0044229415232775226,0.00359568942766632,0.43544425887454163,1.1458388434709e-05,0.0049518631996480576,0.0023979308225717216
RO31,0.7904672088732233,0.014199365383745294,3.24899891037896,0.41551469108967876,2.1769882636951103,15.174485321033915,0.03403164206161863,0.6960325241467404,0.1170534709506957,0.26205475425027364,0.0038540871267376993,0.6554403604876778,0.1392942387351242,0.619997252860502,4.8361883692082355,0.009239776862107443,0.19971536974601892,0.03965748934324758,0.006305980905255928,6.799842528424668e-06,0.03233785184804749,0.004342303632613416,0.00337233752464251,0.0981470810494796,9.631601903264013e-06,0.005224188488564013,0.002486388560005547
RO32,0.68401658754036,0.010209602463552632,2.111654556914305,0.29828919975679385,1.39274691364066,2.3063261270865745,0.027604166880917005,0.47630935905057264,0.06401716780780928,0.3019180685431851,0.004760548823931066,0.34800596711214693,0.13943960979063252,0.493992443197932,1.0204859131973587,0.007784213884534531,0.1759212676486748,0.0407333546991457,0.006313459779605546,3.2373648447183824e-05,0.03928046592361302,0.0045292256533264776,0.0149546378140357,0.024181208209170534,4.171887376790413e-05,0.005364222587146722,0.0026734807171240023
RO41,0.8796268804315034,0.012450531953006282,3.3913579641640057,0.3884434817927452,2.06559433644337,15.951109202143495,0.031100658285331272,0.6686320143920363,0.10683840866303379,0.2702156856367979,0.004328497903126452,0.5840354460014094,0.1264937806531405,0.525236380615238,5.037501429375345,0.008560675944665577,0.20230481107056228,0.037254642337331154,0.006281688962610933,1.1214198284734931e-05,0.023200587905801373,0.0043484730441926776,0.00393399789673887,0.1111664252749485,1.2552113651664166e-05,0.00567681370132333,0.0025216559333115216
RO42,0.8623845422893966,0.010428351425313323,3.3356225934553083,0.3468711479740463,1.72827095865106,39.29507243707788,0.027806484284818248,0.7097414714594973,0.105587987278954,0.27394219008192555,0.00473099564051781,0.6926051771213942,0.11630802290382591,0.365663208798861,13.806382613211815,0.007826011497261599,0.1935927922435624,0.03487708571344684,0.006247036260918675,3.061754903991808e-05,0.02195536419235008,0.004378837390811382,0.0043489596424252895,0.3205386640876409,4.045608444766984e-05,0.004726150913502467,0.0024374267564966864
SE11,0.14939607695276633,0.0029706754680315374,1.2852499853885877,0.08239497324114652,0.8275989529130591,0.6912994845849223,0.028173755474084575,0.5537692557533633,0.02328555128377614,0.033958489729345905,0.00181845815115753,0.3722999835630287,0.02189557388894202,0.135846409090774,0.308581113621754,0.007194111260606971,0.22221023321927685,0.019303797530020282,0.06409306813613884,0.00047529398082154145,0.2075480486717709,0.033504969939021606,0.248888481432016,0.18926920479401085,0.0038411720719458025,0.08012073415412879,0.00838378979218907
SE12,0.27590691948803003,0.011712450134694435,1.1529443784736044,0.17801841788830997,0.845816156144359,1.1651664295580473,0.02379692989070751,0.4337120745931808,0.03923800336785506,0.21788295645871766,0.010204998332665777,0.721675624494072,0.15608790567953043,0.77485710179956,0.9287754144430644,0.012513359019425057,0.31277975650515427,0.0324515105290173,0.06406999125690925,0.001992649480361651,0.20729377689180567,0.03321920440767997,0.248265539021269,0.26100305304365934,0.0038376894009712775,0.07091133238361447,0.0083840297396344
SE21,0.42439091872803447,0.012148553819419795,1.2414022870272245,0.16979411374410483,1.60678895989791,2.0384854952495375,0.0254953625376635,0.470372899332389,0.04642446680463812,0.3910595420194232,0.00939261716926821,1.2203943302583058,0.13608602061840913,1.84812649528337,1.8919551148183622,0.010582667103317801,0.25564755370829867,0.03889555322721503,0.06411936432280925,0.002011122814602369,0.22744890621538755,0.030913356365323667,0.24815656171496703,0.32486499737905644,0.00383859808878381,0.07208891346259327,0.00838406664706361
SE22,0.3601803744321632,0.011152938133997278,1.5152395329207555,0.1775704099842971,1.29096737085159,1.9866114734582339,0.0213035532243128,0.41503745158863414,0.040024665245776296,0.3219099219173241,0.011426423033297226,0.5905057717430242,0.14460540829191473,1.06836569135811,1.5008684371283898,0.0153182098163218,0.3930260440664484,0.0333770447458233,0.06409669843837043,0.001978858108403188,0.30449151736744734,0.03132686006979203,0.248577370788111,0.3776766714769678,0.00383649342040136,0.07311826565422856,0.008386688940463696
SE23,0.4185342969766402,0.011574756824698511,1.3649904741691725,0.19894275037909726,1.53446597925516,2.208107855680993,0.023387557214840215,0.41631346215749737,0.044215094724210285,0.3668528010210662,0.010332374925295514,1.0929100543409442,0.17189343345374752,1.65730131236676,1.9002927135684657,0.012975327472284684,0.3915448588912572,0.03630078608543236,0.06412531817285523,0.001980916820924434,0.25412197780322837,0.03126376813077094,0.248255829068961,0.35890687463690474,0.0038374839157727944,0.07317358085435478,0.008386278154986373
SE31,0.23762613262687776,0.01069743824123267,1.2529559606270555,0.133042958787173,0.8990723045392139,1.1037983861998797,0.028103717660207354,0.5240721928848201,0.034400405746258064,0.13385676419992312,0.0065328926158284215,0.6104464910739492,0.06315296943249271,0.43881444731669295,0.7113348577196208,0.007431278076618843,0.24300241478748277,0.027845983924211545,0.06408107494796962,0.0016981831497783508,0.20736527801601332,0.033031046343706516,0.248649344714938,0.25530278346699165,0.0038405912034383083,0.0779035603141595,0.008385467722548362
SE32,0.327153439304237,0.011193464550288836,1.5654340918336396,0.13733315833964438,1.27352134051122,1.0911247007551292,0.028118677600689798,0.5018237343938176,0.034442025840375375,0.162970006794218,0.006838286125495785,0.7473813425390737,0.05035946043926872,0.606892944213045,0.712458869641265,0.007405887532123481,0.20012843636138192,0.027545589303410768,0.0641560251430112,0.0017769333470907286,0.20767028335594642,0.03294720905568314,0.248925565727691,0.20117287108346102,0.0038406211108288502,0.07340333653036944,0.008388596451817311
SE33,0.3474101744746257,0.01114554962354355,1.5023352218866046,0.15747886798302055,1.35797525959646,1.8189239686379324,0.028157759811557652,0.5058637890181702,0.03591074326419593,0.16177686890738155,0.00678088146757864,0.569370406433005,0.06577564573248743,0.7160949644083909,1.1561204147972775,0.007333626964294553,0.21001354201900355,0.02851097042807601,0.06418048811213876,0.0017691086584275268,0.2075233460062215,0.0329725103957711,0.24890853911384803,0.3266326811385276,0.003840716322438262,0.07409654114137595,0.008389990002618336
SI03,0.403744731367657,0.02114783524070124,1.3724530560887716,0.17808367826413404,1.3176218013526402,1.3092315710025815,0.027762556457806595,0.4145061192863833,0.048751436999754344,0.228907722880351,0.01278610636363975,0.7090913313080047,0.10059304936137504,0.7563575839005569,0.7312756402494999,0.010605809194606098,0.20364855806613197,0.027947548172067647,0.0053823415047476505,0.00019294822454244632,0.019185536152291897,0.004044952974421867,0.0141429653227239,0.018603647209737124,0.00032253078910720294,0.006929437624957493,0.0024493747791769094
SI04,0.403744731367657,0.02114783524070124,1.3724530560887716,0.17808367826413404,1.3176218013526402,1.3092315710025815,0.027762556457806595,0.4145061192863833,0.048751436999754344,0.228907722880351,0.01278610636363975,0.7090913313080047,0.10059304936137504,0.7563575839005569,0.7312756402494999,0.010605809194606098,0.20364855806613197,0.027947548172067647,0.0053823415047476505,0.00019294822454244632,0.019185536152291897,0.004044952974421867,0.0141429653227239,0.018603647209737124,0.00032253078910720294,0.006929437624957493,0.0024493747791769094
SK01,0.46746082218764967,0.010909120921759314,2.0619511823829164,0.16166915810019347,1.5551765667949,,0.029321516702561688,0.3049433176824957,0.04334248873317677,0.26625637877133057,0.005975252634134832,0.23507321049671476,0.10755594996734309,0.7461704839207169,,0.007140873834175393,0.12182454373921817,0.03776961108931548,0.041176778610718605,0.000628625234943117,0.20318596456515894,0.019098897787046865,0.14233413353377,,0.001451663627272439,0.01645962288867209,0.006613090861534376
SK02,0.4891228071032223,0.01332050055904036,2.231941959577634,0.30302780908395927,2.6319248511707203,,0.03049235865562127,0.4124385464519795,0.05442980003323479,0.3499876601307414,0.009123831977190022,1.3289076476865682,0.20262738981871828,1.9549300410370198,,0.014172408413564987,0.23604403029054993,0.048992594338422804,0.04115539855903213,0.0006460118387694696,0.20228022783139982,0.018995352818107956,0.140665398374491,,0.0014374627671940475,0.02057553963363287,0.0066085904690457485
SK03,0.652906876069661,0.013249567887447642,2.3808132183914155,0.19835305612557663,2.0730652467094903,,0.029030638285249502,0.5434367393417004,0.09601222797299172,0.357109154870479,0.007340777750248361,0.7369429941426123,0.10275887067852002,1.18252955017553,,0.0067432726176903796,0.2060493030157428,0.05583138392073169,0.0411146954973459,0.000856090398336888,0.12950026747965,0.0184657181278787,0.141096384341637,,0.00145259199429829,0.028182647845597743,0.00659778374940968
SK04,0.669607164208117,0.012001084019293395,2.495773564962786,0.2627280750102913,1.6385590413315299,,0.029836619549635096,0.4279977755195868,0.06237749942923564,0.38488966545967,0.007236693592167526,0.957721840727727,0.13159660711737872,0.869628061387697,,0.009702826622823929,0.16843911625536737,0.04068040521834335,0.0410869660587314,0.0006462599897371494,0.12934295580726188,0.01930307343422535,0.141465663106614,,0.00144635811691825,0.02244025630396192,0.0066032859773096
