model_region,AGGT,ANNC,APPL,ARAC,BARL,BEFM,BULF,BULH,BULL,CACR,CAFF,CAFR,CAMF,CAMR,CATA,CERE,CITR,CORN,DCOH,DCOL,DCOW,DWHE,EAAG,FLOW,FODD,FRUN,GRAS,HEIF,HEIH,HEIL,HEIR,HENS,LABT,MAIF,MODU,NURS,OANI,OAR1,OATS,OCER,OCRO,OFAR,OFRU,OILS,OIND,OLIV,OOIL,OVEG,PARI,PERM,PIGF,PKPL,POTA,POUF,PULS,RAPE,ROOF,RUMI,RYEM,SCOW,SETF,SHGF,SHGM,SOWS,SOYA,SUGB,SUNF,SWHE,TABO,TAGR,TEXT,TOBA,TOMA,TWIN,VSET
AT11,432.491226493592,430.123929203806,2327.84041486313,429.752516725926,463.910017618767,429.880824554699,44.0834894995979,16.9725418136905,26.66665241741,332.083323395052,15.2380870956628,15.2380870956628,15.2380870956628,15.2380870956628,351.704709460323,453.659163274755,,429.964933991386,1039.15696657424,2060.2796424997,1549.71830492886,429.964933991386,101.467385416812,327.413819287498,580.996403874884,637.382565553859,888.007328758697,549.814872497942,263.192202771634,430.903646201093,430.903646201093,920.899803895026,18067.2050920177,429.964933991386,2.52883704854028,293.468735660117,33.945083627381,384.973088586312,463.910017618767,463.910017618767,293.468735660117,357.903248030338,2327.84041486313,418.501467813601,323.958164402957,,323.958164402957,357.903248030338,,615.194601393555,19.733567226322,168.072392417109,357.903248030338,460.449901947513,463.910017618767,463.910017618767,357.903248030338,351.952316664053,463.910017618767,660.055722942727,397.191749683888,3.80952177391571,55.3504632615828,50.6494892142265,429.964933991386,323.958164402957,429.964933991386,463.910017618767,,,323.958164402957,323.958164402957,357.903248030338,569.770725207687,429.964933991386
AT12,368.130522293085,445.852836006816,1435.57664112664,445.145491662991,474.336423845534,184.802252271576,19.5546516773571,7.62633030879501,11.1030096629413,346.763686748612,6.34457695025216,6.34457695025216,6.34457695025216,6.34457695025216,300.117749594616,470.980314065729,,459.083763227944,464.507081416435,907.438519830365,685.972800617175,459.083763227944,535.127594552243,321.196374556141,506.880672791463,836.197199974563,572.446400268035,201.506569133239,102.009112316663,146.354291257279,146.354291257279,341.72653020695,8951.36274322323,459.083763227944,11.4062015206354,305.943713938551,15.25266061759,381.278660304775,474.336423845534,474.336423845534,305.943713938551,371.159090912642,1435.57664112664,445.995716663261,355.906430295052,,355.906430295052,371.159090912642,,746.858861888522,7.32271136157749,55.9454703008601,371.159090912642,170.863265103475,474.336423845534,474.336423845534,371.159090912642,294.179761249471,474.336423845534,334.856460149797,401.905894325995,1.58614423756304,14.7005554124666,18.7949591613822,459.083763227944,355.906430295052,459.083763227944,474.336423845534,,,355.906430295052,355.906430295052,371.159090912642,780.074937423335,459.083763227944
AT21,286.897910961771,513.851164340025,2325.93104728244,510.374742595692,595.761272434216,195.161962041149,7.85882465329512,4.86387415376384,6.80942381526938,208.874760890161,3.89109932301107,3.89109932301107,3.89109932301107,3.89109932301107,202.42372452478,590.803632448396,,586.033524126689,274.37377819459,526.563131628633,400.468454911642,586.033524126689,115.884904605765,162.238704251238,362.341882938761,1785.83395097837,353.301917631449,71.838006265393,57.0352965803062,67.2239664880261,67.2239664880261,246.857709090994,5496.75585730933,586.033524126689,1.51259609137236,152.51095594371,9.72774830752769,351.79910578832,595.761272434216,595.761272434216,152.51095594371,329.067432913243,2325.93104728244,530.858295461798,,,319.339684605715,329.067432913243,,920.422050393879,5.28980805194986,42.6193255279808,329.067432913243,123.428854545497,595.761272434216,595.761272434216,329.067432913243,195.801376119784,595.761272434216,244.421803270651,566.180914058351,0.972774830752769,3.39622330257332,13.5771740000046,586.033524126689,319.339684605715,586.033524126689,595.761272434216,,,319.339684605715,319.339684605715,329.067432913243,2152.51095594371,586.033524126689
AT22,247.054993373037,479.213281659831,1371.57815812041,477.311144303833,520.90230408288,152.011398354806,6.42946555430223,3.40700097901945,4.76980137062723,177.220059053978,2.72560078321556,2.72560078321556,2.72560078321556,2.72560078321556,168.155777563457,516.901370170616,,514.088302124841,202.979063152754,383.773701544963,293.376382348798,514.088302124841,208.816793192107,222.467476026626,409.715283874399,1365.19426121934,410.468314730974,89.2029013417456,58.2555520721148,69.3594135986913,69.3594135986913,136.323045189441,4756.74422017811,514.088302124841,3.13708324521405,215.653474068587,6.8140019580389,344.369039285201,520.90230408288,520.90230408288,215.653474068587,345.148391341093,1371.57815812041,447.638608701209,,,338.334389383054,345.148391341093,,1002.60550646018,2.9212081112023,22.2684272625208,345.148391341093,68.1615225947203,520.90230408288,520.90230408288,345.148391341093,163.412876916093,520.90230408288,246.862314254268,482.873900680813,0.68140019580389,3.70128717552548,7.49776748541924,514.088302124841,338.334389383054,514.088302124841,520.90230408288,,,338.334389383054,338.334389383054,345.148391341093,1523.66880052727,514.088302124841
AT31,237.281045992188,449.9125270525,2378.87350626225,449.46818114075,475.16453110155,123.383038453577,8.21665056626814,3.3417095782566,4.6813483752168,139.651918134962,2.6750562144096,2.6750562144096,2.6750562144096,2.6750562144096,135.247758165969,473.112596356604,,468.481111945037,142.797120625064,263.414037869094,203.105579247086,468.481111945037,285.95001201739,308.71644363031,450.834760738113,1843.51982955972,460.627876800182,108.166754294526,60.8067934211896,73.8270409252297,73.8270409252297,136.72927632707,4600.34995670949,468.481111945037,5.77328165728489,302.033024473797,6.68341915651319,396.824170765487,475.16453110155,475.16453110155,302.033024473797,356.879455593975,2378.87350626225,432.608021363904,350.196036437462,,350.196036437462,356.879455593975,,951.612170959397,2.9299130641515,20.9504091122663,356.879455593975,68.3646381635349,475.16453110155,475.16453110155,356.879455593975,132.705614903815,475.16453110155,251.968174056027,448.845159514422,0.6687640536024,4.33951965074525,7.52011019798884,468.481111945037,350.196036437462,468.481111945037,475.16453110155,,,350.196036437462,350.196036437462,356.879455593975,2302.0330244738,468.481111945037
AT32,289.208953905926,1427.77435923345,2024.62656565171,1397.87927630046,2110.09043046351,166.033626356847,11.6325494408257,7.49626907484732,10.7840817789218,180.72943568803,6.16233244509819,6.16233244509819,6.16233244509819,6.16233244509819,176.838243495081,2109.64907414496,,2095.09789231381,186.009995305964,350.248858814433,268.129427060188,2095.09789231381,93.89630083664,128.970067871517,313.105026135814,1533.37959731545,304.60439158464,73.0794274743531,60.0765670694428,72.8354949181508,72.8354949181508,1945.24529481626,5773.19685843733,2095.09789231381,0.680011973856956,113.977529721822,14.9925381496946,232.710220411142,2110.09043046351,2110.09043046351,113.977529721822,288.382044327094,2024.62656565171,1445.1638068922,,,273.389506177399,288.382044327094,,774.783883619791,41.6838277460628,188.983642549106,288.382044327094,972.622647408131,2110.09043046351,2110.09043046351,288.382044327094,172.689411770625,2110.09043046351,250.834978619365,1964.51636235783,1.54058311127455,4.19787022116256,106.988491214894,2095.09789231381,,2095.09789231381,2110.09043046351,,,273.389506177399,273.389506177399,288.382044327094,,2095.09789231381
AT33,286.621176104416,1298.08290711076,1817.56251492423,1284.31770736913,1925.91345599733,127.921576914087,9.79298140131997,6.84065755158108,9.78063297064623,184.767105796437,5.58893312608356,5.58893312608356,5.58893312608356,5.58893312608356,171.69074428221,1925.73161647824,,1912.23214089417,201.689827533915,381.486248019332,291.58803777698,1912.23214089417,122.063189540535,104.808735109423,319.26645088958,1381.29184906837,302.258594310122,62.3486196448284,58.3426000206548,69.715459907069,69.715459907069,1711.16399385166,5683.59498317102,1912.23214089417,0.722817310001273,91.1274200062605,13.6813151031622,321.045999467255,1925.91345599733,1925.91345599733,91.1274200062605,284.529772027614,1817.56251492423,1441.9797366285,,,270.848456924452,284.529772027614,,715.97389164579,36.6677998682498,113.959520577115,284.529772027614,855.58199692583,1925.91345599733,,284.529772027614,162.551120134515,1925.91345599733,247.269224320986,353.891209593851,1.39723328152089,3.75215093386515,94.1140196618412,1912.23214089417,,1912.23214089417,1925.91345599733,,,270.848456924452,270.848456924452,284.529772027614,2091.12742000626,1912.23214089417
AT34,295.010762240576,1376.31350588253,2198.19550602861,1348.07918181407,1941.81310544421,125.855616096859,11.4662383676697,8.10768506737983,11.3507590943318,189.842281608028,6.48614805390386,6.48614805390386,6.48614805390386,6.48614805390386,176.239444967747,1941.36490542102,,1925.59773530945,193.291286372778,364.398147985011,278.844717178906,1925.59773530945,40.495621408478,129.520996797552,337.6683955741,1681.57472396191,310.691142482673,69.3774508253287,61.4451746734838,74.9412531510871,74.9412531510871,,6115.51705368542,1925.59773530945,0.265210156082319,113.305626662793,16.2153701347597,165.7207097446,,1941.81310544421,113.305626662793,221.419642563102,2198.19550602861,,,,,221.419642563102,,795.067356223562,48.0091438497627,179.850317890793,221.419642563102,,1941.81310544421,,221.419642563102,171.879546027163,1941.81310544421,253.241559457006,459.003929948525,1.62153701347597,4.49869282586774,123.223469214391,,,,1941.81310544421,,,205.204272428342,205.204272428342,221.419642563102,2113.30562666279,1925.59773530945
BE21,81.1171187313778,486.00079740973,613.110518548014,485.999022294413,489.397731083469,4.35084092371716,0.388074483984024,0.141883996953091,0.357572286079702,3.53196761368223,0.204327020616973,0.204327020616973,0.204327020616973,0.204327020616973,3.62834187444773,489.206953653216,,489.113963089563,2.70141673092635,5.62988301948895,4.16564987478871,,45.5412875588348,480.776346401088,486.668827142195,622.296240682875,487.571028197071,3.24641536311412,2.54218454069525,4.60775763656206,4.60775763656206,4.34019016034614,3601.60758254837,489.113963089563,2.34508291987375,480.492578407181,0.283767993906182,481.840537542935,489.397731083469,489.397731083469,480.492578407181,481.834464406223,613.110518548014,488.862060947551,481.550696412316,,481.550696412316,482.980569180112,,512.821733723704,0.0930040748645602,0.819953454508616,481.834464406223,2.17009508017307,489.397731083469,489.397731083469,481.834464406223,3.64845493160933,489.397731083469,5.26600872749949,488.952926741078,0.0510817551542432,0.658251090937437,0.238710458819038,,481.550696412316,,489.397731083469,,612.826750554108,481.550696412316,,482.980569180112,954.26891015871,489.113963089563
BE22,131.211369650975,417.603956010593,513.439476530389,417.597267467215,427.183076711008,21.4067858937773,2.06426566151408,0.984691285480048,2.12641040954681,20.7785729400224,1.21509166259818,1.21509166259818,1.21509166259818,1.21509166259818,20.8989149687931,426.544595043177,,425.213694140047,18.7252262727735,38.5187991310823,28.6220127155481,,39.6925320864132,404.29963778699,425.005417721433,520.657573909763,433.708583855605,13.2434601895501,12.1639775448193,22.0348033133085,22.0348033133085,30.4485796435971,5326.7916753042,425.213694140047,1.8260819811172,402.33025521603,1.9693825709601,404.425913730687,427.183076711008,427.183076711008,402.33025521603,405.558350247752,513.439476530389,411.302515040358,403.588967676792,,403.588967676792,406.503678628177,,435.158276434624,0.652469563791367,5.63030874878508,405.558350247752,15.2242898217986,427.183076711008,427.183076711008,405.558350247752,20.9346527434522,427.183076711008,25.1826323580668,424.934697185363,0.303772915649544,3.14782904475836,1.67467188039784,,403.588967676792,,427.183076711008,,511.470093959429,403.588967676792,403.588967676792,406.503678628177,791.913396665697,425.213694140047
BE23,120.116397072459,508.306892644038,609.384773907651,508.292603527144,512.257431550273,6.13379480481351,0.79506423962922,0.352143051749546,0.659691665523774,7.02607980263011,0.376966666013585,0.376966666013585,0.376966666013585,0.376966666013585,6.77195556277203,511.950387365848,,511.553145446773,6.68136532639805,13.600861214331,10.1411132710869,,78.2955344489396,500.62939427048,509.195666832989,616.782278426888,509.512124496267,4.31212979446911,3.35502771672215,6.03798989733818,6.03798989733818,10.8939032565758,5175.22298595831,511.553145446773,4.08806258516962,499.925108166981,0.704286103499093,502.076668168672,512.257431550273,512.257431550273,499.925108166981,502.220296585158,609.384773907651,510.205402605547,501.516010481659,,501.516010481659,503.162099812136,,529.971980252633,0.233440784069481,1.89162239915701,502.220296585158,5.44695162828788,512.257431550273,512.257431550273,502.220296585158,6.77096538327284,512.257431550273,6.9005598826722,511.396085491088,0.0942416665033963,0.862569985334025,0.599164679111667,,501.516010481659,,512.257431550273,,608.680487804152,501.516010481659,501.516010481659,503.162099812136,888.672253770165,511.553145446773
BE24,186.303315444452,399.546570066164,551.767984707159,399.543375050604,406.826377209656,22.9126423621569,3.43516202485188,1.79234606249057,3.06852537813269,28.1975170432179,1.75344307321868,1.75344307321868,1.75344307321868,1.75344307321868,26.5519858971959,405.812099597172,,403.241685084675,37.8195077985199,76.4379311551054,57.1287195307833,,38.3664052315995,387.964087083232,407.470586657133,562.660615959287,414.885271518895,13.6768555157234,11.836885461692,21.2737904486068,21.2737904486068,58.3379165743272,7492.91180827598,403.241685084675,1.83141208313295,384.379394958251,3.58469212498114,387.354125347075,406.826377209656,406.826377209656,384.379394958251,388.968577410209,551.767984707159,406.36433072005,385.383885285228,,385.383885285228,390.390369033787,,433.808931528733,1.25009821230701,10.2397669251365,388.968577410209,29.1689582871636,406.826377209656,406.826377209656,388.968577410209,26.5217120592865,406.826377209656,24.3129033698364,403.113463703222,0.43836076830467,3.03911292122954,3.208585411588,,385.383885285228,,406.826377209656,,548.183292582178,385.383885285228,385.383885285228,390.390369033787,970.688703045772,403.241685084675
BE25,73.0494938629412,493.398681417958,540.504793873992,493.365663213642,497.595360369633,5.93221341954791,0.538572708114776,0.152514283129146,0.451909158690616,6.55290166890854,0.258233804966066,0.258233804966066,0.258233804966066,0.258233804966066,6.36958433887954,497.517261700382,,497.290331803374,6.5807320423237,13.5020200308043,10.0413760334508,,102.205930898509,488.106144023402,495.230191419014,543.921078352436,495.71105989372,4.32846701949532,3.07465128516043,5.61902891134057,5.61902891134057,4.6339570171626,3614.74615864016,497.290331803374,5.31106284029156,487.801115457144,0.305028566258292,488.30608501575,497.595360369633,497.595360369633,487.801115457144,488.333709572811,540.504793873992,495.882755265342,488.028681006553,,488.028681006553,488.781414131724,,502.635752517282,0.0992990789391986,0.789441298670736,488.333709572811,2.3169785085813,497.595360369633,497.595360369633,488.333709572811,6.36728532308877,497.595360369633,6.42174732724637,497.198381249297,0.0645584512415166,0.802718415905796,0.254867635943943,,488.028681006553,,497.595360369633,,540.199765307734,488.028681006553,,488.781414131724,672.352385003854,497.290331803374
BE31,228.121233896705,388.302491696399,460.583938117279,388.299659487757,392.149110998855,19.2564401314699,4.88884257858986,1.26121199457517,4.12129883039791,21.3494958954557,2.35502790308452,2.35502790308452,2.35502790308452,2.35502790308452,20.6688929781542,392.023632984078,,389.626687009705,33.9205865453366,71.2063188592342,52.563452639917,,25.3825219968075,383.551633968046,396.316799473626,465.463283294625,402.773181944594,13.3692458295698,8.69603811396639,17.5736687374338,17.5736687374338,45.3366983528448,10601.0826514251,389.626687009705,1.27906482513891,381.029209978895,2.52242398915034,382.587359203564,392.149110998855,392.149110998855,381.029209978895,383.913053458895,460.583938117279,391.834962387256,381.390629469745,,381.390629469745,384.575296573318,,405.101778450088,0.971500678989531,9.36889344414371,383.913053458895,22.6683491764224,392.149110998855,392.149110998855,383.913053458895,20.6696868230186,392.149110998855,20.0841928427815,389.537001311718,0.58875697577113,2.51052410534769,2.49351840940646,,381.390629469745,,392.149110998855,,458.061514128129,381.390629469745,381.390629469745,384.575296573318,654.544745607982,389.626687009705
BE32,193.929527277334,414.489687932843,569.501026895716,414.486479245564,420.28532606533,13.5137706692068,2.75782705695693,1.37045443226702,2.20470506948601,16.1713997151344,1.25983146827772,1.25983146827772,1.25983146827772,1.25983146827772,15.3847053706461,420.187325814461,,417.544417200796,19.6966964392356,39.8020626846314,29.7493795619334,,93.1516755248555,405.241385271878,421.459991205146,576.044849203589,425.054779692669,8.39691144045288,6.66989671415348,11.9583881140808,11.9583881140808,48.324263357825,8004.0138095467,417.544417200796,4.66070296588876,402.500476407344,2.74090886453404,405.518561667563,420.28532606533,420.28532606533,402.500476407344,406.597659675843,569.501026895716,420.086271004415,403.856750811309,,403.856750811309,407.840758253928,,450.775204424458,1.03551992909625,9.32778380178547,406.597659675843,24.1621316789125,420.28532606533,420.28532606533,406.597659675843,15.3773091749223,420.28532606533,13.6667292732352,417.372138686329,0.31495786706943,1.7083411591544,2.65783448468037,,403.856750811309,,420.28532606533,,566.760118031181,403.856750811309,,407.840758253928,914.941826415612,417.544417200796
BE33,178.322641944893,417.383994354117,805.146549026738,417.372833928942,431.486305483579,15.2463554190265,3.91734800869182,1.87913302675996,4.44464184635878,19.8993173954685,2.53979534077645,2.53979534077645,2.53979534077645,2.53979534077645,18.7852433891904,431.438383559036,,427.728039430059,18.0400953717071,38.6714130418355,28.3557542011022,,68.3295365639356,391.786612640032,427.040988597284,829.073158465143,429.046584693038,8.64964801057929,7.65239419915908,15.2055454574232,15.2055454574232,66.5034583735281,7132.56698825008,427.728039430059,3.16503386669733,388.028346586512,3.75826605351993,394.106066052309,431.486305483579,431.486305483579,388.028346586512,395.144440104499,805.146549026738,428.478513897292,391.386174050979,,391.386174050979,398.551531064813,,508.238541773493,1.42507410800417,13.1716663173312,395.144440104499,33.251729186764,431.486305483579,431.486305483579,395.144440104499,18.7846350952856,431.486305483579,17.3777662370551,427.372460530806,0.634948835194111,2.17222077963189,3.65769021054404,,391.386174050979,,431.486305483579,,801.388282973218,391.386174050979,391.386174050979,398.551531064813,1793.05198200466,427.728039430059
BE34,158.365425519687,407.924689589857,969.178257108522,407.924689589857,474.408875715931,16.6740756870503,4.27519295597166,2.53567373387389,5.08164716978684,28.3489338209853,2.90379838273534,2.90379838273534,2.90379838273534,2.90379838273534,23.180151984025,474.35185786682,,469.337528248183,56.0113585780647,114.21086564522,85.1111121116204,,58.8748300927224,329.903100127448,375.027896344533,995.962767333809,371.328393874298,7.95847627776139,7.09057012701553,13.9402016646406,13.9402016646406,107.77127042087,6360.34318330265,469.337528248183,2.60811986366049,324.8317526597,5.07134746774778,409.400363411993,474.408875715931,474.408875715931,,359.769319156725,969.178257108522,474.408875715931,354.697971688977,,,365.162560737359,,526.138916564587,2.3093843661615,23.5873792362251,359.769319156725,53.885635210435,474.408875715931,474.408875715931,359.769319156725,23.1494352733819,474.408875715931,15.9316590453035,467.523747948382,0.725949595683834,1.99145738066294,5.92741987314785,,354.697971688977,,474.408875715931,,964.106909640774,354.697971688977,,365.162560737359,2324.8317526597,469.337528248183
BE35,196.016237010963,414.820090931277,648.484003545572,414.817882499874,421.533956628521,16.3110705459375,3.79820142380082,1.82156544185335,3.90676627558453,24.7911897051903,2.23243787176259,2.23243787176259,2.23243787176259,2.23243787176259,21.5162888723469,421.504058962229,,417.890825744814,39.0237017534393,79.9853673025784,59.5045345280053,,68.0179067359652,395.080777683522,419.419659216925,661.289568268085,421.962890315378,8.49445287649225,7.4996108814589,14.4808936995429,14.4808936995429,64.7681038019971,7807.81632260441,417.890825744814,3.29668905241716,391.437646799816,3.6431308837067,400.277534314957,421.533956628521,421.533956628521,391.437646799816,401.464542645581,648.484003545572,420.20513740731,397.821411761874,,397.821411761874,403.475821807668,,469.212224508644,1.38788793861422,13.9429727242723,401.464542645581,32.3840519009985,421.533956628521,421.533956628521,401.464542645581,21.4799407016602,421.533956628521,16.5495927994776,417.588523570871,0.558109467940647,2.0686990999347,3.56224570910984,,397.821411761874,,421.533956628521,,644.840872661865,397.821411761874,397.821411761874,403.475821807668,1224.31101839285,417.890825744814
CY00,202.129622942717,480.051884093184,502.835356767511,478.243725074679,581.207816132494,35.7906904062963,25.0093512029481,5.42795383384519,7.59913536738326,41.6455321757555,4.34236306707615,4.34236306707615,4.34236306707615,4.34236306707615,41.3137585011568,577.510243348716,491.979449099821,,33.4976852619751,66.9953705239501,50.2465278929676,570.351908464803,62.2703338662531,392.991621953405,450.008202637321,474.139429870765,529.570704067634,43.4882826065045,22.8504586327934,39.9883026073884,39.9883026073884,152.811620572379,1790.74963188995,570.351908464803,,382.135714285714,10.8559076676904,439.132345356489,581.207816132494,581.207816132493,382.135714285714,446.312268736346,502.835356767511,435.456361068655,,491.979449099821,435.456361068655,446.312268736346,,471.765919143166,3.27453472655099,39.0146309547114,446.312268736346,76.4058102861897,581.207816132493,,446.312268736346,45.5528670942914,,45.7009172655868,382.135714285714,1.08559076676904,5.71261465819835,8.40463913148087,,,,,491.979449099821,491.979449099821,,435.456361068655,446.312268736346,382.135714285714,
CZ01,190.774917528254,335.556644605725,2242.27393365961,334.24946838337,367.747567661507,33.5614127452787,11.180626206318,0.732104416870654,7.08039033117481,44.0643744453067,4.04593733209989,4.04593733209989,4.04593733209989,4.04593733209989,41.9771241130421,367.645198961903,,364.819149994025,83.0089144394905,92.3916533528696,87.7002838961902,,4.1261383807114,226.712786362887,331.641722425589,1346.87892053084,316.741194872809,72.2027483515226,5.70144122741551,24.9855422598913,24.9855422598913,47.5215338270847,3140.94010038338,364.819149994025,,223.784368695404,2.92841766748262,313.525725535094,367.747567661507,367.747567661507,223.784368695404,320.050350884255,2242.27393365961,360.528538648501,,,317.121933216772,1096.4148298359,,854.775702374495,1.01831858200896,13.13201305837,320.050350884255,23.7607669135424,367.747567661507,367.747567661507,320.050350884255,41.5997910358054,367.747567661507,28.5549054398757,223.784368695404,1.01148433302497,3.56936317998447,2.61368436048966,364.819149994025,317.121933216772,364.819149994025,367.747567661507,,,317.121933216772,,1096.4148298359,849.30570056263,
CZ02,181.075403434054,242.44456076804,1110.37391699007,242.378384126646,246.154096473074,15.6428357542775,2.05974692589299,0.424091358843106,1.28851537691846,46.276573148645,0.736294501096262,0.736294501096262,0.736294501096262,0.736294501096262,40.1407600594679,246.116074665701,,245.305913755388,82.7009013814629,84.1175462753605,83.4092238284201,,158.176416153911,224.63255141309,249.807609451189,1080.17567787238,263.649363017834,54.6350126591559,8.44652510448159,15.4762064073809,15.4762064073809,13.2283786083506,4271.07188083895,245.305913755388,,223.784368695404,0.848182717686213,235.321349949383,246.154096473074,246.154096473074,223.784368695404,233.409629464793,1110.37391699007,244.729184851719,232.561446747107,,232.561446747107,505.634009546941,,906.254521646273,0.283465255893228,3.05336099983548,233.409629464793,6.61418930417532,246.154096473074,246.154096473074,233.409629464793,39.4560204961165,246.154096473074,17.6870930370067,223.784368695404,0.184073625274065,2.21088662962584,0.727560823459285,245.305913755388,232.561446747107,245.305913755388,246.154096473074,,,232.561446747107,,505.634009546941,1932.25849865829,
CZ03,219.844265053088,295.70583278549,2112.72915535827,295.380807406961,307.132119240793,21.4985012613919,8.93456677146062,1.08528438690019,9.00721441366961,54.7342008960687,5.14697966495406,5.14697966495406,5.14697966495406,5.14697966495406,43.5704765443494,307.099596383984,,304.961550466993,83.36209440952,95.144259185005,89.2531767972624,,259.569361013659,225.954937469205,285.362702055982,1824.5379416087,284.568399005852,39.4180946718027,6.18319519040507,18.3084078552182,18.3084078552182,36.6854628551778,6522.89980692572,304.961550466993,,223.784368695404,2.17056877380039,278.353093966138,307.132119240793,307.132119240793,223.784368695404,265.884141417419,2112.72915535827,303.04303603696,263.713572643619,,263.713572643619,826.415609446629,,1511.45156217028,0.786117061182381,8.2492829898175,265.884141417419,18.3427314275889,307.132119240793,307.132119240793,265.884141417419,43.3527281803218,307.132119240793,20.923894691678,223.784368695404,1.28674491623852,2.61548683645974,2.01770045703478,304.961550466993,263.713572643619,304.961550466993,307.132119240793,,,263.713572643619,,826.415609446629,,
CZ04,241.824718248485,295.148234305315,2262.00743479396,294.94681016058,321.853785183874,18.7606337327058,4.02820465315268,1.70316254696363,2.83910592240115,38.6970307570367,1.62234624137209,1.62234624137209,1.62234624137209,1.62234624137209,31.5281178646755,321.759385158782,,318.447460089946,83.9799725695834,86.33267562605,85.1563240977401,,110.014224930043,227.190693789332,309.103744950354,2050.54150602241,313.695497910806,37.0961743265409,9.37105874693687,16.8540311637916,16.8540311637916,56.6973089018588,8017.35386289055,318.447460089946,,223.784368695404,3.40632509392726,269.366956151037,321.853785183874,321.853785183874,223.784368695404,255.449576579909,2262.00743479396,314.292843443042,252.043251485981,,252.043251485981,2255.44957657991,,1987.80894566311,1.21494233361126,12.0907772280515,255.449576579909,28.3486544509294,321.853785183874,321.853785183874,255.449576579909,31.2037482178457,321.853785183874,19.2617499014761,223.784368695404,0.405586560343021,2.40771873768451,3.11835198960223,318.447460089946,252.043251485981,318.447460089946,321.853785183874,,,252.043251485981,,2255.44957657991,2223.7843686954,
CZ05,203.225162914013,268.089194501087,1705.52774568023,267.740305537753,278.048010277508,13.2312785806263,3.2675518486909,0.919395217563534,2.70135062070021,50.8226696838863,1.54362892611441,1.54362892611441,1.54362892611441,1.54362892611441,40.86965266446,277.932020514359,,276.209219842381,83.1962052401833,86.1358823379058,84.666043788999,,183.590376406679,225.623159130531,276.63231232128,1482.17800379201,284.321219356934,33.2272398232363,6.28441192090504,12.4119181776951,12.4119181776951,30.3647655737129,5352.95152508263,276.209219842381,,223.784368695404,1.83879043512707,249.114012857481,278.048010277508,278.048010277508,223.784368695404,245.173414899647,1705.52774568023,273.968942304457,243.33462446452,,243.33462446452,696.802672008832,,1225.50730850131,0.650673548008133,6.27836393743764,245.173414899647,15.1823827868564,278.048010277508,278.048010277508,245.173414899647,40.42682915627,278.048010277508,14.1850493459372,223.784368695404,0.385907231528602,1.77313116824215,1.67006210655421,276.209219842381,243.33462446452,276.209219842381,278.048010277508,,,243.33462446452,,696.802672008832,,
CZ06,195.050454948589,257.439308754993,1290.35749180733,257.243589228042,262.467129358464,28.0140922910924,10.4336133495598,0.718305572063542,8.09986574247655,57.8064752258517,4.6284947099866,4.6284947099866,4.6284947099866,4.6284947099866,52.1307521197268,262.301472439315,,261.030518214337,82.9951155946834,93.8480467975863,88.421581196138,,224.018376900155,225.220979839531,258.799724109834,470.238799617872,268.632459027654,77.1623153925042,9.74202773306671,24.1427864744543,24.1427864744543,23.0356325534939,4589.1438894847,261.030518214337,,223.784368695404,1.43661114412708,246.607944453724,262.467129358464,262.467129358464,223.784368695404,242.783311747007,1290.35749180733,260.331090686944,241.34670060288,,241.34670060288,567.961058888255,,478.065979393766,0.493620697574869,5.18700595384729,242.783311747007,11.5178162767469,262.467129358464,262.467129358464,242.783311747007,51.6091750638115,262.467129358464,27.591755970805,223.784368695404,1.15712367749665,3.44896949635062,1.26695979044216,261.030518214337,241.34670060288,261.030518214337,262.467129358464,,,241.34670060288,,567.961058888255,291.041141147998,
CZ07,224.765091888817,275.840336948204,1937.22666439058,275.451720606073,285.015693364846,28.3595624399787,11.7987316558731,1.23521693126858,12.1053362617342,59.0094368612074,6.91733500670528,6.91733500670528,6.91733500670528,6.91733500670528,50.8724821127659,284.836787735509,,282.545259502308,83.5120269538884,99.570147539383,91.5410872466509,,135.051716487649,226.254802557941,290.506729915955,1745.65658327884,301.699744701203,55.3274704484448,8.40843815657935,25.0907993319721,25.0907993319721,42.2215384099148,5689.76197103491,282.545259502308,,223.784368695404,2.47043386253716,248.228536903913,285.015693364846,285.015693364846,223.784368695404,247.60129698877,1937.22666439058,281.175584098764,245.130863126233,,245.130863126233,768.337109546967,,1422.44745579863,0.904747251641032,8.70658555850401,247.60129698877,21.1107692049574,285.015693364846,285.015693364846,247.60129698877,50.5640814880992,285.015693364846,28.6751992365395,223.784368695404,1.72933375167632,3.58439990456744,2.32218461254532,282.545259502308,245.130863126233,282.545259502308,285.015693364846,,,245.130863126233,,768.337109546967,2223.7843686954,
CZ08,245.08086705411,299.034971982745,2237.84419595619,297.834168199717,315.471886289366,20.7842982763113,6.45623858875344,1.64538499919613,5.65438418414738,50.2131109239844,3.23107667665564,3.23107667665564,3.23107667665564,3.23107667665564,40.5501453155319,315.308461848486,,312.181116290973,83.922195021816,90.3545017142589,87.1383483680342,,74.7723962763918,227.075138693796,298.636861576169,1936.45974697037,301.046873818667,34.9236197235477,7.54666158438017,16.5575029579381,16.5575029579381,71.5884743951238,7305.36463095866,312.181116290973,,223.784368695404,3.29076999839227,259.212090766642,315.471886289366,315.471886289366,223.784368695404,262.325734578111,2237.84419595619,309.699253379948,259.034964579719,,259.034964579719,994.329471726879,,1633.87391491454,1.53403873703837,13.1297036001466,262.325734578111,35.7942371975619,315.471886289366,315.471886289366,262.325734578111,40.2741733488869,315.471886289366,18.9228605233578,223.784368695404,0.807769169163911,2.36535756541973,3.93736609173181,312.181116290973,259.034964579719,312.181116290973,315.471886289366,,,259.034964579719,,994.329471726879,,
DE11,189.0193454636,355.746082708226,430.584583948917,355.646199429907,360.792975223032,22.518455087666,6.71862362977481,2.588905009827,8.20396692145638,65.7933412169576,4.68798109797507,4.68798109797507,4.68798109797507,4.68798109797507,59.2736759386022,360.482958023771,,355.615165203378,70.1386850552725,146.344120615971,108.241402835624,355.615165203378,184.409241057717,320.137220764493,356.309371963587,349.844654778776,359.457321504998,39.5779690947888,10.4001552498128,22.779771594871,22.779771594871,76.4412442506439,8924.93456891535,355.615165203378,10.543980752446,314.959410744839,5.177810019654,337.496472616592,360.792975223032,360.792975223032,314.959410744839,337.614293242826,430.584583948917,359.935728457286,332.436483223172,,332.436483223172,346.28094245189,,348.55261692378,1.6380266625138,14.4529468728799,337.614293242826,38.220622125322,360.792975223032,360.792975223032,337.614293242826,57.860888837151,360.792975223032,26.0340246798526,345.819700721711,1.17199527449377,3.25425308498158,4.20426843378542,355.615165203378,332.436483223172,355.615165203378,360.792975223032,,,332.436483223172,332.436483223172,346.28094245189,338.494607976882,355.615165203378
DE12,276.013033983438,358.141432163382,444.971857395124,358.043750975509,366.686063994518,28.3468071193768,10.7032927484822,6.1372241934477,13.4555813458416,125.194399424054,7.68890362619523,7.68890362619523,7.68890362619523,7.68890362619523,101.479356272598,364.570930194633,,354.411615607623,187.754348851158,381.981116161051,284.867732505855,354.411615607623,79.9955795186509,327.233859131735,361.461564616212,356.437222639622,366.599047217795,45.4501423033171,15.2508194142947,31.5524014500305,31.5524014500305,194.734958121791,11732.4923452936,354.411615607623,4.21157303312868,314.959410744839,12.2744483868954,336.484174812526,366.686063994518,366.686063994518,314.959410744839,339.918131457081,444.971857395124,364.729782237625,327.643683070185,,327.643683070185,350.741746834308,,354.658987030361,4.17289195975266,37.0458371558142,339.918131457081,97.3674790608954,366.686063994518,366.686063994518,339.918131457081,97.5539755754864,366.686063994518,36.0598873714635,337.146626637257,1.92222590654881,4.50748592143293,10.7104226966985,354.411615607623,327.643683070185,,366.686063994518,,,327.643683070185,327.643683070185,350.741746834308,344.358475626988,354.411615607623
DE13,258.628442537605,398.776805032575,452.319800091724,398.380721831889,412.196258167392,23.893922588394,11.1487483998414,5.66654404954561,14.4041589348044,84.144847964687,8.23094796274539,8.23094796274539,8.23094796274539,8.23094796274539,65.2716645301426,408.366964111736,,400.863170068301,90.0869872259029,188.94286403972,139.514925632812,400.863170068301,140.897689451795,326.292498843931,387.592283713496,351.476650751718,387.879345499508,38.3469138799586,10.8222753091367,25.4099790564298,25.4099790564298,184.008603431668,9098.86246328154,400.863170068301,6.10814035913307,314.959410744839,11.3330880990912,372.247203911914,412.196258167392,412.196258167392,314.959410744839,370.058056154153,452.319800091724,409.128535733679,358.724968055061,,358.724968055061,377.984711572277,,357.2186706417,3.94304150210718,35.2162258157053,370.058056154153,92.0043017158342,412.196258167392,412.196258167392,370.058056154153,64.2431677768851,412.196258167392,29.0399760644913,359.010713641713,2.05773699068635,3.62999700806141,10.1204731887418,400.863170068301,358.724968055061,,412.196258167392,,,358.724968055061,358.724968055061,377.984711572277,336.484038661901,400.863170068301
DE14,182.186500386349,362.474954784689,454.578326161955,362.369157058716,367.137176248337,12.052848171658,6.41312982973942,2.6672032133044,6.1357587680392,38.7568250480487,3.50614786745097,3.50614786745097,3.50614786745097,3.50614786745097,34.8629778748699,366.873533509499,,361.802769821729,35.422390666592,73.8003523553449,54.6113715109685,361.802769821729,168.133649137124,320.293817171448,355.23542058423,358.56299434536,354.81393300541,33.5264597770291,7.6314638894946,15.7567360760286,15.7567360760286,80.0364109330077,7486.40092015035,361.802769821729,10.243739582996,314.959410744839,5.33440642660879,355.400749622081,367.137176248337,367.137176248337,314.959410744839,341.253064766115,454.578326161955,366.46936898537,335.918658339507,,335.918658339507,352.428442290518,,356.540782598962,1.71506594856445,15.2948063983037,,40.0182054665039,367.137176248337,367.137176248337,341.253064766115,34.4914394239114,367.137176248337,18.0076983726041,351.189532895533,0.876536966862743,2.25096229657551,4.40200260131542,361.802769821729,335.918658339507,,367.137176248337,,,335.918658339507,,352.428442290518,345.306113396315,361.802769821729
DE21,195.862950566294,360.182798321066,476.816154947538,360.10019734197,367.006868269341,17.0335698746515,7.3970144601349,3.47920765839417,5.65897597867142,33.0891041667223,3.23370055924081,3.23370055924081,3.23370055924081,3.23370055924081,30.8964673739709,365.969290328559,,360.048452952553,30.3536085977712,61.3576610569982,45.8556348273862,360.048452952553,311.547692232984,321.917826061628,376.197511918619,477.249925305586,386.057934763568,34.1377243841613,7.97907535606329,14.7514671300303,14.7514671300303,110.239416203361,9481.80205675255,360.048452952553,20.4988568928826,314.959410744839,6.95841531678834,341.510339153774,367.006868269341,367.006868269341,314.959410744839,340.630583462643,476.816154947538,366.257093361065,333.672168145855,,333.672168145855,353.435109793732,,414.274691095942,2.36227320435773,20.943001328945,340.630583462643,55.1197081016804,367.006868269341,367.006868269341,340.630583462643,30.7780822776837,367.006868269341,16.8588195771775,355.1143359711,0.808425139810203,2.10735244714719,6.06316789118485,360.048452952553,333.672168145855,360.048452952553,367.006868269341,,,333.672168145855,,353.435109793732,669.43227348995,360.048452952553
DE22,171.668136159702,353.867096467694,380.787917596476,353.79222958446,357.344105547999,9.5897580471665,3.2236330448121,1.47165871422131,2.08778738054323,30.4517004853775,1.19302136031042,1.19302136031042,1.19302136031042,1.19302136031042,26.0629005605842,356.533863202006,,354.400788119556,31.6350020113406,62.8338477751568,47.2344248932506,354.400788119556,201.436091025975,317.902728173282,380.241038864948,386.047674567507,401.609787623162,29.1858239691049,6.85600138457004,12.025467603631,12.025467603631,43.3709895654741,14023.1827116751,354.400788119556,15.3947898576883,314.959410744839,2.94331742844262,342.851908808717,357.344105547999,357.344105547999,314.959410744839,344.270504018372,380.787917596476,356.942852763294,341.327186589929,,341.327186589929,350.22813512618,,367.510272435774,0.929378347831589,8.69409673043759,344.270504018372,21.6854947827371,357.344105547999,357.344105547999,344.270504018372,25.8679275899406,357.344105547999,13.7433915470068,347.843630872644,0.298255340077605,1.71792394337585,2.38540442610108,354.400788119556,341.327186589929,,357.344105547999,,,341.327186589929,,350.22813512618,480.044327093592,354.400788119556
DE23,213.301751013775,398.918809881044,400.33238988899,398.631582172432,404.105144261528,17.1061413260857,6.07701398262929,2.71253187929212,3.83867784498007,29.9956845424897,2.19353019713147,2.19353019713147,2.19353019713147,2.19353019713147,28.2811878231115,403.826446561886,,398.680080502943,28.7921854978351,57.1677405100567,42.9799630039459,398.680080502943,170.266009560611,320.384474503424,403.247955650247,386.440717535164,408.254192546567,32.761882402269,7.62468578079861,13.3843333303687,13.3843333303687,83.5845825165952,11644.4106610543,398.680080502943,11.0593841632983,314.959410744839,5.42506375858423,383.204179790752,404.105144261528,404.105144261528,314.959410744839,385.949274523981,400.33238988899,403.462934487079,380.524210765396,,380.524210765396,390.610863304624,,387.590940779566,1.79109819678418,16.4223930776137,385.949274523981,41.7922912582976,404.105144261528,404.105144261528,385.949274523981,28.1279422094819,404.105144261528,15.2963809489928,378.619584565335,0.548382549282867,1.9120476186241,4.59715203841274,398.680080502943,380.524210765396,398.680080502943,404.105144261528,,,380.524210765396,,390.610863304624,443.864024733843,398.680080502943
DE24,245.689813983328,403.57011450964,395.914529937572,403.164546760418,409.634608245346,26.7023192721879,6.88642853311048,3.58583694680514,5.5807769564148,48.0925206165123,3.1890154036656,3.1890154036656,3.1890154036656,3.1890154036656,45.675360410306,409.586331408684,,402.462934351736,49.4558515013205,99.237175398337,74.3465134498288,402.462934351736,133.879408054452,322.13108463845,404.592551081067,379.941776149137,408.259469226827,43.6173895329117,10.5746497798061,19.0662423455483,19.0662423455483,110.583156702905,12987.3896440403,402.462934351736,7.75990316108706,314.959410744839,7.17167389361027,388.294155125238,409.634608245346,409.634608245346,314.959410744839,389.248001083111,395.914529937572,408.764621924409,382.0763271895,,382.0763271895,393.251656180106,,385.695262452147,2.36963907220511,20.8374798407424,,55.2915783514525,409.634608245346,409.634608245346,389.248001083111,45.2005090720154,409.634608245346,21.7899912520552,370.286218849044,0.797253850916399,2.7237489065069,6.08207361865977,402.462934351736,382.0763271895,402.462934351736,409.634608245346,,,382.0763271895,,393.251656180106,425.662743940573,402.462934351736
DE25,194.91394281268,369.580665256418,401.060099602621,369.421924345655,373.342754022051,12.2386308306988,4.26398336721186,2.18377223199898,3.22017321387799,33.6422622006798,1.84009897935885,1.84009897935885,1.84009897935885,1.84009897935885,29.6479043176276,373.211555905713,,368.975209558053,35.3984550030593,70.5542207706598,52.9763378868595,368.975209558053,132.645571110851,319.326955208837,371.084015145655,388.071557142665,374.67351325033,29.2932120673778,7.081304254106,12.5551745337649,12.5551745337649,,10636.1590354748,368.975209558053,9.35021784704886,314.959410744839,4.36754446399797,356.836907149312,373.342754022051,373.342754022051,314.959410744839,357.915552567392,401.060099602621,372.870246193781,353.548008103394,,353.548008103394,362.767359451042,,374.701311036144,1.40259348473102,12.3434775362443,,,373.342754022051,373.342754022051,357.915552567392,29.2564368337214,373.342754022051,14.3487708957313,359.971711192059,0.460024744839713,1.79359636196642,3.59998994414296,368.975209558053,353.548008103394,368.975209558053,373.342754022051,,,353.548008103394,353.548008103394,362.767359451042,449.145084969679,368.975209558053
DE26,250.217404040502,356.471841064532,389.70105844835,356.344422277285,361.098746259901,24.4563292740696,7.54759104117166,3.10035801343635,8.3876023870978,87.0114385544327,4.79291564977017,4.79291564977017,4.79291564977017,4.79291564977017,74.6807493899006,360.866857222601,,354.898030233029,119.70796871525,244.722118308194,182.215043511677,354.898030233029,136.345427470052,321.160126771712,371.169072699631,378.124798343653,383.108844693854,52.1619037256079,13.6485202011648,27.9320115203253,27.9320115203253,93.8145197312984,29431.9573384856,354.898030233029,8.32151113669369,314.959410744839,6.2007160268727,341.704741184182,361.098746259901,361.098746259901,314.959410744839,346.098947038153,389.70105844835,360.222832727769,339.89823101128,,339.89823101128,350.264583346473,,363.658728240698,2.01031113709925,17.6950736688201,,46.9072598656492,361.098746259901,361.098746259901,346.098947038153,72.2226488441648,361.098746259901,31.9222988803717,342.098209118386,1.19822891244254,3.99028736004647,5.15979858522141,354.898030233029,339.89823101128,354.898030233029,361.098746259901,,,339.89823101128,,350.264583346473,430.188619208131,354.898030233029
DE27,172.631413662853,361.102757442206,482.529909543356,361.047316045338,366.088584013651,10.9500057942142,4.20165306212439,2.05757931767614,2.93319929836595,20.3313948699328,1.67611388478055,1.67611388478055,1.67611388478055,1.67611388478055,19.3341764777816,365.718117253626,,361.973425378298,18.3456377439087,36.2910093445586,27.3183235442336,361.973425378298,197.592464453343,319.074569380192,369.23038747721,502.035735354181,373.369231289461,20.7188248257023,4.94571824872878,8.70759518889473,8.70759518889473,63.221838483125,7876.60771640362,361.973425378298,12.6874302640662,314.959410744839,4.11515863535228,345.108619314951,366.088584013651,366.088584013651,314.959410744839,343.931065898045,482.529909543356,365.519206422118,339.815907262692,,339.815907262692,360.043698953851,,429.764437527698,1.35475368178125,12.0864375500604,343.931065898045,31.6109192415625,366.088584013651,366.088584013651,343.931065898045,19.2530657202822,366.088584013651,9.95153735873684,359.444650386954,0.419028471195136,1.2439421698421,3.47720111657187,361.973425378298,339.815907262692,,366.088584013651,,,339.815907262692,,360.043698953851,760.735686077246,361.973425378298
DE40,232.893524070706,345.437951269855,390.290168221293,345.155560420886,348.404827837228,22.3713509558411,6.49950752490197,2.53490690214799,9.0753136210661,61.6157683240588,5.18589349775206,5.18589349775206,5.18589349775206,5.18589349775206,51.2849542275108,348.231586695,,343.335014032932,74.6097506771889,156.639029074604,115.624389875896,343.335014032932,491.977402187487,320.029224549135,347.386283067887,369.527306390844,353.056556327596,31.0958010037467,8.53612057707872,20.4646549679467,20.4646549679467,76.8869944105419,6188.98155564525,343.335014032932,25.091097504806,314.959410744839,5.06981380429597,336.881522728668,348.404827837228,348.404827837228,314.959410744839,336.619266213549,390.290168221293,347.93958242191,331.549452409253,,331.549452409253,341.912048288492,,353.719548330752,1.64757845165447,14.8873905282499,336.619266213549,38.443497205271,348.404827837228,348.404827837228,336.619266213549,50.8324123629099,348.404827837228,23.3881771062248,339.006961820008,1.29647337443801,2.9235221382781,4.2287846925798,343.335014032932,331.549452409253,343.335014032932,348.404827837228,,,331.549452409253,331.549452409253,341.912048288492,2314.95941074484,343.335014032932
DE71,239.031388895742,337.45644369845,364.257538514589,337.351913847283,340.0992435738,6.54227055655204,2.72106825133387,1.81119175418279,2.95851468853567,34.6886729371505,1.69057982202038,1.69057982202038,1.69057982202038,1.69057982202038,24.8698534429403,339.911155021356,,336.476860065435,48.228720725657,96.5861152781416,72.4074180019448,336.476860065435,84.2899003444074,318.581794253205,347.371546383343,342.484555579863,349.353213429857,12.9865060067093,4.18936709661273,7.75423865175204,7.75423865175204,59.6065651601311,8552.01116236868,336.476860065435,4.67080610231664,314.959410744839,3.62238350836558,328.832957999154,340.0992435738,340.0992435738,314.959410744839,330.842605772263,364.257538514589,339.966691297442,327.220222263897,,327.220222263897,333.423413141952,,338.429774569583,1.27728353914567,12.8825332476698,330.842605772263,29.8032825800655,340.0992435738,340.0992435738,330.842605772263,24.2722784809427,340.0992435738,8.86198703057376,327.596007847682,0.422644955505096,1.10774837882172,3.27836108380721,336.476860065435,327.220222263897,,340.0992435738,,,327.220222263897,,333.423413141952,339.163733916905,336.476860065435
DE72,225.362143458918,356.288183745115,410.100725458858,356.151923510472,359.324473413158,10.9289994531676,3.83175231186222,2.60062626113889,4.26928890763821,42.1310528228817,2.43959366150755,2.43959366150755,2.43959366150755,2.43959366150755,33.9248196106126,359.266288835139,,354.12322089088,48.9380354596865,98.2984103310063,73.6182228953497,354.12322089088,75.8263565172667,320.160663267117,356.002218055759,377.801391757907,356.937857625347,17.3912423692083,5.72866636131107,10.6535782743381,10.6535782743381,82.207186928598,9331.72434384914,354.12322089088,3.84470842565052,314.959410744839,5.20125252227777,347.448237610322,359.324473413158,359.324473413158,314.959410744839,342.886956720956,410.100725458858,359.142187907914,337.685704198678,,337.685704198678,349.997921713753,,365.67253180863,1.76158257704139,14.4315881201337,,41.103593464299,359.324473413158,359.324473413158,342.886956720956,32.9604350809542,359.324473413158,12.175518027815,339.326961523789,0.609898415376887,1.52193975347688,4.52139528107289,354.12322089088,337.685704198678,354.12322089088,359.324473413158,,,337.685704198678,,349.997921713753,381.657078650117,354.12322089088
DE73,196.820412789318,349.725379411636,391.562684772583,349.624624933862,351.594156214284,7.78027986848199,2.55113257010879,1.34896012350408,2.51647844000435,23.4171572342719,1.43798768000249,1.43798768000249,1.43798768000249,1.43798768000249,20.6158933950413,351.58460874674,,348.896235967276,25.3001808308509,51.0220183948421,38.1610996128484,348.896235967276,119.294255184642,317.657330991848,352.482047096523,360.67163361127,353.89699182015,14.2959618541567,3.88459756514818,7.42598000610795,7.42598000610795,40.7252178161196,8964.93651302426,348.896235967276,6.89870974085254,314.959410744839,2.69792024700816,342.656080697944,351.594156214284,351.594156214284,314.959410744839,342.166873655231,391.562684772583,351.505269348404,339.468953408223,,339.468953408223,346.81831502263,,354.341266712922,0.872683238916849,7.77263029184426,342.166873655231,20.3626089080598,351.594156214284,351.594156214284,342.166873655231,20.2841812713565,351.594156214284,8.4868342926948,338.071124824266,0.359496920000622,1.06085428658685,2.23988697988658,348.896235967276,339.468953408223,,351.594156214284,,,339.468953408223,,346.81831502263,358.592190678019,348.896235967276
DE80,222.861037016486,331.039971542192,394.952513526105,330.939590160424,332.946690130258,15.4495440422624,3.37792265164393,2.17419390534593,3.04409689293182,47.7677773737113,1.73948393881818,1.73948393881818,1.73948393881818,1.73948393881818,41.1986586833836,332.911243958379,,328.598302319566,60.2465467070447,120.018023230585,90.1322849688123,328.598302319566,480.893923988259,319.307798555531,335.569684403353,364.813456609419,341.355957334395,28.1860154232653,8.22956050762747,14.4019563137956,14.4019563137956,65.9772236386001,5675.60029190168,328.598302319566,33.7274288173876,314.959410744839,4.34838781069187,323.578582316951,332.946690130258,332.946690130258,314.959410744839,323.186867267616,394.952513526105,332.835091125832,318.838479456924,,318.838479456924,329.378276021641,,344.647333014983,1.41379764939857,12.6565321581406,323.186867267616,32.9886118193001,332.946690130258,332.946690130258,323.186867267616,40.7413108314598,332.946690130258,16.4593786443378,326.175686990476,0.434870984704546,2.05742233054223,3.62874730012301,328.598302319566,318.838479456924,328.598302319566,332.946690130258,,,318.838479456924,,329.378276021641,,328.598302319566
DE91,245.858703395425,320.871630430457,346.691307908508,320.829549634287,322.525707538637,18.7709685105896,,,,32.8404650306685,1.49021357201939,1.49021357201939,1.49021357201939,1.49021357201939,31.8959706580969,322.514244872207,,320.071161709385,66.4879798651818,133.771555611302,100.129767738829,320.071161709385,127.585261192718,317.413956574092,326.946988964674,334.729345108548,331.785208893416,28.120336183836,6.60343084728172,12.4456956533004,12.4456956533004,37.9161047194747,6011.21758370372,320.071161709385,8.84765384815692,314.959410744839,2.45454582925221,316.101137030455,322.525707538637,322.525707538637,314.959410744839,317.787058715177,346.691307908508,322.470199158218,315.332512885925,,315.332512885925,319.28373200528,,325.792196956876,0.812487958274457,7.78653794418228,317.787058715177,18.9580523597373,322.525707538637,322.525707538637,317.787058715177,31.6411455700681,322.525707538637,14.2236521752004,318.678874794889,0.372553393004847,1.77795652190006,2.08538575957111,320.071161709385,315.332512885925,,322.525707538637,,,315.332512885925,,319.28373200528,,320.071161709385
DE92,162.184614160946,318.854906345375,341.881970547157,318.824791078445,319.713163855802,8.92130357200083,2.60367098036447,0.434590342357376,2.28200029400963,17.5390043256619,1.3040001680055,1.3040001680055,1.3040001680055,1.3040001680055,16.4371960629984,319.695275416705,,318.843983171087,21.1595484358435,44.2345243871282,32.6970364114823,318.843983171087,160.316847613693,315.828591429554,321.476983441301,331.729400928609,324.516886775484,18.8104982034288,3.65820983335293,8.07544102307693,8.07544102307693,12.7578992307951,4232.66326940996,318.843983171087,11.9982947340341,314.959410744839,0.869180684714751,315.909251197999,319.713163855802,319.713163855802,314.959410744839,316.217530595369,341.881970547157,319.676040796411,315.348349910654,,315.348349910654,317.293284950142,,323.381696785263,0.27338355494561,2.61556170883566,316.217530595369,6.37894961539757,319.713163855802,319.713163855802,316.217530595369,16.2812526246162,319.713163855802,9.22907545494506,317.734399327954,0.326000042001376,1.15363443186813,0.701684457693733,318.843983171087,315.348349910654,,319.713163855802,,,315.348349910654,,317.293284950142,,318.843983171087
DE93,144.256066594775,323.930791224981,372.54869301346,323.893954005032,325.652718914713,4.95944062253334,2.75141522254089,0.678679067067694,2.33012529360003,11.0220170258683,1.33150016777145,1.33150016777145,1.33150016777145,1.33150016777145,10.0244262338915,325.613875746412,,324.295360780578,9.62340081520897,20.7428016958533,15.1831012555307,324.295360780578,275.736417044579,316.316768878975,323.490536667726,350.798016700405,323.266480665073,11.9125371205548,2.28925981246052,5.38617927151117,5.38617927151117,20.1720615589737,3997.29901236895,324.295360780578,18.782190408671,314.959410744839,1.35735813413539,318.827073805601,325.652718914713,325.652718914713,314.959410744839,319.057038629327,372.54869301346,325.580763629694,317.699680495192,,317.699680495192,322.986890556558,,334.637628688142,0.432258461978008,4.03074389100805,319.057038629327,10.0860307794869,325.652718914713,325.652718914713,319.057038629327,9.99390361386995,325.652718914713,6.15563345315562,323.426022714902,0.332875041942861,0.769454181644453,1.10946338574355,324.295360780578,317.699680495192,324.295360780578,325.652718914713,,,317.699680495192,317.699680495192,322.986890556558,,324.295360780578
DE94,78.9502816944649,319.840780754371,348.047460509332,319.811238822327,320.445090466092,1.48974114255422,0.65512404031479,0.138334307964844,0.56383574750228,5.16904383063782,0.322191855715589,0.322191855715589,0.322191855715589,0.322191855715589,4.42485893202772,320.372330765637,,320.168421850162,4.81338804935018,9.68019490220179,7.24679147577526,320.168421850162,299.729678408267,315.236079360769,319.615916291948,335.514421343339,319.39698329414,5.34163639770408,1.10502685285712,2.30396470885146,2.30396470885146,4.02275390394846,2249.05891326294,320.168421850162,24.6292346507187,314.959410744839,0.276668615929687,316.878362741052,320.445090466092,320.445090466092,314.959410744839,316.929728070285,348.047460509332,320.416345349392,316.653059454356,,316.653059454356,318.398881472872,,325.588293033084,0.0862018693703242,0.834611632866114,316.929728070285,2.01137695197423,320.445090466092,320.445090466092,316.929728070285,4.40593994958955,320.445090466092,2.63310252440167,319.165069702729,0.0805479639288972,0.329137815550209,0.221251464717165,320.168421850162,316.653059454356,,320.445090466092,,,316.653059454356,,318.398881472872,,320.168421850162
DEA1,137.994518964479,326.387678139999,367.206504076368,326.358834782309,330.290376318026,19.3854690930785,9.87701354065661,1.16739297393952,9.40354908184307,21.8033634822297,5.37345661819604,5.37345661819604,5.37345661819604,5.37345661819604,21.5568480164748,330.022219576239,,327.955590370147,14.1752971202118,38.9740576181768,26.5746773691943,327.955590370147,74.701093359637,317.294196692718,326.886126248057,347.441874990777,326.815375184554,32.6298909593158,4.73074314326075,16.0479994190341,16.0479994190341,34.5560994135279,8746.30246242281,327.955590370147,5.39982642153461,314.959410744839,2.33478594787905,317.763392394042,330.290376318026,330.290376318026,314.959410744839,318.484946141314,367.206504076368,330.079327782971,316.150160193435,,316.150160193435,323.090058451004,,332.177663349746,0.740487844575598,7.05181644206723,318.484946141314,17.278049706764,330.290376318026,330.290376318026,318.484946141314,21.5660350118024,330.290376318026,18.3405707646104,327.22772226562,1.34336415454901,2.29257134557629,1.90058546774404,327.955590370147,316.150160193435,327.955590370147,330.290376318026,,,316.150160193435,,323.090058451004,,327.955590370147
DEA2,229.142076429698,347.737333039491,412.349942902885,347.640226663726,359.298682139507,24.0416060581335,8.86552838190183,4.39303002769341,8.53877978249589,44.8418772279319,4.87930273285479,4.87930273285479,4.87930273285479,4.87930273285479,42.6557902243967,359.199071309416,,350.51262208412,41.1030693153677,85.1429431876277,63.1230062514948,350.51262208412,111.602977032761,323.745470800226,352.115757399235,375.525367494645,353.862467851107,37.0712529929897,9.31385330655957,18.6877810302044,18.6877810302044,158.872385484354,9851.96988012588,350.51262208412,5.55577715341611,314.959410744839,8.78606005538681,325.232617211912,359.298682139507,359.298682139507,314.959410744839,331.074065477556,412.349942902885,358.804367701789,322.288005422169,,322.288005422169,339.605389668525,,352.357850502055,3.40440826037901,34.0810904040162,331.074065477556,79.436192742177,359.298682139507,359.298682139507,331.074065477556,42.3559528540541,359.298682139507,21.3574640345193,348.638313408379,1.2198256832137,2.66968300431491,,350.51262208412,322.288005422169,350.51262208412,359.298682139507,,,322.288005422169,,339.605389668525,,350.51262208412
DEA3,69.3219553198552,319.599460156787,331.572067229494,319.577251436142,320.026421983529,4.73948379693946,3.29835642390696,0.168289975988337,3.2234473278267,14.4891371948229,1.84196990161526,1.84196990161526,1.84196990161526,1.84196990161526,10.731724028859,319.921746892291,,319.689842031552,12.4685821409343,28.7301168640723,20.5993495025033,319.689842031552,130.694212131199,315.295990696816,320.979594191621,325.290556571091,324.495531672185,20.6056476594599,3.54766029873521,9.19624688422964,9.19624688422964,4.88290523641002,6103.8432129931,319.689842031552,14.1817911353484,314.959410744839,0.336579951976675,316.664308625485,320.026421983529,320.026421983529,314.959410744839,316.313654341625,331.572067229494,319.980229867872,315.977074389648,,315.977074389648,317.244089042398,,320.243549307011,0.104633683637358,0.961047034012328,316.313654341625,2.44145261820501,320.026421983529,320.026421983529,316.313654341625,10.7360226330458,320.026421983529,10.5099964391196,319.26764765128,0.460492475403814,1.31374955488995,0.268559788002551,319.689842031552,315.977074389648,,320.026421983529,,,315.977074389648,,317.244089042398,,319.689842031552
DEA4,134.833475391231,331.841996936509,349.078654548929,331.749161808093,333.564465812401,14.4096483195245,5.12015444942784,0.977080939209858,5.22772644851978,53.5709907129277,2.98727225629702,2.98727225629702,2.98727225629702,2.98727225629702,44.6817733388853,333.352780597552,,331.610303933982,66.1041296454169,137.246885833299,101.675507739358,331.610303933982,120.13240931181,316.913572623259,337.022463673347,336.17848611677,341.25305113156,41.6486266720738,8.58080400958871,18.8762201504062,18.8762201504062,28.4956285452896,6867.3928280151,331.610303933982,8.71884432906714,314.959410744839,1.95416187841972,323.052233798202,333.564465812401,333.564465812401,314.959410744839,321.285061619998,349.078654548929,333.486190756147,319.330899741578,,319.330899741578,323.877422569738,,328.108165048127,0.610620611684778,5.87435027152875,321.285061619998,14.2478142726448,333.564465812401,333.564465812401,321.285061619998,43.9773705667901,333.564465812401,21.5728230290357,330.009656457583,0.746818064074255,2.69660287862946,1.56725956999093,331.610303933982,319.330899741578,,333.564465812401,,,319.330899741578,,323.877422569738,,331.610303933982
DEA5,165.573280214245,370.856231677226,429.035470125753,370.665934126839,375.356391243343,22.418003884844,11.3204406254504,2.19273719041067,14.4450884990634,67.1581585937999,8.25433628517911,8.25433628517911,8.25433628517911,8.25433628517911,53.8879422502799,375.086255519267,,370.970916862521,64.4153672453317,144.605708602932,104.510537924132,370.970916862521,102.186489914604,319.344885125661,368.756282008198,385.902459436684,369.964592400854,43.3115906567076,7.90059791526419,25.2013027842008,25.2013027842008,64.5255415429128,8172.24289915903,370.970916862521,5.49243084185441,314.959410744839,4.38547438082134,348.113903808908,375.356391243343,375.356391243343,314.959410744839,343.202478292695,429.035470125753,374.949450052442,338.817003911874,,338.817003911874,354.034346407494,,363.513891709824,1.38269017591956,12.9154260422887,343.202478292695,32.2627707714564,375.356391243343,375.356391243343,343.202478292695,53.3797247424495,375.356391243343,28.8014888962295,368.676991453166,2.06358407129478,3.60018611202869,3.5489047848602,370.970916862521,338.817003911874,370.970916862521,375.356391243343,,,338.817003911874,,354.034346407494,,370.970916862521
DEB1,250.531058903747,346.536888472256,403.445741164198,346.246552762504,349.397377855895,9.84657864084748,3.11055307259669,2.37165710215227,3.32203341819407,39.7985369993216,1.89830481039661,1.89830481039661,1.89830481039661,1.89830481039661,31.3864063370957,349.36747004665,,344.654063651591,54.316356580266,108.159768762361,81.2380626716982,344.654063651591,92.4142404668087,319.702724949144,349.918782177993,320.845059913306,351.490093007363,13.273502800844,4.9701890388575,8.69954429318151,8.69954429318151,81.3101635884961,9700.39475358141,344.654063651591,4.10840861854934,314.959410744839,4.74331420430454,332.770301183876,349.397377855895,349.397377855895,314.959410744839,337.159841992389,403.445741164198,349.294980911182,332.416527788084,,332.416527788084,344.793499480849,,322.253202688356,1.74236064832492,17.7018734216471,337.159841992389,40.655081794248,349.397377855895,349.397377855895,337.159841992389,30.8172040063059,349.397377855895,9.94233633506458,330.659956381491,0.474576202599152,1.24279204188307,,,332.416527788084,344.654063651591,349.397377855895,,,332.416527788084,,344.793499480849,318.36606608912,344.654063651591
DEB2,188.323986547692,357.234683313814,393.626295262452,356.562079787847,362.246620185466,4.83228733450477,2.19272162414953,1.39597006580369,1.95739969033238,14.0667839737342,1.11851410876136,1.11851410876136,1.11851410876136,1.11851410876136,12.3714688188003,362.22171660523,,359.454680053858,13.8751590597719,27.279271039982,20.577215049877,359.454680053858,66.377279061886,317.751350876447,353.63197483332,319.521192658813,352.860651414573,9.34085507775648,2.7040534176744,4.7351350791374,4.7351350791374,44.7616428129652,6972.34611229863,359.454680053858,2.87471597040947,314.959410744839,2.79194013160739,336.361118371733,362.246620185466,362.246620185466,314.959410744839,346.951792997968,393.626295262452,362.086411639449,344.15985286636,,344.15985286636,352.185134463632,,321.437135280514,0.959178060277826,8.74689522986738,,22.3808214064826,362.246620185466,362.246620185466,346.951792997968,12.251681145473,362.246620185466,5.41158294758561,333.29614476947,0.27962852719034,0.676447868448201,2.46189035471309,,344.15985286636,359.454680053858,362.246620185466,,,344.15985286636,,352.185134463632,317.289551723283,359.454680053858
DEB3,268.254002712468,332.3363630439,349.521170173417,332.002336082462,336.794272241161,16.385289614989,3.78528802223647,2.54748203166218,3.57160652790216,62.5024891691491,2.04091801594409,2.04091801594409,2.04091801594409,2.04091801594409,51.7740537187062,336.311566366136,,331.699308177836,139.877109589059,279.286157934795,209.581633761927,331.699308177836,91.5160691328293,320.054374808164,343.937625906494,317.025141821902,349.798484238958,29.4122060226187,9.02850183837799,15.8050099007366,15.8050099007366,81.2192760691655,61648.0623610956,331.699308177836,4.10044791931963,314.959410744839,5.09496406332435,322.678524703182,336.794272241161,336.794272241161,314.959410744839,326.954306970921,349.521170173417,336.587812665009,321.859342907597,,321.859342907597,329.378984100364,,317.765145963096,1.74041305862497,15.8258959876655,326.954306970921,40.6096380345827,336.794272241161,336.794272241161,326.954306970921,49.7548732478785,336.794272241161,18.0628684579847,320.242931748982,0.510229503986023,2.25785855724809,4.4670601838041,,321.859342907597,331.699308177836,336.794272241161,,,321.859342907597,321.859342907597,329.378984100364,316.04332937258,331.699308177836
DEC0,234.264694351829,343.410334297634,403.891361154661,343.161690160474,349.251626443682,12.2259864459211,5.09779479224252,3.88913524004009,5.44478933605613,51.2787576119246,3.11130819203207,3.11130819203207,3.11130819203207,3.11130819203207,40.2390627216029,349.094112162238,,341.473355963602,60.5399847119697,120.604577204081,90.5722809580192,341.473355963602,27.5266023581864,322.73768122492,332.339901994525,420.835571927233,332.163228358267,18.3648707436086,6.88152704537116,12.0426723293995,12.0426723293995,156.78872939896,10127.9781241921,341.473355963602,1.05155999426967,314.959410744839,7.77827048008019,326.257852826673,349.251626443682,349.251626443682,314.959410744839,322.73768122492,403.891361154661,349.07816501154,314.959410744839,,,331.384606360759,,373.818459461597,3.35975848712057,30.7089535820663,322.73768122492,78.3943646994799,349.251626443682,349.251626443682,322.73768122492,39.8053592078597,349.251626443682,13.7630540907423,330.731811185145,0.777827048008019,1.72038176134279,8.62338011694279,,,341.473355963602,349.251626443682,,,314.959410744839,,331.384606360759,624.392269125731,341.473355963602
DEE0,212.242527756708,335.296067690461,388.999212349235,335.178741897961,337.462389913674,28.3649151661757,5.63515367831392,2.11431578238177,5.56721082076833,65.6660564465549,3.18126332615333,3.18126332615333,3.18126332615333,3.18126332615333,60.445832066835,337.274490382021,,333.23375834891,86.2195044544146,175.688143439591,130.953823947003,333.23375834891,425.240301628861,319.188042309603,344.078235652905,406.509351794409,356.284646719092,54.9978187186383,12.8907462534537,25.1659746689779,25.1659746689779,62.7284587119617,8784.09100626521,333.23375834891,31.169867979325,314.959410744839,4.22863156476354,326.569373151638,337.462389913674,337.462389913674,314.959410744839,326.636921545147,388.999212349235,337.279364882536,322.408289980383,,322.408289980383,332.933632399556,,366.315219593786,1.34418125811347,12.0151643452875,326.636921545147,31.3642293559809,337.462389913674,337.462389913674,326.636921545147,59.5586820824503,337.462389913674,28.7611139074033,331.862875680564,0.795315831538332,3.59513923842541,3.45006522915789,333.23375834891,322.408289980383,333.23375834891,337.462389913674,,,322.408289980383,322.408289980383,332.933632399556,807.69859865907,333.23375834891
DEF0,153.076161386133,323.396877408947,361.735893392666,323.383744713486,324.701366300802,6.61300292838983,3.44430695593297,0.825030224732,3.09108618668767,13.0817113434626,1.76633496382153,1.76633496382153,1.76633496382153,1.76633496382153,12.0814936153685,324.694581262128,,323.051305851338,11.5343996421145,25.359184024461,18.4467918332868,323.051305851338,341.579252319436,316.609471194303,322.720799513507,344.029403245821,323.379511730286,14.077337627172,2.62264952221825,6.52568053594481,6.52568053594481,24.7736878795148,6769.49418897172,323.051305851338,29.0502730036972,314.959410744839,1.650060449464,319.371138561769,324.701366300802,324.701366300802,314.959410744839,317.935087918999,361.735893392666,324.630586767421,316.285027469535,,316.285027469535,320.739172342447,,330.616833355786,0.530864740275316,4.98528638846438,317.935087918999,12.3868439397574,324.701366300802,324.701366300802,317.935087918999,11.9809637834666,324.701366300802,7.45792061250836,322.525207107905,0.441583740955382,0.932240076563545,1.36255283337331,,316.285027469535,323.051305851338,324.701366300802,,,316.285027469535,316.285027469535,320.739172342447,,323.051305851338
DEG0,229.594106028443,357.178567477662,412.599756522536,356.952470118743,359.586912817167,22.3398310755127,4.80345625351863,3.00238643572894,4.20423238102677,72.777140755919,2.40241850344387,2.40241850344387,2.40241850344387,2.40241850344387,62.7697102471069,359.429203572472,,353.582139945709,91.2453317439741,182.016544655242,136.630938199609,353.582139945709,307.404484461916,320.964183616297,366.946145657544,375.754611825558,376.833415882987,44.5427317949093,12.4919826817652,21.8618610640954,21.8618610640954,90.258518609351,5603.09508025311,353.582139945709,21.2099587730985,314.959410744839,6.00477287145788,346.191944678007,359.586912817167,359.586912817167,314.959410744839,344.026043478488,412.599756522536,359.371823857056,338.02127060703,,338.02127060703,351.883107456979,,361.840785295874,1.93411111305752,16.6743402988028,344.026043478488,45.1292593046755,359.586912817167,359.586912817167,344.026043478488,60.6777841870897,359.586912817167,24.9849840732519,351.976741309692,0.600604625860968,3.12312300915649,4.96421852351431,353.582139945709,338.02127060703,353.582139945709,359.586912817167,,,338.02127060703,338.02127060703,351.883107456979,,353.582139945709
EE00,113.341034019874,126.854891739461,117.297389143759,126.842612007929,134.907619402455,30.6138375913514,13.8638791119443,2.44328408165216,9.83339928634311,91.079464024997,5.61908530648178,5.61908530648178,5.61908530648178,5.61908530648178,80.5404530598468,134.907619402455,,,97.8973024213245,190.179965250539,144.038633835944,,149.602253059986,100.76007739876,126.446536627392,103.131120207088,131.849919816792,50.9468651176866,10.6706500525566,25.0864391640042,25.0864391640042,68.4119542862603,3695.70783250954,130.02105123915,,95.8735092354558,4.88656816330431,133.641961090142,134.907619402455,134.907619402455,95.8735092354558,116.606347577397,117.297389143759,133.187325122229,,,111.719779414093,177.584438760994,,116.475878687186,1.46597044899129,16.4376126407747,116.606347577397,34.2059771431302,134.907619402455,134.907619402455,116.606347577397,79.2749709310343,134.907619402455,28.6702161874334,95.8735092354558,1.40477132662044,3.58377702342917,3.76265748574432,,,,134.907619402455,,,111.719779414093,,177.584438760994,,
EL30,387.986707127599,505.156773788353,479.186959318151,504.754993281619,544.690001808554,113.305348738372,,,,8.2186698446216,,,,,24.5227312312988,584.045993202164,479.186959318151,544.690001808554,6.80010231262743,6.80010231262743,6.80010231260773,608.393578081311,63.7058876852562,444.350771266595,453.609856109388,495.478822217267,453.315781585892,53.4231766701418,61.3475480866839,63.3734347446361,63.3734347446361,,2845.50803157563,544.690001808554,0.0707808919007665,444.350771266596,,485.175130168089,544.690001808554,544.690001808554,444.350771266596,447.354149861015,479.186959318151,449.403380073294,447.354149861015,500.129016797419,447.354149861015,447.354149861015,447.354149861015,495.055267201053,,2.18508223789081,447.354149861015,,544.690001808554,544.690001808554,,10.0609225302071,544.690001808554,297.06188237832,451.650597448194,,0.833580796232682,,,447.354149861015,544.690001808554,544.690001808554,479.186959318151,479.186959318151,447.354149861015,447.354149861015,447.354149861015,457.828139301013,544.690001808554
EL41,441.285886241866,594.276219900358,612.856163301963,594.126945073467,613.370158277811,281.994132399907,,,,21.9405929041018,,,,,138.700113322822,618.283618671744,612.856163301963,613.370158277811,71.401074282588,71.401074282588,71.4010742832763,677.073734550568,101.431225435519,493.765476772529,561.958246129355,628.80408518329,560.057569731771,88.7889338820003,67.0141320520241,70.4892769612461,70.4892769612461,,2981.41102289179,613.370158277811,0.313543293054527,493.765476772529,,587.35149388533,613.370158277811,613.370158277811,493.765476772529,539.314137322941,612.856163301963,610.120737687787,539.314137322941,633.79822078123,539.314137322941,539.314137322941,539.314137322941,625.473871610204,,19.0826379351831,539.314137322941,,613.370158277811,613.370158277811,539.314137322941,30.0818437208716,613.370158277811,304.660810678687,526.504447649608,,2.8203766940177,,,539.314137322941,613.370158277811,613.370158277811,612.856163301963,612.856163301963,539.314137322941,,539.314137322941,563.957249795866,613.370158277811
EL42,246.938683058346,334.564784542629,377.644863486223,334.44113494867,336.321112232657,216.414451451188,,,,53.0970456072636,,,,,90.8501971174747,348.615407086821,377.644863486223,336.321112232657,69.5201949195208,69.5201949195208,69.5201949200124,400.024688505414,39.8256925015801,293.548059326723,339.719266461987,375.675335826733,341.157287759607,71.6819607414864,63.2831890360639,64.0416694300023,64.0416694300023,,2518.32003089753,336.321112232657,0.290609098413697,293.548059326723,,330.832549592422,336.321112232657,336.321112232657,293.548059326723,328.641452115414,377.644863486223,334.40995225784,328.641452115414,398.58692096549,328.641452115414,328.641452115414,328.641452115414,371.629335252834,,12.1427148847572,328.641452115414,,336.321112232657,336.321112232657,328.641452115414,28.3063915890615,336.321112232657,297.307648309015,293.548059326723,,1.87104083076931,,,328.641452115414,336.321112232657,336.321112232657,377.644863486223,377.644863486223,,,328.641452115414,302.422985598127,
EL43,429.460154427037,634.95702652222,629.36236567176,634.780490215653,653.729790695223,204.077217777688,,,,2.8173129015359,,,,,14.4894390772414,654.257922007694,629.36236567176,653.729790695223,71.3287327686239,71.3287327686239,71.3287327686332,717.433366967979,320.370285520704,583.224521294382,625.089808437679,645.119973104274,624.275076568399,89.6757428421445,63.3438180643925,64.0693637423787,64.0693637423787,,2514.6247002136,653.729790695223,1.0812225789866,583.224521294382,,635.757188313718,653.729790695223,653.729790695223,583.224521294382,615.873253797255,629.36236567176,639.622485558934,615.873253797255,650.304423151028,615.873253797255,615.873253797255,615.873253797255,643.882457448378,,13.092525355228,615.873253797255,,653.729790695223,653.729790695223,615.873253797255,14.1983683188912,653.729790695223,297.324364382741,616.402164915633,,1.90215973136909,,,615.873253797255,653.729790695223,653.729790695223,629.36236567176,629.36236567176,615.873253797255,,615.873253797255,597.204000430511,653.729790695223
EL51,245.83276998463,281.087086507342,668.62910691663,281.078083895061,289.314698935211,288.865043180349,,,,49.7776139933223,,,,,147.169669650296,311.528695236842,668.62910691663,289.314698935211,70.1712685451979,70.1712685451979,70.1712685452275,353.018275207968,225.771017442957,250.891985170559,283.748958598768,673.123730722941,284.859220225883,66.5147863399783,65.3755549577094,67.6750834574905,67.6750834574905,,3982.55024560751,289.314698935211,1.8259787291035,250.891985170559,,271.797174423343,289.314698935211,289.314698935211,250.891985170559,270.88827602683,668.62910691663,274.033915613098,270.88827602683,689.571164395898,270.88827602683,270.88827602683,270.88827602683,623.347033468968,,14.462911202051,270.88827602683,,289.314698935211,289.314698935211,270.88827602683,64.243079368005,289.314698935211,301.454745038451,289.232130075163,,2.39987850284703,,289.314698935211,,289.314698935211,289.314698935211,668.62910691663,668.62910691663,270.88827602683,270.88827602683,270.88827602683,637.709992670137,289.314698935211
EL52,265.850444237001,321.337411300832,462.750896653232,321.32893798571,317.447378213019,173.184521453427,,,,52.774995683335,,,,,85.1943280254207,341.537489219136,462.750896653232,317.447378213019,66.5541928469918,66.5541928469918,66.5541928470017,381.150954485776,392.461180041364,290.458599156237,316.974402760795,466.679927496246,318.894943811273,56.6051805439947,64.5298810440899,66.3519670830537,66.3519670830537,,3688.93035285397,317.447378213019,3.45624985619044,290.458599156237,,307.735909007564,317.447378213019,317.447378213019,290.458599156237,305.451737336521,462.750896653232,308.812406914377,305.451737336521,483.6929541325,305.451737336521,305.451737336521,305.451737336521,449.577375345344,,9.97942324743027,305.451737336521,,317.447378213019,317.447378213019,305.451737336521,45.1704203126787,317.447378213019,299.972481177075,315.394811770237,,2.15653673740689,,317.447378213019,,317.447378213019,317.447378213019,462.750896653232,462.750896653232,305.451737336521,305.451737336521,305.451737336521,397.923985840309,317.447378213019
EL53,254.124494378719,290.377872626037,554.942605077051,290.358242648445,281.379170882941,258.42013477804,,,,37.208018112281,,,,,133.940501573786,301.541737475068,554.942605077051,281.379170882941,72.3415139641216,72.3415139641216,72.3415139641194,345.082747155698,134.807105743198,253.858720384916,282.609122020091,510.899366306743,284.661003812145,56.3295073220901,64.8453768997602,66.653184071441,66.653184071441,,4821.93506677676,281.379170882941,1.45432170135522,253.858720384916,,279.557396936051,281.379170882941,281.379170882941,253.858720384916,272.750504324627,554.942605077051,277.07501072786,272.750504324627,575.884662556318,272.750504324627,272.750504324627,272.750504324627,439.737213688832,,15.051152807462,272.750504324627,,281.379170882941,281.379170882941,272.750504324627,44.1134725387665,281.379170882941,300.268938543035,279.20419843037,,2.28648796058089,,281.379170882941,,281.379170882941,281.379170882941,554.942605077051,554.942605077051,272.750504324627,272.750504324627,272.750504324627,316.145566508909,281.379170882941
EL54,137.54226935189,195.640749065609,206.133941840762,195.597797342861,220.672402478182,320.83758908741,,,,41.3103385122424,,,,,228.467418604177,220.650601640095,206.133941840762,220.672402478182,70.6776591429468,70.6776591429468,70.6776591429494,284.375978750938,97.6509325722116,159.594000200902,186.150552550605,219.667402892223,186.151881145601,53.7456002118876,62.6578443442926,62.8971360675954,62.8971360675954,,2346.16157342973,220.672402478182,0.884230109176647,159.594000200902,,193.726923248327,220.672402478182,220.672402478182,159.594000200902,176.917438585207,206.133941840762,220.672402478182,176.917438585207,227.07599932003,,176.917438585207,176.917438585207,218.038120645279,,6.46707408258807,176.917438585207,,220.672402478182,,176.917438585207,71.6623492153152,220.672402478182,295.990052056396,209.447408888681,,1.72492010967777,,220.672402478182,,220.672402478182,220.672402478182,206.133941840762,206.133941840762,176.917438585207,,176.917438585207,264.061005031939,220.672402478182
EL61,309.340806789089,348.347041240454,847.483187619024,348.20852676061,363.315284973931,329.522097204139,,,,44.6145668151712,,,,,191.955783745392,395.480667543812,847.483187619024,363.315284973931,63.660532288427,63.660532288427,63.6605322884275,427.018861246687,383.157122901805,294.121866771055,338.677470363978,846.25214594691,342.45138760591,75.6484862907066,71.2590864131703,78.2535268584623,78.2535268584623,,3527.82036145491,363.315284973931,3.15879182604681,294.121866771055,,312.4753932218,363.315284973931,363.315284973931,294.121866771055,307.815940072865,847.483187619024,355.385992924557,307.815940072865,868.425245098291,307.815940072865,307.815940072865,307.815940072865,754.454191042991,,22.0100738892099,307.815940072865,,363.315284973931,363.315284973931,307.815940072865,74.034744165501,363.315284973931,313.598159087926,357.5592811312,,3.81329945004879,,363.315284973931,,363.315284973931,363.315284973931,847.483187619024,847.483187619024,307.815940072865,307.815940072865,307.815940072865,717.344129583387,363.315284973931
EL62,747.987806028933,1010.65326443852,1003.14705053669,1010.46636657714,1055.77693354208,318.05860807357,,,,25.9715972926081,,,,,167.958939278211,1059.71524633937,1003.14705053669,1055.77693354208,70.4606346010544,70.4606346010544,70.4606346010544,1119.48050981484,106.08507493444,973.43670773319,997.722274003997,1019.74767974246,,95.8823288231484,66.8589152939724,70.258419007999,70.258419007999,,2565.44567235802,1055.77693354208,0.162699148742929,973.43670773319,,1002.14905165487,1055.77693354208,1055.77693354208,973.43670773319,994.714553070618,1003.14705053669,,994.714553070618,1024.08910801596,,994.714553070618,,1018.52313629932,,16.0585301244267,994.714553070618,,1055.77693354208,,994.714553070618,39.286004065094,1055.77693354208,304.404738993708,979.339903388967,,2.77327244987561,,,,,1055.77693354208,1003.14705053669,1003.14705053669,,,994.714553070618,981.681368349242,1055.77693354208
EL63,542.326011405627,945.052165013717,979.320016319932,944.972031915273,967.637587022888,315.20101762912,,,,49.0042838878064,,,,,207.014435695088,967.23958346282,979.320016319932,967.637587022888,63.9498983442835,63.9498983442835,63.9498983442836,1031.34116329564,310.144391959763,868.79678455931,923.351454455398,991.467012914388,,104.864885486425,71.5043697667644,78.6702276893,78.6702276893,,2595.41393147167,967.637587022888,1.58285462109469,868.79678455931,,933.14588934619,967.637587022888,967.637587022888,868.79678455931,915.220425235271,979.320016319932,926.008984066822,915.220425235271,1000.2620737992,915.220425235271,915.220425235271,915.220425235271,990.681946997496,,24.1989471337395,915.220425235271,,967.637587022888,,915.220425235271,54.7111628825121,967.637587022888,314.071999077845,885.620712089894,,3.87717415141012,,967.637587022888,,967.637587022888,967.637587022888,979.320016319932,979.320016319932,915.220425235271,,915.220425235271,920.775338274316,967.637587022888
EL64,423.047072175052,543.240068309911,562.352916695348,543.076853619773,548.442518163266,327.066018731432,,,,37.2310263852283,,,,,149.170552097175,577.190664197416,562.352916695348,548.442518163266,67.9286816123102,67.9286816123102,67.9286816121998,612.146094436022,259.451085461069,507.010077927082,530.079735581235,574.497973653511,,110.137168210313,74.4303267181587,83.6181580824031,83.6181580824031,,2284.65312250254,548.442518163266,1.12409146313109,507.010077927082,,530.374426960382,548.442518163266,548.442518163266,507.010077927082,527.036940507019,562.352916695348,527.972952474546,527.036940507019,583.294974174615,527.036940507019,527.036940507019,527.036940507019,571.223145903724,,23.0179914780784,527.036940507019,,548.442518163266,548.442518163266,527.036940507019,52.549705898035,548.442518163266,319.693920618185,519.163229781663,,4.6437790049975,,548.442518163266,,548.442518163266,548.442518163266,562.352916695348,562.352916695348,527.036940507019,,527.036940507019,539.741826246128,548.442518163266
EL65,204.191706385244,300.11384368453,267.633999409107,300.015693229692,474.984835105879,243.31790258941,,,,21.5821592149227,,,,,106.103611505695,484.914732931142,267.633999409107,474.984835105879,71.0393667127674,71.0393667127674,71.0393667127969,538.688411378635,173.798890584245,202.79047550227,229.914782459676,282.411138185439,229.874125609576,54.9573199019386,63.6370404199517,64.5950479025591,64.5950479025591,,2731.60687832722,474.984835105879,0.557803996008443,202.79047550227,,356.266206092888,474.984835105879,474.984835105879,202.79047550227,220.071501426332,267.633999409107,297.662675594309,220.071501426332,288.576056888374,220.071501426332,220.071501426332,220.071501426332,281.389130529764,,11.0182209763175,220.071501426332,,474.984835105879,474.984835105879,220.071501426332,25.5768503762338,474.984835105879,297.927535811128,248.064822055506,,1.97291145729607,,,,474.984835105879,474.984835105879,267.633999409107,267.633999409107,220.071501426332,,220.071501426332,281.714615126962,474.984835105879
ES11,110.689178916379,181.414510255675,2160.07033135289,181.40401251117,254.377848439896,201.924158542823,0.637980993559169,0.140237636608369,0.196332691251717,43.8021718867615,0.112190109286695,0.112190109286695,0.112190109286695,0.112190109286695,86.1025987904217,254.248989680199,2159.78985607968,254.09737316668,53.3827809154545,53.7503731330083,53.5665770242305,254.09737316668,224.970265893962,143.601288530995,166.402879777636,666.472048657117,160.952776921533,79.8288768921498,35.062699569017,36.4064676870681,36.4064676870681,16.537465032856,1658.90986970354,254.09737316668,5.95278298159215,143.320813257778,0.280475273216739,160.401856747867,254.377848439896,254.377848439896,143.320813257778,155.491937448406,2160.07033135289,223.773497260347,155.21146217519,2159.78985607968,155.21146217519,168.319108683876,,548.211155661094,0.354374250704057,8.376891498146,155.491937448406,8.26873251642801,256.470817205974,254.377848439896,155.491937448406,86.5028227967964,254.377848439896,169.93842537288,147.722861066444,0.0280475273216739,12.690509843479,0.909560576807081,,155.21146217519,254.09737316668,254.377848439896,2159.78985607968,2159.78985607968,,,168.319108683876,152.768667869939,254.09737316668
ES12,139.900501059179,275.73788988191,579.297906822799,275.034679815436,358.438908235591,198.232615703643,8.07220350919579,0.182638963820111,4.21012142816045,35.0943196640574,2.40578367323454,2.40578367323454,2.40578367323454,2.40578367323454,114.211325068908,358.362572238875,578.932628895158,358.073630307951,41.8461345748805,48.031797594391,44.9389660846379,358.073630307951,91.2114336972082,115.57608689545,150.622521751777,560.866269487224,144.703111357624,78.314857002088,34.2965709353321,39.0201694569319,39.0201694569319,176.56558193622,3181.18250247709,358.073630307951,2.23278331624804,115.21080896781,0.365277927640222,268.565333079708,358.438908235591,358.438908235591,115.21080896781,165.064381582238,579.297906822799,321.051896524808,164.699103654598,,164.699103654598,175.399654222643,,492.760383271086,3.78354818434756,37.0344312412349,165.064381582238,88.2827909681098,360.531877001669,358.438908235591,165.064381582238,111.655689499302,358.438908235591,172.925513109868,345.389760897251,0.601445918308636,4.45422714606056,9.71110700649207,,,,358.438908235591,,,,,175.399654222643,482.351594939143,358.073630307951
ES13,128.856214315277,250.416349861187,1642.21906611844,250.416349861187,296.395508184285,192.285355749011,0.665716112238098,0.136585859476711,0.191220203267395,30.8172856031186,0.109268687581368,0.109268687581368,0.109268687581368,0.109268687581368,98.5365895956986,296.349150124773,1641.94589439949,296.122336465332,40.4702367359754,40.8558186028063,40.6630276693936,296.122336465332,56.6764812741359,119.462137286236,143.73462566043,1253.46599555142,142.487358330068,81.269016745153,34.0174777106579,34.5773294349398,34.5773294349398,192.142755863259,3774.52363890997,296.122336465332,1.55675849015479,119.188965567283,0.273171718953421,174.090585975744,296.395508184285,296.395508184285,,132.973246411706,1642.21906611844,284.348725030283,132.700074692753,,132.700074692753,142.117320636371,,816.130177232759,4.11734476849841,87.38328308696,132.973246411706,96.0713779316297,298.488476950363,296.395508184285,132.973246411706,99.0951280913311,296.395508184285,167.847981656162,125.01434353293,0.0273171718953421,14.659564227921,10.5678515724793,,132.700074692753,296.122336465332,296.395508184285,,,,,142.117320636371,308.77363833061,296.122336465332
ES21,152.016502455111,189.620251420883,622.894495895632,189.144578888798,192.725169844472,185.619133743703,0.525148868452598,0.107875465583553,0.151025651816975,34.7975308447953,0.0863003724668427,0.0863003724668427,0.0863003724668427,0.0863003724668427,110.519033499245,192.723388690025,622.678744964465,192.509418913305,56.3551413066985,56.9048208261332,56.6299810664299,192.509418913305,52.946078018217,162.283100015302,175.179986606292,226.658372219639,175.224907340024,80.9276685214014,34.0229677025174,34.5869369206938,34.5869369206938,34.9956923729796,3985.7334036745,192.509418913305,1.83543594233468,162.067349084135,0.215750931167107,178.652399626377,192.725169844472,192.725169844472,162.067349084135,170.65913843315,622.894495895632,192.56763816052,170.443387501983,622.678744964465,170.443387501983,175.582678452569,,223.469818714617,0.749907693706706,82.3029215215358,170.65913843315,17.4978461864898,194.818138610549,192.725169844472,170.65913843315,115.502298517211,192.725169844472,167.858961639881,190.989139379598,0.0215750931167107,17.2570276254308,1.92476308051388,,170.443387501983,192.509418913305,192.725169844472,,622.678744964465,,370.443387501983,175.582678452569,162.780716561297,192.509418913305
ES22,136.924765609898,206.775310694237,275.117990023171,206.626726221474,209.164492402285,183.45531377979,2.45457528021864,0.0489372514991881,0.920979437570563,29.6687429518135,0.526273964326036,0.526273964326036,0.526273964326036,0.526273964326036,83.1627023107289,209.101085215689,,209.066617899287,46.190340722194,47.8652353631299,47.0277880419351,209.066617899287,103.858994568006,192.632892571276,208.213339171114,223.759070760364,209.131003792495,95.5690648913282,34.253894096465,35.8435253955738,35.8435253955738,5.4994704321615,3473.83361837708,209.066617899287,3.78441522368935,192.535018068277,0.0978745029983763,205.664051708179,209.164492402285,209.164492402285,192.535018068277,203.852716464898,275.117990023171,209.123369193104,203.754841961899,275.020115520173,,204.297776298646,203.754841961899,218.694369099731,0.117845794974889,21.2326087431163,203.852716464898,2.74973521608075,211.257461168363,209.164492402285,203.852716464898,89.1551481906796,209.164492402285,169.29506275403,198.705804680958,0.131568491081509,12.7959528368753,0.302470873768883,209.066617899287,203.754841961899,209.066617899287,209.164492402285,275.020115520173,275.020115520173,,403.754841961899,204.297776298646,193.008847119602,209.066617899287
ES23,122.191461731634,151.155523930045,219.760774129847,151.023508344909,165.044603289391,179.511636172623,0.651902947740807,0.15868613904326,0.222160594660564,7.46300965126295,0.126948911234608,0.126948911234608,0.126948911234608,0.126948911234608,102.262405764392,164.99500615228,,164.727231011304,10.91520968178,16.2498731848337,13.5825414332922,164.727231011304,41.0334475460265,125.63208655649,136.799684028119,152.225637225759,136.7621256075,59.7062311993578,34.9110005996957,36.1409944907559,36.1409944907559,22.6552617700507,2280.30486195056,164.727231011304,1.02773218947516,125.314714278403,0.317372278086521,145.38179455742,165.044603289391,165.044603289391,125.314714278403,137.367438803148,219.760774129847,164.618347629651,137.050066525061,219.44340185176,137.050066525061,140.605167156512,137.050066525061,151.837125778584,0.485469895072515,32.6997160601337,137.367438803148,11.3276308850254,167.137572055468,165.044603289391,137.367438803148,113.168194758351,165.044603289391,169.635027434238,126.160808268802,0.0317372278086521,17.8927316281748,1.24603939735279,164.727231011304,137.050066525061,164.727231011304,165.044603289391,219.44340185176,219.44340185176,,,140.605167156512,125.607427403477,164.727231011304
ES24,90.0011668556207,156.79750148831,209.924423220303,156.687796367101,161.622605215072,143.257889810184,0.244093031008431,0.0591404782878676,0.0827966696030146,10.332975250771,0.0473123826302941,0.0473123826302941,0.0473123826302941,0.0473123826302941,53.6354068499542,161.527679481106,209.806142263727,161.504324258496,53.9823068665732,59.4410841547084,56.7116955106651,161.504324258496,405.145499804865,145.140415676653,156.02891285604,198.915757548929,157.079409089154,58.4996243011609,35.0334712086056,36.3553180563482,36.3553180563482,5.0697620962432,4324.29725331363,161.504324258496,14.8641877600727,145.022134720077,0.118280956575735,157.194958980406,161.622605215072,161.622605215072,145.022134720077,150.577145263299,209.924423220303,161.482142218615,150.458864306723,209.806142263727,150.458864306723,160.112418328527,150.458864306723,197.956568722013,0.108637759205211,13.2978793045161,150.577145263299,2.5348810481216,163.715573981149,161.622605215072,150.577145263299,100.692019087791,161.622605215072,169.879968652058,149.473794740445,0.0118280956575735,19.2303881166628,0.278836915293376,161.504324258496,150.458864306723,161.504324258496,161.622605215072,209.806142263727,209.806142263727,150.458864306723,350.458864306723,160.112418328527,147.642083771668,161.504324258496
ES30,111.959637064267,125.30391495275,167.825412227788,125.282945191265,131.708250825672,172.229818359454,0.526213605207365,0.107345375306719,0.19928014548858,8.66046895551696,0.113874368850617,0.113874368850617,0.113874368850617,0.113874368850617,111.625046369735,131.681786248761,,131.493560075058,9.90132000975225,11.8420931289479,10.8717065693802,131.493560075058,55.0653084251793,115.857783276531,119.835220244946,154.697868624556,119.893278036583,57.2110184629377,34.2066058229446,34.9573002515006,34.9573002515006,18.2868818833798,3639.57075970945,131.493560075058,1.49739276845662,115.643092525917,0.214690750613438,132.424023132085,131.708250825672,131.708250825672,115.643092525917,116.909210892937,167.825412227788,131.612606402759,116.694520142324,167.610721477175,,119.724569965692,116.694520142324,152.469032506416,0.391861754643853,27.3346211364667,116.909210892937,9.1434409416899,133.801219591749,131.708250825672,116.909210892937,110.401781331402,131.708250825672,168.282234017946,118.272669282131,0.0284685922126543,13.7005908954924,1.00577850358589,131.493560075058,116.694520142324,131.493560075058,131.708250825672,167.610721477175,167.610721477175,,,119.724569965692,117.054070025723,131.493560075058
ES41,113.085962522707,136.120288535792,946.273020205015,135.914327338013,137.868512787328,178.457793986496,0.29148743876341,0.0707005134184425,0.0989807187858195,23.7300050860088,0.056560410734754,0.056560410734754,0.056560410734754,0.056560410734754,112.27736765905,137.860569837631,946.131619178178,137.727111760491,67.0828586594176,68.6283274394021,67.855593049413,137.727111760491,898.565132363238,123.655535666907,133.23148414908,354.312809770481,133.504869059108,57.5821342191219,34.0972857560975,34.716993514459,34.716993514459,10.2148314823855,3800.85322258638,137.727111760491,35.5339209829025,123.514134640071,0.141401026836885,134.552986607291,137.868512787328,137.868512787328,123.514134640071,131.115137655817,946.273020205015,137.520320205317,130.97373662898,946.131619178178,130.97373662898,135.75771484516,,310.060365245421,0.218889246051119,25.6255652017145,131.115137655817,5.10741574119277,139.961481553405,137.868512787328,131.115137655817,114.448874906442,137.868512787328,168.007597747041,131.717383033898,0.0141401026836885,15.8006917547887,0.561815731531205,137.727111760491,130.97373662898,137.727111760491,137.868512787328,946.131619178178,946.131619178178,130.97373662898,330.97373662898,135.75771484516,126.699187919113,137.727111760491
ES42,153.721724302853,182.270441251712,224.18489381125,182.163781557896,188.313888612203,164.295398210582,1.20859454065033,0.199271593210976,0.278980230495366,15.4491852276421,0.15941727456878,0.15941727456878,0.15941727456878,0.15941727456878,79.0049482982529,188.301983878609,223.786350624829,187.915345425781,72.4130158047319,81.466415848558,76.9397158266627,187.915345425781,881.02131323348,167.268282202551,185.968344058542,195.769867114891,187.269506386875,111.006968133732,38.235951146318,41.9596579473448,41.9596579473448,25.1316848568483,2781.67526432303,187.915345425781,21.5043905753734,166.869739016129,0.398543186421951,187.620123187943,188.313888612203,188.313888612203,166.869739016129,174.553666008103,224.18489381125,187.282642006103,174.155122821681,223.786350624829,174.155122821681,176.627559951891,174.155122821681,194.647442916574,0.538536104075321,36.6054020893789,174.553666008103,12.5658424284242,190.40685737828,188.313888612203,174.553666008103,100.648978594489,188.313888612203,176.284928527482,170.770219880312,0.0398543186421951,15.8820591346126,1.38224266712666,187.915345425781,174.155122821681,187.915345425781,188.313888612203,223.786350624829,223.786350624829,174.155122821681,374.155122821681,176.627559951891,167.36073582392,187.915345425781
ES43,153.652345139456,200.935856400317,227.629442502437,200.875141283459,217.916643636501,189.33904630885,0.566509952344251,0.137387740900997,0.192342837261395,14.5771862660416,0.109910192720797,0.109910192720797,0.109910192720797,0.109910192720797,140.190010286241,213.313150511212,227.354667020635,217.641868154699,96.6400172163677,128.627365288954,112.633691252662,217.641868154699,558.236719532749,167.980019351335,175.701757058104,217.906361076587,175.871848212938,66.6959731224857,34.2493680994881,34.9831376153926,34.9831376153926,27.6254026003758,5299.57685892145,217.641868154699,12.6067005510975,167.705243869533,0.274775481801994,277.489319467872,217.916643636501,217.916643636501,167.705243869533,172.996717590766,227.629442502437,217.480636777361,172.721942108964,227.354667020635,172.721942108964,174.098805997495,172.721942108964,210.190538545088,0.591972912865195,63.0991379169969,172.996717590766,13.8127013001879,220.009612402578,217.916643636501,,132.985975413315,217.916643636501,168.311762433823,201.201193843263,0.0274775481801994,16.0605492073412,1.51939714302067,217.641868154699,172.721942108964,217.641868154699,217.916643636501,227.354667020635,227.354667020635,172.721942108964,372.721942108964,174.098805997495,170.402674029303,217.641868154699
ES51,84.7821206785079,252.627088752856,283.215200310796,252.323683093457,262.425338291333,180.587524585374,0.452141325147426,0.0746332672357757,0.104486574130086,21.3680829960799,0.0597066137886206,0.0597066137886206,0.0597066137886206,0.0597066137886206,67.1144628932617,260.670426969233,283.065933776324,262.276071756861,34.5674407757944,36.0599371264544,35.3136889511207,262.276071756861,300.097774763829,222.775530811179,243.120331153268,270.194777581125,247.557019126082,112.243516982192,38.6347089370346,42.6574840810989,42.6574840810989,5.72245370018914,1841.2316708754,262.276071756861,7.39472770845882,222.626264276708,0.149266534471551,251.312423472152,262.425338291333,262.425338291333,222.626264276708,229.388431345213,283.215200310796,261.888840534284,229.239164810742,283.065933776324,229.239164810742,237.910119540935,229.239164810742,269.262305281976,0.122624007861196,3.78021422711825,229.388431345213,2.86122685009457,264.51830705741,262.425338291333,229.388431345213,74.6446175690741,262.425338291333,177.082444108916,233.308588646876,0.0149266534471551,13.8113446431802,0.314734953510403,262.276071756861,229.239164810742,262.276071756861,262.425338291333,283.065933776324,283.065933776324,,,237.910119540935,224.523255005223,262.276071756861
ES52,162.182148063316,256.944435164685,242.900999088832,256.885933725011,345.185796132461,182.658175120683,1.15126854764603,0.190295480409347,0.266413672573086,14.4202880799372,0.152236384327477,0.152236384327477,0.152236384327477,0.152236384327477,66.0796185802127,316.285638697084,242.520408128014,344.805205171642,32.3970180411389,40.4982435724567,36.4476308067964,344.805205171642,198.263294311051,224.096048461515,263.985540441166,240.016184809584,269.188415897651,160.613352636451,49.3037999626942,61.3283933760033,61.3283933760033,15.8037523464758,1440.58417085072,344.805205171642,1.43326013611965,223.715457500696,0.380590960818694,264.111023261015,345.185796132461,345.185796132461,223.715457500696,229.348212046077,242.900999088832,335.780759247787,228.967621085258,242.520408128014,228.967621085258,230.896332572184,228.967621085258,239.621933922974,0.33865183599591,17.2591894052387,229.348212046077,7.90187617323791,347.278764898538,345.185796132461,229.348212046077,111.660913530598,345.185796132461,198.420626160235,226.93578072028,0.0380590960818694,21.6228344707489,0.86920637905617,,228.967621085258,344.805205171642,345.185796132461,242.520408128014,242.520408128014,228.967621085258,428.967621085258,230.896332572184,224.560959847735,344.805205171642
ES53,140.139761797168,166.201683930036,193.663293965936,165.890751860301,186.20988418324,166.627931200436,1.33788076441068,0.242763340266449,0.339868676373029,5.86202027339841,0.194210672213159,0.194210672213159,0.194210672213159,0.194210672213159,33.1981939747043,186.172110254433,193.177767285403,185.724357502707,3.38138645459456,4.92527599668165,4.15333122563794,185.724357502707,37.2645211864673,148.988216075377,156.655131302532,192.277951998341,161.647381523461,103.370690667474,37.950754027069,41.4605629886592,41.4605629886592,54.5259869117531,4626.33433295235,185.724357502707,0.937518741599206,148.502689394844,0.485526680532898,168.366596666866,186.20988418324,186.20988418324,148.502689394844,153.476122787345,193.663293965936,179.081427814207,152.990596106813,193.177767285403,152.990596106813,156.238139809493,152.990596106813,189.937319469965,1.16841400525185,71.7242955852023,153.476122787345,27.2629934558765,188.302852949317,186.20988418324,153.476122787345,88.1361936760622,186.20988418324,175.714534288985,150.426590838739,0.0485526680532898,16.3143894981301,2.99892928014642,185.724357502707,,185.724357502707,186.20988418324,193.177767285403,193.177767285403,,,156.238139809493,159.679293572792,185.724357502707
ES61,228.323420961577,287.218767442005,284.826107048483,287.019142373654,297.490689606157,180.495408691842,1.04078959079131,0.238043524010113,0.367649334788997,20.0094082710012,0.210085334165141,0.210085334165141,0.210085334165141,0.210085334165141,94.3385680648768,295.664580395063,284.350020000463,297.014602558137,50.3082864865211,55.3407754185839,52.8245309525525,297.014602558137,1515.9329038218,264.623060956355,273.990890141594,284.252464085167,274.235120739463,70.3320445845409,36.0988123965622,38.2540535364471,38.2540535364471,29.3125580613286,4919.56046677971,297.014602558137,25.9710151567821,264.146973908335,0.476087048020226,281.836074477075,297.490689606157,297.490689606157,264.146973908335,267.355054479948,284.826107048483,296.697578878053,266.878967431928,284.350020000463,266.878967431928,268.926851184784,266.878967431928,283.470150930779,0.628126244171328,50.9394289704758,267.355054479948,14.6562790306643,299.583658372234,297.490689606157,267.355054479948,128.134624592463,297.490689606157,172.049952057885,274.498106148436,0.0525213335412853,22.6193433582421,1.61219069337308,297.014602558137,266.878967431928,297.014602558137,297.490689606157,284.350020000463,284.350020000463,266.878967431928,466.878967431928,268.926851184784,276.220152315357,297.014602558137
ES62,125.120555495145,253.836710121591,257.978273431338,253.705870746263,330.080553042183,24.8902532196785,0.885276937163542,0.146022528570356,0.204431539998498,18.9748082598017,0.116818022856285,0.116818022856285,0.116818022856285,0.116818022856285,20.6226032341883,329.182413677842,257.686228374197,329.788507985043,46.0341297209214,52.4599926611262,49.247061191025,329.788507985043,135.791020015588,220.678269048508,257.375726443363,253.149081223583,258.384212694439,131.748645748784,44.2194424207739,52.4307676776428,52.4307676776428,12.1542454443455,1914.50356767979,329.788507985043,1.9357085571677,220.386223991367,0.292045057140712,232.65524149698,330.080553042183,330.080553042183,220.386223991367,230.627747355587,257.978273431338,261.741751882436,230.335702298446,257.686228374197,230.335702298446,231.105226849503,230.335702298446,248.481294491508,0.260448116664547,20.3189502456312,230.627747355587,6.07712272217276,332.173521808261,330.080553042183,230.627747355587,97.5860903475117,330.080553042183,188.251911076394,233.426122458515,0.0292045057140712,16.9582405837851,0.668483499439004,,,329.788507985043,330.080553042183,257.686228374197,257.686228374197,230.335702298446,,231.105226849503,222.212333333436,329.788507985043
ES70,108.43133230481,196.345903525393,255.492163831638,196.065192201878,644.301335841923,139.625815842378,1.17498046308012,0.194002464416169,0.271603450182636,35.9618213867684,0.155201971532935,0.155201971532935,0.155201971532935,0.155201971532935,57.2641565398269,644.170936736753,255.104158902806,643.91333091309,51.3837569214019,53.4887093098079,52.4362331155713,643.91333091309,22.2104040416777,146.643185207273,165.305465490043,230.558060556498,159.916749347091,105.007428549161,36.4892658210497,38.9029586281254,38.9029586281254,18.5622719734452,1498.61893468726,643.91333091309,0.529564714468918,146.25518027844,0.388004928832337,190.370032944566,644.301335841923,644.301335841923,146.25518027844,151.911582238703,255.492163831638,,151.523577309871,255.104158902806,,153.539300400975,,214.490049768776,0.39776297085954,37.8260561643696,151.911582238703,9.2811359867226,646.394304608,,151.911582238703,94.9897114231363,644.301335841923,172.791557876946,146.25518027844,0.0388004928832337,14.6599653833408,1.02092495853949,,151.523577309871,,644.301335841923,255.104158902806,255.104158902806,,351.523577309871,153.539300400975,149.568027411369,
FI19,583.681205350817,657.738204818353,279.631231371957,657.516114010834,651.027611573485,466.829975603717,379.434260088646,318.403503648341,235.544891631585,670.836400799233,33.3298175068321,4.63216317512415,33.3298175068321,4.63216317512415,613.491714880561,666.119721056948,,,1076.1247903243,1011.95421927538,1044.03950479984,,686.287042170481,256.25568721037,705.029104461292,274.101460356838,698.534657821889,1024.40994248227,352.820079176442,377.050246214387,348.352591882679,2246.26423774346,13787.3574470407,,5.44794552886357,244.675279272559,11.5804079378104,558.078705500449,651.027611573485,742.946269693375,244.675279272559,705.112911160603,279.631231371957,716.808775430009,485.284848891084,,485.284848891084,650.383404927887,,549.483208297291,48.1342336659313,281.225529009057,557.365256828895,119.750105336529,721.759213125006,721.759213125006,496.865256828894,609.620750080568,742.946269693375,338.805856127063,354.267085203613,1.15804079378104,56.0557121424521,13.1725115870182,,557.684848891084,,742.946269693375,,,485.284848891084,,650.383404927887,,626.794432882329
FI20,533.89710445811,714.303744379032,267.271823490371,705.560440503405,803.53916308565,110.85468646293,77.0018807531176,39.9959264406138,44.5152352841761,311.194795977733,37.7362720188326,9.03861768712462,,9.03861768712462,243.482520610434,803.53916308565,,,386.427151863343,710.694614975002,548.560883419164,,12.6728360169026,,695.094097071939,263.535734029183,585.713161472912,248.076393638179,61.6160175654893,86.3047899908252,57.6071356591173,2788.67683938948,14145.7785514249,,0.11236473115439,244.675279272559,22.5965442178116,485.870677363632,803.53916308565,803.53916308565,244.675279272559,712.165676379731,267.271823490371,842.061867915274,484.471477830211,,484.471477830211,555.338694968646,,477.257453202645,59.7573608440603,166.68084089622,507.068022048023,1394.33841969474,886.923535390517,886.923535390517,507.068022048023,219.716595910658,803.53916308565,94.5343807992706,755.515043660208,2.25965442178116,17.4038314136116,,,484.471477830211,,803.53916308565,,,484.471477830211,,555.338694968646,,780.942618867838
FR10,299.327892111163,327.397809683787,330.702718089957,327.385829271125,322.069273642494,149.780811164372,1.10457431402587,0.377638212202357,0.5286934970833,19.9678997417632,0.302110569761886,0.302110569761886,0.302110569761886,0.302110569761886,35.6300584907727,322.196815252686,,321.31399721809,85.4695195550375,158.593941027104,122.031730291121,342.57104665544,195.124293910735,308.655279799957,429.458520090309,346.642787663395,472.424454106232,90.6753779791177,43.3379467961393,60.0172639249294,60.0172639249294,13.6277612617718,10979.8158182828,327.458483666361,17.3322600286118,307.900003375552,0.755276424404715,353.251872435819,322.069273642494,322.069273642494,307.900003375552,327.127787668688,330.702718089957,322.01550163309,320.228024796012,329.947441665552,320.228024796012,379.883926262972,,364.789907702253,0.292023455609396,10.9698041418466,399.438517399987,6.8138806308859,443.889694883429,322.069273642494,327.127787668688,37.2414139209332,322.069273642494,148.836598227806,320.761132083445,0.0755276424404715,14.1125671495337,0.749526869397449,321.31399721809,320.228024796012,321.31399721809,322.069273642494,329.947441665552,,320.228024796012,,379.883926262972,2307.90000337555,321.31399721809
FRB0,237.709829447152,281.901958227303,286.041982613737,281.82979480843,276.634837641212,121.895025123706,0.783296175995114,0.39055064303622,0.546770900250708,21.2242720963221,0.312440514428976,0.312440514428976,0.312440514428976,0.312440514428976,61.9888868057465,278.054479410116,285.260881327664,275.853736355139,50.7618333035341,89.1785685240972,69.9702009138155,297.11078579249,743.37582111611,272.52576258268,336.935464025492,295.31559429829,379.432393690566,45.8858574614049,27.7523444798941,32.7424598715003,32.7424598715003,12.6816450052663,9548.01445758831,281.99822280341,63.2810815698883,271.744661296608,0.781101286072441,328.218431468749,276.634837641212,276.634837641212,271.744661296608,281.254566484582,286.041982613737,276.476489471927,274.328978750239,,274.328978750239,334.027182188461,,311.411843498478,0.271749535827136,13.8103482983345,353.565296215882,6.34082250263317,398.455258882146,276.634837641212,281.254566484582,62.539718467498,276.634837641212,117.665393595316,275.099041914821,0.0781101286072441,10.2161665704724,0.697490475289649,275.853736355139,274.328978750239,275.853736355139,276.634837641212,285.260881327664,285.260881327664,274.328978750239,274.328978750239,334.027182188461,304.345447583702,275.853736355139
FRC1,190.689569183148,207.775891409446,269.287853088276,207.721777410809,204.317740124366,117.078919143012,1.65167528572796,0.986819741942044,1.38154763871886,36.4465242764423,0.789455793553636,0.789455793553636,0.789455793553636,0.789455793553636,82.9847677461379,204.202046891712,,202.344100640482,108.800565817267,205.256033551563,157.028299684477,223.601150077833,530.09753101683,189.798211751508,287.502103265632,247.943004003902,305.594536910162,37.3632999936798,27.5711548818998,32.4253780750101,32.4253780750101,37.5057373869597,8585.26468448589,208.488587088753,34.3955007798079,187.824572267624,1.97363948388409,287.327795665505,204.317740124366,204.317740124366,187.824572267624,203.017029871456,269.287853088276,203.874906264448,194.898903939301,,194.898903939301,257.807783150535,,250.096483151864,0.803694372577708,25.6430861026076,275.327759602755,18.7528686934799,326.138161365301,204.317740124366,203.017029871456,82.6302205487349,204.317740124366,117.303014399327,201.268885694786,0.197363948388409,10.1708691709738,2.06281555628278,202.344100640482,194.898903939301,202.344100640482,204.317740124366,267.314213604392,267.314213604392,194.898903939301,194.898903939301,257.807783150535,243.555874522957,202.344100640482
FRC2,162.478192941589,195.424574621819,514.570051975051,195.401028412585,199.708434782942,80.1512293867018,2.47560337087459,1.48203391679836,2.07484748351771,30.0162584855598,1.18562713343869,1.18562713343869,1.18562713343869,1.18562713343869,39.591638780882,199.271461244548,,196.744366949345,28.8977056636425,45.450313244314,37.1740094539733,218.001416386696,191.959968112716,145.554348504147,266.055057558797,666.832053370476,284.301374382836,39.639421402566,30.5037978701946,37.5575033045261,37.5575033045261,57.1285811454182,4574.53635798157,202.888853397616,8.77637909019417,142.59028067055,2.96406783359673,244.346295803285,199.708434782942,199.708434782942,142.59028067055,183.672532838965,514.570051975051,198.630169093406,174.563978557097,,174.563978557097,245.914032640615,,497.647364707734,1.22418388168753,23.468818239098,255.983262570265,28.5642905727091,321.528856023876,199.708434782942,183.672532838965,40.1764803085717,199.708434782942,123.168300375917,195.541198831824,0.296406783359673,10.9040299180475,3.142071962998,196.744366949345,174.563978557097,196.744366949345,199.708434782942,511.605984141454,,174.563978557097,174.563978557097,245.914032640615,778.362640538122,196.744366949345
FRD1,168.809982247987,271.158851511844,295.702523416187,271.156148470587,266.186386685158,66.3725583492604,0.724736574990453,0.333391305092088,0.466747827128923,16.6165316924107,0.26671304407367,0.26671304407367,0.26671304407367,0.26671304407367,30.7227622599107,266.170352254709,,265.519604074974,16.3378350841653,20.3305720853597,18.3342035847625,286.776653512324,439.31906757712,261.100896641995,326.434063179528,294.070733372828,354.080783735014,40.0059489611563,23.9736283534034,26.1297066501415,26.1297066501415,10.5790309020784,6909.58645049251,271.664090523245,30.6436157315483,260.434114031811,0.666782610184176,324.723897256246,266.186386685158,266.186386685158,260.434114031811,268.655185859773,295.702523416187,266.071255741636,261.843916801318,,261.843916801318,322.07799055818,,310.317730792807,0.226693519330251,5.36190152828356,340.965915591072,5.28951545103919,388.006807926092,266.186386685158,268.655185859773,31.0601005275013,266.186386685158,110.107961342334,265.423470910232,0.0666782610184176,9.27148753884972,0.581846699614311,265.519604074974,261.843916801318,265.519604074974,266.186386685158,295.035740806003,,261.843916801318,,322.07799055818,,265.519604074974
FRD2,231.321703812317,325.403926977693,325.230426152232,325.402490457237,319.455360138869,80.1680410121997,0.445266621549208,0.159117523357471,0.22276453270046,13.9968364550887,0.127294018685977,0.127294018685977,0.127294018685977,0.127294018685977,35.6481124656067,319.467744887222,,319.137125092154,15.616744179207,18.888390275443,17.2525672273235,340.394174529505,293.11861239387,318.565215593879,383.400980749182,324.904488611803,407.775942187202,41.3971170349034,22.9658177632754,24.3660381174175,24.3660381174175,5.3579577144001,9168.53770560584,325.281611540425,23.9573417464686,318.246980547164,0.318235046714942,363.451719363505,319.455360138869,319.455360138869,318.246980547164,324.70970204215,325.230426152232,319.425822433074,318.246980547164,,318.246980547164,377.273603974516,,356.42596277367,0.114813379594288,7.00212126920949,397.02043177345,2.67897885720005,441.275781379804,319.455360138869,324.70970204215,36.0790567209949,319.455360138869,108.092340162078,319.115392498034,0.0318235046714942,9.01953489131773,0.294687674292005,319.137125092154,318.246980547164,319.137125092154,319.455360138869,324.912191105517,,318.246980547164,,377.273603974516,,319.137125092154
FRE1,197.90488301845,324.730614817654,321.769001523556,324.724457010079,314.858871361023,86.9214237246744,0.531423483270769,0.184877964893727,0.258829150851218,15.3359811369798,0.147902371914982,0.147902371914982,0.147902371914982,0.147902371914982,34.3588464329174,314.870438785228,,314.489115431235,15.8195458103614,19.2939935377518,17.5567696740565,335.746164868586,301.162144782707,313.413880938264,374.709028735585,323.944933766237,405.425291123118,44.1209663453369,24.1066995531171,26.3625812496404,26.3625812496404,5.58358436692184,6637.4891701442,320.633601879506,23.3862118051821,313.044125008476,0.369755929787454,351.377219144097,314.858871361023,314.858871361023,313.044125008476,319.558367386535,321.769001523556,314.831355891636,313.044125008476,,313.044125008476,372.199558854759,,352.525247773779,0.119648236434039,2.71743827432879,391.869097117835,2.79179218346092,436.679292601957,314.858871361023,319.558367386535,34.7279386751219,314.858871361023,110.374103741762,314.470371996327,0.0369755929787454,9.30475533877815,0.307097140180701,314.489115431235,313.044125008476,314.489115431235,314.858871361023,321.399245593768,,313.044125008476,313.044125008476,372.199558854759,2313.04412500848,314.489115431235
FRE2,254.726295933956,321.961248673923,320.761490668128,321.949107108294,315.225586084355,90.290804147514,0.557622370873207,0.193869011495723,0.271416616094012,14.3381525879882,0.155095209196578,0.155095209196578,0.155095209196578,0.155095209196578,35.6094057446534,315.214384731769,,314.837848061363,18.0741004445431,23.8031028061152,20.93860162533,336.094897498714,466.672889511959,314.43043894721,377.329784430393,333.777474923731,408.580025941194,46.1879104854756,24.9691631140508,27.8718924812745,27.8718924812745,6.64333421447873,9221.00105171001,320.982334509634,40.2469282432208,314.042700924218,0.387738022991446,344.256537165445,315.225586084355,315.225586084355,314.042700924218,320.574925395481,320.761490668128,315.203008815215,314.042700924218,,314.042700924218,373.153883564606,,355.385017256106,0.14235716173883,9.92426579587735,392.885655126781,3.32166710723936,437.046007325289,315.225586084355,320.574925395481,36.3531384190147,315.225586084355,112.099030863629,314.8286457911,0.0387738022991446,9.52037122901158,0.36538338179633,314.837848061363,314.042700924218,314.837848061363,315.225586084355,320.373752645137,,314.042700924218,314.042700924218,373.153883564606,388.540079615022,314.837848061363
FRF1,248.839362912745,335.021484164002,385.496590938357,335.018472205533,334.537970189905,87.8274902888162,1.88043899097367,0.824446061959918,1.15422448674389,24.5496253602571,0.659556849567934,0.659556849567934,0.659556849567934,0.659556849567934,40.6795253438238,333.49224339675,,332.889078065985,27.0720281729744,41.7989582629778,34.4354932179749,354.146127503336,124.084997323339,325.68783760681,417.034326532364,341.372899796499,444.056824662811,53.7194646543206,29.8690237366683,36.4466485708551,36.4466485708551,25.2461180576852,6182.93891097411,339.033564514257,9.37478552524812,324.03894548289,1.64889212391984,344.924538215552,334.537970189905,334.537970189905,324.03894548289,337.005308532772,385.496590938357,333.676573881762,329.211929960581,,329.211929960581,390.819356852314,,347.335489679259,0.540988244093255,11.8199071251386,409.316038264071,12.6230590288426,456.35839143084,334.537970189905,337.005308532772,41.8715740610287,334.537970189905,121.898752108864,332.45421820237,0.164889212391984,10.7453363846659,1.38853649317269,332.889078065985,329.211929960581,332.889078065985,334.537970189905,383.847698814438,383.847698814438,329.211929960581,329.211929960581,390.819356852314,337.40028099043,332.889078065985
FRF2,239.419767404141,293.440711267602,308.323570136859,293.422521696052,288.707813370946,90.5491262008157,1.02874909253847,0.427977319314396,0.599168247040155,20.5925596400486,0.342381855451517,0.342381855451517,0.342381855451517,0.342381855451517,46.670885126181,288.669277879814,,287.851858732317,30.2955700065675,48.246041930164,39.2708059683659,309.108908169668,497.613982634282,286.287469166279,353.543084703599,303.448213535363,389.571523753026,49.3448803883335,27.4979484092753,32.2972667479173,32.2972667479173,14.9033425824271,9009.1609753686,293.996345180588,41.9123769180337,285.431514527651,0.855954638628792,317.895592884484,288.707813370946,288.707813370946,285.431514527651,292.983187864309,308.323570136859,288.618367714627,285.982746777409,,285.982746777409,346.020515275775,,314.075147920943,0.31935734105201,13.031596225819,365.293917595609,7.45167129121357,410.528234611881,288.707813370946,292.983187864309,47.3734753644177,288.707813370946,117.156601454078,287.751156049695,0.0855954638628793,10.1525675528177,0.819683842033493,287.851858732317,285.982746777409,287.851858732317,288.707813370946,307.46761549823,307.46761549823,285.982746777409,285.982746777409,346.020515275775,302.385526962274,287.851858732317
FRF3,197.298002902247,258.296097239542,313.987118596114,258.29072202062,254.266782254927,79.8233345609963,1.09518554522348,0.524328762447083,0.734060267425916,20.0391264386542,0.419463009957666,0.419463009957666,0.419463009957666,0.419463009957666,42.5529414332659,254.233557810439,,253.218124730033,22.4765165167342,32.6079349504975,27.542225733616,274.475174167383,356.145986750745,246.433592671634,324.554060273621,429.617281893659,347.628335927047,42.4295548338135,25.3899121367707,28.6082032710342,28.6082032710342,21.5464257716236,7978.0027350495,259.362611178304,26.0472350966324,245.38493514674,1.04865752489417,357.391536041581,254.266782254927,254.266782254927,245.38493514674,257.098597602604,313.987118596114,254.120007558197,249.905453629438,,249.905453629438,311.41167699782,,357.014460403678,0.461709123677648,29.3298192587367,329.409327333903,10.7732128858118,376.087203495861,254.266782254927,257.098597602604,43.4936978956557,254.266782254927,112.940528909069,253.126049866593,0.104865752489417,9.62555848469154,1.1850534174393,253.218124730033,249.905453629438,253.218124730033,254.266782254927,312.93846107122,,249.905453629438,249.905453629438,311.41167699782,2245.38493514674,253.218124730033
FRG0,143.677303466757,255.66570013705,266.147501863441,255.623859019383,251.112526734711,97.9264270976837,0.626495142552837,0.276301982962261,0.386822776147165,18.6326778217524,0.221041586369808,0.221041586369808,0.221041586369808,0.221041586369808,45.605995905046,252.088511421297,,250.559922768786,18.8944827825554,25.4438674821398,22.1691751323471,271.816972206137,703.290862280679,246.885067761172,289.823870835249,272.028240694455,342.96493908125,43.9841301182769,25.5667306575891,28.9176356824664,28.9176356824664,8.15035652645869,5463.59667264924,256.704409217057,51.2673850060045,246.332463795248,0.552603965924521,303.243875485229,251.112526734711,251.112526734711,246.332463795248,253.655836928381,266.147501863441,250.866658208176,246.958746514186,,246.958746514186,306.629216443286,,283.677681514215,0.174650496995543,3.71954780483893,325.966566659681,4.07517826322935,372.932947975645,251.112526734711,253.655836928381,45.9979143577148,251.112526734711,113.294165950706,250.498348119735,0.0552603965924521,9.66976311489615,0.448269608955228,250.559922768786,246.958746514186,250.559922768786,251.112526734711,265.594897897516,265.594897897516,246.958746514186,246.958746514186,306.629216443286,275.658736211291,250.559922768786
FRH0,97.4213549988083,293.008305089084,294.39044030222,293.003204378759,287.999418500037,82.7671560352554,0.171944440134938,0.0677652233268664,0.0948713126576129,14.8298481872148,0.0542121786614931,0.0542121786614931,0.0542121786614931,0.0542121786614931,24.9012916318983,288.039670263094,,287.863888053384,14.0829564378529,15.8208147927348,14.951885615295,309.120937490734,563.858216563179,286.465688462314,307.864164594136,294.018363191344,381.130007595104,44.5657273253615,25.0695609100403,28.0475886242562,28.0475886242562,1.96405830037525,4876.88166951734,294.008374501655,44.1587937417306,286.33015801566,0.135530446653733,342.978360483031,287.999418500037,287.999418500037,286.33015801566,292.633235055574,294.39044030222,287.970045517843,286.353218160649,,286.353218160649,345.250319397122,,324.440775264162,0.0420869635794697,0.651945326897241,364.943964786873,0.982029150187627,409.819839740972,287.999418500037,292.633235055574,25.2186798008161,287.999418500037,112.299826455608,287.844923057208,0.0135530446653733,9.54547067800896,0.108023206520639,287.863888053384,286.353218160649,287.863888053384,287.999418500037,294.254909855566,,286.353218160649,286.353218160649,345.250319397122,,287.863888053384
FRI1,181.361142674866,226.457913537749,239.989251244254,226.341474812473,224.604191895993,118.80712921702,0.88912050184209,0.53225553816799,0.745157753435186,24.7629573097414,0.425804430534392,0.425804430534392,0.425804430534392,0.425804430534392,67.6612414074131,224.08815321995,,223.539680819657,42.3377484398114,72.3303987966517,57.3340736182298,244.796730257008,433.453757274081,202.579097991533,289.96319715864,209.065418022879,321.670058871289,30.9185062523567,25.7569963754235,29.2506006886766,29.2506006886766,16.0190178643862,3603.69652636234,229.684167267929,27.4985232682766,201.514586915197,1.06451107633598,263.12486139047,224.604191895993,224.604191895993,201.514586915197,226.03771149718,239.989251244254,223.624985426746,218.828713972573,238.924740167918,218.828713972573,279.333691669293,,215.072802875379,0.343264668522562,20.0717803989511,298.348441228479,8.0095089321931,346.424613136928,224.604191895993,226.03771149718,67.6440207088121,224.604191895993,113.674697386375,217.322962282872,0.106451107633598,9.71732954435475,0.881045982541242,223.539680819657,218.828713972573,223.539680819657,224.604191895993,238.924740167918,238.924740167918,218.828713972573,218.828713972573,279.333691669293,207.101107211214,223.539680819657
FRI2,163.066247801592,178.972103990692,306.841967044439,178.915767723089,215.93111720994,120.762734851039,1.82166517169131,1.0883700066455,1.5237180093037,39.166952254488,0.870696005316401,0.870696005316401,0.870696005316401,0.870696005316401,94.0612409706268,215.817915781919,,213.754377196649,125.540842705413,238.736587327855,182.138715016815,235.011426633999,263.144431294607,114.793012314934,230.367139853262,339.642947752249,255.14194674997,35.3206831947474,26.6577501781519,30.8269198434515,30.8269198434515,43.1411387418667,7180.99067767223,219.89886364492,10.6090925999987,112.616272301643,2.176740013291,190.763040025518,215.93111720994,215.93111720994,112.616272301643,164.441516379522,306.841967044439,214.763352645725,156.12028991796,,156.12028991796,221.406801340914,,268.398245610972,0.924452973040001,42.4740032314021,236.752246110822,21.5705693709334,337.751538450874,215.93111720994,164.441516379522,92.3905194088299,215.93111720994,115.476204991832,210.822815302805,0.2176740013291,9.94251799503686,2.37276263080267,213.754377196649,,213.754377196649,215.93111720994,304.665227031148,,156.12028991796,156.12028991796,221.406801340914,2112.61627230164,213.754377196649
FRI3,214.977637682105,277.679679254155,284.380709929694,277.634771052981,272.559358641871,124.886513141801,1.30459063545218,0.571597360912555,0.800236305277577,26.0572942912017,0.457277888730044,0.457277888730044,0.457277888730044,0.457277888730044,68.9607687821898,273.820938870904,,271.416163920046,45.4787974554918,78.6124968280125,62.0456471417571,292.673213357397,553.297840183692,265.037133659971,312.881352022485,275.158083519634,375.873507752007,51.5100373717012,28.8939544741269,34.7402773614076,34.7402773614076,17.9051065566687,6486.10655564435,277.560650368317,43.1128325362215,263.893938938146,1.14319472182511,349.248921670875,272.559358641871,272.559358641871,263.893938938146,275.968761137379,284.380709929694,271.831349796104,268.681079967282,,268.681079967282,328.937067966428,,285.321321431254,0.383680854785759,29.1627940940805,348.279490868678,8.95255327833437,394.379779882806,272.559358641871,275.968761137379,69.6124852942769,272.559358641871,119.948613583781,271.050770513456,0.114319472182511,10.5015690690306,0.98478086061678,271.416163920046,268.681079967282,271.416163920046,272.559358641871,283.237515207869,283.237515207869,268.681079967282,268.681079967282,328.937067966428,273.659511570555,271.416163920046
FRJ1,173.441986277892,145.439276556084,164.49083080294,145.05286298747,148.339948706232,121.020006074193,2.94898027218817,1.76212068591334,2.46696896027868,59.2281490248976,1.40969654873068,1.40969654873068,1.40969654873068,1.40969654873068,86.8587804904979,155.590243221499,160.966589431113,144.815707334405,205.902185507979,399.459272932987,302.680729220392,166.072756771756,219.24503306623,99.9256789732845,239.038876300688,103.287287583854,254.803536081699,34.5624025623289,29.7223430798594,36.1899574214395,36.1899574214395,77.0493317008428,3528.14528544653,150.960193782676,6.57082215965148,96.4014376014579,3.52424137182669,203.51176119799,148.339948706232,148.339948706232,96.4014376014579,123.720936311503,164.49083080294,144.564778901931,114.052208491405,160.966589431113,114.052208491405,180.655226688484,114.052208491405,104.619595641861,1.6510571078752,58.6980085026875,196.031666042802,38.5246658504214,270.160369947167,148.339948706232,123.720936311503,84.9580201785303,148.339948706232,121.605390795246,112.136593846399,0.352424137182669,10.7086662204637,4.23771324354635,144.815707334405,114.052208491405,144.815707334405,148.339948706232,160.966589431113,160.966589431113,114.052208491405,,180.655226688484,101.404817436208,144.815707334405
FRJ2,195.289243909011,230.679744866505,265.170797612071,230.450029280128,227.117177248375,125.231975416904,1.34930771775622,0.806610234548507,1.12925432836791,31.8025143561824,0.645288187638806,0.645288187638806,0.645288187638806,0.645288187638806,78.1788540007838,229.485002974425,,225.503956779278,57.5223486782804,102.69959927359,80.1109739759357,246.761006216628,737.706459652471,181.628820871679,284.610492081021,239.727404413753,320.201095954468,33.3839133679291,27.086443905357,31.5771338660604,31.5771338660604,26.4096834560934,6195.60683198962,231.648443227549,42.2445291877186,180.015600402582,1.61322046909701,295.558386867873,227.117177248375,227.117177248375,180.015600402582,226.528841147215,265.170797612071,225.595591632554,218.771134229847,263.557577142974,218.771134229847,280.445907848322,,250.844115207729,0.565921788344858,41.7647213857746,298.839570878515,13.2048417280467,348.937598489309,227.117177248375,226.528841147215,76.449991384453,227.117177248375,116.333592446242,220.374330311535,0.161322046909702,10.0496914268381,1.45253259008514,225.503956779278,218.771134229847,225.503956779278,227.117177248375,263.557577142974,263.557577142974,218.771134229847,218.771134229847,280.445907848322,230.81933281278,225.503956779278
FRK1,180.403788712656,198.807212623012,559.049054084099,198.764109155605,214.399151917899,123.459451029648,2.38970355426391,1.42902909291156,2.00064073007618,38.4269400173797,1.14322327432925,1.14322327432925,1.14322327432925,1.14322327432925,80.2713628432323,213.873437555032,556.190995898276,211.541093732076,49.4716118981864,86.5981257134019,68.0348688057952,232.798143169427,486.849483903482,127.031857607353,273.810390129049,980.501093422955,302.366069828373,38.3324309497451,29.2468098313495,35.3577742365472,35.3577742365472,49.8420324253761,4707.41007479942,217.685580180347,18.8916483586607,124.17379942153,2.85805818582312,245.049130166892,214.399151917899,214.399151917899,124.17379942153,182.741716822702,559.049054084099,212.245233382752,173.739172188607,,173.739172188607,247.303455747955,,584.223426658728,1.06804355197235,33.8483714135687,255.052446554001,24.9210162126881,336.219573158834,214.399151917899,182.741716822702,79.9591114947359,214.399151917899,120.654324298227,202.346410035859,0.285805818582312,10.5897829083363,2.74131178339569,211.541093732076,173.739172188607,211.541093732076,214.399151917899,556.190995898276,556.190995898276,173.739172188607,173.739172188607,247.303455747955,2124.17379942153,211.541093732076
FRK2,169.428049038503,186.422363245088,256.930430640304,186.251764636025,188.024831236533,99.71683912239,1.5532769686027,0.929082065972448,1.30071489236143,28.9547627546486,0.743265652777958,0.743265652777958,0.743265652777958,0.743265652777958,50.0919633468753,188.021772203079,255.07226650836,186.166667104588,32.3304022739665,52.3157064649621,42.3230543694639,207.423716541939,441.367891547814,140.741328324216,278.227794317207,183.187223271532,302.18369503885,31.838962220565,27.81108717943,32.845259595688,32.845259595688,28.5316073763261,3281.74859952753,192.311153552859,19.5200287604353,138.883164192271,1.8581641319449,194.981086011351,188.024831236533,188.024831236533,138.883164192271,178.825629670359,256.930430640304,186.516781689116,170.822979090143,255.07226650836,170.822979090143,234.604848043546,170.822979090143,189.489849990058,0.611391586635558,19.7919524430926,251.136359401659,14.265803688163,309.845252477468,188.024831236533,178.825629670359,51.6988855749561,188.024831236533,117.782878994388,177.594140608306,0.18581641319449,10.2308522453564,1.56923840569793,186.166667104588,170.822979090143,186.166667104588,188.024831236533,255.07226650836,255.07226650836,170.822979090143,170.822979090143,234.604848043546,173.825059418722,186.166667104588
FRL0,168.990906708778,141.141476421352,121.255282446347,140.695561429474,164.55038495112,89.7397553958444,2.73434883572507,1.63432040178129,2.2880485624938,72.3186029110103,1.30745632142503,1.30745632142503,1.30745632142503,1.30745632142503,77.137004068017,163.300245079162,117.986641642784,161.281744147557,406.611546235066,800.877994387162,603.744770311059,182.538793584908,170.880497610999,81.8049899761812,217.350541961045,94.6057446080295,225.108639448636,32.9793094324226,28.6468214101161,34.3077944993887,34.3077944993887,79.5865012407977,3924.17516278896,167.426230595828,4.38026642329578,78.5363491726186,3.26864080356258,123.602450885438,164.55038495112,164.55038495112,78.5363491726186,123.464701263695,121.255282446347,160.785410252673,114.051574011862,117.986641642784,114.051574011862,190.782252374569,114.051574011862,95.5325708414368,1.70542502658852,68.3604816277429,195.775430994995,39.7932506203989,286.370806192054,164.55038495112,123.464701263695,75.326398668796,164.55038495112,119.45434745576,108.423371113155,0.326864080356258,10.4397858030279,4.37725756824387,161.281744147557,114.051574011862,161.281744147557,164.55038495112,117.986641642784,117.986641642784,114.051574011862,,190.782252374569,90.7627056830248,161.281744147557
FRM0,139.523097311626,105.863050473009,71.4626882372108,105.821587668677,157.494462276688,116.539970527854,1.05841617379496,0.633958948448973,0.887542527828562,10.7394206168838,0.507167158759179,0.507167158759179,0.507167158759179,0.507167158759179,69.9665640616484,157.476389509227,70.1947703403129,156.22654437979,1012.97905703142,2013.61301597987,1513.29603649708,177.483593817141,57.3200716087398,42.3911913770878,163.289294351582,66.9672970650031,165.740305240855,25.9771092146351,23.7312977042445,25.7056280141135,25.7056280141135,32.0189354919464,1732.12352224596,162.371030828062,0.89783151286323,41.1232734801898,1.26791789689795,74.3639965067333,157.494462276688,157.494462276688,41.1232734801898,74.1882052935646,71.4626882372108,156.792640982598,66.7758009483955,70.1947703403129,66.7758009483955,127.648820627304,,75.1154789467715,0.686120046255993,47.5520357428784,146.498935024864,16.0094677459732,279.314883517623,157.494462276688,74.1882052935646,68.8012599018459,157.494462276688,109.623300044017,49.4686556570825,0.126791789689795,9.21090487656001,1.76104145205705,156.22654437979,,156.22654437979,157.494462276688,70.1947703403129,70.1947703403129,66.7758009483955,,127.648820627304,63.2282462022049,156.22654437979
HU21,197.732964772424,242.607505667935,395.376397575031,241.441615674624,248.511470135119,7.44627190675496,7.45078135236139,3.34794209871116,5.30290367683146,126.290000426207,3.03023067247512,3.03023067247512,3.03023067247512,3.03023067247512,96.9127118975998,245.520759356766,,241.815585937696,217.525372816202,235.930438116169,226.727905466226,241.815585937696,158.527404712908,226.227038268621,228.992053581835,316.837766526624,227.838295457118,4.5316126219161,2.67835367896893,5.30290367683146,5.30290367683146,128.180658235545,1793.51499933716,241.815585937696,,219.531154071198,6.69588419742231,222.126944291048,248.511470135119,248.511470135119,219.531154071198,227.935403579514,395.376397575031,243.227723576597,221.239519382092,,221.239519382092,277.437323728887,,303.683290713147,2.74672839076167,19.0421717288638,227.935403579514,64.0903291177723,248.511470135119,248.511470135119,227.935403579514,88.3209421106315,248.511470135119,6.06046134495024,219.531154071198,0.75755766811878,0.75755766811878,7.04993620295496,241.815585937696,221.239519382092,241.815585937696,248.511470135119,,388.680513377608,221.239519382092,421.239519382092,277.437323728887,251.664173773959,
HU22,200.2141976636,241.921495641582,372.8536777964,240.808530260696,246.253012298584,6.92814598576312,7.84593326062012,3.09748951060249,4.84364458444423,127.87590799671,2.7677969053967,2.7677969053967,2.7677969053967,2.7677969053967,104.211419822317,244.137062305944,,240.058033277379,214.950512657708,230.625538557702,222.788025607688,240.058033277379,156.177533505606,225.726133092403,228.693095052431,329.326377703215,227.063163380179,4.64981805508923,2.47799160848199,4.84364458444423,4.84364458444423,121.12209602165,1782.91696557727,240.058033277379,,219.531154071198,6.19497902120498,221.031466338666,246.253012298584,246.253012298584,219.531154071198,226.996911835459,372.8536777964,242.971924913455,220.801932814254,,220.801932814254,276.432613028252,,308.250329031951,2.59547348617822,19.4635545765336,226.996911835459,60.5610480108252,246.253012298584,246.253012298584,226.996911835459,100.843972521788,246.253012298584,5.53559381079341,219.531154071198,0.691949226349176,0.691949226349176,6.66171528119078,240.058033277379,220.801932814254,240.058033277379,246.253012298584,,366.658698775195,220.801932814254,,276.432613028252,271.831975622175,
HU23,193.314717725395,238.772432626526,360.234395712128,238.592265333368,243.79810626182,7.13322124808701,8.51663103991635,3.26099644932332,4.93097933339115,125.967479561256,2.81770247622351,2.81770247622351,2.81770247622351,2.81770247622351,93.425289444532,240.609420485467,,237.276113363174,222.574574629234,245.67141255038,234.122993589785,237.276113363174,204.829448953821,226.053146969845,227.143860242691,301.351224832241,226.219018414429,4.6736581163339,2.60879715945866,4.93097933339115,4.93097933339115,120.629248984189,1624.7015648716,237.276113363174,,219.531154071198,6.52199289864664,223.451692898802,243.79810626182,243.79810626182,219.531154071198,226.277717536462,360.234395712128,239.072166824093,219.755724637815,,219.755724637815,275.659196672777,,292.526455124033,2.58491247823262,16.9765261332659,226.277717536462,60.3146244920945,243.79810626182,243.79810626182,226.277717536462,84.0603119408872,243.79810626182,5.63540495244703,219.531154071198,0.704425619055879,0.704425619055879,6.6346086941304,237.276113363174,219.755724637815,237.276113363174,243.79810626182,,353.712402813482,219.755724637815,419.755724637815,275.659196672777,247.008897431561,
HU31,214.407105684504,255.189391172468,410.230456901711,254.325100390094,268.270311575406,13.3585304312651,10.837769372838,4.7076551131587,10.0975372021802,130.744321814123,5.77002125838869,5.77002125838869,5.77002125838869,5.77002125838869,86.2326639349044,266.008470279171,,258.855001349088,241.887847620919,288.785438161492,265.336642891188,258.855001349088,169.493614276673,228.946464297516,232.512475180029,303.569169151686,231.167654633856,5.85385371336798,3.76612409052696,10.0975372021802,10.0975372021802,185.297628534187,2170.50813640011,258.855001349088,,219.531154071198,9.4153102263174,227.988134286475,268.270311575406,268.270311575406,219.531154071198,232.129747465594,410.230456901711,260.254150387283,222.714437239276,,222.714437239276,281.752122158076,,297.633381607767,3.97066346858972,32.9013465579399,232.129747465594,92.6488142670935,268.270311575406,268.270311575406,232.129747465594,76.283724421629,268.270311575406,11.5400425167774,219.531154071198,1.44250531459717,1.44250531459717,10.1913695693803,258.855001349088,222.714437239276,258.855001349088,268.270311575406,,400.815146675394,222.714437239276,422.714437239276,281.752122158076,243.790144456425,
HU32,180.74021958083,246.315580380791,355.670497325044,245.723002117893,252.435355128776,9.32316376528609,7.23878445705951,2.54435162757687,7.26912714935564,127.630737101538,4.15378694248894,4.15378694248894,4.15378694248894,4.15378694248894,97.7975001399727,249.94907901411,,247.346651873623,218.421318195545,242.13840049216,230.279859343841,247.346651873623,326.541190333094,224.619857326352,228.504005890386,356.48814488904,227.083935954227,4.51130197934263,2.0354813020615,7.26912714935564,7.26912714935564,89.2070910759907,1595.51645307,247.346651873623,,219.531154071198,5.08870325515374,244.364310046924,252.435355128776,252.435355128776,219.531154071198,229.103678449539,355.670497325044,247.429537650552,224.014975194385,,224.014975194385,278.455467827725,224.014975194385,318.644709092557,1.91158052305694,15.0038905386185,229.103678449539,44.6035455379954,252.435355128776,252.435355128776,229.103678449539,79.0943705136917,252.435355128776,8.30757388497788,219.531154071198,1.03844673562223,1.03844673562223,4.90639000917949,247.346651873623,224.014975194385,247.346651873623,252.435355128776,,350.58179406989,224.014975194385,424.014975194385,278.455467827725,534.629850062494,
HU33,195.214645824022,246.697509964882,365.836822482186,245.611204873749,253.438195383924,7.62565803898432,6.68983808182837,3.08621527674851,5.77016165746699,130.645405373872,3.29723523283828,3.29723523283828,3.29723523283828,3.29723523283828,97.4482187871308,250.939771520488,,247.265764830427,221.603110904995,245.276879338589,233.439995121786,247.265764830427,334.029840864725,225.703584624695,232.337626010441,301.156588799931,231.70326471727,4.12018755459115,2.46897222139881,5.77016165746699,5.77016165746699,114.298873711801,1803.83210971273,247.265764830427,,219.531154071198,6.17243055349702,226.365504324679,253.438195383924,253.438195383924,219.531154071198,231.225352690005,365.836822482186,248.442699107217,225.052922136508,,225.052922136508,280.615503280996,225.052922136508,293.866503620804,2.44926157953859,16.9455675587931,231.225352690005,57.1494368559004,253.438195383924,253.438195383924,231.225352690005,80.9409896428803,253.438195383924,6.59447046567656,219.531154071198,0.82430880820957,0.82430880820957,6.28643805414904,247.265764830427,225.052922136508,247.265764830427,253.438195383924,,359.664391928689,225.052922136508,425.052922136508,280.615503280996,245.557431198331,
ITC1,134.207721521433,234.946056666444,1275.71549836379,234.838313420382,267.274920414469,16.1841935743397,14.0368898646736,6.62736253604564,7.12081529222596,31.9915701098473,6.38063615795548,0.986905512360649,6.38063615795548,0.986905512360649,26.7973006743047,239.820469651887,1273.24823458289,264.807656633567,45.1111454804473,65.4239513511466,55.2675484158225,264.807656633567,250.039101995416,197.65755348499,223.286112511236,714.489258215755,223.488239306953,19.2765337173994,9.26375538151259,12.1662739334509,6.77254328785608,38.5072345660277,2400.83111193806,264.807656633567,7.72148180744207,195.190289704088,2.46726378090162,233.202415625055,267.274920414469,267.274920414469,195.190289704088,205.592444273856,1275.71549836379,258.593376373464,197.731449847359,1281.118179928,197.731449847359,208.167957154212,197.731449847359,588.623641591113,0.82515502641488,6.19600654189692,200.198713628261,19.2536172830139,267.274920414469,267.274920414469,200.198713628261,26.4288615713072,267.274920414469,13.1337801174304,259.295664964956,0.246726378090162,1.87377712723878,2.11789790113153,264.807656633567,197.731449847359,264.807656633567,267.274920414469,1273.24823458289,1273.24823458289,,397.731449847359,208.167957154212,522.319060620501,264.807656633567
ITC2,210.537398037215,799.285385262073,1138.62429235882,799.285385262073,2210.89254912918,45.9914141366821,37.5496173100678,8.95896428839456,37.6240214587965,71.1316493759047,23.8110396817101,18.4173090361153,23.8110396817101,18.4173090361153,69.0158902592616,2210.08927786198,,2203.76208184358,51.1662560375369,116.446977770014,83.8066169037076,2203.76208184358,19.1744087917885,82.559044625046,232.617870780916,1125.91557999321,226.015170581931,44.0388951798964,11.9884795595685,44.1735049583307,38.7797743127359,,5528.66579456766,2203.76208184358,0.200784085485177,75.4285773394465,7.13046728559946,556.888839126149,,2210.89254912918,,216.286279774771,1138.62429235882,,203.762081843577,1139.36377041833,,217.316339310381,,682.708382631961,21.6347498901696,71.3189319827545,210.892549129176,,2210.89254912918,,,69.0248190819688,2210.89254912918,49.713472717293,1390.92595608253,4.60432725902881,6.44623870222161,55.5291913847686,,,,2210.89254912918,,1131.49382507322,,,217.316339310381,2075.42857733945,2203.76208184358
ITC3,230.786821297591,601.98029588987,374.839878623532,556.940460404438,2209.34556978917,32.5103446573939,21.7655111894537,12.0696301866525,14.7399900030756,91.1985629035996,10.734450278441,5.34071963284613,10.734450278441,5.34071963284613,74.5977979002221,2203.98406763139,361.488079541417,2195.99377070706,193.216599863442,361.634860117136,277.425729991496,2195.99377070706,13.4580615890111,157.768743782355,233.186629203813,458.896110720497,228.989405518997,34.1761554785646,17.3282530391893,26.2791448343852,20.8854141887903,,2592.23226774246,2195.99377070706,0.108675034103909,144.41694470024,13.3517990821153,223.670946718269,2209.34556978917,2209.34556978917,144.41694470024,214.73930043477,374.839878623532,1050.54169982013,195.99377070706,369.358024886531,195.99377070706,258.429299074743,,433.099669523387,11.6486514969917,48.2908073386421,209.345569789175,271.80186826314,2209.34556978917,,209.345569789175,70.2233274640943,2209.34556978917,29.2627754327838,2129.92433664173,1.33517990821153,3.88990154165795,29.8982055089454,,,2195.99377070706,2209.34556978917,361.488079541417,361.488079541417,,,258.429299074743,2144.41694470024,2195.99377070706
ITF1,182.999101159484,223.806823322285,233.354262647593,223.274858494662,234.05255756041,12.1532528752635,10.4734293543126,6.28867338449288,6.6466504800521,32.04338112788,6.10968483671327,0.715954191118439,6.10968483671327,0.715954191118439,27.8520483166034,233.26721051638,231.564377169797,232.262672082614,60.0237524233244,95.2491652369008,77.6364588301123,232.262672082614,113.835422705189,196.933089124194,221.453839113243,232.839453954667,222.867191304188,13.5269060096894,7.72466343999629,9.47286303579738,4.07913239020255,31.2638864378174,1691.41284356906,232.262672082614,2.05184247958811,195.143203646398,1.7898854777961,215.571259188156,234.05255756041,234.05255756041,195.143203646398,214.965487733544,233.354262647593,229.26019059914,207.781871610153,239.43432251491,207.781871610153,210.556048453125,207.781871610153,229.747775646894,0.669940423667515,7.99696007370011,209.571757087949,15.6319432189087,234.05255756041,,209.571757087949,23.9347313509569,234.05255756041,10.0555962343977,197.72203124262,0.17898854777961,1.4890041418597,1.71951375407995,232.262672082614,,232.262672082614,234.05255756041,231.564377169797,231.564377169797,,,210.556048453125,227.904992818358,232.262672082614
ITF2,278.026239989129,407.463272907966,432.536809401891,407.361398001314,412.866039378254,22.3875127202935,16.8467726220398,6.42352019670255,6.83543601714565,34.4633829120287,6.21756228648101,0.823831640886182,6.21756228648101,0.823831640886182,32.7137810593284,411.202408046573,430.477230299675,410.806460276038,47.4225930822335,70.046846554719,58.7347198184946,410.806460276038,75.364849931356,367.677709293955,407.532375790355,445.837863249123,413.558118646158,31.2036306867148,11.6654677696791,16.3692706127423,10.9755399671474,31.4882330015545,613.847108817141,410.806460276038,1.86820716945237,365.618130191739,2.05957910221545,407.635262617108,412.866039378254,412.866039378254,365.618130191739,399.350836786852,432.536809401891,402.78621808243,391.897527039042,438.347175644789,391.897527039042,395.027391671785,,434.06595934795,0.67474785003331,9.79223969377571,393.957106141257,15.7441165007772,412.866039378254,,393.957106141257,30.706642523136,412.866039378254,17.9372048937633,408.235749365435,0.205957910221545,2.4742052242804,1.7318528150855,410.806460276038,,410.806460276038,412.866039378254,430.477230299675,430.477230299675,,,395.027391671785,494.520177377953,410.806460276038
ITF4,364.613064233693,413.584786627968,417.681234066784,413.49326740467,438.145670309044,45.132425631863,20.8743054678125,9.7719046427533,11.5231742416167,56.7815662931513,8.89626984332161,3.50253919772678,8.89626984332161,3.50253919772678,55.7967268771555,430.970602196893,408.924886072467,429.389322314727,68.7843100978931,112.770280586038,90.7772953419657,429.389322314727,645.983253704608,389.283266284125,410.320528531424,426.244602816509,442.528435360452,60.8451420938893,27.0300163071854,43.2572305533783,37.8634999077835,227.972425843064,2655.85921658924,429.389322314727,8.79156152969844,380.526918289808,8.75634799431695,406.2119558354,438.145670309044,438.145670309044,380.526918289808,396.167589203219,417.681234066784,412.036197578222,382.017510563307,416.794831417581,382.017510563307,392.928987693057,382.017510563307,423.453601681308,4.8851234109228,51.9243955769949,390.773858557624,113.986212921532,438.145670309044,438.145670309044,390.773858557624,56.1765627722574,438.145670309044,48.666301968776,383.494894778552,0.875634799431695,6.31534235865698,12.5384834213685,429.389322314727,382.017510563307,429.389322314727,438.145670309044,408.924886072467,408.924886072467,,582.017510563307,392.928987693057,477.24429393467,429.389322314727
ITF5,312.516336149739,370.428537999182,429.102709924435,370.318287869164,397.810035119823,83.3568899125819,30.0420991739592,10.2031474429802,12.1269141619343,74.6568002907302,9.24126408350309,3.84753343790826,9.24126408350309,3.84753343790826,76.4115527258625,391.182350229362,419.483876329665,388.191201525052,91.0951374876273,157.391935365507,124.243536426575,388.191201525052,189.234066539382,344.456634242358,355.298699840203,464.603539305504,,124.998798316855,36.2756678299026,59.4371207181335,54.0433900725387,182.224592856246,2846.44931318434,388.191201525052,3.86232610250772,334.837800647588,9.61883359477065,369.815492203366,397.810035119823,397.810035119823,334.837800647588,355.296470081582,429.102709924435,381.341980537173,340.283905841216,427.353821674779,340.283905841216,350.974707903703,,423.864266220408,3.90481270406241,55.8988117736465,349.902739435987,91.112296428123,397.810035119823,397.810035119823,349.902739435987,77.5535869202539,397.810035119823,67.1576050142104,340.708021246843,0.961883359477065,8.62675523933629,10.0223526070935,388.191201525052,340.283905841216,388.191201525052,397.810035119823,419.483876329665,419.483876329665,,540.283905841216,350.974707903703,1032.64537802648,388.191201525052
ITF6,364.517480557108,498.273106278077,430.731716781628,498.101556012935,585.997087473047,35.3190559211713,24.0422332379189,10.6989064230439,15.1218744141184,78.398367164784,10.952669941894,5.55893929629917,10.952669941894,5.55893929629917,71.8038577699464,578.541549152867,420.12136522673,575.386735918149,121.380494760478,221.249646597057,171.315070678773,575.386735918149,258.893959183451,377.253506275032,419.701470340819,448.736586430202,421.255955523434,40.018215887032,18.301470623456,30.2831732869467,24.8894426413519,211.716580662839,2297.65400663211,575.386735918149,1.81298616378583,366.643154720134,10.6103515548982,432.390958209326,585.997087473047,585.997087473047,366.643154720134,400.322336292508,430.731716781628,526.551485858607,384.318254092015,427.991310571844,384.318254092015,398.965096463462,384.318254092015,445.336414653253,4.53678387134655,38.7955145762239,394.928605646913,105.858290331419,585.997087473047,585.997087473047,394.928605646913,64.1761265189178,585.997087473047,33.838807949997,441.136399452359,1.38973482407479,4.4619056063096,11.6444119364561,575.386735918149,384.318254092015,575.386735918149,585.997087473047,420.12136522673,420.12136522673,,584.318254092015,398.965096463462,966.441221723169,575.386735918149
ITH3,225.005948768966,463.543582742179,1053.79400603566,462.765551906276,466.952954718684,23.2659173163934,19.9113295291629,6.14097921635582,8.66665106889305,32.8389099717457,7.26397088747953,1.8702402418847,7.26397088747953,1.8702402418847,30.1378131773447,465.57887493321,,465.458457577162,39.611870159403,57.6065041722478,48.6091871658193,465.458457577162,403.694568980517,428.077301188726,467.135441608115,593.749364728265,470.88726086619,35.8036234165642,10.6211910944114,16.7685588552567,11.3748282096619,22.4843385692884,2141.14989182585,465.458457577162,12.4243627228294,426.582804047204,1.49449714152198,458.967212993946,466.952954718684,466.952954718684,426.582804047204,447.709440228612,1053.79400603566,463.629279053489,440.821212441496,1060.16945423926,440.821212441496,447.86465471802,440.821212441496,574.718791403559,0.481807255056179,4.68086537642167,442.315709583018,11.2421692846442,466.952954718684,466.952954718684,442.315709583018,30.0290527213641,466.952954718684,18.3935343137799,462.882071116153,0.467560060471175,2.53124640178246,1.23663862131086,465.458457577162,440.821212441496,465.458457577162,466.952954718684,1052.29950889414,1052.29950889414,,640.821212441496,447.86465471802,511.064205445458,465.458457577162
ITH4,142.283153341906,230.580786619575,1595.22123221678,230.547209324821,235.506906744823,13.2293924401696,10.8962350999509,6.01459799699711,7.40150443260323,26.7135881013235,6.54102995245677,1.14729930686195,6.54102995245677,1.14729930686195,23.9807789523446,234.472357020151,,234.265172042018,34.7593445427184,46.3468630400392,40.5531037913776,234.265172042018,62.9834260538798,203.986552096524,240.966294971868,482.36033935932,245.059812942305,14.012174077821,7.56244315738068,10.3275370362653,4.93380639067046,19.0303421603945,1877.55067738512,234.265172042018,1.92525109483912,202.74481739372,1.24173470280456,238.186424539893,235.506906744823,235.506906744823,202.74481739372,219.600991063797,1595.22123221678,232.280648539009,212.965525715398,1601.84944285909,212.965525715398,225.169390469416,212.965525715398,453.176518982398,0.407793046294168,3.47928448233856,214.207260418202,9.51517108019725,235.506906744823,235.506906744823,214.207260418202,23.8074654250097,235.506906744823,11.0323665206468,234.163912015046,0.286824826715487,1.61110042764083,1.0466688188217,234.265172042018,212.965525715398,234.265172042018,235.506906744823,1593.97949751398,1593.97949751398,,412.965525715398,225.169390469416,337.333145915157,234.265172042018
ITI1,260.504090392673,299.847241164523,343.844408092033,299.331846067643,327.805527302149,25.6199092656054,14.7355993715245,8.45616035165874,9.68113223408431,73.6080260226366,7.84367441044596,2.44994376485113,7.84367441044596,2.44994376485113,61.1825500291227,324.169798746233,337.719548679905,321.680667890021,175.715709609196,326.633079608643,251.174394608843,321.680667890021,227.6046291153,272.223040592096,293.223363136192,339.476787326728,303.29136740142,29.7759047264092,15.2409262114237,22.6263228857953,17.2325922402005,119.609370138498,1887.56475986656,321.680667890021,3.72895244568589,266.098181179968,6.12485941212783,317.290677842979,327.805527302149,327.805527302149,266.098181179968,282.702147542888,343.844408092033,305.558527466891,271.183557485166,345.589494025019,271.183557485166,282.231850270759,271.183557485166,335.540378956111,2.56305793153923,23.899344712773,277.308416897294,59.8046850692488,327.805527302149,327.805527302149,277.308416897294,50.02654568788,327.805527302149,25.0881217772525,274.164924358647,0.612485941212783,3.36806983471654,6.57851535761737,321.680667890021,,321.680667890021,327.805527302149,337.719548679905,337.719548679905,271.183557485166,471.183557485166,282.231850270759,333.363995228484,321.680667890021
ITI2,371.41303541456,516.345489221055,630.674744794059,513.973936580345,549.138595813069,38.1265728944773,14.7787500029912,8.48266544918145,9.7182393706161,130.707218857871,7.86487848846413,2.4711478428693,7.86487848846413,2.4711478428693,102.770966187616,546.597822918521,624.496875186885,542.960726205896,283.233860926511,541.669382243275,412.451621584802,542.960726205896,195.543836812625,451.525586043953,493.488146152961,662.854844846776,514.550340625373,49.0823010981319,24.1371033394917,38.1946328599143,32.8009022143195,94.84158391778,3701.8847361916,542.960726205896,2.27772886625809,445.347716436779,6.17786960717324,538.751782285541,549.138595813069,549.138595813069,445.347716436779,472.02070458619,630.674744794059,516.885072458952,460.449104333422,632.366820531999,460.449104333422,471.752587638114,460.449104333422,631.060936420017,2.032319655381,22.5053456998632,466.626973940595,47.42079195889,549.138595813069,549.138595813069,466.626973940595,87.5942751934711,549.138595813069,42.8804760333885,474.915273825244,0.617786960717325,5.59211411673354,5.2162871154779,542.960726205896,,542.960726205896,549.138595813069,624.496875186885,624.496875186885,,660.449104333422,471.752587638114,764.365392457675,542.960726205896
LU00,225.914159019387,486.461392145015,729.525693932384,485.70605679299,511.405128749948,30.4186954233451,6.79034513774968,5.13986820563836,7.19581548789371,48.1432817444729,4.11189456451069,4.11189456451069,4.11189456451069,4.11189456451069,43.2655277749564,511.355386362896,,501.125392338671,51.4190816653729,102.838163330746,77.1286224982305,,70.1742778703068,325.997116184121,478.493840532622,789.576067392034,481.248976148709,20.9344826845103,20.1138714735821,35.1992750787687,35.1992750787687,197.854405101024,9324.22901975451,501.125392338671,2.30213313825585,315.717379772844,10.2797364112767,438.147570297294,511.405128749948,511.405128749948,315.717379772844,441.708739189304,729.525693932384,509.867655516456,431.429002778027,,431.429002778027,447.794905881942,,533.618613655234,4.2397372521648,31.8057342403903,441.708739189304,98.927202550512,511.405128749948,511.405128749948,441.708739189304,43.2463055333368,511.405128749948,40.2277429471643,500.568553011758,1.02797364112767,5.02846786839554,10.8819922805563,,431.429002778027,,511.405128749948,,719.245957521107,431.429002778027,,447.794905881943,2315.71737977284,501.125392338671
LV00,91.6415611522388,101.152319075159,93.9746504110094,101.127688038871,107.300640635932,11.8562148286195,4.94294888663579,2.30496725058151,5.85958363803259,41.4465983541156,3.34833350744719,3.34833350744719,3.34833350744719,3.34833350744719,36.4579778134235,107.300640635932,,,41.1438383967364,86.0485760609278,63.5962072288206,,224.909712784429,76.5803848672569,108.26751658833,93.9746504110095,111.764217611546,13.3488763355791,6.12109809828211,13.3445511592122,13.3445511592122,87.0166217235677,1523.29692137374,102.690706134769,,,4.60993450116301,104.98165429914,107.300640635932,107.300640635932,71.9704503660938,101.03603521119,93.9746504110094,107.087013132754,96.426100710027,,96.426100710027,103.154566313354,,97.8887485323992,1.86464189407645,16.6703522504953,101.03603521119,43.5083108617838,107.300640635932,107.300640635932,101.03603521119,35.8455887151378,107.300640635932,15.2509156105282,71.9704503660938,0.837083376861799,1.90636445131602,4.78591419479622,,,,107.300640635932,,,96.426100710027,,103.154566313354,,
MT00,221.253828639675,783.622272422852,906.50619709358,780.436670281749,1598.43302030967,3.44931362934134,3.47454050369571,1.28604684384497,1.80046558138296,16.8442932672811,1.02883747507598,1.02883747507598,1.02883747507598,1.02883747507598,15.2983344740901,1598.43302030967,903.93410340589,,16.7523521372294,33.5047042744587,25.128528205844,,8.677,,706.542275828364,637.690269998655,,3.5867463284703,1.02883747507598,1.80046558138296,1.80046558138296,85.465755792768,860.813492063492,,,,2.57209368768995,854.052057103879,,1598.43302030967,473.544016981859,706.542275828364,906.50619709358,,,,,990.791005067076,,857.938416434034,1.83140905270217,14.1444341029487,706.542275828364,42.732877896384,1598.43302030967,,706.542275828364,13.6753552459325,,2.05767495015196,473.544016981859,0.257209368768995,0.257209368768995,4.70061656860224,,,,,,903.93410340589,,,990.791005067076,473.544016981859,
NL11,178.4503998793,479.1602570088,723.257684092232,478.956813012754,485.33609149459,10.4613663608366,0.340176064138782,0.127400407105435,0.178360569947609,11.1098970012029,0.101920325684348,0.101920325684348,0.101920325684348,0.101920325684348,11.088316093466,485.334905706206,,485.081290680379,9.30864986577713,18.6172997315543,13.9629747945956,,81.9339307144277,471.717133760129,484.843852282121,609.315851342629,488.172343748719,6.20306631820177,5.84176520313701,10.2230891054898,10.2230891054898,4.32873100227131,4162.64575360739,485.081290680379,2.99918407127156,471.462332945918,0.25480081421087,473.191106773304,485.33609149459,485.33609149459,471.462332945918,473.372374131977,723.257684092232,476.965613611139,473.117573317767,,473.117573317767,485.340567777904,,517.489334692467,0.0927585214772423,1.81691384469414,473.372374131977,2.16436550113565,485.33609149459,485.33609149459,473.372374131977,11.1748741607541,485.33609149459,11.683530406274,484.882402526343,0.025480081421087,1.46044130078425,0.238080205124922,,473.117573317767,,485.33609149459,,,473.117573317767,,485.340567777904,,485.081290680379
NL12,140.635952130754,473.40261485866,1703.42363471025,472.659580933325,520.491678711624,7.86425920433159,0.520895942757484,0.228161474966786,0.3194260649535,11.4513333764086,0.182529179973429,0.182529179973429,0.182529179973429,0.182529179973429,11.3887707614281,520.487959714348,,520.03535576169,9.11840512966178,18.2368102593236,13.6776076944269,,118.082072036394,437.957743829056,454.347064779332,1130.69202169355,451.254692980667,5.11371609802727,5.01595188688399,8.77791580204697,8.77791580204697,8.39276733316475,3060.48792050707,520.03535576169,5.23105034341175,437.501420879122,0.456322949933571,438.416176493089,520.491678711624,520.491678711624,437.501420879122,438.264855549161,1703.42363471025,442.714673481477,,,437.808532599227,499.038518994799,,659.972241944518,0.179845014282102,3.10390735463852,438.264855549161,4.19638366658238,520.491678711624,520.491678711624,438.264855549161,11.3864511734437,520.491678711624,10.031903773768,517.894273624188,0.0456322949933571,1.253987971721,0.461602203324061,,437.808532599227,,520.491678711624,,,437.808532599227,,499.038518994799,,520.03535576169
NL13,133.694450779457,430.905125373758,563.486600336385,430.879932033656,435.354793272762,4.49427835572318,0.108076809875969,0.0434325848533487,0.0608056187946882,4.13115216193842,0.034746067882679,0.034746067882679,0.034746067882679,0.034746067882679,4.14715702317011,435.35109269594,,435.267928103055,3.42870890674691,6.85741781349382,5.14306335921597,,64.9490243827825,428.24193697708,432.98270703988,502.262288259201,434.49333771929,2.37817548086229,2.33292660044036,4.08262155077064,4.08262155077064,1.44708067325021,3389.16829505804,435.267928103055,2.37375056988915,428.155071807373,0.0868651697066974,428.513980409291,435.354793272762,435.354793272762,428.155071807373,428.537730869384,563.486600336385,430.173530642942,428.450865699678,,428.450865699678,434.898996791273,,445.359059678854,0.0310088715696474,0.530300475368908,428.537730869384,0.723540336625105,435.354793272762,435.354793272762,428.537730869384,4.18178283816376,435.354793272762,4.66585320088073,434.924886440734,0.00868651697066974,0.583231650110091,0.0795894370287616,,428.450865699678,435.267928103055,435.354793272762,,,428.450865699678,,434.898996791273,,435.267928103055
NL21,99.2500468577264,538.65182834147,868.529910331727,538.588839256587,546.859734376146,5.58012856092377,0.13757912065036,0.0495669726300321,0.069393761682045,5.45225330054575,0.0396535781040257,0.0396535781040257,0.0396535781040257,0.0396535781040257,5.45711846536302,546.841950542075,,546.760600430886,4.37586817177117,8.75173634354234,6.56380225714089,,108.246406628912,529.303711354615,537.760252473919,713.219714729817,537.13242795867,3.35336148695304,3.04147721418051,5.32258512481589,5.32258512481589,1.61020732913598,2764.88951688192,546.760600430886,4.96665292744855,529.204577409355,0.0991339452600643,529.88782092986,546.859734376146,546.859734376146,529.204577409355,529.901859148054,868.529910331727,546.852985429194,529.802725202794,,,546.15585779499,,584.215668860039,0.0345044427671995,0.545619878361753,529.901859148054,0.805103664567989,546.859734376146,546.859734376146,529.901859148054,5.49710149272754,546.859734376146,6.08295442836102,545.237817629482,0.00991339452600643,0.760369303545127,0.0885614031024788,,529.802725202794,546.760600430886,546.859734376146,,,529.802725202794,,546.15585779499,529.204577409355,546.760600430886
NL22,85.0689119392082,476.488919994122,656.791794448668,476.360445531809,483.312267850049,5.50456851094363,0.123978216013237,0.0416452229282499,0.0583033120995498,5.34194327630017,0.0333161783425999,0.0333161783425999,0.0333161783425999,0.0333161783425999,5.35053830351236,483.293567612867,,483.228977404193,5.05481447091879,10.1096289418376,7.5822217064044,,111.208937257858,467.145713266614,475.943228251451,569.838432178897,475.623864132173,3.36907547954065,2.85260308926338,4.99205540621091,4.99205540621091,1.34782815843936,2604.86265112419,483.228977404193,5.05098679541589,467.062422820757,0.0832904458564997,468.359218157685,483.312267850049,483.312267850049,467.062422820757,468.364859831901,656.791794448668,483.301884979815,468.281569386044,,,477.365614392819,,501.430516037121,0.0288820319665577,0.532569011611902,468.364859831901,0.673914079219679,483.312267850049,483.312267850049,468.364859831901,5.39756488322909,483.312267850049,5.70520617852676,479.856822257124,0.00832904458564997,0.713150772315845,0.0741305487141646,,468.281569386044,483.228977404193,483.312267850049,,,468.281569386044,,477.365614392819,467.062422820757,483.228977404193
NL23,190.169344840609,440.02968564233,467.086698169346,440.009593133868,442.35520381407,7.04288686629244,0.118593013548255,0.0370681863063813,0.0518954608289338,3.72191465525467,0.029654549045105,0.029654549045105,0.029654549045105,0.029654549045105,3.81038276549462,442.354968257339,,442.281067441457,3.00773140877627,6.01546281755254,4.51159711230481,,34.8551832393367,439.007606298226,441.521582864881,454.356202748026,446.975212682192,4.19507543893583,3.19210892081682,5.58619061142944,5.58619061142944,1.28108443489788,3769.47296148057,442.281067441457,1.10156822935847,438.933469925614,0.0741363726127626,439.029991112308,442.35520381407,442.35520381407,438.933469925614,439.057561347256,467.086698169346,442.35520381407,438.983424974644,,,440.405151900161,,442.486613731395,0.0274518093192402,0.809878399341155,439.057561347256,0.640542217448939,442.35520381407,442.35520381407,439.057561347256,3.96433526468051,442.35520381407,6.38421784163365,442.115192047876,0.00741363726127626,0.798027230204206,0.0704596439193833,,438.983424974644,,442.35520381407,,,438.983424974644,,440.405151900161,,442.281067441457
NL31,134.265298324476,578.26644417293,769.384071732068,578.119271955933,602.337299848682,9.51798328504263,0.395036127035001,0.128470222202638,0.179858311083693,8.96162360813793,0.10277617776211,0.10277617776211,0.10277617776211,0.10277617776211,8.9866074480933,602.315674897047,,602.080359404277,7.01975975613022,14.0395195122604,10.5296396339015,,36.3566889066783,552.401413725896,586.973899711925,671.139242222063,589.036286847429,5.82214210333236,4.71703250949451,8.25480689161538,8.25480689161538,4.3549451766779,2836.56338951134,602.080359404277,1.60158221030282,552.144473281491,0.256940444405276,560.223771479842,602.337299848682,602.337299848682,552.144473281491,559.713234897854,769.384071732068,602.337299848682,559.456294453449,,,569.460673687627,,595.604384605708,0.0933202537859551,1.89237991495777,559.713234897854,2.17747258833895,602.337299848682,602.337299848682,559.713234897854,9.05961907085719,602.337299848682,9.43406501898901,566.075268668227,0.0256940444405276,1.17925812737363,0.239521984717285,,559.456294453449,,602.337299848682,,,559.456294453449,,569.460673687627,,602.080359404277
NL32,150.75271364693,333.41063898472,758.994559509965,332.716833762942,370.789008232226,8.63714084325304,0.505065327332295,0.240830141033198,0.337162197446477,12.6430662934305,0.192664112826559,0.192664112826559,0.192664112826559,0.192664112826559,12.4229979280262,370.788390050392,,370.30734795016,10.8905003862892,21.7810007725784,16.3357505794501,,48.3142557737414,317.816764235112,338.710040593013,558.197608766211,340.69311348897,4.95598266154757,4.86104880400993,8.50683540701738,8.50683540701738,10.6659053339503,2816.76357275227,370.30734795016,1.90325458752535,317.335103953046,0.481660282066396,325.161580290933,370.789008232226,370.789008232226,317.335103953046,326.901719537513,758.994559509965,343.110298084316,326.420059255447,,326.420059255447,347.795982736093,,338.09690383457,0.228555114298935,5.78646148512476,326.901719537513,5.33295266697515,370.789008232226,370.789008232226,326.901719537513,12.2996716352294,370.789008232226,9.72209760801986,348.327879720926,0.0481660282066396,1.21526220100248,0.586624793367267,,326.420059255447,370.30734795016,370.789008232226,,,326.420059255447,,347.795982736093,317.335103953046,370.30734795016
NL33,164.092120522015,390.494819753486,887.904881229467,389.101257097452,412.921298907945,8.68947868255917,0.479021535742549,0.227014813057198,0.317820738280078,12.5308041687499,0.181611850445759,0.181611850445759,0.181611850445759,0.181611850445759,12.3146583474748,412.920455696797,,412.46726928183,10.6292217083228,21.2584434166457,15.9438325598706,,57.9298818179315,368.418311302359,406.427592015982,652.526271089611,408.369011333666,4.71899329441254,4.62903270219087,8.10080722883403,8.10080722883403,8.77027947198443,3244.39645257304,412.46726928183,2.23665944866905,367.964281676244,0.454029626114397,376.659500635542,412.921298907945,412.921298907945,367.964281676244,377.935111478462,887.904881229467,386.121777010437,377.481081852348,,377.481081852348,401.794438056474,,411.497932948527,0.187934560113952,4.05290349910177,377.935111478462,4.38513973599222,412.921298907945,412.921298907945,377.935111478462,12.1936436111617,412.921298907945,9.25806540438175,410.018965491871,0.0454029626114397,1.15725817554772,0.482365370959144,,377.481081852348,412.46726928183,412.921298907945,,,377.481081852348,,401.794438056474,,412.46726928183
NL34,210.12614601657,354.203531195237,400.692357298579,353.94411086386,355.975813645597,7.04414142787795,0.171599501922179,0.0775409129708336,0.108557278159167,8.4110464573328,0.0620327303766669,0.0620327303766669,0.0620327303766669,0.0620327303766669,8.21062230467179,355.973289705824,,355.820731819656,10.0548512231747,20.1097024463494,15.0822768364433,,47.0463306487789,352.618788500428,357.926705901327,378.80554517722,361.782058954659,3.78508372482788,3.71299937960395,6.49774891430692,6.49774891430692,2.78844266112161,4079.60222687939,355.820731819656,1.56579927834281,352.463706674486,0.155081825941667,352.63910926924,355.975813645597,355.975813645597,352.463706674486,352.635660891563,400.692357298579,352.582175772172,352.480579065621,,352.480579065621,354.803627930216,,360.592906123343,0.0597523427383203,1.49129543167451,352.635660891563,1.39422133056081,355.975813645597,355.975813645597,352.635660891563,8.2174907116812,355.975813645597,7.42599875920791,355.691942550871,0.0155081825941667,0.928249844900988,0.153364346361689,,352.480579065621,355.820731819656,355.975813645597,,,352.480579065621,,354.803627930216,352.463706674486,355.820731819656
NL41,57.7496518416873,505.781812119024,541.810955833882,505.72774161463,507.280430654318,2.50371205621796,0.0183684436829186,0.00593698375086105,0.00831177725120547,2.02450685723039,0.00474958700068884,0.00474958700068884,0.00474958700068884,0.00474958700068884,2.05015738914116,507.27771234111,,507.268556686817,1.61650002935092,3.23300005870184,2.42475004402639,,126.902636365373,504.386811410686,506.470507938051,524.826241707559,507.902989200409,1.69472613831378,1.36898317197341,2.39572055095347,2.39572055095347,0.187565718672205,2195.52491659928,507.268556686817,5.36110196511238,504.374937443184,0.0118739675017221,504.504722534658,507.280430654318,507.280430654318,504.374937443184,504.510388466205,541.810955833882,505.159066915415,504.498514498704,,504.498514498704,506.301938010808,,510.760452845722,0.00401926540011868,0.0849996717453671,504.510388466205,0.0937828593361026,507.280430654318,507.280430654318,504.510388466205,2.1009771462508,507.280430654318,2.73796634394683,505.611486535762,0.00118739675017221,0.342245792993353,0.0103161145269713,,504.498514498704,507.268556686817,507.280430654318,,,504.498514498704,,506.301938010808,504.374937443184,507.268556686817
NL42,52.7142927184847,404.86878711783,455.134611425204,404.837707822049,407.581700373153,5.42396217685435,0.033213209757196,0.0126504725887563,0.0177106616242588,6.01426718922517,0.0101203780710051,0.0101203780710051,0.0101203780710051,0.0101203780710051,5.94277101293081,407.575204402036,,407.556399427975,5.54846786931514,11.0969357386303,8.32270180397282,,41.531795359919,402.179243913186,407.053305509696,430.758953147896,410.051614876586,3.21635041020451,3.08023157774548,5.39040526105459,5.39040526105459,0.398715312128108,2100.79274846882,407.556399427975,1.63362870951804,402.153942968009,0.0253009451775126,402.418149960663,407.581700373153,407.581700373153,402.153942968009,402.425514812377,455.134611425204,403.299417642476,402.4002138672,,402.4002138672,404.957086067542,,410.643652556779,0.00854389954560231,0.182512356384281,402.425514812377,0.199357656064054,407.581700373153,407.581700373153,402.425514812377,6.00767858184554,407.581700373153,6.16046315549096,404.124214810775,0.00253009451775126,0.77005789443637,0.0219293421670459,,402.4002138672,407.556399427975,407.581700373153,,,402.4002138672,,404.957086067542,402.153942968009,407.556399427975
NO02,325.266851549779,,,,,706.361124988567,332.728351114456,184.09226172,184.09226172,781.782151736753,169.98026172,169.98026172,169.984146,169.98026172,757.752855310998,,,,1206.99170065,1206.99170065,1206.99170065,,133.360749590372,,,,,304.723349129399,184.17776172,184.17776172,184.17776172,1411.72920792,,,,,,,,,,,,,,,,,,,6.28049744,491.211979340391,,76.9976,,,,893.239250738281,,857.76501693,,43.53218021,186.62397566,161.62938608,,,,,,,,,,,
NO06,305.886173893312,,,,,602.469757336323,313.837290104996,177.77151244,177.77151244,754.975827556704,163.65217148,163.65951244,163.65217148,163.65951244,716.095072702561,,,,1098.88412954,1098.88412954,1098.88412954,,109.668267608698,,,,,287.423208375323,177.85701244,177.85701244,177.85701244,1398.03080448,,,,,,,,,,,,,,,,,,,6.27778832,330.445519117538,,76.9976,,,,807.442037313053,,855.94779859,,46.59724567,175.06681354,175.3786053,,,,,,,,,,,
NO07,345.587666043529,,,,,458.375678429534,210.817951607779,187.25100956,187.25100956,824.917002711548,173.1316686,173.13900956,173.12778432,173.13900956,708.939748359799,,,,1177.75958237,1177.75958237,1177.75958237,,77.5928398534811,,,,,223.728910094503,187.33650956,187.33650956,187.34039384,1684.03125468,,,,,,,,,,,,,,,,,,,6.25430928,1133.64559719041,,76.9976,,,,954.852317966596,,860.0940318,,47.37905078,185.87826488,189.5975342,,,,,,,,,,,
PL21,171.825744783367,245.691573503032,294.936577025989,245.49600004693,247.754506152557,4.74272049128812,2.40525165119222,1.83697940800777,2.57177117121087,5.9627044741781,1.46958352640621,1.46958352640621,1.46958352640621,1.46958352640621,5.77168030934147,247.38244597977,,244.080547336541,4.16387482302781,8.32774964605563,6.24581223454157,,137.644594199185,211.331091263202,247.695045691578,294.269896845308,248.535709098425,19.5011622403587,4.66278149632331,8.15986761856579,8.15986761856579,51.8804914281458,1301.19533067147,244.080547336541,,207.657132447187,3.67395881601553,244.029152783736,247.754506152557,247.754506152557,207.657132447187,233.627358454975,294.936577025989,247.104317646248,229.95339963896,,229.95339963896,233.627358454975,,272.734775533236,1.11172481631741,11.4423645444022,233.627358454975,25.9402457140729,285.846886202717,247.754506152557,233.627358454975,5.96709409199786,247.754506152557,9.32556299264661,207.657132447187,0.367395881601553,1.16569537408083,2.85342702854802,244.080547336541,229.95339963896,244.080547336541,247.754506152557,,291.262618209974,229.95339963896,229.95339963896,233.627358454975,,
PL22,168.508868594249,243.694112038962,287.237746687329,243.498539169831,244.869979311617,5.70720032973398,2.53452252946903,1.83707096925322,2.57189935695451,6.86574450733633,1.46965677540258,1.46965677540258,1.46965677540258,1.46965677540258,6.59693446940235,244.539194829213,,241.195837373111,4.5437525073889,9.0875050147778,6.81562876107551,,90.1083459788702,211.331274385693,250.683450066594,286.621469222885,253.233191987211,42.9328782749873,6.6839888884971,11.6969805548699,11.6969805548699,51.9180906205262,1237.05347953889,241.195837373111,,207.657132447187,3.67414193850644,247.202052928282,244.869979311617,244.869979311617,207.657132447187,235.524368060655,287.237746687329,244.47177297279,231.850226122149,,231.850226122149,235.524368060655,,268.698818169688,1.11253051329699,9.22340578943996,235.524368060655,25.9590453102631,282.962359361778,244.869979311617,235.524368060655,6.93215384157238,244.869979311617,13.3679777769942,207.657132447187,0.367414193850644,1.67099722212428,2.85549498412894,241.195837373111,231.850226122149,241.195837373111,244.869979311617,,283.563604748822,231.850226122149,231.850226122149,235.524368060655,,
PL31,185.679847109052,240.273619029927,267.659561172643,240.028349732844,241.275885651617,9.8692524384141,3.65682266771169,2.65552901998068,3.71774062797295,11.0691407033243,2.12442321598454,2.12442321598454,2.12442321598454,2.12442321598454,10.8173535121022,241.07480989706,,235.964827611656,7.80370869429244,15.6074173885849,11.7055630414381,,348.652428338741,212.968190487148,261.202318657803,267.184806484258,267.299305906347,76.6493606514619,11.9594958097039,20.9291176669818,20.9291176669818,75.1039924153369,1306.74470479262,235.964827611656,,207.657132447187,5.31105803996135,243.905379008298,241.275885651617,241.275885651617,207.657132447187,229.522639955502,267.659561172643,240.900537982251,224.211581915541,,224.211581915541,229.522639955502,,254.359208332075,1.60937126604293,15.935211428828,229.522639955502,37.5519962076685,279.368265701777,241.275885651617,229.522639955502,11.007603911663,241.275885651617,23.9189916194077,207.657132447187,0.531105803996135,2.98987395242597,4.13071958284353,235.964827611656,224.211581915541,235.964827611656,241.275885651617,,262.348503132682,224.211581915541,224.211581915541,229.522639955502,,
PL32,171.894636358571,246.293203811943,305.392149333645,245.913716280778,252.528799917376,8.25479648970401,2.60648400007233,1.99389846707904,2.79145785391066,12.3257877129997,1.59511877366324,1.59511877366324,1.59511877366324,1.59511877366324,11.8561466691592,252.049988983965,,248.541002983218,13.4774897341551,26.9549794683103,20.2162346012212,,150.821712492542,211.644929381345,247.643278234211,304.642999261403,248.359300419117,28.9152203662134,6.89277561691787,12.0623573296063,12.0623573296063,56.0948241205656,1274.45512642688,248.541002983218,,207.657132447187,3.98779693415809,238.891210309222,252.528799917376,252.528799917376,207.657132447187,230.889900277656,305.392149333645,251.743293006559,226.902103343498,,226.902103343498,230.889900277656,,279.752139053883,1.20203194544069,15.0461702786361,230.889900277656,28.0474120602828,290.621179967537,252.528799917376,230.889900277656,11.9354967040145,252.528799917376,13.7855512338357,207.657132447187,0.398779693415809,1.72319390422947,3.08521532663111,248.541002983218,226.902103343498,248.541002983218,252.528799917376,,301.404352399487,226.902103343498,226.902103343498,230.889900277656,,
PL33,156.452126173367,242.136275292144,241.872385855979,241.661011241587,243.874110594008,5.33838083460052,1.95437315513942,1.49542738166097,2.09359833432536,8.01696568413522,1.19634190532878,1.19634190532878,1.19634190532878,1.19634190532878,7.22940743354169,243.806494783801,,240.883255830686,6.09733954802026,12.1946790960405,9.14600932202701,,126.950107750809,210.647987210509,250.042336127059,241.605481390752,252.634664336197,39.9478408213049,7.54977699819705,13.2121097468448,13.2121097468448,42.0890353706276,1036.59145491654,240.883255830686,,207.657132447187,2.99085476332194,246.893304425128,243.874110594008,243.874110594008,207.657132447187,231.39094854291,241.872385855979,243.387887107988,228.400093779588,,228.400093779588,231.39094854291,,237.997200519696,0.901907900799163,10.48497671276,231.39094854291,21.0445176853138,281.966490644169,243.874110594008,231.39094854291,7.31936950457312,243.874110594008,15.0995539963941,207.657132447187,0.299085476332194,1.88744424954926,2.31489694538452,240.883255830686,228.400093779588,240.883255830686,243.874110594008,,238.881531092657,228.400093779588,228.400093779588,231.39094854291,,
PL34,148.704158100741,262.74680049907,278.327779005817,262.625317417003,265.781744057063,5.62768117467709,2.57289711344039,1.67959491381362,2.35143287933907,4.04419055752732,1.3436759310509,1.3436759310509,1.3436759310509,1.3436759310509,4.24120014583256,265.653681881343,,262.422554229436,2.35707950955469,4.71415901910939,3.53561926433177,,281.669115804971,211.016322274814,260.02383247466,277.780658249542,260.68552732994,25.1676215163934,3.7783926286605,6.61218710015588,6.61218710015588,,1092.52364016861,262.422554229436,,207.657132447187,3.35918982762724,270.314451040991,265.781744057063,265.781744057063,207.657132447187,253.887911311729,278.327779005817,265.468342063919,250.528721484102,,250.528721484102,253.887911311729,,269.709511472285,1.03657197095196,8.81745027993818,253.887911311729,,303.874124107224,265.781744057063,253.887911311729,4.25368547853526,265.781744057063,7.556785257321,207.657132447187,0.335918982762724,0.944598157165125,2.66053472544336,262.422554229436,250.528721484102,262.422554229436,265.781744057063,,274.968589178189,250.528721484102,250.528721484102,253.887911311729,,
PL41,112.528147260243,244.684673870008,271.039963698042,244.28043873147,245.811809837814,8.06828606106833,2.31003016200191,1.00359138237836,1.40502793532971,6.80394821391,0.802873105902692,0.802873105902692,0.802873105902692,0.802873105902692,7.11691465365838,245.543106722565,,243.804627073058,3.59978790299698,7.19957580599396,5.39968185449549,,436.914023964299,209.664315211944,254.217436716368,270.551256550959,262.410186129096,66.9046162986356,9.56857860848491,16.7450125648486,16.7450125648486,28.2128247324235,692.123565019777,243.804627073058,,207.657132447187,2.00718276475673,239.671400082525,245.811809837814,245.811809837814,207.657132447187,234.886927790682,271.039963698042,245.225544366397,232.879745025926,,232.879745025926,234.886927790682,,257.979093388331,0.604560529980503,5.85586447314666,234.886927790682,14.1064123662117,283.904189887975,245.811809837814,234.886927790682,7.15773822529662,245.811809837814,19.1371572169698,207.657132447187,0.200718276475673,2.39214465212123,1.55170536028329,243.804627073058,232.879745025926,243.804627073058,245.811809837814,,269.032780933285,232.879745025926,232.879745025926,234.886927790682,,
PL42,205.083513371573,264.213730611432,348.09165789824,263.100418680449,268.120147250217,42.8124994450664,6.64719834777365,5.06185104515984,7.08659146322377,33.2276599321853,4.04948083612787,4.04948083612787,4.04948083612787,4.04948083612787,35.7795022046239,267.859119925531,,257.996445159897,44.2882114631377,88.5764229262755,66.4323171947265,,240.56215515732,217.780834537507,278.854013336974,346.967080871337,288.361923844629,100.832661678919,24.0204312653414,42.0357547143475,42.0357547143475,142.581753611395,1495.12188977958,257.996445159897,,207.657132447187,10.1237020903197,254.297754453837,268.120147250217,268.120147250217,207.657132447187,236.891306434055,348.09165789824,266.428551739995,226.767604343735,,226.767604343735,236.891306434055,,309.879099256523,3.05532329167276,34.3152339246937,236.891306434055,71.2908768056976,306.212527300377,268.120147250217,236.891306434055,35.8122055201341,268.120147250217,48.0408625306828,207.657132447187,1.01237020903197,6.00510781633535,7.84199644862674,257.996445159897,226.767604343735,257.996445159897,268.120147250217,,337.96795580792,226.767604343735,,236.891306434055,,
PL43,187.202239382803,270.427554883537,320.667850504135,269.550652061208,273.162197571404,28.7539799906851,4.86287825417966,3.71179193950394,5.19650871530552,24.7213753710612,2.96943355160315,2.96943355160315,2.96943355160315,2.96943355160315,26.275396838776,272.409017528542,,265.738613692396,30.2883360699283,60.5766721398566,45.4325041048861,,113.7182783211,215.080716326195,273.588939568255,319.779200732598,276.673844168042,65.1534849898256,15.489713592498,27.1069987868716,27.1069987868716,104.453086445271,1288.5806155461,265.738613692396,,207.657132447187,7.42358387900788,273.552265564051,273.162197571404,273.162197571404,207.657132447187,243.507535259294,320.667850504135,271.980263686471,236.083951380286,,236.083951380286,243.507535259294,,292.083694317045,2.23828042382724,26.9432387943267,243.507535259294,52.2265432226356,311.254577621564,273.162197571404,243.507535259294,26.2906518125651,273.162197571404,30.9794271849961,207.657132447187,0.742358387900789,3.87242839812451,5.74491975448992,265.738613692396,236.083951380286,265.738613692396,273.162197571404,,313.244266625127,236.083951380286,236.083951380286,243.507535259294,,
PL51,179.201402861377,236.407931469168,285.519698055037,236.1176092986,237.852161726066,19.4874278572784,2.92751680185432,2.23754985537304,3.13256979752226,14.2357065723571,1.79003988429843,1.79003988429843,1.79003988429843,1.79003988429843,15.5079314177945,237.234846530508,,233.37706201532,17.1767950203016,34.3535900406031,25.7651925304592,,217.48081520098,212.132232157933,256.364458483784,284.9038927371,259.937988639186,54.9770360987016,12.3541103811925,21.6196931670869,21.6196931670869,63.0166192085549,1180.45620095849,233.37706201532,,207.657132447187,4.47509971074608,229.880329246484,237.852161726066,237.852161726066,207.657132447187,225.836391255392,285.519698055037,237.303417049848,221.361291544646,,221.361291544646,225.836391255392,,264.756553163961,1.3503561258976,15.7483586433626,225.836391255392,31.5083096042774,275.944541776226,237.852161726066,225.836391255392,15.5672519416033,237.852161726066,24.7082207623851,207.657132447187,0.447509971074608,3.08852759529813,3.46591405647052,233.37706201532,221.361291544646,233.37706201532,237.852161726066,,281.044598344291,221.361291544646,221.361291544646,225.836391255392,,
PL52,145.866360660743,223.014104760765,263.548342641794,222.973039442113,223.641577563382,15.5006073576836,2.92443789288672,1.25625648092054,1.75875907328876,8.19958171119325,1.00500518473644,1.00500518473644,1.00500518473644,1.00500518473644,9.32165518451245,223.272815639336,,221.129064601541,4.98220373132609,9.96440746265217,7.47330559698812,,116.058033754962,210.169645409028,241.170900342864,263.099287145703,250.645687502164,88.6661641548381,12.6707411004929,22.1737969258626,22.1737969258626,35.3556993113021,874.87840346564,221.129064601541,,207.657132447187,2.51251296184109,222.227724056487,223.641577563382,223.641577563382,207.657132447187,216.503263847695,263.548342641794,223.303045336134,213.990750885854,,213.990750885854,216.503263847695,,247.343797459371,0.75762212809933,7.92301734267712,216.503263847695,17.677849655651,261.733957613543,223.641577563382,216.503263847695,9.50345000097372,223.641577563382,25.3414822009858,207.657132447187,0.251251296184109,3.16768527512323,1.94456346212161,221.129064601541,213.990750885854,221.129064601541,223.641577563382,,261.035829679953,213.990750885854,213.990750885854,216.503263847695,,
PL61,147.414907681125,237.308193970578,273.559825254183,237.092951267501,238.800772858133,11.1785730203097,4.34666671428717,1.86451038077068,2.61031453307895,8.89457781158741,1.49160830461654,1.49160830461654,1.49160830461654,1.49160830461654,9.36504038154069,238.32495346856,,235.071752096592,4.53103723069227,9.06207446138453,6.79655584603851,,256.263010727952,211.386153208728,249.136800505468,273.041592958028,264.236802891648,90.748612164736,12.9631466247307,22.6855065932788,22.6855065932788,,994.555713561356,235.071752096592,,207.657132447187,3.72902076154135,234.364427723241,238.800772858133,238.800772858133,207.657132447187,228.792165095505,273.559825254183,237.991524460872,225.063144333964,,225.063144333964,228.792165095505,,258.016534025509,1.12601348251324,8.78781716583564,228.792165095505,,276.893152908294,238.800772858133,228.792165095505,9.44072293662495,238.800772858133,25.9262932494615,207.657132447187,0.372902076154135,3.24078665618269,2.89010127178397,235.071752096592,225.063144333964,235.071752096592,238.800772858133,,269.830804492642,225.063144333964,225.063144333964,228.792165095505,,
PL62,154.739050868202,254.21201437235,307.69777992498,253.340323329438,256.364144695121,10.0576650579094,2.66733805897351,2.0380325355823,2.85324554981522,7.304784834436,1.63042602846584,1.63042602846584,1.63042602846584,1.63042602846584,7.84668104486641,256.246418829703,,252.288079623956,4.75822836356595,9.51645672713189,7.13734254534902,,252.151270841444,211.733197518351,251.022996405909,306.895549919177,253.372697354786,30.9721369081205,6.38980335190348,11.1821558658311,11.1821558658311,57.4133890418109,1163.61203501958,252.288079623956,,207.657132447187,4.0760650711646,256.389487284154,256.364144695121,256.364144695121,207.657132447187,237.12190431041,307.69777992498,255.486186376189,233.045839239246,,233.045839239246,237.12190431041,,283.420948683054,1.2302869080388,13.257167798769,237.12190431041,28.7066945209054,294.456524745281,256.364144695121,237.12190431041,7.85817197441001,256.364144695121,12.779606703807,207.657132447187,0.40760650711646,1.59745083797587,3.1577363972996,252.288079623956,233.045839239246,252.288079623956,256.364144695121,,303.621714853815,233.045839239246,233.045839239246,237.12190431041,,
PL63,156.630885098278,252.323651831497,313.216295607171,251.931205537096,253.692506110345,12.0921407664768,3.06435418853001,2.342923585406,3.2800930195684,13.8551829032417,1.8743388683248,1.8743388683248,1.8743388683248,1.8743388683248,13.340712596966,253.598402051834,,249.006658939533,10.2514449377174,20.5028898754349,15.3771674065772,,194.711841460526,212.342979617999,266.139976555668,312.402649413075,274.639907039176,81.9352343571478,14.1937756549519,24.8391073961658,24.8391073961658,65.928621494135,1072.80731264476,249.006658939533,,207.657132447187,4.685847170812,253.869411305914,253.692506110345,253.692506110345,207.657132447187,235.412740384377,313.216295607171,253.068941445468,230.726893213565,,230.726893213565,235.412740384377,,285.969980310769,1.41275617487432,14.2574632411274,235.412740384377,32.9643107470675,291.784886160506,253.692506110345,235.412740384377,13.4141738931733,253.692506110345,28.3875513099037,207.657132447187,0.4685847170812,3.54844391373797,3.62607418217742,249.006658939533,230.726893213565,249.006658939533,253.692506110345,,308.530448436359,230.726893213565,230.726893213565,235.412740384377,,
PL71,139.177095624057,239.623566714042,252.807766835064,239.271750043362,240.277630146194,4.22507335205037,1.15512745883941,0.605408093809947,0.847571331333926,3.03035310229687,0.484326475047958,0.484326475047958,0.484326475047958,0.484326475047958,3.21113934934593,240.218009210094,,239.066813958574,1.72746058811611,3.45492117623222,2.59119088217454,,238.01472654697,208.867948634807,244.739686948136,252.469085310776,247.920694266783,30.4653496726233,4.43677312788382,7.76435297379669,7.76435297379669,17.0349134188735,897.911893799871,239.066813958574,,207.657132447187,1.21081618761989,242.590903921945,240.277630146194,240.277630146194,207.657132447187,235.536172047099,252.807766835064,239.987835488036,234.325355859479,,234.325355859479,235.536172047099,,246.569031047706,0.365033858975861,4.02383445707709,235.536172047099,8.51745670943676,278.370010196355,240.277630146194,235.536172047099,3.24731099410356,240.277630146194,8.87354625576765,207.657132447187,0.121081618761989,1.10919328197096,0.936920238038043,239.066813958574,234.325355859479,239.066813958574,240.277630146194,,251.596950647444,234.325355859479,234.325355859479,235.536172047099,,
PT11,237.183985147862,315.305517439656,337.95648104595,314.236858720557,353.564958660177,154.113772791821,5.66972213709922,1.45331506230419,3.429596712247,23.320978817335,2.55760767486449,2.55760767486449,2.55760767486449,2.55760767486449,60.4214241685562,351.852609031663,335.049850921342,350.658328535569,17.8676699230498,34.9464000847527,26.4070350039006,350.658328535569,226.097098246714,162.093300758868,340.514141663838,280.456294434912,347.065124390179,96.1333838550128,35.3757434062791,43.7799791066987,43.7799791066987,40.6928217445172,1414.33527076477,350.658328535569,2.06303989390746,159.18667063426,2.90663012460837,300.623600484166,353.564958660177,353.564958660177,159.18667063426,310.881218829175,337.95648104595,310.516653877593,307.974588704567,354.125423312914,307.974588704567,315.935451544572,,281.302408264056,0.871989037382511,70.2114029008464,310.881218829175,20.3464108722586,353.564958660177,,310.881218829175,75.6287135180615,353.564958660177,150.236552354823,179.453394241572,1.68561863748197,20.0781225581772,2.23810519594845,,,350.658328535569,353.564958660177,335.049850921342,335.049850921342,,307.974588704567,315.935451544572,195.519548659514,350.658328535569
PT15,182.68961346116,187.341442220728,197.014221529463,187.050417113255,245.388952901644,159.918654574979,4.08463939834939,1.14318052650699,2.99540836213092,34.1247846429297,2.30950004622673,2.30950004622673,2.30950004622673,2.30950004622673,89.9639630264297,240.731605601958,194.727860476449,243.10259184863,1003.32707591288,2005.8652120644,1504.59614399208,243.10259184863,21.7653752535814,148.943579979826,212.798864571185,204.194685914768,220.035706910188,73.0793772294989,34.123970503339,41.5893765265533,41.5893765265533,,3773.26651595904,243.10259184863,0.0935687619567138,146.657218926812,2.28636105301397,192.09785236522,245.388952901644,245.388952901644,146.657218926812,191.29974242044,197.014221529463,194.880302863983,,213.803432868021,189.013381367426,191.861387824656,189.013381367426,203.030330378186,0.685908315904191,84.0181537023673,191.29974242044,16.0045273710978,245.388952901644,,191.29974242044,115.726618871118,245.388952901644,147.733006548943,163.468325564867,1.62359173032253,19.7651793324422,1.76049801082076,,189.013381367426,243.10259184863,245.388952901644,194.727860476449,194.727860476449,,,191.861387824656,311.547928412999,243.10259184863
PT16,106.912859360112,182.627588619915,196.335433140624,181.887075517827,209.790038477898,138.346944768337,2.05115403206817,0.2786554714169,1.7850732850048,22.3429424287344,1.61788000215466,1.61788000215466,1.61788000215466,1.61788000215466,73.0611011971951,205.599794520288,195.77812219779,209.232727535064,25.699490760409,50.610041759471,38.154766259943,209.232727535064,126.955949575826,116.884265642001,187.305366723192,194.420859250558,191.285043555812,64.3249421619236,30.861564226897,35.8801655427799,35.8801655427799,7.8023531996732,1099.90600095672,209.232727535064,1.50726296049017,116.326954699167,0.5573109428338,170.828334792908,209.790038477898,209.790038477898,116.326954699167,176.62979077653,196.335433140624,208.783063990951,176.072479833696,214.853694589362,176.072479833696,181.560284446099,176.072479833696,193.997067799522,0.16719328285014,20.6706354929166,176.62979077653,3.9011765998366,209.790038477898,,176.62979077653,97.2347839068766,209.790038477898,141.208193996059,129.550314724262,1.45068671930452,18.9495777633317,0.429129425982026,,176.072479833696,209.232727535064,209.790038477898,195.77812219779,195.77812219779,,176.072479833696,181.560284446099,160.611976331491,209.232727535064
PT17,122.23581032979,230.39683049782,259.865473830576,230.203053695258,282.261705131698,101.98107327417,3.71162582113938,0.398096157798656,1.95229024593926,20.2723264576624,1.71343255126006,1.71343255126006,1.71343255126006,1.71343255126006,55.9042045764105,241.035265362785,259.069281514978,281.465512816101,14.7576870080041,28.7264342546612,21.7420606313486,281.465512816101,20.6381245688071,215.79730575758,230.928500137811,249.506061843146,232.268870448431,96.7769468618116,31.8672486976683,37.6401133666297,37.6401133666297,,2166.46543528917,281.465512816101,0.354495325477325,215.001113441982,0.796192315597313,218.994297378361,282.261705131698,282.261705131698,215.001113441982,216.948220937086,259.865473830576,263.072104096022,216.152028621489,278.14485390655,216.152028621489,218.469167725629,216.152028621489,246.214624537967,0.238857694679194,16.4961887741663,216.948220937086,,282.261705131698,,216.948220937086,67.5269785836237,282.261705131698,143.219562937602,219.127061475425,1.47457485658087,19.2009988810245,0.613068083009931,,216.152028621489,281.465512816101,282.261705131698,259.069281514978,259.069281514978,,,218.469167725629,241.369915376812,281.465512816101
PT18,109.153039253982,118.841414439232,122.545538986708,118.738077101248,134.931684599764,150.375841555908,2.43452029683017,0.43646368763224,2.00600478770627,21.8375797495492,1.74412657512693,1.74412657512693,1.74412657512693,1.74412657512693,102.154936799819,131.344005520298,121.672611611443,134.0587572245,52.4898333115117,104.190726861676,78.340280086596,134.0587572245,322.164791673307,102.329219104539,115.54377079926,139.788645636083,116.164459976143,53.7968077350326,28.30167896787,31.4003663394826,31.4003663394826,12.2209832537027,4831.83552008563,134.0587572245,4.53716948041875,101.456291729275,0.872927375264481,126.499606417477,134.931684599764,134.931684599764,101.456291729275,110.965821042958,122.545538986708,128.855787681007,110.092893667693,140.748184003015,110.092893667693,111.875012569811,110.092893667693,137.331248762406,0.261878212579344,55.7076629731667,110.965821042958,6.11049162685137,134.931684599764,,110.965821042958,111.041692593674,134.931684599764,136.088423478005,114.417063039433,1.48224836254758,18.3096064485749,0.67215407895365,,110.092893667693,134.0587572245,134.931684599764,121.672611611443,121.672611611443,,110.092893667693,111.875012569811,201.548555305443,134.0587572245
PT20,183.699812127927,506.217594886611,607.614086884284,501.33330214702,539.905938733559,156.849204277025,6.64167193971084,1.18312295529708,3.0543157720213,16.5765015585494,2.34316142330694,2.34316142330694,2.34316142330694,2.34316142330694,44.8427158838261,539.370664283786,605.247840973689,537.539692822965,8.70686041826709,16.6290496603076,12.6679550392877,537.539692822965,59.8150554153508,324.250325637016,422.956331650656,737.339244973993,410.237666344502,110.099387518992,35.3779451538402,43.7868201745148,43.7868201745148,33.1274427483183,1661.39814459088,537.539692822965,1.03567922754344,321.884079726422,2.36624591059416,378.088556902108,,539.905938733559,321.884079726422,399.176256069465,607.614086884284,396.810010158871,396.810010158871,,396.810010158871,406.018996393525,,674.116507080594,0.709873773178249,13.6061604515978,399.176256069465,16.5637213741591,539.905938733559,,399.176256069465,45.5508935274483,,150.244370718042,321.884079726422,1.63200707459259,20.0790998535795,1.82200935115751,,396.810010158871,,539.905938733559,,605.247840973689,,396.810010158871,406.018996393525,1620.32815436902,
PT30,63.2869564237882,353.865126541538,428.242294548192,342.758628233629,652.371020984659,239.450842356329,3.42718892500745,0.326372463436552,1.85486508341656,110.694359476099,1.65776102981852,1.65776102981852,1.65776102981852,1.65776102981852,182.604068256216,652.177486765857,427.589549621318,651.718276057786,156.157297418721,311.529923661215,233.843610541466,651.718276057786,2.39572179317187,205.700822871358,370.844608309314,360.122102405926,382.218835096775,245.915324118719,70.9048133675245,105.958839548462,105.958839548462,9.13842897622345,26.0345533913362,651.718276057786,0.020703446126755,205.048077944485,0.652744926873103,287.441012067659,,652.371020984659,205.048077944485,280.626753303807,428.242294548192,279.974008376934,,,279.974008376934,286.26472149537,,351.788324105511,0.195823478061931,10.3991115430443,280.626753303807,4.56921448811172,652.371020984659,,280.626753303807,195.744203292473,,221.29810714541,205.048077944485,1.46065697622048,28.9608169070006,0.50261359369229,,,,652.371020984659,,427.589549621318,,,286.26472149537,309.040780854511,
RO11,108.300141268512,136.415303217624,143.823450229892,136.366376207863,143.823450229892,5.39515950854465,3.04571657207684,3.2655192552529,4.57172695735406,23.8195409046848,2.61241540420232,2.61241540420232,2.61241540420232,2.61241540420232,23.0384185612467,140.273991333553,,137.292411719387,26.5143173939589,29.7798366492118,28.1470770215853,137.292411719387,268.919407277837,133.109271555289,140.844128579514,140.545497422474,142.141362173114,11.7588357646596,6.22525165133242,10.8941903898317,10.8941903898317,91.4345391470812,795.952642787692,137.292411719387,,126.578233044783,6.5310385105058,132.377549971106,143.823450229892,143.823450229892,126.578233044783,133.109271555289,143.823450229892,138.918442150044,126.578233044783,,126.578233044783,143.823450229892,126.578233044783,141.69002430271,1.95931155315174,15.2302382070856,133.109271555289,45.7172695735406,143.823450229892,143.823450229892,133.109271555289,19.8093394548462,143.823450229892,12.4505033026648,126.578233044783,0.65310385105058,1.55631291283311,5.02889965308946,137.292411719387,126.578233044783,137.292411719387,143.823450229892,,137.292411719387,126.578233044783,126.578233044783,143.823450229892,137.292411719387,
RO12,113.248633125913,139.798518058311,151.778470881678,139.678872154069,151.778470881678,8.99673508787947,4.53174478078497,4.86271464298974,6.80780050018564,29.1784668466784,3.8901717143918,3.8901717143918,3.8901717143918,3.8901717143918,28.0532268493411,146.603349399938,,142.053041595698,31.2411586849831,36.1038733279728,33.6725160064653,142.053041595698,278.300500227272,136.303662330763,148.133409743154,147.17928890471,149.324442889785,16.5172404438431,9.09848393800063,15.9223468915011,15.9223468915011,136.156010003713,904.790456299786,142.053041595698,,126.578233044783,9.72542928597949,134.28275340785,151.778470881678,151.778470881678,126.578233044783,136.303662330763,151.778470881678,145.369005398993,126.578233044783,,126.578233044783,151.778470881678,,148.849599749324,2.91762878579385,22.392505800596,136.303662330763,68.0780050018564,151.778470881678,151.778470881678,136.303662330763,25.2218091356981,151.778470881678,18.1969678760013,126.578233044783,0.972542928597949,2.27462098450016,7.48858055020421,142.053041595698,126.578233044783,142.053041595698,151.778470881678,,142.053041595698,126.578233044783,126.578233044783,151.778470881678,142.053041595698,
RO21,101.309184135262,133.041411778844,136.379065026317,132.878768340926,136.379065026317,3.5533313400231,2.03525047003076,1.73661511140632,2.43126115596885,21.1437698065441,1.38929208912506,1.38929208912506,1.38929208912506,1.38929208912506,20.1686726653021,134.099315444254,,132.905834803504,25.0812187369477,26.817833848354,25.949526292654,132.905834803504,274.874220912674,130.051463267596,133.893114025895,134.097426598296,135.105137247888,8.03771084273671,3.41076168124193,5.96883294217338,5.96883294217338,48.625223119377,581.570750569602,132.905834803504,,126.578233044783,3.47323022281264,129.145194699482,136.379065026317,136.379065026317,126.578233044783,130.051463267596,136.379065026317,133.562790911283,126.578233044783,,126.578233044783,136.379065026317,,134.7294739872,1.04196906684379,8.40048767786066,130.051463267596,24.3126115596885,136.379065026317,136.379065026317,130.051463267596,16.2338395998555,136.379065026317,6.82152336248386,126.578233044783,0.347323022281264,0.852690420310483,2.67438727156574,132.905834803504,126.578233044783,132.905834803504,136.379065026317,,132.905834803504,126.578233044783,126.578233044783,136.379065026317,132.905834803504,
RO22,104.129526973635,130.37435779565,131.444624134469,130.349631610945,131.444624134469,2.08053788817022,1.52224600408477,0.887803141343555,1.24292439788098,15.4406236998911,0.710242513074844,0.710242513074844,0.710242513074844,0.710242513074844,14.8109025250834,130.6867409208,,129.669017851782,20.4001872934718,21.2879904348154,20.8440888641442,129.669017851782,300.394748507186,128.353839327471,129.757439164342,130.17103230206,130.301406371783,3.82568268263999,1.48926933079967,2.60622132889942,2.60622132889942,24.8584879576196,522.09865715598,129.669017851782,,126.578233044784,1.77560628268711,129.869061559874,131.444624134469,131.444624134469,126.578233044784,128.353839327471,131.444624134469,130.163285588924,126.578233044784,,126.578233044784,131.444624134469,126.578233044784,130.475806114938,0.532681884806133,3.99986997006219,128.353839327471,12.4292439788098,131.444624134469,131.444624134469,128.353839327471,8.87083686321057,131.444624134469,2.97853866159934,126.578233044784,0.177560628268711,0.372317332699917,1.36721683766908,129.669017851782,126.578233044784,129.669017851782,131.444624134469,,129.669017851782,126.578233044784,126.578233044784,131.444624134469,129.669017851782,
RO31,102.829718107585,128.800855658464,129.341696642425,128.786926922861,129.341696642425,1.15804958734222,0.823000764250327,0.507017961775184,0.709825146485257,9.88386024464508,0.405614369420147,0.405614369420147,0.405614369420147,0.405614369420147,9.60385094457308,128.94657828116,,128.327660718875,12.7381851144186,13.2452030761938,12.9916940953076,128.327660718875,309.850746988033,127.592268968334,128.630703745776,128.854922247841,128.87322638519,2.34941012496573,0.917997336162536,1.60649533828444,1.60649533828444,14.1965029297051,490.612934856591,128.327660718875,,126.578233044783,1.01403592355037,128.228465519113,129.341696642425,129.341696642425,126.578233044783,127.592268968334,129.341696642425,128.80006954542,126.578233044783,,126.578233044783,129.341696642425,126.578233044783,129.032404058235,0.30421077706511,2.43704957604552,127.592268968334,7.09825146485257,129.341696642425,129.341696642425,127.592268968334,6.54879354866082,129.341696642425,1.83599467232507,126.578233044783,0.101403592355037,0.229499334040634,0.780807661133783,128.327660718875,126.578233044783,128.327660718875,129.341696642425,,128.327660718875,126.578233044783,126.578233044783,129.341696642425,128.327660718875,
RO32,98.0661391630373,133.986257401943,135.55556681232,133.570160175637,135.55556681232,2.80825931337731,2.27266533467498,1.32877199142331,1.86028078799264,4.97352796961196,1.06301759313865,1.06301759313865,1.06301759313865,1.06301759313865,4.7860992504225,134.692129309246,,132.898022829473,5.06518597800106,6.39395796942438,5.72957197373496,132.898022829473,12.4231019770091,129.23577702763,129.663786925195,134.419916593234,129.7258540164,3.202138622241,1.25904838864666,2.20333468013166,2.20333468013166,37.2056157598528,427.697766843384,132.898022829473,,126.578233044783,2.65754398284663,128.503654953364,135.55556681232,135.55556681232,126.578233044783,129.23577702763,135.55556681232,134.11142205509,126.578233044783,,126.578233044783,135.55556681232,,134.810439965738,0.797263194853988,6.0704107900885,129.23577702763,18.6028078799264,135.55556681232,135.55556681232,129.23577702763,4.26928847006464,135.55556681232,2.51809677729332,126.578233044783,0.265754398284663,0.314762097161665,2.0463088667919,132.898022829473,126.578233044783,132.898022829473,135.55556681232,,132.898022829473,126.578233044783,,135.55556681232,132.898022829473,
RO41,105.232419585155,130.868572961891,132.219375295854,130.85310783283,132.219375295854,1.8625509974503,1.20007858719246,1.04020528749972,1.4562874024996,16.7930161134575,0.832164229999774,0.832164229999774,0.832164229999774,0.832164229999774,16.0761396274854,131.362653853088,,130.138964720854,20.8080707378555,21.8482760253552,21.3281733815973,130.138964720854,222.42053614584,128.658643619783,131.261669840399,130.822737293746,131.555150232309,4.69796315242042,1.99076687501031,3.48384203126803,3.48384203126803,29.1257480499921,588.596250017125,130.138964720854,,126.578233044783,2.08041057499943,130.478826684831,132.219375295854,132.219375295854,126.578233044783,128.658643619783,132.219375295854,130.652300343797,126.578233044783,,126.578233044783,132.219375295854,126.578233044783,131.19571162436,0.62412317249983,5.01289974498045,128.658643619783,14.562874024996,132.219375295854,132.219375295854,128.658643619783,11.3650335062445,132.219375295854,3.98153375002061,126.578233044783,0.208041057499943,0.497691718752576,1.60191614274956,130.138964720854,126.578233044783,130.138964720854,132.219375295854,,130.138964720854,126.578233044783,126.578233044783,132.219375295854,130.138964720854,
RO42,108.563769927078,134.194555834788,138.933285843184,134.096917636545,138.933285843184,4.41870283039943,2.16636020211644,2.31922416851516,3.24691383592122,20.5196812212449,1.85537933481213,1.85537933481213,1.85537933481213,1.85537933481213,19.8172223910839,136.427317132233,,134.294837506154,24.9612542239308,27.2804783924459,26.120866308189,134.294837506154,237.700764255388,131.216681381814,136.912725085905,137.14838387847,137.592122706856,8.24483488416234,4.40555586482919,7.70972276345107,7.70972276345107,64.9382767184244,780.068445268959,134.294837506154,,126.578233044783,4.63844833703031,129.449857963041,138.933285843184,138.933285843184,126.578233044783,131.216681381814,138.933285843184,135.48557567903,126.578233044783,,126.578233044783,138.933285843184,126.578233044783,137.867168805656,1.39153450110909,10.294667362082,131.216681381814,32.4691383592122,138.933285843184,138.933285843184,131.216681381814,14.6632070575884,138.933285843184,8.81111172965837,126.578233044783,0.463844833703031,1.1013889662073,3.57160521951334,134.294837506154,126.578233044783,134.294837506154,138.933285843184,,134.294837506154,126.578233044783,126.578233044783,138.933285843184,134.294837506154,
SE11,294.568133058636,350.769450426669,236.271014505751,349.924846888656,236.271014505751,,,,,,,,,,,236.271014505751,,236.271014505751,,,,,35.7107543367434,236.271014505751,495.044827496725,236.271014505751,396.342917657387,,,,,,16772.4550046443,236.271014505751,1.05133965801357,236.271014505751,,236.271014505751,236.271014505751,236.271014505751,236.271014505751,531.699490810593,236.271014505751,236.271014505751,236.271014505751,,236.271014505751,236.271014505751,,236.271014505751,,,236.271014505751,,236.271014505751,236.271014505751,,,236.271014505751,,236.271014505751,,,,,236.271014505751,,236.271014505751,,,,,236.271014505751,,236.271014505751
SE12,307.093888103966,408.916663817,302.20168667015,407.502027045611,302.20168667015,,,,,,,,,,,302.20168667015,,302.20168667015,,,,,351.549458072291,302.20168667015,602.792304229957,302.20168667015,552.678276205162,,,,,,13454.0025684137,302.20168667015,12.2159164591869,302.20168667015,,302.20168667015,302.20168667015,302.20168667015,302.20168667015,621.377707514805,302.20168667015,302.20168667015,302.20168667015,,302.20168667015,302.20168667015,,302.20168667015,,,302.20168667015,,302.20168667015,302.20168667015,,,302.20168667015,,302.20168667015,,,,,302.20168667015,,302.20168667015,,,,,302.20168667015,,302.20168667015
SE21,264.840483062626,446.985924389431,215.559817229783,446.108280412552,215.559817229783,,,,,,,,,,,215.559817229783,,215.559817229783,,,,,226.783891714613,215.559817229783,507.767924436422,215.559817229783,409.165299961024,,,,,,10698.2742663498,215.559817229783,5.75352461787044,215.559817229783,,215.559817229783,215.559817229783,215.559817229783,215.559817229783,595.671714748205,215.559817229783,215.559817229783,215.559817229783,,215.559817229783,215.559817229783,,215.559817229783,,,215.559817229783,,215.559817229783,215.559817229783,,,215.559817229783,,215.559817229783,,,,,215.559817229783,,215.559817229783,,,,,215.559817229783,,215.559817229783
SE22,229.813129887179,351.717709184,285.09345021945,350.282224905721,285.09345021945,,,,,,,,,,,285.09345021945,,285.09345021945,,,,,212.238294388366,285.09345021945,551.184174745684,285.09345021945,546.891999350564,,,,,,8443.84098402894,285.09345021945,7.79852895191166,285.09345021945,,285.09345021945,285.09345021945,285.09345021945,285.09345021945,565.748287717346,285.09345021945,285.09345021945,285.09345021945,,285.09345021945,285.09345021945,,285.09345021945,,,285.09345021945,,285.09345021945,285.09345021945,,,285.09345021945,,285.09345021945,,,,,285.09345021945,,285.09345021945,,,,,285.09345021945,,285.09345021945
SE23,267.998488973289,417.000210458906,293.807328985559,415.286365297265,293.807328985559,,,,,,,,,,,293.807328985559,,293.807328985559,,,,,295.992941924369,293.807328985559,578.22193382796,293.807328985559,470.867205251473,,,,,,10834.8960131915,293.807328985559,9.60522243380094,293.807328985559,,293.807328985559,293.807328985559,293.807328985559,293.807328985559,620.53125084273,293.807328985559,293.807328985559,293.807328985559,,293.807328985559,293.807328985559,,293.807328985559,,,293.807328985559,,293.807328985559,293.807328985559,,,293.807328985559,,293.807328985559,,,,,293.807328985559,,293.807328985559,,,,,293.807328985559,,293.807328985559
SE31,327.644032079424,468.792150204021,198.445269683357,467.657243276553,198.445269683357,,,,,52.8699797172446,,,,,31.008160325713,198.445269683357,,198.445269683357,157.654789056924,94.5888621586861,126.12182560781,,119.700563965506,198.445269683357,583.562452633372,198.445269683357,366.315569186466,,,,,238.028146577633,15804.7624045793,198.445269683357,2.05211350809518,198.445269683357,,198.445269683357,198.445269683357,198.445269683357,198.445269683357,618.181446820339,198.445269683357,198.445269683357,198.445269683357,,198.445269683357,198.445269683357,,198.445269683357,0.875822214298353,9.29741025728126,198.445269683357,,198.445269683357,198.445269683357,,30.3332495835411,198.445269683357,,198.445269683357,,1.89848030972728,4.7264456932306,,,,198.445269683357,,,,,198.445269683357,,198.445269683357
SE32,405.71949889932,576.937649880926,139.742163925949,576.063764770713,139.742163925949,,,,,343.977960532119,,,,,220.82519205779,139.742163925949,,,842.453108117067,505.45092129726,673.952014707163,,60.929928356742,,546.619140875769,139.742163925949,228.45490936242,,,,,827.923988096116,19573.291138703,,0.554640627495404,139.742163925949,,139.742163925949,139.742163925949,139.742163925949,139.742163925949,648.646920577067,139.742163925949,139.742163925949,139.742163925949,,,139.742163925949,,139.74216392595,4.38472531645522,38.5663175642217,139.742163925949,,139.742163925949,139.742163925949,,215.661708103897,139.742163925949,,139.742163925949,,5.0131745678736,16.8019380436185,,,,139.742163925949,,,,,139.742163925949,,139.742163925949
SE33,439.36193811951,511.919909530992,140.293945654166,511.076366218587,140.293945654166,,,,,502.181240414097,,,,,389.564343054116,140.293945654166,,,1089.43832179489,653.636814998651,871.537568396777,,67.1147596927667,140.293945654166,602.131428925574,140.293945654166,378.210422668882,,,,,827.923988096116,18629.604819049,140.293945654166,0.685185408464397,140.293945654166,,140.293945654166,140.293945654166,140.293945654166,140.293945654166,634.901655721221,140.293945654166,140.293945654166,140.293945654166,,,140.293945654166,,140.293945654166,5.00790650739828,41.2816120679479,140.293945654166,,140.293945654166,140.293945654166,,380.453199467972,,,140.293945654166,,5.280148361429,19.48217858917,,,,140.293945654166,,,,,140.293945654166,,140.293945654166
SK01,201.62643109225,232.899053943771,249.929094488392,229.582416288902,239.565635489222,187.7110025688,15.0877346051622,4.87699824950136,11.4537857501058,175.452978818009,6.54502042863188,6.54502042863188,6.54502042863188,6.54502042863188,176.552400073686,235.583771441273,,229.811638990219,176.075235354994,265.163207722458,220.619221538497,229.811638990219,18.8642224882792,201.478257271402,308.008098598306,195.117165018244,462.858454925897,,,,171.166547783966,136.555950986038,4556.87789413399,229.811638990219,,191.724260772399,9.75399649900272,203.733379698098,239.565635489222,239.565635489222,191.724260772399,232.244191319547,249.929094488392,234.365512453808,,,222.490194820545,232.244191319547,,197.768381529349,2.92619894970082,22.294039512541,232.244191319547,68.277975493019,239.565635489222,239.565635489222,232.244191319547,177.026746664094,239.565635489222,195.618911753104,191.724260772399,1.63625510715797,24.452363969138,7.5105773042321,229.811638990219,222.490194820545,229.811638990219,239.565635489222,,240.175097989389,222.490194820545,,232.244191319547,191.724260772399,
SK02,180.194255895471,213.437799849638,214.047907397409,212.27890362498,216.617319229006,54.3984604902386,7.00693584091674,2.89113343571631,4.70723726193754,137.217344471838,2.68984986396431,2.68984986396431,2.68984986396431,2.68984986396431,128.818258825179,214.458925668875,,210.835052357574,150.120961320118,207.588462868607,178.854712094399,210.835052357574,192.581428402576,197.506527643832,280.610581090557,195.856762045847,388.972081191159,,,,121.235252931367,80.9517362000568,4171.90066854612,210.835052357574,,191.7242607724,5.78226687143263,199.146006560914,216.617319229006,216.617319229006,191.7242607724,212.309063431159,214.047907397409,213.859649438998,,,206.526796559726,212.309063431159,,199.106142534589,1.73468006142979,18.4010582268305,212.309063431159,40.4758681000284,216.617319229006,216.617319229006,212.309063431159,129.415205528805,216.617319229006,138.554574778705,191.7242607724,0.672462465991077,17.3193218473381,4.45234549100313,210.835052357574,206.526796559726,210.835052357574,216.617319229006,,208.265640525976,206.526796559726,206.526796559726,212.309063431159,191.7242607724,
SK03,278.63854433875,315.077498988958,304.927528068086,301.933255355979,330.735252620052,36.7076665277887,10.0995737256011,5.34078768332667,11.4527251540212,138.142833087395,6.54441437372641,6.54441437372641,6.54441437372641,6.54441437372641,121.811135971372,328.91071510151,,320.053677253399,164.388752697768,240.861148403092,202.62495055043,320.053677253399,154.01367819408,202.405836139053,335.01441236548,228.760239366538,340.305357967926,,,,35.63379938065,149.542055133147,10193.0875839653,320.053677253399,,191.724260772399,10.6815753666533,212.757328584205,330.735252620052,330.735252620052,191.724260772399,309.794203644351,304.927528068086,324.755044257317,,,299.112628277698,309.794203644351,,252.295517915692,3.204472609996,39.4450146846076,309.794203644351,74.7710275665734,330.735252620052,330.735252620052,309.794203644351,104.816706355404,330.735252620052,40.7243421493143,191.724260772399,1.6361035934316,5.09054276866428,8.22481303232307,320.053677253399,299.112628277698,320.053677253399,330.735252620052,,294.245952701433,299.112628277698,299.112628277698,309.794203644351,191.724260772399,
SK04,248.74163769475,267.584422027309,266.430972110333,265.46826218378,275.383649104082,42.1206040510453,6.28297817797791,4.54050705660541,6.8018826739529,154.91295035807,3.88679009940166,3.88679009940166,3.88679009940166,3.88679009940166,128.686362752447,273.637573266269,,266.302634990871,211.679919289657,330.3999821545,271.039950722079,266.302634990871,191.518705985014,200.80527488561,302.943469724308,222.253663223983,315.204566401606,,,,41.064050178047,127.134197584952,7859.0804874201,266.302634990871,,191.724260772399,9.08101411321083,226.670012661914,275.383649104082,275.383649104082,191.724260772399,265.912365203342,266.430972110333,270.246240302998,,,256.831351090131,265.912365203342,,238.167422614246,2.72430423396325,31.1582287395271,265.912365203342,63.5670987924758,275.383649104082,275.383649104082,265.912365203342,116.630708371226,275.383649104082,46.9303430606252,191.724260772399,0.971697524850414,5.86629288257815,6.99238086717234,266.302634990871,256.831351090131,266.302634990871,275.383649104082,,257.349957997122,256.831351090131,256.831351090131,265.912365203342,191.724260772399,
