model_region,AGGT,APPL,ARAB,BARL,BEFM,BULF,BULH,BULL,CACR,CAFF,CAFR,CAMF,CAMR,CATA,CERE,CITR,CORN,DCOH,DCOL,DCOW,DWHE,FLOW,FODD,FPEG,HEIF,HEIH,HEIL,HEIR,HENS,MAIF,NURS,OAR1,OATS,OCER,OCRO,OFAR,OFRU,OILS,OIND,OLIV,OOIL,OVEG,PARI,PERM,PIGF,PKPL,POTA,POUF,PULS,RAPE,ROOF,RUMI,RYEM,SCOW,SHGF,SHGM,SOWS,SOYA,SUGB,SUNF,SWHE,TABO,TAGR,TEXT,TOBA,TOMA,TWIN,UAAR
AT11,1.87125926071153,48.4617017172802,1.9990075789994401,4.94813026376429,1.4781237371784,2.59717088647855,0.406750283266056,0.271166855510704,1.7488945390253,0.12200961745534801,1.0,0.12180598010675099,1.0,1.6945690360702899,0.812095639160731,,9.08777902925075,8.60353019338384,5.16415986668624,6.883845028707911,4.01568592565732,535.256273301875,0.407476592146327,,1.98662852158023,0.396776744367278,0.26451782957818604,1.0,18.9106344930036,41.942529384190294,32.5040463882969,1.92512239083182,3.54226860479843,3.43685851261328,5.515390932131361,11.4171956189551,33.1567967907368,1.13609455942062,58.4554310098966,,0.763329305955506,39.2909977793717,,14.102342861389,0.105215924669088,1.69875012440486,34.212152825554,2.13349792713489,1.9722290556850801,2.79801964726905,52.8755334998921,1.68159569254473,3.70857304253218,0.501816919747664,0.0208931730633448,0.08494045801174871,18.5810322966181,2.58673863378902,69.3954936095324,2.64672397961016,4.550800642489761,,,3.80167672319413,3.60546211605813,304.94856971285606,4.9863300996069,1.91199403455966
AT12,1.67289892488849,48.2962508902533,1.9042781839950802,5.13213157734106,1.69869889463354,2.68415943860687,0.406731002797159,0.271154001864773,1.88199039137312,0.122009689902859,1.0,0.121797874985947,1.0,1.82920125879114,0.825640052460834,,10.0878125864709,8.01364354033055,4.81012224341512,6.4118828919195305,4.56686636561054,535.247540244138,0.472240935487733,,2.0350266701482997,0.39682139444633496,0.264547596297557,1.0,18.9127384388491,53.2074259164534,32.5125695156164,2.77921346090345,3.58584801863742,3.44246828949719,8.836622125654099,14.4812094661846,33.122877722446695,1.20938771293394,38.468558731348296,,0.7653580261935751,39.3165041392229,,16.1373295233,0.105209584342891,1.5443698690264,30.933046061977798,2.1335041220567,2.2542897116703897,3.00223029554501,65.6208143961061,1.81037199505955,4.39074257562125,0.502094129254587,0.0208918521382053,0.08485543009124061,18.5777035066702,2.86532696280218,71.6269613588242,2.7961748412602603,5.08148513125396,,,3.81012117438513,4.10680127111144,304.851771103299,4.98438194383069,1.65472450150345
AT21,1.01444506035077,44.4910899739981,1.68780230158341,5.87423026639408,0.714039500690751,1.7308938609781002,0.406755083817896,0.271170055878597,1.81404245791528,0.12201022569168199,1.0,0.121800337813225,1.0,1.29655808749493,1.245557463668,,12.3728192540174,7.71743140659627,4.6323176177445005,6.17487451217088,4.658410835634211,535.361457107467,0.293929327487784,,1.4502350924944898,0.396861977780708,0.264574651853805,1.0,18.905218478583702,48.7665585709726,32.6332396642988,7.30820306368369,3.63929511976325,3.4948648990005298,10.981563567188699,13.236986087093001,32.5472171319214,1.2560735694402299,,,0.7865977858935029,39.5868154563172,,23.704577010248798,0.10520383558263001,1.8492320174593202,23.3178717663303,2.13346547181023,3.57483926063114,2.77544188896343,59.7909077722254,1.2926066345741598,4.85498340639442,0.501974770816252,0.0208922534695707,0.08487099142445101,18.5756832229559,3.06000466949449,61.4206770457315,2.16591611623446,6.0609327083650895,,,3.79828387493605,3.2451431298840197,303.597375674359,4.97593522127428,0.6323317458590779
AT22,1.41015852960883,44.6125382100866,2.4951990898221603,6.10790371802559,1.13939997774839,2.02158375727015,0.40674942273417003,0.27116628182277996,1.9261301536932498,0.122009643451229,1.0,0.121798305506106,1.0,1.64324547937631,1.3695866715318301,,12.7188367122816,8.0205956171581,4.81428483567326,6.41744022641443,4.8524436092581,535.271606758454,0.3426030869512,,1.7533229069813998,0.396836046514457,0.264557364342972,1.0,18.9060314503375,56.3057919603878,32.6291041060151,5.1083481052114,3.63676180261247,3.49293120468531,7.4885186089334805,15.3946775810281,32.566499865374496,1.20128157538701,,,0.742248137188024,39.5771522046112,,21.3215908220095,0.105187530359344,1.58800650029605,28.246928216179,2.13350093830606,2.68052009618071,3.56184750898592,68.9639624420618,1.62813537226587,4.05424742530641,0.501921408265662,0.0208923212717189,0.08488972577632739,18.5729044771121,3.4830296413108397,65.5978996009029,2.67546553624645,6.425621549208969,,,3.79796254955454,4.14138421185698,303.640496356546,4.9677956149041105,1.14197653313776
AT31,1.31840689909987,56.7136312073812,1.2745067636435001,6.8364278717917895,1.7170808212562598,2.6329578855627003,0.40673880051959704,0.271159200346398,1.98605930492439,0.12200995295354601,1.0,0.121801913882063,1.0,1.91324394864345,1.084672699935,,11.0155003715366,8.05575911142233,4.83540332707949,6.44558121925111,3.23854574947806,538.240133876923,0.448262836301152,,2.01492820918772,0.39677707636288395,0.264518050908589,1.0,18.914191061619302,55.0462374421247,32.2781870868535,2.27282813023819,3.5900977453761,3.3534356185377803,6.07618196140818,15.218664426428301,34.2996130146003,1.2804489673292,43.4492497806555,,0.745250409782064,38.8227164518221,,28.1598821955467,0.10520043323290901,1.4073240812566101,30.2595212489979,2.13352509144536,2.5853614569360897,3.8559965218830796,72.2100949034546,1.89578510126698,4.661101392448041,0.502268125846199,0.020892935335433103,0.0849372464368411,18.5766972113185,3.09247282561443,84.2074228084911,2.2404912161535697,6.73340568737822,,,3.90423266413916,2.55566577376144,307.308349381374,5.01972112589999,0.825513054508856
AT32,0.987328867835046,44.2581740415369,4.8837483133465405,4.7263395731779205,0.869731079589379,1.6359823348759501,0.406738056677639,0.271158704451759,1.82669206231869,0.122009664316317,1.0,0.121810976654664,1.0,1.5733056022037,0.547418758561946,,10.329428030317,7.31085880436597,4.388277792664909,5.8495682985153,4.55286824319228,533.91055998504,0.27423341433854304,,1.37915973547594,0.39683540149581104,0.264556934330541,1.0,18.9361765107646,44.7010183772038,32.6302552264108,8.336025264311012,3.60450109150695,3.48765179088819,8.982586646848889,12.1167527792508,32.5424882221739,1.61538314320163,,,3.21019200802655,39.560168739465595,,26.5762163680088,0.105346841617226,1.6276556804116402,26.6357695974011,2.13346204478271,3.38278122674387,3.1669166746267,59.702345277740896,1.56226513307874,4.0951658951238805,0.502112268044004,0.0208938551239808,0.0850096004129946,18.5747527354197,2.92400062563152,,2.68998553530758,5.31096735905259,,,3.76897515961705,0.7046303261088329,303.65060004885305,,0.550795568174105
AT33,0.883455096097208,42.2252355038311,4.445107049074459,4.85185844725216,0.9337355240568109,1.51477525815072,0.406747219997356,0.27116481333157,1.82265377144428,0.12200939362117699,1.0,0.121809104662514,1.0,1.61817302180628,0.514629050247118,,10.243171294125599,7.37870331916471,4.42900063713091,5.90385197815438,3.9343249617166496,533.780559745065,0.212113114693667,,1.2211103039879698,0.396790760296774,0.264527173531183,1.0,18.915014893223802,33.412985606512706,32.694705887676996,4.27896846461087,3.59993169398188,3.51490518922352,6.63888240652003,9.25705326559353,32.2340851883885,0.953197864949061,,,2.09638825002539,39.700487647458104,,24.819607626428397,0.105390221548243,1.4810275469137801,28.1569817766963,2.13357489013633,0.855116254866806,,44.60582381369,1.59055950753518,4.278332522832891,0.5019889977005619,0.020891671506973002,0.0848430899733554,18.5588095243412,2.53435766714648,,1.00599516228944,4.31844833809575,,,3.75984089998519,0.6693103574731071,302.993106107709,5.0020050397703795,0.448348943085772
AT34,1.0359863334746,42.8937294456636,5.32446947372312,5.0169877962518505,0.996374355759047,1.51489213228815,0.40671991317960904,0.27114660878640595,2.0045134367824002,0.122009834378664,1.0,0.12180286165674499,1.0,1.79019454517756,0.514891700722814,,9.791290375794329,8.214753266692808,4.93082411152823,6.57278868911065,3.99436541092804,533.843834815765,0.23971496443360102,,1.27586006451912,0.396809846134784,0.264539897423189,1.0,,37.0846767962999,32.6751421766849,6.20404816848774,,3.5076322648401903,6.25080215379662,10.271864880793,32.3306910873383,,,,,39.6613602192248,,35.4104464644045,0.10466067360296201,1.40470188462317,22.9014450174732,,2.02524028270924,,52.0088769273153,1.77156124796822,2.83600117068772,0.501997088991697,0.0208917928849193,0.084849454620852,18.588745769086998,,,,3.26736217076313,,,3.76749212994234,0.682187903498666,303.188216956671,5.00570014480091,0.539768826376074
BE21,1.75953338404017,30.1506241392781,3.1888466438823797,4.728076909164219,0.930501407269144,2.33324518228323,0.434197198840913,0.289464799227275,2.16876665004451,0.149566814806262,0.999999999999967,0.122501830596858,1.00000000000027,2.02303360936328,1.08220546400059,,7.4058245015996,10.5970067706577,6.35728439990339,8.47714558454614,,138.066053418438,0.939190048394237,,1.59272297144614,0.507204310730076,0.338136207153373,1.00000000000023,17.9538004549769,44.1572017533214,163.423972308711,5.86381201810483,4.84287788533458,3.22067255915213,13.251243714858399,23.9874276516684,32.8685349056546,2.98203006018662,21.7964660013002,,3.0540838886472903,25.743729332610098,,34.2558577402673,0.0996179199563768,1.434090538894,41.5390900852498,1.71678936019292,3.08617803758699,3.31877974581739,76.8959701376777,2.0295967072316903,3.4445304999362403,0.5231917811282379,0.0195185988894465,0.0951109417029702,25.0189908716194,,188.08696558220203,,6.2316288498251495,,9.61277844004599,5.256773659512469,,432.216181047243,8.446764332714931,2.35270237877723
BE22,2.19091863038481,30.362704255608,4.6061292279862,6.843326666883501,0.7584266351731971,1.9930202535475101,0.434314749850632,0.28954316656709,2.03959673343041,0.149549376493046,0.999999999999966,0.122591639543247,1.00000000000027,1.79417261744702,1.15102109533123,,8.46527312504886,10.5691639180247,6.34057591604006,8.45486992056893,,138.033675278918,0.8642358480064191,,1.35840839154802,0.507205269771021,0.338136846514001,1.00000000000023,17.996063731878998,42.674548457805,163.483032189086,4.14271948512026,4.8222389337391,3.22096768756248,13.2568362474655,23.5368782279312,32.8948772878314,2.5832348910423697,22.6005648203104,,2.2243654531849804,25.7497352992274,,21.1332326029584,0.0996025300323751,1.4220850411733599,47.547180474251,1.71579972954488,3.51384208070289,3.76321974440892,74.3084737347952,1.8017230289978299,3.40481667774275,0.5230888904358649,0.0195288963383157,0.09536173260959209,25.0180234905494,,80.883453702389,,7.623764540049771,,9.613667963781019,5.27013600915434,3.39780798924772,432.21676391533305,8.45291297151775,3.69063611319099
BE23,1.7581352628336,30.1094832905943,3.93458457536381,7.0796129679699895,0.8364911294012359,2.3592033531328402,0.434127183367332,0.289418122244888,1.91313969401654,0.149531931989685,0.999999999999966,0.122534574111372,1.00000000000027,1.60650840609098,1.2850259183558201,,9.25922338278268,9.96440515697347,5.977774806436281,7.97108998219544,,131.040939866787,0.981886240063821,,1.61024686835973,0.507165873547125,0.338110582364747,1.00000000000023,17.9525719651432,51.115745536184896,163.52727035884698,5.06933025722781,4.8112852800970805,3.22231349712427,13.2327598990515,27.525247797642802,32.819891343830996,2.5729684439519303,21.727499061093802,,2.20140609802315,25.768746111389397,,25.9726899505164,0.099579768417319,1.26651410725592,38.268588488759505,1.71752252057106,4.26465255461601,2.9708216078988596,88.507547202268,1.6143232086625001,4.18583447535256,0.5235180443203621,0.019539918370931803,0.0954060508794539,25.017924362065603,,98.177492797068,,7.74296842087646,,9.61833322754633,5.26332652395692,3.39994582381645,432.135090625801,8.4067359840404,2.89337519808352
BE24,2.09307722489276,30.392541529455,3.62863611163054,7.12799112975528,0.671166963182896,2.12243871920791,0.434256488516648,0.28950432567776396,1.89046626658354,0.149554457545857,0.999999999999965,0.122660091324569,1.00000000000027,1.51081772217077,1.24093813817253,,9.88628989507371,10.2749954307001,6.16409406787756,8.219544756168359,,138.06439888832898,0.9028410004945361,,1.4490045544704302,0.507219317525875,0.33814621168392,1.00000000000023,17.4800687821697,48.818977978282,163.392755189914,4.31383479880033,4.812998441032519,3.21955031050052,13.2487185652031,26.7753120202984,32.935902535700905,3.56655469916564,21.771875085075298,,1.3519926936726099,25.728194541270202,,20.666721197661797,0.09954820861280071,1.29134865124933,43.143104291744606,1.7194189173165602,3.53169344152921,4.02740416679545,85.85483386093449,1.52184906718388,4.3514945706841,0.5234994998246421,0.019534683160479,0.0953798845532651,25.0170047370787,,72.6800474494804,,7.53137799582523,,9.60891115538061,5.264151935881819,3.39986763782864,432.286371418993,8.48702779871944,2.972965486012
BE25,1.6670588317159099,30.346535978611797,4.82359927975191,7.8657247222884195,0.840289537713346,2.67540511916777,0.434140956500853,0.289427304333903,1.95506742879261,0.149532942741333,0.999999999999966,0.122516174921839,1.00000000000027,1.62582306694345,1.3105644106843,,10.731599393032,10.4263196296476,6.25487889980856,8.34059926251644,,138.053836876404,1.10188453276928,,1.74668572771451,0.507257604676544,0.338171736451017,1.00000000000023,17.983727145006,56.6974103982857,163.475802854727,5.055893185531639,4.811818312387469,3.22090474369909,13.2022233840435,30.6625461465566,32.893903579965105,4.00372315707163,30.266631835062398,,1.84315767522588,25.7486602308935,,21.0651187780669,0.0995908710193175,1.21356384754545,38.9684466131562,1.71607932869501,4.40378691688895,4.98990019357531,96.9406277099392,1.63276492827621,3.0268360136295502,0.523514367859369,0.0195404814451674,0.0953937994924519,25.0187873460007,,69.08182453724571,,8.1386993776304,,9.6134629501221,5.268898083209799,,432.21864595885705,8.4533675490752,3.79386119881043
BE31,2.5862034149559,29.8244765417841,3.7227786404809797,7.22929087743807,0.870923265731593,2.72670327205619,0.43407121353275696,0.28938080902183705,1.81662351241612,0.14953586024744497,0.999999999999965,0.122748041953322,1.00000000000027,1.50910836740127,1.1651239686402701,,9.786993774541779,10.4299097601641,6.257005455378611,8.34345759896,,138.033954163116,1.06084036700379,,1.7854594908935901,0.50727395636636,0.338182637577566,1.00000000000022,17.8134723412644,56.486169531836204,163.346059575187,4.24880141869126,4.82949483531186,3.21979587815544,13.1972029654792,30.890030273818,32.8629331808395,3.79350491273146,23.1853467632091,,1.4855042463311499,25.7299810442349,,20.008305941613003,0.0995691827487802,1.80025187699814,43.3691848973142,1.7158610209192,5.0286027861684195,4.303403053879579,100.27719181917901,1.51413129567091,3.29899743633315,0.523235675930661,0.0195047917297145,0.0950572413574267,25.0158780187384,,74.345173911526,,7.81841320844824,,9.609895092784791,5.24637314756729,3.39756710439573,432.251132131988,8.46072050189649,3.3766268382063
BE32,2.0203600473323298,30.22076085562,3.42541207228814,7.22876532040062,0.665225248690743,2.31624292524874,0.434166936600389,0.289444624400264,1.7946175116260599,0.149540595820395,0.999999999999966,0.122567453138429,1.00000000000027,1.4603020407286,1.13391831418882,,9.79331232627844,9.63959638681417,5.7829174163953,7.71125690160475,,138.096974405665,0.9391858433849181,,1.58107763591085,0.5071667110778479,0.338111140718562,1.00000000000023,18.017826460414998,55.266733380856905,163.449179185648,4.2175579657330395,4.8918065121663705,3.22025084648311,13.1745568015154,29.4390450706915,32.9137053096346,3.45689202343426,23.224115948047803,,0.71581097686382,25.739355924924197,,19.6193645594446,0.0996016960945722,1.6366364666591602,40.3981972618233,1.7156155877150199,3.96406161898603,3.88808960595793,92.94875071637551,1.4650164203414,3.3470501702833797,0.523627875869131,0.0195177140249055,0.09519422367278131,25.0167109624824,,73.7151697328068,,7.6319969776196,,9.611223971340191,5.27047088939709,,432.256383443909,8.474057444051061,2.68034309852051
BE33,1.74606027521903,30.3014413439382,3.3261745129855798,6.96864739408617,0.7414288474489951,1.8601005923548501,0.434175111090056,0.289450074060035,1.96233632401144,0.14953582100292498,0.999999999999966,0.122529404809002,1.00000000000027,1.67001042696019,1.13853963536383,,9.92319494287243,10.3706649513155,6.22149648617728,8.29608071731532,,138.060752251255,0.836920239727306,,1.32743789903543,0.507220861664842,0.338147241109929,1.00000000000023,18.0477869820942,55.8049159171879,163.344348360051,4.05566897361666,4.85879988542146,3.2184841959907797,13.2221274071578,30.623753602505598,32.9712756460803,3.50702260128376,21.5108237450955,,0.784821459828565,25.7128073910731,,19.6567729789327,0.0995790123627158,1.7326512437194799,45.2233256522202,1.71476929914769,4.04260386231878,4.15311085336874,96.8196579376296,1.67446529459835,2.9359820331167,0.523521405726399,0.0195278254497738,0.0952687800286649,25.0184376576214,,76.6900203711622,,7.8260913402339405,,9.605308744125859,5.26536310069234,3.39938096255506,432.34599391665404,8.51904539242025,1.8468041719095099
BE34,1.23477632342487,29.9806961548643,3.06626760029324,5.20194266260343,0.435161212382163,1.68473349781252,0.434032239457009,0.289354826304671,1.65661214966793,0.149546375564333,0.999999999999967,0.12259505655198,1.00000000000028,1.11584211658036,0.7090986742455879,,7.9159077050169095,9.64751084066835,5.78760817933289,7.717559509999069,,138.037823418558,0.754164128624543,,1.32742481816335,0.507200257452919,0.338133504968598,1.00000000000022,17.9666493731053,45.7159500941839,163.40162697336598,1.7735073618128698,5.18990542234925,3.22019292331358,,24.873919386252698,32.8774035559227,3.5063312241480697,22.5362251302025,,,25.736993795985903,,19.5488135731576,0.09960479660229861,2.20858898672451,29.253424646381802,1.7141977830881898,4.94092377453687,3.9055902921159,80.4559707701854,1.12358623304602,3.9175607456709,0.523550054109768,0.019524439373509,0.09526125676232959,25.020974614192,,203.842808841342,,5.24720129548086,,9.61114554139666,5.25703605223423,,432.24282920683197,8.461017611993121,1.29386973772906
BE35,1.7488963939005902,29.142625124777602,3.09469719166913,6.89775381845329,0.590798508120806,1.9908534284397799,0.434143898532456,0.289429265688302,1.7393048920525,0.149539167627603,0.999999999999967,0.122573629615153,1.00000000000028,1.29576813948696,1.02797013608809,,8.34752537433178,9.33566240788009,5.60054791913669,7.46810516350798,,138.05177143327498,0.842036429797409,,1.35548822535204,0.50715678865482,0.338104525769876,1.00000000000023,18.1254141491163,51.895951887928994,163.365399257251,3.62605857674831,4.89275038627864,3.2219194333884102,13.2327358221638,28.021710748188898,32.7017148886948,3.28527453674683,23.2914863035473,,2.25857809279039,25.758285176266,,19.5087846015265,0.0996014308058691,1.95310662794725,42.8401646364346,1.71391300981435,4.65253554277428,3.7290936368193504,87.5444379662408,1.30656800324545,4.26332135505916,0.523590420322055,0.0195280695012707,0.0953097359698637,25.0194674650832,,70.1598542402256,,7.11084450881267,,9.61734739101286,5.220628184485641,3.39932061644307,432.10347312331703,8.37118607758106,2.17651480210039
CY00,2.25389321986661,8.03177666645232,2.3852936702688097,1.17573100242538,2.60303955789033,3.8635480628260503,0.29417027229891696,0.196113514865944,2.87128295552711,0.184637153343801,1.0,0.179393817367407,1.0,2.85608252804758,0.239378019065871,26.3759569957981,,9.376800656700839,5.62375086145909,7.50027575908029,2.08012393713422,88.5826130350859,0.5862485401695571,4.72395805746459,1.7044318681841601,0.3600000036,0.2400000024,1.0,18.1150750913067,79.9383360313966,35.4452951409972,9.84106923651681,1.5167130070752601,0.382533470210492,11.665685861032,6.08811489458925,4.13999614024511,5.5492204839624,,1.32413951603876,3.96634228794194,29.098861312418602,,5.065855974757,0.0764852586515905,1.9725792557730002,24.5415907758772,1.95372043724274,1.66080020088495,,31.390456774646402,2.18921935663379,,0.450572528595001,0.0185339238204854,0.122658164093759,16.820283075249698,,,,,3.02153128557721,6.43478075889031,,3.55392849237613,83.6572095166791,1.31480137129887,2.3521032665536
CZ01,1.4844075635362401,13.9756719633586,1.5098202144293,5.81855930010189,1.55880710920735,2.34075323720174,0.344167485004173,0.22944499000278198,1.62615485209278,0.190017878312536,1.0,0.125316710377913,1.0,1.6127708559658098,0.885697852995704,,8.21102270859026,10.3011144848722,6.183619093170949,8.242366789017089,,123.107525214502,0.699687438552593,,2.9838032382710398,0.266846337845282,0.177897558563521,1.0,22.3715587424974,46.6641957156183,5.70635783796936,1.91385677197338,3.46736386688688,4.70696575346272,2.67535199524052,22.757933325868798,3.22987537344554,1.1409988471068,,,0.614121283438849,20.9415757111145,,72.3752900131747,0.08997837597707639,1.4426658271188502,32.941953383348896,1.8351231432015,2.2569224361040403,3.31055152988195,40.8502527441726,1.57664706160685,5.1259901730602,0.387149587776658,0.0184329444799014,0.00744246868252598,18.119923287682198,2.67072808990989,64.04985044214419,1.95005900834098,6.44215404519365,,,0.922804354185458,,29.009866975097697,3.50470362393653,1.49778233737328
CZ02,1.02275366473928,14.0170334005064,0.946356678951494,5.490309919770439,0.92463018743339,1.96247507941709,0.343351169037153,0.228900779358102,1.75424833520941,0.190993462769859,1.0,0.125461115721859,1.0,1.58807919219524,0.840466054434497,,8.052289795996831,10.569368093956,6.34491379775417,8.45714094586782,,122.63203551831401,0.439969513517483,,2.89639821855909,0.266863135989907,0.17790875732660502,1.0,22.4333924932286,34.9530683764878,5.72372872626115,2.1823073803435,3.5375664755123997,4.69804146648446,2.86689564119905,16.819401188445802,3.2595656142016702,1.16461026556983,3.19930278889798,,0.49840569479316504,20.8436049484695,,7.99998358039355,0.0900339867816417,1.20937674670959,33.467332444659796,1.83878696345924,2.20194490127905,3.26995358657735,30.260203839180797,1.55166661283788,4.8042130969556105,0.389027231704914,0.0184452597883191,0.00824715937704594,18.0913000505614,2.68612411628445,62.896653695939,2.4841839925839198,6.0804241730434,,,0.914527261076813,,29.2076818315335,3.4307988006343098,0.8740021766632939
CZ03,0.800989938091311,14.0682452462238,0.8745359100893441,5.30155797701066,0.575235926505654,1.44491872108813,0.343446599801702,0.228964399867802,1.61496681797572,0.190952292737834,1.0,0.12546397523070899,1.0,1.26572581508049,0.775303836831418,,7.36656633414912,9.43560258543573,5.66424987518268,7.549926230307991,,122.456395055018,0.29551062950254,,2.04108299024102,0.266853462662053,0.177902308441369,1.0,22.3636745630318,32.806796367453096,5.66647323882811,2.36987299988078,3.5290665922078,4.69642566454211,2.87638226854469,16.0504404042559,3.25166951138654,1.16639184145559,3.0828418179278203,,0.501675263663077,20.8943746771642,,6.22534784406163,0.0900317471887171,1.19373801413005,33.282418547373304,1.83473036084856,2.20908753503537,3.2012085969899697,28.9101262035465,1.2534587038599099,4.918154032096131,0.388959502115516,0.0184407758013744,0.00843778006495528,18.123089796335698,2.8077652039684597,73.4818889816375,2.4515559951309003,5.78205717488557,,,0.906318578947909,,29.4026331476581,,0.606518659091667
CZ04,0.714747443108007,14.019803595721,0.8462353019167229,5.51585619195403,0.449374343205451,1.4465296099960898,0.343225223161902,0.228816815441268,1.55943191435622,0.19096448711806902,1.0,0.12545736527615,1.0,1.16026720955155,0.8387501543369279,,8.50378464734248,10.044410280873,6.0296328236778,8.03702155226441,,122.886143403115,0.18977758124718,,1.7929250583093002,0.266710795375264,0.177807196916843,1.0,22.372082234070103,31.867436151369102,5.6932145983206,2.3447361923485,3.44499320486443,4.7012056477415,2.92517051177007,15.144626063465001,3.2437256540336996,1.15225617446963,3.1323622570200502,,0.5065421041785589,20.9057996253306,,13.811829829928099,0.0900353099517735,1.1821996630650402,31.2269218319151,1.8350018824289,2.19974231687535,3.25677189807596,27.6087892199968,1.1392403602018601,5.05112720574143,0.388867410793133,0.0184357335308262,0.00861860109228121,18.073422017006497,2.5998340984985897,61.8205314700518,2.47171533061241,6.07355436678589,,,0.914728219361733,,29.202539085494998,3.46523393033537,0.577926787977206
CZ05,0.916356676907899,13.9377729730567,0.9634670487494189,5.4545558922537305,0.700472686929007,1.47305754704694,0.34346766807421897,0.228978445382812,1.7086639315336098,0.191016031799967,1.0,0.125467109156125,1.0,1.44172662695708,0.831197565254019,,7.85333757741488,9.97623454413596,5.98875903845016,7.98249679128757,,122.896540389292,0.321888167890713,,2.25388999979465,0.266861186914638,0.17790745794309198,1.0,22.4186907106572,34.9489967765032,5.7030809750654,2.11676515761331,3.53578525884258,4.71364350638822,2.77563898968911,16.7192603854342,3.20967786329495,1.1507566211839901,3.10884554719493,,0.503220048218581,21.0037269417376,,7.93136979703381,0.0900328422495298,1.14565829317642,33.0167060511182,1.83484957871713,2.20243375137333,3.2528630055807097,30.1478343994769,1.42190422472328,4.97849744675539,0.38883655453527805,0.018441702782124602,0.00840752469301537,18.110818325987598,2.6418548527355,63.2880231116176,2.56175849341476,6.00313489783529,,,0.9301592716217261,,28.8375793294488,,0.725438717022796
CZ06,1.02199625045165,14.0752248476852,0.950159092513341,5.13738007276568,0.871909904488363,1.93079694732078,0.343376834146805,0.228917889431204,1.78112286765208,0.190988585945742,1.0,0.125469634121645,1.0,1.60790943136143,0.795654860320141,,6.99947402637297,10.348673284549301,6.2123329160739305,8.280503100310419,,122.374656494589,0.446846284426309,,2.8880484564981197,0.266867034028872,0.17791135601924798,1.0,22.3714375646153,33.686307261319,5.67615133853816,2.44593065343668,3.5332368974865798,4.6940834349145595,2.6464732356675897,16.5230743469694,3.26065373291628,1.12687660276708,2.87738526304601,,0.498401026034896,20.8627539846574,,3.3922574207130802,0.09003313595270179,1.13320486575779,33.380986120893,1.83474006609871,2.20171710917651,3.1957550191337,29.7024977109137,1.57706009028745,4.75962789699463,0.389002097040845,0.0184458618328643,0.00826865103331114,18.124015463625202,2.89871053989973,57.0378047425607,2.51954736445558,5.6370605346349905,,,0.9047755333262141,,29.440952025480097,3.5149805116299597,0.855860669574707
CZ07,0.960886400879794,14.0340667751602,1.08498049701327,5.524808803671109,0.575419704335811,1.44404837162538,0.343566532362393,0.229044354908262,1.74808491932679,0.191021728725679,1.0,0.125463304228255,1.0,1.4367647599579099,0.852941941638416,,7.986670582013461,10.363831882284499,6.22145587493746,8.2926438786095,,123.333441934862,0.30628197670636803,,2.0943461147580202,0.266829079315886,0.177886052877258,1.0,22.2266967505235,34.871199822016095,5.694115106657909,2.1394147366996297,3.43883166570902,4.6987308926986895,2.87343379648184,16.662741474451,3.25112088233777,1.19858239978536,2.97402219368924,,0.514465009463932,20.8830599864321,,11.748161852641001,0.0900342589390123,1.07120566990374,32.975516543207,1.8332205567552702,2.1857590844946397,3.2935714991407297,30.0903650144677,1.4149362751096501,4.94405927544108,0.389062984466138,0.0184409766069068,0.008435828414748199,18.1063228652523,2.91262166549462,63.1925200997044,2.50810175143245,6.15680374188166,,,0.91201935469281,,29.2675508928525,3.73432435583885,0.826942166030995
CZ08,0.80368258328186,13.9950419700381,0.979683235747165,5.253963284430159,0.42436663356458504,1.4440672271019601,0.343563931692105,0.22904262112807,1.7434020672414599,0.190959596421722,1.0,0.125462196274682,1.0,1.31029611136941,0.801662050461749,,7.918516864206881,10.6444148794819,6.3898699349587,8.51714240721657,,122.395244065309,0.248408597479989,,1.83741629566413,0.26685232549853705,0.177901550332358,1.0,21.6515427601412,34.219782214607406,5.72063333601738,2.3184397780230404,3.45000942178774,4.7020640536628795,2.85577642290717,16.393237376826402,3.24724292677844,1.16363585954332,2.54838171364662,,0.48941015810420496,20.882543467839202,,7.07336862608117,0.0900305135355803,1.01937888955055,31.190204698458402,1.7947407276193301,2.35950272681655,3.20831926916122,29.569178585999,1.29563970003737,4.51297040831893,0.389009959187064,0.018438978439111398,0.008549954370769249,18.1525835981582,2.8473356632611297,63.796708303957,2.41899805625125,5.8393946641066306,,,0.918779193710969,,29.1050208672518,,0.662175245884054
DE11,1.50945153928074,28.111490289083203,1.91222399944124,5.9680223392303295,0.962800702145581,1.50894141717867,0.42147637948400096,0.280984252989334,2.0435205923659,0.123702602790758,1.0,0.09303135817017509,1.0,1.88070255691582,0.831329999461108,,8.68056128543648,10.4813915111886,6.28737719208884,8.38438435163868,5.3429924669582896,178.489884924543,0.5186826747897291,,2.04145444865445,0.29758138719414595,0.198387591462764,1.0,19.5297638483355,47.223635077793205,19.5718456492043,4.355477729198,4.5044699050128205,5.85347793274556,11.8449047790521,27.1313795199921,12.4719501060415,1.06565570254802,39.6084412597634,,0.764754273957751,35.7654619735867,,19.654423400768,0.08184842769445849,1.35109655267515,30.4403242447071,2.50897987422591,2.62551319513028,3.17471059101521,52.3297921532496,1.82895895911022,5.34260875758181,0.49497955490872697,0.020011058879138902,0.0147948578794728,24.031552926649603,2.34305132501796,64.9186031057467,2.64069454938703,6.1476733991626995,,,5.901720634166449,1.8137137586610599,247.895225870114,6.5703444007553,1.44883628093473
DE12,1.35616168383951,28.026378223987997,1.70778917897495,5.53399227373465,0.892924352794015,1.32460450401846,0.42160873718117103,0.281072491454114,1.82281956318378,0.12370258814215801,1.0,0.09302945988316659,1.0,1.5951163801108301,0.826449524030762,,8.91049858646318,9.99821236192407,5.99754541554794,7.99787888872941,5.5224433504165,178.47489458295303,0.420221152170234,,1.6636677892467,0.297886795675281,0.198591197116854,1.0,19.8559573963287,39.1581050759502,19.573612070112997,4.36398701192827,4.50357013265236,5.85237355340941,11.845300782819601,22.4269952683874,12.4533727409964,1.03608697911427,39.5976461140479,,4.52041428063747,35.766507898201496,,19.656550495682097,0.0818189678097429,1.31399073880233,30.6814734024587,2.51087999152154,2.6277294585347097,3.02060361590374,43.2411522282547,1.5396539794364001,4.68796901402511,0.494973693609145,0.0200109907879752,0.0147941437038443,24.0334504844303,2.34618739824777,59.4011479412517,,5.35650247748114,,,5.90129649435151,1.8638145170272902,247.936460319335,6.57334190005602,1.29232541437622
DE13,1.5382203316263598,28.137314930851097,2.7560567211558302,5.508577231162141,0.858921897652413,1.34735783041239,0.421758235001561,0.281172156667707,1.85646272704603,0.123702603359156,1.0,0.09303143781983379,1.0,1.54398999838648,0.9720049156488629,,9.679358406768749,9.29604795433786,5.57633481719901,7.43619138576844,0.636469564636403,178.494273861953,0.45215541148260796,,1.8137963161745398,0.297987196933295,0.198658131288864,1.0,19.4522162001584,50.2755849448535,19.571313510017802,12.6153972822945,4.50473005546458,5.85379496780897,11.8447616001572,27.986959722317398,12.4776060745411,1.02072864969597,39.6116911230654,,0.8112826255930501,35.7650484646701,,19.653865398677098,0.0818225374520718,1.3063657507803301,31.0742041175532,2.50970133183901,2.6392119508975203,3.12014031643516,54.0672365183685,1.5162449358899501,4.66179436218792,0.49501820275151404,0.020011106864316598,0.014795151599647999,24.0323082284322,2.34209307559326,64.5847387578483,,5.23702307129395,,,5.90184179001621,1.85368286296078,247.883194903615,6.56945159836546,1.56556311871831
DE14,1.47635723758758,28.0996862734981,1.7809192361339898,6.04504760509011,1.6381619808027101,1.76721577533607,0.42178635385680596,0.281190902571204,2.01375164741282,0.123702608216018,1.0,0.0930320551677727,1.0,1.95898494474622,0.8902874274040451,,9.55439255845439,9.65310640486192,5.790526896047499,7.72181665045471,0.8845181629855,178.464998281517,0.587440151593525,,2.45589276238119,0.297894614538877,0.19859640969258502,1.0,19.4131242830064,55.329522939207095,19.5726526711884,6.1708115100856,4.5025431256336,5.8510664386953,11.8418714175539,31.6251725744305,12.4711038435383,1.0790807540266,39.6011780066778,,0.792904204555696,35.752670623194,,19.656274388669498,0.0818487403267345,1.34941828259837,,2.5090503129899897,2.6208188631477203,3.16698211565261,61.0875841625366,1.92905646078391,5.37527975400145,0.49484324060879403,0.0200110710049062,0.0147948239837904,24.0315466609281,2.3428208980509098,66.5218793628651,,6.9721551391298595,,,5.90062504713816,,247.95407780080802,6.5730506651488705,1.18634661770214
DE21,1.50757285118818,28.2773373112677,1.79352646950029,5.99128137953495,1.8950165393643599,1.96335208026057,0.42174092999366397,0.281160619995776,1.8433391412594302,0.123702304118607,0.999999999999999,0.0930276735313049,1.0,1.85039650617655,0.925733788102268,,9.59895166485092,8.70625763875771,5.22254982336289,6.9644037310605,4.5987105678697295,178.55865913084,0.6493076809131499,,2.5755684811175104,0.29818959532336403,0.19879306354891,1.0,19.5061548522553,65.1987385808302,19.5733133542802,8.164924386878189,4.4964449254538605,5.83584162593999,11.9099655105511,37.4262213215178,12.5232150996191,1.0910075904188299,39.473380453081106,,0.780230510484653,35.6504244482347,,23.5492585272059,0.0818424555434199,1.45643197426912,33.6680247270248,2.50888816005528,2.77032480044917,3.1958238200514804,75.51178042429349,1.83987248833935,4.5157829576288995,0.49503992642132905,0.0200110625813683,0.0147748220968593,24.0298673653544,2.30947518038108,79.8889171824928,3.0185142725240297,6.4859395124168895,,,5.89357120507315,,248.27946730793,6.57942345293624,1.21695618563198
DE22,1.61259611253299,28.4186935763073,1.87654452963776,4.51705869410893,1.97993349174787,2.19670933191973,0.421748519940908,0.28116567996060504,1.8687187183135199,0.12370231020921599,1.0,0.09302846441089621,1.0,1.8921153598645202,0.978662730262817,,9.514355835751859,9.05996441856861,5.43472479847281,7.247344608520939,5.543886014086,178.467445712152,0.712572466359012,,2.6506786278374204,0.298170757221127,0.198780504814085,1.0,19.543107338754798,62.3092869761923,19.5733817811124,6.83690870474402,4.48853499760044,5.82550044936845,11.8941498453467,36.5472365833466,12.5632599559705,0.928510860879113,39.4644886827165,,0.782812717625843,35.5794964700873,,23.537688624190903,0.081848425067053,1.47873551247048,36.2931953726359,2.50889545743531,2.73379623779965,2.70343826163239,73.7040189394081,1.87478430968544,4.567116693891871,0.495090862929729,0.020011094238587598,0.014775016374189001,24.0310745342211,2.30020687597997,74.9052031417886,,6.47678625024483,,,5.8888661794781205,,248.494394542459,6.58653484010367,1.5306449410542
DE23,1.7492175580149898,28.3458441019833,2.21150962107737,5.27916263290069,1.7097265037350902,2.2498115033727397,0.421717429881544,0.28114495325436295,1.9431625306529299,0.123702296939731,1.0,0.0930267294132029,1.0,1.91211214386917,0.774534364475437,,8.9053161561404,9.39111489187384,5.63336824128417,7.512241566579011,0.349406977988984,178.671966152664,0.702792371444928,,2.67414918567389,0.29817189952534895,0.19878126635023302,1.0,19.4543397586014,61.7718717722518,19.5693262476888,10.0255141185259,4.50521032283302,5.84707587753322,11.924552036826801,35.517137939571704,12.5303481010417,1.04349971921885,39.5007713542724,,0.7717172008740659,35.7085443576898,,23.5700807714805,0.0818434373022056,1.53023225802743,32.9799542603872,2.50903353026202,2.7550745272735697,3.0599728286405696,71.68663316951789,1.8978178174796998,4.55160044955398,0.495153550204742,0.0200123098948586,0.0147867265131218,24.0299963694812,2.31088362273828,74.7111166484987,3.12646512875523,6.27178472980466,,,5.89856811697707,,248.004128146917,6.56654622391649,1.67811661533593
DE24,1.75380832703164,28.3638711862863,2.2732823167431504,5.21900792115158,1.4820132907162198,1.8217918235719202,0.42165552377798005,0.281103682518653,1.9764651453176,0.123702289286788,1.0,0.0930257547281813,1.0,1.92059052648684,0.6638779452860061,,7.9748092887285,9.80525972247985,5.88179594905933,7.8435278357695895,5.47247255971429,178.67983606321002,0.598491898920454,,2.5235057607102,0.298181058714941,0.198787372476627,0.999999999999999,19.3775941902692,53.4077868675778,19.5688390445076,15.425116785526999,4.505760975396369,5.84776988850218,11.9252794162338,30.0843423540828,12.5339366050565,0.785053134979781,39.503587806922205,,0.820154409614986,35.7109496566982,,23.5718728028598,0.0818374423707846,1.35768991168369,,2.50883621226321,2.75273706165777,2.2698292494284003,60.7443882717037,1.89637373151893,4.31303765809525,0.495137449634221,0.020012220935545,0.0147858947252301,24.0300267367114,2.3104203213944903,57.1910268655624,0.369599963591839,4.49326268777349,,,5.8988655933103304,,247.984600133037,6.56543384081389,1.75470535526705
DE25,1.46569939166367,28.3204663925159,1.70700080926732,4.27401657184546,1.74035363102388,1.91375626112545,0.42172197296171,0.281147981974473,1.85474563892666,0.123702297348353,1.0,0.0930267889380652,1.0,1.83339773722594,0.62427173534587,,7.9771368377543705,9.14981834303382,5.48862628847359,7.3192223157537,6.486474103821259,178.655252295641,0.5465718269635841,,2.55818548397299,0.298176078189479,0.19878405212632,1.0,,43.4401360929843,19.570155498563302,9.739296649090429,4.50398906306917,5.8455259328478295,11.922737327237101,25.2722748595712,12.525728712059001,0.741270211766182,39.4956786683493,,0.791003711572397,35.7018843352062,,23.5665730940337,0.0818461973250995,1.29762485201509,,,2.7506043582708597,2.12682037186258,51.0033905093079,1.80514215835611,3.9675342641815,0.49511614680984,0.0200110095245631,0.014774338199179499,24.0298899971969,2.31132195588488,62.3075684476972,0.685855115027574,4.81290894410939,,,5.89788923839773,1.85567339669892,248.045153842961,6.5686920270273905,1.30599996974436
DE26,1.59837561192285,28.3814131607277,1.91202907177611,5.619067003330939,1.33854620402806,1.5932548001692302,0.421661506542217,0.281107671028145,1.85062135304283,0.123702285402907,1.0,0.09302522644256661,1.0,1.74968252384051,0.8000696174120661,,8.08786240869245,9.31594522174739,5.58828095901935,7.45211309038154,5.33083253930756,178.638929896971,0.538755617319794,,2.1510116247421602,0.298142242588714,0.19876149505914198,1.0,19.3892694868794,50.2982168871288,19.569601121027098,5.763163360195009,4.50239400276784,5.84344363790499,11.919129172347,29.1147825526262,12.5412258649602,1.01400776912382,39.496348786351106,,0.794658935153003,35.6847231919648,,23.565459896507,0.0818301191139381,1.279439846322,,2.51025386040965,2.77501638485764,3.0128626375917102,58.7784702019244,1.68968220164188,4.7997565807238995,0.495074893607512,0.0200113052222394,0.0147772143192849,24.0299342709278,2.30812360220436,61.6660145293868,2.47141918234266,6.24877941134898,,,5.89688856819831,,248.082984728651,6.569382367715489,1.65027091484886
DE27,1.4858105200121698,28.3554049113865,1.6396597489553602,6.184795911774899,1.99849313242211,2.04189548123366,0.4217215319593,0.281147687972867,1.93313156599854,0.123702304340174,1.0,0.093027712469451,1.0,1.94007933840744,0.9293744946314659,,10.0685139932051,8.98738498468336,5.391186012451399,7.18928549856738,3.28301189728501,178.622654374226,0.6910768194815919,,2.6023119971939,0.29817858996829,0.19878572664552702,1.0,19.5048238255989,70.619876544981,19.5704305017365,6.607264446897211,4.50120953338308,5.84193786157454,11.9173563494438,40.8667024876622,12.5364287767414,1.15698784364637,39.49132413672319,,4.51672634790639,35.678383144026895,,23.5620444900387,0.081846580294201,1.39845640438838,37.1290110430261,2.5089127756378997,2.7353519068838,3.3306214600644597,82.4828515073641,1.92898323799891,4.76643184012434,0.49498665815154996,0.02001125698073,0.014776536060126199,24.0299558160429,2.30860626875538,79.4503143635467,,6.68605354457919,,,5.89623329041333,,248.122971383298,6.57149704609139,1.07233351355942
DE40,1.1457801366802,28.2926508950717,1.11908190133453,6.22211644374259,0.592638746391377,1.357703446078,0.421705328978727,0.28113688598581804,1.84927058110847,0.123702482773064,1.0,0.0930379515739798,1.0,1.51847117719682,0.740788178805635,,8.87710172052712,9.54446438621573,5.725373746377819,7.6349190662967805,5.702235651410639,180.565729649366,0.408923568778948,,1.83437979399187,0.297468697965319,0.19831246531021302,1.0,19.5224236012391,34.8756366521544,19.5694002133114,2.36423886573959,4.50102658304408,5.85054104009195,1.21578000344737,20.559112319280402,12.515554674574,0.948982672621678,28.369494713292998,,0.724025118331435,35.7329903867983,,23.2049668816759,0.0818246324683187,1.51832438085347,34.401200487822,2.50895897511671,3.5652822738415897,2.8155246310985,39.745371596045295,1.5041520409176001,4.06600467474207,0.49507831188218304,0.0200068678385256,0.0147437309582411,24.0148829709266,1.32834709099375,75.99499926193,1.90049657412002,6.6037516435314405,,,5.90019945520237,1.78936745050268,247.933982415612,6.86892254399468,0.930095576247972
DE71,1.5904528343420399,28.2925277152017,2.22477801576147,6.1663693464180795,0.989505848659707,1.3837911019554698,0.421761467978757,0.281174311985841,1.8779651481420898,0.123702207213547,1.0,0.0930334218315683,1.0,1.56802779374744,0.9608331628594979,,9.553171643049351,10.085951271689101,6.05014195474869,8.068046613224551,5.04463146466167,178.512853220701,0.494598103442331,,1.86361983438851,0.298019453046807,0.198679635364143,1.0,19.298286089868203,52.342634439261396,19.570066228964702,5.6741127099130395,4.50601524852354,5.84786299072879,11.944123574786198,29.626217461475097,12.5175718848333,1.23765636763512,40.2920826421807,,0.822064473113826,35.7176530539519,,23.1521400694214,0.08177421148328921,1.5301424555052299,38.21908692103,2.50949715003335,2.6269092445382,3.5653778266603,57.2411345116243,1.53515549170908,5.22113415182523,0.495196970866808,0.0200065757007305,0.014751145603581501,24.255955190535197,2.31034173587252,64.2975831714448,,7.849685597392241,,,5.89897622215641,,247.997010126997,6.57131650503944,1.60473308483656
DE72,1.27885616680921,28.2655695873132,1.67138795212494,5.90767928828292,0.848767382371595,1.3526518024576801,0.421681077305178,0.281120718203461,1.8474540557739598,0.123702208014764,1.0,0.09303351173961591,1.0,1.5847964783761899,0.921829874873746,,7.95005038365918,9.275907947760201,5.564239016830951,7.42007348229533,5.662024481405431,178.467542503509,0.511159199351185,,1.81978451953163,0.298062209556962,0.198708139704804,1.0,19.394711684073698,50.413703455638704,19.571637300937898,6.42500638496184,4.5025361597642,5.84342958456489,11.938864148341299,29.077340014751098,12.514784108744399,1.13165996179159,40.2720069269788,,0.841847795131192,35.6946768889634,,23.149746528803497,0.08180069700966941,1.27289507504345,,2.5094789857488298,2.63131742899384,3.2507933638140396,56.0331204550964,1.54464665256241,6.34133364147766,0.495178664827103,0.020006229030088397,0.0147481283177771,24.031049393224198,2.3102306814459896,85.3876042626991,3.0987776591823297,7.800177349796639,,,5.89699138558971,,248.105830056895,6.5763549786384905,1.1345820475142099
DE73,1.3890806853425899,28.3540585527373,1.64283380422037,6.71631695882113,0.98165604601672,1.60050170935882,0.421663530733704,0.281109020489126,1.92051325448613,0.12370221797024701,1.0,0.0930347756062151,1.0,1.7523219534505299,0.9733592535111689,,10.8411307017332,9.617582532529301,5.76919578409344,7.69338915831171,5.1602727339498395,178.442841480885,0.5866506367371589,,2.16530755550777,0.29787574680642004,0.198583831204413,1.0,19.292050773935102,56.615719378731,19.5708121758606,5.89686822456477,4.50028671332286,5.840491734647,11.933888906760199,32.3533348352475,12.5372174717217,1.16279310600126,40.268086409687605,,0.7778495945445241,35.670247890237604,,23.1501548623055,0.0818329589581364,1.34141806488819,38.8581265910347,2.5095610304563403,2.63211714451791,3.33704580794358,62.3235248134142,1.72320132277697,5.9748816098043696,0.495192547174129,0.020006375430547,0.014749390104280601,24.0311708312699,2.3063134615437204,77.08253629948591,,7.97136212114346,,,5.8955825949687295,,248.158912135887,6.57729358278983,1.2195008703636099
DE80,1.33140370099949,28.1327760427952,1.39398568869844,7.20793135859938,0.7097146342339741,1.56923815212842,0.421513594396146,0.281009062930764,1.91073696988917,0.123702290752586,1.0,0.0930570630506536,1.0,1.6666129117533501,0.940206867768188,,8.49474748405624,9.76444100251555,5.85730104617842,7.81087102434686,6.17280876672463,180.61098256679,0.477180761209662,,2.12961788757675,0.29732115697774203,0.19821410465182798,1.0,19.5218952241462,43.4824438303879,19.577165019741003,5.44142503877727,4.50656437741248,5.8305728218793105,1.2327825179545902,25.735051650686298,12.4942335739781,1.0651749702100302,39.7724367715876,,0.7724607365827321,35.6330879888267,,22.6869787772368,0.08188107897535729,1.5120656006948099,39.130206921916304,2.50894351074433,3.45683646708975,3.05905341869855,49.7866916550264,1.6496095013474001,5.10163893646462,0.495022839930377,0.0200108461237038,0.0147764954491892,24.0237799030002,1.65545347446299,84.0576037640538,1.93034941108085,7.42457328738946,,,5.891365873492441,,248.42492633736,,1.17967110533049
DE91,1.8600306487348401,28.6106390027268,2.1529624039668,7.52621374780106,0.317655607491404,,,,1.7372404272369,0.123701984299507,1.0,0.09302746150110901,1.0,1.64194278302311,1.0495835218820901,,10.822054631258199,10.1097035762511,6.06443529103586,8.087069433685759,5.5396779483460294,178.473160684067,0.578237058144176,,2.5157739932831302,0.296326390955889,0.19755092730392598,0.999999999999999,19.1396733806837,50.4104686092375,19.569629379296398,4.65112213654215,4.483072343750511,5.82701293514322,11.8552524995382,30.371633001855802,12.6059238655393,1.22458687768745,40.1444424741456,,0.764649038649373,35.5713832861299,,25.8582684790129,0.0818172281206084,1.4464749326424502,44.39987055177,2.5089152067679903,2.6173993745922597,3.5142071428326997,57.8746091532476,1.6290902722226999,6.2684509668539805,0.495101155664657,0.020006227932094903,0.014727190136012,24.0366118894676,2.272732067073,82.1178169131035,,8.321479261948731,,,5.88935393564815,,248.426050867196,,1.96369611570815
DE92,1.7499706024470398,28.3420060675931,2.13473164354661,7.314375793021051,1.40183816092958,2.32406458899491,0.42162896787222703,0.281085978581485,1.91169302032016,0.123701996368876,1.0,0.09302900337178209,1.0,1.84650599272501,1.0408750181800799,,8.51809297217182,10.117762347240399,6.0692608950935405,8.09351162116609,5.53961114930933,178.512227909379,0.677237077665077,,2.7460307762547,0.29783958247486,0.198559721649907,0.999999999999999,19.527053424506,53.167148560434605,19.5729507481693,5.31260514069886,4.48745428468575,5.83269931179794,11.867124277087099,32.2215851846302,12.540344738403999,1.24306404797741,40.1382111544672,,0.755519809199402,35.6270201724875,,25.859973478609202,0.0818445898335957,1.46001920834243,42.337940177540496,2.50907275573145,2.65070181698485,3.5707185024135804,61.562019157437796,1.82179528204915,6.35704645090517,0.495116889560845,0.0200123393787385,0.0147860198163499,24.0248676851035,2.2831965498467697,82.415321489142,,8.58670518796374,,,5.8921170119769,,248.341385336108,,1.92510152348626
DE93,1.5698623863190502,27.9502584111398,1.81596379401416,6.3726343130136005,1.84617270714029,2.2179526879701696,0.42172975427426096,0.281153169516174,2.04175716116881,0.123701976418127,1.0,0.093026462939651,1.0,2.0095739378307402,0.8801713221865569,,8.676753898613741,9.87856172558026,5.9257677960851,7.90216476083243,5.54629588158557,178.625388323214,0.584651544500809,,2.6599773131244002,0.298003281110776,0.19866885407385101,0.999999999999999,19.528418508856298,50.3690473542284,19.5763312239018,6.66259108755367,4.4985601060091005,5.84682611030592,11.8930086972977,29.6304753343876,12.4402560804548,1.1206846233302499,40.1525495996242,,0.786422453482992,35.7414040016113,,25.8754316886481,0.0818550456734355,1.41303888541127,41.037026431715205,2.5089341501573097,2.6141874667819,3.2224669517962896,56.542977079197,1.99716674561079,6.14003884345636,0.49513008435594796,0.0200129427521397,0.0147919778776024,24.0224464813524,2.30034218519218,77.4497198973188,2.1040117020092897,7.92506921941747,,,5.8988355935189105,1.81871053698424,248.08102073976798,,1.30048393465623
DE94,1.65513353781338,27.150650362531,2.00142327865923,6.40403342481367,2.03115561966553,2.2629351672573996,0.421730519450766,0.28115367963384397,2.06120813798055,0.123702006898847,1.0,0.0930303557801354,1.0,2.05512964099587,1.03871225666252,,8.58668605630152,9.96582016312636,5.97810946490005,7.97196481401243,5.5429604650675,178.83944324009002,0.644884650614477,,2.68668587141523,0.298134782025841,0.198756521350561,0.999999999999999,19.5015649711915,55.124196084274104,19.5835427714225,8.87412723597637,4.52034282492229,5.8739659242598,11.943350703141899,33.0044211541982,12.2368597106158,1.1290343215451402,40.176072484645196,,0.780119230630613,35.9662695562246,,25.9037158181983,0.0818604054930928,1.56921242059532,39.6518944721268,2.5089366291422697,2.61199744117727,3.24180225840496,62.6330596483587,2.04130434943912,5.96468961521653,0.49508350427583797,0.0200139980003685,0.014802089332770899,24.0225887080494,2.33586087499354,75.240656747424,,8.9694275348768,,,5.91229125761973,,247.58154460366,,1.46783982792003
DEA1,1.86563731567096,28.2424034875662,2.5987169295102097,7.42372481531741,1.4451276550622398,2.26545820879029,0.421588008200946,0.281058672133964,1.9674194359957702,0.123701982025601,1.0,0.09302935536677061,1.0,1.91416938412646,1.15238010749264,,9.68405376641747,9.3906111272254,5.633041663054151,7.51182639513977,5.52296389644345,178.502976365078,0.8716137363881881,,2.69112360210568,0.297976103005318,0.198650735336879,1.0,19.484018585118903,63.742608085395,19.5699551046308,5.34997179529758,4.49949353742426,5.85187589398817,11.894033848092601,37.671986466307395,12.503063959262398,1.19458436144222,40.163731276319,,4.51390741435296,35.744885682987295,,37.858550848562906,0.0818146480010071,1.44293405240035,45.2856577164281,2.50897585632746,2.63721660325411,3.41189626687258,73.5191745256312,1.9004507320164201,6.98402358426044,0.495042394681245,0.0200128939868816,0.014790538741,24.035321556714198,2.2806093897456097,68.94038378342991,2.0883873307569503,9.030049424072129,,,5.9008488427211,,247.911829971625,,2.0824133559165396
DEA2,1.8439806737356301,28.2179421159064,2.58726163038036,7.908250081721549,0.901363211437014,1.66211459721437,0.421560391188884,0.28104026079259,2.07232271186355,0.123701973261205,1.0,0.0930282244148706,1.0,1.94925607851766,1.16395372723438,,9.81265913827401,9.94055437745599,5.962957471443571,7.951755924449141,5.526200198280271,178.478417481029,0.650685546565811,,2.26697077975099,0.297739317149952,0.19849287809996802,1.0,19.5207917449926,65.3835358288977,19.570957753184402,3.85372842440316,4.49767938868103,5.8495355015634,11.890795925771299,38.401137853674506,12.499258609509699,1.2287653440182,40.1524416930041,,4.55515753265059,35.7337067146424,,37.8591073291685,0.0817273262779661,1.79205036603235,48.2593585230942,2.50896712814997,2.6369868863714703,3.51900306686355,75.0622397397463,1.9294239366751,7.370518911271099,0.495036776135156,0.0200119578193612,0.014781427466429,,2.2806920413083898,68.2776655502361,2.06230151077227,9.16168570340719,,,5.89981367766291,,247.97098786465702,,1.7850848774773
DEA3,1.66650283068648,28.2072631251897,2.60084652952865,7.14779896064257,2.18194917218347,2.3587266828226796,0.42174155476784697,0.281161036511898,2.04938660741158,0.123701979469341,1.0,0.093029023313866,1.0,2.10047481597251,1.25103968045212,,11.979569670182,10.2558537369768,6.15211688481213,8.20398531089444,5.52626911864514,178.479958916357,0.8916598220572011,,2.77097472397817,0.297984068534296,0.198656045689531,1.0,19.5243516972202,61.0072149683522,19.571094681482702,9.99310776191834,4.49784182303617,5.849734974324989,11.891266424248,35.9508503410073,12.496667167792701,1.16060957020093,40.1525289795985,,4.6918132648105,35.7357834558656,,37.8588413858909,0.0818573807834321,1.3400945035682,40.007091126419,2.5089740760811603,2.6231790520230502,3.3114194532134,70.1109359582333,2.08653748278969,6.57024828069489,0.495039071701524,0.020014629961547802,0.014807434787727801,24.0231753853331,2.28109167769386,62.6078733685537,,8.53807504287532,,,5.89991649380758,,247.968138597201,,2.3514438731507497
DEA4,1.7938691230866701,28.2147234657618,2.71512085561402,7.46510608100903,1.4802869015732498,2.00116481167202,0.421669560663868,0.281113040442578,1.8829698896515799,0.123701980630453,1.0,0.0930291766286325,1.0,1.79156503999402,1.06571724758295,,9.23646996636215,9.93078460505807,5.95710336371224,7.943943984385149,5.52601190908201,178.47544028887,0.644891370683471,,2.59722690514148,0.297719187072858,0.198479458048572,1.0,19.5240684990133,55.5926090310325,19.5710835649672,5.86744214342943,4.497460540279411,5.849252164145559,11.890451952039001,32.693305896095296,12.498739336785901,1.22551118002957,40.151054774433405,,0.813325185061198,35.7323784557533,,37.859173262179,0.0818408293884548,1.4208729256055501,40.921131243420994,2.50897666827476,2.58194195400324,3.51170888000818,63.9021578425128,1.75876803155793,6.7555566815414005,0.49509769005662796,0.0200142653737438,0.0148040406871791,24.0295149586991,2.28071027593385,84.42511104712389,,8.55907792477341,,,5.89968907918054,,247.97820833555198,,2.27249532337234
DEA5,1.52825054555459,28.2128141531906,2.3329481192848203,7.51298451677234,1.1525775858273501,1.6503295177792099,0.421743169202055,0.28116211280137,2.03727102753367,0.123701972608821,1.0,0.0930281551733139,1.0,1.77486528831556,1.1911516548938401,,12.823066683941601,10.4803807683094,6.28677190222875,8.38357633526917,5.5261262244007705,178.47812298541,0.612736489982314,,2.24204691581908,0.297946058634032,0.19863070575602101,1.0,19.4375019185781,61.2498565852182,19.571048848151698,6.85117247890734,4.49767721333723,5.84953061944607,11.890736494090401,36.6328946572358,12.4980916202638,1.2000125267577901,40.1520599814717,,4.67438460003218,35.7341232052082,,37.8589881908349,0.0818473424840947,1.38072102040652,52.549268876423,2.50873838955874,2.62085069827558,3.4174724456337997,71.5979963422801,1.74691011414148,7.14978438858474,0.495106397437088,0.020014200496157,0.014803257818685401,24.0230494815734,2.2808533750334,100.957402634467,2.5873796689138797,9.5775756410516,,,5.899816426948719,,247.97201504058398,,1.49650690437344
DEB1,1.63862279491868,28.407282442107103,2.47663509831495,5.85737712910299,0.65222523769818,1.3246406636621801,0.42159793546544,0.28106529031029404,1.78466297097102,0.123701998770158,1.0,0.0930340732636176,1.0,1.46661317719415,0.878818780992664,,8.62476436389323,9.28633603465266,5.5705382591287,7.428437146924559,5.53677093982108,178.486246035521,0.473398627054742,,1.66358102180309,0.29789458227038396,0.19859638818025602,1.0,19.4334562741918,48.535743780592696,19.5705304599261,9.42952605887397,4.50367746525082,5.83785444813502,11.9313861500547,29.0397945740747,12.5513660726527,1.1280509054391301,40.177355486820595,,0.841282900512145,35.6506038445519,,14.543398850335599,0.0816827476043671,1.68575407554895,29.681495981774997,2.50900104318651,2.61135393336285,3.23361072160208,56.2361548736841,1.44622767769026,5.98204807688613,0.495072794495679,0.0200102847058483,0.0147962683809572,,,60.7961778713382,2.1411196484037,7.19635078213495,,,5.89434900225479,,248.20714519995,6.57266516816915,1.69831931830956
DEB2,1.73348635823918,28.2878577931565,3.45186250758919,5.705613201436949,1.0614248553838799,1.58621495804974,0.421797630305252,0.281198420203501,1.87393239068793,0.12370199882812,1.0,0.0930341042173727,1.0,1.72476818695133,0.837504705417636,,8.64837927909957,8.97375894927814,5.3830091831560205,7.178384066217079,5.38763709453528,178.544806927383,0.5883289773064809,,2.14953787103036,0.297665279991087,0.198443519994058,0.999999999999999,19.4707592570952,52.8698689248178,19.570987347708,13.935561924081,4.50870639606221,5.84447486255273,11.9413111374757,31.326829448126997,12.5190709795069,0.995131206308271,40.1877056779702,,0.9966550652860621,35.698706123972606,,14.5340773937408,0.0818144928014186,1.44614949648597,,2.5088982363486196,2.60804401232966,2.87513073259286,60.628436461644,1.70611553044583,5.32814368559908,0.49502688541566403,0.0200120149416708,0.014813215488525102,24.060297046894,,38.0512028515037,2.12323810732344,7.14187551448843,,,5.89744009681064,,248.073362354465,6.56865210217208,1.78377088520183
DEB3,3.16711356906076,28.479530589530402,4.11861170548088,5.747097717120759,0.765412894937578,1.49990290662699,0.42159466428905396,0.28106310952603597,1.70549678950528,0.123702010840231,1.0,0.0930356213998656,1.0,1.48680117315447,0.885824574918352,,8.608739246343541,9.29036456843618,5.57295869582665,7.43166163213141,5.73900095406401,178.470970960146,0.536903442722978,,2.02779882169088,0.297700494438337,0.198466996292225,0.999999999999999,19.4312094481352,49.1150540648936,19.5697448736243,6.05905413080269,4.5022245200366395,5.83589239837724,11.9278027332495,28.819829384232197,12.569334076818999,1.0316677592138002,40.1788958813707,,0.822663129261825,35.6331820665932,,14.5460115917389,0.0817171249627538,1.5955382466516401,33.0495703711521,2.50891645394623,2.61399328808573,2.9863886409922,55.7362419644476,1.44188472871764,5.262019023545901,0.495097959305912,0.0200121245843833,0.0148141626123197,24.0287661743139,,60.670478139456705,2.07074665794751,7.01479184948873,,,5.893405573971171,1.8588169901973,248.239998923086,6.57283279102505,3.62330904358213
DEC0,1.15506148754991,27.9754089997923,1.4778222953874498,6.36242579610527,0.8255275092914831,1.32444292034429,0.421657019922755,0.28110467994850397,1.9273481955949001,0.123700749794684,1.0,0.0930408187359775,1.0,1.6158782579321,0.806541367752728,,8.75725280500809,9.94242345085313,5.96408229376301,7.95325287230804,5.496995094371321,180.558880402135,0.466044518925099,,1.66293017696997,0.297953028613522,0.198635352409015,1.0,18.5111761591799,42.1531490373335,19.5807638959661,6.864473931661331,4.3939666034051195,5.82726991681791,1.0663220651684602,24.878186672166898,12.4608534219228,1.12919913251606,32.539077204921,,,35.6280513573789,,25.3736577501961,0.0816332290806602,1.8700733804439802,34.5402282667348,2.50919260578751,3.42526933649367,3.25534593850827,47.685433472061206,1.60027908968485,5.12353560694258,0.494901980335779,0.0199859791039174,0.0146488140470052,24.133032654795798,,,2.10814433909751,6.52442920272318,,,5.8900487966250905,,248.530605550448,6.81846687987065,0.900088204798819
DEE0,1.4149325943622801,28.304810400806097,1.46075182400393,7.62946533360225,0.8889633845707919,1.77934251368197,0.421740667436818,0.281160444957879,1.82705533253892,0.123702537159326,1.0,0.09303771515143469,1.0,1.69577113347399,0.997100664035931,,9.28351069953471,9.48412231512138,5.689174271547951,7.5866482933346795,5.23088334888217,181.186701621685,0.48883642814911005,,2.4748201883414698,0.297765036305239,0.198510024203493,1.0,19.524796298910797,39.6892669905671,19.5739782008761,3.73651780354436,4.39825909784087,5.8311991176223,1.2318433037627698,24.135131252637798,12.5329948960359,1.14311522561119,43.395665810237205,,0.751167951361973,35.6216955628999,,23.388534397772002,0.0818513762788699,1.49940088793382,43.2796288507561,2.50871466615079,3.6048931537411097,3.3102468287112203,46.8613446606087,1.66927309976563,4.6264849429645105,0.49507426982238,0.0200042546103288,0.0147549825072654,24.0248062664368,1.6428358367583802,74.3577821432982,2.05031503456187,8.08090157514761,,,5.89148580689276,1.80832886339903,248.384926617406,7.0709114577272105,1.30526032731147
DEF0,1.47907683834801,28.036857550980102,1.5378148549513602,8.07419554578749,1.66400295342808,2.13305887721123,0.42169722058778303,0.281131480391855,2.00132686491238,0.123702263324521,1.0,0.0930437666337034,1.0,1.94916848417744,1.08124259961485,,10.8736709816767,9.9442893298817,5.965196150220501,7.95474274005071,5.7181444862895,180.56440026698402,0.632473573149688,,2.6363966558901804,0.29790390850998,0.19860260567332,1.0,19.4840398996624,59.4525425503277,19.571954060937202,4.2873911714787605,4.51701856409937,5.85829399499971,1.0837965257995799,35.060673392222,12.4512122540228,1.22115132411231,32.398089112588096,,0.67483431912222,35.7995298192399,,24.853515994111902,0.0818501981991361,1.36860401250148,44.581370107926695,2.50893578004322,3.27850768702993,3.50654612033625,67.67677091472291,1.91459372866341,6.77796013220302,0.495180227151302,0.0200142812228876,0.014783971003330301,24.023959382407302,,87.6331958708482,2.040516908407,8.761826055882,,,5.90401807287686,1.8025101398910102,247.79514203968802,,1.16959131322842
DEG0,1.43803644941609,28.1015026963671,1.62989027332455,8.11563903720203,0.731051945087682,1.61666130833984,0.42173622556637,0.28115748371091304,1.89587185392223,0.123702474679582,1.0,0.093044520534855,1.0,1.6647561507492101,1.0865823484744102,,9.705939022994409,9.65918071942087,5.79418248369904,7.72668160156004,6.420864781412179,180.554525939173,0.576341655784727,,2.21091191700607,0.29649275040403,0.197661833602686,1.0,19.5088510309547,53.4417879270282,19.5754257811782,5.74663277159491,4.4364386854725,5.83978236993493,1.08893179216862,31.9196345384383,12.480121332070299,1.2781131104358798,41.0194284924999,,0.6921707570495651,35.6881319711581,,23.8774827229252,0.081874032278793,1.36915465791829,45.0558946574495,2.50900806721032,3.63973061601183,3.6837827457908703,61.917228418177906,1.6143451947046301,6.631878553479449,0.495135819767961,0.0200130964369473,0.0147797971312486,24.0225934721615,1.26176314727145,80.23622344037369,2.69603191475051,8.36197436342853,,,5.89550435242316,1.8156029906542301,248.220827861262,,1.38796392845447
EE00,0.601558598357268,2.7724041777406603,0.433839343916049,3.41563759244608,0.761552097596005,2.04754734915926,0.318501030956871,0.21233402063791398,1.99871580121293,0.0789045941614587,1.0,0.07432937794225469,1.0,1.7830811901597798,0.419589212713544,,,11.2011066337368,6.70973572947047,8.95542118160431,,62.897925101418,0.130492302406252,13.8922197467577,2.43968052795994,0.30078643671190297,0.200524291141269,1.0,12.8711737606188,31.4846262943828,0.648714420296054,0.725701593820658,2.29159430745912,3.42104211170053,41.953944724572104,21.275338232039402,0.9531556137335371,0.5852977650009671,,,0.5138128957846431,25.799352236373498,,4.09221651946575,0.0844179069713116,1.31086659725123,30.114432794918898,1.58222045213174,1.50925987064584,1.7480440211804,14.007348028893,1.7406177217664198,3.47637992845699,0.42202729190052496,0.017876342692512502,0.022565827749534802,23.159258375279997,,,,3.72008654401747,,,1.4629884602632002,,19.9582185573524,,0.331259935472037
EL30,1.0316633862848,29.2715613641769,1.78097153316616,2.12097239574699,1.40693760511716,2.6852411549744604,0.32229379293255,0.2148625286217,2.07858148159414,0.221815640434799,1.0,0.20616538270475998,1.0,1.97437680877221,0.501444834958508,25.935183167112,5.5484479041929395,8.56518683631161,5.13815267855544,6.85166975741235,2.0200370768651,104.085154356392,0.056167689995022994,,1.4395298341324998,0.429154503480331,0.28610300232022096,1.0,10.2292447501593,8.90477082071596,11.0794849482594,6.21709445298633,1.59117004082747,4.91989709823614,27.950716847795103,5.28278078121753,13.087286292199801,0.903766787489157,131.327309467481,1.1034043560898101,1.06193527323842,31.416885784221197,6.30358497411287,1.62154656505034,0.0606533696204294,1.73792498797202,27.4300996373622,1.5812120145103299,1.25907735446435,2.22386964365108,,1.06317351685758,2.07577973220708,0.320622261005255,0.0123519587154974,0.105042453706838,11.9481783516738,,75.75345189882209,2.0648149203539,1.83113089935411,2.58578189854131,8.57147148063708,0.6275625201568841,1.6401514148587701,59.3675987735848,4.77629515250779,0.8690915447404189
EL41,1.11485242262963,29.2630290212082,2.1660888921618398,1.09869050556935,0.983118286267362,3.64220634603684,0.322055673099425,0.214703782066283,1.85876269726225,0.22157717982765102,1.0,0.20603821319250598,1.0,1.46561357234236,0.243780071534681,25.6173469883159,0.727302476474182,7.947110676639509,4.76767663298896,6.35739365487227,1.14698647420877,104.10803484884799,0.18565576262529102,,2.16089077072545,0.42733712817783903,0.2848914187851,1.0,10.2758362116616,31.318593782062198,11.0779362098563,1.53425973174136,1.68567162707912,4.91946228731771,28.377161138695598,14.2235480565827,13.0773843380761,0.698974199094634,2.42542045772449,1.10422717702865,0.642278889773209,31.4310507359568,3.33158537383839,2.67086528265484,0.0605184827175327,0.952792300360544,26.2053962338275,1.5812717017971298,0.263474444838819,2.18029159931594,22.3816219165357,0.8696758914498609,2.57521021799023,0.33314927344924805,0.012252691017389801,0.105119891279913,11.8650938015914,,40.992437649508695,1.15185530527362,0.355449294770824,2.5868113763637397,8.55971020267773,0.711848037385722,,59.353987127028695,4.91910317691315,1.1600196615504998
EL42,1.09658390162435,29.677448807606098,2.2940547251578,1.45276492241768,1.2954674493926701,3.0404216910101898,0.32267389224194104,0.215115928161294,1.94942690658867,0.221766795500524,1.0,0.206007536308093,1.0,1.79825483560531,0.270139496470148,26.0784001815297,3.66982740526263,8.44251282240104,5.0649830519834005,6.75374793724134,0.589644183597659,104.00021257070301,0.184400552221031,,1.88909546110321,0.428489731519965,0.285659821013172,1.0,10.2611559556904,22.0429029967202,11.158292841926201,7.85727524732637,1.68327362630277,4.916673554360941,28.9077085229822,9.26653096359595,13.526013888427,0.89610867737501,103.018925172135,1.1140844879290202,1.5630494264152202,31.099037661594,2.75104184096163,4.64450882433284,0.0604383266389593,0.9806289900414991,27.9087922507316,1.5812952637206699,1.04826455398423,2.12245688158364,17.2026745262202,1.00321743986503,2.12669201588659,0.34443951256814,0.0123115842120494,0.105107754040728,11.784661825321,,36.1654128297449,1.56485886260475,1.50166945161833,2.59467097307807,8.58627285140316,,,59.884513270316305,4.79018437124651,1.08778174911072
EL43,1.44780442164637,29.2445797447826,3.0460602206448204,0.09955493134841391,1.7984695111116,4.192024710226891,0.322941208588641,0.215294139059094,2.03574374347759,0.222098629827081,1.0,0.205922468263801,1.0,2.0219829560016898,0.260800794174334,27.481528437512598,9.204917639644211,8.463570089265449,5.0769690123356,6.77026955080121,4.539382856180979,104.109368198485,0.253466642269036,,2.35415441817594,0.42712747977014,0.284751653180451,1.0,10.2278340467493,43.7253827050681,11.0764088551229,5.85617942877884,1.69047262652586,4.91001729825218,26.5916723182813,18.4925226527536,13.0450144379949,1.04776120482046,53.5086012458624,1.10399934577845,1.7638499588526,31.5832981481609,4.7670956034122,3.2441077664561098,0.0604861927003235,0.9171055933214181,33.263723769155796,1.58127902373869,0.797530144052787,2.17303128513767,30.3957081874623,0.845017779112921,2.7397269028062703,0.330546065597597,0.012266966239394,0.105097486443814,11.9194139458885,,57.7910385508739,1.72668662438062,2.32075780862296,2.94709340549253,8.27977304269295,0.714506363971175,,59.2794834204229,4.85240128032753,1.69847090250775
EL51,0.871702882148286,29.248793688489098,1.2501111259165,3.3974651884979,0.66712212383225,2.70281615221257,0.32225995003305097,0.214839966688701,1.89679140722094,0.221715215786959,1.0,0.206007500546325,1.0,1.39588669761457,1.2084827825525999,27.0990506429743,8.76148776638735,8.574269529561079,5.143624331180741,6.858946930373739,3.0055400536493897,104.063403328666,0.17519900216493,,1.6807877342897,0.42933354347922104,0.286222362319481,1.0,10.2305852952337,24.5322530089121,11.0770647715595,2.04882332607374,1.7061247182054502,4.91076716397124,27.317185861837903,14.155123933725498,13.0506016596756,0.5968599783590309,48.8593308436929,1.10910200655098,0.596510718952648,31.5686812478781,7.96277347750524,7.93218456184356,0.0605202883247823,1.08578933466136,51.484686966264896,1.58127439133858,1.01674218936905,2.5273045274907,23.5433715934774,1.02676036842553,2.36064361988972,0.333998873517476,0.0122850691231277,0.105109126814219,11.9643040923677,2.4312935621840603,,2.63631960475159,3.8731891336671,2.6888724342788,8.205391178175471,0.686787835932108,1.2115531229963101,59.289071608915904,4.8546537991967895,0.791177597378555
EL52,1.0614967948337901,29.2451186592944,1.5971532729538802,2.78024337756645,1.36563573381925,2.68546182451133,0.32228103052207097,0.214854020348047,1.98591862305153,0.221717866511084,1.0,0.20599626317459702,1.0,1.81891225870021,0.885242224997398,26.9779617418491,8.60045003748942,8.56407912094571,5.13753185747522,6.85080548921127,1.81617305769631,104.085702262535,0.140286179917792,,1.4541150478273301,0.42934380026074004,0.28622920017382697,1.0,10.316949123193101,18.0006901319275,11.0784289615491,1.7628781753579899,1.66972294297595,4.90120306987941,27.3665590164886,10.305660848127099,13.034130856466499,0.67179486662834,73.3440076603821,1.1030926570757198,0.570186964821694,31.7090763538388,6.01395496115356,6.322113529661411,0.060519648537920294,1.34342647652593,35.9091357372361,1.58129700635314,1.1405270998583101,2.06060812706289,17.3430866772745,1.24062458844188,1.34811616949681,0.333970187597265,0.0122925697516357,0.105084406254227,11.9583874650674,2.7297873716313403,,3.12676080001622,3.08977041118036,2.73852025398467,8.26435191100886,0.6889157334943979,1.88800303786576,59.233263336886,4.8892442359471495,0.943867028650662
EL53,1.17139938640083,29.247980792163002,2.14916805908492,3.52082566009424,0.8518285629629341,2.68523630965788,0.322294073196533,0.214862715464355,1.89933849193441,0.221738051693991,1.0,0.206004247903504,1.0,1.4412793295012,0.792026589956231,26.915618264836603,10.4040663794089,8.46634347443289,5.079099849504599,6.772721661968649,2.0904191754598402,104.1255031861,0.125679142568324,,1.4394987536825399,0.429120763684627,0.28608050912308497,1.0,10.1584375026279,15.9251742061619,11.077141218895,3.6547558843258696,1.65767596774711,4.90968629433287,27.987237696867897,9.088337777621389,13.0483093059102,0.96059374388649,24.3629473306825,1.2240137617131799,1.19706387755193,31.5849147682911,7.35361016479167,12.226322217286501,0.0605190034439022,0.977842582780899,41.3031427830064,1.58128147463915,0.922373349527069,2.3135081347145703,15.3973378940508,0.9641997165214929,2.27503336821918,0.333998335587933,0.0122816716345459,0.105119502577961,11.9635954195361,2.3748285391335,,2.43881096557108,3.3824567009832,2.60009077302683,8.58562036072723,0.711729037528268,1.46377950014699,59.2822516239148,4.844084197731959,1.19078365123197
EL54,0.858795389770996,29.247413196657998,3.25386710149266,2.44365965636493,0.386374760432841,2.68520338665279,0.322295977573484,0.21486398504898901,1.84301541282376,0.221688590305365,1.0,0.20600349457610098,1.0,0.867723699104475,1.53829671057508,27.473222810855,9.040299045575761,8.578701857038341,5.14627500453608,6.86248843078744,1.90789902241705,104.082348134879,0.221110110225891,,1.43988258589105,0.429537707631653,0.28635847175531803,1.0,10.2830386835357,5.397941315185729,11.077257643135999,7.32205793951643,1.6583658570217599,4.908638573946989,27.9835554689477,3.0957749206122798,13.046322620168999,3.41216249146462,28.857785161243502,1.10309684998558,,31.600455415438997,6.74138943365654,4.3973996817059,0.060519912593628496,1.48613215606757,29.8637512667673,1.5813340834390202,0.957328958158176,,4.39167036394184,0.833382648998606,1.03315831042427,0.334031130471364,0.0122866491033812,0.105104146168245,11.9555104561098,4.51139754487905,,2.4744144658187603,3.76263202188181,2.6976073149793702,8.58096831073061,0.730542067728232,,59.2759298499078,4.445507665152321,0.5745632001261061
EL61,1.2474164376794,29.236689325123702,2.2313069339926903,3.44179854839924,0.485300842712147,2.74763554986447,0.32228103941995,0.214854026279967,1.93711821312403,0.221701751504807,1.0,0.206011271153048,1.0,1.1863042987818,1.0296940003669,26.8834221456926,10.486759222624299,8.57749194817967,5.1455508850871805,6.86152141663348,3.19989463824446,104.12477759034,0.17594018831565,,1.70152613234248,0.42943694236617397,0.286291294910783,1.0,10.2619370262959,22.4429494322597,11.073009380458199,1.25863379616164,1.66829114804217,4.918749167506711,27.8393291569505,13.0284845833596,13.0476561984272,1.54727515855003,42.1146698996016,1.10522327880276,5.02988753968362,31.4656544513771,1.8999782936071599,7.9088831404455995,0.0605199250900484,1.09679754483747,30.5560281171215,1.58126203185102,1.19337896045915,2.02422819797056,21.8524981440525,0.922496621821055,1.8793646797333599,0.33401956321584103,0.012283098655265499,0.105115674423521,11.9660235819982,2.56920001085835,,2.99612822928691,4.46073044151666,2.75104174674236,8.43017408973736,0.688967329912791,2.42753096163,59.315277996708,4.89301819949485,1.28784439201692
EL62,2.58795228092007,29.2490482224073,3.1431377217436998,2.21431209311819,0.7017180084616951,4.20493332810546,0.322288362906958,0.214858908604639,1.89630996510744,0.221671110144669,1.0,0.205980799489873,1.0,1.3156030852362701,0.436975622007932,26.5687710815186,2.15756670969966,8.58846678268205,5.15211268798775,6.8702897353349,2.32706862927527,104.08609017129301,1.24908438571748,,2.3470896215201402,0.428614292842451,0.28574286189493303,1.0,9.87230360971417,81.9893337026332,11.0776927558365,8.75012665268822,1.64099345743346,4.90809567530904,27.9123450926717,46.553166610635,13.0474139602664,,430.955285814945,1.1036836357344701,,31.6067076632306,,3.15932759997022,0.0605352962195428,1.09492645359622,18.675206526221398,1.58132067154892,0.686775464087445,,66.914876674729,0.8830234922485509,1.37225050377243,0.333997480814049,0.0122844840481178,0.105111668510811,11.9193844516763,,,,3.49667979706283,2.53607032705425,8.82031515355965,,,59.2752165877919,4.83367631713023,3.1431377217436998
EL63,1.5961646216071799,29.208225841056702,2.0894140650572197,1.1616201103998902,0.838376740552196,4.20557460054057,0.322256178643139,0.21483745242876,1.8419915231335402,0.221741331062937,1.0,0.20598615754712,1.0,1.24626173365454,0.727220074129027,27.2975909537652,8.57494520281748,8.569965292570139,5.14105099150075,6.85550814203546,0.978958978988018,104.157067323862,0.66143782147466,,2.3455579119531897,0.428939200644874,0.285959467096466,1.0,10.2239784769049,42.788992240293005,11.063330387370799,5.5466114240704405,1.6574782747438301,4.93889850918341,27.708284053706,23.9424928264697,13.0425158242876,3.20284329059732,37.4527216829241,1.10455399481516,2.75802551496655,31.2037101887545,5.61805616785471,2.64032901486335,0.0605134473182434,1.0001094828205999,33.3394075672389,1.58133362362808,1.77748277231129,,34.440688268836396,0.882125555247287,2.40159627723373,0.33402367187829496,0.012286881005615,0.105101617588266,11.9629243142383,4.13030042169975,,2.9491853140960997,3.51833143603207,2.7381656624831097,8.299523707401269,0.684012013871934,,59.383447471184,4.8465279550691,2.0894140650572197
EL64,2.1403392039596802,29.2608479977491,2.44539270974319,3.1951425255272,0.769265737157914,4.20501955250153,0.322284034113,0.214856022742,1.8630547774347002,0.221688157981996,1.0,0.20600276849747498,1.0,1.44061363115911,0.9449666553496151,26.6728235057561,10.1405756406383,8.567438202814339,5.13954037804733,6.8534892904193,3.0189937870978603,104.082417767075,0.22934243632244702,,2.3433363575155197,0.429412072333643,0.28627471488824197,1.0,10.3213030190919,14.6032118704718,11.0796592221514,1.79982896965017,1.66591781932088,4.90957924822752,24.8247695152439,8.362464075398309,13.0622905540797,0.506443000020326,39.1109973670639,1.10495889598589,0.570368199734883,31.5744906416868,7.4903541389868895,4.2306329087504,0.0605184936915457,1.2368311949564,34.404025475722406,1.58126310591431,1.30045307975973,2.3869974322421297,11.8815726384972,0.917415634590615,1.78000466854715,0.33409665889053297,0.0122897709068801,0.10509628136084799,11.9600014632289,3.91972779104072,,1.96242169507223,3.91357839004153,2.73827302619664,9.52204407582385,0.689245026252718,,59.2987767867256,4.84084988585213,2.44539270974319
EL65,0.8551449662628631,29.2491255939187,3.33098340072255,2.2426855774843797,0.8976323410567381,2.68573678238202,0.32226513269659895,0.214843421797733,2.0022070991117,0.221708840410785,1.0,0.205997034488644,1.0,1.5811641887819101,0.585112007020241,27.393468683282602,8.323050229376,8.56336440302591,5.13710448573321,6.85023444438227,2.4784399723024197,104.141408999342,0.124727743628947,,1.43923029698149,0.428829497103515,0.28588633140227804,1.0,10.2434671832032,3.10646617639206,11.077036973369001,6.73210378829451,1.68430687986007,4.91119050759554,26.6455373446961,1.71529332082646,13.0515089576464,0.77305689718601,53.352338047012196,1.10277360627668,0.87872915515713,31.5623197291232,4.86228670500297,3.73827238125859,0.0605194758922529,1.1502374880652502,30.7676025376436,1.58130018215418,1.35541973615187,2.17282454153172,2.48773517487661,0.91086222412686,2.2632587835280202,0.334084519137963,0.012288004089630902,0.105101814493128,11.9559662473507,,,0.9319045355655581,2.9746215014703696,2.74705845241221,8.31908868618348,0.69404352785603,,59.2917597378024,4.86953613655415,0.787873075437508
ES11,1.19389850650408,19.571418553405298,1.17972171282378,2.1507555985172297,0.38227765153274496,5.2904841575592,0.282397285179474,0.188264856786316,2.5126213778257003,0.194237845036274,1.0,0.17851116120927402,1.0,1.94271676822996,0.7416333594176551,21.4699762921359,6.550919820128359,10.9845492279547,6.5902108689669605,8.787380048460712,2.86135007048049,220.691566404705,0.273146882851407,,3.45293684849358,0.31278387232625404,0.208522581550836,1.0,15.739643897321601,44.398575573998905,11.0679611166107,5.77781521054739,2.15945033727361,2.37113812195281,8.99825665453886,14.988646231836599,4.71790363003507,0.37801918240653903,4.907817230800569,2.3938164366882804,0.40179623395567104,34.1098746980224,,10.320708108137099,0.08585245181693339,1.46729463632544,20.245878280004398,2.06602906023803,1.99191260940616,2.1960738429836,21.2603122641266,1.8993627505706099,2.48334367452334,0.42241791174460297,0.0103754774151167,0.0752298093165144,19.9360919719345,,87.7934064227707,1.29675642265463,2.61176316795526,3.1468393921613003,17.8210701121536,,,84.5861127686883,3.94983814233245,0.554126756924843
ES12,0.841929216629559,19.585098475710403,2.46297890683268,3.28303370193798,0.552236169224978,5.1294187463942995,0.282429840656327,0.188286560437552,2.3816197424782097,0.19420149230754502,1.0,0.178498322936042,1.0,1.49442554242661,0.387479507324203,21.4768583057639,2.37627763567154,11.0653215739108,6.63865164223296,8.851986608072249,2.72404422765517,221.21086595509001,0.18337849136167,,3.31858068534132,0.314346322634727,0.20956421508981798,1.0,15.739750389999601,51.0677206190251,10.971473201810701,2.23052275444341,2.1787887636862,2.36353388364307,9.1818746145863,16.4573117574749,4.66531192846407,0.550988525519469,1.04380652143051,,0.08656329168264701,35.9482292529418,,7.63233687325122,0.0858399280303082,1.44781655654097,15.9535315266415,2.0660591759938303,0.576908304181861,2.1671543666469604,23.830854711771,1.46973383771833,1.9395739794595,0.42287379099865396,0.0103663554198118,0.075340328431435,19.902361447183498,,,,1.1034234403451,,,,,84.3991923867079,4.02417824384163,0.369014039666488
ES13,0.895974878904344,19.580489136801198,2.8084363309600997,0.915441580385628,0.593279950842497,5.667450372659561,0.282366163481374,0.18824410898758298,2.2758548527112796,0.194920239954472,1.0,0.178538774759151,1.0,1.57018715527125,0.523547483280577,21.564287671124998,8.13716220028102,11.418870499434801,6.8507888307634,9.13482966509956,2.8720787848364098,220.60614793557698,0.20745329208267402,,3.67482693505616,0.313834106012145,0.20922273734143,1.0,15.7387770607679,68.0993316004791,11.0583827206643,5.56528972705845,2.16254519482926,2.37615477488764,,21.5739877646659,4.604128811251,0.344184337985301,1.0378301444514,,0.08656329168264701,33.9877754699058,,13.700541232855299,0.08584164146822189,1.3210694739236302,32.909929765415,2.06602912164026,0.816164062129318,1.28742690485358,30.544275322922502,1.53646144190935,0.5398825290858891,0.422455724363273,0.0103943993668342,0.0751597939847263,19.978142731616,,27.290389857369398,1.08046916166041,2.56140438881636,,,,,84.58478099683971,4.02263445835841,0.352630619909315
ES21,0.9862524347959231,19.5947699079679,1.77993140254263,5.56267396277408,0.769994586069741,5.65970759121956,0.28232055469273504,0.18821370312849,2.37917213678258,0.194085502804449,1.0,0.17849426137959098,1.0,1.5712683628155601,0.849201882728633,21.388829541444498,2.85666307525907,11.0363111122018,6.62120157632067,8.828756344263219,3.37847778837621,220.37778380864202,0.216642364470062,,3.66183882372595,0.314113083118435,0.209408722078957,1.0,15.731009029961,46.1889143783728,11.317543235478999,6.42758252198289,2.16804620693209,2.43973977505546,14.5105977253045,21.268912984379302,4.701560260244849,0.907030459690982,69.7381421667026,2.93790304578792,0.791618239911742,34.460265938748805,,3.15342197826847,0.08585013915473441,1.10617163334756,36.9206450427215,2.06435265754813,1.77411079967348,3.00117332982955,23.216827383010298,1.38038965832771,3.69222601022588,0.42197162433734503,0.0103986657247177,0.075206292863876,19.917708308783,,91.70699742376961,2.76470978535469,6.36357441381006,,17.4890900253255,,3.21535718655456,84.47495414205491,3.97089097663916,0.729349345938086
ES22,1.32763799376326,19.5533902147468,1.64549791081938,4.57721560123431,1.0672786955502098,7.060159107321789,0.282273155565273,0.18818210371018199,2.51583920012895,0.193520296387998,1.0,0.178448359994243,1.0,2.0119640155555,0.839367783079658,,11.2171942602469,11.1470701656552,6.68778487899967,8.91742752219772,3.96625710992201,220.984586860944,0.300214543300928,,4.24360455509313,0.31493187200856,0.20995458133904,1.0,15.734039515426101,47.4703186672336,11.5059685076019,4.89093730689286,2.1650130141119397,2.44229662986085,15.3417063383448,21.9332655003263,4.65711156152393,0.743630363117183,12.8949168420865,3.0861407516763903,1.1520739541760099,33.405381519845,6.00903392195744,6.463757915901899,0.0858441901167329,1.14169244940381,27.2892480226396,2.06501551469825,2.00758563849091,2.6035844822767897,24.5366160307413,1.5165925975955699,2.92849647012622,0.42333066796329305,0.0103941397961711,0.0752114406484222,19.922424510367,2.60182284234262,85.8278704458579,2.00162248885419,5.44397489112701,3.16599080164574,17.8631950109692,,2.98887169527861,86.3226670393768,3.98004114842336,1.30884942336597
ES23,1.0789828294347799,19.540087840488,1.60497451899834,4.82807016793198,0.770019510134613,4.78137730115267,0.282629389118247,0.188419592745498,2.6011148971778097,0.192943029841701,1.0,0.178376894963318,1.0,1.59217492231739,0.7859711457989219,,10.867141109550499,10.7780924627328,6.46635102015561,8.6222217414357,4.90133119915701,220.96505267659302,0.109817445168704,,2.60252204375699,0.313363240365042,0.20890882691002802,1.0,15.738351662559,28.389487999946102,11.500675541192,6.06250176545732,1.87312394419405,2.43033430971212,10.4121558085084,12.4557973133022,4.634538981192669,0.767747383231806,16.5863545552613,3.0397833497781197,0.8554404104033859,34.832684991743996,25.3552983741005,2.67268392312895,0.0858546701682288,1.26613002659882,43.1029723069147,2.06491869806373,1.7229332312163999,2.77469585634382,14.5656819651128,1.32671514885552,3.25922886458834,0.422296436711482,0.0103927656137437,0.0752098610351594,19.9026425646637,1.9335773751510998,95.0782125593103,1.97102860597071,5.11294276317338,3.14820830011616,17.8620092068575,,,84.64586733195159,3.9794949852053803,0.978824361886132
ES24,1.01210418397406,19.6170957162073,0.944204905936512,3.5579161573632,1.60017642637557,4.79858646091391,0.282326102123581,0.18821740141572102,2.74678244185535,0.193325505277263,1.0,0.178442610758726,1.0,2.37325706686379,0.692782677103192,21.4267953505842,12.468971883774401,10.787289169820701,6.47186355494203,8.629576362385292,2.27767086910851,220.985594165506,0.15201589394256002,,2.56159838648159,0.316289660068699,0.210859773379133,1.0,15.7352275323916,27.496358768559197,11.2292831360809,5.502376481848111,2.1791925418866,2.4406344991003697,15.4143206779246,12.663260211869199,4.63046777004225,0.549400399897987,16.6926847492226,3.06100515445891,2.79367533819787,33.064495809887,5.49705950522158,3.4649381807832302,0.0858511619901097,1.2413385849452199,28.1769786911823,2.0648686982855704,1.73244790799218,2.2307513432415798,16.1672796356557,1.55493398753159,1.90799799665394,0.422433935174489,0.0103925975815968,0.0752145694071623,19.9252530110674,2.8572376867820397,33.667025488426,1.53384480229876,3.5854317201337,3.33679734561858,17.8000979559436,1.1094968993237901,2.53468030085704,84.638371533216,3.98293384040964,0.708697586136534
ES30,0.707433387354646,19.2922207697746,0.751239553051033,2.5498131614321,0.924982151651814,4.79088706642315,0.282461443200892,0.188307628800595,2.53072087617389,0.19429670258207302,1.0,0.178495336583157,1.0,1.51993120310522,0.51846810027366,,11.6734730647162,10.8547907199804,6.512413505413161,8.68360211271828,19.476431346832502,221.274656206802,0.105718147356718,,2.57675700502,0.315188463087474,0.210125642058316,1.0,15.7430624851686,37.5503772452356,12.4343305226539,0.870351492918526,2.15911959074997,2.39085118085784,11.094538916632,11.9265021190272,4.6229124710263605,0.446250087619412,13.6879864195597,3.1166149703020802,,33.511963866875,5.215566110238861,2.6959397412797297,0.08584801398740631,1.50921821899663,30.0716821356854,2.06683830856332,0.86481465824282,1.49601880336711,16.760205497481998,1.3808755417365302,1.48136759038229,0.423926664766409,0.0103887251533264,0.0752411686111393,19.9366775343404,2.1451677152304502,88.85970194099619,1.30084125458193,2.6153769631710904,3.15764220016072,17.6495506507912,,,84.6613235873282,3.9754591710428797,0.443654996078803
ES41,0.807459370781363,19.3448626394676,0.900332120384035,3.33703562747031,0.782437848065888,4.7945604150462104,0.282396802139933,0.188264534759955,2.4163195316906,0.193891490675148,1.0,0.178468486389119,1.0,1.48128442991961,0.599007174804462,21.5474614515504,11.3201806827701,10.197201221898,6.11785546317852,8.157528342538619,3.4826408482347904,221.120548318961,0.138000131833439,,2.59557635753699,0.313849637716838,0.20923309181122499,1.0,15.742203813285299,36.4703367378619,12.764283071441499,5.23787393070541,2.17522657346884,2.4893911380027,15.1941031355915,12.1299923612101,4.6330808428993695,0.43058070823774397,31.998836867562698,3.07581403806754,0.397184592599008,33.3626769660216,,5.44619497458302,0.0858497600182134,1.23405486299681,41.6650885499015,2.06656358817818,1.10515659005271,1.99332541552704,18.090769604272797,1.29502311902372,2.3620568070781203,0.422769248384571,0.010393071361675901,0.0752117491035226,19.9253447903297,3.12659538466957,86.05511299329629,1.27731148633858,3.63651128690075,3.05876521771583,18.0383148545184,1.0672990329936398,3.12444932307838,84.4841034449829,3.9851957843268,0.578352974406543
ES42,1.0821963045442,19.3531212523911,1.02999375932985,3.1117584238889,1.92526710074855,7.05263909699741,0.282373983731599,0.188249322487733,2.72979792487792,0.193092425183088,1.0,0.178420681516738,1.0,2.3862717483185603,0.465553655762228,21.5599938906079,12.294605235867701,9.41794864068776,5.65034855097471,7.53414859583387,3.40319140142768,222.744885144925,0.278503527203766,,4.30551668391622,0.31471876578301,0.209812510522007,1.0,15.7425482798119,67.380040093002,12.744737110468,1.86501976121184,2.1672950970414,2.49269645123895,15.3344867080053,23.3596915433589,4.633892621601129,0.310408385198762,14.366056216592,3.06952212701678,0.438134249613674,33.3558201388171,6.5284079089148,2.6980418188148403,0.08585198313701971,1.322758723769,28.8552487902689,2.06665322894822,1.1271647257259,2.4051985291185,24.9127028506987,1.55381433576256,1.6028920890107,0.42269231770454097,0.0103920616825014,0.075215435636901,19.9091411861757,2.00064833129469,91.85838296919759,0.882161693326171,2.69550306335351,3.21171125260648,17.1951572226963,1.11682054357324,3.31936395939266,85.55369574174689,3.9860735171142903,0.94563923636474
ES43,1.09664080014557,19.341397668383898,2.89755550792392,2.91882967254086,0.582658179629282,4.795090012502881,0.28238749325476104,0.18825832883650698,2.3434286695768503,0.194303727990312,1.0,0.17849607387507002,1.0,1.07784730279827,0.883075785457365,21.6490774286445,13.256682504697999,9.41442964893787,5.64820073640969,7.53131519267385,2.75592274699537,221.305699926264,0.16430715211052602,,2.98760577419555,0.31378396087583,0.20918930725055299,1.0,15.7405499035814,47.4468563064727,12.811658788746,4.93407541562856,2.17490723795541,2.4943857623846304,15.783372328761999,15.9914038551297,4.630788260321831,0.486733425764473,9.86459078227124,3.06809671826137,1.18896580178773,33.3768691802835,6.84407505134363,6.178418029337831,0.0858501723675912,0.993049775540067,36.20896971847,2.0663356814808,0.9959026285144801,1.61675773033565,,0.9411721562510249,0.641404801495236,0.42223405628302496,0.0103847915265699,0.0752269790516316,19.9152881788993,3.16396972003779,85.16759122973761,1.32713527819387,3.03236669291615,3.16707849542219,16.557977253195,1.25539127091909,3.28074476308659,84.3149106786198,3.98263525524578,1.1354684492276998
ES51,1.44595528051983,19.4511509141509,1.80260311501132,4.1798503909603895,1.42755129286506,7.04664202331064,0.282454641963826,0.18830309464255002,2.89891531679813,0.19349553708165498,1.0,0.17845793761910703,1.0,2.47616808860778,0.810801535863788,21.7263906513692,10.168158725642598,10.9534737147738,6.57157432262456,8.76252401869828,5.491659375391411,220.995096442609,0.311799704762379,,4.285865595404419,0.31406759929898,0.209378399532654,1.0,15.737502754045899,56.2922107264241,12.0126371352702,4.90774899282777,2.17275785937286,2.44615347750389,15.7353300607083,20.0421880686795,4.63354719161902,0.782705384589817,63.4178598400318,3.04913488728469,1.43032018950605,33.4376503614804,6.580192409733461,3.68154719280713,0.0858484287721179,1.32320511898222,22.1787461520457,2.06558231602038,1.95683276551685,2.6271391188063697,14.4775928717225,2.1384901626108,3.15111739026118,0.422761662316162,0.010392020861277199,0.07522622497441689,19.9077407368401,2.5005830827091398,88.04575643752811,1.8929378454169101,4.1577820627062305,3.1419002516763297,17.7371299008899,,,86.0525440331692,3.9723457992673996,1.46974920050886
ES52,3.4923560024662,19.4698969516446,4.81375667874763,1.7370164705085398,2.0119790500342103,7.039438520321339,0.28255182040390797,0.188367880269272,2.60359250515538,0.194120058081559,1.0,0.17852029408895,1.0,2.42193095706953,0.83214507161288,21.6906935518993,10.7280913669506,10.369098460978,6.221004712185451,8.29505158658138,1.9831391158010698,221.135267919308,0.807809936210111,,4.4380471339447105,0.309306323710713,0.206204215807142,1.0,15.7363736684027,180.65967950028698,11.8454944926059,9.06669223534087,2.17496338633822,2.4316632323815903,14.9283171813931,65.9239074234331,4.632141383442391,0.210244419300148,41.1450012119181,3.06001094485931,0.597953436701272,33.3585089928091,7.94430402504639,6.51326503486659,0.085846998495315,1.3671466880677101,28.1014701451383,2.06546434577789,0.623558754883177,2.13901445185691,34.8481696861243,1.65456743527964,1.1843687991751002,0.422497264292663,0.010391711565919299,0.0752187249520595,19.910195572197402,,87.8714019672147,0.575970989267211,1.97310221647378,3.19158049065609,17.9866863413928,1.11007918070874,3.25993061342807,86.5327573544067,3.9795989401299696,4.7018618886261505
ES53,1.4656549240119,19.5510066472076,1.7158477391158,1.71580867191097,1.6852743327977902,6.40614757248723,0.282274007672999,0.18818267178199902,2.51605931722684,0.193909616902816,1.0,0.178485650590481,1.0,2.3747950248664003,0.282643406948215,20.420879989606203,4.29488327519581,10.362839752506599,6.2171981693069,8.290018960906469,2.4033948250043498,220.86465477944702,0.27098355135651503,,4.0508763910932695,0.314869783773868,0.209913189182579,1.0,15.7461069399933,37.4575216388788,11.1455019700602,6.2509235121048,2.15687549293049,2.36854423465587,12.9107086459693,13.209902930149799,4.63621216467389,0.795993839280683,23.2521481841618,3.0193497550199098,2.4887328009817904,33.1987806270864,1.98846517398132,4.81732947123482,0.0858489585244181,0.9628460547859731,31.774318720643002,2.0656211437867,0.563938550657033,2.14121365217791,7.691456594482339,1.4012127864444102,1.8102176003081398,0.427611292865975,0.0103941342067766,0.0752160948063962,19.9215060782526,3.19008497584737,,0.592043230719377,1.75307895945698,3.3194906198778797,17.7877251142294,,,84.8597180816086,3.82602385295634,1.51503281744027
ES61,1.55016538845907,19.4334666261433,2.14224515564768,2.39692521933237,0.865785527660993,4.79561868328691,0.282378203320495,0.18825213554699702,2.5011277940262198,0.19407536543561302,1.0,0.178479481351358,1.0,1.74371832332105,0.628613745579126,21.709069401976098,12.166198748385598,10.9019180941508,6.5406674979832795,8.72129279606703,2.90414477587945,221.358821725855,0.14234421834108302,,2.92148113260615,0.312496077337908,0.208330718225272,1.0,15.7414698492961,34.0994489155294,12.2022889018792,2.35071748786137,2.1651034970386998,2.46504780391064,15.8725244040767,13.3230368135482,4.63334902644276,0.500623656854371,2.0263718943994,3.06775723014079,1.2148997144587,33.332357618017696,9.0867085855136,3.3412204149477,0.0858483934105453,1.23461877133445,27.13533019586,2.06639571052744,1.21607686395282,1.6527813612036801,21.5355734962068,1.3171679116817099,1.3526286179959799,0.422752436753962,0.0103950891176056,0.07521318109953021,19.9154240435923,1.5614915473470101,90.5433951816328,1.54306446446345,2.8406153475689697,3.1671713447048,17.4780604227677,1.0368313830929001,3.82162060872054,84.2541317522897,3.9784891077533,1.6092009044231699
ES62,3.18526820444531,19.5370967032109,5.56225451558387,1.24101344189602,6.38882971734797,7.05050001581955,0.28240272804771,0.18826848536514001,2.9141914655495302,0.19400624602799602,1.0,0.1785026425597,1.0,3.88208001627729,0.254413967171869,21.713637365917197,9.414483085969099,10.4419451824922,6.26473911212796,8.35334214731039,0.872346767070227,221.048031969996,1.6836154837301598,,4.264225949566351,0.316514685684651,0.21100979045643398,1.0,15.7408803116186,274.989699929264,11.8282055400395,16.3849135970129,2.17889929802677,2.47942428059623,10.7106853545775,143.827472850697,4.62884337397239,0.97133499048745,32.0933145613009,3.10057502239095,1.37148858546592,33.369587865456104,4.82144869685429,8.26911887371874,0.0858509063414098,1.2046542437323702,34.6723589102728,2.0663292903504096,0.606371092923648,11.3606523483391,25.2655474883078,1.67257995304507,0.0974292842264138,0.420037710404158,0.010388448040967401,0.0752339998515783,19.9126339740216,,,0.9363404189013841,1.28453448496124,3.19194632705681,18.0255413275857,0.9213182035675099,,85.1857486599449,3.98581946449978,5.429119167709761
ES70,2.00844572884944,19.643202549747798,4.64849980531188,1.46175860241781,2.6077414647669497,7.0452049011559605,0.282474003690599,0.188316002460399,2.56505183848255,0.194449887520392,1.0,0.178564908075665,1.0,2.5738243031308996,0.328513151879998,21.1436471338396,2.4693709720954398,10.844688427675699,6.50632130505821,8.675504866361711,2.68718880741817,220.53930426078603,0.25595230827779203,,4.3161982267682095,0.31354864605413296,0.20903243070275598,1.0,15.7422018252698,71.4497067233285,10.8267180717093,5.58929149209003,2.15597430590358,2.3796362309658896,8.99016592237055,23.4723304539612,4.6522362572002205,,10.1266993614305,2.53680369432505,,34.1128962745846,,9.239319698873311,0.08584295281727909,1.31293178555037,18.8727464015033,2.06675394954061,0.685454227369298,,35.147023091132304,1.32101410141677,0.6290597748936829,0.417521496494211,0.010408645477452,0.0751592077071426,19.903607837018,,87.8272051612947,,0.81576701963805,3.1498276012158,17.7166066396214,,3.1652735908898597,84.6427880315723,3.87051791474357,2.61974604011803
FI19,1.10077757205542,9.41694847129067,0.641032183984895,4.05777193048503,1.1595418983552,1.5088259947209302,0.420136274422246,0.280090849614831,2.3891157043774602,0.114586667806742,1.0,0.11448981258478899,1.0,2.04349166997463,0.498522335113304,,,10.5295824794343,6.3187001671072505,8.424141323270801,,994.451204601995,0.262138975093255,,2.13295381125773,0.289848881237319,0.193232587491546,1.0,14.0114046309331,,28.1684556550712,2.0502421399377098,3.43510453369343,8.137335593976111,4.43379018679226,21.2280086888715,6.072244285110081,0.5127149899150509,0.00322238609202505,,0.432456461320455,19.8503771838414,,36.7758540324621,0.0916147254661913,1.77675643779716,32.5009561843712,1.84264410215138,3.43339910705987,1.40134037035139,15.8076213737715,2.00217158018992,3.4458909800125697,0.424847548826004,0.0196604676494319,,18.8835372367081,,37.0587375330689,,4.07971229169602,,,9.99449498115251,,424.448387968434,,0.638143651181225
FI20,1.46133257532055,9.32523411108589,1.56507568505591,4.27147623214354,1.04955978650182,2.00594289497535,0.4199035631108,0.279935708740534,2.10984992712341,0.115985923102339,1.0,,1.0,1.7514860520867102,0.551903101314665,,,9.97926640312239,5.98847128371726,7.98386884341965,,,0.313120696300537,,2.54794211848126,0.289768813722984,0.19317920914865602,0.999999999999999,14.5869774131104,,28.1042153098171,2.43986094438243,3.3320893928155,8.03053083417365,4.38358242834388,27.2675355238749,5.94075541227096,0.6318061555590969,0.047516369462000496,,0.19193969012300802,20.2236800061645,,30.9721716679187,0.0916285479271981,0.607738611267724,31.1506909507711,1.82454267833427,1.87967610262255,1.88603230632181,20.226676158263903,1.38359705116832,4.441782313312911,0.424690149112781,0.0196472067661575,,,,35.1884482559609,,4.45902109439165,,,9.98710844414407,,423.268254482827,,1.4692665477994
FR10,1.57628363320633,35.3222621329072,1.58930797454724,6.55106126637173,0.85410235544709,3.55932879897888,0.374063328708744,0.249375552472496,1.93403433413222,0.123356203921703,1.0,0.10566250467907101,1.0,1.80373861929971,1.0121010412051399,,8.647452748847499,8.507732848006361,5.1048946632784205,6.8063137556448705,4.916070488909599,125.658662114661,0.614940515983583,,2.61591558546152,0.381901635629167,0.254601090419445,1.0,13.0848682066156,58.777351874572,132.361241040133,2.56514480910804,4.488775538242581,4.82252769395957,14.553319724210299,45.243897612784295,10.681831740097099,1.16633066168201,6.73140890814663,1.42795613986436,1.72135489987864,24.755289277128,,20.462814659484298,0.0916282314079286,1.74258485749619,47.025914947831104,1.9098714655998001,3.0646023609057402,3.45051204487144,76.99604416423121,1.79691828128774,6.1332309814598105,0.397577513033106,0.0165133408462389,0.13033987449531098,22.9049979358967,2.78579610886714,74.6065610098734,2.89027674287019,6.60342482396047,1.21976883841298,,6.5162791941700196,,135.43525168756,5.94600263354353,1.55038462015943
FRB0,1.4802092499233,35.3707761134856,1.66395681098381,6.052642813757,0.541236573405495,2.4652263589722203,0.377836740585814,0.251891160390543,1.8512660366222,0.12336005988785201,1.0,0.10574412517994,1.0,1.32079571907628,0.961619795049092,16.0695088125746,9.3450373725156,9.16267317891758,5.49786532002362,7.33026924947058,6.18303701610244,125.668545106961,0.43775716805533604,,2.26481129319834,0.38243359638162,0.25495573092108,1.0,13.097946012980799,33.8752714600312,130.804085584742,4.53668517483892,4.45812825817553,4.81628279365474,15.0339848848785,28.1261923019255,10.740236195505,1.07113092566424,3.1469040093106,,1.87452994953988,24.7261393707499,,16.6277835390601,0.0916263310151067,1.54709374399686,46.5311321156951,1.9097148847574,2.47001161218185,3.23372188680622,46.918034308788805,1.33422886145602,5.016042302431011,0.397638195475333,0.0165336614440691,0.129854568809773,22.9068707857199,2.45385874951688,80.84433741268221,2.55822185424645,6.11783732583396,1.21798029172684,7.27472771430595,6.51200435308568,2.4079149948612297,136.03624173016,5.93585604309667,1.50766302007067
FRC1,1.0555477300161298,35.4073519661152,1.6279496718642699,5.6939003349053,0.516553175488472,2.05480706356296,0.377381182848234,0.251587455232156,1.69433938531221,0.123363800689809,1.0,0.10566753879057,1.0,1.01456171681147,0.9542558187119919,,8.488378287382849,8.91083248125069,5.34676612621211,7.12879930373362,5.16585210840325,125.650712193344,0.330540510427002,,1.85975662000392,0.382491538070577,0.254994358713718,1.0,13.0920302394139,35.7051428709358,130.290823894339,2.03921208408829,4.45466201526924,4.80286134321609,14.4831750805644,29.410905910347598,10.7515089511006,1.0508836651787101,2.67298700266026,,1.81654645386246,24.727923573888003,,15.7100550618089,0.0915714835415954,1.69830136373897,33.7089849481063,1.90973133603976,2.08232176410326,3.16867465215343,46.094523365445504,1.0302936599775,4.322449210671159,0.397618826540643,0.0165390673855823,0.129824888879795,22.9045838787572,2.6814709679396502,71.6655753661732,2.52420447998473,6.81475831107314,1.21751206038649,7.2615149767185105,6.51866785467427,2.87192120355782,136.180192721801,5.93366327666543,1.04165430758962
FRC2,1.00529754741564,35.2829235117719,1.1278334891962098,5.71013364022972,1.08581041121514,2.05245377761758,0.377699574252086,0.251799716168058,1.72497382489748,0.123364364721136,1.0,0.10575892524213,1.0,1.6028987015483,0.901180906802526,,7.85286029500682,7.74791984838226,4.64899208725012,6.19845596781542,4.621590130891129,125.6103893463,0.328448001436626,,1.73949931946706,0.38254452872523503,0.255029685816823,1.0,13.073489215625798,36.2507542280758,132.724344957669,2.63425580099365,4.495424866909031,4.8425202881407,14.5280543891534,28.2642424321393,10.7481693940891,1.06084575312538,3.57655505985794,,1.93624007448776,24.7285197531791,,17.0850936107698,0.09154608349098911,1.5791924344282,28.5081732205073,1.9094032363129299,2.77053037049579,3.4407066045622803,52.190252673413106,1.60191668709801,4.96864715237492,0.397535040904339,0.0165098341177677,0.130306221441201,22.904537723435997,2.2911975015480297,83.50384466532981,2.4282602520628704,5.741881814238179,1.21900613884226,,6.49500279631504,2.82774009817875,135.831428433155,5.76856165217493,0.5726690529076289
FRD1,1.2479262351868798,35.2969907530317,1.2628852426876098,6.36008141116918,1.48666312874536,2.67252467480493,0.377913012602138,0.251942008401425,1.8573469003002698,0.123365345656485,1.0,0.105702585985876,1.0,1.75225509332689,0.994943563528768,,8.805710743357249,8.58847177025728,5.153349683014451,6.87091072663587,4.51265527298358,125.71813250476501,0.404135284928755,,2.3835697858789,0.38234438844096097,0.254896258960641,1.0,13.0945012521898,37.678331373118496,133.573552579291,1.95375456620772,4.45577062834119,4.8204193866407605,14.909012213635501,29.949311380072597,10.6325632981842,1.17486373375206,8.90565355840949,,1.76727189553792,24.7842026078687,,18.3354740778545,0.0916172227844783,1.4615606979280702,31.045926812448002,1.9097546312017502,3.52230341310373,3.4786759293504,49.050981620754904,1.75008691453646,4.58246576775733,0.39767031241637196,0.0165446081768411,0.129559540036269,22.9047428429547,2.6386845750146097,81.2701717303341,2.65989840075408,6.80590489722555,1.2211878893150698,,6.52430595144022,,134.942827265257,,0.7931846064690481
FRD2,1.62551869726967,35.3195143056096,1.9414118016409199,7.12732967572239,1.47963010892602,3.4383817690497898,0.37770088119588596,0.251800587463924,1.8751129627510499,0.12336490488389601,1.0,0.105722674712083,1.0,1.74571062705376,1.1571530233227199,,7.99499927557292,8.95758413045451,5.374813916324509,7.1661990233889705,6.06021472205026,125.695319439895,0.49923381187511,,2.61172679108807,0.382468763018937,0.254979175345958,1.0,13.1099072345765,44.636019635604406,132.366640530681,4.845864084933329,4.450765725944271,4.8238395489139805,14.7028237610112,36.7223940894961,10.6827400702809,1.21917767612437,2.92338855507308,,1.7604446440925998,24.753902272308,,17.2716777047015,0.0915705699359896,1.52161746757033,40.7826575906094,1.90974954923695,3.3844767553298203,3.60493450156818,59.4411974803418,1.74237884390153,4.852791643870829,0.397684674732003,0.0165338597982763,0.129973853790047,22.9027495260809,2.37305408181655,87.5170475411728,2.50186226211359,7.9495974620923695,1.21975926686657,,6.5153568646392195,,135.44051799925202,,1.57596278999199
FRE1,2.1541729292186003,35.3372709506178,3.06964373230604,7.382235379316921,1.39220260311044,3.53314877345576,0.377835158623931,0.251890105749287,1.8334176576115,0.123362033931727,1.0,0.105744417751543,1.0,1.71617071123645,1.1803972045734599,,8.24702285727383,8.48870431251247,5.09347097514022,6.791087643826341,5.40729386572368,125.67740090818401,0.643304912271455,,2.6111070751972,0.38255296519406395,0.255035310129376,1.0,13.1005853820088,57.3379024769359,132.011474570582,7.52101726886921,4.4823269007789,4.81768338751801,14.524934458746,43.765544795829,10.6936966471615,1.3057365476835001,3.0345769518439503,,1.55011148278578,24.7517892018717,,18.5302351616913,0.09161345221682021,1.39373436387603,42.519154437917194,1.9098680557170802,3.2031961372613,3.8510042105193403,82.65616412515449,1.7140121316341699,5.838869735657751,0.397677323967286,0.016514138481948697,0.130301704646318,22.9048997208387,3.0129974808441498,85.428198491475,2.1919529012541203,8.073687633461379,1.21939770080427,,6.51759528404096,1.4286147517479901,135.55832819741602,5.94638452001444,2.59326939661626
FRE2,1.91602296630667,35.3258938450665,2.13494203903273,6.9807940584591694,1.3432670921393501,3.53408810748736,0.377695327784591,0.251796885189728,1.8887715059692,0.12336154220293401,1.0,0.105764771376194,1.0,1.73599787336522,1.09793563371207,,8.27112739265082,8.889876303383481,5.33419332324166,7.11203481331283,5.3726308536708105,125.68711198044,0.617069546117746,,2.61091663149387,0.382578856683214,0.255052571122143,1.0,13.0937539448871,52.4733827737779,131.95142443698498,4.504300561557989,4.4685551559182,4.8258384528137,15.484645045729799,43.2942973806335,10.7007915507028,1.2438220459309,3.1462678777298403,,1.77249328615251,24.7425366834209,,16.8962715045052,0.09152584681631509,1.66365844605138,41.957669100563294,1.9097491856495998,3.4606518545429097,3.6692754485597603,71.1750645385394,1.73112961817634,6.24710873509724,0.397622313462536,0.0165369930438342,0.129800677781189,22.9053582171822,2.90262067015288,81.7012293997184,2.32677512398896,7.3859480783113005,1.21924795504848,,6.51164546561472,1.9378424387592899,135.61764565105702,5.78952623380533,1.98037079830064
FRF1,1.89626229115246,35.2797942216966,2.50991178578143,6.31848333554053,1.32538003366728,2.80316635983792,0.377787779460948,0.251858519640632,1.90331409186829,0.123359442112893,1.0,0.10573710561923799,1.0,1.75599530090712,1.43045873038062,,10.873397758266199,8.81829001713004,5.291278087251531,7.05478405219055,3.9019051556354003,125.71919667233999,0.46927504200801795,,2.42036471637209,0.382692635648673,0.255128423765782,1.0,13.075907060235501,49.0574435810447,132.812075874615,4.14181726654329,4.50572589826887,4.84303775700825,14.8812349040254,39.0648507699255,10.7449783096349,1.20689112398341,6.1875226301120305,,1.93063319197743,24.7300987114115,,15.6913069743711,0.0916427457056091,1.47162536538586,38.0605112592614,1.90941154692071,3.00147904795,3.83187743714489,74.8224882600213,1.7485072214825,4.7724612543578795,0.39751502580445996,0.0165085706712128,0.130332388477946,22.9069404828594,3.4430147463291503,80.464521452733,2.0913238765524502,6.704064128525809,1.21910639104601,7.25622869946178,6.495129170109309,2.97561305540112,135.798268103595,5.92983414872766,2.00757238234082
FRF2,1.61546023965248,35.395993638164505,1.83659107643563,6.28007977703241,1.23375078134554,2.9536723854033897,0.37771970715982,0.251813138106546,1.87312986225743,0.123360960804641,1.0,0.105727766675005,1.0,1.63478289068956,0.9871481441405361,,8.2282323435968,9.12075771730734,5.47273148826182,7.29674460278463,4.895683329452281,125.922723479962,0.447639191121522,,2.46438458054356,0.382487816498503,0.254991877665669,1.0,13.1100971478135,37.338282416782,129.849140678182,3.4197730650592897,4.45410449838209,4.81527604373344,19.5871486961984,31.0468824988961,10.7786238843844,1.14332324887161,2.0939060428167,,1.77615851570262,24.7050817338277,,15.6892738137623,0.0916156119689443,1.50702504111778,45.6093363724303,1.9098137256028398,2.85631091701248,3.3983840647415,53.272165640684705,1.63197601927145,3.7003060585182403,0.397614111949488,0.0165316939891813,0.130070363855643,22.9054806292661,2.44293923357037,83.9063964829965,2.67715693168662,6.7952420714597705,1.21682069145747,7.25670887487796,6.50727100467528,2.29550312339277,136.424300798569,5.9387721269234,1.61620862537709
FRF3,1.0777264330032799,35.2872054029732,1.0241047029619998,5.54538278590592,1.22696621030534,2.5658077664527,0.377603600527219,0.251735733684812,1.8878509990677501,0.12336033716841899,1.0,0.10573513290699099,1.0,1.63897193326995,0.853184462209049,,7.552711416727241,9.05323422543437,5.43221777032318,7.24272599787882,3.8956110512138498,125.64388841480701,0.364756001386479,,2.3468802576051,0.382547924461144,0.255031949640763,1.0,13.0753124412615,37.3713787504393,132.640242881951,1.27400128500186,4.48308476074156,4.84129854210906,14.293167354900401,28.7035900455491,10.750808963059901,0.998061574793804,3.6402155893281,,1.80394599245873,24.727747676099302,,17.8170931227376,0.0916509063557775,1.60053106571694,37.6742450856984,1.90944512376325,2.82011278255473,2.95132075128822,49.796073963328006,1.63520879105575,4.10018971184219,0.397493641495153,0.0165085441549223,0.13043464538368998,22.9066898354874,2.03528033251931,72.3628314555792,2.6182988171544097,5.7490754490149705,1.21891692221189,,6.49540188521272,1.61896681747634,135.860202022309,5.94865540499255,0.741490448255552
FRG0,1.49637018187272,35.24127772166,1.71903355634878,6.02374095249598,0.9778088286687591,2.7813651109134,0.377068565609667,0.251379043739778,1.87300761377047,0.123361856334991,1.0,0.105733285881035,1.0,1.56848825633285,0.991738284477054,,8.30018700224918,8.91989838902281,5.35225070699847,7.13607454801049,5.59114426874738,125.690240628321,0.48879580533671296,,2.41192071354799,0.38266938218458396,0.255112921456389,1.0,13.1034275095294,34.8569577493723,134.38109856958502,4.02857188526636,4.46308892864436,4.84084990032363,15.2982840823714,26.498827690522003,10.6164420961122,1.0720578374138399,3.03779215474334,,1.86661185430667,24.7812444116404,,17.0856653852868,0.09155476768736501,1.63497826135447,32.4361308944461,1.90992901526533,2.96747561727824,3.25581411738771,51.3877185020862,1.56791575243017,4.763901716233731,0.39758225478757603,0.0165404509561123,0.129714644315449,22.9035526895787,2.44912293626123,73.02278383212601,2.7850171887843898,6.39943986345075,1.22189048045066,7.23836433188138,6.5142302272059,2.97630772580993,134.730879941698,5.94016740940681,1.38348774484501
FRH0,1.51819202139964,35.2570404036069,1.49955574068496,6.6436650344251404,1.39340111791921,3.1128981035050702,0.37712009451051,0.25141339634034,1.9645327297692599,0.12336650592644201,1.0,0.10566112470436399,1.0,1.8798646746104501,1.07578386489562,,8.89175645214323,8.92737712348099,5.35674999500214,7.1420635592420805,4.70607961457347,125.697441109904,0.6019792915782279,,2.50684290378826,0.38268872956933303,0.255125819712889,1.0,13.100408676252501,35.776796948869,133.799681889067,5.52431344445991,4.45960335136531,4.839593354911219,14.9679005147394,27.0518060550782,10.6381658384035,1.2187852107865298,10.6182171972333,,1.8241487549498399,24.769779173257,,18.5568160577638,0.0915993687995169,1.4169781388375,32.259673387143096,1.90984392633258,3.5797013303612997,3.5958815513811,49.4667471992674,1.87720987026707,4.23831393837665,0.39765432660262,0.016546071817108002,0.129584397963691,22.9047348223755,2.4424634499898796,68.512070800403,1.98402145556733,7.176047168404559,1.22124462559118,,6.51198943883954,2.84478396801798,134.95269705758,,1.38158573936868
FRI1,1.9886149051888402,35.3815340211882,3.3818369285967003,4.9549999008122505,0.41952608043451,2.0525014357332303,0.377693113696371,0.251795409130942,1.87376745150193,0.123357556372858,1.0,0.105806174062062,1.0,1.21041470760042,1.2452294019995,,9.74943710817045,8.97130574438416,5.38307709096899,7.1771914176763705,4.92813992106787,125.625962897551,0.353530208292412,,1.67892529725953,0.382578300514819,0.255052200343212,1.0,13.103903969014,33.4158257489898,130.148284769457,5.8496341124323195,4.5294600095244,4.820554112332981,15.053153085858899,26.636048828690498,10.7686098926091,0.883205529293965,2.95922394232848,8.56625082943325,1.7576142473104202,24.7073599332311,,15.600276541826101,0.091635537457614,1.60506819150469,28.4434928000652,1.90989147529287,2.11547078300684,2.78112336735262,46.3670977513054,1.26213526225747,4.26251385136844,0.397588007835119,0.0165152699274457,0.130298496358688,22.905984717426502,2.6344557335817,81.817187961599,2.42806953115848,5.63760335050161,1.2171412431557,7.07853810991173,6.50540920612216,2.75678815282725,136.31991471646,5.934445225071819,2.33182129123321
FRI2,0.706010786622025,35.340446434415895,1.08972378732659,4.84492737577678,0.430676156568931,2.0548211033336403,0.377379287113404,0.251586191408941,1.6567235051337499,0.12335725605632901,1.0,0.10582037075579499,1.0,0.831889242993612,0.695153637028063,,6.998169057892119,8.28960834874101,4.97404218905716,6.63182526890499,4.577453633154341,127.33711996079799,0.35417193361792,,1.83472401958077,0.382453363643115,0.25496890909541,1.0,13.0724214933154,34.803466462278095,132.037375602167,3.4838981032258998,4.46132895418835,4.81778969650472,14.2496775125832,26.9010380889323,10.6899053402564,0.969317906585242,4.58582271734205,,3.58930361713139,24.7532897308083,,16.9824866280937,0.09156545739226639,1.62402857786729,24.7448076689187,1.90982418477994,2.22713113421522,3.18340680382619,44.495434502292596,0.880387250753378,3.3819320400770096,0.39760932078499,0.016530243580986,0.129974959640401,22.9046250735436,2.2082020938838802,,2.1873541381742,4.64781850250762,1.21945265407243,,6.51802576463925,2.0888772173778003,135.535092197765,5.94514222484913,0.512106222228305
FRI3,1.71481342161494,35.223549638856504,2.05813460483052,5.8103490567804705,0.590977161310753,2.80155934532766,0.377321730300719,0.251547820200479,1.81316913693361,0.123361811780116,1.0,0.105728152931834,1.0,1.2825944459761298,0.963318429858536,,8.11695923805844,8.85060715025575,5.31065610233409,7.0806316262952596,5.117725832180541,125.951736822352,0.511965943228603,,2.41855712702695,0.382683803506121,0.255122535670747,1.0,13.097660937359601,35.0261024658367,134.569784379766,2.4155573192770596,4.45647633395468,4.84836055504279,14.4091630726014,26.6055559486058,10.614590935812,0.915622509159018,2.30395048400623,,1.85531777018361,24.7777354970358,,15.377974240273101,0.0915661075754659,1.5651259315356798,20.8111080299761,1.90982519362448,2.7617942083019997,2.97571258612402,49.926346026500894,1.32347257046732,4.44039063654617,0.39763558495323204,0.0165359105158099,0.129878187130805,22.903794003157103,2.30457856258034,81.7261641058308,2.36448547026369,6.14029471966204,1.22202762625573,7.28312412618739,6.50997604219767,2.7048866255467803,134.695161489976,5.93732771561997,1.86772353656386
FRJ1,3.04686496008904,35.2888044259209,7.53863711210128,4.36799643830993,0.49526877380779805,2.05466903785477,0.377399822307491,0.251599881538328,1.90341656567971,0.12336482997829899,1.0,0.105654515781072,1.0,1.2737541061865099,0.649184886983969,15.691488671685299,5.04243671457733,8.48714922901374,5.09254943403694,6.78984933152346,3.7054750241295302,125.62442567964199,0.13941550711005898,,1.56641785013139,0.382608804711206,0.25507253647413697,1.0,13.0602114050574,18.1773629164206,135.491079995401,3.42372675925878,4.54070738276862,4.80225150423349,14.474223142642,13.6107542582775,10.6225523549148,0.748457969888434,4.847561406877969,1.4379178477417098,1.82150463080354,24.8013045828517,5.57423659918064,14.5149227392878,0.0915700552384141,1.5965978485287,22.823383427778698,1.9093112493206599,1.90381214965107,2.78784646429824,18.7672907285763,1.31899851783128,3.38726670007888,0.397649734710102,0.0165194204225851,0.13023048303899798,22.9042489661669,2.40987379174941,82.4668599235764,1.98754290643546,4.5222840203155705,1.22320954439912,7.40680945759475,6.53663476210443,,134.34304445571001,5.9271736531136705,3.46254792050446
FRJ2,1.10691358096191,35.3104247040234,1.48899384899874,4.88301953429458,0.37263273045149,2.05415402735955,0.377469409447531,0.251646272964998,1.81194238041951,0.1233632004743,1.0,0.105732707279657,1.0,1.09750057134938,0.898195353222491,,9.09542084129213,8.21284281717986,4.92798542285028,6.57041412001512,4.7443039188066,125.749362870464,0.340809413269701,,1.6994738772142,0.38249924807366303,0.25499949871577604,1.0,13.101391720658,28.9643699223865,133.438105689645,3.18497493606725,4.464682129920811,4.8158816176052,15.3433440936129,23.3162778111656,10.6329719479001,0.852121084032175,1.6245017889297602,1.35930779003678,1.87048270994181,24.786445512757,,16.1240944131197,0.09158924752978259,1.57620361378434,28.7785734314331,1.90984908338899,1.97744594751746,2.78197693933464,41.6844936284954,1.19266847073823,3.88220940322909,0.397632656017123,0.0165220863697826,0.130120632732924,22.903361627962,2.5923907486785,82.98019714167229,2.30948540060714,5.249298208102981,1.22109412070748,7.3897538418518,6.52696685665875,2.5266480117106798,134.966065554587,5.95260629672154,1.0303575117507
FRK1,0.808674706261258,35.299884220622296,1.0047827871736401,5.19604560534288,0.47018774182946205,2.053760803173,0.37752258186220805,0.251681721241472,1.7321037280893,0.123365802453912,1.0,0.105658695220696,1.0,1.1111159967950701,0.91895614742439,9.15521044497531,8.29296129591488,8.06570474306321,4.83968136758729,6.45269305532534,5.10488016536968,126.00347451597601,0.337566458886578,,1.77184750571336,0.38247944912108,0.254986299414053,1.0,13.097812069685,35.6822765237977,130.08534018003002,1.99350967911684,4.489980629175849,4.78562268767536,14.867487561883399,26.6780953341706,10.7410314585465,1.02778385040052,2.93700561731907,,1.9033797072083,24.7447591415734,,18.043749990833902,0.0915988706895193,1.64413785846057,28.6154785354937,1.9098774691761902,1.49207243202465,3.21669239873816,53.2837587288934,1.13433847688203,4.31150919990246,0.397556169677728,0.0165201755824576,0.13016957772779,22.906147093537,2.6125340026893,69.3209288850624,2.65101562975538,5.71504159071397,1.2175235232791999,7.288648237133439,6.53073075918559,3.31991880003517,136.148631303148,5.552739168959359,0.506506801681764
FRK2,1.2905648712134,35.316126167703,2.3477102664789498,5.6893096349362,0.7178451824184511,2.0534662557225802,0.37756243420709595,0.251708289471397,1.89605292683435,0.123363978364761,1.0,0.10572102348415,1.0,1.5441128098766301,1.06918670690038,12.9109351493952,9.25437741340633,8.82471219252595,5.29510062120005,7.05990640686294,5.17126060426468,125.530362884118,0.284484837887703,,1.56725109195506,0.382420106690637,0.254946737793758,1.0,13.1038532222282,32.8524120440536,129.471314624169,4.2140680445138194,4.48428808300354,4.78404908959151,15.3247960525302,25.6137493156318,10.7652981172918,1.05276445376203,2.3921932551387397,1.4571405877799901,1.84091648623247,24.7320530190607,5.31059807661875,15.6616160756567,0.0916129139303698,1.6888660778931,20.971423092913902,1.90988252859702,2.89897236130265,3.53107958175916,47.5586468071158,1.54382854233307,4.281085051711471,0.397534451006461,0.016516862111919,0.13023290409603,22.9034959197208,3.3073885435677397,83.86134453471479,2.38773158977165,6.14781080212011,1.2167893618774301,7.26266883314755,6.5283873393075105,3.24311333116922,136.39590865054498,5.93382458663653,1.09706442979234
FRL0,1.83582451719992,35.3845277715725,5.68268014485865,3.96124924196253,0.8792173802620891,2.05434328027972,0.37744383095192596,0.251629220634618,1.96663732488353,0.123369562319326,1.0,0.105692477411187,1.0,1.6658750461607301,0.761441872732098,15.8690793778011,8.52660619251836,8.483645687201749,5.0904717339671794,6.7870587105838505,3.7741750453487497,125.532258679691,0.125558702469625,,1.56562605895203,0.382788474732014,0.255192316488009,1.0,13.062586532446199,17.5270725402098,132.07923640475698,3.0750340590507297,4.472752836685729,4.79246175393844,14.4040232287385,13.507562898161899,10.75108010954,0.737979792906297,2.06711402496008,1.43095841473232,1.87382799317412,24.7349197735804,5.62218806685818,14.7185714099084,0.0915810118785832,1.55142470425023,32.670907909464,1.90927482246661,1.80409438126459,2.2400518872582302,19.0544267485601,1.60002372169748,3.01797211731066,0.39771674372474397,0.0165190961619787,0.13019300989097599,22.904911508447903,2.55108698551315,82.49026870913251,1.9858483612678102,3.58610762405991,1.2193957432576301,7.24759130760475,6.52514701982337,,135.66012204655198,5.90404465948985,1.8940973871523499
FRM0,0.847511674519509,35.490006819955596,6.36511271113869,3.1974529242855603,0.382859542842077,2.05183460503479,0.377783556955533,0.251855704637022,1.89283241439163,0.123361005103685,1.0,0.105878996445678,1.0,1.04754966362877,0.742685909132245,16.1866765393776,11.8222708194568,8.486363576052259,5.09206997003948,6.78921677300975,3.0508536203765,125.104818673287,0.0844006525794317,,1.56810676688288,0.38222673041552097,0.254817820277014,1.0,13.1750145065438,12.9558422699929,127.982581637225,2.72717015305428,4.88287407901192,4.78786022705824,14.370425078779101,9.971077228648161,10.9132266631056,0.6934988037929151,2.8371418988154002,1.45133585584882,7.5471629300007,24.646341955977498,,12.0806651053424,0.09154499193242699,1.4962670446442201,24.5475980105161,1.90928508481999,1.73197457042368,2.3951142758721398,14.013968853018099,1.14687572135465,1.49175511691767,0.39756386077375,0.016527567425365403,0.129939996448102,22.9067619721796,1.00084719785983,,1.5525482558638601,3.4393104513317097,1.21429803121428,7.3312207649358,6.505443739702351,,137.34939754862,5.87711122052831,0.77274218066661
HU21,1.00186290176415,16.7458511679515,0.971356029437177,5.1778737559187205,0.458455393096969,1.85669314324896,0.368531492458351,0.24568766163890102,1.93729222676844,0.23441934087150698,1.0,0.169691238155681,1.0,1.57173472625306,0.888393212879368,,8.10437606577319,11.114949911929099,6.6605731505577594,8.88776153124491,4.86093604674872,51.0039785220723,0.19486268134303,,1.43883443497569,0.43321858733191,0.28881239155460703,1.0,15.9249190521526,44.2668290621056,3.97900827084079,0.957667789668317,2.72797243772802,3.63208502913869,0.526445770152538,18.4430427301093,4.8804442344691195,1.03809869381223,0.8614501486367689,,0.9509454194211341,15.3206681363357,,4.01573978615409,0.105807007282651,1.43634977192691,29.980845968993798,2.82068055445644,2.67745544982716,3.32941880223079,23.6306871898487,1.4529556449880199,4.2701294358325805,0.29504305162839,0.0262471776232279,0.00972612439716831,15.9320016669587,2.11105856824729,67.0621878238539,2.90854245793007,5.46632340081001,,3.26248479543464,2.11451576138817,1.78070312059151,82.1644369194667,5.180456158255169,0.857702287627017
HU22,1.0243376023820898,16.771502018110603,0.948428398383769,4.88899469320731,0.685328273403912,2.13620127959973,0.369621999979997,0.246414666653331,1.83848798081058,0.234425628686957,1.0,0.170140296401089,1.0,1.61286219158232,0.809885814383758,,7.79124632830901,10.2451488475605,6.13936195591926,8.19225540173929,4.35155024642443,50.8557039117732,0.22088528634439503,,1.60259462886946,0.431393493278385,0.28759566218559,1.0,15.8983077838678,42.0605726823157,3.97951212956661,0.9060536292381359,2.76766768112604,3.6376051372101603,0.528523606333281,18.051657825665398,4.8834335161885,1.0303459104343,0.765297008985368,,0.956069218512561,15.3162854817187,,4.45033314147012,0.105919750131486,1.60159957756697,25.7156865829311,2.81731853795511,2.0546088473190998,3.1842499867606398,23.9455800051533,1.56822841753649,4.08261297037037,0.29628718749961097,0.0261658526753787,0.009781103373197061,15.9460269367137,2.42903945537866,58.440097191364195,2.85935459111872,5.3125165226975195,,3.33618308540942,2.13326003736239,,82.1625700494147,5.1641762222024,0.858177273713442
HU23,1.10868990059461,16.949937582826003,1.11191893153087,5.98335638817377,0.43655950501108903,2.2446786901227003,0.369107382897509,0.246071588598339,1.88996942150977,0.23442177189438998,1.0,0.170105399633779,1.0,1.49196010591672,1.00825223466838,,8.93881078586607,10.7113000223219,6.4187214396669,8.56501073099365,5.08622175635441,50.7618000001969,0.22492772361212102,,1.59926897062144,0.44106313967620503,0.29404209311747004,1.0,15.9063970319375,48.3704821752266,3.97549737192018,1.26205453582685,2.78839042890675,3.62526127790266,0.526383986392028,21.360934168933102,4.87099714488352,1.1076372623945698,0.958738688707876,,0.966084288206189,15.277938901703399,,4.2108881758637695,0.106032491363592,1.3228592421774499,20.2304789691197,2.81733733114401,2.33285780052547,3.4316774730788704,27.1866272019166,1.36708146949608,4.1246506222456905,0.294758994014616,0.0262026194054067,0.0097420735749532,15.9225905967006,3.13867572023628,62.9331535955504,3.0793122982531,6.14161552722109,,3.4305543051338,2.12610008723252,1.63074709439146,82.09192357925009,5.17672075517122,1.0297892855605
HU31,0.9076886506988829,16.6747081126946,0.908876102627763,4.96354705737902,0.316708062776887,1.5835565833130099,0.369815794819838,0.246543863213214,1.68343928327115,0.234419391929092,1.0,0.17018183119858502,1.0,1.16518684587802,0.7489971172320441,,7.373869101715149,9.57273729730807,5.73647916495558,7.65460823113136,3.95706556019445,51.042293983243,0.125947404333704,,1.08108559803664,0.43769731014200103,0.29179820676133394,1.0,15.849850875222701,33.258685492923895,3.9801637225572097,0.9469686329829,2.74518675587215,3.63396090182135,0.5265401607344541,14.0520281493992,4.883423984052389,1.01295951431215,1.05490196792723,,0.949367950959632,15.3355003268739,,4.06557722280906,0.105874955428818,1.8066489584599101,19.2343137756413,2.80857544184124,2.40334532089914,3.06813195560814,19.025786535936,1.0505664425021,3.09951554471725,0.29449129454060397,0.0261857089299131,0.00974268967409516,15.9376419884624,2.38866009651062,59.5815166302043,2.9188329524769503,5.148704714029099,,3.62660938476618,2.10921081485853,1.10480353897278,82.1894034863966,5.18103340284715,0.7550507411829139
HU32,1.04187986539133,16.5517844011131,0.979669793722531,5.0444480115879,0.43917198056627,1.59358712393371,0.369326845036449,0.246217896690971,1.7471319668029701,0.234427703793095,1.0,0.170332818448588,1.0,1.41730794028236,0.858055218171657,,7.83121365981687,9.704056907181181,5.81511119251373,7.75958404984712,4.5790795929621,50.7426580825678,0.163182443682852,,1.23652798558499,0.43599135181197696,0.290660901207985,1.0,15.8413313720499,41.8777070456169,3.9825613724108098,1.25533220903076,2.78975896939579,3.63983686023596,0.526599477420374,17.598455158517602,4.8903268777992395,1.0154732025121,1.3732048215677701,,0.955238445228711,15.3615556451994,5.0069249818855,4.67764551218857,0.105937434708299,1.60917808174285,21.1982429073091,2.80784611204994,2.1305228047362204,2.8706155147953902,23.8280684264088,1.1851396858547,3.27563770214028,0.29536908385522703,0.026192916375604898,0.00975305085899731,15.9333824900817,2.60332835891795,67.5329850523194,2.97125037564753,5.08363205281696,,3.34221292880131,2.10723259472185,1.85256997465639,82.2359654386436,5.11663775775876,0.813903492161385
HU33,0.986881812741701,16.5685722041238,0.9778276008853259,4.829385646761001,0.536582903925311,1.63149495476072,0.369235919273996,0.246157279515998,1.7315960425188501,0.234418286090522,1.0,0.170280754336677,1.0,1.4091187574086501,0.7922562391411,,7.291547457759391,9.2928759897784,5.56867944034425,7.4307777150611,5.13908414546914,51.092153113859204,0.163029161502411,,1.26699662721239,0.433129490298157,0.288752993532105,1.0,15.895841511854199,40.4351209821061,3.98204525777915,1.2613446590711002,2.78326595358026,3.6377805357510002,0.5265748855786,16.8182079206368,4.88855406479796,0.9867014282477939,1.45292668528524,,0.954669029183561,15.3577975141627,3.51411838477796,4.39886388446109,0.105895747626054,1.4026421514046399,25.3656388713492,2.81571822326745,2.2560056163502,3.12136357946247,23.596177505729198,1.2114463523807102,2.8644025105743,0.29450394893383997,0.026194795688057902,0.00974366130115488,15.941622270337,2.70006068172675,60.4906566614414,2.75925633584327,5.21567294533176,,3.8601273626288197,2.10412591340987,1.44162476277727,82.2280944546504,5.1775345223792,0.851803410653459
ITC1,1.5389706575856301,38.4062670280587,2.2694386901398698,5.5778995704779195,2.12607437112878,3.6171906102783202,0.354922934751287,0.236615289834191,1.99159329098903,0.23696004814986502,1.0,0.188565338900618,1.0,2.03578348046541,1.47527169261908,19.1721815251591,9.889122080067231,7.5544086595195505,4.5308226681834105,6.04261566385411,4.67476405222211,215.673869472089,0.252185986022481,,2.88895762348315,0.321753600045315,0.21450240003021,1.0,16.8465436554974,74.1459265434694,24.486684577882702,4.92603307328957,2.3969536991652,3.8064618040310703,1.77544964796911,16.384759643181997,12.8127396057686,0.9729977977099961,20.3119536440522,1.8971929476559102,4.6710793403682,23.617417268184198,7.2126512920723,13.3232012909468,0.12903697267414402,1.96489561436339,33.0117349813096,2.2692051036023,1.58678647152264,2.49873491747277,22.1022031201611,1.9865372829488899,4.3896495653007195,0.401122495698203,0.00610582314782856,0.0736482873580824,19.0590012309815,2.9967791742303698,56.7799037245235,3.3438169365775203,4.32804451922392,2.25350107634846,20.870807022893,,3.15638788130773,61.0134310408369,9.53533770202555,1.11166611242385
ITC2,1.15885273203365,36.9363411761691,11.2211619214711,8.633844029880311,2.18177498987285,2.8629996555038804,0.355820956160525,0.237213970773683,2.0828236756206504,0.236954576209174,1.0,0.188587339821209,1.0,2.09115124866206,1.0884489397653498,,7.29062757129105,7.88954029205627,4.73170192555936,6.31062110880295,28.1391000268738,215.955479626277,0.119046934175205,,2.51719577154923,0.321596596868285,0.214397731245523,1.0,,70.20157400092761,23.743980231268402,7.349305953031959,,3.73863030531684,,15.633914811988399,14.975165310872,,18.6649722085329,1.92155149461817,,23.438639755437997,,13.811226110455,0.12880182814702398,1.93526396120668,17.1396243918113,,0.22737354020952402,,,2.05095094922115,2.44439426155497,0.398617137862584,0.006090548718571409,0.0736384938777787,19.0707075429725,,,,1.55597015284485,,20.7384798273265,,,61.5139638268551,8.90173938676701,0.7815880091036981
ITC3,2.85841626852172,38.6172287242563,14.4994368211481,2.2294237867945497,1.43688264237844,2.87553532866899,0.354837015746427,0.236558010497618,1.95078290127443,0.236959867179151,1.0,0.188563596187241,1.0,1.80541918623851,0.703072151489264,19.2854609684253,5.16202951014292,7.85680588374409,4.71213074807506,6.28446831593417,3.65412545966365,217.340912673803,0.105088749042852,,2.51637007254533,0.32166210342762297,0.21444140228508202,1.0,,65.0828738581148,24.4090535536333,3.3775275101585196,2.38795490895318,3.8204437272647,1.76912578506426,14.0202296335064,12.958427766073902,8.62152982175453,17.0865500737734,1.92438943825752,28.333584638890198,23.522066177802802,,17.281128137515303,0.129157996517648,1.38333698862744,9.41414208882614,2.2771135255853503,6.53438441300602,,19.124588728158898,1.68389333414635,3.74363820731138,0.395922783319189,0.0060827942917102,0.0736438982381692,19.1835553914487,,,2.67000851314249,2.7917597912636203,2.40011047580461,20.653212009375398,,,61.4340163829997,9.413058766074249,3.23378978143627
ITF1,2.31320304535805,38.362836190187195,4.04039989402003,3.4541634019429197,1.54845717927022,2.8708073554107,0.355206471762333,0.236804314508222,2.2965169853757,0.23696272895418902,1.0,0.18855553014727103,1.0,2.13888262674784,0.93006409117399,19.2484187136021,8.0572575712351,7.64783752306703,4.58686664598504,6.117352084526,3.92269038036786,216.372889437198,0.165927441304081,,2.5219902341687797,0.321217601848675,0.214145067899117,1.0,16.831683590786,36.4620224901053,24.4180662858463,7.50958866503181,2.34717384937311,3.80558187315097,1.9906441009056801,9.70111706099591,12.9725756606959,0.717837053281203,19.277538470567002,1.8957311750830699,4.62218990922983,23.5817732381794,6.93155195880394,8.695426905599021,0.129036242100318,1.7237662257838,35.2083198763155,2.2691992411391504,3.27214584392836,,12.3175484178665,1.76264187713779,3.63818806338988,0.395327992201647,0.00610638187151969,0.0736324729849157,19.0492885742668,3.1038618654289,,2.14095136677958,4.38900181971223,2.58032971364911,21.538513885904003,,,61.1525256381819,9.4139662632943,2.41483508676755
ITF2,2.3144168632526396,38.0312954741418,2.75511079070176,3.98107906840235,2.68296095406079,4.496119972727509,0.354502199341388,0.236334799560926,2.09935071515544,0.236965367979901,1.0,0.18854394795224,1.0,2.18390657233437,0.8554284663014601,19.2484217708707,3.8451727443748602,7.36125435952465,4.414991821476851,5.88812309050225,3.4145504638221,216.275305378757,0.31137952245558304,,3.5736275969092897,0.321654100575749,0.214436067050499,1.0,16.854576775328997,60.656270494489604,24.3078929119799,2.10568563755982,2.3950575593563297,3.7888463220084,1.72976235142881,16.2088471409324,13.278497842168498,1.2472402370079898,20.0509309107092,1.9003297553037901,4.6066821675290806,23.5802646884046,,8.6677098606505,0.129035138401567,2.30966711813572,13.0216966993766,2.26922718965313,2.1315167367853602,,20.493198027192697,1.90111135958636,3.70673772801318,0.400714549905224,0.00611244873699166,0.0736674794969431,19.149757312057,1.0514984342159301,,1.9081271441393102,3.5845493411278397,2.13808590154441,21.5489165083215,,,61.1072403417787,9.40354764952615,2.34245319848617
ITF4,2.67924851339963,38.6490451609546,3.00507904033398,2.55519996662931,2.20737443467472,3.47097838350762,0.354737865274005,0.23649191018267002,2.15323840085355,0.23695791727038099,1.0,0.188572943066844,1.0,2.15781515904396,0.797370513299363,18.935865390104798,7.25570617819946,7.36093749816229,4.41467417596242,5.88780583706235,3.16143868531899,216.264258691802,0.257597657088434,,2.77786427352288,0.321477117475625,0.214318078317083,1.0,16.846824675666202,54.849828805714196,24.5444808607907,3.01095139225488,2.39107878221311,3.81921668981877,1.71110274253787,13.313083782805101,12.6535376572499,1.1879126072373,19.2101342565814,1.89556022147153,4.60757486049832,23.603284629447,6.88336656492363,5.8539311260007,0.12898751093324298,1.56714801023972,20.3476365696241,2.2691899854092297,1.53118673893997,1.70155260075026,16.1901365654094,2.00776223626033,3.68131149581694,0.400921812326464,0.006100678950044599,0.0736448151756599,19.0717944624574,3.65472102497497,62.273193632218394,2.07993027323697,2.6013098110095596,2.31827626492583,20.6015325089977,,3.25281731816858,61.108740875841804,9.410955995511468,2.79194065556421
ITF5,3.14082679795941,37.6295634206486,3.55403571970189,2.53831584576871,2.0646962251274097,4.76350874199823,0.354711307272041,0.236474204848028,2.15244299379327,0.236960404793876,1.0,0.188563870086534,1.0,2.13474503173956,0.723636546589424,18.9374478291503,4.30827973953605,7.823275072723019,4.69204665470475,6.25766086371376,3.06163147273311,216.35262114720098,0.9633411212935461,,4.19349789318708,0.321683645043185,0.21445576336212302,1.0,16.839974854116,169.58598191354702,24.1884034612209,2.43714042017282,2.38813215224346,3.7680594660165303,1.77171997411051,40.3681243091153,13.639369300813799,0.930739300706805,21.4358496658283,1.9000575191140898,4.66781819315836,23.5875945745544,,10.430977837231199,0.12901282199743802,1.36605788984477,17.320250285118302,2.2690650349918,1.33625529148322,1.07766767220867,29.0308223479636,1.74871855269935,2.4375128675377,0.39891299856552503,0.00609819077431201,0.07363017933046029,19.071813501056898,3.6476381799271,56.7007770134699,1.31327544691155,2.7758731468904596,2.63704527574085,20.7812324067854,,3.1949229989972903,61.0140969417881,9.39558613342245,3.55403571970189
ITF6,2.23208890052954,38.8305283907412,3.30271460328037,2.73814265737633,1.94318959709002,3.2967952659870297,0.35471125094724903,0.236474167298166,2.05333015848603,0.236965286102978,1.0,0.18854383406647,1.0,2.03647002433089,0.6391481590629781,18.9437210527012,4.4382534988655795,7.73695818023613,4.64037971484437,6.18866894754021,2.83938864328595,216.28730011984302,0.247703273583796,,2.6429832873044004,0.321457926229599,0.214305284153066,1.0,16.842984159803898,69.78156968349961,24.5439617249648,8.14882202880493,2.38968605692892,3.82969128700854,1.77461174979323,16.6836465005555,12.6322141379572,1.28542428954553,17.853083856524098,1.8958870369199001,4.68880939492268,23.5646127438255,5.464980319019119,4.17998937660545,0.129058023712157,1.3422484471996399,24.274398555377,2.26916577061455,2.5488722362103,2.48469034753186,20.845706046171102,1.7010641151007702,3.20104691350356,0.394734329591262,0.0061003462965354,0.0736401004272237,19.0611095128814,3.2151539102000704,59.4968380331305,2.9983325245748103,2.91649238631796,2.33402119256387,19.485174003050698,,3.21972189106999,61.294084988734504,9.41077850248999,2.36555350632392
ITH3,2.37112982930979,38.4229899761082,3.05039823127626,6.572885786247309,4.29648703926327,4.7622873072250504,0.354804660477936,0.23653644031861001,2.1470833110285996,0.236959303127814,1.0,0.188565746306422,1.0,2.7535548428919703,1.69203858714277,,9.8025527071007,7.997051201708611,4.79636719602852,6.3967091988677405,6.21274434094385,216.342063759155,0.420165943499171,,4.19589972983381,0.321569321031276,0.21437954735417902,1.0,16.845112415001697,113.65048522697701,24.4957762081895,5.042749813692939,2.3842588505393802,3.80721815829759,1.8196391591003,26.8625852667123,12.7903081186553,0.998282492196304,20.350874950899602,1.9247204142557701,4.52109631280689,23.619783769903197,5.72488170182813,12.9897413031206,0.129035806858245,2.32917984807726,45.3620437833806,2.2692041920380204,5.23963371805087,3.68494948952228,31.003419301984,2.7188208941123597,4.71222943817509,0.405434566598024,0.00610389404440627,0.07364893116622499,19.0614936072681,3.2078403346599,67.7040556597939,3.63447937371045,6.899532084043329,2.3285750326847,20.7295756463128,,3.53705445006871,61.006325647974506,9.45537886604048,2.22646400332783
ITH4,1.55749986926737,38.1563140783973,2.19067153432098,5.31704213193609,2.13633478192914,2.8762330280390502,0.35478266348797,0.23652177565877802,2.05463907244101,0.23696885095863102,1.0,0.18853175161135802,1.0,2.07119614324685,2.00825222689516,,11.426597993869,7.69924030190764,4.61776971670525,6.15850500930627,5.088501208087591,216.44007982168398,0.190247421799354,,2.51541465073232,0.32173798852000196,0.214491992346666,1.0,16.8464028654724,69.2730284346213,24.3874763198346,4.453868028877969,2.38405211865543,3.79422138242753,1.77210138576215,17.030175296986,13.0734116225822,1.47101063491583,20.6008904332679,2.17925546879435,4.580035579381439,23.6059053466636,5.67986775049038,13.248016315853299,0.129048567634688,2.16949953606123,38.160426727593006,2.2692089002440197,3.53477272159422,3.92521479047446,19.0996712030037,2.0459353367263198,3.8159932007463797,0.403022260181163,0.00610676139258677,0.0736502431139634,19.0426216753787,5.028605867721409,50.303146191585,5.375652131449989,5.05105223232833,2.57138144074183,20.7306657840185,,3.01184867459622,61.0216880861991,9.403828715577319,1.1060096703035098
ITI1,2.25972915247644,38.4303133323007,2.8790821046807,2.8299921440652502,1.7483026098240901,2.8768227995893096,0.35473675257898996,0.236491168385994,2.3511771421318097,0.236960965015554,1.0,0.188561569588546,1.0,2.1950759334467898,0.82281289961619,19.315713717864497,7.84266587496656,7.55386965178456,4.53058168406847,6.042225667922,3.1669986844263,216.35005910049802,0.21324139902317,,2.52151935965963,0.321254720441762,0.214169813627841,1.0,16.8141454770043,45.7502039884514,24.4669476529469,1.9452007236945899,2.3934966263677,3.8083396076355798,1.78261553483148,9.94163776789928,12.8531481220526,1.1016924985277101,19.6370189756726,1.89382778930026,4.51560407236638,23.5993472163704,5.76672446055135,8.4018952126043,0.129033497115413,1.31558372084319,17.3122074495163,2.2703267729017003,1.64450353927445,2.0131198911894903,12.6813353403037,1.66264249290683,2.4508037835760303,0.399968308332785,0.0061084916901901504,0.0736408768163256,19.0633961418821,2.22493429644463,,2.21666236644238,3.37845187166779,2.4945192859967102,19.8032947896016,5.82847013452408,1.6980294658369701,61.091112286227606,9.42198745950306,2.37919290872762
ITI2,2.1474178165955298,38.885641465081704,2.61470456446465,5.09396135594104,1.85804963124994,2.87580527594064,0.35481598117942004,0.236543987452946,2.2409330116428,0.236964762207866,1.0,0.188554317493008,1.0,2.12539777480587,1.1168099601917298,19.2988650398215,8.476575655742659,7.53576939711369,4.51978233164951,6.02777586438037,4.72004838673389,216.56257171804998,0.216490890942785,,2.52372467350552,0.321081070946657,0.214054047297772,1.0,16.8433156605345,47.7510361938721,24.5748944983254,3.9519035341005,2.35702488238526,3.83215016205941,1.7592999069211301,11.146493344303801,12.5594248998928,1.10099472690792,17.922553791885502,1.89861510518577,4.57878885346677,23.5729555872751,6.86684833641001,7.93580992897335,0.129046566133363,2.0872432242894203,18.415715456269698,2.2690606810848197,1.07554168149411,2.36056634170152,14.520338872996101,1.7283057810154001,4.194512424344429,0.40682102911868495,0.0061053852304082095,0.0736509448082324,19.0651442860785,1.6271682469124902,,2.2335454556128402,5.15851489147379,2.1127450326862,20.7234760208814,,2.86780804489435,61.268482379280805,9.41516495392959,2.17310647897091
LU00,1.5418221063456599,6.07270070189188,2.64949878490089,5.05575391176367,0.8221543888728771,1.65290626280432,0.434174035763898,0.289449357175932,1.9036358058562,0.149516397781817,0.999999999999966,0.122513468263269,1.00000000000027,1.60601530408118,0.744028257900794,,6.7323484124572195,10.184993340769601,6.11009412918236,8.14754373499134,,138.04610901268902,0.616380406905888,,1.32736690048531,0.5071090513458499,0.338072700897233,1.00000000000023,16.7892566244771,37.5421046505795,163.69224876557598,3.7379070531042498,4.911534064604339,3.22372372842115,13.2104216827977,20.0451331367452,36.000540891146,2.86476777156061,5.406284068822,,1.95130769088316,25.788094479573,,18.7957464910366,0.09960209791285961,1.18306530698143,30.5338699851764,1.71341070610114,2.55559152420066,3.21144182881745,65.94883064836739,1.6137534877297601,5.07417568387919,0.523581323140784,0.0195389687078034,0.09544007937961599,25.0186062913594,,75.0830511982168,,5.29405147625228,,9.62296022628671,1.0607572854498,,432.094679465224,8.39820707849683,1.54080329861754
LV00,0.477816211281067,2.4545597618691,0.47080378834805603,3.18984818519118,0.37056718763242097,0.617589465703304,0.431199996185749,0.287466664123832,1.2310771159409402,0.23102438794268,1.0,0.227377052001656,1.0,1.08600439323931,0.513723806247135,,,7.95418338644226,4.76802149662688,6.3611024415335296,,13.4192602994722,0.078108964448249,13.2002909033382,0.656595145783587,0.404719881950019,0.269813254633346,1.0,21.8957345697422,38.681546331698804,,1.33324041236261,2.1684828685717497,2.00353914456694,10.1233704145578,24.959237158812698,1.1431537244886398,0.832977040400801,25.0050000000004,,0.7298651741393231,23.797175921426398,,4.14490156100241,0.0801308062648624,1.28616868980845,24.5923665185488,1.80541076680208,2.72949169675665,2.4628188490676997,30.11267568444,1.0658953880745001,4.16709520637362,0.475438958167578,0.0178122978772173,0.0340184627895588,16.2899740616829,,,,4.34220259047482,,,2.05732575371767,,112.454655383249,,0.338205982385403
MT00,3.0668523201221802,84.2724167084871,4.60004053487733,8.00668142324891,1.5377738759409598,1.6477389374829399,0.353536228601398,0.235690819067599,2.02751675383848,0.152438491864243,1.0,0.148258421788578,1.0,1.97099391252382,1.2666367855204201,25.7945673560091,,8.290019514497441,4.97328672095057,6.631653117724,,,0.655361577076429,,1.53806168125858,0.293040352449529,0.195360234966353,1.0,15.917035926270701,,,4.26932346900559,,6.31044850358923,0.5410988829018549,13.3857478135213,9.129345506615168,,,,,35.5741049545091,,14.9904308033102,0.0879295696363072,2.82197117534751,11.099619679820501,1.675593589811,0.163080553076753,,36.9558832464486,1.9522708768662,,0.499734139716972,0.0181047138511274,0.09200791813747171,13.8451152212061,,,,,,20.011472972407997,,,104.30166855641001,3.3970342886328297,4.60004053487733
NL11,3.6329140351641,38.8442402838743,9.09122750911872,6.98474110959266,0.9959827087072759,3.4761838141229,0.356492336359848,0.237661557573392,2.70664477658113,0.19848856872136,1.0,0.173242048672846,1.0,2.64971972484446,1.78898140835762,,11.1639686215652,10.463030195417499,6.2787638057548305,8.37089699844118,,57.1321636577483,0.49034649697286,,1.76337549307751,0.521055911369202,0.347370607579468,1.0,14.530312736052299,60.6750515013713,232.119337646616,7.76864218634193,5.73459816653934,2.60205201091442,17.4638584363321,60.3915219673846,38.092681281124506,0.729446052049709,6.029988460651239,,4.0756165636569595,44.380340018595,,60.732856688233795,0.067342401551581,1.22386788333115,38.0708489358656,1.6218535121546198,2.37002103365173,3.68920283376648,43.7765363006372,2.54763446780446,2.81678560397373,0.412094330253119,0.0200431329156502,,23.0509985612048,,75.430707279905,,8.479794166153921,,,5.786443440981801,,521.456868754207,,6.3972852949502
NL12,2.26778048041416,38.792329997872805,8.814463302963329,6.67243452778829,1.1572577249538698,2.97430901443994,0.356744946336784,0.23782996422477298,2.71857253708057,0.198520061857794,1.0,0.17325676232549,1.0,2.69134144768335,1.80543207887564,,9.91026852053947,10.4418526680455,6.266053187034969,8.35395292750467,,57.4248113149379,0.35347634880677997,,1.69318806831698,0.521103273741959,0.347402182494639,1.0,14.530955763112798,58.4394170707769,232.335325009397,8.59030576241268,5.51912878963366,2.60360271758434,17.457654695571,59.333381492959596,38.1156010255812,0.891257412759367,,,5.61124255219542,44.310751237137005,,60.6526696171334,0.06738355344843769,1.18657982586332,35.6371585436899,1.6218535588730199,1.87838956045083,3.08200358581286,43.1293706247001,2.60273673603127,2.5669353960618,0.41135568538377204,0.0200104238937639,,23.0093543360357,,74.7012728094937,,8.802107834494391,,,5.7780221969076,,521.679874312583,,2.06215640280944
NL13,3.41848570925138,38.705336679485804,9.287008679296338,6.3081674317753205,0.793080304590438,3.23713167036868,0.35622461496451097,0.237483076643234,2.70465508151898,0.19857522724680002,1.0,0.173270198535167,1.0,2.62040203240712,1.45282916958699,,9.910646949244251,10.4245996395164,6.2557084005787305,8.340154018756762,,57.039919671855195,0.549631540897419,,1.69323720601325,0.5211669104704261,0.347444606980284,1.0,14.5330826804725,49.153592221515694,232.531689323617,7.60186034868566,5.71329539658301,2.6051818059729697,17.4388018118389,49.1627577978737,38.1254072140211,0.877443706259705,6.06391283127152,,5.50404533860213,44.2700032780149,,58.9619779214123,0.0674357371347156,1.2309444644367,40.4675936760381,1.6218534840212,1.51804963132339,3.22437543157575,35.8349569715789,2.54523944814079,3.7793693724936204,0.412013443934585,0.0199823450941028,,23.070489452434998,,71.5357911113999,1.3014919603122501,7.376825091741139,,,5.76938334868895,,521.897966969434,,6.62325725093409
NL21,2.3309611642309602,38.4704447684973,8.50286508294982,6.33778405172589,1.01076110524629,3.61253133144444,0.356395235079549,0.237596823386327,2.7810957500591598,0.19869188660818599,1.0,0.173344808899557,1.0,2.71374128443956,1.32855560321487,,8.77914666227865,10.4334175831804,6.260997359008931,8.34720747052303,,56.6972446843895,0.580844031534376,,1.83140234590435,0.521182487747408,0.347454991831606,1.0,14.5345759089251,56.1404120572886,232.223583388101,8.669670880367919,5.729495012289189,2.60426537225745,17.440885294707,55.123645992539906,38.0067929518395,0.725126058545174,6.09965382507116,,,44.5430330468908,,60.0748735538835,0.0673366641473523,1.27704544103394,41.3981696519917,1.62185426493677,3.17467771516088,2.94787655624527,40.881842317008605,2.6415716619763496,2.91952226640114,0.411729818357714,0.0198862093803931,,23.0630337564386,,71.898628078056,1.21128627814187,6.52349772506882,,,5.77393746614114,,521.700208845052,10.557036486161,3.9524135449670097
NL22,2.57468201337247,38.706675483605096,11.8263299336498,6.29345425959254,0.95373738251324,3.8726756205719397,0.35621428466618404,0.23747618977742,2.89664428758789,0.198719943212673,1.0,0.173346978169138,1.0,2.79395826990754,1.56796420237308,,8.873149931030301,10.480856266921801,6.28946798444876,8.38516212571124,,57.3056231859211,0.587694122327488,,1.96167036156806,0.521144898981045,0.34742993265403,1.0,14.5333136881294,56.6657806559165,232.155586034657,8.99886622914029,5.74049420582885,2.6028459147285097,17.4398196369143,59.311243743043505,38.060653834007304,0.675647187323024,5.2897773186984995,,,44.4410018711682,,60.6322784756753,0.0673233385659658,1.26480770327051,42.2150554692149,1.62185431366518,3.20884851721341,2.66033783507658,43.8072510592784,2.6788164407397197,3.22956824664457,0.412281868167078,0.019859009450612797,,23.0587240480833,,74.0495392172307,1.23649998226462,7.8268013910719,,,5.78191574067932,,521.544481449639,10.557893721317999,5.6151621905314295
NL23,7.295308906819541,38.7204281671437,15.118443756233,7.64785130049903,0.600016116870392,4.163757921383111,0.356375718039881,0.23758381202655,2.72361641068448,0.198560256159728,1.0,0.173267073065798,1.0,2.6670453546924,1.97462776339121,,9.81073871986566,10.566500297619399,6.34086385306429,8.453682073919401,,53.7261985743096,0.8120152354525,,2.1828095733565003,0.5211414656959501,0.3474276437973,1.0,14.5269074833916,62.501648334322496,232.75486699482698,8.27718306138334,5.45513209701716,2.6064911693744297,17.457100662080897,64.6823623510728,38.168026747686405,0.6634840431082201,6.8686931256012205,,,44.1589095041655,,57.7799783952218,0.0673752590220171,1.20251499185744,43.6477558963334,1.6218542624576702,2.42970850106772,2.73915170517897,47.5043436079729,2.5570185799117198,2.91170933864229,0.412935132705063,0.0202634103829966,,23.065206924668697,,94.0454308107564,,9.19394428720543,,,5.76231816937089,,522.101250401566,,14.2429378364017
NL31,3.61305917783187,38.8489251723449,21.4998991620735,7.199974140937821,0.8672071616905119,4.0101720401161804,0.357115801041326,0.238077200689617,2.80684167765857,0.198616094230013,1.0,0.17329958830023098,1.0,2.7197406163659097,1.4308146145208,,9.29413345080947,10.429186929562901,6.25845878239158,8.343822855809771,,56.3994081176185,0.579786020617976,,2.04978414202526,0.521069976622818,0.347379984415234,1.0,14.535610311102701,65.48580128524921,232.43512845899298,7.978449099255,5.73194884706627,2.60398112828689,17.2372163515539,72.2741417410073,38.1485163923121,0.460971355804413,7.47917029456383,,,44.232560433875605,,60.6864110848056,0.0672831428293799,1.2747329403702299,43.3233072535452,1.62185440781852,2.43556268463175,1.90309094605365,50.0521261326924,2.6087481080440003,3.19742750536699,0.411820232889349,0.0199333529951771,,23.0009179969522,,73.4638119074923,,9.054807777278372,,,5.776080850773059,,521.751424580013,,8.54597618948533
NL32,6.06305649443213,38.9618853530259,20.6897174295391,7.08397585940431,0.889055291682908,2.7266795823925,0.356022784136039,0.23734852275844198,2.68757943717174,0.19839216115586,1.0,0.17320044965885,1.0,2.5887762333277,1.81763174058414,,7.806646523364621,10.4194281029748,6.25259629747874,8.33601220022011,,56.4640629146464,0.33729394570259397,,1.69316795677571,0.521077231737772,0.347384821158505,1.0,14.5247000174754,48.901520362191896,232.937165058263,9.38958444568204,5.739060237296,2.60657078822686,17.4908804357674,53.9743873784376,38.265708393386305,0.7138224242057849,6.67465376329979,,4.1202844900916,43.9393297989448,,55.694144961684096,0.0672015644311004,0.954829007019987,37.086154070544,1.62185429462203,1.48867642264028,2.85333255243799,38.005777524723804,2.39050331720161,3.10278230458178,0.412020726526494,0.0200523705262661,,23.0986140676342,,85.2045726389999,1.2565631367411199,8.5751412093996,,,5.7621301225956,,522.177817845859,10.559211353183601,11.1674879421974
NL33,4.15700993982307,38.6538059930608,17.608758439583003,8.23030584917941,0.7825403287714999,2.7434574764315096,0.35602278405502197,0.237348522704428,2.70934658363212,0.198399677985096,1.0,0.173191851280803,1.0,2.60092798648588,1.93070979800646,,7.33364966355753,10.4292881300609,6.25851500540299,8.34390156651861,,57.2400364971018,0.30506450016524,,1.6932174085408,0.521141270031763,0.347427513354499,1.0,14.5217564569751,52.7280829232098,232.278606086641,10.3591501573115,5.70452201968348,2.60383235846477,17.4639638283948,59.3503329000651,38.067314243397696,0.771567586294012,7.79557431335893,,4.68134817176285,44.415095921900104,,57.4700986434176,0.0673051186836445,1.14775980237356,45.498666575453704,1.62185458047255,2.28339486063318,3.04753410201932,40.071596269561994,2.44954652034867,2.9312265338727697,0.41227436927656996,0.0200124354891987,,23.020405172831698,,83.5188221933798,1.2504951961897,8.805957810946829,,,5.77654903233021,,521.680599087722,,7.09446291557282
NL34,7.56076656501284,38.9168275658184,13.231006649552201,7.70082257043128,0.77251027981441,2.8786601574001502,0.356193250135675,0.237462166758114,2.6048418216505302,0.198532991607332,1.0,0.173263062990681,1.0,2.3361739268422004,1.8668475824155801,,8.957707295952991,10.42521235297,6.25607479035512,8.34064357245987,,57.081135843812994,0.447315369539502,,1.69322773792414,0.521154646295377,0.347436430863571,1.0,14.5375249300378,42.516462125609095,232.343802081705,11.580087138746599,5.70018485555919,2.60313704919516,17.553606975123998,47.2073588195782,38.151624970171795,0.731912934153772,6.042810531066659,,4.55639983083876,44.235910127947704,,60.3479485343484,0.0673905822821928,1.1994479209716902,39.4686444119614,1.6218542041741901,4.15471752697365,2.7428079834424204,32.8838289501326,2.2095425489077303,7.46441433041059,0.412747911239435,0.0201970318192785,,23.0260650345806,,83.0543663379886,1.31443132404834,8.58030042212102,,,5.7807588695109295,,521.639252126029,10.5575678884263,11.5817888786125
NL41,2.45955849330614,38.7822397834602,11.1414505110116,6.48420457825203,1.15811250219828,4.02735324856835,0.35644590092891704,0.237630600619237,2.84422913510642,0.198627555295709,1.0,0.17331501266909602,1.0,2.75397596467117,1.69746083795356,,8.13315750106687,10.546872672813201,6.329091314043899,8.437981993428549,,57.273866940142,0.845998589195181,,2.05596350705147,0.5210937173211531,0.347395811547436,1.0,14.5333265630419,53.145719859975706,232.354761584655,9.95203306442729,5.69731333506936,2.60376417208989,17.6254494409897,54.1136072891,38.116136307432704,0.860041925902877,6.01560779721626,,5.36360901429796,44.307313651855495,,60.390839700832004,0.067327981808278,1.28104514366806,44.465380267524594,1.6218543278899298,2.08599085375201,3.17960753315577,39.7539789612029,2.62860248640765,3.28300870869661,0.41240796013567,0.019987687048337102,,23.0562288396391,,75.0052365882445,1.23617019857499,8.560641606993281,,,5.77713186272368,,521.702021136185,10.5638634056263,9.25507272916459
NL42,2.77106095534929,38.7428427356153,14.3011634067657,6.64428103418475,1.02466518239251,3.4182034246841497,0.356512045425522,0.237674696950309,2.7143753347028703,0.198512558531379,1.0,0.17324945957628698,1.0,2.50972212593075,1.5264387989280102,,7.80108468509369,10.5248252230631,6.3158547957075,8.42034000938551,,57.386765527459,0.698802261426706,,1.73409842621268,0.5210694467572959,0.34737963117153,1.0,14.5331088353747,48.064803981577896,232.452888515207,6.98609688472441,5.44330822864583,2.60453751699857,17.4171629801486,48.573355402992604,38.1222227123982,0.8448443597886639,6.7015495334713,,5.37184349387728,44.284120715299096,,59.9610102791702,0.06733887662664119,1.26295323220103,46.351004415488106,1.62185427591575,3.14108371576693,3.0924544824463602,35.392926928113496,2.35304260607888,3.2682061982824697,0.412508057398026,0.019964547026519,,23.0712355135668,,69.9000291167457,1.39388331778473,7.59597764682449,,,5.772917584488,,521.809450744336,10.556652390548,11.783085835828901
NO02,1.87100670724987,7.17277723097202,1.54176074458847,5.37586445401194,1.47749612715962,2.9779006813713598,0.415573938384477,0.27704929225631797,3.17595136556831,0.122221367191542,1.0,0.12199263058501,1.0,2.63481998418492,1.47391327129407,,,8.89580990713959,5.336661836368711,7.11623587175305,,5462.84609250589,0.742156031802964,,2.3625297997909,0.360164681262928,0.240109787508619,1.0,15.864226518810499,,,7.43732100025039,3.75224790444218,2.32542514131096,0.558306430470773,33.9102588562607,8.831077225741899,1.54866529989176,,,1.00082633851327,17.0379041454855,,29.1417693898649,0.0833262112573265,1.92966806658819,28.442500735604497,1.16262460775943,4.79729054542486,4.680220928507669,,2.2945043753247303,5.19790091967656,0.489051537948526,0.0129913976545643,0.0228345380840787,33.3167538963497,,,,5.04496634567612,,,,,565.320318011457,,1.39720147228661
NO06,1.90980407160359,7.1705322994358704,1.22967633057613,5.073400484429411,1.77715237511167,2.90869870939042,0.41557434572115104,0.277049563814101,3.2751280437730603,0.122232893441566,1.0,0.122002150861358,1.0,2.8932257059413202,1.33732478147759,,,8.89680597836366,5.3372511453290095,7.11702856184497,,5442.943881573,0.722661448265303,,2.30761051415573,0.360167099582236,0.240111399721491,1.0,15.861906843154,,,5.49685805804135,0.8824852632291059,1.5310018892355,0.615615008897247,32.189389661073,8.8662113908722,0.0142514763589294,,,1.00082633851327,16.687556996352303,,39.7945830521544,0.08332531431717839,2.07482501960315,27.4198748660776,1.1403930456785198,4.7971572589313505,0.038704281004954294,,2.63894831436981,0.0929894099209671,0.48904283185652997,0.0130765566741825,0.0228331766958567,33.3164195662806,,,,0.682924170325009,,,,,565.021244485769,,1.12122617581599
NO07,1.13188459710359,7.11968915849291,0.5470849980298239,0.168672453476508,1.3448689017159,1.85498169596237,0.415574199122365,0.277049466081577,3.34433792346414,0.122176251929681,1.0,0.122001507394868,1.0,2.71168639977039,0.304555249529028,,,8.89690025153613,5.33730708775978,7.11710366965242,,5284.42605910777,0.34166897113752204,,1.7053423705329,0.360167290924093,0.240111527282728,1.0,15.8620255509085,,,4.11013992656777,0.363669651390526,4.67674824041769,0.598392746669772,17.021466494843096,8.882801829255301,0.8882666954219199,,,1.00082633851327,17.183830838491797,,55.2283486310613,0.0833376509819609,1.1537783563867,15.7957451231259,1.16528453009091,5.20581088247382,2.7688862536577097,,2.12737675836636,6.786066184104571,0.48897989094647104,0.012995587302189901,0.022839842053906,33.3168187983186,,,,4.3332100730247305,,,,,568.692451335122,,0.42987834731417096
PL21,0.893882089440486,17.634432021783798,1.05342191737912,4.00039447128994,0.953155789401254,1.02948070834182,0.421879543669461,0.281253029112974,1.47201396108478,0.07032882684532009,1.0,0.0744623361984022,1.0,1.3907715429017802,0.509736250301136,,7.61889988872384,6.82046164307709,4.0884064507483,5.45443404691256,,23.569922269675,0.11832378910420699,,1.78183242721066,0.26193851899099796,0.174625679327332,1.0,9.3024286655394,27.0086088723045,0.10790859245107301,1.8590343679171102,3.30221435407263,3.91197216769568,0.0192267582114978,10.350184485706901,4.86960546633288,0.974064623851892,0.879048954824586,,1.79536547063793,26.4618536341644,,6.970045138319531,0.0902195552164486,1.3641657330672299,24.0701203519248,2.07458761994959,0.672512362446245,3.06974520651705,38.2695800175577,1.35018876072803,3.06119895171353,0.514669637573027,0.023498464391421302,0.026977011035741297,25.2623511416475,0.553287597557474,66.33394870141899,1.63101006509272,4.3681841188424695,,4.54357043494375,0.547633270815803,2.60893206945546,73.6290028066162,,0.6680306908859199
PL22,0.918647923170039,17.4689683432434,0.9689715789776879,4.10804416024044,1.01924784232047,1.08500141638018,0.42197485400069096,0.281316569333794,1.41644673300224,0.0703334246128438,1.0,0.0744651582160495,1.0,1.32428706318933,0.527622699245912,,7.53120603048807,6.82581746625084,4.0916252674049405,5.45872136682224,,23.552873137882603,0.182987878336526,,2.73442865118757,0.261734065139552,0.174489376759702,1.0,9.44118742330229,34.2241636327984,0.108013220585179,1.51079723526846,3.3023239075095496,3.93567784254969,0.0438131711470436,12.6843297898922,4.82155077313325,0.925233253348352,0.838150186922106,,1.60019026278204,26.5104645265059,,6.792229064283241,0.0902606028662221,0.978534905211084,25.518031653132,2.0676082783665604,0.5186783541677591,2.70352673802806,45.50256923866,1.2852556748868,3.02895604675392,0.5145038177162541,0.0235285499721072,0.0269936994191414,25.3396566830455,0.48484722369183797,66.33608247807899,1.6332068095369099,5.13962658417798,,4.5365906835956205,0.5477532793896059,1.97204769391964,73.846913404933,,0.793649059831341
PL31,0.969648498498761,17.4509962601901,0.985239442099644,4.22208952828246,1.0111875021067,1.08366756784843,0.422250055865961,0.28150003724397404,1.4124549662315602,0.0703555058664542,1.0,0.0744448473364899,1.0,1.32825211945368,0.529398111890203,,7.12394386017485,6.88843245739336,4.12938637644898,5.50890941692087,,23.568765762305897,0.181546231621391,,2.72936093692201,0.261826286609429,0.174550857739619,1.0,9.30995144509288,31.7952167077133,0.107919504420699,1.45327557278164,3.29925127054056,3.92708099439045,0.0101103438006855,11.5539451679742,4.8226833011610495,1.01865957481698,0.733872894152633,,1.66696982795148,26.5610675909315,,6.57527354043706,0.0902616388363384,1.25571984747239,29.9090867669548,2.07556556821826,0.6310851845530869,2.97879104953334,52.8354734810188,1.3163361963033502,2.9930167455781502,0.513796693720883,0.023516357820981798,0.026987010627532497,25.2492236924398,0.5476701682231291,59.9697754618521,1.7575650331401,5.5080819377708705,,4.54316739731907,0.5476115203178129,2.39674352910659,73.8008908966376,,0.856659890763883
PL32,0.936318899873091,17.6012946319094,0.9301717889140411,3.64514324886347,0.9599708281359,1.02862085853005,0.422211240402221,0.281474160268147,1.34530494457289,0.0704383099297501,1.0,0.0744142498353065,1.0,1.30085171273214,0.498047870816853,,7.96786379461089,6.55715148818328,3.93217664157539,5.244664064876679,,23.503953529784802,0.0558633790963518,,1.7859319344934899,0.261746255819849,0.174497503879899,1.0,9.311204650041748,13.8296833847293,0.107907121302277,1.9194038268116,3.2941309315889598,3.91440354946298,0.00997058755799829,4.69782737107531,4.86132129570077,0.826923951731124,0.73288253737555,,1.61105890785969,26.4812389921348,,6.50837311734305,0.09023588845201949,1.75728992660419,26.1552657859393,2.07789364337282,0.5857630856796,2.5211918035070497,22.3015415243535,1.28181803664779,2.79575287808421,0.51347682435338,0.0235003313856289,0.026978831407000498,25.3677721807449,0.482808896582637,68.8289643654339,1.59271058274668,4.09510480241435,,4.5437377789214795,0.547624035748408,2.42577635112435,73.6577592802477,,0.5933312313804491
PL33,1.0475763911929301,17.572605675507397,0.987148349034968,3.41782227401619,0.964126477644347,1.02848683911922,0.422263036898005,0.281508691265337,1.3690334044248,0.070347996896182,1.0,0.0744477353179719,1.0,1.24998255898908,0.420788545794354,,6.28284760198079,6.57965133254873,3.94452968932289,5.26209051093355,,23.5688774789094,0.14990800044278502,,2.2523939003941,0.261717700686522,0.17447846712434797,1.0,9.31094143570811,29.281918353503702,0.107922451968763,1.29724189369656,3.29027232929734,3.91799683534482,0.014147503382670599,10.27257018683,4.853145353445511,0.7772301026437529,0.652728324321484,,1.56176841529223,26.4909551409956,,6.63386427669153,0.0903316218585334,1.6046023013858801,24.7066146561459,2.0779041470103,0.522893183209711,2.30341110177037,47.5552634542545,1.24132681436455,2.50758103784928,0.513733155419377,0.0235180797991973,0.0269867903083113,25.349890435708502,0.46511234597141,64.4313636172496,1.3638769837242801,3.81219023087785,,4.54273629128667,0.547640919222947,1.85149349257601,73.6935954181877,,0.797512361805101
PL34,0.854039702714326,17.5277438931947,0.645094134410211,3.09174358373691,1.1657341701815,1.20515921651473,0.42213663686735603,0.281424424578237,1.42148079709773,0.0703316258890518,1.0,0.0744599738518715,1.0,1.38966214460081,0.35638662144908395,,6.7472997405636,6.62464593698167,3.97100193746594,5.29782393722345,,23.568491586978798,0.22011995825786498,,2.83393527217292,0.261578941585478,0.17438596105698598,1.0,,33.3388388045339,0.107918297823362,1.2456845002299102,3.3122426404069603,3.92108760379867,0.026439630251413798,12.0468825358828,4.84208190302669,0.97613221083044,0.706637810745582,,1.5985502654338,26.518114302931497,,6.47788336098576,0.0901693433021824,1.07823184382871,25.960860069651602,,0.521853543017778,2.8545535633874803,58.789811510740805,1.38681008482563,2.3279474584935,0.513816987155846,0.0235144297599008,0.0269843769594824,25.0826359991308,0.478431087656385,49.3067143573492,1.37320582974501,3.53978448079565,,4.54310739455405,0.5476254030939429,2.0137779337144,73.73113626541479,,0.451944726051692
PL41,1.1131795527583,17.4672982215392,0.944153994054871,3.95863232229686,1.71865132222764,1.8098572703647702,0.421900546579259,0.28126703105284,1.43282761737666,0.0703185584350054,1.0,0.07446573238275811,1.0,1.50357866505268,0.494724322616583,,7.002420571235289,7.09660445194772,4.25368680015287,5.67514562605031,,23.5755191106499,0.29018093403210704,,2.97669632921818,0.261742241368443,0.174494827578962,1.0,9.31101911059091,35.7699503322054,0.10801086521064,1.56255377504438,3.30425520774385,3.93554264764427,0.0100067854124782,15.7377435244622,4.82126508700447,0.9087095453181601,0.6466922554828399,,1.6095153706440601,26.5124021638985,,6.76914799156929,0.09029662533448371,1.2549415472204601,30.222505941454003,2.0776513823063802,0.53137992636739,2.63928216108478,45.112057074159395,1.5001171463360699,2.99833429581338,0.5134870934578359,0.023571583846272202,0.0270606016309275,25.3573930760867,0.5562554126625949,66.6412561960247,2.28394909909331,5.00231694434637,,4.536754921442079,0.547749525429708,1.24829825926266,73.8467962475496,,0.840561727105378
PL42,0.9398037166695089,17.3753639420095,0.91441934044907,4.15252787191689,0.583652569176463,1.03103865529063,0.421281278101376,0.280854185400917,1.28872537149827,0.07031588941323,1.0,0.0744886435914258,1.0,1.1010086570250102,0.512099018152339,,5.840133383766149,6.72688521110047,4.03198040292811,5.37943280701607,,23.5512300987129,0.0993190285567938,,1.78683031637577,0.261704277947433,0.17446951863162202,1.0,9.31100913740136,18.4411533259096,0.10778030549209,1.05719682075653,3.2975097461248803,3.91741129537392,0.0101961327325048,8.13920807388296,4.81224277027086,0.843060043992529,0.692529129132251,,1.63065985826023,26.6667380220807,,6.54955548311783,0.0902966303236004,1.56316901816005,31.5265496236844,2.0778874004536703,0.40275160975076396,2.43099198477031,24.5921288497872,1.09962624459228,3.49317534301099,0.5145690343867689,0.0235499368505996,0.0270683390460169,25.3841868711465,0.419009896410533,63.516900461681,1.60963761868594,5.08925595649683,,4.55312078192901,0.547385147596396,,73.7746028943038,,0.7571487673737369
PL43,1.00875083949814,17.5005902311167,0.99074152483675,3.52613237912934,0.638440468821129,1.0297906246120798,0.421760253342578,0.281173502228385,1.2951798237227499,0.0702976614414491,1.0,0.0744775238460415,1.0,1.04209598524184,0.48318146026614,,6.60006138329007,6.92418042152321,4.150270914862039,5.53722566819157,,23.5755611035465,0.111727232457162,,1.78955916125591,0.261577110372168,0.17438474024811199,1.0,9.31015352449004,22.480701797353,0.107813678159786,0.613271270086897,3.29154304104551,3.91182851284818,0.009002238927117469,9.93385453383947,4.84164569788292,0.864613235897158,0.709687718127578,,1.8545832963985398,26.579315439219698,,7.20845802800511,0.09030951994226341,1.6771339043375102,19.919835747877602,2.0778962842773097,0.316532426626377,2.50062193494617,27.1194926229489,1.0408777667660298,3.01883587484872,0.514244871004514,0.0235324007486599,0.0270545299228937,25.3134838465082,0.369482496617294,63.9140262059769,2.0955762387597603,4.6596512623528294,,4.55043362515804,0.5474617725381971,1.1697969239055002,73.6855966258112,,0.763212271061215
PL51,1.04136729874005,17.529981905890303,1.01416977060178,4.700491126467931,0.651331911826304,1.02907813997615,0.422034705032174,0.28135647002145,1.30686871848292,0.0703146248491195,1.0,0.0744727094723851,1.0,1.1480655057302298,0.6417184572160309,,7.33597053255258,6.74671660320258,4.04425217780513,5.39548439050512,,23.5615845138583,0.12781914773505101,,1.8938198868306,0.261647607488543,0.174431738325695,1.0,9.31233568398188,25.9785017869481,0.107628398161424,1.6511520362061,3.29465100456203,3.88909170074273,0.0101826010255636,11.0909107236753,4.86069657779161,1.01528409115981,0.884185346797687,,1.6140591530856099,26.6455568892607,,6.7140353090782,0.09040094440307579,1.63920724493165,29.9563811016305,2.07772241889105,0.573838533035022,2.9853766782614497,37.937613954842,1.14402906454338,3.5143704208477202,0.514044691312259,0.0235166516479646,0.0269856825552099,25.4019833309412,0.538808990629675,62.1000874589101,1.91992690784276,5.65013355279899,,4.56316415518571,0.547177197920539,1.81796098057153,73.53446224870599,,0.87692861811971
PL52,1.13631306264046,17.3553290128478,1.05405366995573,5.41217516906677,1.53383460636193,1.8310582241770301,0.42205063233277296,0.28136708822184897,1.36311378289934,0.0703324124354191,1.0,0.07446079642011441,1.0,1.3893513715102899,0.718006484969674,,8.00906284671499,6.879568570716651,4.12381295310532,5.501690761910321,,23.5589438977725,0.306650109686528,,2.97850148925869,0.26169164583983096,0.17446109722655398,1.0,9.30879432746735,43.1237716373994,0.107628027479364,1.90362159023787,3.29681484501141,3.90174844329471,0.0422243974305686,18.121394019595797,4.81674644256898,1.0869035218151701,0.743181965524712,,1.63786967936778,26.749597374711698,,6.65333287022009,0.09027366875093161,1.38691392218544,37.4977425891508,2.07775993893809,0.665398881236613,3.18788016614476,64.1834511506198,1.37881361970927,3.90506250620717,0.5150575543002239,0.0235361046042613,0.0269928209677837,25.338612345163,0.565602017837031,68.0528643333794,1.88474795906529,6.6193489686468405,,4.56391484333352,0.547141618632771,2.2366876795690502,73.6869729521018,,0.989963012236283
PL61,1.00001149546575,17.371650177339202,0.909683040831937,3.88507395433524,1.64577075450691,1.83345595473164,0.421993181624437,0.281328787749625,1.4835982603612998,0.0703023974902609,1.0,0.07446584601382869,1.0,1.51700292254278,0.523487641369632,,6.860243589382679,7.41854813052804,4.44676342022181,5.93265577537503,,23.5595805454204,0.310256444120296,,2.97940477283699,0.261666358704236,0.174444239136157,1.0,,37.7753640657589,0.107996162272639,1.52200471302071,3.3047221532987803,3.94128637466696,0.0101442183191635,14.662977650309701,4.79812462589804,0.926035365813746,0.36730168700251603,,1.6060693692961099,26.5722747418476,,6.53477226069664,0.09025275005424101,0.975611576151607,27.3869917947291,,0.633272813580664,2.68545187186566,45.7437543737466,1.5123301902109298,2.98217324260836,0.51469007269201,0.0235615438316161,0.026997826000244002,25.3250872437609,0.40202020951048,64.3661059683399,2.23879524044232,4.84271822952553,,4.53790504358792,0.54770881710157,2.26267935815072,73.9237570795856,,0.84058535847329
PL62,0.887051172902631,17.2475830541355,0.775659539080545,3.3299815298090496,0.792671835373626,1.02924945216239,0.421968647630198,0.281312431753466,1.45025706172762,0.0703040149393923,1.0,0.0744698580900748,1.0,1.32081338337294,0.46453290745717196,,6.01895275161926,6.97229345037362,4.17932699380402,5.57581022208884,,23.5459780028823,0.14842709272198,,2.06327988597912,0.261711259415276,0.174474172943518,1.0,9.31210439116283,28.4101855809973,0.107824445154881,0.8469679070077729,3.30281658572926,3.93188893850559,0.00996753330412926,10.6601445517847,4.777458665688959,0.8656192848499149,0.982824429304957,,1.65350150105067,26.7203752029473,,6.50788809886548,0.0903645830752622,1.47837217736459,23.7606897093547,2.07758536971025,0.619459251169037,2.4990768818363898,33.2574191864691,1.31914655689118,2.9951599064701298,0.5143185074901889,0.0235641323856143,0.027002178928925598,25.3516593078168,0.38456158684028996,58.565773634802,1.77042129362759,4.66932592960345,,4.55034499534199,0.5474281401496119,2.82311959032946,73.91849995696519,,0.53823334121323
PL63,0.989616198668126,17.4977411219588,0.901796092591337,3.74030284225796,0.882241831074015,1.02890008946061,0.422103405955521,0.281402270637014,1.37839296337713,0.0703581309508024,1.0,0.0744498329740485,1.0,1.23361195124351,0.508748720319525,,6.514774067780141,6.90033139666191,4.1363355702320295,5.51833348344751,,23.5503523585057,0.171891537662689,,2.45671212241683,0.26165524546115604,0.17443683030743698,1.0,9.30943595605029,30.9306034504134,0.108026374913938,1.4543982593508098,3.30708424822383,3.93484395193711,0.0140543404173494,11.660416695615801,4.8280031860233805,1.00247285207992,0.990324541540257,,1.66409648468442,26.4888294276423,,6.639080904815589,0.0902658100771624,1.34928190675582,29.1403287116053,2.0775941780408598,0.5457481351013751,2.91001043769298,36.3007728778824,1.22992460070805,3.03124912541338,0.5140967033499789,0.023553340010431998,0.0269987125383982,25.359892070702802,0.430840226297807,72.6730885931916,1.94009795012713,5.50240634550866,,4.535642336410691,0.547778295819194,2.55144766021394,73.8294925606678,,0.763387862728978
PL71,1.0666819962613499,17.6706841997277,0.897683492906422,3.4069411777498297,1.50153647653617,1.50142785534704,0.422230179918714,0.281486786612476,1.33720243341751,0.07045214812015639,1.0,0.0744095144119549,1.0,1.36206962297419,0.407024196237652,,7.0796976985608495,6.27108178196869,3.75938194331171,5.01523186264087,,23.6080695977301,0.254953851122516,,2.9220718967817603,0.261637440855446,0.174424960570297,1.0,9.310876555320219,39.7170631313626,0.10805091836172401,1.70423251475852,3.30574726066237,3.92415949772025,0.00989589072031851,12.964341370010699,4.87017966999108,0.874799938057307,0.626760608390029,,1.5416341796092,26.3826789739338,,6.594803311821099,0.09020026963678611,1.48005457130651,28.4048178846383,2.07776196456502,0.425498627720777,2.61825011400864,43.7952411743249,1.35634032081533,2.66197941081938,0.513682018681884,0.023513815597683903,0.0269856029731518,25.347382983182698,0.376692986049787,64.6722610929754,1.51883373580705,4.18493372303911,,4.53379071580165,0.5478502329020241,2.29491751800262,73.6884311681321,,0.7921902455280719
PT11,1.59349438006885,18.3702299062466,2.45051986052478,0.80729136932652,0.857120984629104,3.77541120759523,0.33027103265763297,0.220180688438422,2.3119222523886602,0.163693381259148,1.0,0.133617470673084,1.0,1.89925597857292,0.523798962559196,18.0860405002591,3.6518661359920803,10.0269555893802,6.01449909779141,8.020727343585719,1.82201373682585,179.316309347501,0.15840601822532302,,3.75692083686094,0.314216692933333,0.20947779528888902,1.0,13.7803151473245,28.0947558630033,49.937120694710295,9.09992331605254,1.56114446701099,1.9857535996306002,58.1416123875544,18.3363857201465,2.4524824891764103,2.0089645178692197,3.91789553506921,1.9549491320725498,12.1847042102059,25.1439610518628,,3.9509532672781202,0.0616859827580895,1.5082802820316001,15.922384420030799,1.5758522828550399,0.6927523290430251,,1.92283422603118,1.70986203097373,1.2092721960728399,0.33996932094311805,0.0134021943692197,0.0413836705485401,24.014620417240998,,,1.39820299763742,1.25907083870062,1.78236657496918,10.1463009084377,,3.44392496328432,77.5557994106062,3.6850875212037097,1.51089908192239
PT15,3.07052300125382,18.434532602152203,4.493027843874049,1.11916321586612,0.573641037156264,3.2110055037853997,0.330467486287722,0.220311657525148,2.48851983167325,0.16420864456491,1.0,0.133614885339757,1.0,1.63851610217853,0.44714267172024197,18.6563740541505,10.2793492137535,9.79948796529885,5.87803976684465,7.83876386608747,1.77303177808856,179.186384307837,0.0757825469127174,,2.9846566397961802,0.31409505966753803,0.20939670644502498,1.0,,20.8782724597028,49.9036847721248,14.037448846380899,1.5023697916148502,1.97975381878995,57.909944511579404,14.7052482223897,2.46446080357251,1.19361915657913,,1.95259399816151,7.3483990275405,24.8429355244025,4.98322275493425,6.36263869058191,0.061711587666747,1.04051331447488,20.389794769516,1.59329571934412,0.638130992269002,,1.50999336638356,1.26013414686116,1.07943083696896,0.338713998513858,0.0134286729401993,0.0413978620840295,24.0132615724733,,47.0764253879142,1.37483499934738,1.53434415136391,1.8644458936752,8.577471987900521,,,78.0354009180605,3.63266860316996,3.4438076615337
PT16,1.37138894809668,18.4330190993831,1.77854174259189,2.8452593293690303,0.827776725533244,3.22587016491256,0.329678287946359,0.219785525297573,2.28965272895813,0.163637620876487,1.0,0.13363256692888398,1.0,1.6505053051955398,1.2412325961385,18.152289573197997,8.67105235519184,9.29022012079842,5.57259242662505,7.43140627371217,3.1873249222215,178.628070180548,0.115593991888899,,2.98430014352583,0.314521019888978,0.209680679925985,1.0,13.781609737785601,21.9097384491685,49.9065165007015,13.1801955860326,1.55612704441585,1.98001548390555,57.4780877408068,16.4019646911903,2.46399645683077,0.790976902278724,3.86641835916189,1.91932728192732,9.50866393344962,24.8635084557509,5.03975654736799,3.08073942196641,0.0616909476801216,1.64246082099822,17.0505759716274,1.5763620761161101,0.69928862981172,,1.7089527132576299,1.34136944652203,0.710325088126369,0.341375953852856,0.0134210264632953,0.041397055913495795,24.0197490681412,,52.812510388959005,1.75592045084022,1.80742236347304,2.00082835732709,8.34736989998658,,2.67661867133065,77.97995972489299,3.7119560490826897,1.0782901965785
PT17,2.46385243736947,18.4231348896155,5.4076694692299,3.19223617712833,2.38687569782665,5.12124971198087,0.329412559117089,0.219608372744726,2.2411533149214002,0.16384658976027,1.0,0.13361515623266298,1.0,2.30470051628179,1.28232719681862,17.898647316045,13.1889530030418,10.1748810229923,6.10325526052055,8.13906814176028,2.84111784984763,179.25511575737602,0.204294779481459,,4.30464515110487,0.314040288758244,0.209360192505496,1.0,,49.2863344180032,49.9330162468387,13.9730907097458,1.2692950907126799,1.98217049261598,57.9709466456644,34.676651751244705,2.4602407076576602,1.07722902127223,3.90445527589213,1.94723477459481,3.4147131144709,25.0498093202959,5.64722284306285,8.94354722670334,0.0616887969688322,1.44916060737653,36.6853578380065,,0.633898579474691,,3.5918438391998504,2.10445476186727,1.02381158347271,0.339984182909906,0.0135030346638524,0.0415416243593048,24.0156379443497,,44.7269223453125,2.85945669784808,2.99671813281692,1.75175643975557,9.39324604747822,,,77.4533408282055,3.69513831875207,3.31833880269067
PT18,1.00366486997528,18.4336199037336,2.16453313238588,2.65430265141309,0.476726364665586,3.2319488675380197,0.329358723061818,0.219572482041212,2.21547431397527,0.163733646476736,1.0,0.133621790629362,1.0,1.12901462561016,1.01778737984986,18.4344409808509,13.835953548736699,9.85573934028814,5.91181683311004,7.88377808669951,3.1030131092709197,179.344998837735,0.0772892201461614,,2.7866605491477197,0.31412745440567896,0.209418302937119,1.0,13.8134431205322,25.0274896435044,49.9025416332885,8.96205873486771,1.57775711770559,1.97974790499225,58.0889553570239,17.5682053007629,2.4644204138756,0.6683077255992,4.3851036056826596,1.96018917203255,4.1739314436931,24.8366031242346,6.120232336582769,3.71602750571681,0.0616932897370032,1.23553869175085,24.959853011388898,1.59298194210265,0.68759042645476,,1.8282677460693,1.03692292136961,0.92389301595604,0.340674045280684,0.0134442604245971,0.041473133433319195,24.0119028775609,,55.2879098168219,1.47449180904865,2.5658976561531297,1.8068987965133698,9.421146504623978,,2.6567877945454303,78.0631252638244,3.68357549741616,0.929676708615995
PT20,1.61295071979174,18.4594361877373,5.20253986119899,2.58400248351,1.0546317554740299,5.0991520685139005,0.330455585367217,0.22030372357814498,2.0517173149123202,0.163477296924845,1.0,0.133635467623073,1.0,1.8507955847572701,0.378575338117258,18.3937686784383,2.08488630188591,8.696774646166999,5.21660646335841,6.956690554762861,2.1900526861816103,179.16943907444,0.32085061373256296,,4.30158959588156,0.314170295395551,0.209446863597034,1.0,13.7691812240756,72.3359691670046,49.9614458827779,21.414468507234897,,1.98146632582813,56.3932449473893,48.4221576474876,2.4628974481117796,2.12639527303865,3.9185192410118597,,12.356173016627599,25.1882237560824,,8.06592793838656,0.061682341629470006,1.96521690608723,21.706706525232,1.5708648855454301,0.6640966738257029,,5.13567658207685,1.8435692722407901,,0.341692293559605,0.0135320327444642,0.0416414837724524,24.0062228476521,,46.2844431082379,,5.27101496917164,,10.171802433147201,,2.62867915628396,76.7379379990108,3.55434669196476,1.14391075075468
PT30,2.65413076265617,18.402275105445998,8.566974202391009,1.0868075704103901,1.2433418960240499,5.10633902423471,0.330113804807835,0.22007586987189,2.30005931574597,0.163458583975236,1.0,0.133745457487925,1.0,1.7098890950685,0.398030530333843,18.2772084762855,3.73542724213136,9.304141313094949,5.5809738306125904,7.442557571896,1.89645018675401,178.983285469379,0.6487352625432481,,4.30092670014087,0.314198538650569,0.209465692433713,1.0,13.769320246437601,123.620556220958,49.942645736332004,13.7221652328461,,1.98409912237697,57.3835482649122,82.3028801413474,2.45616315238534,2.0690606272406598,,,12.023009746228299,25.1409810029634,,8.01711473133119,0.0616836118661848,1.93809373995137,33.003571222703,1.57086456881157,0.674393718819466,,8.715074737906171,1.34724669780725,,0.340790943984343,0.0133813764751518,0.041361264674756,23.973999437031402,,,,1.79568750813618,,10.1494746918493,,,77.328242446541,3.72199905895989,7.5485618374917
RO11,0.6795216783826791,9.1495746434316,0.958684389377278,3.84871495309971,1.07584029185621,1.1275257187019598,0.504423555971307,0.33628237064754096,0.965176405357612,0.230053572342244,1.0,0.135018802409614,1.0,0.9698681251226979,0.768764823293072,,6.01366434355866,4.37141201262438,2.6184575805678403,3.49493479659611,3.01750903624403,63.8504216601535,0.213080409216177,,1.46597512158015,0.371062255210656,0.247374836807104,1.0,8.38845144368911,28.5278330820256,1.0237692369495799,4.11533189290944,2.66168800437569,4.7179958133498,0.857566427944172,9.76998728308852,10.640464529553899,0.8349238135513439,2.77530984401048,,3.32376492320924,23.8839598694536,4.97700544322355,8.83419890548797,0.09130230535595599,0.995524732363217,16.6878929643239,1.52570000412551,2.2588577298833203,2.6459797874504702,21.4227482107825,0.7445585253079401,2.68073671725649,0.389201558867339,0.0119998738583135,0.0692580446500849,13.6633258652492,2.18859505630386,45.777608615461894,2.81394377815671,4.2304218655183705,,8.22346420930279,2.17458766382344,1.1008458483979,20.8646142883032,1.71333718756342,0.5741237091524519
RO12,0.6106068916208041,8.67942672533171,1.1260174960362301,3.21878051975303,1.08368944079826,1.12713344912002,0.504655277956193,0.33643685197080203,0.920866137366598,0.230048453606808,1.0,0.13515195796389698,1.0,0.929944411506279,0.7563854016945291,,5.97865762236048,4.12044080276755,2.46812878023472,3.29428479149994,3.54349799331839,63.942144243600104,0.20457699099540802,,1.41173298298397,0.371801977535468,0.247867985023645,1.0,8.38908404643404,27.0438789582112,1.02375052237978,3.90309212044269,2.66135945322613,4.36174519895049,0.870809394537388,9.2703793829773,10.0361987091144,0.851616270251964,2.43989672683678,,3.5688608783689,24.103020401909603,,8.663066488267201,0.0913061007776079,0.8657091957566201,16.6384755832367,1.52508939210183,2.38499004520601,2.98946066041094,20.251929874153202,0.682722039683942,3.3042612895777803,0.388696630748892,0.0120562217372727,0.0692289948927209,13.653481373822,2.0505431720554204,42.3922817827867,2.91753043649455,4.33874416280066,,7.25228586391542,2.47566661705365,1.7976914931441599,18.9901220941329,1.73538278895674,0.506968358506373
RO21,0.9027610334228969,8.66243366336926,1.15541493438257,3.25318211681539,1.4672019387515098,1.4182658691551602,0.504951310508528,0.33663420700569796,1.01940575186006,0.230060589006181,1.0,0.134867741747345,1.0,1.04422859993903,0.757054780154324,,5.54823697468614,4.68162641609438,2.8042788257522897,3.74295262092384,4.1489096022029495,63.7733477206538,0.27277031562451703,,1.83373982704229,0.37203543470601697,0.248023623137345,1.0,8.38915020133511,32.6119264334292,1.02748310928854,2.81272667276718,2.6615060896461302,4.55066181567811,0.978877634819131,11.1802802157217,10.1420110652727,0.52804562712323,2.34605640589381,,3.19457901611745,24.188251720458,,7.2182071737402005,0.0912806846018668,1.07908938184865,16.690158598628,1.52575534762289,2.22013885505043,2.3532172808528498,24.8595508033618,0.83766694346015,3.30123171347708,0.38924040431067997,0.011992872800630201,0.06926111382042979,13.6624040974059,1.61007231392413,35.8679961432593,1.4577089109011199,4.25853017613788,,8.03654728645143,2.2470225492413802,1.0925184757969801,19.6184371225521,1.72837000053301,0.8434661411937789
RO22,1.0864432389810599,8.68011444167668,1.2047637246787202,4.45996785579457,1.6223076417003999,2.07285186284061,0.504436194651484,0.336290796434326,0.981331633883518,0.230066203764068,1.0,0.13481704232076502,1.0,1.01154372760465,0.7973604583480081,,6.07142570784994,4.1871073444055,2.5080592814097,3.34758331290775,3.13353204585861,63.9308941838148,0.448110876882717,,1.99197523023374,0.37074544737912696,0.24716363158608498,1.0,8.38818035592198,54.3093131258712,1.02740132593707,1.4252538947278799,2.66311141601411,4.5597578118207,0.9587400655327719,18.535428687383302,10.1619673206824,0.786909721474737,3.49514549175824,,3.2432737825467104,24.1781491559864,4.90306081283906,6.97222257417948,0.0913690700877534,1.03209519290525,16.8280766880001,1.52500133521579,1.8333428181588398,2.65621478025781,39.927023624383104,0.694333330682538,3.95119094325801,0.38906591424617104,0.0120125579886447,0.0692501059067841,13.6382293435708,2.9072276168267397,34.7023439337056,2.39782586040746,5.08836156535677,,8.013537001590601,2.24100309588596,0.892662964840677,19.672322781500903,1.72382683386868,1.1025847391068702
RO31,1.15144633867427,8.72448607450241,1.27293470598263,4.89911862943917,1.88939127282858,1.9640549804514902,0.504873862278287,0.336582574852108,0.9890779483658559,0.230074221169142,1.0,0.134566454574736,1.0,1.0179688003140699,0.807849411348113,,6.40885173379395,4.35289214110343,2.60736943537793,3.4801307882410804,3.8821546565519003,63.930177622074396,0.368578289988389,,1.98800975393513,0.371388701948147,0.24759246796543102,1.0,8.38722681116549,43.6486279615944,1.02653816697947,2.23759237875575,2.6611696731717696,4.54684000177561,0.926977265954019,15.0051720779228,10.189601248217299,0.949058480882667,3.64242058077991,,3.23391225881936,24.1393650451593,5.07129549535152,8.67215122869091,0.09132087852179631,1.21514485416645,16.661608482225002,1.5250301925854999,1.83953409546987,3.12427858488174,32.6586751298521,0.768905892274708,4.1082247645918395,0.388917038548389,0.0120176443637551,0.0692485777693422,13.6567755863942,2.6105010416312298,41.1300696544213,3.01428886368718,5.01060809232414,,8.32274656218165,2.26572678402094,1.95542287246721,19.681022947488,1.72100065638525,1.14891668417467
RO32,1.28171159037861,8.72561421719593,1.3037009934392099,4.12290971635946,1.50645615498283,2.0709901177713,0.505241649252416,0.336827766168295,1.00478870352108,0.229884775046107,1.0,0.13347823746943602,1.0,1.04821374808346,0.723984084154063,,6.12707152553578,4.40524788686599,2.6387324917009,3.52199018929682,3.8349951933655504,63.9602453223703,1.62719128460042,,1.9813785204494199,0.372475177192424,0.24831678479495,1.0,8.3863511838296,111.572736405114,1.02682003447089,0.9893992845796019,2.54619176433834,4.562904055910111,0.8795545721913359,39.110095993955106,10.2006915643666,0.7593800043275599,2.9096718483259503,,2.8435219423405003,24.1446005746314,,10.0217696351136,0.0913352785581007,1.26051442484796,16.9028290948252,1.5248986149427202,1.7071465031848299,2.52687091698253,94.41349817165771,0.769035348455807,3.16671122344891,0.389032720391319,0.0117664417110297,0.069404142905847,13.668641609473,1.49879340433121,39.445076546014896,2.38400428076456,4.60453188219299,,7.6242480897972404,2.2479874412009497,,19.739376053535498,1.83569750523879,1.30220351522293
RO41,0.958349889258595,8.82474701914211,1.11425914708191,4.36675191995237,1.30929974458969,1.3965858124735802,0.505106707914043,0.33673780527604297,0.979633066400791,0.23007067012465002,1.0,0.134665115630901,1.0,0.995461795644381,0.738617019349786,,5.86192418196955,4.31570822479761,2.5851012024505198,3.45040471362284,3.0302528128377197,63.8774321497755,0.254506314557927,,1.8308707561614301,0.370933518968513,0.247289012645675,1.0,8.38886455686211,33.1430542818784,1.0291399420171699,1.7703118724426299,2.6641011633702703,4.76220021824949,0.860770347148734,11.2796615879355,10.4060674174574,0.860847745715859,3.50175703669122,,2.92958908863935,24.145285535810398,4.76227853019116,6.936843157236559,0.09128992647513959,1.1843291287245699,16.858939348862602,1.52511339663056,1.8324318986246602,2.65678967556471,24.3915558991439,0.7535971109223869,2.6832442186220002,0.388785430117337,0.011976668972870901,0.0692700617693109,13.662476924680501,1.77427817655548,40.7112417454384,2.8150984646245703,4.5547663890731505,,8.84763764929887,2.05940782817584,1.2572273280582298,20.596949878618098,1.72269568776351,0.913462396231385
RO42,0.717892650622455,8.538604607117069,0.920245920428604,4.39298655184559,0.899881106091211,1.1282546429568399,0.503993956509959,0.335995971006635,0.942785212461097,0.230067284568468,1.0,0.134790417320853,1.0,0.940913377865827,0.782525657410691,,5.46334766741912,3.94236876417564,2.36146632143243,3.15191754280412,4.902801239618221,63.9019844206697,0.201267225997444,,1.44134030863005,0.368224663924501,0.245483109283001,1.0,8.4208515330086,27.3288215165106,1.02030517018838,2.90788464606459,2.6583114255615903,4.0660947081009295,0.959425582221431,9.34195186944475,9.73460705751338,0.877419923498053,2.49864929353322,,3.2363938283842497,24.0982808817145,4.739851071043979,9.36493142127491,0.0912676589217197,1.02336346266126,16.6321806095843,1.5426939111292,1.6688163148813,3.2061226275385204,20.5620025392724,0.644895373683363,4.00125423812341,0.388717409428455,0.011958780788815399,0.0692792922887032,13.666036869318999,1.66312428718724,42.4911959096536,2.89671844221342,5.305261198111251,,8.2708135380609,2.84691834668054,1.55128509469003,17.886552786499898,1.7482596469766198,0.637989605620944
SE11,0.7817572886031541,17.6146534175057,0.647313092004798,3.70547721530905,0.884964299220817,1.65477419426192,0.41410811954994603,0.276072079699964,2.10891038462174,0.196974273017836,1.0,0.177483290910889,1.0,1.68421980915875,0.6076746869887281,,7.5689780094247,11.2032865880264,6.721683236230531,8.96248491213192,,585.5897629038401,0.376107605864592,,1.5432972427614,0.354933070000365,0.23662204666686798,1.0,15.2536162591467,5.25775304805139,162.513291306542,0.8575241745204191,4.239155068695339,6.1441486372071905,0.282954184179535,11.6055035287362,29.206074998244798,0.77850775762605,0.363080842792733,,1.87384035237266,22.9485486210156,,84.3351701543845,0.0933565252411872,1.77161058063992,33.9435829716097,1.52379995997565,2.69038394012698,2.38325814538691,,1.5959892754448899,5.5985754556141805,0.429439094531664,0.0205207809381879,,19.403459520374,,60.5951510202556,,5.12754758891342,,,,,590.1048233143979,,0.5897524738740321
SE12,0.97504392049963,17.3232427411198,0.714346209162655,4.4674304218654,1.10071113454658,2.0549768347414,0.414178248213533,0.276118832142356,2.17827576722836,0.196814504488901,1.0,0.17854387701663402,1.0,1.83177427757963,0.6844877656801021,,6.948065854897149,10.5961747709104,6.35744195475965,8.476808362834259,,584.293923960911,0.625536971810576,,1.9584759056487,0.35491157701724596,0.23660771801149802,1.0,15.235148541195,8.994810536171341,161.95385490637798,1.0270539302597899,4.15727405164693,6.0643378916084405,0.292663424069457,19.5866746674024,29.0181889012769,0.874894658083685,0.383674822824499,,1.92541370579782,22.997085823501,,33.8881334525227,0.0931012611432465,1.7522217588538098,34.2594863605105,1.52218286223093,3.11411321784006,2.6962337909245297,,1.78040457755717,5.9119954184205294,0.42942445569527,0.0205145415059915,,19.0276247442507,,60.6058736557086,,5.776248994397229,,,,,589.113497278875,,0.665945241662428
SE21,1.26508851683029,17.5848361696108,1.06917491151054,4.01376530830924,1.34473815663737,2.3951049538460603,0.414148653425459,0.27609910228364,2.2863407081031,0.19682552424859,1.0,0.178540445451593,1.0,1.98956016364171,0.62597604055611,,5.21567980268206,10.753009924800201,6.451545347088739,8.602277635944079,,585.664411268963,0.648323392260404,,2.2750391724310397,0.354902775377404,0.236601850251603,1.0,15.234792237403601,10.284596465458401,162.079804094998,2.44040403362327,4.15270148076472,6.2195637240821,0.280565119642613,22.609868448906102,29.2676653321191,0.880302352661628,0.381736421923589,,1.47353424790178,23.9033359428775,,29.5008807585809,0.09306333349015761,1.79514217461821,35.659233720424496,1.5221840766957802,3.04816918299974,2.71335428250915,,1.93549047451977,4.39623891656186,0.429416309574607,0.0205056378306412,,18.987351529918698,,57.3325061203,,5.48635442573135,,,,,590.875344455349,,0.831063687275005
SE22,1.5352910190765001,17.508078637612,1.47593993817138,4.93169715853261,1.094375770176,2.90967067569543,0.414103540553666,0.276069027035777,2.15213768750771,0.19682237881387601,1.0,0.178471539396092,1.0,1.79178920645769,0.821796977129029,,6.71715010158777,10.8845872313197,6.53048288377399,8.707535057546869,,585.949885883205,0.893260573317895,,2.5003510809376897,0.354898862545161,0.23659924169677501,1.0,15.2350621651277,12.6456745327254,162.098561966052,2.89090798599038,4.15113331438808,6.160401326514481,0.294039841867774,27.4844654596397,29.182775912800302,0.9798262651195541,0.37976290067849,,1.57790622785255,23.4857655204099,,38.204055358316296,0.0930787499118655,1.79129680322811,37.5480896254567,1.522187269822,3.4390297926060898,3.0049403128949,,1.75107339982628,6.362938118324441,0.429420632677302,0.0205156836442983,,18.9987487341585,,60.7199634113436,,7.04763004561993,,,,,590.238359720559,,1.38245728875228
SE23,1.24156412864918,17.654748696341603,0.9267067699523109,4.619360209499351,1.36393198287945,2.6761787253864298,0.41419036413166205,0.276126909421108,2.27428272183538,0.19681768106021,1.0,0.178292750703943,1.0,2.00955483235529,0.648548753182169,,7.50259358100055,10.8659911177148,6.51932765029309,8.69265938400465,,585.670447511206,0.744096173155975,,2.36361695653539,0.35490861403469,0.236605742689794,1.0,15.2349393421032,10.5330300970748,162.318729144165,1.5239672913611901,3.7392406415639297,6.21623185822789,0.293219280654338,23.028630910867598,29.2898114043176,0.957519384758769,0.37195038356797,,1.66617158456681,23.6138305811604,,32.1662351965696,0.0930840971188132,1.78897678304988,34.2017156867671,1.5221820015866399,3.0682336022656,2.9835335947613597,,1.96609740366801,5.4175134863345304,0.429411212861141,0.0205059638854114,,19.0240414026273,,60.0231768207427,,6.092596991864539,,,,,590.855644024035,,0.854699544582886
SE31,0.915754273800134,17.5347633415921,0.6171672705446369,3.43365372759385,0.9838187424037199,1.89010079103901,0.41418878782248697,0.276125858548324,2.12675326437672,0.19690170267462198,1.0,0.177770542697711,1.0,1.65414805004995,0.502106110304655,,7.44830106652911,10.510319270461599,6.305924143912399,8.40812170718732,,585.421796816193,0.565885818578251,,1.8112983342227802,0.354921379090113,0.236614252726742,1.0,15.231835830199099,7.34990538686676,162.138911914782,1.9567610378004499,4.184495098704461,6.17030281415555,0.29641112638934297,16.0555869993587,29.2021501563536,0.629071636010686,0.378311179240136,,1.5795380695384198,23.508172848547,,39.3935366419091,0.0930926813737023,1.8170350064151,28.5713860826114,1.52218622083101,2.39879408911457,1.91529499504822,,1.61317873015399,5.45693388663336,0.429414927151535,0.0205023720950612,,19.0104930340605,,,,4.2803685226532995,,,,,590.351094851934,,0.580343265161899
SE32,0.896425469887309,17.5221975478515,0.55324165601545,2.68959272484405,0.935662329195504,1.69221208468816,0.41410309888559,0.276068732590393,2.25803990181106,0.196778115660445,1.0,0.17701924348572398,1.0,1.78459544396254,0.41593348347896697,,,10.5306638514633,6.3181365162157395,8.42440018383954,,,0.45343781069801503,,1.6322750746808399,0.354901109538198,0.236600739692133,1.0,15.230370347814299,,162.10568431883402,2.70218282717079,4.14663046813608,6.16880939111103,0.278525712129649,13.7209449335401,29.196138832028197,0.941066245207947,0.379641751908892,,,23.5340712901194,,26.632500023985603,0.0931462832272145,1.9393520907097699,22.8514208354244,1.52220714552454,3.0360498093475496,2.8404505929660497,,1.7513812761821,6.59796060213176,0.42942832073112297,0.020496019697197502,,18.9174914997952,,,,3.70658002462958,,,,,590.3315489843,,0.48005561893091603
SE33,1.0757768200706601,17.5408387820739,0.6146037059682979,2.4436309675204,1.4241157988775601,1.8756844837887199,0.414190481028073,0.276126987352049,2.36101626756824,0.196788282910042,1.0,0.17704522082985802,1.0,2.15091119906339,0.368960880246731,,,10.475368478797,6.28496937498703,8.380168926892091,,584.761232247821,0.543329775668986,,1.79868295628337,0.35487348733184,0.236582324887894,1.0,15.226149182108,6.83648582203739,162.144039337797,2.81728248007523,4.249561617995351,6.173477936766161,0.277933775594031,15.2786089378395,29.2074477423607,0.92260469872328,0.378165559345014,,,23.5236790067796,,52.1682239228022,0.09311199323113119,1.83515021812818,18.055145981880198,1.52217283009985,2.9672636486473696,2.78472751191148,,2.11064776096646,,0.42944549094055495,0.020524864137724,,19.0558947573207,,,,5.92048999507752,,,,,590.386203416875,,0.57510534361768
SK01,1.16421168702323,18.0027404492674,1.0672949748482699,3.82939123158669,1.3130096868902001,4.77772458136345,0.433408198302708,0.288938798868495,2.33130192048756,0.204050657397724,1.0,0.183264269517712,1.0,2.2399713643663097,0.798625787623646,,9.81975405965202,8.38276418707329,5.0273874985511,6.70507584280707,5.1895135618242,55.068599063159006,0.396224331029722,,,,,1.0,13.0413604049498,26.0432220668517,0.13912401088898202,1.36898201145421,2.64247421873539,3.55970340623538,0.378124425954643,20.501118187852697,14.316711112413302,0.893499747100126,,,0.8607899240660151,11.9344379470212,,7.78799080604337,0.0915418487937288,1.28863837072721,38.0177159207831,1.4810549155169799,1.62946324336674,2.91032312183562,28.4377099227554,2.21356451981697,2.7409954251069197,0.449965033108989,0.0176406373331948,0.0762412005941445,11.5240892643428,2.01736071311965,57.217766945217996,2.42329868112858,4.5473161328206295,,3.3731675950723203,9.145834385488461,,52.2425372176779,3.56667377196293,1.00875474062802
SK02,1.10749068265943,18.0608397018532,0.896961048673661,4.805086995970131,3.46160034616516,4.77365029367441,0.433846352022306,0.289230901348202,2.3403044299089,0.20403952311794002,1.0,0.18326967965982102,1.0,2.45402077071322,0.76703827545849,,6.60698369988108,8.38411150138617,5.02820769654639,6.70615959896766,4.68552437005126,55.292324588006,0.5280441592948311,,,,,1.0,13.0083929184333,29.7509857787188,0.13913532699275502,0.957099685455525,2.32316326857051,3.55902707933478,0.430734634393103,23.250763737951203,14.321006356561,1.0706838657584001,,,0.49362331585067104,11.9649356450824,,5.93036124876594,0.0915447890289777,1.55011224471519,22.646918047025302,1.4810154591764002,2.27305102015811,3.41383006361546,31.9287497553702,2.37090529821056,3.61617621741817,0.449972693747438,0.0176394779838508,0.07584876503912881,11.4839872162479,2.25582060029141,62.6600289803106,2.8733531689567497,5.55881882050182,,3.37619581969191,9.15008805878205,0.704624176682538,52.1298593473243,3.45769218521243,0.852231584384116
SK03,0.661228268304606,17.983434594672598,0.6831204736140319,3.8672859938186104,1.19416822163449,3.1084532553956703,0.433187444659696,0.28879162977313305,2.29892948503106,0.204045598215373,1.0,0.18325630252585798,1.0,2.1210560023794103,0.680027073371149,,9.85010869936696,8.38506048518205,5.028771539258311,6.70691601222018,5.28699068652736,54.5489804665554,0.16568507403482702,,,,,1.0,12.9512424303811,19.3953934882285,0.139119805076003,0.617370860152736,2.3343215815495,3.56010862433396,0.365559556709757,14.127029740041701,14.3148373863196,0.875858165481148,,,0.493533491458798,11.9288481032373,,7.34832095323038,0.09154402889366141,1.44908455657348,14.1988045394571,1.37043646400393,1.4794558457965599,2.7614477997745,19.238053669685502,1.8679606502761001,3.70318847917299,0.449973076215796,0.017639324792338703,0.0758209421014825,10.837041472979399,2.1984926173272004,56.1677694930341,2.60178968615565,4.4218629581193,,3.38032933643681,9.14434591024184,0.9297254537783429,52.276787844672796,3.62457151891594,0.354695590846878
SK04,0.8112565956223811,18.115558646916202,0.861003079695838,3.99294231688275,1.0227863442934702,2.86437031354196,0.433372342549737,0.288914895033159,2.4637122999123098,0.20405502700751,1.0,0.18322295562458502,1.0,2.12866677558758,0.762558232137251,,11.1400981422182,8.38698118204298,5.02991503981673,6.708448110929861,5.79332627050562,54.7998874302858,0.152846681004395,,,,,1.0,12.9968583257384,17.3970358499753,0.13914660556966899,1.0302506734704,2.3316016097038,3.5581418675686702,0.299713264369672,13.3669098452102,14.3256690576956,0.893536402229813,,,0.46733929112376804,11.987477435044301,,7.17804491820175,0.0915462763600024,1.57442832728484,18.6321851299513,1.48041816436705,1.57502609226076,2.7073861229303504,18.4669031901086,1.9557852864938399,2.6872018170537797,0.44997113179070997,0.0176391843736859,0.0758430845325532,11.454779540416899,2.6376401192666,61.703739446804505,2.59200299334998,4.76524138204494,,3.38104409221328,9.15419019274873,0.869698500677748,52.0279700695868,3.60412644034932,0.596540031968527
