STRUCTURE,STRUCTURE_ID,STRUCTURE_NAME,freq,Time frequency,animals,Live animals,unit,Unit of measure,geo,Geopolitical entity (reporting),TIME_PERIOD,Time,OBS_VALUE,Observation value,OBS_FLAG,Observation status (Flag) V2 structure,CONF_STATUS,Confidentiality status (flag)
dataflow,ESTAT:TGS00045(1.0),Animal populations by NUTS 2 region,A,Annual,A2000,Live bovine animals,THS_HD,Thousand heads (animals),AL01,Veri,2024,,109.33,,,,,
dataflow,ESTAT:TGS00045(1.0),Animal populations by NUTS 2 region,A,Annual,A2000,Live bovine animals,THS_HD,Thousand heads (animals),AL02,Qender,2024,,43.96,,,,,
dataflow,ESTAT:TGS00045(1.0),Animal populations by NUTS 2 region,A,Annual,A2000,Live bovine animals,THS_HD,Thousand heads (animals),AL03,Jug,2024,,118.75,,,,,
dataflow,ESTAT:TGS00045(1.0),Animal populations by NUTS 2 region,A,Annual,A2000,Live bovine animals,THS_HD,Thousand heads (animals),AT11,Burgenland,2014,,20.93,,,,,
dataflow,ESTAT:TGS00045(1.0),Animal populations by NUTS 2 region,A,Annual,A2000,Live bovine animals,THS_HD,Thousand heads (animals),AT11,Burgenland,2015,,20.43,,,,,
dataflow,ESTAT:TGS00045(1.0),Animal populations by NUTS 2 region,A,Annual,A2000,Live bovine animals,THS_HD,Thousand heads (animals),AT11,Burgenland,2016,,20.43,,,,,
dataflow,ESTAT:TGS00045(1.0),Animal populations by NUTS 2 region,A,Annual,A2000,Live bovine animals,THS_HD,Thousand heads (animals),AT11,Burgenland,2017,,19.88,,,,,
dataflow,ESTAT:TGS00045(1.0),Animal populations by NUTS 2 region,A,Annual,A2000,Live bovine animals,THS_HD,Thousand heads (animals),AT11,Burgenland,2018,,19.2,,,,,
dataflow,ESTAT:TGS00045(1.0),Animal populations by NUTS 2 region,A,Annual,A2000,Live bovine animals,THS_HD,Thousand heads (animals),AT11,Burgenland,2019,,18.69,,,,,
dataflow,ESTAT:TGS00045(1.0),Animal populations by NUTS 2 region,A,Annual,A2000,Live bovine animals,THS_HD,Thousand heads (animals),AT11,Burgenland,2020,,17.5,,,,,
dataflow,ESTAT:TGS00045(1.0),Animal populations by NUTS 2 region,A,Annual,A2000,Live bovine animals,THS_HD,Thousand heads (animals),AT11,Burgenland,2021,,17.27,,,,,
dataflow,ESTAT:TGS00045(1.0),Animal populations by NUTS 2 region,A,Annual,A2000,Live bovine animals,THS_HD,Thousand heads (animals),AT11,Burgenland,2022,,16.94,,,,,
dataflow,ESTAT:TGS00045(1.0),Animal populations by NUTS 2 region,A,Annual,A2000,Live bovine animals,THS_HD,Thousand heads (animals),AT11,Burgenland,2023,,16.06,,,,,
dataflow,ESTAT:TGS00045(1.0),Animal populations by NUTS 2 region,A,Annual,A2000,Live bovine animals,THS_HD,Thousand heads (animals),AT11,Burgenland,2024,,15.86,,,,,
dataflow,ESTAT:TGS00045(1.0),Animal populations by NUTS 2 region,A,Annual,A2000,Live bovine animals,THS_HD,Thousand heads (animals),AT11,Burgenland,2025,,15.94,,,,,
dataflow,ESTAT:TGS00045(1.0),Animal populations by NUTS 2 region,A,Annual,A2000,Live bovine animals,THS_HD,Thousand heads (animals),AT12,Niederösterreich,2014,,446.87,,,,,
dataflow,ESTAT:TGS00045(1.0),Animal populations by NUTS 2 region,A,Annual,A2000,Live bovine animals,THS_HD,Thousand heads (animals),AT12,Niederösterreich,2015,,442.58,,,,,
dataflow,ESTAT:TGS00045(1.0),Animal populations by NUTS 2 region,A,Annual,A2000,Live bovine animals,THS_HD,Thousand heads (animals),AT12,Niederösterreich,2016,,438.55,,,,,
dataflow,ESTAT:TGS00045(1.0),Animal populations by NUTS 2 region,A,Annual,A2000,Live bovine animals,THS_HD,Thousand heads (animals),AT12,Niederösterreich,2017,,436.44,,,,,
dataflow,ESTAT:TGS00045(1.0),Animal populations by NUTS 2 region,A,Annual,A2000,Live bovine animals,THS_HD,Thousand heads (animals),AT12,Niederösterreich,2018,,429.03,,,,,
dataflow,ESTAT:TGS00045(1.0),Animal populations by NUTS 2 region,A,Annual,A2000,Live bovine animals,THS_HD,Thousand heads (animals),AT12,Niederösterreich,2019,,419.66,,,,,
dataflow,ESTAT:TGS00045(1.0),Animal populations by NUTS 2 region,A,Annual,A2000,Live bovine animals,THS_HD,Thousand heads (animals),AT12,Niederösterreich,2020,,411.21,,,,,
dataflow,ESTAT:TGS00045(1.0),Animal populations by NUTS 2 region,A,Annual,A2000,Live bovine animals,THS_HD,Thousand heads (animals),AT12,Niederösterreich,2021,,418.33,,,,,
dataflow,ESTAT:TGS00045(1.0),Animal populations by NUTS 2 region,A,Annual,A2000,Live bovine animals,THS_HD,Thousand heads (animals),AT12,Niederösterreich,2022,,418.45,,,,,
dataflow,ESTAT:TGS00045(1.0),Animal populations by NUTS 2 region,A,Annual,A2000,Live bovine animals,THS_HD,Thousand heads (animals),AT12,Niederösterreich,2023,,409.84,,,,,
dataflow,ESTAT:TGS00045(1.0),Animal populations by NUTS 2 region,A,Annual,A2000,Live bovine animals,THS_HD,Thousand heads (animals),AT12,Niederösterreich,2024,,399.7,,,,,
dataflow,ESTAT:TGS00045(1.0),Animal populations by NUTS 2 region,A,Annual,A2000,Live bovine animals,THS_HD,Thousand heads (animals),AT12,Niederösterreich,2025,,398.6,,,,,
dataflow,ESTAT:TGS00045(1.0),Animal populations by NUTS 2 region,A,Annual,A2000,Live bovine animals,THS_HD,Thousand heads (animals),AT13,Wien,2014,,0.1,,,,,
dataflow,ESTAT:TGS00045(1.0),Animal populations by NUTS 2 region,A,Annual,A2000,Live bovine animals,THS_HD,Thousand heads (animals),AT13,Wien,2015,,0.07,,,,,
dataflow,ESTAT:TGS00045(1.0),Animal populations by NUTS 2 region,A,Annual,A2000,Live bovine animals,THS_HD,Thousand heads (animals),AT13,Wien,2016,,0.1,,,,,
dataflow,ESTAT:TGS00045(1.0),Animal populations by NUTS 2 region,A,Annual,A2000,Live bovine animals,THS_HD,Thousand heads (animals),AT13,Wien,2017,,0.08,,,,,
dataflow,ESTAT:TGS00045(1.0),Animal populations by NUTS 2 region,A,Annual,A2000,Live bovine animals,THS_HD,Thousand heads (animals),AT13,Wien,2018,,0.08,,,,,
dataflow,ESTAT:TGS00045(1.0),Animal populations by NUTS 2 region,A,Annual,A2000,Live bovine animals,THS_HD,Thousand heads (animals),AT13,Wien,2019,,0.08,,,,,
dataflow,ESTAT:TGS00045(1.0),Animal populations by NUTS 2 region,A,Annual,A2000,Live bovine animals,THS_HD,Thousand heads (animals),AT13,Wien,2020,,0.07,,,,,
dataflow,ESTAT:TGS00045(1.0),Animal populations by NUTS 2 region,A,Annual,A2000,Live bovine animals,THS_HD,Thousand heads (animals),AT13,Wien,2021,,0.07,,,,,
dataflow,ESTAT:TGS00045(1.0),Animal populations by NUTS 2 region,A,Annual,A2000,Live bovine animals,THS_HD,Thousand heads (animals),AT13,Wien,2022,,0.07,,,,,
dataflow,ESTAT:TGS00045(1.0),Animal populations by NUTS 2 region,A,Annual,A2000,Live bovine animals,THS_HD,Thousand heads (animals),AT13,Wien,2023,,0.07,,,,,
dataflow,ESTAT:TGS00045(1.0),Animal populations by NUTS 2 region,A,Annual,A2000,Live bovine animals,THS_HD,Thousand heads (animals),AT13,Wien,2024,,0.08,,,,,
dataflow,ESTAT:TGS00045(1.0),Animal populations by NUTS 2 region,A,Annual,A2000,Live bovine animals,THS_HD,Thousand heads (animals),AT13,Wien,2025,,0.09,,,,,
dataflow,ESTAT:TGS00045(1.0),Animal populations by NUTS 2 region,A,Annual,A2000,Live bovine animals,THS_HD,Thousand heads (animals),AT21,Kärnten,2014,,188.12,,,,,
dataflow,ESTAT:TGS00045(1.0),Animal populations by NUTS 2 region,A,Annual,A2000,Live bovine animals,THS_HD,Thousand heads (animals),AT21,Kärnten,2015,,186.25,,,,,
dataflow,ESTAT:TGS00045(1.0),Animal populations by NUTS 2 region,A,Annual,A2000,Live bovine animals,THS_HD,Thousand heads (animals),AT21,Kärnten,2016,,186.72,,,,,
dataflow,ESTAT:TGS00045(1.0),Animal populations by NUTS 2 region,A,Annual,A2000,Live bovine animals,THS_HD,Thousand heads (animals),AT21,Kärnten,2017,,188.33,,,,,
dataflow,ESTAT:TGS00045(1.0),Animal populations by NUTS 2 region,A,Annual,A2000,Live bovine animals,THS_HD,Thousand heads (animals),AT21,Kärnten,2018,,185.63,,,,,
dataflow,ESTAT:TGS00045(1.0),Animal populations by NUTS 2 region,A,Annual,A2000,Live bovine animals,THS_HD,Thousand heads (animals),AT21,Kärnten,2019,,183.72,,,,,
dataflow,ESTAT:TGS00045(1.0),Animal populations by NUTS 2 region,A,Annual,A2000,Live bovine animals,THS_HD,Thousand heads (animals),AT21,Kärnten,2020,,179.79,,,,,
dataflow,ESTAT:TGS00045(1.0),Animal populations by NUTS 2 region,A,Annual,A2000,Live bovine animals,THS_HD,Thousand heads (animals),AT21,Kärnten,2021,,175.78,,,,,
dataflow,ESTAT:TGS00045(1.0),Animal populations by NUTS 2 region,A,Annual,A2000,Live bovine animals,THS_HD,Thousand heads (animals),AT21,Kärnten,2022,,168.88,,,,,
dataflow,ESTAT:TGS00045(1.0),Animal populations by NUTS 2 region,A,Annual,A2000,Live bovine animals,THS_HD,Thousand heads (animals),AT21,Kärnten,2023,,166.22,,,,,
dataflow,ESTAT:TGS00045(1.0),Animal populations by NUTS 2 region,A,Annual,A2000,Live bovine animals,THS_HD,Thousand heads (animals),AT21,Kärnten,2024,,167.43,,,,,
dataflow,ESTAT:TGS00045(1.0),Animal populations by NUTS 2 region,A,Annual,A2000,Live bovine animals,THS_HD,Thousand heads (animals),AT21,Kärnten,2025,,166.61,,,,,
dataflow,ESTAT:TGS00045(1.0),Animal populations by NUTS 2 region,A,Annual,A2000,Live bovine animals,THS_HD,Thousand heads (animals),AT22,Steiermark,2014,,323.15,,,,,
dataflow,ESTAT:TGS00045(1.0),Animal populations by NUTS 2 region,A,Annual,A2000,Live bovine animals,THS_HD,Thousand heads (animals),AT22,Steiermark,2015,,322.89,,,,,
dataflow,ESTAT:TGS00045(1.0),Animal populations by NUTS 2 region,A,Annual,A2000,Live bovine animals,THS_HD,Thousand heads (animals),AT22,Steiermark,2016,,322.29,,,,,
dataflow,ESTAT:TGS00045(1.0),Animal populations by NUTS 2 region,A,Annual,A2000,Live bovine animals,THS_HD,Thousand heads (animals),AT22,Steiermark,2017,,319.58,,,,,
dataflow,ESTAT:TGS00045(1.0),Animal populations by NUTS 2 region,A,Annual,A2000,Live bovine animals,THS_HD,Thousand heads (animals),AT22,Steiermark,2018,,319.72,,,,,
dataflow,ESTAT:TGS00045(1.0),Animal populations by NUTS 2 region,A,Annual,A2000,Live bovine animals,THS_HD,Thousand heads (animals),AT22,Steiermark,2019,,315.52,,,,,
dataflow,ESTAT:TGS00045(1.0),Animal populations by NUTS 2 region,A,Annual,A2000,Live bovine animals,THS_HD,Thousand heads (animals),AT22,Steiermark,2020,,308.43,,,,,
dataflow,ESTAT:TGS00045(1.0),Animal populations by NUTS 2 region,A,Annual,A2000,Live bovine animals,THS_HD,Thousand heads (animals),AT22,Steiermark,2021,,304.43,,,,,
dataflow,ESTAT:TGS00045(1.0),Animal populations by NUTS 2 region,A,Annual,A2000,Live bovine animals,THS_HD,Thousand heads (animals),AT22,Steiermark,2022,,299.16,,,,,
dataflow,ESTAT:TGS00045(1.0),Animal populations by NUTS 2 region,A,Annual,A2000,Live bovine animals,THS_HD,Thousand heads (animals),AT22,Steiermark,2023,,296.45,,,,,
dataflow,ESTAT:TGS00045(1.0),Animal populations by NUTS 2 region,A,Annual,A2000,Live bovine animals,THS_HD,Thousand heads (animals),AT22,Steiermark,2024,,299.93,,,,,
dataflow,ESTAT:TGS00045(1.0),Animal populations by NUTS 2 region,A,Annual,A2000,Live bovine animals,THS_HD,Thousand heads (animals),AT22,Steiermark,2025,,297.01,,,,,
dataflow,ESTAT:TGS00045(1.0),Animal populations by NUTS 2 region,A,Annual,A2000,Live bovine animals,THS_HD,Thousand heads (animals),AT31,Oberösterreich,2014,,573.03,,,,,
dataflow,ESTAT:TGS00045(1.0),Animal populations by NUTS 2 region,A,Annual,A2000,Live bovine animals,THS_HD,Thousand heads (animals),AT31,Oberösterreich,2015,,573.24,,,,,
dataflow,ESTAT:TGS00045(1.0),Animal populations by NUTS 2 region,A,Annual,A2000,Live bovine animals,THS_HD,Thousand heads (animals),AT31,Oberösterreich,2016,,569.88,,,,,
dataflow,ESTAT:TGS00045(1.0),Animal populations by NUTS 2 region,A,Annual,A2000,Live bovine animals,THS_HD,Thousand heads (animals),AT31,Oberösterreich,2017,,566.61,,,,,
dataflow,ESTAT:TGS00045(1.0),Animal populations by NUTS 2 region,A,Annual,A2000,Live bovine animals,THS_HD,Thousand heads (animals),AT31,Oberösterreich,2018,,553.25,,,,,
dataflow,ESTAT:TGS00045(1.0),Animal populations by NUTS 2 region,A,Annual,A2000,Live bovine animals,THS_HD,Thousand heads (animals),AT31,Oberösterreich,2019,,541.49,,,,,
dataflow,ESTAT:TGS00045(1.0),Animal populations by NUTS 2 region,A,Annual,A2000,Live bovine animals,THS_HD,Thousand heads (animals),AT31,Oberösterreich,2020,,539.94,,,,,
dataflow,ESTAT:TGS00045(1.0),Animal populations by NUTS 2 region,A,Annual,A2000,Live bovine animals,THS_HD,Thousand heads (animals),AT31,Oberösterreich,2021,,550.52,,,,,
dataflow,ESTAT:TGS00045(1.0),Animal populations by NUTS 2 region,A,Annual,A2000,Live bovine animals,THS_HD,Thousand heads (animals),AT31,Oberösterreich,2022,,553.87,,,,,
dataflow,ESTAT:TGS00045(1.0),Animal populations by NUTS 2 region,A,Annual,A2000,Live bovine animals,THS_HD,Thousand heads (animals),AT31,Oberösterreich,2023,,540.95,,,,,
dataflow,ESTAT:TGS00045(1.0),Animal populations by NUTS 2 region,A,Annual,A2000,Live bovine animals,THS_HD,Thousand heads (animals),AT31,Oberösterreich,2024,,528.58,,,,,
dataflow,ESTAT:TGS00045(1.0),Animal populations by NUTS 2 region,A,Annual,A2000,Live bovine animals,THS_HD,Thousand heads (animals),AT31,Oberösterreich,2025,,528.57,,,,,
dataflow,ESTAT:TGS00045(1.0),Animal populations by NUTS 2 region,A,Annual,A2000,Live bovine animals,THS_HD,Thousand heads (animals),AT32,Salzburg,2014,,163.87,,,,,
dataflow,ESTAT:TGS00045(1.0),Animal populations by NUTS 2 region,A,Annual,A2000,Live bovine animals,THS_HD,Thousand heads (animals),AT32,Salzburg,2015,,164.87,,,,,
dataflow,ESTAT:TGS00045(1.0),Animal populations by NUTS 2 region,A,Annual,A2000,Live bovine animals,THS_HD,Thousand heads (animals),AT32,Salzburg,2016,,166.9,,,,,
dataflow,ESTAT:TGS00045(1.0),Animal populations by NUTS 2 region,A,Annual,A2000,Live bovine animals,THS_HD,Thousand heads (animals),AT32,Salzburg,2017,,165.72,,,,,
dataflow,ESTAT:TGS00045(1.0),Animal populations by NUTS 2 region,A,Annual,A2000,Live bovine animals,THS_HD,Thousand heads (animals),AT32,Salzburg,2018,,162.78,,,,,
dataflow,ESTAT:TGS00045(1.0),Animal populations by NUTS 2 region,A,Annual,A2000,Live bovine animals,THS_HD,Thousand heads (animals),AT32,Salzburg,2019,,160.14,,,,,
dataflow,ESTAT:TGS00045(1.0),Animal populations by NUTS 2 region,A,Annual,A2000,Live bovine animals,THS_HD,Thousand heads (animals),AT32,Salzburg,2020,,159.11,,,,,
dataflow,ESTAT:TGS00045(1.0),Animal populations by NUTS 2 region,A,Annual,A2000,Live bovine animals,THS_HD,Thousand heads (animals),AT32,Salzburg,2021,,160.94,,,,,
dataflow,ESTAT:TGS00045(1.0),Animal populations by NUTS 2 region,A,Annual,A2000,Live bovine animals,THS_HD,Thousand heads (animals),AT32,Salzburg,2022,,160.98,,,,,
dataflow,ESTAT:TGS00045(1.0),Animal populations by NUTS 2 region,A,Annual,A2000,Live bovine animals,THS_HD,Thousand heads (animals),AT32,Salzburg,2023,,161.33,,,,,
dataflow,ESTAT:TGS00045(1.0),Animal populations by NUTS 2 region,A,Annual,A2000,Live bovine animals,THS_HD,Thousand heads (animals),AT32,Salzburg,2024,,162.53,,,,,
dataflow,ESTAT:TGS00045(1.0),Animal populations by NUTS 2 region,A,Annual,A2000,Live bovine animals,THS_HD,Thousand heads (animals),AT32,Salzburg,2025,,161.62,,,,,
dataflow,ESTAT:TGS00045(1.0),Animal populations by NUTS 2 region,A,Annual,A2000,Live bovine animals,THS_HD,Thousand heads (animals),AT33,Tirol,2014,,180.4,,,,,
dataflow,ESTAT:TGS00045(1.0),Animal populations by NUTS 2 region,A,Annual,A2000,Live bovine animals,THS_HD,Thousand heads (animals),AT33,Tirol,2015,,181.59,,,,,
dataflow,ESTAT:TGS00045(1.0),Animal populations by NUTS 2 region,A,Annual,A2000,Live bovine animals,THS_HD,Thousand heads (animals),AT33,Tirol,2016,,183.46,,,,,
dataflow,ESTAT:TGS00045(1.0),Animal populations by NUTS 2 region,A,Annual,A2000,Live bovine animals,THS_HD,Thousand heads (animals),AT33,Tirol,2017,,181.51,,,,,
dataflow,ESTAT:TGS00045(1.0),Animal populations by NUTS 2 region,A,Annual,A2000,Live bovine animals,THS_HD,Thousand heads (animals),AT33,Tirol,2018,,178.79,,,,,
dataflow,ESTAT:TGS00045(1.0),Animal populations by NUTS 2 region,A,Annual,A2000,Live bovine animals,THS_HD,Thousand heads (animals),AT33,Tirol,2019,,176.04,,,,,
dataflow,ESTAT:TGS00045(1.0),Animal populations by NUTS 2 region,A,Annual,A2000,Live bovine animals,THS_HD,Thousand heads (animals),AT33,Tirol,2020,,174.71,,,,,
dataflow,ESTAT:TGS00045(1.0),Animal populations by NUTS 2 region,A,Annual,A2000,Live bovine animals,THS_HD,Thousand heads (animals),AT33,Tirol,2021,,177.65,,,,,
dataflow,ESTAT:TGS00045(1.0),Animal populations by NUTS 2 region,A,Annual,A2000,Live bovine animals,THS_HD,Thousand heads (animals),AT33,Tirol,2022,,178.05,,,,,
dataflow,ESTAT:TGS00045(1.0),Animal populations by NUTS 2 region,A,Annual,A2000,Live bovine animals,THS_HD,Thousand heads (animals),AT33,Tirol,2023,,179.83,,,,,
dataflow,ESTAT:TGS00045(1.0),Animal populations by NUTS 2 region,A,Annual,A2000,Live bovine animals,THS_HD,Thousand heads (animals),AT33,Tirol,2024,,180.93,,,,,
dataflow,ESTAT:TGS00045(1.0),Animal populations by NUTS 2 region,A,Annual,A2000,Live bovine animals,THS_HD,Thousand heads (animals),AT33,Tirol,2025,,181.41,,,,,
dataflow,ESTAT:TGS00045(1.0),Animal populations by NUTS 2 region,A,Annual,A2000,Live bovine animals,THS_HD,Thousand heads (animals),AT34,Vorarlberg,2014,,64.74,,,,,
dataflow,ESTAT:TGS00045(1.0),Animal populations by NUTS 2 region,A,Annual,A2000,Live bovine animals,THS_HD,Thousand heads (animals),AT34,Vorarlberg,2015,,65.69,,,,,
dataflow,ESTAT:TGS00045(1.0),Animal populations by NUTS 2 region,A,Annual,A2000,Live bovine animals,THS_HD,Thousand heads (animals),AT34,Vorarlberg,2016,,66.06,,,,,
dataflow,ESTAT:TGS00045(1.0),Animal populations by NUTS 2 region,A,Annual,A2000,Live bovine animals,THS_HD,Thousand heads (animals),AT34,Vorarlberg,2017,,65.33,,,,,
dataflow,ESTAT:TGS00045(1.0),Animal populations by NUTS 2 region,A,Annual,A2000,Live bovine animals,THS_HD,Thousand heads (animals),AT34,Vorarlberg,2018,,64.34,,,,,
dataflow,ESTAT:TGS00045(1.0),Animal populations by NUTS 2 region,A,Annual,A2000,Live bovine animals,THS_HD,Thousand heads (animals),AT34,Vorarlberg,2019,,64.17,,,,,
dataflow,ESTAT:TGS00045(1.0),Animal populations by NUTS 2 region,A,Annual,A2000,Live bovine animals,THS_HD,Thousand heads (animals),AT34,Vorarlberg,2020,,64.66,,,,,
dataflow,ESTAT:TGS00045(1.0),Animal populations by NUTS 2 region,A,Annual,A2000,Live bovine animals,THS_HD,Thousand heads (animals),AT34,Vorarlberg,2021,,65.11,,,,,
dataflow,ESTAT:TGS00045(1.0),Animal populations by NUTS 2 region,A,Annual,A2000,Live bovine animals,THS_HD,Thousand heads (animals),AT34,Vorarlberg,2022,,64.67,,,,,
dataflow,ESTAT:TGS00045(1.0),Animal populations by NUTS 2 region,A,Annual,A2000,Live bovine animals,THS_HD,Thousand heads (animals),AT34,Vorarlberg,2023,,64.74,,,,,
dataflow,ESTAT:TGS00045(1.0),Animal populations by NUTS 2 region,A,Annual,A2000,Live bovine animals,THS_HD,Thousand heads (animals),AT34,Vorarlberg,2024,,64.98,,,,,
dataflow,ESTAT:TGS00045(1.0),Animal populations by NUTS 2 region,A,Annual,A2000,Live bovine animals,THS_HD,Thousand heads (animals),AT34,Vorarlberg,2025,,64.85,,,,,
dataflow,ESTAT:TGS00045(1.0),Animal populations by NUTS 2 region,A,Annual,A2000,Live bovine animals,THS_HD,Thousand heads (animals),BE10,Région de Bruxelles-Capitale/Brussels Hoofdstedelijk Gewest,2014,,0.79,,,,,
dataflow,ESTAT:TGS00045(1.0),Animal populations by NUTS 2 region,A,Annual,A2000,Live bovine animals,THS_HD,Thousand heads (animals),BE10,Région de Bruxelles-Capitale/Brussels Hoofdstedelijk Gewest,2015,,0.87,,,,,
dataflow,ESTAT:TGS00045(1.0),Animal populations by NUTS 2 region,A,Annual,A2000,Live bovine animals,THS_HD,Thousand heads (animals),BE10,Région de Bruxelles-Capitale/Brussels Hoofdstedelijk Gewest,2016,,0.5,,,,,
dataflow,ESTAT:TGS00045(1.0),Animal populations by NUTS 2 region,A,Annual,A2000,Live bovine animals,THS_HD,Thousand heads (animals),BE10,Région de Bruxelles-Capitale/Brussels Hoofdstedelijk Gewest,2017,,0.73,,,,,
dataflow,ESTAT:TGS00045(1.0),Animal populations by NUTS 2 region,A,Annual,A2000,Live bovine animals,THS_HD,Thousand heads (animals),BE10,Région de Bruxelles-Capitale/Brussels Hoofdstedelijk Gewest,2018,,0.7,,,,,
dataflow,ESTAT:TGS00045(1.0),Animal populations by NUTS 2 region,A,Annual,A2000,Live bovine animals,THS_HD,Thousand heads (animals),BE10,Région de Bruxelles-Capitale/Brussels Hoofdstedelijk Gewest,2019,,0.72,,,,,
dataflow,ESTAT:TGS00045(1.0),Animal populations by NUTS 2 region,A,Annual,A2000,Live bovine animals,THS_HD,Thousand heads (animals),BE10,Région de Bruxelles-Capitale/Brussels Hoofdstedelijk Gewest,2020,,0.72,,,,,
dataflow,ESTAT:TGS00045(1.0),Animal populations by NUTS 2 region,A,Annual,A2000,Live bovine animals,THS_HD,Thousand heads (animals),BE10,Région de Bruxelles-Capitale/Brussels Hoofdstedelijk Gewest,2021,,0.74,,,,,
dataflow,ESTAT:TGS00045(1.0),Animal populations by NUTS 2 region,A,Annual,A2000,Live bovine animals,THS_HD,Thousand heads (animals),BE10,Région de Bruxelles-Capitale/Brussels Hoofdstedelijk Gewest,2022,,0.83,,,,,
dataflow,ESTAT:TGS00045(1.0),Animal populations by NUTS 2 region,A,Annual,A2000,Live bovine animals,THS_HD,Thousand heads (animals),BE10,Région de Bruxelles-Capitale/Brussels Hoofdstedelijk Gewest,2023,,0.85,,,,,
dataflow,ESTAT:TGS00045(1.0),Animal populations by NUTS 2 region,A,Annual,A2000,Live bovine animals,THS_HD,Thousand heads (animals),BE10,Région de Bruxelles-Capitale/Brussels Hoofdstedelijk Gewest,2024,,1.12,,,,,
dataflow,ESTAT:TGS00045(1.0),Animal populations by NUTS 2 region,A,Annual,A2000,Live bovine animals,THS_HD,Thousand heads (animals),BE10,Région de Bruxelles-Capitale/Brussels Hoofdstedelijk Gewest,2025,,1.06,,,,,
dataflow,ESTAT:TGS00045(1.0),Animal populations by NUTS 2 region,A,Annual,A2000,Live bovine animals,THS_HD,Thousand heads (animals),BE21,Prov. Antwerpen,2014,,323.89,,,,,
dataflow,ESTAT:TGS00045(1.0),Animal populations by NUTS 2 region,A,Annual,A2000,Live bovine animals,THS_HD,Thousand heads (animals),BE21,Prov. Antwerpen,2015,,334.72,,,,,
dataflow,ESTAT:TGS00045(1.0),Animal populations by NUTS 2 region,A,Annual,A2000,Live bovine animals,THS_HD,Thousand heads (animals),BE21,Prov. Antwerpen,2016,,337.53,,,,,
dataflow,ESTAT:TGS00045(1.0),Animal populations by NUTS 2 region,A,Annual,A2000,Live bovine animals,THS_HD,Thousand heads (animals),BE21,Prov. Antwerpen,2017,,332.54,,,,,
dataflow,ESTAT:TGS00045(1.0),Animal populations by NUTS 2 region,A,Annual,A2000,Live bovine animals,THS_HD,Thousand heads (animals),BE21,Prov. Antwerpen,2018,,340.99,,,,,
dataflow,ESTAT:TGS00045(1.0),Animal populations by NUTS 2 region,A,Annual,A2000,Live bovine animals,THS_HD,Thousand heads (animals),BE21,Prov. Antwerpen,2019,,345.21,,,,,
dataflow,ESTAT:TGS00045(1.0),Animal populations by NUTS 2 region,A,Annual,A2000,Live bovine animals,THS_HD,Thousand heads (animals),BE21,Prov. Antwerpen,2020,,343.3,,,,,
dataflow,ESTAT:TGS00045(1.0),Animal populations by NUTS 2 region,A,Annual,A2000,Live bovine animals,THS_HD,Thousand heads (animals),BE21,Prov. Antwerpen,2021,,346.92,,,,,
dataflow,ESTAT:TGS00045(1.0),Animal populations by NUTS 2 region,A,Annual,A2000,Live bovine animals,THS_HD,Thousand heads (animals),BE21,Prov. Antwerpen,2022,,340.75,,,,,
dataflow,ESTAT:TGS00045(1.0),Animal populations by NUTS 2 region,A,Annual,A2000,Live bovine animals,THS_HD,Thousand heads (animals),BE21,Prov. Antwerpen,2023,,342.4,,,,,
dataflow,ESTAT:TGS00045(1.0),Animal populations by NUTS 2 region,A,Annual,A2000,Live bovine animals,THS_HD,Thousand heads (animals),BE21,Prov. Antwerpen,2024,,318.52,,,,,
dataflow,ESTAT:TGS00045(1.0),Animal populations by NUTS 2 region,A,Annual,A2000,Live bovine animals,THS_HD,Thousand heads (animals),BE21,Prov. Antwerpen,2025,,329.25,,,,,
dataflow,ESTAT:TGS00045(1.0),Animal populations by NUTS 2 region,A,Annual,A2000,Live bovine animals,THS_HD,Thousand heads (animals),BE22,Prov. Limburg (BE),2014,,134.74,,,,,
dataflow,ESTAT:TGS00045(1.0),Animal populations by NUTS 2 region,A,Annual,A2000,Live bovine animals,THS_HD,Thousand heads (animals),BE22,Prov. Limburg (BE),2015,,137.28,,,,,
dataflow,ESTAT:TGS00045(1.0),Animal populations by NUTS 2 region,A,Annual,A2000,Live bovine animals,THS_HD,Thousand heads (animals),BE22,Prov. Limburg (BE),2016,,137,,,,,
dataflow,ESTAT:TGS00045(1.0),Animal populations by NUTS 2 region,A,Annual,A2000,Live bovine animals,THS_HD,Thousand heads (animals),BE22,Prov. Limburg (BE),2017,,129.83,,,,,
dataflow,ESTAT:TGS00045(1.0),Animal populations by NUTS 2 region,A,Annual,A2000,Live bovine animals,THS_HD,Thousand heads (animals),BE22,Prov. Limburg (BE),2018,,131.57,,,,,
dataflow,ESTAT:TGS00045(1.0),Animal populations by NUTS 2 region,A,Annual,A2000,Live bovine animals,THS_HD,Thousand heads (animals),BE22,Prov. Limburg (BE),2019,,129.6,,,,,
dataflow,ESTAT:TGS00045(1.0),Animal populations by NUTS 2 region,A,Annual,A2000,Live bovine animals,THS_HD,Thousand heads (animals),BE22,Prov. Limburg (BE),2020,,128.69,,,,,
dataflow,ESTAT:TGS00045(1.0),Animal populations by NUTS 2 region,A,Annual,A2000,Live bovine animals,THS_HD,Thousand heads (animals),BE22,Prov. Limburg (BE),2021,,127.27,,,,,
dataflow,ESTAT:TGS00045(1.0),Animal populations by NUTS 2 region,A,Annual,A2000,Live bovine animals,THS_HD,Thousand heads (animals),BE22,Prov. Limburg (BE),2022,,125.64,,,,,
dataflow,ESTAT:TGS00045(1.0),Animal populations by NUTS 2 region,A,Annual,A2000,Live bovine animals,THS_HD,Thousand heads (animals),BE22,Prov. Limburg (BE),2023,,122.6,,,,,
dataflow,ESTAT:TGS00045(1.0),Animal populations by NUTS 2 region,A,Annual,A2000,Live bovine animals,THS_HD,Thousand heads (animals),BE22,Prov. Limburg (BE),2024,,120.92,,,,,
dataflow,ESTAT:TGS00045(1.0),Animal populations by NUTS 2 region,A,Annual,A2000,Live bovine animals,THS_HD,Thousand heads (animals),BE22,Prov. Limburg (BE),2025,,119.6,,,,,
dataflow,ESTAT:TGS00045(1.0),Animal populations by NUTS 2 region,A,Annual,A2000,Live bovine animals,THS_HD,Thousand heads (animals),BE23,Prov. Oost-Vlaanderen,2014,,328,,,,,
dataflow,ESTAT:TGS00045(1.0),Animal populations by NUTS 2 region,A,Annual,A2000,Live bovine animals,THS_HD,Thousand heads (animals),BE23,Prov. Oost-Vlaanderen,2015,,329.61,,,,,
dataflow,ESTAT:TGS00045(1.0),Animal populations by NUTS 2 region,A,Annual,A2000,Live bovine animals,THS_HD,Thousand heads (animals),BE23,Prov. Oost-Vlaanderen,2016,,331.74,,,,,
dataflow,ESTAT:TGS00045(1.0),Animal populations by NUTS 2 region,A,Annual,A2000,Live bovine animals,THS_HD,Thousand heads (animals),BE23,Prov. Oost-Vlaanderen,2017,,318.02,,,,,
dataflow,ESTAT:TGS00045(1.0),Animal populations by NUTS 2 region,A,Annual,A2000,Live bovine animals,THS_HD,Thousand heads (animals),BE23,Prov. Oost-Vlaanderen,2018,,315.32,,,,,
dataflow,ESTAT:TGS00045(1.0),Animal populations by NUTS 2 region,A,Annual,A2000,Live bovine animals,THS_HD,Thousand heads (animals),BE23,Prov. Oost-Vlaanderen,2019,,311.89,,,,,
dataflow,ESTAT:TGS00045(1.0),Animal populations by NUTS 2 region,A,Annual,A2000,Live bovine animals,THS_HD,Thousand heads (animals),BE23,Prov. Oost-Vlaanderen,2020,,309.59,,,,,
dataflow,ESTAT:TGS00045(1.0),Animal populations by NUTS 2 region,A,Annual,A2000,Live bovine animals,THS_HD,Thousand heads (animals),BE23,Prov. Oost-Vlaanderen,2021,,304.62,,,,,
dataflow,ESTAT:TGS00045(1.0),Animal populations by NUTS 2 region,A,Annual,A2000,Live bovine animals,THS_HD,Thousand heads (animals),BE23,Prov. Oost-Vlaanderen,2022,,302.63,,,,,
dataflow,ESTAT:TGS00045(1.0),Animal populations by NUTS 2 region,A,Annual,A2000,Live bovine animals,THS_HD,Thousand heads (animals),BE23,Prov. Oost-Vlaanderen,2023,,296.83,,,,,
dataflow,ESTAT:TGS00045(1.0),Animal populations by NUTS 2 region,A,Annual,A2000,Live bovine animals,THS_HD,Thousand heads (animals),BE23,Prov. Oost-Vlaanderen,2024,,286.36,,,,,
dataflow,ESTAT:TGS00045(1.0),Animal populations by NUTS 2 region,A,Annual,A2000,Live bovine animals,THS_HD,Thousand heads (animals),BE23,Prov. Oost-Vlaanderen,2025,,281.33,,,,,
dataflow,ESTAT:TGS00045(1.0),Animal populations by NUTS 2 region,A,Annual,A2000,Live bovine animals,THS_HD,Thousand heads (animals),BE24,Prov. Vlaams-Brabant,2014,,102.97,,,,,
dataflow,ESTAT:TGS00045(1.0),Animal populations by NUTS 2 region,A,Annual,A2000,Live bovine animals,THS_HD,Thousand heads (animals),BE24,Prov. Vlaams-Brabant,2015,,104.25,,,,,
dataflow,ESTAT:TGS00045(1.0),Animal populations by NUTS 2 region,A,Annual,A2000,Live bovine animals,THS_HD,Thousand heads (animals),BE24,Prov. Vlaams-Brabant,2016,,105.07,,,,,
dataflow,ESTAT:TGS00045(1.0),Animal populations by NUTS 2 region,A,Annual,A2000,Live bovine animals,THS_HD,Thousand heads (animals),BE24,Prov. Vlaams-Brabant,2017,,98.78,,,,,
dataflow,ESTAT:TGS00045(1.0),Animal populations by NUTS 2 region,A,Annual,A2000,Live bovine animals,THS_HD,Thousand heads (animals),BE24,Prov. Vlaams-Brabant,2018,,99.52,,,,,
dataflow,ESTAT:TGS00045(1.0),Animal populations by NUTS 2 region,A,Annual,A2000,Live bovine animals,THS_HD,Thousand heads (animals),BE24,Prov. Vlaams-Brabant,2019,,96.07,,,,,
dataflow,ESTAT:TGS00045(1.0),Animal populations by NUTS 2 region,A,Annual,A2000,Live bovine animals,THS_HD,Thousand heads (animals),BE24,Prov. Vlaams-Brabant,2020,,97.56,,,,,
dataflow,ESTAT:TGS00045(1.0),Animal populations by NUTS 2 region,A,Annual,A2000,Live bovine animals,THS_HD,Thousand heads (animals),BE24,Prov. Vlaams-Brabant,2021,,94.17,,,,,
dataflow,ESTAT:TGS00045(1.0),Animal populations by NUTS 2 region,A,Annual,A2000,Live bovine animals,THS_HD,Thousand heads (animals),BE24,Prov. Vlaams-Brabant,2022,,95.93,,,,,
dataflow,ESTAT:TGS00045(1.0),Animal populations by NUTS 2 region,A,Annual,A2000,Live bovine animals,THS_HD,Thousand heads (animals),BE24,Prov. Vlaams-Brabant,2023,,95.58,,,,,
dataflow,ESTAT:TGS00045(1.0),Animal populations by NUTS 2 region,A,Annual,A2000,Live bovine animals,THS_HD,Thousand heads (animals),BE24,Prov. Vlaams-Brabant,2024,,91.07,,,,,
dataflow,ESTAT:TGS00045(1.0),Animal populations by NUTS 2 region,A,Annual,A2000,Live bovine animals,THS_HD,Thousand heads (animals),BE24,Prov. Vlaams-Brabant,2025,,88.04,,,,,
dataflow,ESTAT:TGS00045(1.0),Animal populations by NUTS 2 region,A,Annual,A2000,Live bovine animals,THS_HD,Thousand heads (animals),BE25,Prov. West-Vlaanderen,2014,,410.39,,,,,
dataflow,ESTAT:TGS00045(1.0),Animal populations by NUTS 2 region,A,Annual,A2000,Live bovine animals,THS_HD,Thousand heads (animals),BE25,Prov. West-Vlaanderen,2015,,415.15,,,,,
dataflow,ESTAT:TGS00045(1.0),Animal populations by NUTS 2 region,A,Annual,A2000,Live bovine animals,THS_HD,Thousand heads (animals),BE25,Prov. West-Vlaanderen,2016,,415.43,,,,,
dataflow,ESTAT:TGS00045(1.0),Animal populations by NUTS 2 region,A,Annual,A2000,Live bovine animals,THS_HD,Thousand heads (animals),BE25,Prov. West-Vlaanderen,2017,,399.74,,,,,
dataflow,ESTAT:TGS00045(1.0),Animal populations by NUTS 2 region,A,Annual,A2000,Live bovine animals,THS_HD,Thousand heads (animals),BE25,Prov. West-Vlaanderen,2018,,396.08,,,,,
dataflow,ESTAT:TGS00045(1.0),Animal populations by NUTS 2 region,A,Annual,A2000,Live bovine animals,THS_HD,Thousand heads (animals),BE25,Prov. West-Vlaanderen,2019,,393.21,,,,,
dataflow,ESTAT:TGS00045(1.0),Animal populations by NUTS 2 region,A,Annual,A2000,Live bovine animals,THS_HD,Thousand heads (animals),BE25,Prov. West-Vlaanderen,2020,,386.58,,,,,
dataflow,ESTAT:TGS00045(1.0),Animal populations by NUTS 2 region,A,Annual,A2000,Live bovine animals,THS_HD,Thousand heads (animals),BE25,Prov. West-Vlaanderen,2021,,385.16,,,,,
dataflow,ESTAT:TGS00045(1.0),Animal populations by NUTS 2 region,A,Annual,A2000,Live bovine animals,THS_HD,Thousand heads (animals),BE25,Prov. West-Vlaanderen,2022,,383.24,,,,,
dataflow,ESTAT:TGS00045(1.0),Animal populations by NUTS 2 region,A,Annual,A2000,Live bovine animals,THS_HD,Thousand heads (animals),BE25,Prov. West-Vlaanderen,2023,,376.22,,,,,
dataflow,ESTAT:TGS00045(1.0),Animal populations by NUTS 2 region,A,Annual,A2000,Live bovine animals,THS_HD,Thousand heads (animals),BE25,Prov. West-Vlaanderen,2024,,360.41,,,,,
dataflow,ESTAT:TGS00045(1.0),Animal populations by NUTS 2 region,A,Annual,A2000,Live bovine animals,THS_HD,Thousand heads (animals),BE25,Prov. West-Vlaanderen,2025,,357.79,,,,,
dataflow,ESTAT:TGS00045(1.0),Animal populations by NUTS 2 region,A,Annual,A2000,Live bovine animals,THS_HD,Thousand heads (animals),BE31,Prov. Brabant wallon,2014,,49.43,,,,,
dataflow,ESTAT:TGS00045(1.0),Animal populations by NUTS 2 region,A,Annual,A2000,Live bovine animals,THS_HD,Thousand heads (animals),BE31,Prov. Brabant wallon,2015,,50,,,,,
dataflow,ESTAT:TGS00045(1.0),Animal populations by NUTS 2 region,A,Annual,A2000,Live bovine animals,THS_HD,Thousand heads (animals),BE31,Prov. Brabant wallon,2016,,50.08,,,,,
dataflow,ESTAT:TGS00045(1.0),Animal populations by NUTS 2 region,A,Annual,A2000,Live bovine animals,THS_HD,Thousand heads (animals),BE31,Prov. Brabant wallon,2017,,44.56,,,,,
dataflow,ESTAT:TGS00045(1.0),Animal populations by NUTS 2 region,A,Annual,A2000,Live bovine animals,THS_HD,Thousand heads (animals),BE31,Prov. Brabant wallon,2018,,47.22,,,,,
dataflow,ESTAT:TGS00045(1.0),Animal populations by NUTS 2 region,A,Annual,A2000,Live bovine animals,THS_HD,Thousand heads (animals),BE31,Prov. Brabant wallon,2019,,45.33,,,,,
dataflow,ESTAT:TGS00045(1.0),Animal populations by NUTS 2 region,A,Annual,A2000,Live bovine animals,THS_HD,Thousand heads (animals),BE31,Prov. Brabant wallon,2020,,44.59,,,,,
dataflow,ESTAT:TGS00045(1.0),Animal populations by NUTS 2 region,A,Annual,A2000,Live bovine animals,THS_HD,Thousand heads (animals),BE31,Prov. Brabant wallon,2021,,43.02,,,,,
dataflow,ESTAT:TGS00045(1.0),Animal populations by NUTS 2 region,A,Annual,A2000,Live bovine animals,THS_HD,Thousand heads (animals),BE31,Prov. Brabant wallon,2022,,42.16,,,,,
dataflow,ESTAT:TGS00045(1.0),Animal populations by NUTS 2 region,A,Annual,A2000,Live bovine animals,THS_HD,Thousand heads (animals),BE31,Prov. Brabant wallon,2023,,40.84,,,,,
dataflow,ESTAT:TGS00045(1.0),Animal populations by NUTS 2 region,A,Annual,A2000,Live bovine animals,THS_HD,Thousand heads (animals),BE31,Prov. Brabant wallon,2024,,38.78,,,,,
dataflow,ESTAT:TGS00045(1.0),Animal populations by NUTS 2 region,A,Annual,A2000,Live bovine animals,THS_HD,Thousand heads (animals),BE31,Prov. Brabant wallon,2025,,37.56,,,,,
dataflow,ESTAT:TGS00045(1.0),Animal populations by NUTS 2 region,A,Annual,A2000,Live bovine animals,THS_HD,Thousand heads (animals),BE32,Prov. Hainaut,2014,,305.29,,,,,
dataflow,ESTAT:TGS00045(1.0),Animal populations by NUTS 2 region,A,Annual,A2000,Live bovine animals,THS_HD,Thousand heads (animals),BE32,Prov. Hainaut,2015,,304.79,,,,,
dataflow,ESTAT:TGS00045(1.0),Animal populations by NUTS 2 region,A,Annual,A2000,Live bovine animals,THS_HD,Thousand heads (animals),BE32,Prov. Hainaut,2016,,301.28,,,,,
dataflow,ESTAT:TGS00045(1.0),Animal populations by NUTS 2 region,A,Annual,A2000,Live bovine animals,THS_HD,Thousand heads (animals),BE32,Prov. Hainaut,2017,,287.31,,,,,
dataflow,ESTAT:TGS00045(1.0),Animal populations by NUTS 2 region,A,Annual,A2000,Live bovine animals,THS_HD,Thousand heads (animals),BE32,Prov. Hainaut,2018,,284.26,,,,,
dataflow,ESTAT:TGS00045(1.0),Animal populations by NUTS 2 region,A,Annual,A2000,Live bovine animals,THS_HD,Thousand heads (animals),BE32,Prov. Hainaut,2019,,279.47,,,,,
dataflow,ESTAT:TGS00045(1.0),Animal populations by NUTS 2 region,A,Annual,A2000,Live bovine animals,THS_HD,Thousand heads (animals),BE32,Prov. Hainaut,2020,,272.35,,,,,
dataflow,ESTAT:TGS00045(1.0),Animal populations by NUTS 2 region,A,Annual,A2000,Live bovine animals,THS_HD,Thousand heads (animals),BE32,Prov. Hainaut,2021,,267.66,,,,,
dataflow,ESTAT:TGS00045(1.0),Animal populations by NUTS 2 region,A,Annual,A2000,Live bovine animals,THS_HD,Thousand heads (animals),BE32,Prov. Hainaut,2022,,262.27,,,,,
dataflow,ESTAT:TGS00045(1.0),Animal populations by NUTS 2 region,A,Annual,A2000,Live bovine animals,THS_HD,Thousand heads (animals),BE32,Prov. Hainaut,2023,,253.31,,,,,
dataflow,ESTAT:TGS00045(1.0),Animal populations by NUTS 2 region,A,Annual,A2000,Live bovine animals,THS_HD,Thousand heads (animals),BE32,Prov. Hainaut,2024,,242.29,,,,,
dataflow,ESTAT:TGS00045(1.0),Animal populations by NUTS 2 region,A,Annual,A2000,Live bovine animals,THS_HD,Thousand heads (animals),BE32,Prov. Hainaut,2025,,234.54,,,,,
dataflow,ESTAT:TGS00045(1.0),Animal populations by NUTS 2 region,A,Annual,A2000,Live bovine animals,THS_HD,Thousand heads (animals),BE33,Prov. Liège,2014,,262.91,,,,,
dataflow,ESTAT:TGS00045(1.0),Animal populations by NUTS 2 region,A,Annual,A2000,Live bovine animals,THS_HD,Thousand heads (animals),BE33,Prov. Liège,2015,,263.59,,,,,
dataflow,ESTAT:TGS00045(1.0),Animal populations by NUTS 2 region,A,Annual,A2000,Live bovine animals,THS_HD,Thousand heads (animals),BE33,Prov. Liège,2016,,259.74,,,,,
dataflow,ESTAT:TGS00045(1.0),Animal populations by NUTS 2 region,A,Annual,A2000,Live bovine animals,THS_HD,Thousand heads (animals),BE33,Prov. Liège,2017,,247.66,,,,,
dataflow,ESTAT:TGS00045(1.0),Animal populations by NUTS 2 region,A,Annual,A2000,Live bovine animals,THS_HD,Thousand heads (animals),BE33,Prov. Liège,2018,,245.42,,,,,
dataflow,ESTAT:TGS00045(1.0),Animal populations by NUTS 2 region,A,Annual,A2000,Live bovine animals,THS_HD,Thousand heads (animals),BE33,Prov. Liège,2019,,241.17,,,,,
dataflow,ESTAT:TGS00045(1.0),Animal populations by NUTS 2 region,A,Annual,A2000,Live bovine animals,THS_HD,Thousand heads (animals),BE33,Prov. Liège,2020,,236.56,,,,,
dataflow,ESTAT:TGS00045(1.0),Animal populations by NUTS 2 region,A,Annual,A2000,Live bovine animals,THS_HD,Thousand heads (animals),BE33,Prov. Liège,2021,,232.52,,,,,
dataflow,ESTAT:TGS00045(1.0),Animal populations by NUTS 2 region,A,Annual,A2000,Live bovine animals,THS_HD,Thousand heads (animals),BE33,Prov. Liège,2022,,229.61,,,,,
dataflow,ESTAT:TGS00045(1.0),Animal populations by NUTS 2 region,A,Annual,A2000,Live bovine animals,THS_HD,Thousand heads (animals),BE33,Prov. Liège,2023,,224.22,,,,,
dataflow,ESTAT:TGS00045(1.0),Animal populations by NUTS 2 region,A,Annual,A2000,Live bovine animals,THS_HD,Thousand heads (animals),BE33,Prov. Liège,2024,,217.33,,,,,
dataflow,ESTAT:TGS00045(1.0),Animal populations by NUTS 2 region,A,Annual,A2000,Live bovine animals,THS_HD,Thousand heads (animals),BE33,Prov. Liège,2025,,215.78,,,,,
dataflow,ESTAT:TGS00045(1.0),Animal populations by NUTS 2 region,A,Annual,A2000,Live bovine animals,THS_HD,Thousand heads (animals),BE34,Prov. Luxembourg (BE),2014,,325.68,,,,,
dataflow,ESTAT:TGS00045(1.0),Animal populations by NUTS 2 region,A,Annual,A2000,Live bovine animals,THS_HD,Thousand heads (animals),BE34,Prov. Luxembourg (BE),2015,,327.25,,,,,
dataflow,ESTAT:TGS00045(1.0),Animal populations by NUTS 2 region,A,Annual,A2000,Live bovine animals,THS_HD,Thousand heads (animals),BE34,Prov. Luxembourg (BE),2016,,330.23,,,,,
dataflow,ESTAT:TGS00045(1.0),Animal populations by NUTS 2 region,A,Annual,A2000,Live bovine animals,THS_HD,Thousand heads (animals),BE34,Prov. Luxembourg (BE),2017,,306.99,,,,,
dataflow,ESTAT:TGS00045(1.0),Animal populations by NUTS 2 region,A,Annual,A2000,Live bovine animals,THS_HD,Thousand heads (animals),BE34,Prov. Luxembourg (BE),2018,,315.73,,,,,
dataflow,ESTAT:TGS00045(1.0),Animal populations by NUTS 2 region,A,Annual,A2000,Live bovine animals,THS_HD,Thousand heads (animals),BE34,Prov. Luxembourg (BE),2019,,311.55,,,,,
dataflow,ESTAT:TGS00045(1.0),Animal populations by NUTS 2 region,A,Annual,A2000,Live bovine animals,THS_HD,Thousand heads (animals),BE34,Prov. Luxembourg (BE),2020,,302.48,,,,,
dataflow,ESTAT:TGS00045(1.0),Animal populations by NUTS 2 region,A,Annual,A2000,Live bovine animals,THS_HD,Thousand heads (animals),BE34,Prov. Luxembourg (BE),2021,,296.53,,,,,
dataflow,ESTAT:TGS00045(1.0),Animal populations by NUTS 2 region,A,Annual,A2000,Live bovine animals,THS_HD,Thousand heads (animals),BE34,Prov. Luxembourg (BE),2022,,293.01,,,,,
dataflow,ESTAT:TGS00045(1.0),Animal populations by NUTS 2 region,A,Annual,A2000,Live bovine animals,THS_HD,Thousand heads (animals),BE34,Prov. Luxembourg (BE),2023,,286.82,,,,,
dataflow,ESTAT:TGS00045(1.0),Animal populations by NUTS 2 region,A,Annual,A2000,Live bovine animals,THS_HD,Thousand heads (animals),BE34,Prov. Luxembourg (BE),2024,,278.97,,,,,
dataflow,ESTAT:TGS00045(1.0),Animal populations by NUTS 2 region,A,Annual,A2000,Live bovine animals,THS_HD,Thousand heads (animals),BE34,Prov. Luxembourg (BE),2025,,269.93,,,,,
dataflow,ESTAT:TGS00045(1.0),Animal populations by NUTS 2 region,A,Annual,A2000,Live bovine animals,THS_HD,Thousand heads (animals),BE35,Prov. Namur,2014,,233.14,,,,,
dataflow,ESTAT:TGS00045(1.0),Animal populations by NUTS 2 region,A,Annual,A2000,Live bovine animals,THS_HD,Thousand heads (animals),BE35,Prov. Namur,2015,,235.77,,,,,
dataflow,ESTAT:TGS00045(1.0),Animal populations by NUTS 2 region,A,Annual,A2000,Live bovine animals,THS_HD,Thousand heads (animals),BE35,Prov. Namur,2016,,232.74,,,,,
dataflow,ESTAT:TGS00045(1.0),Animal populations by NUTS 2 region,A,Annual,A2000,Live bovine animals,THS_HD,Thousand heads (animals),BE35,Prov. Namur,2017,,219.82,,,,,
dataflow,ESTAT:TGS00045(1.0),Animal populations by NUTS 2 region,A,Annual,A2000,Live bovine animals,THS_HD,Thousand heads (animals),BE35,Prov. Namur,2018,,221.27,,,,,
dataflow,ESTAT:TGS00045(1.0),Animal populations by NUTS 2 region,A,Annual,A2000,Live bovine animals,THS_HD,Thousand heads (animals),BE35,Prov. Namur,2019,,218.87,,,,,
dataflow,ESTAT:TGS00045(1.0),Animal populations by NUTS 2 region,A,Annual,A2000,Live bovine animals,THS_HD,Thousand heads (animals),BE35,Prov. Namur,2020,,213.03,,,,,
dataflow,ESTAT:TGS00045(1.0),Animal populations by NUTS 2 region,A,Annual,A2000,Live bovine animals,THS_HD,Thousand heads (animals),BE35,Prov. Namur,2021,,211.82,,,,,
dataflow,ESTAT:TGS00045(1.0),Animal populations by NUTS 2 region,A,Annual,A2000,Live bovine animals,THS_HD,Thousand heads (animals),BE35,Prov. Namur,2022,,210.03,,,,,
dataflow,ESTAT:TGS00045(1.0),Animal populations by NUTS 2 region,A,Annual,A2000,Live bovine animals,THS_HD,Thousand heads (animals),BE35,Prov. Namur,2023,,206.03,,,,,
dataflow,ESTAT:TGS00045(1.0),Animal populations by NUTS 2 region,A,Annual,A2000,Live bovine animals,THS_HD,Thousand heads (animals),BE35,Prov. Namur,2024,,197.65,,,,,
dataflow,ESTAT:TGS00045(1.0),Animal populations by NUTS 2 region,A,Annual,A2000,Live bovine animals,THS_HD,Thousand heads (animals),BE35,Prov. Namur,2025,,192.57,,,,,
dataflow,ESTAT:TGS00045(1.0),Animal populations by NUTS 2 region,A,Annual,A2000,Live bovine animals,THS_HD,Thousand heads (animals),BG31,Severozapaden,2014,,63.89,,,,,
dataflow,ESTAT:TGS00045(1.0),Animal populations by NUTS 2 region,A,Annual,A2000,Live bovine animals,THS_HD,Thousand heads (animals),BG31,Severozapaden,2015,,69.34,,,,,
dataflow,ESTAT:TGS00045(1.0),Animal populations by NUTS 2 region,A,Annual,A2000,Live bovine animals,THS_HD,Thousand heads (animals),BG31,Severozapaden,2016,,71.23,,,,,
dataflow,ESTAT:TGS00045(1.0),Animal populations by NUTS 2 region,A,Annual,A2000,Live bovine animals,THS_HD,Thousand heads (animals),BG31,Severozapaden,2017,,67.21,,,,,
dataflow,ESTAT:TGS00045(1.0),Animal populations by NUTS 2 region,A,Annual,A2000,Live bovine animals,THS_HD,Thousand heads (animals),BG31,Severozapaden,2018,,67.09,,,,,
dataflow,ESTAT:TGS00045(1.0),Animal populations by NUTS 2 region,A,Annual,A2000,Live bovine animals,THS_HD,Thousand heads (animals),BG31,Severozapaden,2019,,64.07,,,,,
dataflow,ESTAT:TGS00045(1.0),Animal populations by NUTS 2 region,A,Annual,A2000,Live bovine animals,THS_HD,Thousand heads (animals),BG31,Severozapaden,2020,,68.46,,,,,
dataflow,ESTAT:TGS00045(1.0),Animal populations by NUTS 2 region,A,Annual,A2000,Live bovine animals,THS_HD,Thousand heads (animals),BG31,Severozapaden,2021,,66.32,,,,,
dataflow,ESTAT:TGS00045(1.0),Animal populations by NUTS 2 region,A,Annual,A2000,Live bovine animals,THS_HD,Thousand heads (animals),BG31,Severozapaden,2022,,61.23,,,,,
dataflow,ESTAT:TGS00045(1.0),Animal populations by NUTS 2 region,A,Annual,A2000,Live bovine animals,THS_HD,Thousand heads (animals),BG31,Severozapaden,2023,,65.19,,,,,
dataflow,ESTAT:TGS00045(1.0),Animal populations by NUTS 2 region,A,Annual,A2000,Live bovine animals,THS_HD,Thousand heads (animals),BG31,Severozapaden,2024,,62.41,,,,,
dataflow,ESTAT:TGS00045(1.0),Animal populations by NUTS 2 region,A,Annual,A2000,Live bovine animals,THS_HD,Thousand heads (animals),BG31,Severozapaden,2025,,61.51,,,,,
dataflow,ESTAT:TGS00045(1.0),Animal populations by NUTS 2 region,A,Annual,A2000,Live bovine animals,THS_HD,Thousand heads (animals),BG32,Severen tsentralen,2014,,65.62,,,,,
dataflow,ESTAT:TGS00045(1.0),Animal populations by NUTS 2 region,A,Annual,A2000,Live bovine animals,THS_HD,Thousand heads (animals),BG32,Severen tsentralen,2015,,64.79,,,,,
dataflow,ESTAT:TGS00045(1.0),Animal populations by NUTS 2 region,A,Annual,A2000,Live bovine animals,THS_HD,Thousand heads (animals),BG32,Severen tsentralen,2016,,63.24,,,,,
dataflow,ESTAT:TGS00045(1.0),Animal populations by NUTS 2 region,A,Annual,A2000,Live bovine animals,THS_HD,Thousand heads (animals),BG32,Severen tsentralen,2017,,60.35,,,,,
dataflow,ESTAT:TGS00045(1.0),Animal populations by NUTS 2 region,A,Annual,A2000,Live bovine animals,THS_HD,Thousand heads (animals),BG32,Severen tsentralen,2018,,58.88,,,,,
dataflow,ESTAT:TGS00045(1.0),Animal populations by NUTS 2 region,A,Annual,A2000,Live bovine animals,THS_HD,Thousand heads (animals),BG32,Severen tsentralen,2019,,57.15,,,,,
dataflow,ESTAT:TGS00045(1.0),Animal populations by NUTS 2 region,A,Annual,A2000,Live bovine animals,THS_HD,Thousand heads (animals),BG32,Severen tsentralen,2020,,67.03,,,,,
dataflow,ESTAT:TGS00045(1.0),Animal populations by NUTS 2 region,A,Annual,A2000,Live bovine animals,THS_HD,Thousand heads (animals),BG32,Severen tsentralen,2021,,71.08,,,,,
dataflow,ESTAT:TGS00045(1.0),Animal populations by NUTS 2 region,A,Annual,A2000,Live bovine animals,THS_HD,Thousand heads (animals),BG32,Severen tsentralen,2022,,67.3,,,,,
dataflow,ESTAT:TGS00045(1.0),Animal populations by NUTS 2 region,A,Annual,A2000,Live bovine animals,THS_HD,Thousand heads (animals),BG32,Severen tsentralen,2023,,63.07,,,,,
dataflow,ESTAT:TGS00045(1.0),Animal populations by NUTS 2 region,A,Annual,A2000,Live bovine animals,THS_HD,Thousand heads (animals),BG32,Severen tsentralen,2024,,62.21,,,,,
dataflow,ESTAT:TGS00045(1.0),Animal populations by NUTS 2 region,A,Annual,A2000,Live bovine animals,THS_HD,Thousand heads (animals),BG32,Severen tsentralen,2025,,63.42,,,,,
dataflow,ESTAT:TGS00045(1.0),Animal populations by NUTS 2 region,A,Annual,A2000,Live bovine animals,THS_HD,Thousand heads (animals),BG33,Severoiztochen,2014,,77.63,,,,,
dataflow,ESTAT:TGS00045(1.0),Animal populations by NUTS 2 region,A,Annual,A2000,Live bovine animals,THS_HD,Thousand heads (animals),BG33,Severoiztochen,2015,,73.91,,,,,
dataflow,ESTAT:TGS00045(1.0),Animal populations by NUTS 2 region,A,Annual,A2000,Live bovine animals,THS_HD,Thousand heads (animals),BG33,Severoiztochen,2016,,77.17,,,,,
dataflow,ESTAT:TGS00045(1.0),Animal populations by NUTS 2 region,A,Annual,A2000,Live bovine animals,THS_HD,Thousand heads (animals),BG33,Severoiztochen,2017,,76.23,,,,,
dataflow,ESTAT:TGS00045(1.0),Animal populations by NUTS 2 region,A,Annual,A2000,Live bovine animals,THS_HD,Thousand heads (animals),BG33,Severoiztochen,2018,,67.91,,,,,
dataflow,ESTAT:TGS00045(1.0),Animal populations by NUTS 2 region,A,Annual,A2000,Live bovine animals,THS_HD,Thousand heads (animals),BG33,Severoiztochen,2019,,65.2,,,,,
dataflow,ESTAT:TGS00045(1.0),Animal populations by NUTS 2 region,A,Annual,A2000,Live bovine animals,THS_HD,Thousand heads (animals),BG33,Severoiztochen,2020,,67.99,,,,,
dataflow,ESTAT:TGS00045(1.0),Animal populations by NUTS 2 region,A,Annual,A2000,Live bovine animals,THS_HD,Thousand heads (animals),BG33,Severoiztochen,2021,,68.73,,,,,
dataflow,ESTAT:TGS00045(1.0),Animal populations by NUTS 2 region,A,Annual,A2000,Live bovine animals,THS_HD,Thousand heads (animals),BG33,Severoiztochen,2022,,65.01,,,,,
dataflow,ESTAT:TGS00045(1.0),Animal populations by NUTS 2 region,A,Annual,A2000,Live bovine animals,THS_HD,Thousand heads (animals),BG33,Severoiztochen,2023,,62.6,,,,,
dataflow,ESTAT:TGS00045(1.0),Animal populations by NUTS 2 region,A,Annual,A2000,Live bovine animals,THS_HD,Thousand heads (animals),BG33,Severoiztochen,2024,,59.54,,,,,
dataflow,ESTAT:TGS00045(1.0),Animal populations by NUTS 2 region,A,Annual,A2000,Live bovine animals,THS_HD,Thousand heads (animals),BG33,Severoiztochen,2025,,56.67,,,,,
dataflow,ESTAT:TGS00045(1.0),Animal populations by NUTS 2 region,A,Annual,A2000,Live bovine animals,THS_HD,Thousand heads (animals),BG34,Yugoiztochen,2014,,103.56,,,,,
dataflow,ESTAT:TGS00045(1.0),Animal populations by NUTS 2 region,A,Annual,A2000,Live bovine animals,THS_HD,Thousand heads (animals),BG34,Yugoiztochen,2015,,105.48,,,,,
dataflow,ESTAT:TGS00045(1.0),Animal populations by NUTS 2 region,A,Annual,A2000,Live bovine animals,THS_HD,Thousand heads (animals),BG34,Yugoiztochen,2016,,109.26,,,,,
dataflow,ESTAT:TGS00045(1.0),Animal populations by NUTS 2 region,A,Annual,A2000,Live bovine animals,THS_HD,Thousand heads (animals),BG34,Yugoiztochen,2017,,104.18,,,,,
dataflow,ESTAT:TGS00045(1.0),Animal populations by NUTS 2 region,A,Annual,A2000,Live bovine animals,THS_HD,Thousand heads (animals),BG34,Yugoiztochen,2018,,105.05,,,,,
dataflow,ESTAT:TGS00045(1.0),Animal populations by NUTS 2 region,A,Annual,A2000,Live bovine animals,THS_HD,Thousand heads (animals),BG34,Yugoiztochen,2019,,101.4,,,,,
dataflow,ESTAT:TGS00045(1.0),Animal populations by NUTS 2 region,A,Annual,A2000,Live bovine animals,THS_HD,Thousand heads (animals),BG34,Yugoiztochen,2020,,114.61,,,,,
dataflow,ESTAT:TGS00045(1.0),Animal populations by NUTS 2 region,A,Annual,A2000,Live bovine animals,THS_HD,Thousand heads (animals),BG34,Yugoiztochen,2021,,119.07,,,,,
dataflow,ESTAT:TGS00045(1.0),Animal populations by NUTS 2 region,A,Annual,A2000,Live bovine animals,THS_HD,Thousand heads (animals),BG34,Yugoiztochen,2022,,111.29,,,,,
dataflow,ESTAT:TGS00045(1.0),Animal populations by NUTS 2 region,A,Annual,A2000,Live bovine animals,THS_HD,Thousand heads (animals),BG34,Yugoiztochen,2023,,111.15,,,,,
dataflow,ESTAT:TGS00045(1.0),Animal populations by NUTS 2 region,A,Annual,A2000,Live bovine animals,THS_HD,Thousand heads (animals),BG34,Yugoiztochen,2024,,109.12,,,,,
dataflow,ESTAT:TGS00045(1.0),Animal populations by NUTS 2 region,A,Annual,A2000,Live bovine animals,THS_HD,Thousand heads (animals),BG34,Yugoiztochen,2025,,110.53,,,,,
dataflow,ESTAT:TGS00045(1.0),Animal populations by NUTS 2 region,A,Annual,A2000,Live bovine animals,THS_HD,Thousand heads (animals),BG41,Yugozapaden,2014,,62.37,,,,,
dataflow,ESTAT:TGS00045(1.0),Animal populations by NUTS 2 region,A,Annual,A2000,Live bovine animals,THS_HD,Thousand heads (animals),BG41,Yugozapaden,2015,,68.52,,,,,
dataflow,ESTAT:TGS00045(1.0),Animal populations by NUTS 2 region,A,Annual,A2000,Live bovine animals,THS_HD,Thousand heads (animals),BG41,Yugozapaden,2016,,67.17,,,,,
dataflow,ESTAT:TGS00045(1.0),Animal populations by NUTS 2 region,A,Annual,A2000,Live bovine animals,THS_HD,Thousand heads (animals),BG41,Yugozapaden,2017,,68.61,,,,,
dataflow,ESTAT:TGS00045(1.0),Animal populations by NUTS 2 region,A,Annual,A2000,Live bovine animals,THS_HD,Thousand heads (animals),BG41,Yugozapaden,2018,,74.18,,,,,
dataflow,ESTAT:TGS00045(1.0),Animal populations by NUTS 2 region,A,Annual,A2000,Live bovine animals,THS_HD,Thousand heads (animals),BG41,Yugozapaden,2019,,72.69,,,,,
dataflow,ESTAT:TGS00045(1.0),Animal populations by NUTS 2 region,A,Annual,A2000,Live bovine animals,THS_HD,Thousand heads (animals),BG41,Yugozapaden,2020,,86.81,,,,,
dataflow,ESTAT:TGS00045(1.0),Animal populations by NUTS 2 region,A,Annual,A2000,Live bovine animals,THS_HD,Thousand heads (animals),BG41,Yugozapaden,2021,,94.76,,,,,
dataflow,ESTAT:TGS00045(1.0),Animal populations by NUTS 2 region,A,Annual,A2000,Live bovine animals,THS_HD,Thousand heads (animals),BG41,Yugozapaden,2022,,91.4,,,,,
dataflow,ESTAT:TGS00045(1.0),Animal populations by NUTS 2 region,A,Annual,A2000,Live bovine animals,THS_HD,Thousand heads (animals),BG41,Yugozapaden,2023,,88.28,,,,,
dataflow,ESTAT:TGS00045(1.0),Animal populations by NUTS 2 region,A,Annual,A2000,Live bovine animals,THS_HD,Thousand heads (animals),BG41,Yugozapaden,2024,,86.51,,,,,
dataflow,ESTAT:TGS00045(1.0),Animal populations by NUTS 2 region,A,Annual,A2000,Live bovine animals,THS_HD,Thousand heads (animals),BG41,Yugozapaden,2025,,90.27,,,,,
dataflow,ESTAT:TGS00045(1.0),Animal populations by NUTS 2 region,A,Annual,A2000,Live bovine animals,THS_HD,Thousand heads (animals),BG42,Yuzhen tsentralen,2014,,189.3,,,,,
dataflow,ESTAT:TGS00045(1.0),Animal populations by NUTS 2 region,A,Annual,A2000,Live bovine animals,THS_HD,Thousand heads (animals),BG42,Yuzhen tsentralen,2015,,179.01,,,,,
dataflow,ESTAT:TGS00045(1.0),Animal populations by NUTS 2 region,A,Annual,A2000,Live bovine animals,THS_HD,Thousand heads (animals),BG42,Yuzhen tsentralen,2016,,182.07,,,,,
dataflow,ESTAT:TGS00045(1.0),Animal populations by NUTS 2 region,A,Annual,A2000,Live bovine animals,THS_HD,Thousand heads (animals),BG42,Yuzhen tsentralen,2017,,176.35,,,,,
dataflow,ESTAT:TGS00045(1.0),Animal populations by NUTS 2 region,A,Annual,A2000,Live bovine animals,THS_HD,Thousand heads (animals),BG42,Yuzhen tsentralen,2018,,169.01,,,,,
dataflow,ESTAT:TGS00045(1.0),Animal populations by NUTS 2 region,A,Annual,A2000,Live bovine animals,THS_HD,Thousand heads (animals),BG42,Yuzhen tsentralen,2019,,166.67,,,,,
dataflow,ESTAT:TGS00045(1.0),Animal populations by NUTS 2 region,A,Annual,A2000,Live bovine animals,THS_HD,Thousand heads (animals),BG42,Yuzhen tsentralen,2020,,184.01,,,,,
dataflow,ESTAT:TGS00045(1.0),Animal populations by NUTS 2 region,A,Annual,A2000,Live bovine animals,THS_HD,Thousand heads (animals),BG42,Yuzhen tsentralen,2021,,191.23,,,,,
dataflow,ESTAT:TGS00045(1.0),Animal populations by NUTS 2 region,A,Annual,A2000,Live bovine animals,THS_HD,Thousand heads (animals),BG42,Yuzhen tsentralen,2022,,183.64,,,,,
dataflow,ESTAT:TGS00045(1.0),Animal populations by NUTS 2 region,A,Annual,A2000,Live bovine animals,THS_HD,Thousand heads (animals),BG42,Yuzhen tsentralen,2023,,184.01,,,,,
dataflow,ESTAT:TGS00045(1.0),Animal populations by NUTS 2 region,A,Annual,A2000,Live bovine animals,THS_HD,Thousand heads (animals),BG42,Yuzhen tsentralen,2024,,178.98,,,,,
dataflow,ESTAT:TGS00045(1.0),Animal populations by NUTS 2 region,A,Annual,A2000,Live bovine animals,THS_HD,Thousand heads (animals),BG42,Yuzhen tsentralen,2025,,180.6,,,,,
dataflow,ESTAT:TGS00045(1.0),Animal populations by NUTS 2 region,A,Annual,A2000,Live bovine animals,THS_HD,Thousand heads (animals),CH01,Région lémanique,2015,,147.02,,,,,
dataflow,ESTAT:TGS00045(1.0),Animal populations by NUTS 2 region,A,Annual,A2000,Live bovine animals,THS_HD,Thousand heads (animals),CH01,Région lémanique,2016,,145.93,,,,,
dataflow,ESTAT:TGS00045(1.0),Animal populations by NUTS 2 region,A,Annual,A2000,Live bovine animals,THS_HD,Thousand heads (animals),CH01,Région lémanique,2017,,146.23,,,,,
dataflow,ESTAT:TGS00045(1.0),Animal populations by NUTS 2 region,A,Annual,A2000,Live bovine animals,THS_HD,Thousand heads (animals),CH01,Région lémanique,2018,,145.6,,,,,
dataflow,ESTAT:TGS00045(1.0),Animal populations by NUTS 2 region,A,Annual,A2000,Live bovine animals,THS_HD,Thousand heads (animals),CH01,Région lémanique,2019,,143,,,,,
dataflow,ESTAT:TGS00045(1.0),Animal populations by NUTS 2 region,A,Annual,A2000,Live bovine animals,THS_HD,Thousand heads (animals),CH01,Région lémanique,2020,,143.42,,,,,
dataflow,ESTAT:TGS00045(1.0),Animal populations by NUTS 2 region,A,Annual,A2000,Live bovine animals,THS_HD,Thousand heads (animals),CH01,Région lémanique,2021,,145.99,,,,,
dataflow,ESTAT:TGS00045(1.0),Animal populations by NUTS 2 region,A,Annual,A2000,Live bovine animals,THS_HD,Thousand heads (animals),CH01,Région lémanique,2022,,147.36,,,,,
dataflow,ESTAT:TGS00045(1.0),Animal populations by NUTS 2 region,A,Annual,A2000,Live bovine animals,THS_HD,Thousand heads (animals),CH01,Région lémanique,2023,,146.93,,,,,
dataflow,ESTAT:TGS00045(1.0),Animal populations by NUTS 2 region,A,Annual,A2000,Live bovine animals,THS_HD,Thousand heads (animals),CH01,Région lémanique,2024,,147.25,,,,,
dataflow,ESTAT:TGS00045(1.0),Animal populations by NUTS 2 region,A,Annual,A2000,Live bovine animals,THS_HD,Thousand heads (animals),CH02,Espace Mittelland,2015,,586.64,,,,,
dataflow,ESTAT:TGS00045(1.0),Animal populations by NUTS 2 region,A,Annual,A2000,Live bovine animals,THS_HD,Thousand heads (animals),CH02,Espace Mittelland,2016,,589.68,,,,,
dataflow,ESTAT:TGS00045(1.0),Animal populations by NUTS 2 region,A,Annual,A2000,Live bovine animals,THS_HD,Thousand heads (animals),CH02,Espace Mittelland,2017,,587.12,,,,,
dataflow,ESTAT:TGS00045(1.0),Animal populations by NUTS 2 region,A,Annual,A2000,Live bovine animals,THS_HD,Thousand heads (animals),CH02,Espace Mittelland,2018,,584.22,,,,,
dataflow,ESTAT:TGS00045(1.0),Animal populations by NUTS 2 region,A,Annual,A2000,Live bovine animals,THS_HD,Thousand heads (animals),CH02,Espace Mittelland,2019,,578.81,,,,,
dataflow,ESTAT:TGS00045(1.0),Animal populations by NUTS 2 region,A,Annual,A2000,Live bovine animals,THS_HD,Thousand heads (animals),CH02,Espace Mittelland,2020,,567.46,,,,,
dataflow,ESTAT:TGS00045(1.0),Animal populations by NUTS 2 region,A,Annual,A2000,Live bovine animals,THS_HD,Thousand heads (animals),CH02,Espace Mittelland,2021,,574.53,,,,,
dataflow,ESTAT:TGS00045(1.0),Animal populations by NUTS 2 region,A,Annual,A2000,Live bovine animals,THS_HD,Thousand heads (animals),CH02,Espace Mittelland,2022,,577.15,,,,,
dataflow,ESTAT:TGS00045(1.0),Animal populations by NUTS 2 region,A,Annual,A2000,Live bovine animals,THS_HD,Thousand heads (animals),CH02,Espace Mittelland,2023,,577.23,,,,,
dataflow,ESTAT:TGS00045(1.0),Animal populations by NUTS 2 region,A,Annual,A2000,Live bovine animals,THS_HD,Thousand heads (animals),CH02,Espace Mittelland,2024,,572.49,,,,,
dataflow,ESTAT:TGS00045(1.0),Animal populations by NUTS 2 region,A,Annual,A2000,Live bovine animals,THS_HD,Thousand heads (animals),CH03,Nordwestschweiz,2015,,115.86,,,,,
dataflow,ESTAT:TGS00045(1.0),Animal populations by NUTS 2 region,A,Annual,A2000,Live bovine animals,THS_HD,Thousand heads (animals),CH03,Nordwestschweiz,2016,,114.9,,,,,
dataflow,ESTAT:TGS00045(1.0),Animal populations by NUTS 2 region,A,Annual,A2000,Live bovine animals,THS_HD,Thousand heads (animals),CH03,Nordwestschweiz,2017,,113.94,,,,,
dataflow,ESTAT:TGS00045(1.0),Animal populations by NUTS 2 region,A,Annual,A2000,Live bovine animals,THS_HD,Thousand heads (animals),CH03,Nordwestschweiz,2018,,112.67,,,,,
dataflow,ESTAT:TGS00045(1.0),Animal populations by NUTS 2 region,A,Annual,A2000,Live bovine animals,THS_HD,Thousand heads (animals),CH03,Nordwestschweiz,2019,,112.37,,,,,
dataflow,ESTAT:TGS00045(1.0),Animal populations by NUTS 2 region,A,Annual,A2000,Live bovine animals,THS_HD,Thousand heads (animals),CH03,Nordwestschweiz,2020,,112.18,,,,,
dataflow,ESTAT:TGS00045(1.0),Animal populations by NUTS 2 region,A,Annual,A2000,Live bovine animals,THS_HD,Thousand heads (animals),CH03,Nordwestschweiz,2021,,112.38,,,,,
dataflow,ESTAT:TGS00045(1.0),Animal populations by NUTS 2 region,A,Annual,A2000,Live bovine animals,THS_HD,Thousand heads (animals),CH03,Nordwestschweiz,2022,,112.77,,,,,
dataflow,ESTAT:TGS00045(1.0),Animal populations by NUTS 2 region,A,Annual,A2000,Live bovine animals,THS_HD,Thousand heads (animals),CH03,Nordwestschweiz,2023,,112.9,,,,,
dataflow,ESTAT:TGS00045(1.0),Animal populations by NUTS 2 region,A,Annual,A2000,Live bovine animals,THS_HD,Thousand heads (animals),CH03,Nordwestschweiz,2024,,113.11,,,,,
dataflow,ESTAT:TGS00045(1.0),Animal populations by NUTS 2 region,A,Annual,A2000,Live bovine animals,THS_HD,Thousand heads (animals),CH04,Zürich,2015,,96.45,,,,,
dataflow,ESTAT:TGS00045(1.0),Animal populations by NUTS 2 region,A,Annual,A2000,Live bovine animals,THS_HD,Thousand heads (animals),CH04,Zürich,2016,,96.55,,,,,
dataflow,ESTAT:TGS00045(1.0),Animal populations by NUTS 2 region,A,Annual,A2000,Live bovine animals,THS_HD,Thousand heads (animals),CH04,Zürich,2017,,95.49,,,,,
dataflow,ESTAT:TGS00045(1.0),Animal populations by NUTS 2 region,A,Annual,A2000,Live bovine animals,THS_HD,Thousand heads (animals),CH04,Zürich,2018,,93.44,,,,,
dataflow,ESTAT:TGS00045(1.0),Animal populations by NUTS 2 region,A,Annual,A2000,Live bovine animals,THS_HD,Thousand heads (animals),CH04,Zürich,2019,,92.74,,,,,
dataflow,ESTAT:TGS00045(1.0),Animal populations by NUTS 2 region,A,Annual,A2000,Live bovine animals,THS_HD,Thousand heads (animals),CH04,Zürich,2020,,91.22,,,,,
dataflow,ESTAT:TGS00045(1.0),Animal populations by NUTS 2 region,A,Annual,A2000,Live bovine animals,THS_HD,Thousand heads (animals),CH04,Zürich,2021,,92.58,,,,,
dataflow,ESTAT:TGS00045(1.0),Animal populations by NUTS 2 region,A,Annual,A2000,Live bovine animals,THS_HD,Thousand heads (animals),CH04,Zürich,2022,,92.74,,,,,
dataflow,ESTAT:TGS00045(1.0),Animal populations by NUTS 2 region,A,Annual,A2000,Live bovine animals,THS_HD,Thousand heads (animals),CH04,Zürich,2023,,92.65,,,,,
dataflow,ESTAT:TGS00045(1.0),Animal populations by NUTS 2 region,A,Annual,A2000,Live bovine animals,THS_HD,Thousand heads (animals),CH04,Zürich,2024,,92.51,,,,,
dataflow,ESTAT:TGS00045(1.0),Animal populations by NUTS 2 region,A,Annual,A2000,Live bovine animals,THS_HD,Thousand heads (animals),CH05,Ostschweiz,2015,,349.55,,,,,
dataflow,ESTAT:TGS00045(1.0),Animal populations by NUTS 2 region,A,Annual,A2000,Live bovine animals,THS_HD,Thousand heads (animals),CH05,Ostschweiz,2016,,350.39,,,,,
dataflow,ESTAT:TGS00045(1.0),Animal populations by NUTS 2 region,A,Annual,A2000,Live bovine animals,THS_HD,Thousand heads (animals),CH05,Ostschweiz,2017,,349.95,,,,,
dataflow,ESTAT:TGS00045(1.0),Animal populations by NUTS 2 region,A,Annual,A2000,Live bovine animals,THS_HD,Thousand heads (animals),CH05,Ostschweiz,2018,,252.99,,,,,
dataflow,ESTAT:TGS00045(1.0),Animal populations by NUTS 2 region,A,Annual,A2000,Live bovine animals,THS_HD,Thousand heads (animals),CH05,Ostschweiz,2019,,338.37,,,,,
dataflow,ESTAT:TGS00045(1.0),Animal populations by NUTS 2 region,A,Annual,A2000,Live bovine animals,THS_HD,Thousand heads (animals),CH05,Ostschweiz,2020,,341.62,,,,,
dataflow,ESTAT:TGS00045(1.0),Animal populations by NUTS 2 region,A,Annual,A2000,Live bovine animals,THS_HD,Thousand heads (animals),CH05,Ostschweiz,2021,,342.85,,,,,
dataflow,ESTAT:TGS00045(1.0),Animal populations by NUTS 2 region,A,Annual,A2000,Live bovine animals,THS_HD,Thousand heads (animals),CH05,Ostschweiz,2022,,344.31,,,,,
dataflow,ESTAT:TGS00045(1.0),Animal populations by NUTS 2 region,A,Annual,A2000,Live bovine animals,THS_HD,Thousand heads (animals),CH05,Ostschweiz,2023,,344.26,,,,,
dataflow,ESTAT:TGS00045(1.0),Animal populations by NUTS 2 region,A,Annual,A2000,Live bovine animals,THS_HD,Thousand heads (animals),CH05,Ostschweiz,2024,,343.42,,,,,
dataflow,ESTAT:TGS00045(1.0),Animal populations by NUTS 2 region,A,Annual,A2000,Live bovine animals,THS_HD,Thousand heads (animals),CH06,Zentralschweiz,2015,,254.97,,,,,
dataflow,ESTAT:TGS00045(1.0),Animal populations by NUTS 2 region,A,Annual,A2000,Live bovine animals,THS_HD,Thousand heads (animals),CH06,Zentralschweiz,2016,,254.68,,,,,
dataflow,ESTAT:TGS00045(1.0),Animal populations by NUTS 2 region,A,Annual,A2000,Live bovine animals,THS_HD,Thousand heads (animals),CH06,Zentralschweiz,2017,,255.41,,,,,
dataflow,ESTAT:TGS00045(1.0),Animal populations by NUTS 2 region,A,Annual,A2000,Live bovine animals,THS_HD,Thousand heads (animals),CH06,Zentralschweiz,2018,,342.66,,,,,
dataflow,ESTAT:TGS00045(1.0),Animal populations by NUTS 2 region,A,Annual,A2000,Live bovine animals,THS_HD,Thousand heads (animals),CH06,Zentralschweiz,2019,,252.8,,,,,
dataflow,ESTAT:TGS00045(1.0),Animal populations by NUTS 2 region,A,Annual,A2000,Live bovine animals,THS_HD,Thousand heads (animals),CH06,Zentralschweiz,2020,,251.62,,,,,
dataflow,ESTAT:TGS00045(1.0),Animal populations by NUTS 2 region,A,Annual,A2000,Live bovine animals,THS_HD,Thousand heads (animals),CH06,Zentralschweiz,2021,,250.75,,,,,
dataflow,ESTAT:TGS00045(1.0),Animal populations by NUTS 2 region,A,Annual,A2000,Live bovine animals,THS_HD,Thousand heads (animals),CH06,Zentralschweiz,2022,,251.44,,,,,
dataflow,ESTAT:TGS00045(1.0),Animal populations by NUTS 2 region,A,Annual,A2000,Live bovine animals,THS_HD,Thousand heads (animals),CH06,Zentralschweiz,2023,,251,,,,,
dataflow,ESTAT:TGS00045(1.0),Animal populations by NUTS 2 region,A,Annual,A2000,Live bovine animals,THS_HD,Thousand heads (animals),CH06,Zentralschweiz,2024,,251.64,,,,,
dataflow,ESTAT:TGS00045(1.0),Animal populations by NUTS 2 region,A,Annual,A2000,Live bovine animals,THS_HD,Thousand heads (animals),CH07,Ticino,2015,,9.96,,,,,
dataflow,ESTAT:TGS00045(1.0),Animal populations by NUTS 2 region,A,Annual,A2000,Live bovine animals,THS_HD,Thousand heads (animals),CH07,Ticino,2016,,10.19,,,,,
dataflow,ESTAT:TGS00045(1.0),Animal populations by NUTS 2 region,A,Annual,A2000,Live bovine animals,THS_HD,Thousand heads (animals),CH07,Ticino,2017,,10.32,,,,,
dataflow,ESTAT:TGS00045(1.0),Animal populations by NUTS 2 region,A,Annual,A2000,Live bovine animals,THS_HD,Thousand heads (animals),CH07,Ticino,2018,,10.63,,,,,
dataflow,ESTAT:TGS00045(1.0),Animal populations by NUTS 2 region,A,Annual,A2000,Live bovine animals,THS_HD,Thousand heads (animals),CH07,Ticino,2019,,10.84,,,,,
dataflow,ESTAT:TGS00045(1.0),Animal populations by NUTS 2 region,A,Annual,A2000,Live bovine animals,THS_HD,Thousand heads (animals),CH07,Ticino,2020,,10.64,,,,,
dataflow,ESTAT:TGS00045(1.0),Animal populations by NUTS 2 region,A,Annual,A2000,Live bovine animals,THS_HD,Thousand heads (animals),CH07,Ticino,2021,,10.7,,,,,
dataflow,ESTAT:TGS00045(1.0),Animal populations by NUTS 2 region,A,Annual,A2000,Live bovine animals,THS_HD,Thousand heads (animals),CH07,Ticino,2022,,10.41,,,,,
dataflow,ESTAT:TGS00045(1.0),Animal populations by NUTS 2 region,A,Annual,A2000,Live bovine animals,THS_HD,Thousand heads (animals),CH07,Ticino,2023,,10.38,,,,,
dataflow,ESTAT:TGS00045(1.0),Animal populations by NUTS 2 region,A,Annual,A2000,Live bovine animals,THS_HD,Thousand heads (animals),CH07,Ticino,2024,,10.43,,,,,
dataflow,ESTAT:TGS00045(1.0),Animal populations by NUTS 2 region,A,Annual,A2000,Live bovine animals,THS_HD,Thousand heads (animals),CY00,Kýpros,2014,,59.5,,,,,
dataflow,ESTAT:TGS00045(1.0),Animal populations by NUTS 2 region,A,Annual,A2000,Live bovine animals,THS_HD,Thousand heads (animals),CY00,Kýpros,2015,,61.39,,,,,
dataflow,ESTAT:TGS00045(1.0),Animal populations by NUTS 2 region,A,Annual,A2000,Live bovine animals,THS_HD,Thousand heads (animals),CY00,Kýpros,2016,,63.14,,,,,
dataflow,ESTAT:TGS00045(1.0),Animal populations by NUTS 2 region,A,Annual,A2000,Live bovine animals,THS_HD,Thousand heads (animals),CY00,Kýpros,2017,,66.94,,,,,
dataflow,ESTAT:TGS00045(1.0),Animal populations by NUTS 2 region,A,Annual,A2000,Live bovine animals,THS_HD,Thousand heads (animals),CY00,Kýpros,2018,,70.86,,,,,
dataflow,ESTAT:TGS00045(1.0),Animal populations by NUTS 2 region,A,Annual,A2000,Live bovine animals,THS_HD,Thousand heads (animals),CY00,Kýpros,2019,,73.97,,,,,
dataflow,ESTAT:TGS00045(1.0),Animal populations by NUTS 2 region,A,Annual,A2000,Live bovine animals,THS_HD,Thousand heads (animals),CY00,Kýpros,2020,,83.03,,,,,
dataflow,ESTAT:TGS00045(1.0),Animal populations by NUTS 2 region,A,Annual,A2000,Live bovine animals,THS_HD,Thousand heads (animals),CY00,Kýpros,2021,,84.61,,,,,
dataflow,ESTAT:TGS00045(1.0),Animal populations by NUTS 2 region,A,Annual,A2000,Live bovine animals,THS_HD,Thousand heads (animals),CY00,Kýpros,2022,,81.44,,,,,
dataflow,ESTAT:TGS00045(1.0),Animal populations by NUTS 2 region,A,Annual,A2000,Live bovine animals,THS_HD,Thousand heads (animals),CY00,Kýpros,2023,,82.27,,,,,
dataflow,ESTAT:TGS00045(1.0),Animal populations by NUTS 2 region,A,Annual,A2000,Live bovine animals,THS_HD,Thousand heads (animals),CY00,Kýpros,2024,,82.68,,,,,
dataflow,ESTAT:TGS00045(1.0),Animal populations by NUTS 2 region,A,Annual,A2000,Live bovine animals,THS_HD,Thousand heads (animals),CY00,Kýpros,2025,,84.48,,,,,
dataflow,ESTAT:TGS00045(1.0),Animal populations by NUTS 2 region,A,Annual,A2000,Live bovine animals,THS_HD,Thousand heads (animals),CZ01,Praha,2014,,1.36,,,,,
dataflow,ESTAT:TGS00045(1.0),Animal populations by NUTS 2 region,A,Annual,A2000,Live bovine animals,THS_HD,Thousand heads (animals),CZ01,Praha,2015,,1.53,,,,,
dataflow,ESTAT:TGS00045(1.0),Animal populations by NUTS 2 region,A,Annual,A2000,Live bovine animals,THS_HD,Thousand heads (animals),CZ01,Praha,2016,,1.86,,,,,
dataflow,ESTAT:TGS00045(1.0),Animal populations by NUTS 2 region,A,Annual,A2000,Live bovine animals,THS_HD,Thousand heads (animals),CZ01,Praha,2017,,1.68,,,,,
dataflow,ESTAT:TGS00045(1.0),Animal populations by NUTS 2 region,A,Annual,A2000,Live bovine animals,THS_HD,Thousand heads (animals),CZ01,Praha,2018,,1.5,,,,,
dataflow,ESTAT:TGS00045(1.0),Animal populations by NUTS 2 region,A,Annual,A2000,Live bovine animals,THS_HD,Thousand heads (animals),CZ01,Praha,2019,,1.81,,,,,
dataflow,ESTAT:TGS00045(1.0),Animal populations by NUTS 2 region,A,Annual,A2000,Live bovine animals,THS_HD,Thousand heads (animals),CZ01,Praha,2020,,2.08,,,,,
dataflow,ESTAT:TGS00045(1.0),Animal populations by NUTS 2 region,A,Annual,A2000,Live bovine animals,THS_HD,Thousand heads (animals),CZ01,Praha,2021,,1.97,,,,,
dataflow,ESTAT:TGS00045(1.0),Animal populations by NUTS 2 region,A,Annual,A2000,Live bovine animals,THS_HD,Thousand heads (animals),CZ01,Praha,2022,,2.12,,,,,
dataflow,ESTAT:TGS00045(1.0),Animal populations by NUTS 2 region,A,Annual,A2000,Live bovine animals,THS_HD,Thousand heads (animals),CZ01,Praha,2023,,1.71,,,,,
dataflow,ESTAT:TGS00045(1.0),Animal populations by NUTS 2 region,A,Annual,A2000,Live bovine animals,THS_HD,Thousand heads (animals),CZ01,Praha,2024,,3.4,,,,,
dataflow,ESTAT:TGS00045(1.0),Animal populations by NUTS 2 region,A,Annual,A2000,Live bovine animals,THS_HD,Thousand heads (animals),CZ01,Praha,2025,,0.89,,,,,
dataflow,ESTAT:TGS00045(1.0),Animal populations by NUTS 2 region,A,Annual,A2000,Live bovine animals,THS_HD,Thousand heads (animals),CZ02,Střední Čechy,2014,,145.38,,,,,
dataflow,ESTAT:TGS00045(1.0),Animal populations by NUTS 2 region,A,Annual,A2000,Live bovine animals,THS_HD,Thousand heads (animals),CZ02,Střední Čechy,2015,,146.61,,,,,
dataflow,ESTAT:TGS00045(1.0),Animal populations by NUTS 2 region,A,Annual,A2000,Live bovine animals,THS_HD,Thousand heads (animals),CZ02,Střední Čechy,2016,,143.48,,,,,
dataflow,ESTAT:TGS00045(1.0),Animal populations by NUTS 2 region,A,Annual,A2000,Live bovine animals,THS_HD,Thousand heads (animals),CZ02,Střední Čechy,2017,,148.34,,,,,
dataflow,ESTAT:TGS00045(1.0),Animal populations by NUTS 2 region,A,Annual,A2000,Live bovine animals,THS_HD,Thousand heads (animals),CZ02,Střední Čechy,2018,,147.87,,,,,
dataflow,ESTAT:TGS00045(1.0),Animal populations by NUTS 2 region,A,Annual,A2000,Live bovine animals,THS_HD,Thousand heads (animals),CZ02,Střední Čechy,2019,,144.99,,,,,
dataflow,ESTAT:TGS00045(1.0),Animal populations by NUTS 2 region,A,Annual,A2000,Live bovine animals,THS_HD,Thousand heads (animals),CZ02,Střední Čechy,2020,,140.85,,,,,
dataflow,ESTAT:TGS00045(1.0),Animal populations by NUTS 2 region,A,Annual,A2000,Live bovine animals,THS_HD,Thousand heads (animals),CZ02,Střední Čechy,2021,,145.56,,,,,
dataflow,ESTAT:TGS00045(1.0),Animal populations by NUTS 2 region,A,Annual,A2000,Live bovine animals,THS_HD,Thousand heads (animals),CZ02,Střední Čechy,2022,,148.97,,,,,
dataflow,ESTAT:TGS00045(1.0),Animal populations by NUTS 2 region,A,Annual,A2000,Live bovine animals,THS_HD,Thousand heads (animals),CZ02,Střední Čechy,2023,,151.94,,,,,
dataflow,ESTAT:TGS00045(1.0),Animal populations by NUTS 2 region,A,Annual,A2000,Live bovine animals,THS_HD,Thousand heads (animals),CZ02,Střední Čechy,2024,,151.81,,,,,
dataflow,ESTAT:TGS00045(1.0),Animal populations by NUTS 2 region,A,Annual,A2000,Live bovine animals,THS_HD,Thousand heads (animals),CZ02,Střední Čechy,2025,,150.6,,,,,
dataflow,ESTAT:TGS00045(1.0),Animal populations by NUTS 2 region,A,Annual,A2000,Live bovine animals,THS_HD,Thousand heads (animals),CZ03,Jihozápad,2014,,376.69,,,,,
dataflow,ESTAT:TGS00045(1.0),Animal populations by NUTS 2 region,A,Annual,A2000,Live bovine animals,THS_HD,Thousand heads (animals),CZ03,Jihozápad,2015,,369.38,,,,,
dataflow,ESTAT:TGS00045(1.0),Animal populations by NUTS 2 region,A,Annual,A2000,Live bovine animals,THS_HD,Thousand heads (animals),CZ03,Jihozápad,2016,,359.58,,,,,
dataflow,ESTAT:TGS00045(1.0),Animal populations by NUTS 2 region,A,Annual,A2000,Live bovine animals,THS_HD,Thousand heads (animals),CZ03,Jihozápad,2017,,367.02,,,,,
dataflow,ESTAT:TGS00045(1.0),Animal populations by NUTS 2 region,A,Annual,A2000,Live bovine animals,THS_HD,Thousand heads (animals),CZ03,Jihozápad,2018,,364,,,,,
dataflow,ESTAT:TGS00045(1.0),Animal populations by NUTS 2 region,A,Annual,A2000,Live bovine animals,THS_HD,Thousand heads (animals),CZ03,Jihozápad,2019,,366.69,,,,,
dataflow,ESTAT:TGS00045(1.0),Animal populations by NUTS 2 region,A,Annual,A2000,Live bovine animals,THS_HD,Thousand heads (animals),CZ03,Jihozápad,2020,,358.44,,,,,
dataflow,ESTAT:TGS00045(1.0),Animal populations by NUTS 2 region,A,Annual,A2000,Live bovine animals,THS_HD,Thousand heads (animals),CZ03,Jihozápad,2021,,365.21,,,,,
dataflow,ESTAT:TGS00045(1.0),Animal populations by NUTS 2 region,A,Annual,A2000,Live bovine animals,THS_HD,Thousand heads (animals),CZ03,Jihozápad,2022,,376.46,,,,,
dataflow,ESTAT:TGS00045(1.0),Animal populations by NUTS 2 region,A,Annual,A2000,Live bovine animals,THS_HD,Thousand heads (animals),CZ03,Jihozápad,2023,,365.59,,,,,
dataflow,ESTAT:TGS00045(1.0),Animal populations by NUTS 2 region,A,Annual,A2000,Live bovine animals,THS_HD,Thousand heads (animals),CZ03,Jihozápad,2024,,374.34,,,,,
dataflow,ESTAT:TGS00045(1.0),Animal populations by NUTS 2 region,A,Annual,A2000,Live bovine animals,THS_HD,Thousand heads (animals),CZ03,Jihozápad,2025,,372.73,,,,,
dataflow,ESTAT:TGS00045(1.0),Animal populations by NUTS 2 region,A,Annual,A2000,Live bovine animals,THS_HD,Thousand heads (animals),CZ04,Severozápad,2014,,80.61,,,,,
dataflow,ESTAT:TGS00045(1.0),Animal populations by NUTS 2 region,A,Annual,A2000,Live bovine animals,THS_HD,Thousand heads (animals),CZ04,Severozápad,2015,,77.79,,,,,
dataflow,ESTAT:TGS00045(1.0),Animal populations by NUTS 2 region,A,Annual,A2000,Live bovine animals,THS_HD,Thousand heads (animals),CZ04,Severozápad,2016,,79.3,,,,,
dataflow,ESTAT:TGS00045(1.0),Animal populations by NUTS 2 region,A,Annual,A2000,Live bovine animals,THS_HD,Thousand heads (animals),CZ04,Severozápad,2017,,83.77,,,,,
dataflow,ESTAT:TGS00045(1.0),Animal populations by NUTS 2 region,A,Annual,A2000,Live bovine animals,THS_HD,Thousand heads (animals),CZ04,Severozápad,2018,,83.51,,,,,
dataflow,ESTAT:TGS00045(1.0),Animal populations by NUTS 2 region,A,Annual,A2000,Live bovine animals,THS_HD,Thousand heads (animals),CZ04,Severozápad,2019,,81.36,,,,,
dataflow,ESTAT:TGS00045(1.0),Animal populations by NUTS 2 region,A,Annual,A2000,Live bovine animals,THS_HD,Thousand heads (animals),CZ04,Severozápad,2020,,79.18,,,,,
dataflow,ESTAT:TGS00045(1.0),Animal populations by NUTS 2 region,A,Annual,A2000,Live bovine animals,THS_HD,Thousand heads (animals),CZ04,Severozápad,2021,,78.83,,,,,
dataflow,ESTAT:TGS00045(1.0),Animal populations by NUTS 2 region,A,Annual,A2000,Live bovine animals,THS_HD,Thousand heads (animals),CZ04,Severozápad,2022,,78.08,,,,,
dataflow,ESTAT:TGS00045(1.0),Animal populations by NUTS 2 region,A,Annual,A2000,Live bovine animals,THS_HD,Thousand heads (animals),CZ04,Severozápad,2023,,75.85,,,,,
dataflow,ESTAT:TGS00045(1.0),Animal populations by NUTS 2 region,A,Annual,A2000,Live bovine animals,THS_HD,Thousand heads (animals),CZ04,Severozápad,2024,,81.47,,,,,
dataflow,ESTAT:TGS00045(1.0),Animal populations by NUTS 2 region,A,Annual,A2000,Live bovine animals,THS_HD,Thousand heads (animals),CZ04,Severozápad,2025,,78.33,,,,,
dataflow,ESTAT:TGS00045(1.0),Animal populations by NUTS 2 region,A,Annual,A2000,Live bovine animals,THS_HD,Thousand heads (animals),CZ05,Severovýchod,2014,,265.61,,,,,
dataflow,ESTAT:TGS00045(1.0),Animal populations by NUTS 2 region,A,Annual,A2000,Live bovine animals,THS_HD,Thousand heads (animals),CZ05,Severovýchod,2015,,264.74,,,,,
dataflow,ESTAT:TGS00045(1.0),Animal populations by NUTS 2 region,A,Annual,A2000,Live bovine animals,THS_HD,Thousand heads (animals),CZ05,Severovýchod,2016,,258.11,,,,,
dataflow,ESTAT:TGS00045(1.0),Animal populations by NUTS 2 region,A,Annual,A2000,Live bovine animals,THS_HD,Thousand heads (animals),CZ05,Severovýchod,2017,,260.05,,,,,
dataflow,ESTAT:TGS00045(1.0),Animal populations by NUTS 2 region,A,Annual,A2000,Live bovine animals,THS_HD,Thousand heads (animals),CZ05,Severovýchod,2018,,261.25,,,,,
dataflow,ESTAT:TGS00045(1.0),Animal populations by NUTS 2 region,A,Annual,A2000,Live bovine animals,THS_HD,Thousand heads (animals),CZ05,Severovýchod,2019,,260.06,,,,,
dataflow,ESTAT:TGS00045(1.0),Animal populations by NUTS 2 region,A,Annual,A2000,Live bovine animals,THS_HD,Thousand heads (animals),CZ05,Severovýchod,2020,,255,,,,,
dataflow,ESTAT:TGS00045(1.0),Animal populations by NUTS 2 region,A,Annual,A2000,Live bovine animals,THS_HD,Thousand heads (animals),CZ05,Severovýchod,2021,,256.95,,,,,
dataflow,ESTAT:TGS00045(1.0),Animal populations by NUTS 2 region,A,Annual,A2000,Live bovine animals,THS_HD,Thousand heads (animals),CZ05,Severovýchod,2022,,260.46,,,,,
dataflow,ESTAT:TGS00045(1.0),Animal populations by NUTS 2 region,A,Annual,A2000,Live bovine animals,THS_HD,Thousand heads (animals),CZ05,Severovýchod,2023,,256.12,,,,,
dataflow,ESTAT:TGS00045(1.0),Animal populations by NUTS 2 region,A,Annual,A2000,Live bovine animals,THS_HD,Thousand heads (animals),CZ05,Severovýchod,2024,,258.63,,,,,
dataflow,ESTAT:TGS00045(1.0),Animal populations by NUTS 2 region,A,Annual,A2000,Live bovine animals,THS_HD,Thousand heads (animals),CZ05,Severovýchod,2025,,254.77,,,,,
dataflow,ESTAT:TGS00045(1.0),Animal populations by NUTS 2 region,A,Annual,A2000,Live bovine animals,THS_HD,Thousand heads (animals),CZ06,Jihovýchod,2014,,271.32,,,,,
dataflow,ESTAT:TGS00045(1.0),Animal populations by NUTS 2 region,A,Annual,A2000,Live bovine animals,THS_HD,Thousand heads (animals),CZ06,Jihovýchod,2015,,271.82,,,,,
dataflow,ESTAT:TGS00045(1.0),Animal populations by NUTS 2 region,A,Annual,A2000,Live bovine animals,THS_HD,Thousand heads (animals),CZ06,Jihovýchod,2016,,270.93,,,,,
dataflow,ESTAT:TGS00045(1.0),Animal populations by NUTS 2 region,A,Annual,A2000,Live bovine animals,THS_HD,Thousand heads (animals),CZ06,Jihovýchod,2017,,274.73,,,,,
dataflow,ESTAT:TGS00045(1.0),Animal populations by NUTS 2 region,A,Annual,A2000,Live bovine animals,THS_HD,Thousand heads (animals),CZ06,Jihovýchod,2018,,272.9,,,,,
dataflow,ESTAT:TGS00045(1.0),Animal populations by NUTS 2 region,A,Annual,A2000,Live bovine animals,THS_HD,Thousand heads (animals),CZ06,Jihovýchod,2019,,276.26,,,,,
dataflow,ESTAT:TGS00045(1.0),Animal populations by NUTS 2 region,A,Annual,A2000,Live bovine animals,THS_HD,Thousand heads (animals),CZ06,Jihovýchod,2020,,274.45,,,,,
dataflow,ESTAT:TGS00045(1.0),Animal populations by NUTS 2 region,A,Annual,A2000,Live bovine animals,THS_HD,Thousand heads (animals),CZ06,Jihovýchod,2021,,275.22,,,,,
dataflow,ESTAT:TGS00045(1.0),Animal populations by NUTS 2 region,A,Annual,A2000,Live bovine animals,THS_HD,Thousand heads (animals),CZ06,Jihovýchod,2022,,288.17,,,,,
dataflow,ESTAT:TGS00045(1.0),Animal populations by NUTS 2 region,A,Annual,A2000,Live bovine animals,THS_HD,Thousand heads (animals),CZ06,Jihovýchod,2023,,284.62,,,,,
dataflow,ESTAT:TGS00045(1.0),Animal populations by NUTS 2 region,A,Annual,A2000,Live bovine animals,THS_HD,Thousand heads (animals),CZ06,Jihovýchod,2024,,290.78,,,,,
dataflow,ESTAT:TGS00045(1.0),Animal populations by NUTS 2 region,A,Annual,A2000,Live bovine animals,THS_HD,Thousand heads (animals),CZ06,Jihovýchod,2025,,295.09,,,,,
dataflow,ESTAT:TGS00045(1.0),Animal populations by NUTS 2 region,A,Annual,A2000,Live bovine animals,THS_HD,Thousand heads (animals),CZ07,Střední Morava,2014,,151.67,,,,,
dataflow,ESTAT:TGS00045(1.0),Animal populations by NUTS 2 region,A,Annual,A2000,Live bovine animals,THS_HD,Thousand heads (animals),CZ07,Střední Morava,2015,,152.38,,,,,
dataflow,ESTAT:TGS00045(1.0),Animal populations by NUTS 2 region,A,Annual,A2000,Live bovine animals,THS_HD,Thousand heads (animals),CZ07,Střední Morava,2016,,147.32,,,,,
dataflow,ESTAT:TGS00045(1.0),Animal populations by NUTS 2 region,A,Annual,A2000,Live bovine animals,THS_HD,Thousand heads (animals),CZ07,Střední Morava,2017,,150.36,,,,,
dataflow,ESTAT:TGS00045(1.0),Animal populations by NUTS 2 region,A,Annual,A2000,Live bovine animals,THS_HD,Thousand heads (animals),CZ07,Střední Morava,2018,,152.37,,,,,
dataflow,ESTAT:TGS00045(1.0),Animal populations by NUTS 2 region,A,Annual,A2000,Live bovine animals,THS_HD,Thousand heads (animals),CZ07,Střední Morava,2019,,149.67,,,,,
dataflow,ESTAT:TGS00045(1.0),Animal populations by NUTS 2 region,A,Annual,A2000,Live bovine animals,THS_HD,Thousand heads (animals),CZ07,Střední Morava,2020,,146.71,,,,,
dataflow,ESTAT:TGS00045(1.0),Animal populations by NUTS 2 region,A,Annual,A2000,Live bovine animals,THS_HD,Thousand heads (animals),CZ07,Střední Morava,2021,,149.11,,,,,
dataflow,ESTAT:TGS00045(1.0),Animal populations by NUTS 2 region,A,Annual,A2000,Live bovine animals,THS_HD,Thousand heads (animals),CZ07,Střední Morava,2022,,149.29,,,,,
dataflow,ESTAT:TGS00045(1.0),Animal populations by NUTS 2 region,A,Annual,A2000,Live bovine animals,THS_HD,Thousand heads (animals),CZ07,Střední Morava,2023,,148.13,,,,,
dataflow,ESTAT:TGS00045(1.0),Animal populations by NUTS 2 region,A,Annual,A2000,Live bovine animals,THS_HD,Thousand heads (animals),CZ07,Střední Morava,2024,,151.03,,,,,
dataflow,ESTAT:TGS00045(1.0),Animal populations by NUTS 2 region,A,Annual,A2000,Live bovine animals,THS_HD,Thousand heads (animals),CZ07,Střední Morava,2025,,151.26,,,,,
dataflow,ESTAT:TGS00045(1.0),Animal populations by NUTS 2 region,A,Annual,A2000,Live bovine animals,THS_HD,Thousand heads (animals),CZ08,Moravskoslezsko,2014,,80.42,,,,,
dataflow,ESTAT:TGS00045(1.0),Animal populations by NUTS 2 region,A,Annual,A2000,Live bovine animals,THS_HD,Thousand heads (animals),CZ08,Moravskoslezsko,2015,,82.07,,,,,
dataflow,ESTAT:TGS00045(1.0),Animal populations by NUTS 2 region,A,Annual,A2000,Live bovine animals,THS_HD,Thousand heads (animals),CZ08,Moravskoslezsko,2016,,79.01,,,,,
dataflow,ESTAT:TGS00045(1.0),Animal populations by NUTS 2 region,A,Annual,A2000,Live bovine animals,THS_HD,Thousand heads (animals),CZ08,Moravskoslezsko,2017,,80.42,,,,,
dataflow,ESTAT:TGS00045(1.0),Animal populations by NUTS 2 region,A,Annual,A2000,Live bovine animals,THS_HD,Thousand heads (animals),CZ08,Moravskoslezsko,2018,,81.84,,,,,
dataflow,ESTAT:TGS00045(1.0),Animal populations by NUTS 2 region,A,Annual,A2000,Live bovine animals,THS_HD,Thousand heads (animals),CZ08,Moravskoslezsko,2019,,86.2,,,,,
dataflow,ESTAT:TGS00045(1.0),Animal populations by NUTS 2 region,A,Annual,A2000,Live bovine animals,THS_HD,Thousand heads (animals),CZ08,Moravskoslezsko,2020,,83.33,,,,,
dataflow,ESTAT:TGS00045(1.0),Animal populations by NUTS 2 region,A,Annual,A2000,Live bovine animals,THS_HD,Thousand heads (animals),CZ08,Moravskoslezsko,2021,,86.57,,,,,
dataflow,ESTAT:TGS00045(1.0),Animal populations by NUTS 2 region,A,Annual,A2000,Live bovine animals,THS_HD,Thousand heads (animals),CZ08,Moravskoslezsko,2022,,86.95,,,,,
dataflow,ESTAT:TGS00045(1.0),Animal populations by NUTS 2 region,A,Annual,A2000,Live bovine animals,THS_HD,Thousand heads (animals),CZ08,Moravskoslezsko,2023,,85.65,,,,,
dataflow,ESTAT:TGS00045(1.0),Animal populations by NUTS 2 region,A,Annual,A2000,Live bovine animals,THS_HD,Thousand heads (animals),CZ08,Moravskoslezsko,2024,,85.96,,,,,
dataflow,ESTAT:TGS00045(1.0),Animal populations by NUTS 2 region,A,Annual,A2000,Live bovine animals,THS_HD,Thousand heads (animals),CZ08,Moravskoslezsko,2025,,86.04,,,,,
dataflow,ESTAT:TGS00045(1.0),Animal populations by NUTS 2 region,A,Annual,A2000,Live bovine animals,THS_HD,Thousand heads (animals),DE30,Berlin,2020,,0.85,,,,,
dataflow,ESTAT:TGS00045(1.0),Animal populations by NUTS 2 region,A,Annual,A2000,Live bovine animals,THS_HD,Thousand heads (animals),DE30,Berlin,2021,,0.77,,,,,
dataflow,ESTAT:TGS00045(1.0),Animal populations by NUTS 2 region,A,Annual,A2000,Live bovine animals,THS_HD,Thousand heads (animals),DE30,Berlin,2022,,0.78,,,,,
dataflow,ESTAT:TGS00045(1.0),Animal populations by NUTS 2 region,A,Annual,A2000,Live bovine animals,THS_HD,Thousand heads (animals),DE30,Berlin,2023,,0.73,,,,,
dataflow,ESTAT:TGS00045(1.0),Animal populations by NUTS 2 region,A,Annual,A2000,Live bovine animals,THS_HD,Thousand heads (animals),DE30,Berlin,2024,,0.85,,,,,
dataflow,ESTAT:TGS00045(1.0),Animal populations by NUTS 2 region,A,Annual,A2000,Live bovine animals,THS_HD,Thousand heads (animals),DE40,Brandenburg,2020,,477.24,,,,,
dataflow,ESTAT:TGS00045(1.0),Animal populations by NUTS 2 region,A,Annual,A2000,Live bovine animals,THS_HD,Thousand heads (animals),DE40,Brandenburg,2021,,457.11,,,,,
dataflow,ESTAT:TGS00045(1.0),Animal populations by NUTS 2 region,A,Annual,A2000,Live bovine animals,THS_HD,Thousand heads (animals),DE40,Brandenburg,2022,,448.31,,,,,
dataflow,ESTAT:TGS00045(1.0),Animal populations by NUTS 2 region,A,Annual,A2000,Live bovine animals,THS_HD,Thousand heads (animals),DE40,Brandenburg,2023,,436.67,,,,,
dataflow,ESTAT:TGS00045(1.0),Animal populations by NUTS 2 region,A,Annual,A2000,Live bovine animals,THS_HD,Thousand heads (animals),DE40,Brandenburg,2024,,417.5,,,,,
dataflow,ESTAT:TGS00045(1.0),Animal populations by NUTS 2 region,A,Annual,A2000,Live bovine animals,THS_HD,Thousand heads (animals),DE50,Bremen,2020,,8.88,,,,,
dataflow,ESTAT:TGS00045(1.0),Animal populations by NUTS 2 region,A,Annual,A2000,Live bovine animals,THS_HD,Thousand heads (animals),DE50,Bremen,2021,,8.52,,,,,
dataflow,ESTAT:TGS00045(1.0),Animal populations by NUTS 2 region,A,Annual,A2000,Live bovine animals,THS_HD,Thousand heads (animals),DE50,Bremen,2022,,8.27,,,,,
dataflow,ESTAT:TGS00045(1.0),Animal populations by NUTS 2 region,A,Annual,A2000,Live bovine animals,THS_HD,Thousand heads (animals),DE50,Bremen,2023,,8.07,,,,,
dataflow,ESTAT:TGS00045(1.0),Animal populations by NUTS 2 region,A,Annual,A2000,Live bovine animals,THS_HD,Thousand heads (animals),DE50,Bremen,2024,,7.72,,,,,
dataflow,ESTAT:TGS00045(1.0),Animal populations by NUTS 2 region,A,Annual,A2000,Live bovine animals,THS_HD,Thousand heads (animals),DE60,Hamburg,2020,,6.02,,,,,
dataflow,ESTAT:TGS00045(1.0),Animal populations by NUTS 2 region,A,Annual,A2000,Live bovine animals,THS_HD,Thousand heads (animals),DE60,Hamburg,2021,,5.84,,,,,
dataflow,ESTAT:TGS00045(1.0),Animal populations by NUTS 2 region,A,Annual,A2000,Live bovine animals,THS_HD,Thousand heads (animals),DE60,Hamburg,2022,,5.86,,,,,
dataflow,ESTAT:TGS00045(1.0),Animal populations by NUTS 2 region,A,Annual,A2000,Live bovine animals,THS_HD,Thousand heads (animals),DE60,Hamburg,2023,,5.62,,,,,
dataflow,ESTAT:TGS00045(1.0),Animal populations by NUTS 2 region,A,Annual,A2000,Live bovine animals,THS_HD,Thousand heads (animals),DE60,Hamburg,2024,,5.44,,,,,
dataflow,ESTAT:TGS00045(1.0),Animal populations by NUTS 2 region,A,Annual,A2000,Live bovine animals,THS_HD,Thousand heads (animals),DE80,Mecklenburg-Vorpommern,2020,,469.82,,,,,
dataflow,ESTAT:TGS00045(1.0),Animal populations by NUTS 2 region,A,Annual,A2000,Live bovine animals,THS_HD,Thousand heads (animals),DE80,Mecklenburg-Vorpommern,2021,,451.01,,,,,
dataflow,ESTAT:TGS00045(1.0),Animal populations by NUTS 2 region,A,Annual,A2000,Live bovine animals,THS_HD,Thousand heads (animals),DE80,Mecklenburg-Vorpommern,2022,,458.84,,,,,
dataflow,ESTAT:TGS00045(1.0),Animal populations by NUTS 2 region,A,Annual,A2000,Live bovine animals,THS_HD,Thousand heads (animals),DE80,Mecklenburg-Vorpommern,2023,,456.69,,,,,
dataflow,ESTAT:TGS00045(1.0),Animal populations by NUTS 2 region,A,Annual,A2000,Live bovine animals,THS_HD,Thousand heads (animals),DE80,Mecklenburg-Vorpommern,2024,,442.68,,,,,
dataflow,ESTAT:TGS00045(1.0),Animal populations by NUTS 2 region,A,Annual,A2000,Live bovine animals,THS_HD,Thousand heads (animals),DEC0,Saarland,2020,,41.32,,,,,
dataflow,ESTAT:TGS00045(1.0),Animal populations by NUTS 2 region,A,Annual,A2000,Live bovine animals,THS_HD,Thousand heads (animals),DEC0,Saarland,2021,,39.48,,,,,
dataflow,ESTAT:TGS00045(1.0),Animal populations by NUTS 2 region,A,Annual,A2000,Live bovine animals,THS_HD,Thousand heads (animals),DEC0,Saarland,2022,,39.58,,,,,
dataflow,ESTAT:TGS00045(1.0),Animal populations by NUTS 2 region,A,Annual,A2000,Live bovine animals,THS_HD,Thousand heads (animals),DEC0,Saarland,2023,,38.97,,,,,
dataflow,ESTAT:TGS00045(1.0),Animal populations by NUTS 2 region,A,Annual,A2000,Live bovine animals,THS_HD,Thousand heads (animals),DEC0,Saarland,2024,,37.74,,,,,
dataflow,ESTAT:TGS00045(1.0),Animal populations by NUTS 2 region,A,Annual,A2000,Live bovine animals,THS_HD,Thousand heads (animals),DEE0,Sachsen-Anhalt,2014,,352.73,,,,,
dataflow,ESTAT:TGS00045(1.0),Animal populations by NUTS 2 region,A,Annual,A2000,Live bovine animals,THS_HD,Thousand heads (animals),DEE0,Sachsen-Anhalt,2015,,349.29,,,,,
dataflow,ESTAT:TGS00045(1.0),Animal populations by NUTS 2 region,A,Annual,A2000,Live bovine animals,THS_HD,Thousand heads (animals),DEE0,Sachsen-Anhalt,2016,,340.92,,,,,
dataflow,ESTAT:TGS00045(1.0),Animal populations by NUTS 2 region,A,Annual,A2000,Live bovine animals,THS_HD,Thousand heads (animals),DEE0,Sachsen-Anhalt,2017,,335.29,,,,,
dataflow,ESTAT:TGS00045(1.0),Animal populations by NUTS 2 region,A,Annual,A2000,Live bovine animals,THS_HD,Thousand heads (animals),DEE0,Sachsen-Anhalt,2018,,325.06,,,,,
dataflow,ESTAT:TGS00045(1.0),Animal populations by NUTS 2 region,A,Annual,A2000,Live bovine animals,THS_HD,Thousand heads (animals),DEE0,Sachsen-Anhalt,2019,,313,,,,,
dataflow,ESTAT:TGS00045(1.0),Animal populations by NUTS 2 region,A,Annual,A2000,Live bovine animals,THS_HD,Thousand heads (animals),DEE0,Sachsen-Anhalt,2020,,298.51,,,,,
dataflow,ESTAT:TGS00045(1.0),Animal populations by NUTS 2 region,A,Annual,A2000,Live bovine animals,THS_HD,Thousand heads (animals),DEE0,Sachsen-Anhalt,2021,,284.83,,,,,
dataflow,ESTAT:TGS00045(1.0),Animal populations by NUTS 2 region,A,Annual,A2000,Live bovine animals,THS_HD,Thousand heads (animals),DEE0,Sachsen-Anhalt,2022,,278.09,,,,,
dataflow,ESTAT:TGS00045(1.0),Animal populations by NUTS 2 region,A,Annual,A2000,Live bovine animals,THS_HD,Thousand heads (animals),DEE0,Sachsen-Anhalt,2023,,271.43,,,,,
dataflow,ESTAT:TGS00045(1.0),Animal populations by NUTS 2 region,A,Annual,A2000,Live bovine animals,THS_HD,Thousand heads (animals),DEE0,Sachsen-Anhalt,2024,,258.11,,,,,
dataflow,ESTAT:TGS00045(1.0),Animal populations by NUTS 2 region,A,Annual,A2000,Live bovine animals,THS_HD,Thousand heads (animals),DEF0,Schleswig-Holstein,2020,,985.08,,,,,
dataflow,ESTAT:TGS00045(1.0),Animal populations by NUTS 2 region,A,Annual,A2000,Live bovine animals,THS_HD,Thousand heads (animals),DEF0,Schleswig-Holstein,2021,,958.12,,,,,
dataflow,ESTAT:TGS00045(1.0),Animal populations by NUTS 2 region,A,Annual,A2000,Live bovine animals,THS_HD,Thousand heads (animals),DEF0,Schleswig-Holstein,2022,,950.53,,,,,
dataflow,ESTAT:TGS00045(1.0),Animal populations by NUTS 2 region,A,Annual,A2000,Live bovine animals,THS_HD,Thousand heads (animals),DEF0,Schleswig-Holstein,2023,,934.15,,,,,
dataflow,ESTAT:TGS00045(1.0),Animal populations by NUTS 2 region,A,Annual,A2000,Live bovine animals,THS_HD,Thousand heads (animals),DEG0,Thüringen,2020,,293.86,,,,,
dataflow,ESTAT:TGS00045(1.0),Animal populations by NUTS 2 region,A,Annual,A2000,Live bovine animals,THS_HD,Thousand heads (animals),DEG0,Thüringen,2021,,282.67,,,,,
dataflow,ESTAT:TGS00045(1.0),Animal populations by NUTS 2 region,A,Annual,A2000,Live bovine animals,THS_HD,Thousand heads (animals),DEG0,Thüringen,2022,,277.88,,,,,
dataflow,ESTAT:TGS00045(1.0),Animal populations by NUTS 2 region,A,Annual,A2000,Live bovine animals,THS_HD,Thousand heads (animals),DEG0,Thüringen,2023,,275.18,,,,,
dataflow,ESTAT:TGS00045(1.0),Animal populations by NUTS 2 region,A,Annual,A2000,Live bovine animals,THS_HD,Thousand heads (animals),DEG0,Thüringen,2024,,265.19,,,,,
dataflow,ESTAT:TGS00045(1.0),Animal populations by NUTS 2 region,A,Annual,A2000,Live bovine animals,THS_HD,Thousand heads (animals),DK01,Hovedstaden,2014,,30,,,,,
dataflow,ESTAT:TGS00045(1.0),Animal populations by NUTS 2 region,A,Annual,A2000,Live bovine animals,THS_HD,Thousand heads (animals),DK01,Hovedstaden,2015,,30,,,,,
dataflow,ESTAT:TGS00045(1.0),Animal populations by NUTS 2 region,A,Annual,A2000,Live bovine animals,THS_HD,Thousand heads (animals),DK01,Hovedstaden,2016,,30,,,,,
dataflow,ESTAT:TGS00045(1.0),Animal populations by NUTS 2 region,A,Annual,A2000,Live bovine animals,THS_HD,Thousand heads (animals),DK01,Hovedstaden,2017,,29,,,,,
dataflow,ESTAT:TGS00045(1.0),Animal populations by NUTS 2 region,A,Annual,A2000,Live bovine animals,THS_HD,Thousand heads (animals),DK01,Hovedstaden,2018,,30,,,,,
dataflow,ESTAT:TGS00045(1.0),Animal populations by NUTS 2 region,A,Annual,A2000,Live bovine animals,THS_HD,Thousand heads (animals),DK01,Hovedstaden,2019,,28,,,,,
dataflow,ESTAT:TGS00045(1.0),Animal populations by NUTS 2 region,A,Annual,A2000,Live bovine animals,THS_HD,Thousand heads (animals),DK01,Hovedstaden,2020,,27,,,,,
dataflow,ESTAT:TGS00045(1.0),Animal populations by NUTS 2 region,A,Annual,A2000,Live bovine animals,THS_HD,Thousand heads (animals),DK01,Hovedstaden,2021,,27,,,,,
dataflow,ESTAT:TGS00045(1.0),Animal populations by NUTS 2 region,A,Annual,A2000,Live bovine animals,THS_HD,Thousand heads (animals),DK01,Hovedstaden,2022,,26.92,,,,,
dataflow,ESTAT:TGS00045(1.0),Animal populations by NUTS 2 region,A,Annual,A2000,Live bovine animals,THS_HD,Thousand heads (animals),DK01,Hovedstaden,2023,,24.59,,,,,
dataflow,ESTAT:TGS00045(1.0),Animal populations by NUTS 2 region,A,Annual,A2000,Live bovine animals,THS_HD,Thousand heads (animals),DK01,Hovedstaden,2024,,23.77,,,,,
dataflow,ESTAT:TGS00045(1.0),Animal populations by NUTS 2 region,A,Annual,A2000,Live bovine animals,THS_HD,Thousand heads (animals),DK01,Hovedstaden,2025,,24.35,,,,,
dataflow,ESTAT:TGS00045(1.0),Animal populations by NUTS 2 region,A,Annual,A2000,Live bovine animals,THS_HD,Thousand heads (animals),DK02,Sjælland,2014,,81,,,,,
dataflow,ESTAT:TGS00045(1.0),Animal populations by NUTS 2 region,A,Annual,A2000,Live bovine animals,THS_HD,Thousand heads (animals),DK02,Sjælland,2015,,80,,,,,
dataflow,ESTAT:TGS00045(1.0),Animal populations by NUTS 2 region,A,Annual,A2000,Live bovine animals,THS_HD,Thousand heads (animals),DK02,Sjælland,2016,,77,,,,,
dataflow,ESTAT:TGS00045(1.0),Animal populations by NUTS 2 region,A,Annual,A2000,Live bovine animals,THS_HD,Thousand heads (animals),DK02,Sjælland,2017,,76,,,,,
dataflow,ESTAT:TGS00045(1.0),Animal populations by NUTS 2 region,A,Annual,A2000,Live bovine animals,THS_HD,Thousand heads (animals),DK02,Sjælland,2018,,74,,,,,
dataflow,ESTAT:TGS00045(1.0),Animal populations by NUTS 2 region,A,Annual,A2000,Live bovine animals,THS_HD,Thousand heads (animals),DK02,Sjælland,2019,,72,,,,,
dataflow,ESTAT:TGS00045(1.0),Animal populations by NUTS 2 region,A,Annual,A2000,Live bovine animals,THS_HD,Thousand heads (animals),DK02,Sjælland,2020,,71,,,,,
dataflow,ESTAT:TGS00045(1.0),Animal populations by NUTS 2 region,A,Annual,A2000,Live bovine animals,THS_HD,Thousand heads (animals),DK02,Sjælland,2021,,68,,,,,
dataflow,ESTAT:TGS00045(1.0),Animal populations by NUTS 2 region,A,Annual,A2000,Live bovine animals,THS_HD,Thousand heads (animals),DK02,Sjælland,2022,,66.18,,,,,
dataflow,ESTAT:TGS00045(1.0),Animal populations by NUTS 2 region,A,Annual,A2000,Live bovine animals,THS_HD,Thousand heads (animals),DK02,Sjælland,2023,,64.53,,,,,
dataflow,ESTAT:TGS00045(1.0),Animal populations by NUTS 2 region,A,Annual,A2000,Live bovine animals,THS_HD,Thousand heads (animals),DK02,Sjælland,2024,,62.22,,,,,
dataflow,ESTAT:TGS00045(1.0),Animal populations by NUTS 2 region,A,Annual,A2000,Live bovine animals,THS_HD,Thousand heads (animals),DK02,Sjælland,2025,,60.11,,,,,
dataflow,ESTAT:TGS00045(1.0),Animal populations by NUTS 2 region,A,Annual,A2000,Live bovine animals,THS_HD,Thousand heads (animals),DK03,Syddanmark,2014,,596,,,,,
dataflow,ESTAT:TGS00045(1.0),Animal populations by NUTS 2 region,A,Annual,A2000,Live bovine animals,THS_HD,Thousand heads (animals),DK03,Syddanmark,2015,,606,,,,,
dataflow,ESTAT:TGS00045(1.0),Animal populations by NUTS 2 region,A,Annual,A2000,Live bovine animals,THS_HD,Thousand heads (animals),DK03,Syddanmark,2016,,607,,,,,
dataflow,ESTAT:TGS00045(1.0),Animal populations by NUTS 2 region,A,Annual,A2000,Live bovine animals,THS_HD,Thousand heads (animals),DK03,Syddanmark,2017,,609,,,,,
dataflow,ESTAT:TGS00045(1.0),Animal populations by NUTS 2 region,A,Annual,A2000,Live bovine animals,THS_HD,Thousand heads (animals),DK03,Syddanmark,2018,,602,,,,,
dataflow,ESTAT:TGS00045(1.0),Animal populations by NUTS 2 region,A,Annual,A2000,Live bovine animals,THS_HD,Thousand heads (animals),DK03,Syddanmark,2019,,594,,,,,
dataflow,ESTAT:TGS00045(1.0),Animal populations by NUTS 2 region,A,Annual,A2000,Live bovine animals,THS_HD,Thousand heads (animals),DK03,Syddanmark,2020,,595,,,,,
dataflow,ESTAT:TGS00045(1.0),Animal populations by NUTS 2 region,A,Annual,A2000,Live bovine animals,THS_HD,Thousand heads (animals),DK03,Syddanmark,2021,,589,,,,,
dataflow,ESTAT:TGS00045(1.0),Animal populations by NUTS 2 region,A,Annual,A2000,Live bovine animals,THS_HD,Thousand heads (animals),DK03,Syddanmark,2022,,581.18,,,,,
dataflow,ESTAT:TGS00045(1.0),Animal populations by NUTS 2 region,A,Annual,A2000,Live bovine animals,THS_HD,Thousand heads (animals),DK03,Syddanmark,2023,,573.17,,,,,
dataflow,ESTAT:TGS00045(1.0),Animal populations by NUTS 2 region,A,Annual,A2000,Live bovine animals,THS_HD,Thousand heads (animals),DK03,Syddanmark,2024,,563.51,,,,,
dataflow,ESTAT:TGS00045(1.0),Animal populations by NUTS 2 region,A,Annual,A2000,Live bovine animals,THS_HD,Thousand heads (animals),DK03,Syddanmark,2025,,554.94,,,,,
dataflow,ESTAT:TGS00045(1.0),Animal populations by NUTS 2 region,A,Annual,A2000,Live bovine animals,THS_HD,Thousand heads (animals),DK04,Midtjylland,2014,,478,,,,,
dataflow,ESTAT:TGS00045(1.0),Animal populations by NUTS 2 region,A,Annual,A2000,Live bovine animals,THS_HD,Thousand heads (animals),DK04,Midtjylland,2015,,480,,,,,
dataflow,ESTAT:TGS00045(1.0),Animal populations by NUTS 2 region,A,Annual,A2000,Live bovine animals,THS_HD,Thousand heads (animals),DK04,Midtjylland,2016,,477,,,,,
dataflow,ESTAT:TGS00045(1.0),Animal populations by NUTS 2 region,A,Annual,A2000,Live bovine animals,THS_HD,Thousand heads (animals),DK04,Midtjylland,2017,,478,,,,,
dataflow,ESTAT:TGS00045(1.0),Animal populations by NUTS 2 region,A,Annual,A2000,Live bovine animals,THS_HD,Thousand heads (animals),DK04,Midtjylland,2018,,465,,,,,
dataflow,ESTAT:TGS00045(1.0),Animal populations by NUTS 2 region,A,Annual,A2000,Live bovine animals,THS_HD,Thousand heads (animals),DK04,Midtjylland,2019,,453,,,,,
dataflow,ESTAT:TGS00045(1.0),Animal populations by NUTS 2 region,A,Annual,A2000,Live bovine animals,THS_HD,Thousand heads (animals),DK04,Midtjylland,2020,,451,,,,,
dataflow,ESTAT:TGS00045(1.0),Animal populations by NUTS 2 region,A,Annual,A2000,Live bovine animals,THS_HD,Thousand heads (animals),DK04,Midtjylland,2021,,445,,,,,
dataflow,ESTAT:TGS00045(1.0),Animal populations by NUTS 2 region,A,Annual,A2000,Live bovine animals,THS_HD,Thousand heads (animals),DK04,Midtjylland,2022,,444.24,,,,,
dataflow,ESTAT:TGS00045(1.0),Animal populations by NUTS 2 region,A,Annual,A2000,Live bovine animals,THS_HD,Thousand heads (animals),DK04,Midtjylland,2023,,434.16,,,,,
dataflow,ESTAT:TGS00045(1.0),Animal populations by NUTS 2 region,A,Annual,A2000,Live bovine animals,THS_HD,Thousand heads (animals),DK04,Midtjylland,2024,,428.14,,,,,
dataflow,ESTAT:TGS00045(1.0),Animal populations by NUTS 2 region,A,Annual,A2000,Live bovine animals,THS_HD,Thousand heads (animals),DK04,Midtjylland,2025,,428.09,,,,,
dataflow,ESTAT:TGS00045(1.0),Animal populations by NUTS 2 region,A,Annual,A2000,Live bovine animals,THS_HD,Thousand heads (animals),DK05,Nordjylland,2014,,368,,,,,
dataflow,ESTAT:TGS00045(1.0),Animal populations by NUTS 2 region,A,Annual,A2000,Live bovine animals,THS_HD,Thousand heads (animals),DK05,Nordjylland,2015,,371,,,,,
dataflow,ESTAT:TGS00045(1.0),Animal populations by NUTS 2 region,A,Annual,A2000,Live bovine animals,THS_HD,Thousand heads (animals),DK05,Nordjylland,2016,,364,,,,,
dataflow,ESTAT:TGS00045(1.0),Animal populations by NUTS 2 region,A,Annual,A2000,Live bovine animals,THS_HD,Thousand heads (animals),DK05,Nordjylland,2017,,365,,,,,
dataflow,ESTAT:TGS00045(1.0),Animal populations by NUTS 2 region,A,Annual,A2000,Live bovine animals,THS_HD,Thousand heads (animals),DK05,Nordjylland,2018,,359,,,,,
dataflow,ESTAT:TGS00045(1.0),Animal populations by NUTS 2 region,A,Annual,A2000,Live bovine animals,THS_HD,Thousand heads (animals),DK05,Nordjylland,2019,,354,,,,,
dataflow,ESTAT:TGS00045(1.0),Animal populations by NUTS 2 region,A,Annual,A2000,Live bovine animals,THS_HD,Thousand heads (animals),DK05,Nordjylland,2020,,355,,,,,
dataflow,ESTAT:TGS00045(1.0),Animal populations by NUTS 2 region,A,Annual,A2000,Live bovine animals,THS_HD,Thousand heads (animals),DK05,Nordjylland,2021,,350,,,,,
dataflow,ESTAT:TGS00045(1.0),Animal populations by NUTS 2 region,A,Annual,A2000,Live bovine animals,THS_HD,Thousand heads (animals),DK05,Nordjylland,2022,,347.89,,,,,
dataflow,ESTAT:TGS00045(1.0),Animal populations by NUTS 2 region,A,Annual,A2000,Live bovine animals,THS_HD,Thousand heads (animals),DK05,Nordjylland,2023,,338.43,,,,,
dataflow,ESTAT:TGS00045(1.0),Animal populations by NUTS 2 region,A,Annual,A2000,Live bovine animals,THS_HD,Thousand heads (animals),DK05,Nordjylland,2024,,336.22,,,,,
dataflow,ESTAT:TGS00045(1.0),Animal populations by NUTS 2 region,A,Annual,A2000,Live bovine animals,THS_HD,Thousand heads (animals),DK05,Nordjylland,2025,,332.38,,,,,
dataflow,ESTAT:TGS00045(1.0),Animal populations by NUTS 2 region,A,Annual,A2000,Live bovine animals,THS_HD,Thousand heads (animals),EE00,Eesti,2014,,264.9,,,,,
dataflow,ESTAT:TGS00045(1.0),Animal populations by NUTS 2 region,A,Annual,A2000,Live bovine animals,THS_HD,Thousand heads (animals),EE00,Eesti,2015,,256.2,,,,,
dataflow,ESTAT:TGS00045(1.0),Animal populations by NUTS 2 region,A,Annual,A2000,Live bovine animals,THS_HD,Thousand heads (animals),EE00,Eesti,2016,,248.2,,,,,
dataflow,ESTAT:TGS00045(1.0),Animal populations by NUTS 2 region,A,Annual,A2000,Live bovine animals,THS_HD,Thousand heads (animals),EE00,Eesti,2017,,251.3,,,,,
dataflow,ESTAT:TGS00045(1.0),Animal populations by NUTS 2 region,A,Annual,A2000,Live bovine animals,THS_HD,Thousand heads (animals),EE00,Eesti,2018,,255.1,,,,,
dataflow,ESTAT:TGS00045(1.0),Animal populations by NUTS 2 region,A,Annual,A2000,Live bovine animals,THS_HD,Thousand heads (animals),EE00,Eesti,2019,,254,,,,,
dataflow,ESTAT:TGS00045(1.0),Animal populations by NUTS 2 region,A,Annual,A2000,Live bovine animals,THS_HD,Thousand heads (animals),EE00,Eesti,2020,,253.3,,,,,
dataflow,ESTAT:TGS00045(1.0),Animal populations by NUTS 2 region,A,Annual,A2000,Live bovine animals,THS_HD,Thousand heads (animals),EE00,Eesti,2021,,250.8,,,,,
dataflow,ESTAT:TGS00045(1.0),Animal populations by NUTS 2 region,A,Annual,A2000,Live bovine animals,THS_HD,Thousand heads (animals),EE00,Eesti,2022,,249.62,,,,,
dataflow,ESTAT:TGS00045(1.0),Animal populations by NUTS 2 region,A,Annual,A2000,Live bovine animals,THS_HD,Thousand heads (animals),EE00,Eesti,2023,,241.36,,,,,
dataflow,ESTAT:TGS00045(1.0),Animal populations by NUTS 2 region,A,Annual,A2000,Live bovine animals,THS_HD,Thousand heads (animals),EE00,Eesti,2024,,232.3,,,,,
dataflow,ESTAT:TGS00045(1.0),Animal populations by NUTS 2 region,A,Annual,A2000,Live bovine animals,THS_HD,Thousand heads (animals),EE00,Eesti,2025,,234.2,,,,,
dataflow,ESTAT:TGS00045(1.0),Animal populations by NUTS 2 region,A,Annual,A2000,Live bovine animals,THS_HD,Thousand heads (animals),EL30,Attiki,2014,,3.8,,,,,
dataflow,ESTAT:TGS00045(1.0),Animal populations by NUTS 2 region,A,Annual,A2000,Live bovine animals,THS_HD,Thousand heads (animals),EL30,Attiki,2015,,2.5,,,,,
dataflow,ESTAT:TGS00045(1.0),Animal populations by NUTS 2 region,A,Annual,A2000,Live bovine animals,THS_HD,Thousand heads (animals),EL30,Attiki,2016,,2.7,,,,,
dataflow,ESTAT:TGS00045(1.0),Animal populations by NUTS 2 region,A,Annual,A2000,Live bovine animals,THS_HD,Thousand heads (animals),EL30,Attiki,2017,,2.7,,,,,
dataflow,ESTAT:TGS00045(1.0),Animal populations by NUTS 2 region,A,Annual,A2000,Live bovine animals,THS_HD,Thousand heads (animals),EL30,Attiki,2018,,2.2,,,,,
dataflow,ESTAT:TGS00045(1.0),Animal populations by NUTS 2 region,A,Annual,A2000,Live bovine animals,THS_HD,Thousand heads (animals),EL30,Attiki,2019,,1.8,,,,,
dataflow,ESTAT:TGS00045(1.0),Animal populations by NUTS 2 region,A,Annual,A2000,Live bovine animals,THS_HD,Thousand heads (animals),EL30,Attiki,2020,,2.9,,,,,
dataflow,ESTAT:TGS00045(1.0),Animal populations by NUTS 2 region,A,Annual,A2000,Live bovine animals,THS_HD,Thousand heads (animals),EL30,Attiki,2021,,3.2,,,,,
dataflow,ESTAT:TGS00045(1.0),Animal populations by NUTS 2 region,A,Annual,A2000,Live bovine animals,THS_HD,Thousand heads (animals),EL30,Attiki,2022,,2.6,,,,,
dataflow,ESTAT:TGS00045(1.0),Animal populations by NUTS 2 region,A,Annual,A2000,Live bovine animals,THS_HD,Thousand heads (animals),EL30,Attiki,2023,,1.76,,,,,
dataflow,ESTAT:TGS00045(1.0),Animal populations by NUTS 2 region,A,Annual,A2000,Live bovine animals,THS_HD,Thousand heads (animals),EL30,Attiki,2024,,1.15,,,,,
dataflow,ESTAT:TGS00045(1.0),Animal populations by NUTS 2 region,A,Annual,A2000,Live bovine animals,THS_HD,Thousand heads (animals),EL30,Attiki,2025,,0.96,,,,,
dataflow,ESTAT:TGS00045(1.0),Animal populations by NUTS 2 region,A,Annual,A2000,Live bovine animals,THS_HD,Thousand heads (animals),EL41,Voreio Aigaio,2014,,8.5,,,,,
dataflow,ESTAT:TGS00045(1.0),Animal populations by NUTS 2 region,A,Annual,A2000,Live bovine animals,THS_HD,Thousand heads (animals),EL41,Voreio Aigaio,2015,,8.5,,,,,
dataflow,ESTAT:TGS00045(1.0),Animal populations by NUTS 2 region,A,Annual,A2000,Live bovine animals,THS_HD,Thousand heads (animals),EL41,Voreio Aigaio,2016,,8.1,,,,,
dataflow,ESTAT:TGS00045(1.0),Animal populations by NUTS 2 region,A,Annual,A2000,Live bovine animals,THS_HD,Thousand heads (animals),EL41,Voreio Aigaio,2017,,7.8,,,,,
dataflow,ESTAT:TGS00045(1.0),Animal populations by NUTS 2 region,A,Annual,A2000,Live bovine animals,THS_HD,Thousand heads (animals),EL41,Voreio Aigaio,2018,,6.9,,,,,
dataflow,ESTAT:TGS00045(1.0),Animal populations by NUTS 2 region,A,Annual,A2000,Live bovine animals,THS_HD,Thousand heads (animals),EL41,Voreio Aigaio,2019,,6.6,,,,,
dataflow,ESTAT:TGS00045(1.0),Animal populations by NUTS 2 region,A,Annual,A2000,Live bovine animals,THS_HD,Thousand heads (animals),EL41,Voreio Aigaio,2020,,6.4,,,,,
dataflow,ESTAT:TGS00045(1.0),Animal populations by NUTS 2 region,A,Annual,A2000,Live bovine animals,THS_HD,Thousand heads (animals),EL41,Voreio Aigaio,2021,,6.2,,,,,
dataflow,ESTAT:TGS00045(1.0),Animal populations by NUTS 2 region,A,Annual,A2000,Live bovine animals,THS_HD,Thousand heads (animals),EL41,Voreio Aigaio,2022,,4.4,,,,,
dataflow,ESTAT:TGS00045(1.0),Animal populations by NUTS 2 region,A,Annual,A2000,Live bovine animals,THS_HD,Thousand heads (animals),EL41,Voreio Aigaio,2023,,4.68,,,,,
dataflow,ESTAT:TGS00045(1.0),Animal populations by NUTS 2 region,A,Annual,A2000,Live bovine animals,THS_HD,Thousand heads (animals),EL41,Voreio Aigaio,2024,,4.16,,,,,
dataflow,ESTAT:TGS00045(1.0),Animal populations by NUTS 2 region,A,Annual,A2000,Live bovine animals,THS_HD,Thousand heads (animals),EL41,Voreio Aigaio,2025,,4.29,,,,,
dataflow,ESTAT:TGS00045(1.0),Animal populations by NUTS 2 region,A,Annual,A2000,Live bovine animals,THS_HD,Thousand heads (animals),EL42,Notio Aigaio,2014,,19.5,,,,,
dataflow,ESTAT:TGS00045(1.0),Animal populations by NUTS 2 region,A,Annual,A2000,Live bovine animals,THS_HD,Thousand heads (animals),EL42,Notio Aigaio,2015,,16,,,,,
dataflow,ESTAT:TGS00045(1.0),Animal populations by NUTS 2 region,A,Annual,A2000,Live bovine animals,THS_HD,Thousand heads (animals),EL42,Notio Aigaio,2016,,15.7,,,,,
dataflow,ESTAT:TGS00045(1.0),Animal populations by NUTS 2 region,A,Annual,A2000,Live bovine animals,THS_HD,Thousand heads (animals),EL42,Notio Aigaio,2017,,16.4,,,,,
dataflow,ESTAT:TGS00045(1.0),Animal populations by NUTS 2 region,A,Annual,A2000,Live bovine animals,THS_HD,Thousand heads (animals),EL42,Notio Aigaio,2018,,14.7,,,,,
dataflow,ESTAT:TGS00045(1.0),Animal populations by NUTS 2 region,A,Annual,A2000,Live bovine animals,THS_HD,Thousand heads (animals),EL42,Notio Aigaio,2019,,15.4,,,,,
dataflow,ESTAT:TGS00045(1.0),Animal populations by NUTS 2 region,A,Annual,A2000,Live bovine animals,THS_HD,Thousand heads (animals),EL42,Notio Aigaio,2020,,14.7,,,,,
dataflow,ESTAT:TGS00045(1.0),Animal populations by NUTS 2 region,A,Annual,A2000,Live bovine animals,THS_HD,Thousand heads (animals),EL42,Notio Aigaio,2021,,14.6,,,,,
dataflow,ESTAT:TGS00045(1.0),Animal populations by NUTS 2 region,A,Annual,A2000,Live bovine animals,THS_HD,Thousand heads (animals),EL42,Notio Aigaio,2022,,13.1,,,,,
dataflow,ESTAT:TGS00045(1.0),Animal populations by NUTS 2 region,A,Annual,A2000,Live bovine animals,THS_HD,Thousand heads (animals),EL42,Notio Aigaio,2023,,12.4,,,,,
dataflow,ESTAT:TGS00045(1.0),Animal populations by NUTS 2 region,A,Annual,A2000,Live bovine animals,THS_HD,Thousand heads (animals),EL42,Notio Aigaio,2024,,9.94,,,,,
dataflow,ESTAT:TGS00045(1.0),Animal populations by NUTS 2 region,A,Annual,A2000,Live bovine animals,THS_HD,Thousand heads (animals),EL42,Notio Aigaio,2025,,8.52,,,,,
dataflow,ESTAT:TGS00045(1.0),Animal populations by NUTS 2 region,A,Annual,A2000,Live bovine animals,THS_HD,Thousand heads (animals),EL43,Kriti,2014,,2.5,,,,,
dataflow,ESTAT:TGS00045(1.0),Animal populations by NUTS 2 region,A,Annual,A2000,Live bovine animals,THS_HD,Thousand heads (animals),EL43,Kriti,2015,,1.6,,,,,
dataflow,ESTAT:TGS00045(1.0),Animal populations by NUTS 2 region,A,Annual,A2000,Live bovine animals,THS_HD,Thousand heads (animals),EL43,Kriti,2016,,1.2,,,,,
dataflow,ESTAT:TGS00045(1.0),Animal populations by NUTS 2 region,A,Annual,A2000,Live bovine animals,THS_HD,Thousand heads (animals),EL43,Kriti,2017,,1.3,,,,,
dataflow,ESTAT:TGS00045(1.0),Animal populations by NUTS 2 region,A,Annual,A2000,Live bovine animals,THS_HD,Thousand heads (animals),EL43,Kriti,2018,,1.3,,,,,
dataflow,ESTAT:TGS00045(1.0),Animal populations by NUTS 2 region,A,Annual,A2000,Live bovine animals,THS_HD,Thousand heads (animals),EL43,Kriti,2019,,1.6,,,,,
dataflow,ESTAT:TGS00045(1.0),Animal populations by NUTS 2 region,A,Annual,A2000,Live bovine animals,THS_HD,Thousand heads (animals),EL43,Kriti,2020,,1.2,,,,,
dataflow,ESTAT:TGS00045(1.0),Animal populations by NUTS 2 region,A,Annual,A2000,Live bovine animals,THS_HD,Thousand heads (animals),EL43,Kriti,2021,,1.6,,,,,
dataflow,ESTAT:TGS00045(1.0),Animal populations by NUTS 2 region,A,Annual,A2000,Live bovine animals,THS_HD,Thousand heads (animals),EL43,Kriti,2022,,1,,,,,
dataflow,ESTAT:TGS00045(1.0),Animal populations by NUTS 2 region,A,Annual,A2000,Live bovine animals,THS_HD,Thousand heads (animals),EL43,Kriti,2023,,1.62,,,,,
dataflow,ESTAT:TGS00045(1.0),Animal populations by NUTS 2 region,A,Annual,A2000,Live bovine animals,THS_HD,Thousand heads (animals),EL43,Kriti,2024,,1.58,,,,,
dataflow,ESTAT:TGS00045(1.0),Animal populations by NUTS 2 region,A,Annual,A2000,Live bovine animals,THS_HD,Thousand heads (animals),EL43,Kriti,2025,,0.95,,,,,
dataflow,ESTAT:TGS00045(1.0),Animal populations by NUTS 2 region,A,Annual,A2000,Live bovine animals,THS_HD,Thousand heads (animals),EL51,"Anatoliki Makedonia, Thraki",2014,,104.1,,,,,
dataflow,ESTAT:TGS00045(1.0),Animal populations by NUTS 2 region,A,Annual,A2000,Live bovine animals,THS_HD,Thousand heads (animals),EL51,"Anatoliki Makedonia, Thraki",2015,,92.8,,,,,
dataflow,ESTAT:TGS00045(1.0),Animal populations by NUTS 2 region,A,Annual,A2000,Live bovine animals,THS_HD,Thousand heads (animals),EL51,"Anatoliki Makedonia, Thraki",2016,,89.9,,,,,
dataflow,ESTAT:TGS00045(1.0),Animal populations by NUTS 2 region,A,Annual,A2000,Live bovine animals,THS_HD,Thousand heads (animals),EL51,"Anatoliki Makedonia, Thraki",2017,,88.6,,,,,
dataflow,ESTAT:TGS00045(1.0),Animal populations by NUTS 2 region,A,Annual,A2000,Live bovine animals,THS_HD,Thousand heads (animals),EL51,"Anatoliki Makedonia, Thraki",2018,,82.9,,,,,
dataflow,ESTAT:TGS00045(1.0),Animal populations by NUTS 2 region,A,Annual,A2000,Live bovine animals,THS_HD,Thousand heads (animals),EL51,"Anatoliki Makedonia, Thraki",2019,,80.5,,,,,
dataflow,ESTAT:TGS00045(1.0),Animal populations by NUTS 2 region,A,Annual,A2000,Live bovine animals,THS_HD,Thousand heads (animals),EL51,"Anatoliki Makedonia, Thraki",2020,,88.7,,,,,
dataflow,ESTAT:TGS00045(1.0),Animal populations by NUTS 2 region,A,Annual,A2000,Live bovine animals,THS_HD,Thousand heads (animals),EL51,"Anatoliki Makedonia, Thraki",2021,,77.4,,,,,
dataflow,ESTAT:TGS00045(1.0),Animal populations by NUTS 2 region,A,Annual,A2000,Live bovine animals,THS_HD,Thousand heads (animals),EL51,"Anatoliki Makedonia, Thraki",2022,,74,,,,,
dataflow,ESTAT:TGS00045(1.0),Animal populations by NUTS 2 region,A,Annual,A2000,Live bovine animals,THS_HD,Thousand heads (animals),EL51,"Anatoliki Makedonia, Thraki",2023,,82.16,,,,,
dataflow,ESTAT:TGS00045(1.0),Animal populations by NUTS 2 region,A,Annual,A2000,Live bovine animals,THS_HD,Thousand heads (animals),EL51,"Anatoliki Makedonia, Thraki",2024,,76.25,,,,,
dataflow,ESTAT:TGS00045(1.0),Animal populations by NUTS 2 region,A,Annual,A2000,Live bovine animals,THS_HD,Thousand heads (animals),EL51,"Anatoliki Makedonia, Thraki",2025,,67.53,,,,,
dataflow,ESTAT:TGS00045(1.0),Animal populations by NUTS 2 region,A,Annual,A2000,Live bovine animals,THS_HD,Thousand heads (animals),EL52,Kentriki Makedonia,2014,,185.9,,,,,
dataflow,ESTAT:TGS00045(1.0),Animal populations by NUTS 2 region,A,Annual,A2000,Live bovine animals,THS_HD,Thousand heads (animals),EL52,Kentriki Makedonia,2015,,157.4,,,,,
dataflow,ESTAT:TGS00045(1.0),Animal populations by NUTS 2 region,A,Annual,A2000,Live bovine animals,THS_HD,Thousand heads (animals),EL52,Kentriki Makedonia,2016,,143.1,,,,,
dataflow,ESTAT:TGS00045(1.0),Animal populations by NUTS 2 region,A,Annual,A2000,Live bovine animals,THS_HD,Thousand heads (animals),EL52,Kentriki Makedonia,2017,,143,,,,,
dataflow,ESTAT:TGS00045(1.0),Animal populations by NUTS 2 region,A,Annual,A2000,Live bovine animals,THS_HD,Thousand heads (animals),EL52,Kentriki Makedonia,2018,,138.2,,,,,
dataflow,ESTAT:TGS00045(1.0),Animal populations by NUTS 2 region,A,Annual,A2000,Live bovine animals,THS_HD,Thousand heads (animals),EL52,Kentriki Makedonia,2019,,134.5,,,,,
dataflow,ESTAT:TGS00045(1.0),Animal populations by NUTS 2 region,A,Annual,A2000,Live bovine animals,THS_HD,Thousand heads (animals),EL52,Kentriki Makedonia,2020,,160.1,,,,,
dataflow,ESTAT:TGS00045(1.0),Animal populations by NUTS 2 region,A,Annual,A2000,Live bovine animals,THS_HD,Thousand heads (animals),EL52,Kentriki Makedonia,2021,,161.9,,,,,
dataflow,ESTAT:TGS00045(1.0),Animal populations by NUTS 2 region,A,Annual,A2000,Live bovine animals,THS_HD,Thousand heads (animals),EL52,Kentriki Makedonia,2022,,147.7,,,,,
dataflow,ESTAT:TGS00045(1.0),Animal populations by NUTS 2 region,A,Annual,A2000,Live bovine animals,THS_HD,Thousand heads (animals),EL52,Kentriki Makedonia,2023,,147.83,,,,,
dataflow,ESTAT:TGS00045(1.0),Animal populations by NUTS 2 region,A,Annual,A2000,Live bovine animals,THS_HD,Thousand heads (animals),EL52,Kentriki Makedonia,2024,,143.04,,,,,
dataflow,ESTAT:TGS00045(1.0),Animal populations by NUTS 2 region,A,Annual,A2000,Live bovine animals,THS_HD,Thousand heads (animals),EL52,Kentriki Makedonia,2025,,123.01,,,,,
dataflow,ESTAT:TGS00045(1.0),Animal populations by NUTS 2 region,A,Annual,A2000,Live bovine animals,THS_HD,Thousand heads (animals),EL53,Dytiki Makedonia,2014,,46,,,,,
dataflow,ESTAT:TGS00045(1.0),Animal populations by NUTS 2 region,A,Annual,A2000,Live bovine animals,THS_HD,Thousand heads (animals),EL53,Dytiki Makedonia,2015,,36.9,,,,,
dataflow,ESTAT:TGS00045(1.0),Animal populations by NUTS 2 region,A,Annual,A2000,Live bovine animals,THS_HD,Thousand heads (animals),EL53,Dytiki Makedonia,2016,,35.5,,,,,
dataflow,ESTAT:TGS00045(1.0),Animal populations by NUTS 2 region,A,Annual,A2000,Live bovine animals,THS_HD,Thousand heads (animals),EL53,Dytiki Makedonia,2017,,35.7,,,,,
dataflow,ESTAT:TGS00045(1.0),Animal populations by NUTS 2 region,A,Annual,A2000,Live bovine animals,THS_HD,Thousand heads (animals),EL53,Dytiki Makedonia,2018,,34.9,,,,,
dataflow,ESTAT:TGS00045(1.0),Animal populations by NUTS 2 region,A,Annual,A2000,Live bovine animals,THS_HD,Thousand heads (animals),EL53,Dytiki Makedonia,2019,,36.2,,,,,
dataflow,ESTAT:TGS00045(1.0),Animal populations by NUTS 2 region,A,Annual,A2000,Live bovine animals,THS_HD,Thousand heads (animals),EL53,Dytiki Makedonia,2020,,40.3,,,,,
dataflow,ESTAT:TGS00045(1.0),Animal populations by NUTS 2 region,A,Annual,A2000,Live bovine animals,THS_HD,Thousand heads (animals),EL53,Dytiki Makedonia,2021,,35.9,,,,,
dataflow,ESTAT:TGS00045(1.0),Animal populations by NUTS 2 region,A,Annual,A2000,Live bovine animals,THS_HD,Thousand heads (animals),EL53,Dytiki Makedonia,2022,,35.4,,,,,
dataflow,ESTAT:TGS00045(1.0),Animal populations by NUTS 2 region,A,Annual,A2000,Live bovine animals,THS_HD,Thousand heads (animals),EL53,Dytiki Makedonia,2023,,37.03,,,,,
dataflow,ESTAT:TGS00045(1.0),Animal populations by NUTS 2 region,A,Annual,A2000,Live bovine animals,THS_HD,Thousand heads (animals),EL53,Dytiki Makedonia,2024,,34.35,,,,,
dataflow,ESTAT:TGS00045(1.0),Animal populations by NUTS 2 region,A,Annual,A2000,Live bovine animals,THS_HD,Thousand heads (animals),EL53,Dytiki Makedonia,2025,,29.28,,,,,
dataflow,ESTAT:TGS00045(1.0),Animal populations by NUTS 2 region,A,Annual,A2000,Live bovine animals,THS_HD,Thousand heads (animals),EL54,Ipeiros,2014,,59.5,,,,,
dataflow,ESTAT:TGS00045(1.0),Animal populations by NUTS 2 region,A,Annual,A2000,Live bovine animals,THS_HD,Thousand heads (animals),EL54,Ipeiros,2015,,57.5,,,,,
dataflow,ESTAT:TGS00045(1.0),Animal populations by NUTS 2 region,A,Annual,A2000,Live bovine animals,THS_HD,Thousand heads (animals),EL54,Ipeiros,2016,,55.2,,,,,
dataflow,ESTAT:TGS00045(1.0),Animal populations by NUTS 2 region,A,Annual,A2000,Live bovine animals,THS_HD,Thousand heads (animals),EL54,Ipeiros,2017,,55.2,,,,,
dataflow,ESTAT:TGS00045(1.0),Animal populations by NUTS 2 region,A,Annual,A2000,Live bovine animals,THS_HD,Thousand heads (animals),EL54,Ipeiros,2018,,56.6,,,,,
dataflow,ESTAT:TGS00045(1.0),Animal populations by NUTS 2 region,A,Annual,A2000,Live bovine animals,THS_HD,Thousand heads (animals),EL54,Ipeiros,2019,,53.7,,,,,
dataflow,ESTAT:TGS00045(1.0),Animal populations by NUTS 2 region,A,Annual,A2000,Live bovine animals,THS_HD,Thousand heads (animals),EL54,Ipeiros,2020,,71.9,,,,,
dataflow,ESTAT:TGS00045(1.0),Animal populations by NUTS 2 region,A,Annual,A2000,Live bovine animals,THS_HD,Thousand heads (animals),EL54,Ipeiros,2021,,75.5,,,,,
dataflow,ESTAT:TGS00045(1.0),Animal populations by NUTS 2 region,A,Annual,A2000,Live bovine animals,THS_HD,Thousand heads (animals),EL54,Ipeiros,2022,,74,,,,,
dataflow,ESTAT:TGS00045(1.0),Animal populations by NUTS 2 region,A,Annual,A2000,Live bovine animals,THS_HD,Thousand heads (animals),EL54,Ipeiros,2023,,80.55,,,,,
dataflow,ESTAT:TGS00045(1.0),Animal populations by NUTS 2 region,A,Annual,A2000,Live bovine animals,THS_HD,Thousand heads (animals),EL54,Ipeiros,2024,,77.48,,,,,
dataflow,ESTAT:TGS00045(1.0),Animal populations by NUTS 2 region,A,Annual,A2000,Live bovine animals,THS_HD,Thousand heads (animals),EL54,Ipeiros,2025,,66.59,,,,,
dataflow,ESTAT:TGS00045(1.0),Animal populations by NUTS 2 region,A,Annual,A2000,Live bovine animals,THS_HD,Thousand heads (animals),EL61,Thessalia,2014,,115.7,,,,,
dataflow,ESTAT:TGS00045(1.0),Animal populations by NUTS 2 region,A,Annual,A2000,Live bovine animals,THS_HD,Thousand heads (animals),EL61,Thessalia,2015,,101.7,,,,,
dataflow,ESTAT:TGS00045(1.0),Animal populations by NUTS 2 region,A,Annual,A2000,Live bovine animals,THS_HD,Thousand heads (animals),EL61,Thessalia,2016,,105.5,,,,,
dataflow,ESTAT:TGS00045(1.0),Animal populations by NUTS 2 region,A,Annual,A2000,Live bovine animals,THS_HD,Thousand heads (animals),EL61,Thessalia,2017,,106.2,,,,,
dataflow,ESTAT:TGS00045(1.0),Animal populations by NUTS 2 region,A,Annual,A2000,Live bovine animals,THS_HD,Thousand heads (animals),EL61,Thessalia,2018,,108,,,,,
dataflow,ESTAT:TGS00045(1.0),Animal populations by NUTS 2 region,A,Annual,A2000,Live bovine animals,THS_HD,Thousand heads (animals),EL61,Thessalia,2019,,103.7,,,,,
dataflow,ESTAT:TGS00045(1.0),Animal populations by NUTS 2 region,A,Annual,A2000,Live bovine animals,THS_HD,Thousand heads (animals),EL61,Thessalia,2020,,120.4,,,,,
dataflow,ESTAT:TGS00045(1.0),Animal populations by NUTS 2 region,A,Annual,A2000,Live bovine animals,THS_HD,Thousand heads (animals),EL61,Thessalia,2021,,118,,,,,
dataflow,ESTAT:TGS00045(1.0),Animal populations by NUTS 2 region,A,Annual,A2000,Live bovine animals,THS_HD,Thousand heads (animals),EL61,Thessalia,2022,,111.3,,,,,
dataflow,ESTAT:TGS00045(1.0),Animal populations by NUTS 2 region,A,Annual,A2000,Live bovine animals,THS_HD,Thousand heads (animals),EL61,Thessalia,2023,,133.78,,,,,
dataflow,ESTAT:TGS00045(1.0),Animal populations by NUTS 2 region,A,Annual,A2000,Live bovine animals,THS_HD,Thousand heads (animals),EL61,Thessalia,2024,,122.99,,,,,
dataflow,ESTAT:TGS00045(1.0),Animal populations by NUTS 2 region,A,Annual,A2000,Live bovine animals,THS_HD,Thousand heads (animals),EL61,Thessalia,2025,,114.69,,,,,
dataflow,ESTAT:TGS00045(1.0),Animal populations by NUTS 2 region,A,Annual,A2000,Live bovine animals,THS_HD,Thousand heads (animals),EL62,Ionia Nisia,2014,,5.6,,,,,
dataflow,ESTAT:TGS00045(1.0),Animal populations by NUTS 2 region,A,Annual,A2000,Live bovine animals,THS_HD,Thousand heads (animals),EL62,Ionia Nisia,2015,,4.7,,,,,
dataflow,ESTAT:TGS00045(1.0),Animal populations by NUTS 2 region,A,Annual,A2000,Live bovine animals,THS_HD,Thousand heads (animals),EL62,Ionia Nisia,2016,,3.9,,,,,
dataflow,ESTAT:TGS00045(1.0),Animal populations by NUTS 2 region,A,Annual,A2000,Live bovine animals,THS_HD,Thousand heads (animals),EL62,Ionia Nisia,2017,,3.8,,,,,
dataflow,ESTAT:TGS00045(1.0),Animal populations by NUTS 2 region,A,Annual,A2000,Live bovine animals,THS_HD,Thousand heads (animals),EL62,Ionia Nisia,2018,,3.2,,,,,
dataflow,ESTAT:TGS00045(1.0),Animal populations by NUTS 2 region,A,Annual,A2000,Live bovine animals,THS_HD,Thousand heads (animals),EL62,Ionia Nisia,2019,,3.6,,,,,
dataflow,ESTAT:TGS00045(1.0),Animal populations by NUTS 2 region,A,Annual,A2000,Live bovine animals,THS_HD,Thousand heads (animals),EL62,Ionia Nisia,2020,,4.1,,,,,
dataflow,ESTAT:TGS00045(1.0),Animal populations by NUTS 2 region,A,Annual,A2000,Live bovine animals,THS_HD,Thousand heads (animals),EL62,Ionia Nisia,2021,,3.5,,,,,
dataflow,ESTAT:TGS00045(1.0),Animal populations by NUTS 2 region,A,Annual,A2000,Live bovine animals,THS_HD,Thousand heads (animals),EL62,Ionia Nisia,2022,,3.6,,,,,
dataflow,ESTAT:TGS00045(1.0),Animal populations by NUTS 2 region,A,Annual,A2000,Live bovine animals,THS_HD,Thousand heads (animals),EL62,Ionia Nisia,2023,,4.03,,,,,
dataflow,ESTAT:TGS00045(1.0),Animal populations by NUTS 2 region,A,Annual,A2000,Live bovine animals,THS_HD,Thousand heads (animals),EL62,Ionia Nisia,2024,,3.8,,,,,
dataflow,ESTAT:TGS00045(1.0),Animal populations by NUTS 2 region,A,Annual,A2000,Live bovine animals,THS_HD,Thousand heads (animals),EL62,Ionia Nisia,2025,,3.22,,,,,
dataflow,ESTAT:TGS00045(1.0),Animal populations by NUTS 2 region,A,Annual,A2000,Live bovine animals,THS_HD,Thousand heads (animals),EL63,Dytiki Elláda,2014,,56.6,,,,,
dataflow,ESTAT:TGS00045(1.0),Animal populations by NUTS 2 region,A,Annual,A2000,Live bovine animals,THS_HD,Thousand heads (animals),EL63,Dytiki Elláda,2015,,60.4,,,,,
dataflow,ESTAT:TGS00045(1.0),Animal populations by NUTS 2 region,A,Annual,A2000,Live bovine animals,THS_HD,Thousand heads (animals),EL63,Dytiki Elláda,2016,,54.8,,,,,
dataflow,ESTAT:TGS00045(1.0),Animal populations by NUTS 2 region,A,Annual,A2000,Live bovine animals,THS_HD,Thousand heads (animals),EL63,Dytiki Elláda,2017,,54.9,,,,,
dataflow,ESTAT:TGS00045(1.0),Animal populations by NUTS 2 region,A,Annual,A2000,Live bovine animals,THS_HD,Thousand heads (animals),EL63,Dytiki Elláda,2018,,53.6,,,,,
dataflow,ESTAT:TGS00045(1.0),Animal populations by NUTS 2 region,A,Annual,A2000,Live bovine animals,THS_HD,Thousand heads (animals),EL63,Dytiki Elláda,2019,,52.5,,,,,
dataflow,ESTAT:TGS00045(1.0),Animal populations by NUTS 2 region,A,Annual,A2000,Live bovine animals,THS_HD,Thousand heads (animals),EL63,Dytiki Elláda,2020,,71.7,,,,,
dataflow,ESTAT:TGS00045(1.0),Animal populations by NUTS 2 region,A,Annual,A2000,Live bovine animals,THS_HD,Thousand heads (animals),EL63,Dytiki Elláda,2021,,67.8,,,,,
dataflow,ESTAT:TGS00045(1.0),Animal populations by NUTS 2 region,A,Annual,A2000,Live bovine animals,THS_HD,Thousand heads (animals),EL63,Dytiki Elláda,2022,,68.7,,,,,
dataflow,ESTAT:TGS00045(1.0),Animal populations by NUTS 2 region,A,Annual,A2000,Live bovine animals,THS_HD,Thousand heads (animals),EL63,Dytiki Elláda,2023,,84.19,,,,,
dataflow,ESTAT:TGS00045(1.0),Animal populations by NUTS 2 region,A,Annual,A2000,Live bovine animals,THS_HD,Thousand heads (animals),EL63,Dytiki Elláda,2024,,74.83,,,,,
dataflow,ESTAT:TGS00045(1.0),Animal populations by NUTS 2 region,A,Annual,A2000,Live bovine animals,THS_HD,Thousand heads (animals),EL63,Dytiki Elláda,2025,,62.95,,,,,
dataflow,ESTAT:TGS00045(1.0),Animal populations by NUTS 2 region,A,Annual,A2000,Live bovine animals,THS_HD,Thousand heads (animals),EL64,Sterea Elláda,2014,,34.8,,,,,
dataflow,ESTAT:TGS00045(1.0),Animal populations by NUTS 2 region,A,Annual,A2000,Live bovine animals,THS_HD,Thousand heads (animals),EL64,Sterea Elláda,2015,,26,,,,,
dataflow,ESTAT:TGS00045(1.0),Animal populations by NUTS 2 region,A,Annual,A2000,Live bovine animals,THS_HD,Thousand heads (animals),EL64,Sterea Elláda,2016,,24.1,,,,,
dataflow,ESTAT:TGS00045(1.0),Animal populations by NUTS 2 region,A,Annual,A2000,Live bovine animals,THS_HD,Thousand heads (animals),EL64,Sterea Elláda,2017,,25.9,,,,,
dataflow,ESTAT:TGS00045(1.0),Animal populations by NUTS 2 region,A,Annual,A2000,Live bovine animals,THS_HD,Thousand heads (animals),EL64,Sterea Elláda,2018,,25.4,,,,,
dataflow,ESTAT:TGS00045(1.0),Animal populations by NUTS 2 region,A,Annual,A2000,Live bovine animals,THS_HD,Thousand heads (animals),EL64,Sterea Elláda,2019,,24.9,,,,,
dataflow,ESTAT:TGS00045(1.0),Animal populations by NUTS 2 region,A,Annual,A2000,Live bovine animals,THS_HD,Thousand heads (animals),EL64,Sterea Elláda,2020,,32.7,,,,,
dataflow,ESTAT:TGS00045(1.0),Animal populations by NUTS 2 region,A,Annual,A2000,Live bovine animals,THS_HD,Thousand heads (animals),EL64,Sterea Elláda,2021,,34.8,,,,,
dataflow,ESTAT:TGS00045(1.0),Animal populations by NUTS 2 region,A,Annual,A2000,Live bovine animals,THS_HD,Thousand heads (animals),EL64,Sterea Elláda,2022,,29.4,,,,,
dataflow,ESTAT:TGS00045(1.0),Animal populations by NUTS 2 region,A,Annual,A2000,Live bovine animals,THS_HD,Thousand heads (animals),EL64,Sterea Elláda,2023,,35.32,,,,,
dataflow,ESTAT:TGS00045(1.0),Animal populations by NUTS 2 region,A,Annual,A2000,Live bovine animals,THS_HD,Thousand heads (animals),EL64,Sterea Elláda,2024,,33.19,,,,,
dataflow,ESTAT:TGS00045(1.0),Animal populations by NUTS 2 region,A,Annual,A2000,Live bovine animals,THS_HD,Thousand heads (animals),EL64,Sterea Elláda,2025,,27.07,,,,,
dataflow,ESTAT:TGS00045(1.0),Animal populations by NUTS 2 region,A,Annual,A2000,Live bovine animals,THS_HD,Thousand heads (animals),EL65,Peloponnisos,2014,,16.4,,,,,
dataflow,ESTAT:TGS00045(1.0),Animal populations by NUTS 2 region,A,Annual,A2000,Live bovine animals,THS_HD,Thousand heads (animals),EL65,Peloponnisos,2015,,16.2,,,,,
dataflow,ESTAT:TGS00045(1.0),Animal populations by NUTS 2 region,A,Annual,A2000,Live bovine animals,THS_HD,Thousand heads (animals),EL65,Peloponnisos,2016,,14.1,,,,,
dataflow,ESTAT:TGS00045(1.0),Animal populations by NUTS 2 region,A,Annual,A2000,Live bovine animals,THS_HD,Thousand heads (animals),EL65,Peloponnisos,2017,,14.7,,,,,
dataflow,ESTAT:TGS00045(1.0),Animal populations by NUTS 2 region,A,Annual,A2000,Live bovine animals,THS_HD,Thousand heads (animals),EL65,Peloponnisos,2018,,14.1,,,,,
dataflow,ESTAT:TGS00045(1.0),Animal populations by NUTS 2 region,A,Annual,A2000,Live bovine animals,THS_HD,Thousand heads (animals),EL65,Peloponnisos,2019,,15.2,,,,,
dataflow,ESTAT:TGS00045(1.0),Animal populations by NUTS 2 region,A,Annual,A2000,Live bovine animals,THS_HD,Thousand heads (animals),EL65,Peloponnisos,2020,,16.4,,,,,
dataflow,ESTAT:TGS00045(1.0),Animal populations by NUTS 2 region,A,Annual,A2000,Live bovine animals,THS_HD,Thousand heads (animals),EL65,Peloponnisos,2021,,13.6,,,,,
dataflow,ESTAT:TGS00045(1.0),Animal populations by NUTS 2 region,A,Annual,A2000,Live bovine animals,THS_HD,Thousand heads (animals),EL65,Peloponnisos,2022,,16.3,,,,,
dataflow,ESTAT:TGS00045(1.0),Animal populations by NUTS 2 region,A,Annual,A2000,Live bovine animals,THS_HD,Thousand heads (animals),EL65,Peloponnisos,2023,,13.47,,,,,
dataflow,ESTAT:TGS00045(1.0),Animal populations by NUTS 2 region,A,Annual,A2000,Live bovine animals,THS_HD,Thousand heads (animals),EL65,Peloponnisos,2024,,12.4,,,,,
dataflow,ESTAT:TGS00045(1.0),Animal populations by NUTS 2 region,A,Annual,A2000,Live bovine animals,THS_HD,Thousand heads (animals),EL65,Peloponnisos,2025,,10.1,,,,,
dataflow,ESTAT:TGS00045(1.0),Animal populations by NUTS 2 region,A,Annual,A2000,Live bovine animals,THS_HD,Thousand heads (animals),ES11,Galicia,2014,,945.97,,,,,
dataflow,ESTAT:TGS00045(1.0),Animal populations by NUTS 2 region,A,Annual,A2000,Live bovine animals,THS_HD,Thousand heads (animals),ES11,Galicia,2015,,951.87,,,,,
dataflow,ESTAT:TGS00045(1.0),Animal populations by NUTS 2 region,A,Annual,A2000,Live bovine animals,THS_HD,Thousand heads (animals),ES11,Galicia,2016,,953.34,,,,,
dataflow,ESTAT:TGS00045(1.0),Animal populations by NUTS 2 region,A,Annual,A2000,Live bovine animals,THS_HD,Thousand heads (animals),ES11,Galicia,2017,,941.13,,,,,
dataflow,ESTAT:TGS00045(1.0),Animal populations by NUTS 2 region,A,Annual,A2000,Live bovine animals,THS_HD,Thousand heads (animals),ES11,Galicia,2018,,934.8,,,,,
dataflow,ESTAT:TGS00045(1.0),Animal populations by NUTS 2 region,A,Annual,A2000,Live bovine animals,THS_HD,Thousand heads (animals),ES11,Galicia,2019,,934.03,,,,,
dataflow,ESTAT:TGS00045(1.0),Animal populations by NUTS 2 region,A,Annual,A2000,Live bovine animals,THS_HD,Thousand heads (animals),ES11,Galicia,2020,,939.13,,,,,
dataflow,ESTAT:TGS00045(1.0),Animal populations by NUTS 2 region,A,Annual,A2000,Live bovine animals,THS_HD,Thousand heads (animals),ES11,Galicia,2021,,932.77,,,,,
dataflow,ESTAT:TGS00045(1.0),Animal populations by NUTS 2 region,A,Annual,A2000,Live bovine animals,THS_HD,Thousand heads (animals),ES11,Galicia,2022,,941.89,,,,,
dataflow,ESTAT:TGS00045(1.0),Animal populations by NUTS 2 region,A,Annual,A2000,Live bovine animals,THS_HD,Thousand heads (animals),ES11,Galicia,2023,,940.98,,,,,
dataflow,ESTAT:TGS00045(1.0),Animal populations by NUTS 2 region,A,Annual,A2000,Live bovine animals,THS_HD,Thousand heads (animals),ES11,Galicia,2024,,916.53,,,,,
dataflow,ESTAT:TGS00045(1.0),Animal populations by NUTS 2 region,A,Annual,A2000,Live bovine animals,THS_HD,Thousand heads (animals),ES11,Galicia,2025,,915.72,,,,,
dataflow,ESTAT:TGS00045(1.0),Animal populations by NUTS 2 region,A,Annual,A2000,Live bovine animals,THS_HD,Thousand heads (animals),ES12,Principado de Asturias,2014,,400.61,,,,,
dataflow,ESTAT:TGS00045(1.0),Animal populations by NUTS 2 region,A,Annual,A2000,Live bovine animals,THS_HD,Thousand heads (animals),ES12,Principado de Asturias,2015,,398.71,,,,,
dataflow,ESTAT:TGS00045(1.0),Animal populations by NUTS 2 region,A,Annual,A2000,Live bovine animals,THS_HD,Thousand heads (animals),ES12,Principado de Asturias,2016,,395.91,,,,,
dataflow,ESTAT:TGS00045(1.0),Animal populations by NUTS 2 region,A,Annual,A2000,Live bovine animals,THS_HD,Thousand heads (animals),ES12,Principado de Asturias,2017,,392.79,,,,,
dataflow,ESTAT:TGS00045(1.0),Animal populations by NUTS 2 region,A,Annual,A2000,Live bovine animals,THS_HD,Thousand heads (animals),ES12,Principado de Asturias,2018,,391.09,,,,,
dataflow,ESTAT:TGS00045(1.0),Animal populations by NUTS 2 region,A,Annual,A2000,Live bovine animals,THS_HD,Thousand heads (animals),ES12,Principado de Asturias,2019,,396.99,,,,,
dataflow,ESTAT:TGS00045(1.0),Animal populations by NUTS 2 region,A,Annual,A2000,Live bovine animals,THS_HD,Thousand heads (animals),ES12,Principado de Asturias,2020,,395.02,,,,,
dataflow,ESTAT:TGS00045(1.0),Animal populations by NUTS 2 region,A,Annual,A2000,Live bovine animals,THS_HD,Thousand heads (animals),ES12,Principado de Asturias,2021,,391.5,,,,,
dataflow,ESTAT:TGS00045(1.0),Animal populations by NUTS 2 region,A,Annual,A2000,Live bovine animals,THS_HD,Thousand heads (animals),ES12,Principado de Asturias,2022,,375.05,,,,,
dataflow,ESTAT:TGS00045(1.0),Animal populations by NUTS 2 region,A,Annual,A2000,Live bovine animals,THS_HD,Thousand heads (animals),ES12,Principado de Asturias,2023,,358.48,,,,,
dataflow,ESTAT:TGS00045(1.0),Animal populations by NUTS 2 region,A,Annual,A2000,Live bovine animals,THS_HD,Thousand heads (animals),ES12,Principado de Asturias,2024,,343.92,,,,,
dataflow,ESTAT:TGS00045(1.0),Animal populations by NUTS 2 region,A,Annual,A2000,Live bovine animals,THS_HD,Thousand heads (animals),ES12,Principado de Asturias,2025,,340.29,,,,,
dataflow,ESTAT:TGS00045(1.0),Animal populations by NUTS 2 region,A,Annual,A2000,Live bovine animals,THS_HD,Thousand heads (animals),ES13,Cantabria,2014,,285.86,,,,,
dataflow,ESTAT:TGS00045(1.0),Animal populations by NUTS 2 region,A,Annual,A2000,Live bovine animals,THS_HD,Thousand heads (animals),ES13,Cantabria,2015,,280.79,,,,,
dataflow,ESTAT:TGS00045(1.0),Animal populations by NUTS 2 region,A,Annual,A2000,Live bovine animals,THS_HD,Thousand heads (animals),ES13,Cantabria,2016,,283.55,,,,,
dataflow,ESTAT:TGS00045(1.0),Animal populations by NUTS 2 region,A,Annual,A2000,Live bovine animals,THS_HD,Thousand heads (animals),ES13,Cantabria,2017,,282.27,,,,,
dataflow,ESTAT:TGS00045(1.0),Animal populations by NUTS 2 region,A,Annual,A2000,Live bovine animals,THS_HD,Thousand heads (animals),ES13,Cantabria,2018,,272.77,,,,,
dataflow,ESTAT:TGS00045(1.0),Animal populations by NUTS 2 region,A,Annual,A2000,Live bovine animals,THS_HD,Thousand heads (animals),ES13,Cantabria,2019,,277.17,,,,,
dataflow,ESTAT:TGS00045(1.0),Animal populations by NUTS 2 region,A,Annual,A2000,Live bovine animals,THS_HD,Thousand heads (animals),ES13,Cantabria,2020,,279.32,,,,,
dataflow,ESTAT:TGS00045(1.0),Animal populations by NUTS 2 region,A,Annual,A2000,Live bovine animals,THS_HD,Thousand heads (animals),ES13,Cantabria,2021,,272.74,,,,,
dataflow,ESTAT:TGS00045(1.0),Animal populations by NUTS 2 region,A,Annual,A2000,Live bovine animals,THS_HD,Thousand heads (animals),ES13,Cantabria,2022,,292.81,,,,,
dataflow,ESTAT:TGS00045(1.0),Animal populations by NUTS 2 region,A,Annual,A2000,Live bovine animals,THS_HD,Thousand heads (animals),ES13,Cantabria,2023,,253.29,,,,,
dataflow,ESTAT:TGS00045(1.0),Animal populations by NUTS 2 region,A,Annual,A2000,Live bovine animals,THS_HD,Thousand heads (animals),ES13,Cantabria,2024,,245.21,,,,,
dataflow,ESTAT:TGS00045(1.0),Animal populations by NUTS 2 region,A,Annual,A2000,Live bovine animals,THS_HD,Thousand heads (animals),ES13,Cantabria,2025,,244.05,,,,,
dataflow,ESTAT:TGS00045(1.0),Animal populations by NUTS 2 region,A,Annual,A2000,Live bovine animals,THS_HD,Thousand heads (animals),ES21,País Vasco,2014,,144.94,,,,,
dataflow,ESTAT:TGS00045(1.0),Animal populations by NUTS 2 region,A,Annual,A2000,Live bovine animals,THS_HD,Thousand heads (animals),ES21,País Vasco,2015,,135.57,,,,,
dataflow,ESTAT:TGS00045(1.0),Animal populations by NUTS 2 region,A,Annual,A2000,Live bovine animals,THS_HD,Thousand heads (animals),ES21,País Vasco,2016,,136.51,,,,,
dataflow,ESTAT:TGS00045(1.0),Animal populations by NUTS 2 region,A,Annual,A2000,Live bovine animals,THS_HD,Thousand heads (animals),ES21,País Vasco,2017,,137.34,,,,,
dataflow,ESTAT:TGS00045(1.0),Animal populations by NUTS 2 region,A,Annual,A2000,Live bovine animals,THS_HD,Thousand heads (animals),ES21,País Vasco,2018,,134.61,,,,,
dataflow,ESTAT:TGS00045(1.0),Animal populations by NUTS 2 region,A,Annual,A2000,Live bovine animals,THS_HD,Thousand heads (animals),ES21,País Vasco,2019,,136.13,,,,,
dataflow,ESTAT:TGS00045(1.0),Animal populations by NUTS 2 region,A,Annual,A2000,Live bovine animals,THS_HD,Thousand heads (animals),ES21,País Vasco,2020,,136.5,,,,,
dataflow,ESTAT:TGS00045(1.0),Animal populations by NUTS 2 region,A,Annual,A2000,Live bovine animals,THS_HD,Thousand heads (animals),ES21,País Vasco,2021,,133.92,,,,,
dataflow,ESTAT:TGS00045(1.0),Animal populations by NUTS 2 region,A,Annual,A2000,Live bovine animals,THS_HD,Thousand heads (animals),ES21,País Vasco,2022,,127.74,,,,,
dataflow,ESTAT:TGS00045(1.0),Animal populations by NUTS 2 region,A,Annual,A2000,Live bovine animals,THS_HD,Thousand heads (animals),ES21,País Vasco,2023,,123.92,,,,,
dataflow,ESTAT:TGS00045(1.0),Animal populations by NUTS 2 region,A,Annual,A2000,Live bovine animals,THS_HD,Thousand heads (animals),ES21,País Vasco,2024,,121.23,,,,,
dataflow,ESTAT:TGS00045(1.0),Animal populations by NUTS 2 region,A,Annual,A2000,Live bovine animals,THS_HD,Thousand heads (animals),ES21,País Vasco,2025,,121.62,,,,,
dataflow,ESTAT:TGS00045(1.0),Animal populations by NUTS 2 region,A,Annual,A2000,Live bovine animals,THS_HD,Thousand heads (animals),ES22,Comunidad Foral de Navarra,2014,,111.73,,,,,
dataflow,ESTAT:TGS00045(1.0),Animal populations by NUTS 2 region,A,Annual,A2000,Live bovine animals,THS_HD,Thousand heads (animals),ES22,Comunidad Foral de Navarra,2015,,116.22,,,,,
dataflow,ESTAT:TGS00045(1.0),Animal populations by NUTS 2 region,A,Annual,A2000,Live bovine animals,THS_HD,Thousand heads (animals),ES22,Comunidad Foral de Navarra,2016,,115.74,,,,,
dataflow,ESTAT:TGS00045(1.0),Animal populations by NUTS 2 region,A,Annual,A2000,Live bovine animals,THS_HD,Thousand heads (animals),ES22,Comunidad Foral de Navarra,2017,,122.29,,,,,
dataflow,ESTAT:TGS00045(1.0),Animal populations by NUTS 2 region,A,Annual,A2000,Live bovine animals,THS_HD,Thousand heads (animals),ES22,Comunidad Foral de Navarra,2018,,122.57,,,,,
dataflow,ESTAT:TGS00045(1.0),Animal populations by NUTS 2 region,A,Annual,A2000,Live bovine animals,THS_HD,Thousand heads (animals),ES22,Comunidad Foral de Navarra,2019,,120.17,,,,,
dataflow,ESTAT:TGS00045(1.0),Animal populations by NUTS 2 region,A,Annual,A2000,Live bovine animals,THS_HD,Thousand heads (animals),ES22,Comunidad Foral de Navarra,2020,,123.45,,,,,
dataflow,ESTAT:TGS00045(1.0),Animal populations by NUTS 2 region,A,Annual,A2000,Live bovine animals,THS_HD,Thousand heads (animals),ES22,Comunidad Foral de Navarra,2021,,123.38,,,,,
dataflow,ESTAT:TGS00045(1.0),Animal populations by NUTS 2 region,A,Annual,A2000,Live bovine animals,THS_HD,Thousand heads (animals),ES22,Comunidad Foral de Navarra,2022,,120.4,,,,,
dataflow,ESTAT:TGS00045(1.0),Animal populations by NUTS 2 region,A,Annual,A2000,Live bovine animals,THS_HD,Thousand heads (animals),ES22,Comunidad Foral de Navarra,2023,,118.76,,,,,
dataflow,ESTAT:TGS00045(1.0),Animal populations by NUTS 2 region,A,Annual,A2000,Live bovine animals,THS_HD,Thousand heads (animals),ES22,Comunidad Foral de Navarra,2024,,120.11,,,,,
dataflow,ESTAT:TGS00045(1.0),Animal populations by NUTS 2 region,A,Annual,A2000,Live bovine animals,THS_HD,Thousand heads (animals),ES22,Comunidad Foral de Navarra,2025,,119.84,,,,,
dataflow,ESTAT:TGS00045(1.0),Animal populations by NUTS 2 region,A,Annual,A2000,Live bovine animals,THS_HD,Thousand heads (animals),ES23,La Rioja,2014,,39.05,,,,,
dataflow,ESTAT:TGS00045(1.0),Animal populations by NUTS 2 region,A,Annual,A2000,Live bovine animals,THS_HD,Thousand heads (animals),ES23,La Rioja,2015,,41.58,,,,,
dataflow,ESTAT:TGS00045(1.0),Animal populations by NUTS 2 region,A,Annual,A2000,Live bovine animals,THS_HD,Thousand heads (animals),ES23,La Rioja,2016,,41.29,,,,,
dataflow,ESTAT:TGS00045(1.0),Animal populations by NUTS 2 region,A,Annual,A2000,Live bovine animals,THS_HD,Thousand heads (animals),ES23,La Rioja,2017,,45.19,,,,,
dataflow,ESTAT:TGS00045(1.0),Animal populations by NUTS 2 region,A,Annual,A2000,Live bovine animals,THS_HD,Thousand heads (animals),ES23,La Rioja,2018,,45.42,,,,,
dataflow,ESTAT:TGS00045(1.0),Animal populations by NUTS 2 region,A,Annual,A2000,Live bovine animals,THS_HD,Thousand heads (animals),ES23,La Rioja,2019,,41.65,,,,,
dataflow,ESTAT:TGS00045(1.0),Animal populations by NUTS 2 region,A,Annual,A2000,Live bovine animals,THS_HD,Thousand heads (animals),ES23,La Rioja,2020,,42.32,,,,,
dataflow,ESTAT:TGS00045(1.0),Animal populations by NUTS 2 region,A,Annual,A2000,Live bovine animals,THS_HD,Thousand heads (animals),ES23,La Rioja,2021,,41.99,,,,,
dataflow,ESTAT:TGS00045(1.0),Animal populations by NUTS 2 region,A,Annual,A2000,Live bovine animals,THS_HD,Thousand heads (animals),ES23,La Rioja,2022,,40.81,,,,,
dataflow,ESTAT:TGS00045(1.0),Animal populations by NUTS 2 region,A,Annual,A2000,Live bovine animals,THS_HD,Thousand heads (animals),ES23,La Rioja,2023,,38.58,,,,,
dataflow,ESTAT:TGS00045(1.0),Animal populations by NUTS 2 region,A,Annual,A2000,Live bovine animals,THS_HD,Thousand heads (animals),ES23,La Rioja,2024,,37.95,,,,,
dataflow,ESTAT:TGS00045(1.0),Animal populations by NUTS 2 region,A,Annual,A2000,Live bovine animals,THS_HD,Thousand heads (animals),ES23,La Rioja,2025,,38.96,,,,,
dataflow,ESTAT:TGS00045(1.0),Animal populations by NUTS 2 region,A,Annual,A2000,Live bovine animals,THS_HD,Thousand heads (animals),ES24,Aragón,2014,,309.76,,,,,
dataflow,ESTAT:TGS00045(1.0),Animal populations by NUTS 2 region,A,Annual,A2000,Live bovine animals,THS_HD,Thousand heads (animals),ES24,Aragón,2015,,331.76,,,,,
dataflow,ESTAT:TGS00045(1.0),Animal populations by NUTS 2 region,A,Annual,A2000,Live bovine animals,THS_HD,Thousand heads (animals),ES24,Aragón,2016,,345.83,,,,,
dataflow,ESTAT:TGS00045(1.0),Animal populations by NUTS 2 region,A,Annual,A2000,Live bovine animals,THS_HD,Thousand heads (animals),ES24,Aragón,2017,,371.38,,,,,
dataflow,ESTAT:TGS00045(1.0),Animal populations by NUTS 2 region,A,Annual,A2000,Live bovine animals,THS_HD,Thousand heads (animals),ES24,Aragón,2018,,384.31,,,,,
dataflow,ESTAT:TGS00045(1.0),Animal populations by NUTS 2 region,A,Annual,A2000,Live bovine animals,THS_HD,Thousand heads (animals),ES24,Aragón,2019,,403.82,,,,,
dataflow,ESTAT:TGS00045(1.0),Animal populations by NUTS 2 region,A,Annual,A2000,Live bovine animals,THS_HD,Thousand heads (animals),ES24,Aragón,2020,,397.27,,,,,
dataflow,ESTAT:TGS00045(1.0),Animal populations by NUTS 2 region,A,Annual,A2000,Live bovine animals,THS_HD,Thousand heads (animals),ES24,Aragón,2021,,395.53,,,,,
dataflow,ESTAT:TGS00045(1.0),Animal populations by NUTS 2 region,A,Annual,A2000,Live bovine animals,THS_HD,Thousand heads (animals),ES24,Aragón,2022,,412.26,,,,,
dataflow,ESTAT:TGS00045(1.0),Animal populations by NUTS 2 region,A,Annual,A2000,Live bovine animals,THS_HD,Thousand heads (animals),ES24,Aragón,2023,,406.01,,,,,
dataflow,ESTAT:TGS00045(1.0),Animal populations by NUTS 2 region,A,Annual,A2000,Live bovine animals,THS_HD,Thousand heads (animals),ES24,Aragón,2024,,406.41,,,,,
dataflow,ESTAT:TGS00045(1.0),Animal populations by NUTS 2 region,A,Annual,A2000,Live bovine animals,THS_HD,Thousand heads (animals),ES24,Aragón,2025,,424.18,,,,,
dataflow,ESTAT:TGS00045(1.0),Animal populations by NUTS 2 region,A,Annual,A2000,Live bovine animals,THS_HD,Thousand heads (animals),ES30,Comunidad de Madrid,2014,,91.02,,,,,
dataflow,ESTAT:TGS00045(1.0),Animal populations by NUTS 2 region,A,Annual,A2000,Live bovine animals,THS_HD,Thousand heads (animals),ES30,Comunidad de Madrid,2015,,91.67,,,,,
dataflow,ESTAT:TGS00045(1.0),Animal populations by NUTS 2 region,A,Annual,A2000,Live bovine animals,THS_HD,Thousand heads (animals),ES30,Comunidad de Madrid,2016,,93.43,,,,,
dataflow,ESTAT:TGS00045(1.0),Animal populations by NUTS 2 region,A,Annual,A2000,Live bovine animals,THS_HD,Thousand heads (animals),ES30,Comunidad de Madrid,2017,,93.72,,,,,
dataflow,ESTAT:TGS00045(1.0),Animal populations by NUTS 2 region,A,Annual,A2000,Live bovine animals,THS_HD,Thousand heads (animals),ES30,Comunidad de Madrid,2018,,101.22,,,,,
dataflow,ESTAT:TGS00045(1.0),Animal populations by NUTS 2 region,A,Annual,A2000,Live bovine animals,THS_HD,Thousand heads (animals),ES30,Comunidad de Madrid,2019,,92.95,,,,,
dataflow,ESTAT:TGS00045(1.0),Animal populations by NUTS 2 region,A,Annual,A2000,Live bovine animals,THS_HD,Thousand heads (animals),ES30,Comunidad de Madrid,2020,,94.91,,,,,
dataflow,ESTAT:TGS00045(1.0),Animal populations by NUTS 2 region,A,Annual,A2000,Live bovine animals,THS_HD,Thousand heads (animals),ES30,Comunidad de Madrid,2021,,94.03,,,,,
dataflow,ESTAT:TGS00045(1.0),Animal populations by NUTS 2 region,A,Annual,A2000,Live bovine animals,THS_HD,Thousand heads (animals),ES30,Comunidad de Madrid,2022,,89.22,,,,,
dataflow,ESTAT:TGS00045(1.0),Animal populations by NUTS 2 region,A,Annual,A2000,Live bovine animals,THS_HD,Thousand heads (animals),ES30,Comunidad de Madrid,2023,,85.24,,,,,
dataflow,ESTAT:TGS00045(1.0),Animal populations by NUTS 2 region,A,Annual,A2000,Live bovine animals,THS_HD,Thousand heads (animals),ES30,Comunidad de Madrid,2024,,84.56,,,,,
dataflow,ESTAT:TGS00045(1.0),Animal populations by NUTS 2 region,A,Annual,A2000,Live bovine animals,THS_HD,Thousand heads (animals),ES30,Comunidad de Madrid,2025,,85.97,,,,,
dataflow,ESTAT:TGS00045(1.0),Animal populations by NUTS 2 region,A,Annual,A2000,Live bovine animals,THS_HD,Thousand heads (animals),ES41,Castilla y León,2014,,1282.29,,,,,
dataflow,ESTAT:TGS00045(1.0),Animal populations by NUTS 2 region,A,Annual,A2000,Live bovine animals,THS_HD,Thousand heads (animals),ES41,Castilla y León,2015,,1337.99,,,,,
dataflow,ESTAT:TGS00045(1.0),Animal populations by NUTS 2 region,A,Annual,A2000,Live bovine animals,THS_HD,Thousand heads (animals),ES41,Castilla y León,2016,,1372.58,,,,,
dataflow,ESTAT:TGS00045(1.0),Animal populations by NUTS 2 region,A,Annual,A2000,Live bovine animals,THS_HD,Thousand heads (animals),ES41,Castilla y León,2017,,1414.6,,,,,
dataflow,ESTAT:TGS00045(1.0),Animal populations by NUTS 2 region,A,Annual,A2000,Live bovine animals,THS_HD,Thousand heads (animals),ES41,Castilla y León,2018,,1422.68,,,,,
dataflow,ESTAT:TGS00045(1.0),Animal populations by NUTS 2 region,A,Annual,A2000,Live bovine animals,THS_HD,Thousand heads (animals),ES41,Castilla y León,2019,,1463.46,,,,,
dataflow,ESTAT:TGS00045(1.0),Animal populations by NUTS 2 region,A,Annual,A2000,Live bovine animals,THS_HD,Thousand heads (animals),ES41,Castilla y León,2020,,1475.32,,,,,
dataflow,ESTAT:TGS00045(1.0),Animal populations by NUTS 2 region,A,Annual,A2000,Live bovine animals,THS_HD,Thousand heads (animals),ES41,Castilla y León,2021,,1484.67,,,,,
dataflow,ESTAT:TGS00045(1.0),Animal populations by NUTS 2 region,A,Annual,A2000,Live bovine animals,THS_HD,Thousand heads (animals),ES41,Castilla y León,2022,,1454.39,,,,,
dataflow,ESTAT:TGS00045(1.0),Animal populations by NUTS 2 region,A,Annual,A2000,Live bovine animals,THS_HD,Thousand heads (animals),ES41,Castilla y León,2023,,1417.24,,,,,
dataflow,ESTAT:TGS00045(1.0),Animal populations by NUTS 2 region,A,Annual,A2000,Live bovine animals,THS_HD,Thousand heads (animals),ES41,Castilla y León,2024,,1376.16,,,,,
dataflow,ESTAT:TGS00045(1.0),Animal populations by NUTS 2 region,A,Annual,A2000,Live bovine animals,THS_HD,Thousand heads (animals),ES41,Castilla y León,2025,,1422.38,,,,,
dataflow,ESTAT:TGS00045(1.0),Animal populations by NUTS 2 region,A,Annual,A2000,Live bovine animals,THS_HD,Thousand heads (animals),ES42,Castilla-La Mancha,2014,,360.55,,,,,
dataflow,ESTAT:TGS00045(1.0),Animal populations by NUTS 2 region,A,Annual,A2000,Live bovine animals,THS_HD,Thousand heads (animals),ES42,Castilla-La Mancha,2015,,397.79,,,,,
dataflow,ESTAT:TGS00045(1.0),Animal populations by NUTS 2 region,A,Annual,A2000,Live bovine animals,THS_HD,Thousand heads (animals),ES42,Castilla-La Mancha,2016,,425.93,,,,,
dataflow,ESTAT:TGS00045(1.0),Animal populations by NUTS 2 region,A,Annual,A2000,Live bovine animals,THS_HD,Thousand heads (animals),ES42,Castilla-La Mancha,2017,,460.35,,,,,
dataflow,ESTAT:TGS00045(1.0),Animal populations by NUTS 2 region,A,Annual,A2000,Live bovine animals,THS_HD,Thousand heads (animals),ES42,Castilla-La Mancha,2018,,470.16,,,,,
dataflow,ESTAT:TGS00045(1.0),Animal populations by NUTS 2 region,A,Annual,A2000,Live bovine animals,THS_HD,Thousand heads (animals),ES42,Castilla-La Mancha,2019,,479.81,,,,,
dataflow,ESTAT:TGS00045(1.0),Animal populations by NUTS 2 region,A,Annual,A2000,Live bovine animals,THS_HD,Thousand heads (animals),ES42,Castilla-La Mancha,2020,,480.22,,,,,
dataflow,ESTAT:TGS00045(1.0),Animal populations by NUTS 2 region,A,Annual,A2000,Live bovine animals,THS_HD,Thousand heads (animals),ES42,Castilla-La Mancha,2021,,466.72,,,,,
dataflow,ESTAT:TGS00045(1.0),Animal populations by NUTS 2 region,A,Annual,A2000,Live bovine animals,THS_HD,Thousand heads (animals),ES42,Castilla-La Mancha,2022,,468.12,,,,,
dataflow,ESTAT:TGS00045(1.0),Animal populations by NUTS 2 region,A,Annual,A2000,Live bovine animals,THS_HD,Thousand heads (animals),ES42,Castilla-La Mancha,2023,,482.09,,,,,
dataflow,ESTAT:TGS00045(1.0),Animal populations by NUTS 2 region,A,Annual,A2000,Live bovine animals,THS_HD,Thousand heads (animals),ES42,Castilla-La Mancha,2024,,458.78,,,,,
dataflow,ESTAT:TGS00045(1.0),Animal populations by NUTS 2 region,A,Annual,A2000,Live bovine animals,THS_HD,Thousand heads (animals),ES42,Castilla-La Mancha,2025,,480.1,,,,,
dataflow,ESTAT:TGS00045(1.0),Animal populations by NUTS 2 region,A,Annual,A2000,Live bovine animals,THS_HD,Thousand heads (animals),ES43,Extremadura,2014,,782.88,,,,,
dataflow,ESTAT:TGS00045(1.0),Animal populations by NUTS 2 region,A,Annual,A2000,Live bovine animals,THS_HD,Thousand heads (animals),ES43,Extremadura,2015,,807.52,,,,,
dataflow,ESTAT:TGS00045(1.0),Animal populations by NUTS 2 region,A,Annual,A2000,Live bovine animals,THS_HD,Thousand heads (animals),ES43,Extremadura,2016,,833.25,,,,,
dataflow,ESTAT:TGS00045(1.0),Animal populations by NUTS 2 region,A,Annual,A2000,Live bovine animals,THS_HD,Thousand heads (animals),ES43,Extremadura,2017,,850.43,,,,,
dataflow,ESTAT:TGS00045(1.0),Animal populations by NUTS 2 region,A,Annual,A2000,Live bovine animals,THS_HD,Thousand heads (animals),ES43,Extremadura,2018,,842.26,,,,,
dataflow,ESTAT:TGS00045(1.0),Animal populations by NUTS 2 region,A,Annual,A2000,Live bovine animals,THS_HD,Thousand heads (animals),ES43,Extremadura,2019,,888.23,,,,,
dataflow,ESTAT:TGS00045(1.0),Animal populations by NUTS 2 region,A,Annual,A2000,Live bovine animals,THS_HD,Thousand heads (animals),ES43,Extremadura,2020,,890.2,,,,,
dataflow,ESTAT:TGS00045(1.0),Animal populations by NUTS 2 region,A,Annual,A2000,Live bovine animals,THS_HD,Thousand heads (animals),ES43,Extremadura,2021,,891.32,,,,,
dataflow,ESTAT:TGS00045(1.0),Animal populations by NUTS 2 region,A,Annual,A2000,Live bovine animals,THS_HD,Thousand heads (animals),ES43,Extremadura,2022,,860.84,,,,,
dataflow,ESTAT:TGS00045(1.0),Animal populations by NUTS 2 region,A,Annual,A2000,Live bovine animals,THS_HD,Thousand heads (animals),ES43,Extremadura,2023,,811.14,,,,,
dataflow,ESTAT:TGS00045(1.0),Animal populations by NUTS 2 region,A,Annual,A2000,Live bovine animals,THS_HD,Thousand heads (animals),ES43,Extremadura,2024,,812.3,,,,,
dataflow,ESTAT:TGS00045(1.0),Animal populations by NUTS 2 region,A,Annual,A2000,Live bovine animals,THS_HD,Thousand heads (animals),ES43,Extremadura,2025,,826.86,,,,,
dataflow,ESTAT:TGS00045(1.0),Animal populations by NUTS 2 region,A,Annual,A2000,Live bovine animals,THS_HD,Thousand heads (animals),ES51,Cataluña,2014,,586.42,,,,,
dataflow,ESTAT:TGS00045(1.0),Animal populations by NUTS 2 region,A,Annual,A2000,Live bovine animals,THS_HD,Thousand heads (animals),ES51,Cataluña,2015,,604.24,,,,,
dataflow,ESTAT:TGS00045(1.0),Animal populations by NUTS 2 region,A,Annual,A2000,Live bovine animals,THS_HD,Thousand heads (animals),ES51,Cataluña,2016,,620.18,,,,,
dataflow,ESTAT:TGS00045(1.0),Animal populations by NUTS 2 region,A,Annual,A2000,Live bovine animals,THS_HD,Thousand heads (animals),ES51,Cataluña,2017,,643.25,,,,,
dataflow,ESTAT:TGS00045(1.0),Animal populations by NUTS 2 region,A,Annual,A2000,Live bovine animals,THS_HD,Thousand heads (animals),ES51,Cataluña,2018,,664.83,,,,,
dataflow,ESTAT:TGS00045(1.0),Animal populations by NUTS 2 region,A,Annual,A2000,Live bovine animals,THS_HD,Thousand heads (animals),ES51,Cataluña,2019,,637.51,,,,,
dataflow,ESTAT:TGS00045(1.0),Animal populations by NUTS 2 region,A,Annual,A2000,Live bovine animals,THS_HD,Thousand heads (animals),ES51,Cataluña,2020,,650.9,,,,,
dataflow,ESTAT:TGS00045(1.0),Animal populations by NUTS 2 region,A,Annual,A2000,Live bovine animals,THS_HD,Thousand heads (animals),ES51,Cataluña,2021,,628.6,,,,,
dataflow,ESTAT:TGS00045(1.0),Animal populations by NUTS 2 region,A,Annual,A2000,Live bovine animals,THS_HD,Thousand heads (animals),ES51,Cataluña,2022,,581.57,,,,,
dataflow,ESTAT:TGS00045(1.0),Animal populations by NUTS 2 region,A,Annual,A2000,Live bovine animals,THS_HD,Thousand heads (animals),ES51,Cataluña,2023,,605.95,,,,,
dataflow,ESTAT:TGS00045(1.0),Animal populations by NUTS 2 region,A,Annual,A2000,Live bovine animals,THS_HD,Thousand heads (animals),ES51,Cataluña,2024,,604.27,,,,,
dataflow,ESTAT:TGS00045(1.0),Animal populations by NUTS 2 region,A,Annual,A2000,Live bovine animals,THS_HD,Thousand heads (animals),ES51,Cataluña,2025,,617.22,,,,,
dataflow,ESTAT:TGS00045(1.0),Animal populations by NUTS 2 region,A,Annual,A2000,Live bovine animals,THS_HD,Thousand heads (animals),ES52,Comunitat Valenciana,2014,,45.51,,,,,
dataflow,ESTAT:TGS00045(1.0),Animal populations by NUTS 2 region,A,Annual,A2000,Live bovine animals,THS_HD,Thousand heads (animals),ES52,Comunitat Valenciana,2015,,54.36,,,,,
dataflow,ESTAT:TGS00045(1.0),Animal populations by NUTS 2 region,A,Annual,A2000,Live bovine animals,THS_HD,Thousand heads (animals),ES52,Comunitat Valenciana,2016,,55.44,,,,,
dataflow,ESTAT:TGS00045(1.0),Animal populations by NUTS 2 region,A,Annual,A2000,Live bovine animals,THS_HD,Thousand heads (animals),ES52,Comunitat Valenciana,2017,,54.87,,,,,
dataflow,ESTAT:TGS00045(1.0),Animal populations by NUTS 2 region,A,Annual,A2000,Live bovine animals,THS_HD,Thousand heads (animals),ES52,Comunitat Valenciana,2018,,58.47,,,,,
dataflow,ESTAT:TGS00045(1.0),Animal populations by NUTS 2 region,A,Annual,A2000,Live bovine animals,THS_HD,Thousand heads (animals),ES52,Comunitat Valenciana,2019,,57.94,,,,,
dataflow,ESTAT:TGS00045(1.0),Animal populations by NUTS 2 region,A,Annual,A2000,Live bovine animals,THS_HD,Thousand heads (animals),ES52,Comunitat Valenciana,2020,,57.02,,,,,
dataflow,ESTAT:TGS00045(1.0),Animal populations by NUTS 2 region,A,Annual,A2000,Live bovine animals,THS_HD,Thousand heads (animals),ES52,Comunitat Valenciana,2021,,54.25,,,,,
dataflow,ESTAT:TGS00045(1.0),Animal populations by NUTS 2 region,A,Annual,A2000,Live bovine animals,THS_HD,Thousand heads (animals),ES52,Comunitat Valenciana,2022,,53.49,,,,,
dataflow,ESTAT:TGS00045(1.0),Animal populations by NUTS 2 region,A,Annual,A2000,Live bovine animals,THS_HD,Thousand heads (animals),ES52,Comunitat Valenciana,2023,,53.54,,,,,
dataflow,ESTAT:TGS00045(1.0),Animal populations by NUTS 2 region,A,Annual,A2000,Live bovine animals,THS_HD,Thousand heads (animals),ES52,Comunitat Valenciana,2024,,53.58,,,,,
dataflow,ESTAT:TGS00045(1.0),Animal populations by NUTS 2 region,A,Annual,A2000,Live bovine animals,THS_HD,Thousand heads (animals),ES52,Comunitat Valenciana,2025,,55.51,,,,,
dataflow,ESTAT:TGS00045(1.0),Animal populations by NUTS 2 region,A,Annual,A2000,Live bovine animals,THS_HD,Thousand heads (animals),ES53,Illes Balears,2014,,28.84,,,,,
dataflow,ESTAT:TGS00045(1.0),Animal populations by NUTS 2 region,A,Annual,A2000,Live bovine animals,THS_HD,Thousand heads (animals),ES53,Illes Balears,2015,,25.4,,,,,
dataflow,ESTAT:TGS00045(1.0),Animal populations by NUTS 2 region,A,Annual,A2000,Live bovine animals,THS_HD,Thousand heads (animals),ES53,Illes Balears,2016,,26.89,,,,,
dataflow,ESTAT:TGS00045(1.0),Animal populations by NUTS 2 region,A,Annual,A2000,Live bovine animals,THS_HD,Thousand heads (animals),ES53,Illes Balears,2017,,27.59,,,,,
dataflow,ESTAT:TGS00045(1.0),Animal populations by NUTS 2 region,A,Annual,A2000,Live bovine animals,THS_HD,Thousand heads (animals),ES53,Illes Balears,2018,,27.19,,,,,
dataflow,ESTAT:TGS00045(1.0),Animal populations by NUTS 2 region,A,Annual,A2000,Live bovine animals,THS_HD,Thousand heads (animals),ES53,Illes Balears,2019,,26.98,,,,,
dataflow,ESTAT:TGS00045(1.0),Animal populations by NUTS 2 region,A,Annual,A2000,Live bovine animals,THS_HD,Thousand heads (animals),ES53,Illes Balears,2020,,26.56,,,,,
dataflow,ESTAT:TGS00045(1.0),Animal populations by NUTS 2 region,A,Annual,A2000,Live bovine animals,THS_HD,Thousand heads (animals),ES53,Illes Balears,2021,,26.1,,,,,
dataflow,ESTAT:TGS00045(1.0),Animal populations by NUTS 2 region,A,Annual,A2000,Live bovine animals,THS_HD,Thousand heads (animals),ES53,Illes Balears,2022,,25.35,,,,,
dataflow,ESTAT:TGS00045(1.0),Animal populations by NUTS 2 region,A,Annual,A2000,Live bovine animals,THS_HD,Thousand heads (animals),ES53,Illes Balears,2023,,24.67,,,,,
dataflow,ESTAT:TGS00045(1.0),Animal populations by NUTS 2 region,A,Annual,A2000,Live bovine animals,THS_HD,Thousand heads (animals),ES53,Illes Balears,2024,,23.62,,,,,
dataflow,ESTAT:TGS00045(1.0),Animal populations by NUTS 2 region,A,Annual,A2000,Live bovine animals,THS_HD,Thousand heads (animals),ES53,Illes Balears,2025,,21.73,,,,,
dataflow,ESTAT:TGS00045(1.0),Animal populations by NUTS 2 region,A,Annual,A2000,Live bovine animals,THS_HD,Thousand heads (animals),ES61,Andalucía,2014,,540.98,,,,,
dataflow,ESTAT:TGS00045(1.0),Animal populations by NUTS 2 region,A,Annual,A2000,Live bovine animals,THS_HD,Thousand heads (animals),ES61,Andalucía,2015,,517.72,,,,,
dataflow,ESTAT:TGS00045(1.0),Animal populations by NUTS 2 region,A,Annual,A2000,Live bovine animals,THS_HD,Thousand heads (animals),ES61,Andalucía,2016,,519.97,,,,,
dataflow,ESTAT:TGS00045(1.0),Animal populations by NUTS 2 region,A,Annual,A2000,Live bovine animals,THS_HD,Thousand heads (animals),ES61,Andalucía,2017,,529.53,,,,,
dataflow,ESTAT:TGS00045(1.0),Animal populations by NUTS 2 region,A,Annual,A2000,Live bovine animals,THS_HD,Thousand heads (animals),ES61,Andalucía,2018,,533.32,,,,,
dataflow,ESTAT:TGS00045(1.0),Animal populations by NUTS 2 region,A,Annual,A2000,Live bovine animals,THS_HD,Thousand heads (animals),ES61,Andalucía,2019,,542.87,,,,,
dataflow,ESTAT:TGS00045(1.0),Animal populations by NUTS 2 region,A,Annual,A2000,Live bovine animals,THS_HD,Thousand heads (animals),ES61,Andalucía,2020,,544.26,,,,,
dataflow,ESTAT:TGS00045(1.0),Animal populations by NUTS 2 region,A,Annual,A2000,Live bovine animals,THS_HD,Thousand heads (animals),ES61,Andalucía,2021,,540.78,,,,,
dataflow,ESTAT:TGS00045(1.0),Animal populations by NUTS 2 region,A,Annual,A2000,Live bovine animals,THS_HD,Thousand heads (animals),ES61,Andalucía,2022,,513.12,,,,,
dataflow,ESTAT:TGS00045(1.0),Animal populations by NUTS 2 region,A,Annual,A2000,Live bovine animals,THS_HD,Thousand heads (animals),ES61,Andalucía,2023,,478,,,,,
dataflow,ESTAT:TGS00045(1.0),Animal populations by NUTS 2 region,A,Annual,A2000,Live bovine animals,THS_HD,Thousand heads (animals),ES61,Andalucía,2024,,472.59,,,,,
dataflow,ESTAT:TGS00045(1.0),Animal populations by NUTS 2 region,A,Annual,A2000,Live bovine animals,THS_HD,Thousand heads (animals),ES61,Andalucía,2025,,483.72,,,,,
dataflow,ESTAT:TGS00045(1.0),Animal populations by NUTS 2 region,A,Annual,A2000,Live bovine animals,THS_HD,Thousand heads (animals),ES62,Región de Murcia,2014,,67.04,,,,,
dataflow,ESTAT:TGS00045(1.0),Animal populations by NUTS 2 region,A,Annual,A2000,Live bovine animals,THS_HD,Thousand heads (animals),ES62,Región de Murcia,2015,,70.16,,,,,
dataflow,ESTAT:TGS00045(1.0),Animal populations by NUTS 2 region,A,Annual,A2000,Live bovine animals,THS_HD,Thousand heads (animals),ES62,Región de Murcia,2016,,77.45,,,,,
dataflow,ESTAT:TGS00045(1.0),Animal populations by NUTS 2 region,A,Annual,A2000,Live bovine animals,THS_HD,Thousand heads (animals),ES62,Región de Murcia,2017,,79.75,,,,,
dataflow,ESTAT:TGS00045(1.0),Animal populations by NUTS 2 region,A,Annual,A2000,Live bovine animals,THS_HD,Thousand heads (animals),ES62,Región de Murcia,2018,,84.94,,,,,
dataflow,ESTAT:TGS00045(1.0),Animal populations by NUTS 2 region,A,Annual,A2000,Live bovine animals,THS_HD,Thousand heads (animals),ES62,Región de Murcia,2019,,80.7,,,,,
dataflow,ESTAT:TGS00045(1.0),Animal populations by NUTS 2 region,A,Annual,A2000,Live bovine animals,THS_HD,Thousand heads (animals),ES62,Región de Murcia,2020,,83.86,,,,,
dataflow,ESTAT:TGS00045(1.0),Animal populations by NUTS 2 region,A,Annual,A2000,Live bovine animals,THS_HD,Thousand heads (animals),ES62,Región de Murcia,2021,,77.61,,,,,
dataflow,ESTAT:TGS00045(1.0),Animal populations by NUTS 2 region,A,Annual,A2000,Live bovine animals,THS_HD,Thousand heads (animals),ES62,Región de Murcia,2022,,77.21,,,,,
dataflow,ESTAT:TGS00045(1.0),Animal populations by NUTS 2 region,A,Annual,A2000,Live bovine animals,THS_HD,Thousand heads (animals),ES62,Región de Murcia,2023,,77.86,,,,,
dataflow,ESTAT:TGS00045(1.0),Animal populations by NUTS 2 region,A,Annual,A2000,Live bovine animals,THS_HD,Thousand heads (animals),ES62,Región de Murcia,2024,,76.56,,,,,
dataflow,ESTAT:TGS00045(1.0),Animal populations by NUTS 2 region,A,Annual,A2000,Live bovine animals,THS_HD,Thousand heads (animals),ES62,Región de Murcia,2025,,81.85,,,,,
dataflow,ESTAT:TGS00045(1.0),Animal populations by NUTS 2 region,A,Annual,A2000,Live bovine animals,THS_HD,Thousand heads (animals),ES63,Ciudad de Ceuta,2014,,0,,,,,
dataflow,ESTAT:TGS00045(1.0),Animal populations by NUTS 2 region,A,Annual,A2000,Live bovine animals,THS_HD,Thousand heads (animals),ES63,Ciudad de Ceuta,2015,,0,,,,,
dataflow,ESTAT:TGS00045(1.0),Animal populations by NUTS 2 region,A,Annual,A2000,Live bovine animals,THS_HD,Thousand heads (animals),ES63,Ciudad de Ceuta,2016,,0,,,,,
dataflow,ESTAT:TGS00045(1.0),Animal populations by NUTS 2 region,A,Annual,A2000,Live bovine animals,THS_HD,Thousand heads (animals),ES63,Ciudad de Ceuta,2017,,0,,,,,
dataflow,ESTAT:TGS00045(1.0),Animal populations by NUTS 2 region,A,Annual,A2000,Live bovine animals,THS_HD,Thousand heads (animals),ES63,Ciudad de Ceuta,2018,,0,,,,,
dataflow,ESTAT:TGS00045(1.0),Animal populations by NUTS 2 region,A,Annual,A2000,Live bovine animals,THS_HD,Thousand heads (animals),ES63,Ciudad de Ceuta,2019,,0,,,,,
dataflow,ESTAT:TGS00045(1.0),Animal populations by NUTS 2 region,A,Annual,A2000,Live bovine animals,THS_HD,Thousand heads (animals),ES63,Ciudad de Ceuta,2020,,0,,,,,
dataflow,ESTAT:TGS00045(1.0),Animal populations by NUTS 2 region,A,Annual,A2000,Live bovine animals,THS_HD,Thousand heads (animals),ES63,Ciudad de Ceuta,2021,,0,,,,,
dataflow,ESTAT:TGS00045(1.0),Animal populations by NUTS 2 region,A,Annual,A2000,Live bovine animals,THS_HD,Thousand heads (animals),ES63,Ciudad de Ceuta,2022,,0,,,,,
dataflow,ESTAT:TGS00045(1.0),Animal populations by NUTS 2 region,A,Annual,A2000,Live bovine animals,THS_HD,Thousand heads (animals),ES63,Ciudad de Ceuta,2023,,0,,,,,
dataflow,ESTAT:TGS00045(1.0),Animal populations by NUTS 2 region,A,Annual,A2000,Live bovine animals,THS_HD,Thousand heads (animals),ES63,Ciudad de Ceuta,2024,,0,,,,,
dataflow,ESTAT:TGS00045(1.0),Animal populations by NUTS 2 region,A,Annual,A2000,Live bovine animals,THS_HD,Thousand heads (animals),ES63,Ciudad de Ceuta,2025,,0,,,,,
dataflow,ESTAT:TGS00045(1.0),Animal populations by NUTS 2 region,A,Annual,A2000,Live bovine animals,THS_HD,Thousand heads (animals),ES64,Ciudad de Melilla,2014,,0,,,,,
dataflow,ESTAT:TGS00045(1.0),Animal populations by NUTS 2 region,A,Annual,A2000,Live bovine animals,THS_HD,Thousand heads (animals),ES64,Ciudad de Melilla,2015,,0,,,,,
dataflow,ESTAT:TGS00045(1.0),Animal populations by NUTS 2 region,A,Annual,A2000,Live bovine animals,THS_HD,Thousand heads (animals),ES64,Ciudad de Melilla,2016,,0,,,,,
dataflow,ESTAT:TGS00045(1.0),Animal populations by NUTS 2 region,A,Annual,A2000,Live bovine animals,THS_HD,Thousand heads (animals),ES64,Ciudad de Melilla,2017,,0,,,,,
dataflow,ESTAT:TGS00045(1.0),Animal populations by NUTS 2 region,A,Annual,A2000,Live bovine animals,THS_HD,Thousand heads (animals),ES64,Ciudad de Melilla,2018,,0,,,,,
dataflow,ESTAT:TGS00045(1.0),Animal populations by NUTS 2 region,A,Annual,A2000,Live bovine animals,THS_HD,Thousand heads (animals),ES64,Ciudad de Melilla,2019,,0,,,,,
dataflow,ESTAT:TGS00045(1.0),Animal populations by NUTS 2 region,A,Annual,A2000,Live bovine animals,THS_HD,Thousand heads (animals),ES64,Ciudad de Melilla,2020,,0,,,,,
dataflow,ESTAT:TGS00045(1.0),Animal populations by NUTS 2 region,A,Annual,A2000,Live bovine animals,THS_HD,Thousand heads (animals),ES64,Ciudad de Melilla,2021,,0,,,,,
dataflow,ESTAT:TGS00045(1.0),Animal populations by NUTS 2 region,A,Annual,A2000,Live bovine animals,THS_HD,Thousand heads (animals),ES64,Ciudad de Melilla,2022,,0,,,,,
dataflow,ESTAT:TGS00045(1.0),Animal populations by NUTS 2 region,A,Annual,A2000,Live bovine animals,THS_HD,Thousand heads (animals),ES64,Ciudad de Melilla,2023,,0,,,,,
dataflow,ESTAT:TGS00045(1.0),Animal populations by NUTS 2 region,A,Annual,A2000,Live bovine animals,THS_HD,Thousand heads (animals),ES64,Ciudad de Melilla,2024,,0,,,,,
dataflow,ESTAT:TGS00045(1.0),Animal populations by NUTS 2 region,A,Annual,A2000,Live bovine animals,THS_HD,Thousand heads (animals),ES64,Ciudad de Melilla,2025,,0,,,,,
dataflow,ESTAT:TGS00045(1.0),Animal populations by NUTS 2 region,A,Annual,A2000,Live bovine animals,THS_HD,Thousand heads (animals),ES70,Canarias,2014,,17.57,,,,,
dataflow,ESTAT:TGS00045(1.0),Animal populations by NUTS 2 region,A,Annual,A2000,Live bovine animals,THS_HD,Thousand heads (animals),ES70,Canarias,2015,,19.57,,,,,
dataflow,ESTAT:TGS00045(1.0),Animal populations by NUTS 2 region,A,Annual,A2000,Live bovine animals,THS_HD,Thousand heads (animals),ES70,Canarias,2016,,20.39,,,,,
dataflow,ESTAT:TGS00045(1.0),Animal populations by NUTS 2 region,A,Annual,A2000,Live bovine animals,THS_HD,Thousand heads (animals),ES70,Canarias,2017,,19.27,,,,,
dataflow,ESTAT:TGS00045(1.0),Animal populations by NUTS 2 region,A,Annual,A2000,Live bovine animals,THS_HD,Thousand heads (animals),ES70,Canarias,2018,,20,,,,,
dataflow,ESTAT:TGS00045(1.0),Animal populations by NUTS 2 region,A,Annual,A2000,Live bovine animals,THS_HD,Thousand heads (animals),ES70,Canarias,2019,,19.92,,,,,
dataflow,ESTAT:TGS00045(1.0),Animal populations by NUTS 2 region,A,Annual,A2000,Live bovine animals,THS_HD,Thousand heads (animals),ES70,Canarias,2020,,20.18,,,,,
dataflow,ESTAT:TGS00045(1.0),Animal populations by NUTS 2 region,A,Annual,A2000,Live bovine animals,THS_HD,Thousand heads (animals),ES70,Canarias,2021,,20.38,,,,,
dataflow,ESTAT:TGS00045(1.0),Animal populations by NUTS 2 region,A,Annual,A2000,Live bovine animals,THS_HD,Thousand heads (animals),ES70,Canarias,2022,,20.88,,,,,
dataflow,ESTAT:TGS00045(1.0),Animal populations by NUTS 2 region,A,Annual,A2000,Live bovine animals,THS_HD,Thousand heads (animals),ES70,Canarias,2023,,18.91,,,,,
dataflow,ESTAT:TGS00045(1.0),Animal populations by NUTS 2 region,A,Annual,A2000,Live bovine animals,THS_HD,Thousand heads (animals),ES70,Canarias,2024,,20.2,,,,,
dataflow,ESTAT:TGS00045(1.0),Animal populations by NUTS 2 region,A,Annual,A2000,Live bovine animals,THS_HD,Thousand heads (animals),ES70,Canarias,2025,,19.93,,,,,
dataflow,ESTAT:TGS00045(1.0),Animal populations by NUTS 2 region,A,Annual,A2000,Live bovine animals,THS_HD,Thousand heads (animals),FI19,Länsi-Suomi,2014,,293.01,,,,,
dataflow,ESTAT:TGS00045(1.0),Animal populations by NUTS 2 region,A,Annual,A2000,Live bovine animals,THS_HD,Thousand heads (animals),FI19,Länsi-Suomi,2015,,293.7,,,,,
dataflow,ESTAT:TGS00045(1.0),Animal populations by NUTS 2 region,A,Annual,A2000,Live bovine animals,THS_HD,Thousand heads (animals),FI19,Länsi-Suomi,2016,,290.41,,,,,
dataflow,ESTAT:TGS00045(1.0),Animal populations by NUTS 2 region,A,Annual,A2000,Live bovine animals,THS_HD,Thousand heads (animals),FI19,Länsi-Suomi,2017,,288.64,,,,,
dataflow,ESTAT:TGS00045(1.0),Animal populations by NUTS 2 region,A,Annual,A2000,Live bovine animals,THS_HD,Thousand heads (animals),FI19,Länsi-Suomi,2018,,284.88,,,,,
dataflow,ESTAT:TGS00045(1.0),Animal populations by NUTS 2 region,A,Annual,A2000,Live bovine animals,THS_HD,Thousand heads (animals),FI19,Länsi-Suomi,2019,,282.77,,,,,
dataflow,ESTAT:TGS00045(1.0),Animal populations by NUTS 2 region,A,Annual,A2000,Live bovine animals,THS_HD,Thousand heads (animals),FI19,Länsi-Suomi,2020,,282.41,,,,,
dataflow,ESTAT:TGS00045(1.0),Animal populations by NUTS 2 region,A,Annual,A2000,Live bovine animals,THS_HD,Thousand heads (animals),FI19,Länsi-Suomi,2021,,282.82,,,,,
dataflow,ESTAT:TGS00045(1.0),Animal populations by NUTS 2 region,A,Annual,A2000,Live bovine animals,THS_HD,Thousand heads (animals),FI19,Länsi-Suomi,2022,,283.21,,,,,
dataflow,ESTAT:TGS00045(1.0),Animal populations by NUTS 2 region,A,Annual,A2000,Live bovine animals,THS_HD,Thousand heads (animals),FI19,Länsi-Suomi,2023,,275.75,,,,,
dataflow,ESTAT:TGS00045(1.0),Animal populations by NUTS 2 region,A,Annual,A2000,Live bovine animals,THS_HD,Thousand heads (animals),FI19,Länsi-Suomi,2024,,263.8,,,,,
dataflow,ESTAT:TGS00045(1.0),Animal populations by NUTS 2 region,A,Annual,A2000,Live bovine animals,THS_HD,Thousand heads (animals),FI19,Länsi-Suomi,2025,,263.62,,,,,
dataflow,ESTAT:TGS00045(1.0),Animal populations by NUTS 2 region,A,Annual,A2000,Live bovine animals,THS_HD,Thousand heads (animals),FI1B,Helsinki-Uusimaa,2014,,22.56,,,,,
dataflow,ESTAT:TGS00045(1.0),Animal populations by NUTS 2 region,A,Annual,A2000,Live bovine animals,THS_HD,Thousand heads (animals),FI1B,Helsinki-Uusimaa,2015,,23.1,,,,,
dataflow,ESTAT:TGS00045(1.0),Animal populations by NUTS 2 region,A,Annual,A2000,Live bovine animals,THS_HD,Thousand heads (animals),FI1B,Helsinki-Uusimaa,2016,,22.28,,,,,
dataflow,ESTAT:TGS00045(1.0),Animal populations by NUTS 2 region,A,Annual,A2000,Live bovine animals,THS_HD,Thousand heads (animals),FI1B,Helsinki-Uusimaa,2017,,21.5,,,,,
dataflow,ESTAT:TGS00045(1.0),Animal populations by NUTS 2 region,A,Annual,A2000,Live bovine animals,THS_HD,Thousand heads (animals),FI1B,Helsinki-Uusimaa,2018,,20.76,,,,,
dataflow,ESTAT:TGS00045(1.0),Animal populations by NUTS 2 region,A,Annual,A2000,Live bovine animals,THS_HD,Thousand heads (animals),FI1B,Helsinki-Uusimaa,2019,,20.09,,,,,
dataflow,ESTAT:TGS00045(1.0),Animal populations by NUTS 2 region,A,Annual,A2000,Live bovine animals,THS_HD,Thousand heads (animals),FI1B,Helsinki-Uusimaa,2020,,20.23,,,,,
dataflow,ESTAT:TGS00045(1.0),Animal populations by NUTS 2 region,A,Annual,A2000,Live bovine animals,THS_HD,Thousand heads (animals),FI1B,Helsinki-Uusimaa,2021,,20.05,,,,,
dataflow,ESTAT:TGS00045(1.0),Animal populations by NUTS 2 region,A,Annual,A2000,Live bovine animals,THS_HD,Thousand heads (animals),FI1B,Helsinki-Uusimaa,2022,,19.97,,,,,
dataflow,ESTAT:TGS00045(1.0),Animal populations by NUTS 2 region,A,Annual,A2000,Live bovine animals,THS_HD,Thousand heads (animals),FI1B,Helsinki-Uusimaa,2023,,19.1,,,,,
dataflow,ESTAT:TGS00045(1.0),Animal populations by NUTS 2 region,A,Annual,A2000,Live bovine animals,THS_HD,Thousand heads (animals),FI1B,Helsinki-Uusimaa,2024,,18.2,,,,,
dataflow,ESTAT:TGS00045(1.0),Animal populations by NUTS 2 region,A,Annual,A2000,Live bovine animals,THS_HD,Thousand heads (animals),FI1B,Helsinki-Uusimaa,2025,,17.17,,,,,
dataflow,ESTAT:TGS00045(1.0),Animal populations by NUTS 2 region,A,Annual,A2000,Live bovine animals,THS_HD,Thousand heads (animals),FI1C,Etelä-Suomi,2014,,117.29,,,,,
dataflow,ESTAT:TGS00045(1.0),Animal populations by NUTS 2 region,A,Annual,A2000,Live bovine animals,THS_HD,Thousand heads (animals),FI1C,Etelä-Suomi,2015,,117.2,,,,,
dataflow,ESTAT:TGS00045(1.0),Animal populations by NUTS 2 region,A,Annual,A2000,Live bovine animals,THS_HD,Thousand heads (animals),FI1C,Etelä-Suomi,2016,,113.72,,,,,
dataflow,ESTAT:TGS00045(1.0),Animal populations by NUTS 2 region,A,Annual,A2000,Live bovine animals,THS_HD,Thousand heads (animals),FI1C,Etelä-Suomi,2017,,112.07,,,,,
dataflow,ESTAT:TGS00045(1.0),Animal populations by NUTS 2 region,A,Annual,A2000,Live bovine animals,THS_HD,Thousand heads (animals),FI1C,Etelä-Suomi,2018,,108.64,,,,,
dataflow,ESTAT:TGS00045(1.0),Animal populations by NUTS 2 region,A,Annual,A2000,Live bovine animals,THS_HD,Thousand heads (animals),FI1C,Etelä-Suomi,2019,,104.64,,,,,
dataflow,ESTAT:TGS00045(1.0),Animal populations by NUTS 2 region,A,Annual,A2000,Live bovine animals,THS_HD,Thousand heads (animals),FI1C,Etelä-Suomi,2020,,104.71,,,,,
dataflow,ESTAT:TGS00045(1.0),Animal populations by NUTS 2 region,A,Annual,A2000,Live bovine animals,THS_HD,Thousand heads (animals),FI1C,Etelä-Suomi,2021,,103.78,,,,,
dataflow,ESTAT:TGS00045(1.0),Animal populations by NUTS 2 region,A,Annual,A2000,Live bovine animals,THS_HD,Thousand heads (animals),FI1C,Etelä-Suomi,2022,,103.81,,,,,
dataflow,ESTAT:TGS00045(1.0),Animal populations by NUTS 2 region,A,Annual,A2000,Live bovine animals,THS_HD,Thousand heads (animals),FI1C,Etelä-Suomi,2023,,101.85,,,,,
dataflow,ESTAT:TGS00045(1.0),Animal populations by NUTS 2 region,A,Annual,A2000,Live bovine animals,THS_HD,Thousand heads (animals),FI1C,Etelä-Suomi,2024,,96.8,,,,,
dataflow,ESTAT:TGS00045(1.0),Animal populations by NUTS 2 region,A,Annual,A2000,Live bovine animals,THS_HD,Thousand heads (animals),FI1C,Etelä-Suomi,2025,,93.46,,,,,
dataflow,ESTAT:TGS00045(1.0),Animal populations by NUTS 2 region,A,Annual,A2000,Live bovine animals,THS_HD,Thousand heads (animals),FI1D,Pohjois- ja Itä-Suomi,2014,,466.04,,,,,
dataflow,ESTAT:TGS00045(1.0),Animal populations by NUTS 2 region,A,Annual,A2000,Live bovine animals,THS_HD,Thousand heads (animals),FI1D,Pohjois- ja Itä-Suomi,2015,,460.5,,,,,
dataflow,ESTAT:TGS00045(1.0),Animal populations by NUTS 2 region,A,Annual,A2000,Live bovine animals,THS_HD,Thousand heads (animals),FI1D,Pohjois- ja Itä-Suomi,2016,,451.76,,,,,
dataflow,ESTAT:TGS00045(1.0),Animal populations by NUTS 2 region,A,Annual,A2000,Live bovine animals,THS_HD,Thousand heads (animals),FI1D,Pohjois- ja Itä-Suomi,2017,,443.52,,,,,
dataflow,ESTAT:TGS00045(1.0),Animal populations by NUTS 2 region,A,Annual,A2000,Live bovine animals,THS_HD,Thousand heads (animals),FI1D,Pohjois- ja Itä-Suomi,2018,,436.97,,,,,
dataflow,ESTAT:TGS00045(1.0),Animal populations by NUTS 2 region,A,Annual,A2000,Live bovine animals,THS_HD,Thousand heads (animals),FI1D,Pohjois- ja Itä-Suomi,2019,,425.19,,,,,
dataflow,ESTAT:TGS00045(1.0),Animal populations by NUTS 2 region,A,Annual,A2000,Live bovine animals,THS_HD,Thousand heads (animals),FI1D,Pohjois- ja Itä-Suomi,2020,,419.54,,,,,
dataflow,ESTAT:TGS00045(1.0),Animal populations by NUTS 2 region,A,Annual,A2000,Live bovine animals,THS_HD,Thousand heads (animals),FI1D,Pohjois- ja Itä-Suomi,2021,,415.14,,,,,
dataflow,ESTAT:TGS00045(1.0),Animal populations by NUTS 2 region,A,Annual,A2000,Live bovine animals,THS_HD,Thousand heads (animals),FI1D,Pohjois- ja Itä-Suomi,2022,,406.96,,,,,
dataflow,ESTAT:TGS00045(1.0),Animal populations by NUTS 2 region,A,Annual,A2000,Live bovine animals,THS_HD,Thousand heads (animals),FI1D,Pohjois- ja Itä-Suomi,2023,,394.2,,,,,
dataflow,ESTAT:TGS00045(1.0),Animal populations by NUTS 2 region,A,Annual,A2000,Live bovine animals,THS_HD,Thousand heads (animals),FI1D,Pohjois- ja Itä-Suomi,2024,,377.88,,,,,
dataflow,ESTAT:TGS00045(1.0),Animal populations by NUTS 2 region,A,Annual,A2000,Live bovine animals,THS_HD,Thousand heads (animals),FI1D,Pohjois- ja Itä-Suomi,2025,,370.77,,,,,
dataflow,ESTAT:TGS00045(1.0),Animal populations by NUTS 2 region,A,Annual,A2000,Live bovine animals,THS_HD,Thousand heads (animals),FI20,Åland,2014,,8.5,,,,,
dataflow,ESTAT:TGS00045(1.0),Animal populations by NUTS 2 region,A,Annual,A2000,Live bovine animals,THS_HD,Thousand heads (animals),FI20,Åland,2015,,8.9,,,,,
dataflow,ESTAT:TGS00045(1.0),Animal populations by NUTS 2 region,A,Annual,A2000,Live bovine animals,THS_HD,Thousand heads (animals),FI20,Åland,2016,,9.09,,,,,
dataflow,ESTAT:TGS00045(1.0),Animal populations by NUTS 2 region,A,Annual,A2000,Live bovine animals,THS_HD,Thousand heads (animals),FI20,Åland,2017,,8.78,,,,,
dataflow,ESTAT:TGS00045(1.0),Animal populations by NUTS 2 region,A,Annual,A2000,Live bovine animals,THS_HD,Thousand heads (animals),FI20,Åland,2018,,8.14,,,,,
dataflow,ESTAT:TGS00045(1.0),Animal populations by NUTS 2 region,A,Annual,A2000,Live bovine animals,THS_HD,Thousand heads (animals),FI20,Åland,2019,,8.04,,,,,
dataflow,ESTAT:TGS00045(1.0),Animal populations by NUTS 2 region,A,Annual,A2000,Live bovine animals,THS_HD,Thousand heads (animals),FI20,Åland,2020,,8.49,,,,,
dataflow,ESTAT:TGS00045(1.0),Animal populations by NUTS 2 region,A,Annual,A2000,Live bovine animals,THS_HD,Thousand heads (animals),FI20,Åland,2021,,8.19,,,,,
dataflow,ESTAT:TGS00045(1.0),Animal populations by NUTS 2 region,A,Annual,A2000,Live bovine animals,THS_HD,Thousand heads (animals),FI20,Åland,2022,,8.02,,,,,
dataflow,ESTAT:TGS00045(1.0),Animal populations by NUTS 2 region,A,Annual,A2000,Live bovine animals,THS_HD,Thousand heads (animals),FI20,Åland,2023,,7.75,,,,,
dataflow,ESTAT:TGS00045(1.0),Animal populations by NUTS 2 region,A,Annual,A2000,Live bovine animals,THS_HD,Thousand heads (animals),FI20,Åland,2024,,7.36,,,,,
dataflow,ESTAT:TGS00045(1.0),Animal populations by NUTS 2 region,A,Annual,A2000,Live bovine animals,THS_HD,Thousand heads (animals),FI20,Åland,2025,,7.12,,,,,
dataflow,ESTAT:TGS00045(1.0),Animal populations by NUTS 2 region,A,Annual,A2000,Live bovine animals,THS_HD,Thousand heads (animals),FR10,Ile de France,2014,,28,,,,,
dataflow,ESTAT:TGS00045(1.0),Animal populations by NUTS 2 region,A,Annual,A2000,Live bovine animals,THS_HD,Thousand heads (animals),FR10,Ile de France,2015,,29,,,,,
dataflow,ESTAT:TGS00045(1.0),Animal populations by NUTS 2 region,A,Annual,A2000,Live bovine animals,THS_HD,Thousand heads (animals),FR10,Ile de France,2016,,27,,,,,
dataflow,ESTAT:TGS00045(1.0),Animal populations by NUTS 2 region,A,Annual,A2000,Live bovine animals,THS_HD,Thousand heads (animals),FR10,Ile de France,2017,,26.58,,,,,
dataflow,ESTAT:TGS00045(1.0),Animal populations by NUTS 2 region,A,Annual,A2000,Live bovine animals,THS_HD,Thousand heads (animals),FR10,Ile de France,2018,,26.34,,,,,
dataflow,ESTAT:TGS00045(1.0),Animal populations by NUTS 2 region,A,Annual,A2000,Live bovine animals,THS_HD,Thousand heads (animals),FR10,Ile de France,2019,,25.17,,,,,
dataflow,ESTAT:TGS00045(1.0),Animal populations by NUTS 2 region,A,Annual,A2000,Live bovine animals,THS_HD,Thousand heads (animals),FR10,Ile de France,2020,,24.36,,,,,
dataflow,ESTAT:TGS00045(1.0),Animal populations by NUTS 2 region,A,Annual,A2000,Live bovine animals,THS_HD,Thousand heads (animals),FR10,Ile de France,2021,,24.05,,,,,
dataflow,ESTAT:TGS00045(1.0),Animal populations by NUTS 2 region,A,Annual,A2000,Live bovine animals,THS_HD,Thousand heads (animals),FR10,Ile de France,2022,,23.41,,,,,
dataflow,ESTAT:TGS00045(1.0),Animal populations by NUTS 2 region,A,Annual,A2000,Live bovine animals,THS_HD,Thousand heads (animals),FR10,Ile de France,2023,,22.5,,,,,
dataflow,ESTAT:TGS00045(1.0),Animal populations by NUTS 2 region,A,Annual,A2000,Live bovine animals,THS_HD,Thousand heads (animals),FR10,Ile de France,2024,,21.24,,,,,
dataflow,ESTAT:TGS00045(1.0),Animal populations by NUTS 2 region,A,Annual,A2000,Live bovine animals,THS_HD,Thousand heads (animals),FR10,Ile de France,2025,,20.54,,,,,
dataflow,ESTAT:TGS00045(1.0),Animal populations by NUTS 2 region,A,Annual,A2000,Live bovine animals,THS_HD,Thousand heads (animals),FR30,Nord-Pas-de-Calais (NUTS 2013),2014,,709,,,,,
dataflow,ESTAT:TGS00045(1.0),Animal populations by NUTS 2 region,A,Annual,A2000,Live bovine animals,THS_HD,Thousand heads (animals),FR30,Nord-Pas-de-Calais (NUTS 2013),2015,,710,,,,,
dataflow,ESTAT:TGS00045(1.0),Animal populations by NUTS 2 region,A,Annual,A2000,Live bovine animals,THS_HD,Thousand heads (animals),FR30,Nord-Pas-de-Calais (NUTS 2013),2016,,694,,,,,
dataflow,ESTAT:TGS00045(1.0),Animal populations by NUTS 2 region,A,Annual,A2000,Live bovine animals,THS_HD,Thousand heads (animals),FRB0,Centre — Val de Loire,2014,,612,,,,,
dataflow,ESTAT:TGS00045(1.0),Animal populations by NUTS 2 region,A,Annual,A2000,Live bovine animals,THS_HD,Thousand heads (animals),FRB0,Centre — Val de Loire,2015,,628,,,,,
dataflow,ESTAT:TGS00045(1.0),Animal populations by NUTS 2 region,A,Annual,A2000,Live bovine animals,THS_HD,Thousand heads (animals),FRB0,Centre — Val de Loire,2016,,606,,,,,
dataflow,ESTAT:TGS00045(1.0),Animal populations by NUTS 2 region,A,Annual,A2000,Live bovine animals,THS_HD,Thousand heads (animals),FRB0,Centre — Val de Loire,2017,,599.68,,,,,
dataflow,ESTAT:TGS00045(1.0),Animal populations by NUTS 2 region,A,Annual,A2000,Live bovine animals,THS_HD,Thousand heads (animals),FRB0,Centre — Val de Loire,2018,,590.76,,,,,
dataflow,ESTAT:TGS00045(1.0),Animal populations by NUTS 2 region,A,Annual,A2000,Live bovine animals,THS_HD,Thousand heads (animals),FRB0,Centre — Val de Loire,2019,,576.09,,,,,
dataflow,ESTAT:TGS00045(1.0),Animal populations by NUTS 2 region,A,Annual,A2000,Live bovine animals,THS_HD,Thousand heads (animals),FRB0,Centre — Val de Loire,2020,,573.09,,,,,
dataflow,ESTAT:TGS00045(1.0),Animal populations by NUTS 2 region,A,Annual,A2000,Live bovine animals,THS_HD,Thousand heads (animals),FRB0,Centre — Val de Loire,2021,,558.25,,,,,
dataflow,ESTAT:TGS00045(1.0),Animal populations by NUTS 2 region,A,Annual,A2000,Live bovine animals,THS_HD,Thousand heads (animals),FRB0,Centre — Val de Loire,2022,,547.76,,,,,
dataflow,ESTAT:TGS00045(1.0),Animal populations by NUTS 2 region,A,Annual,A2000,Live bovine animals,THS_HD,Thousand heads (animals),FRB0,Centre — Val de Loire,2023,,542.41,,,,,
dataflow,ESTAT:TGS00045(1.0),Animal populations by NUTS 2 region,A,Annual,A2000,Live bovine animals,THS_HD,Thousand heads (animals),FRB0,Centre — Val de Loire,2024,,529.59,,,,,
dataflow,ESTAT:TGS00045(1.0),Animal populations by NUTS 2 region,A,Annual,A2000,Live bovine animals,THS_HD,Thousand heads (animals),FRB0,Centre — Val de Loire,2025,,510.25,,,,,
dataflow,ESTAT:TGS00045(1.0),Animal populations by NUTS 2 region,A,Annual,A2000,Live bovine animals,THS_HD,Thousand heads (animals),FRC1,Bourgogne,2014,,1348,,,,,
dataflow,ESTAT:TGS00045(1.0),Animal populations by NUTS 2 region,A,Annual,A2000,Live bovine animals,THS_HD,Thousand heads (animals),FRC1,Bourgogne,2015,,1374,,,,,
dataflow,ESTAT:TGS00045(1.0),Animal populations by NUTS 2 region,A,Annual,A2000,Live bovine animals,THS_HD,Thousand heads (animals),FRC1,Bourgogne,2016,,1319,,,,,
dataflow,ESTAT:TGS00045(1.0),Animal populations by NUTS 2 region,A,Annual,A2000,Live bovine animals,THS_HD,Thousand heads (animals),FRC1,Bourgogne,2017,,1321.31,,,,,
dataflow,ESTAT:TGS00045(1.0),Animal populations by NUTS 2 region,A,Annual,A2000,Live bovine animals,THS_HD,Thousand heads (animals),FRC1,Bourgogne,2018,,1292.93,,,,,
dataflow,ESTAT:TGS00045(1.0),Animal populations by NUTS 2 region,A,Annual,A2000,Live bovine animals,THS_HD,Thousand heads (animals),FRC1,Bourgogne,2019,,1269.33,,,,,
dataflow,ESTAT:TGS00045(1.0),Animal populations by NUTS 2 region,A,Annual,A2000,Live bovine animals,THS_HD,Thousand heads (animals),FRC1,Bourgogne,2020,,1257.15,,,,,
dataflow,ESTAT:TGS00045(1.0),Animal populations by NUTS 2 region,A,Annual,A2000,Live bovine animals,THS_HD,Thousand heads (animals),FRC1,Bourgogne,2021,,1231.66,,,,,
dataflow,ESTAT:TGS00045(1.0),Animal populations by NUTS 2 region,A,Annual,A2000,Live bovine animals,THS_HD,Thousand heads (animals),FRC1,Bourgogne,2022,,1223.22,,,,,
dataflow,ESTAT:TGS00045(1.0),Animal populations by NUTS 2 region,A,Annual,A2000,Live bovine animals,THS_HD,Thousand heads (animals),FRC1,Bourgogne,2023,,1218.79,,,,,
dataflow,ESTAT:TGS00045(1.0),Animal populations by NUTS 2 region,A,Annual,A2000,Live bovine animals,THS_HD,Thousand heads (animals),FRC1,Bourgogne,2024,,1194.28,,,,,
dataflow,ESTAT:TGS00045(1.0),Animal populations by NUTS 2 region,A,Annual,A2000,Live bovine animals,THS_HD,Thousand heads (animals),FRC1,Bourgogne,2025,,1167.93,,,,,
dataflow,ESTAT:TGS00045(1.0),Animal populations by NUTS 2 region,A,Annual,A2000,Live bovine animals,THS_HD,Thousand heads (animals),FRC2,Franche-Comté,2014,,625,,,,,
dataflow,ESTAT:TGS00045(1.0),Animal populations by NUTS 2 region,A,Annual,A2000,Live bovine animals,THS_HD,Thousand heads (animals),FRC2,Franche-Comté,2015,,637,,,,,
dataflow,ESTAT:TGS00045(1.0),Animal populations by NUTS 2 region,A,Annual,A2000,Live bovine animals,THS_HD,Thousand heads (animals),FRC2,Franche-Comté,2016,,634,,,,,
dataflow,ESTAT:TGS00045(1.0),Animal populations by NUTS 2 region,A,Annual,A2000,Live bovine animals,THS_HD,Thousand heads (animals),FRC2,Franche-Comté,2017,,642.5,,,,,
dataflow,ESTAT:TGS00045(1.0),Animal populations by NUTS 2 region,A,Annual,A2000,Live bovine animals,THS_HD,Thousand heads (animals),FRC2,Franche-Comté,2018,,621.14,,,,,
dataflow,ESTAT:TGS00045(1.0),Animal populations by NUTS 2 region,A,Annual,A2000,Live bovine animals,THS_HD,Thousand heads (animals),FRC2,Franche-Comté,2019,,611.44,,,,,
dataflow,ESTAT:TGS00045(1.0),Animal populations by NUTS 2 region,A,Annual,A2000,Live bovine animals,THS_HD,Thousand heads (animals),FRC2,Franche-Comté,2020,,600.36,,,,,
dataflow,ESTAT:TGS00045(1.0),Animal populations by NUTS 2 region,A,Annual,A2000,Live bovine animals,THS_HD,Thousand heads (animals),FRC2,Franche-Comté,2021,,593.2,,,,,
dataflow,ESTAT:TGS00045(1.0),Animal populations by NUTS 2 region,A,Annual,A2000,Live bovine animals,THS_HD,Thousand heads (animals),FRC2,Franche-Comté,2022,,585.58,,,,,
dataflow,ESTAT:TGS00045(1.0),Animal populations by NUTS 2 region,A,Annual,A2000,Live bovine animals,THS_HD,Thousand heads (animals),FRC2,Franche-Comté,2023,,591.73,,,,,
dataflow,ESTAT:TGS00045(1.0),Animal populations by NUTS 2 region,A,Annual,A2000,Live bovine animals,THS_HD,Thousand heads (animals),FRC2,Franche-Comté,2024,,588.18,,,,,
dataflow,ESTAT:TGS00045(1.0),Animal populations by NUTS 2 region,A,Annual,A2000,Live bovine animals,THS_HD,Thousand heads (animals),FRC2,Franche-Comté,2025,,597.46,,,,,
dataflow,ESTAT:TGS00045(1.0),Animal populations by NUTS 2 region,A,Annual,A2000,Live bovine animals,THS_HD,Thousand heads (animals),FRD1,Basse-Normandie,2014,,1619,,,,,
dataflow,ESTAT:TGS00045(1.0),Animal populations by NUTS 2 region,A,Annual,A2000,Live bovine animals,THS_HD,Thousand heads (animals),FRD1,Basse-Normandie,2015,,1627,,,,,
dataflow,ESTAT:TGS00045(1.0),Animal populations by NUTS 2 region,A,Annual,A2000,Live bovine animals,THS_HD,Thousand heads (animals),FRD1,Basse-Normandie,2016,,1595,,,,,
dataflow,ESTAT:TGS00045(1.0),Animal populations by NUTS 2 region,A,Annual,A2000,Live bovine animals,THS_HD,Thousand heads (animals),FRD1,Basse-Normandie,2017,,1608.28,,,,,
dataflow,ESTAT:TGS00045(1.0),Animal populations by NUTS 2 region,A,Annual,A2000,Live bovine animals,THS_HD,Thousand heads (animals),FRD1,Basse-Normandie,2018,,1585.38,,,,,
dataflow,ESTAT:TGS00045(1.0),Animal populations by NUTS 2 region,A,Annual,A2000,Live bovine animals,THS_HD,Thousand heads (animals),FRD1,Basse-Normandie,2019,,1562.79,,,,,
dataflow,ESTAT:TGS00045(1.0),Animal populations by NUTS 2 region,A,Annual,A2000,Live bovine animals,THS_HD,Thousand heads (animals),FRD1,Basse-Normandie,2020,,1536.06,,,,,
dataflow,ESTAT:TGS00045(1.0),Animal populations by NUTS 2 region,A,Annual,A2000,Live bovine animals,THS_HD,Thousand heads (animals),FRD1,Basse-Normandie,2021,,1486.06,,,,,
dataflow,ESTAT:TGS00045(1.0),Animal populations by NUTS 2 region,A,Annual,A2000,Live bovine animals,THS_HD,Thousand heads (animals),FRD1,Basse-Normandie,2022,,1473.61,,,,,
dataflow,ESTAT:TGS00045(1.0),Animal populations by NUTS 2 region,A,Annual,A2000,Live bovine animals,THS_HD,Thousand heads (animals),FRD1,Basse-Normandie,2023,,1459.53,,,,,
dataflow,ESTAT:TGS00045(1.0),Animal populations by NUTS 2 region,A,Annual,A2000,Live bovine animals,THS_HD,Thousand heads (animals),FRD1,Basse-Normandie,2024,,1434.57,,,,,
dataflow,ESTAT:TGS00045(1.0),Animal populations by NUTS 2 region,A,Annual,A2000,Live bovine animals,THS_HD,Thousand heads (animals),FRD1,Basse-Normandie,2025,,1403.07,,,,,
dataflow,ESTAT:TGS00045(1.0),Animal populations by NUTS 2 region,A,Annual,A2000,Live bovine animals,THS_HD,Thousand heads (animals),FRD2,Haute-Normandie,2014,,601,,,,,
dataflow,ESTAT:TGS00045(1.0),Animal populations by NUTS 2 region,A,Annual,A2000,Live bovine animals,THS_HD,Thousand heads (animals),FRD2,Haute-Normandie,2015,,593,,,,,
dataflow,ESTAT:TGS00045(1.0),Animal populations by NUTS 2 region,A,Annual,A2000,Live bovine animals,THS_HD,Thousand heads (animals),FRD2,Haute-Normandie,2016,,577,,,,,
dataflow,ESTAT:TGS00045(1.0),Animal populations by NUTS 2 region,A,Annual,A2000,Live bovine animals,THS_HD,Thousand heads (animals),FRD2,Haute-Normandie,2017,,575.5,,,,,
dataflow,ESTAT:TGS00045(1.0),Animal populations by NUTS 2 region,A,Annual,A2000,Live bovine animals,THS_HD,Thousand heads (animals),FRD2,Haute-Normandie,2018,,563.61,,,,,
dataflow,ESTAT:TGS00045(1.0),Animal populations by NUTS 2 region,A,Annual,A2000,Live bovine animals,THS_HD,Thousand heads (animals),FRD2,Haute-Normandie,2019,,552.58,,,,,
dataflow,ESTAT:TGS00045(1.0),Animal populations by NUTS 2 region,A,Annual,A2000,Live bovine animals,THS_HD,Thousand heads (animals),FRD2,Haute-Normandie,2020,,536.51,,,,,
dataflow,ESTAT:TGS00045(1.0),Animal populations by NUTS 2 region,A,Annual,A2000,Live bovine animals,THS_HD,Thousand heads (animals),FRD2,Haute-Normandie,2021,,516.69,,,,,
dataflow,ESTAT:TGS00045(1.0),Animal populations by NUTS 2 region,A,Annual,A2000,Live bovine animals,THS_HD,Thousand heads (animals),FRD2,Haute-Normandie,2022,,511.26,,,,,
dataflow,ESTAT:TGS00045(1.0),Animal populations by NUTS 2 region,A,Annual,A2000,Live bovine animals,THS_HD,Thousand heads (animals),FRD2,Haute-Normandie,2023,,504.88,,,,,
dataflow,ESTAT:TGS00045(1.0),Animal populations by NUTS 2 region,A,Annual,A2000,Live bovine animals,THS_HD,Thousand heads (animals),FRD2,Haute-Normandie,2024,,489.46,,,,,
dataflow,ESTAT:TGS00045(1.0),Animal populations by NUTS 2 region,A,Annual,A2000,Live bovine animals,THS_HD,Thousand heads (animals),FRD2,Haute-Normandie,2025,,474.27,,,,,
dataflow,ESTAT:TGS00045(1.0),Animal populations by NUTS 2 region,A,Annual,A2000,Live bovine animals,THS_HD,Thousand heads (animals),FRE1,Nord-Pas de Calais,2014,,709,,,,,
dataflow,ESTAT:TGS00045(1.0),Animal populations by NUTS 2 region,A,Annual,A2000,Live bovine animals,THS_HD,Thousand heads (animals),FRE1,Nord-Pas de Calais,2015,,710,,,,,
dataflow,ESTAT:TGS00045(1.0),Animal populations by NUTS 2 region,A,Annual,A2000,Live bovine animals,THS_HD,Thousand heads (animals),FRE1,Nord-Pas de Calais,2016,,694,,,,,
dataflow,ESTAT:TGS00045(1.0),Animal populations by NUTS 2 region,A,Annual,A2000,Live bovine animals,THS_HD,Thousand heads (animals),FRE1,Nord-Pas de Calais,2017,,694.01,,,,,
dataflow,ESTAT:TGS00045(1.0),Animal populations by NUTS 2 region,A,Annual,A2000,Live bovine animals,THS_HD,Thousand heads (animals),FRE1,Nord-Pas de Calais,2018,,687.51,,,,,
dataflow,ESTAT:TGS00045(1.0),Animal populations by NUTS 2 region,A,Annual,A2000,Live bovine animals,THS_HD,Thousand heads (animals),FRE1,Nord-Pas de Calais,2019,,681.25,,,,,
dataflow,ESTAT:TGS00045(1.0),Animal populations by NUTS 2 region,A,Annual,A2000,Live bovine animals,THS_HD,Thousand heads (animals),FRE1,Nord-Pas de Calais,2020,,671.97,,,,,
dataflow,ESTAT:TGS00045(1.0),Animal populations by NUTS 2 region,A,Annual,A2000,Live bovine animals,THS_HD,Thousand heads (animals),FRE1,Nord-Pas de Calais,2021,,655.13,,,,,
dataflow,ESTAT:TGS00045(1.0),Animal populations by NUTS 2 region,A,Annual,A2000,Live bovine animals,THS_HD,Thousand heads (animals),FRE1,Nord-Pas de Calais,2022,,652.42,,,,,
dataflow,ESTAT:TGS00045(1.0),Animal populations by NUTS 2 region,A,Annual,A2000,Live bovine animals,THS_HD,Thousand heads (animals),FRE1,Nord-Pas de Calais,2023,,647.17,,,,,
dataflow,ESTAT:TGS00045(1.0),Animal populations by NUTS 2 region,A,Annual,A2000,Live bovine animals,THS_HD,Thousand heads (animals),FRE1,Nord-Pas de Calais,2024,,630.79,,,,,
dataflow,ESTAT:TGS00045(1.0),Animal populations by NUTS 2 region,A,Annual,A2000,Live bovine animals,THS_HD,Thousand heads (animals),FRE1,Nord-Pas de Calais,2025,,620.14,,,,,
dataflow,ESTAT:TGS00045(1.0),Animal populations by NUTS 2 region,A,Annual,A2000,Live bovine animals,THS_HD,Thousand heads (animals),FRE2,Picardie,2014,,533,,,,,
dataflow,ESTAT:TGS00045(1.0),Animal populations by NUTS 2 region,A,Annual,A2000,Live bovine animals,THS_HD,Thousand heads (animals),FRE2,Picardie,2015,,529,,,,,
dataflow,ESTAT:TGS00045(1.0),Animal populations by NUTS 2 region,A,Annual,A2000,Live bovine animals,THS_HD,Thousand heads (animals),FRE2,Picardie,2016,,513,,,,,
dataflow,ESTAT:TGS00045(1.0),Animal populations by NUTS 2 region,A,Annual,A2000,Live bovine animals,THS_HD,Thousand heads (animals),FRE2,Picardie,2017,,505.25,,,,,
dataflow,ESTAT:TGS00045(1.0),Animal populations by NUTS 2 region,A,Annual,A2000,Live bovine animals,THS_HD,Thousand heads (animals),FRE2,Picardie,2018,,492.31,,,,,
dataflow,ESTAT:TGS00045(1.0),Animal populations by NUTS 2 region,A,Annual,A2000,Live bovine animals,THS_HD,Thousand heads (animals),FRE2,Picardie,2019,,487.08,,,,,
dataflow,ESTAT:TGS00045(1.0),Animal populations by NUTS 2 region,A,Annual,A2000,Live bovine animals,THS_HD,Thousand heads (animals),FRE2,Picardie,2020,,479.38,,,,,
dataflow,ESTAT:TGS00045(1.0),Animal populations by NUTS 2 region,A,Annual,A2000,Live bovine animals,THS_HD,Thousand heads (animals),FRE2,Picardie,2021,,464.09,,,,,
dataflow,ESTAT:TGS00045(1.0),Animal populations by NUTS 2 region,A,Annual,A2000,Live bovine animals,THS_HD,Thousand heads (animals),FRE2,Picardie,2022,,459.37,,,,,
dataflow,ESTAT:TGS00045(1.0),Animal populations by NUTS 2 region,A,Annual,A2000,Live bovine animals,THS_HD,Thousand heads (animals),FRE2,Picardie,2023,,453.28,,,,,
dataflow,ESTAT:TGS00045(1.0),Animal populations by NUTS 2 region,A,Annual,A2000,Live bovine animals,THS_HD,Thousand heads (animals),FRE2,Picardie,2024,,439.63,,,,,
dataflow,ESTAT:TGS00045(1.0),Animal populations by NUTS 2 region,A,Annual,A2000,Live bovine animals,THS_HD,Thousand heads (animals),FRE2,Picardie,2025,,429.86,,,,,
dataflow,ESTAT:TGS00045(1.0),Animal populations by NUTS 2 region,A,Annual,A2000,Live bovine animals,THS_HD,Thousand heads (animals),FRF1,Alsace,2014,,171,,,,,
dataflow,ESTAT:TGS00045(1.0),Animal populations by NUTS 2 region,A,Annual,A2000,Live bovine animals,THS_HD,Thousand heads (animals),FRF1,Alsace,2015,,173,,,,,
dataflow,ESTAT:TGS00045(1.0),Animal populations by NUTS 2 region,A,Annual,A2000,Live bovine animals,THS_HD,Thousand heads (animals),FRF1,Alsace,2016,,171,,,,,
dataflow,ESTAT:TGS00045(1.0),Animal populations by NUTS 2 region,A,Annual,A2000,Live bovine animals,THS_HD,Thousand heads (animals),FRF1,Alsace,2017,,172.89,,,,,
dataflow,ESTAT:TGS00045(1.0),Animal populations by NUTS 2 region,A,Annual,A2000,Live bovine animals,THS_HD,Thousand heads (animals),FRF1,Alsace,2018,,168.32,,,,,
dataflow,ESTAT:TGS00045(1.0),Animal populations by NUTS 2 region,A,Annual,A2000,Live bovine animals,THS_HD,Thousand heads (animals),FRF1,Alsace,2019,,166.34,,,,,
dataflow,ESTAT:TGS00045(1.0),Animal populations by NUTS 2 region,A,Annual,A2000,Live bovine animals,THS_HD,Thousand heads (animals),FRF1,Alsace,2020,,162.93,,,,,
dataflow,ESTAT:TGS00045(1.0),Animal populations by NUTS 2 region,A,Annual,A2000,Live bovine animals,THS_HD,Thousand heads (animals),FRF1,Alsace,2021,,159.18,,,,,
dataflow,ESTAT:TGS00045(1.0),Animal populations by NUTS 2 region,A,Annual,A2000,Live bovine animals,THS_HD,Thousand heads (animals),FRF1,Alsace,2022,,157.24,,,,,
dataflow,ESTAT:TGS00045(1.0),Animal populations by NUTS 2 region,A,Annual,A2000,Live bovine animals,THS_HD,Thousand heads (animals),FRF1,Alsace,2023,,157.44,,,,,
dataflow,ESTAT:TGS00045(1.0),Animal populations by NUTS 2 region,A,Annual,A2000,Live bovine animals,THS_HD,Thousand heads (animals),FRF1,Alsace,2024,,154.49,,,,,
dataflow,ESTAT:TGS00045(1.0),Animal populations by NUTS 2 region,A,Annual,A2000,Live bovine animals,THS_HD,Thousand heads (animals),FRF1,Alsace,2025,,155.39,,,,,
dataflow,ESTAT:TGS00045(1.0),Animal populations by NUTS 2 region,A,Annual,A2000,Live bovine animals,THS_HD,Thousand heads (animals),FRF2,Champagne-Ardenne,2014,,596,,,,,
dataflow,ESTAT:TGS00045(1.0),Animal populations by NUTS 2 region,A,Annual,A2000,Live bovine animals,THS_HD,Thousand heads (animals),FRF2,Champagne-Ardenne,2015,,599,,,,,
dataflow,ESTAT:TGS00045(1.0),Animal populations by NUTS 2 region,A,Annual,A2000,Live bovine animals,THS_HD,Thousand heads (animals),FRF2,Champagne-Ardenne,2016,,587,,,,,
dataflow,ESTAT:TGS00045(1.0),Animal populations by NUTS 2 region,A,Annual,A2000,Live bovine animals,THS_HD,Thousand heads (animals),FRF2,Champagne-Ardenne,2017,,582.34,,,,,
dataflow,ESTAT:TGS00045(1.0),Animal populations by NUTS 2 region,A,Annual,A2000,Live bovine animals,THS_HD,Thousand heads (animals),FRF2,Champagne-Ardenne,2018,,571.31,,,,,
dataflow,ESTAT:TGS00045(1.0),Animal populations by NUTS 2 region,A,Annual,A2000,Live bovine animals,THS_HD,Thousand heads (animals),FRF2,Champagne-Ardenne,2019,,561.51,,,,,
dataflow,ESTAT:TGS00045(1.0),Animal populations by NUTS 2 region,A,Annual,A2000,Live bovine animals,THS_HD,Thousand heads (animals),FRF2,Champagne-Ardenne,2020,,547.52,,,,,
dataflow,ESTAT:TGS00045(1.0),Animal populations by NUTS 2 region,A,Annual,A2000,Live bovine animals,THS_HD,Thousand heads (animals),FRF2,Champagne-Ardenne,2021,,528.93,,,,,
dataflow,ESTAT:TGS00045(1.0),Animal populations by NUTS 2 region,A,Annual,A2000,Live bovine animals,THS_HD,Thousand heads (animals),FRF2,Champagne-Ardenne,2022,,522.2,,,,,
dataflow,ESTAT:TGS00045(1.0),Animal populations by NUTS 2 region,A,Annual,A2000,Live bovine animals,THS_HD,Thousand heads (animals),FRF2,Champagne-Ardenne,2023,,518.87,,,,,
dataflow,ESTAT:TGS00045(1.0),Animal populations by NUTS 2 region,A,Annual,A2000,Live bovine animals,THS_HD,Thousand heads (animals),FRF2,Champagne-Ardenne,2024,,509,,,,,
dataflow,ESTAT:TGS00045(1.0),Animal populations by NUTS 2 region,A,Annual,A2000,Live bovine animals,THS_HD,Thousand heads (animals),FRF2,Champagne-Ardenne,2025,,501.6,,,,,
dataflow,ESTAT:TGS00045(1.0),Animal populations by NUTS 2 region,A,Annual,A2000,Live bovine animals,THS_HD,Thousand heads (animals),FRF3,Lorraine,2014,,939,,,,,
dataflow,ESTAT:TGS00045(1.0),Animal populations by NUTS 2 region,A,Annual,A2000,Live bovine animals,THS_HD,Thousand heads (animals),FRF3,Lorraine,2015,,934,,,,,
dataflow,ESTAT:TGS00045(1.0),Animal populations by NUTS 2 region,A,Annual,A2000,Live bovine animals,THS_HD,Thousand heads (animals),FRF3,Lorraine,2016,,917,,,,,
dataflow,ESTAT:TGS00045(1.0),Animal populations by NUTS 2 region,A,Annual,A2000,Live bovine animals,THS_HD,Thousand heads (animals),FRF3,Lorraine,2017,,913.67,,,,,
dataflow,ESTAT:TGS00045(1.0),Animal populations by NUTS 2 region,A,Annual,A2000,Live bovine animals,THS_HD,Thousand heads (animals),FRF3,Lorraine,2018,,894.71,,,,,
dataflow,ESTAT:TGS00045(1.0),Animal populations by NUTS 2 region,A,Annual,A2000,Live bovine animals,THS_HD,Thousand heads (animals),FRF3,Lorraine,2019,,879.57,,,,,
dataflow,ESTAT:TGS00045(1.0),Animal populations by NUTS 2 region,A,Annual,A2000,Live bovine animals,THS_HD,Thousand heads (animals),FRF3,Lorraine,2020,,864.71,,,,,
dataflow,ESTAT:TGS00045(1.0),Animal populations by NUTS 2 region,A,Annual,A2000,Live bovine animals,THS_HD,Thousand heads (animals),FRF3,Lorraine,2021,,843.6,,,,,
dataflow,ESTAT:TGS00045(1.0),Animal populations by NUTS 2 region,A,Annual,A2000,Live bovine animals,THS_HD,Thousand heads (animals),FRF3,Lorraine,2022,,834.01,,,,,
dataflow,ESTAT:TGS00045(1.0),Animal populations by NUTS 2 region,A,Annual,A2000,Live bovine animals,THS_HD,Thousand heads (animals),FRF3,Lorraine,2023,,827.99,,,,,
dataflow,ESTAT:TGS00045(1.0),Animal populations by NUTS 2 region,A,Annual,A2000,Live bovine animals,THS_HD,Thousand heads (animals),FRF3,Lorraine,2024,,815.01,,,,,
dataflow,ESTAT:TGS00045(1.0),Animal populations by NUTS 2 region,A,Annual,A2000,Live bovine animals,THS_HD,Thousand heads (animals),FRF3,Lorraine,2025,,811.07,,,,,
dataflow,ESTAT:TGS00045(1.0),Animal populations by NUTS 2 region,A,Annual,A2000,Live bovine animals,THS_HD,Thousand heads (animals),FRG0,Pays de la Loire,2014,,2551,,,,,
dataflow,ESTAT:TGS00045(1.0),Animal populations by NUTS 2 region,A,Annual,A2000,Live bovine animals,THS_HD,Thousand heads (animals),FRG0,Pays de la Loire,2015,,2545,,,,,
dataflow,ESTAT:TGS00045(1.0),Animal populations by NUTS 2 region,A,Annual,A2000,Live bovine animals,THS_HD,Thousand heads (animals),FRG0,Pays de la Loire,2016,,2512,,,,,
dataflow,ESTAT:TGS00045(1.0),Animal populations by NUTS 2 region,A,Annual,A2000,Live bovine animals,THS_HD,Thousand heads (animals),FRG0,Pays de la Loire,2017,,2480.12,,,,,
dataflow,ESTAT:TGS00045(1.0),Animal populations by NUTS 2 region,A,Annual,A2000,Live bovine animals,THS_HD,Thousand heads (animals),FRG0,Pays de la Loire,2018,,2422.49,,,,,
dataflow,ESTAT:TGS00045(1.0),Animal populations by NUTS 2 region,A,Annual,A2000,Live bovine animals,THS_HD,Thousand heads (animals),FRG0,Pays de la Loire,2019,,2348.17,,,,,
dataflow,ESTAT:TGS00045(1.0),Animal populations by NUTS 2 region,A,Annual,A2000,Live bovine animals,THS_HD,Thousand heads (animals),FRG0,Pays de la Loire,2020,,2273.28,,,,,
dataflow,ESTAT:TGS00045(1.0),Animal populations by NUTS 2 region,A,Annual,A2000,Live bovine animals,THS_HD,Thousand heads (animals),FRG0,Pays de la Loire,2021,,2200.19,,,,,
dataflow,ESTAT:TGS00045(1.0),Animal populations by NUTS 2 region,A,Annual,A2000,Live bovine animals,THS_HD,Thousand heads (animals),FRG0,Pays de la Loire,2022,,2140.87,,,,,
dataflow,ESTAT:TGS00045(1.0),Animal populations by NUTS 2 region,A,Annual,A2000,Live bovine animals,THS_HD,Thousand heads (animals),FRG0,Pays de la Loire,2023,,2107.5,,,,,
dataflow,ESTAT:TGS00045(1.0),Animal populations by NUTS 2 region,A,Annual,A2000,Live bovine animals,THS_HD,Thousand heads (animals),FRG0,Pays de la Loire,2024,,2062.22,,,,,
dataflow,ESTAT:TGS00045(1.0),Animal populations by NUTS 2 region,A,Annual,A2000,Live bovine animals,THS_HD,Thousand heads (animals),FRG0,Pays de la Loire,2025,,1997.78,,,,,
dataflow,ESTAT:TGS00045(1.0),Animal populations by NUTS 2 region,A,Annual,A2000,Live bovine animals,THS_HD,Thousand heads (animals),FRH0,Bretagne,2014,,2054,,,,,
dataflow,ESTAT:TGS00045(1.0),Animal populations by NUTS 2 region,A,Annual,A2000,Live bovine animals,THS_HD,Thousand heads (animals),FRH0,Bretagne,2015,,2060,,,,,
dataflow,ESTAT:TGS00045(1.0),Animal populations by NUTS 2 region,A,Annual,A2000,Live bovine animals,THS_HD,Thousand heads (animals),FRH0,Bretagne,2016,,2020,,,,,
dataflow,ESTAT:TGS00045(1.0),Animal populations by NUTS 2 region,A,Annual,A2000,Live bovine animals,THS_HD,Thousand heads (animals),FRH0,Bretagne,2017,,2039.87,,,,,
dataflow,ESTAT:TGS00045(1.0),Animal populations by NUTS 2 region,A,Annual,A2000,Live bovine animals,THS_HD,Thousand heads (animals),FRH0,Bretagne,2018,,2008.82,,,,,
dataflow,ESTAT:TGS00045(1.0),Animal populations by NUTS 2 region,A,Annual,A2000,Live bovine animals,THS_HD,Thousand heads (animals),FRH0,Bretagne,2019,,1957.47,,,,,
dataflow,ESTAT:TGS00045(1.0),Animal populations by NUTS 2 region,A,Annual,A2000,Live bovine animals,THS_HD,Thousand heads (animals),FRH0,Bretagne,2020,,1908.76,,,,,
dataflow,ESTAT:TGS00045(1.0),Animal populations by NUTS 2 region,A,Annual,A2000,Live bovine animals,THS_HD,Thousand heads (animals),FRH0,Bretagne,2021,,1832.28,,,,,
dataflow,ESTAT:TGS00045(1.0),Animal populations by NUTS 2 region,A,Annual,A2000,Live bovine animals,THS_HD,Thousand heads (animals),FRH0,Bretagne,2022,,1774.29,,,,,
dataflow,ESTAT:TGS00045(1.0),Animal populations by NUTS 2 region,A,Annual,A2000,Live bovine animals,THS_HD,Thousand heads (animals),FRH0,Bretagne,2023,,1735.78,,,,,
dataflow,ESTAT:TGS00045(1.0),Animal populations by NUTS 2 region,A,Annual,A2000,Live bovine animals,THS_HD,Thousand heads (animals),FRH0,Bretagne,2024,,1691,,,,,
dataflow,ESTAT:TGS00045(1.0),Animal populations by NUTS 2 region,A,Annual,A2000,Live bovine animals,THS_HD,Thousand heads (animals),FRH0,Bretagne,2025,,1644.97,,,,,
dataflow,ESTAT:TGS00045(1.0),Animal populations by NUTS 2 region,A,Annual,A2000,Live bovine animals,THS_HD,Thousand heads (animals),FRI1,Aquitaine,2014,,689,,,,,
dataflow,ESTAT:TGS00045(1.0),Animal populations by NUTS 2 region,A,Annual,A2000,Live bovine animals,THS_HD,Thousand heads (animals),FRI1,Aquitaine,2015,,687,,,,,
dataflow,ESTAT:TGS00045(1.0),Animal populations by NUTS 2 region,A,Annual,A2000,Live bovine animals,THS_HD,Thousand heads (animals),FRI1,Aquitaine,2016,,674,,,,,
dataflow,ESTAT:TGS00045(1.0),Animal populations by NUTS 2 region,A,Annual,A2000,Live bovine animals,THS_HD,Thousand heads (animals),FRI1,Aquitaine,2017,,655.41,,,,,
dataflow,ESTAT:TGS00045(1.0),Animal populations by NUTS 2 region,A,Annual,A2000,Live bovine animals,THS_HD,Thousand heads (animals),FRI1,Aquitaine,2018,,635.59,,,,,
dataflow,ESTAT:TGS00045(1.0),Animal populations by NUTS 2 region,A,Annual,A2000,Live bovine animals,THS_HD,Thousand heads (animals),FRI1,Aquitaine,2019,,608.93,,,,,
dataflow,ESTAT:TGS00045(1.0),Animal populations by NUTS 2 region,A,Annual,A2000,Live bovine animals,THS_HD,Thousand heads (animals),FRI1,Aquitaine,2020,,595.45,,,,,
dataflow,ESTAT:TGS00045(1.0),Animal populations by NUTS 2 region,A,Annual,A2000,Live bovine animals,THS_HD,Thousand heads (animals),FRI1,Aquitaine,2021,,570.76,,,,,
dataflow,ESTAT:TGS00045(1.0),Animal populations by NUTS 2 region,A,Annual,A2000,Live bovine animals,THS_HD,Thousand heads (animals),FRI1,Aquitaine,2022,,547.88,,,,,
dataflow,ESTAT:TGS00045(1.0),Animal populations by NUTS 2 region,A,Annual,A2000,Live bovine animals,THS_HD,Thousand heads (animals),FRI1,Aquitaine,2023,,532.43,,,,,
dataflow,ESTAT:TGS00045(1.0),Animal populations by NUTS 2 region,A,Annual,A2000,Live bovine animals,THS_HD,Thousand heads (animals),FRI1,Aquitaine,2024,,511.85,,,,,
dataflow,ESTAT:TGS00045(1.0),Animal populations by NUTS 2 region,A,Annual,A2000,Live bovine animals,THS_HD,Thousand heads (animals),FRI1,Aquitaine,2025,,502.23,,,,,
dataflow,ESTAT:TGS00045(1.0),Animal populations by NUTS 2 region,A,Annual,A2000,Live bovine animals,THS_HD,Thousand heads (animals),FRI2,Limousin,2014,,1092,,,,,
dataflow,ESTAT:TGS00045(1.0),Animal populations by NUTS 2 region,A,Annual,A2000,Live bovine animals,THS_HD,Thousand heads (animals),FRI2,Limousin,2015,,1116,,,,,
dataflow,ESTAT:TGS00045(1.0),Animal populations by NUTS 2 region,A,Annual,A2000,Live bovine animals,THS_HD,Thousand heads (animals),FRI2,Limousin,2016,,1099,,,,,
dataflow,ESTAT:TGS00045(1.0),Animal populations by NUTS 2 region,A,Annual,A2000,Live bovine animals,THS_HD,Thousand heads (animals),FRI2,Limousin,2017,,1085.44,,,,,
dataflow,ESTAT:TGS00045(1.0),Animal populations by NUTS 2 region,A,Annual,A2000,Live bovine animals,THS_HD,Thousand heads (animals),FRI2,Limousin,2018,,1054.32,,,,,
dataflow,ESTAT:TGS00045(1.0),Animal populations by NUTS 2 region,A,Annual,A2000,Live bovine animals,THS_HD,Thousand heads (animals),FRI2,Limousin,2019,,1027.71,,,,,
dataflow,ESTAT:TGS00045(1.0),Animal populations by NUTS 2 region,A,Annual,A2000,Live bovine animals,THS_HD,Thousand heads (animals),FRI2,Limousin,2020,,1024.66,,,,,
dataflow,ESTAT:TGS00045(1.0),Animal populations by NUTS 2 region,A,Annual,A2000,Live bovine animals,THS_HD,Thousand heads (animals),FRI2,Limousin,2021,,997.67,,,,,
dataflow,ESTAT:TGS00045(1.0),Animal populations by NUTS 2 region,A,Annual,A2000,Live bovine animals,THS_HD,Thousand heads (animals),FRI2,Limousin,2022,,980.79,,,,,
dataflow,ESTAT:TGS00045(1.0),Animal populations by NUTS 2 region,A,Annual,A2000,Live bovine animals,THS_HD,Thousand heads (animals),FRI2,Limousin,2023,,970.73,,,,,
dataflow,ESTAT:TGS00045(1.0),Animal populations by NUTS 2 region,A,Annual,A2000,Live bovine animals,THS_HD,Thousand heads (animals),FRI2,Limousin,2024,,941.5,,,,,
dataflow,ESTAT:TGS00045(1.0),Animal populations by NUTS 2 region,A,Annual,A2000,Live bovine animals,THS_HD,Thousand heads (animals),FRI2,Limousin,2025,,929.33,,,,,
dataflow,ESTAT:TGS00045(1.0),Animal populations by NUTS 2 region,A,Annual,A2000,Live bovine animals,THS_HD,Thousand heads (animals),FRI3,Poitou-Charentes,2014,,761,,,,,
dataflow,ESTAT:TGS00045(1.0),Animal populations by NUTS 2 region,A,Annual,A2000,Live bovine animals,THS_HD,Thousand heads (animals),FRI3,Poitou-Charentes,2015,,765,,,,,
dataflow,ESTAT:TGS00045(1.0),Animal populations by NUTS 2 region,A,Annual,A2000,Live bovine animals,THS_HD,Thousand heads (animals),FRI3,Poitou-Charentes,2016,,752,,,,,
dataflow,ESTAT:TGS00045(1.0),Animal populations by NUTS 2 region,A,Annual,A2000,Live bovine animals,THS_HD,Thousand heads (animals),FRI3,Poitou-Charentes,2017,,740.49,,,,,
dataflow,ESTAT:TGS00045(1.0),Animal populations by NUTS 2 region,A,Annual,A2000,Live bovine animals,THS_HD,Thousand heads (animals),FRI3,Poitou-Charentes,2018,,723.66,,,,,
dataflow,ESTAT:TGS00045(1.0),Animal populations by NUTS 2 region,A,Annual,A2000,Live bovine animals,THS_HD,Thousand heads (animals),FRI3,Poitou-Charentes,2019,,706.09,,,,,
dataflow,ESTAT:TGS00045(1.0),Animal populations by NUTS 2 region,A,Annual,A2000,Live bovine animals,THS_HD,Thousand heads (animals),FRI3,Poitou-Charentes,2020,,693.33,,,,,
dataflow,ESTAT:TGS00045(1.0),Animal populations by NUTS 2 region,A,Annual,A2000,Live bovine animals,THS_HD,Thousand heads (animals),FRI3,Poitou-Charentes,2021,,667.76,,,,,
dataflow,ESTAT:TGS00045(1.0),Animal populations by NUTS 2 region,A,Annual,A2000,Live bovine animals,THS_HD,Thousand heads (animals),FRI3,Poitou-Charentes,2022,,645.32,,,,,
dataflow,ESTAT:TGS00045(1.0),Animal populations by NUTS 2 region,A,Annual,A2000,Live bovine animals,THS_HD,Thousand heads (animals),FRI3,Poitou-Charentes,2023,,633.13,,,,,
dataflow,ESTAT:TGS00045(1.0),Animal populations by NUTS 2 region,A,Annual,A2000,Live bovine animals,THS_HD,Thousand heads (animals),FRI3,Poitou-Charentes,2024,,617.19,,,,,
dataflow,ESTAT:TGS00045(1.0),Animal populations by NUTS 2 region,A,Annual,A2000,Live bovine animals,THS_HD,Thousand heads (animals),FRI3,Poitou-Charentes,2025,,598.39,,,,,
dataflow,ESTAT:TGS00045(1.0),Animal populations by NUTS 2 region,A,Annual,A2000,Live bovine animals,THS_HD,Thousand heads (animals),FRJ1,Languedoc-Roussillon,2014,,217,,,,,
dataflow,ESTAT:TGS00045(1.0),Animal populations by NUTS 2 region,A,Annual,A2000,Live bovine animals,THS_HD,Thousand heads (animals),FRJ1,Languedoc-Roussillon,2015,,223,,,,,
dataflow,ESTAT:TGS00045(1.0),Animal populations by NUTS 2 region,A,Annual,A2000,Live bovine animals,THS_HD,Thousand heads (animals),FRJ1,Languedoc-Roussillon,2016,,219,,,,,
dataflow,ESTAT:TGS00045(1.0),Animal populations by NUTS 2 region,A,Annual,A2000,Live bovine animals,THS_HD,Thousand heads (animals),FRJ1,Languedoc-Roussillon,2017,,222.41,,,,,
dataflow,ESTAT:TGS00045(1.0),Animal populations by NUTS 2 region,A,Annual,A2000,Live bovine animals,THS_HD,Thousand heads (animals),FRJ1,Languedoc-Roussillon,2018,,219.75,,,,,
dataflow,ESTAT:TGS00045(1.0),Animal populations by NUTS 2 region,A,Annual,A2000,Live bovine animals,THS_HD,Thousand heads (animals),FRJ1,Languedoc-Roussillon,2019,,217.58,,,,,
dataflow,ESTAT:TGS00045(1.0),Animal populations by NUTS 2 region,A,Annual,A2000,Live bovine animals,THS_HD,Thousand heads (animals),FRJ1,Languedoc-Roussillon,2020,,218.27,,,,,
dataflow,ESTAT:TGS00045(1.0),Animal populations by NUTS 2 region,A,Annual,A2000,Live bovine animals,THS_HD,Thousand heads (animals),FRJ1,Languedoc-Roussillon,2021,,217.22,,,,,
dataflow,ESTAT:TGS00045(1.0),Animal populations by NUTS 2 region,A,Annual,A2000,Live bovine animals,THS_HD,Thousand heads (animals),FRJ1,Languedoc-Roussillon,2022,,210.64,,,,,
dataflow,ESTAT:TGS00045(1.0),Animal populations by NUTS 2 region,A,Annual,A2000,Live bovine animals,THS_HD,Thousand heads (animals),FRJ1,Languedoc-Roussillon,2023,,211.68,,,,,
dataflow,ESTAT:TGS00045(1.0),Animal populations by NUTS 2 region,A,Annual,A2000,Live bovine animals,THS_HD,Thousand heads (animals),FRJ1,Languedoc-Roussillon,2024,,211.64,,,,,
dataflow,ESTAT:TGS00045(1.0),Animal populations by NUTS 2 region,A,Annual,A2000,Live bovine animals,THS_HD,Thousand heads (animals),FRJ1,Languedoc-Roussillon,2025,,214.73,,,,,
dataflow,ESTAT:TGS00045(1.0),Animal populations by NUTS 2 region,A,Annual,A2000,Live bovine animals,THS_HD,Thousand heads (animals),FRJ2,Midi-Pyrénées,2014,,1215,,,,,
dataflow,ESTAT:TGS00045(1.0),Animal populations by NUTS 2 region,A,Annual,A2000,Live bovine animals,THS_HD,Thousand heads (animals),FRJ2,Midi-Pyrénées,2015,,1222,,,,,
dataflow,ESTAT:TGS00045(1.0),Animal populations by NUTS 2 region,A,Annual,A2000,Live bovine animals,THS_HD,Thousand heads (animals),FRJ2,Midi-Pyrénées,2016,,1197,,,,,
dataflow,ESTAT:TGS00045(1.0),Animal populations by NUTS 2 region,A,Annual,A2000,Live bovine animals,THS_HD,Thousand heads (animals),FRJ2,Midi-Pyrénées,2017,,1197.49,,,,,
dataflow,ESTAT:TGS00045(1.0),Animal populations by NUTS 2 region,A,Annual,A2000,Live bovine animals,THS_HD,Thousand heads (animals),FRJ2,Midi-Pyrénées,2018,,1168.87,,,,,
dataflow,ESTAT:TGS00045(1.0),Animal populations by NUTS 2 region,A,Annual,A2000,Live bovine animals,THS_HD,Thousand heads (animals),FRJ2,Midi-Pyrénées,2019,,1147.98,,,,,
dataflow,ESTAT:TGS00045(1.0),Animal populations by NUTS 2 region,A,Annual,A2000,Live bovine animals,THS_HD,Thousand heads (animals),FRJ2,Midi-Pyrénées,2020,,1134.32,,,,,
dataflow,ESTAT:TGS00045(1.0),Animal populations by NUTS 2 region,A,Annual,A2000,Live bovine animals,THS_HD,Thousand heads (animals),FRJ2,Midi-Pyrénées,2021,,1096.44,,,,,
dataflow,ESTAT:TGS00045(1.0),Animal populations by NUTS 2 region,A,Annual,A2000,Live bovine animals,THS_HD,Thousand heads (animals),FRJ2,Midi-Pyrénées,2022,,1058.42,,,,,
dataflow,ESTAT:TGS00045(1.0),Animal populations by NUTS 2 region,A,Annual,A2000,Live bovine animals,THS_HD,Thousand heads (animals),FRJ2,Midi-Pyrénées,2023,,1036.39,,,,,
dataflow,ESTAT:TGS00045(1.0),Animal populations by NUTS 2 region,A,Annual,A2000,Live bovine animals,THS_HD,Thousand heads (animals),FRJ2,Midi-Pyrénées,2024,,1016.5,,,,,
dataflow,ESTAT:TGS00045(1.0),Animal populations by NUTS 2 region,A,Annual,A2000,Live bovine animals,THS_HD,Thousand heads (animals),FRJ2,Midi-Pyrénées,2025,,1022.3,,,,,
dataflow,ESTAT:TGS00045(1.0),Animal populations by NUTS 2 region,A,Annual,A2000,Live bovine animals,THS_HD,Thousand heads (animals),FRK1,Auvergne,2014,,1603,,,,,
dataflow,ESTAT:TGS00045(1.0),Animal populations by NUTS 2 region,A,Annual,A2000,Live bovine animals,THS_HD,Thousand heads (animals),FRK1,Auvergne,2015,,1632,,,,,
dataflow,ESTAT:TGS00045(1.0),Animal populations by NUTS 2 region,A,Annual,A2000,Live bovine animals,THS_HD,Thousand heads (animals),FRK1,Auvergne,2016,,1589,,,,,
dataflow,ESTAT:TGS00045(1.0),Animal populations by NUTS 2 region,A,Annual,A2000,Live bovine animals,THS_HD,Thousand heads (animals),FRK1,Auvergne,2017,,1606.78,,,,,
dataflow,ESTAT:TGS00045(1.0),Animal populations by NUTS 2 region,A,Annual,A2000,Live bovine animals,THS_HD,Thousand heads (animals),FRK1,Auvergne,2018,,1575.85,,,,,
dataflow,ESTAT:TGS00045(1.0),Animal populations by NUTS 2 region,A,Annual,A2000,Live bovine animals,THS_HD,Thousand heads (animals),FRK1,Auvergne,2019,,1532.53,,,,,
dataflow,ESTAT:TGS00045(1.0),Animal populations by NUTS 2 region,A,Annual,A2000,Live bovine animals,THS_HD,Thousand heads (animals),FRK1,Auvergne,2020,,1518.64,,,,,
dataflow,ESTAT:TGS00045(1.0),Animal populations by NUTS 2 region,A,Annual,A2000,Live bovine animals,THS_HD,Thousand heads (animals),FRK1,Auvergne,2021,,1493.52,,,,,
dataflow,ESTAT:TGS00045(1.0),Animal populations by NUTS 2 region,A,Annual,A2000,Live bovine animals,THS_HD,Thousand heads (animals),FRK1,Auvergne,2022,,1476.32,,,,,
dataflow,ESTAT:TGS00045(1.0),Animal populations by NUTS 2 region,A,Annual,A2000,Live bovine animals,THS_HD,Thousand heads (animals),FRK1,Auvergne,2023,,1479.82,,,,,
dataflow,ESTAT:TGS00045(1.0),Animal populations by NUTS 2 region,A,Annual,A2000,Live bovine animals,THS_HD,Thousand heads (animals),FRK1,Auvergne,2024,,1467.04,,,,,
dataflow,ESTAT:TGS00045(1.0),Animal populations by NUTS 2 region,A,Annual,A2000,Live bovine animals,THS_HD,Thousand heads (animals),FRK1,Auvergne,2025,,1459.85,,,,,
dataflow,ESTAT:TGS00045(1.0),Animal populations by NUTS 2 region,A,Annual,A2000,Live bovine animals,THS_HD,Thousand heads (animals),FRK2,Rhône-Alpes,2014,,1025,,,,,
dataflow,ESTAT:TGS00045(1.0),Animal populations by NUTS 2 region,A,Annual,A2000,Live bovine animals,THS_HD,Thousand heads (animals),FRK2,Rhône-Alpes,2015,,1038,,,,,
dataflow,ESTAT:TGS00045(1.0),Animal populations by NUTS 2 region,A,Annual,A2000,Live bovine animals,THS_HD,Thousand heads (animals),FRK2,Rhône-Alpes,2016,,1021,,,,,
dataflow,ESTAT:TGS00045(1.0),Animal populations by NUTS 2 region,A,Annual,A2000,Live bovine animals,THS_HD,Thousand heads (animals),FRK2,Rhône-Alpes,2017,,1020.82,,,,,
dataflow,ESTAT:TGS00045(1.0),Animal populations by NUTS 2 region,A,Annual,A2000,Live bovine animals,THS_HD,Thousand heads (animals),FRK2,Rhône-Alpes,2018,,990.59,,,,,
dataflow,ESTAT:TGS00045(1.0),Animal populations by NUTS 2 region,A,Annual,A2000,Live bovine animals,THS_HD,Thousand heads (animals),FRK2,Rhône-Alpes,2019,,969.41,,,,,
dataflow,ESTAT:TGS00045(1.0),Animal populations by NUTS 2 region,A,Annual,A2000,Live bovine animals,THS_HD,Thousand heads (animals),FRK2,Rhône-Alpes,2020,,955.49,,,,,
dataflow,ESTAT:TGS00045(1.0),Animal populations by NUTS 2 region,A,Annual,A2000,Live bovine animals,THS_HD,Thousand heads (animals),FRK2,Rhône-Alpes,2021,,944.33,,,,,
dataflow,ESTAT:TGS00045(1.0),Animal populations by NUTS 2 region,A,Annual,A2000,Live bovine animals,THS_HD,Thousand heads (animals),FRK2,Rhône-Alpes,2022,,931.57,,,,,
dataflow,ESTAT:TGS00045(1.0),Animal populations by NUTS 2 region,A,Annual,A2000,Live bovine animals,THS_HD,Thousand heads (animals),FRK2,Rhône-Alpes,2023,,931.75,,,,,
dataflow,ESTAT:TGS00045(1.0),Animal populations by NUTS 2 region,A,Annual,A2000,Live bovine animals,THS_HD,Thousand heads (animals),FRK2,Rhône-Alpes,2024,,927.38,,,,,
dataflow,ESTAT:TGS00045(1.0),Animal populations by NUTS 2 region,A,Annual,A2000,Live bovine animals,THS_HD,Thousand heads (animals),FRK2,Rhône-Alpes,2025,,949.41,,,,,
dataflow,ESTAT:TGS00045(1.0),Animal populations by NUTS 2 region,A,Annual,A2000,Live bovine animals,THS_HD,Thousand heads (animals),FRL0,Provence-Alpes-Côte d’Azur,2014,,68,,,,,
dataflow,ESTAT:TGS00045(1.0),Animal populations by NUTS 2 region,A,Annual,A2000,Live bovine animals,THS_HD,Thousand heads (animals),FRL0,Provence-Alpes-Côte d’Azur,2015,,70,,,,,
dataflow,ESTAT:TGS00045(1.0),Animal populations by NUTS 2 region,A,Annual,A2000,Live bovine animals,THS_HD,Thousand heads (animals),FRL0,Provence-Alpes-Côte d’Azur,2016,,70,,,,,
dataflow,ESTAT:TGS00045(1.0),Animal populations by NUTS 2 region,A,Annual,A2000,Live bovine animals,THS_HD,Thousand heads (animals),FRL0,Provence-Alpes-Côte d’Azur,2017,,70.9,,,,,
dataflow,ESTAT:TGS00045(1.0),Animal populations by NUTS 2 region,A,Annual,A2000,Live bovine animals,THS_HD,Thousand heads (animals),FRL0,Provence-Alpes-Côte d’Azur,2018,,68.97,,,,,
dataflow,ESTAT:TGS00045(1.0),Animal populations by NUTS 2 region,A,Annual,A2000,Live bovine animals,THS_HD,Thousand heads (animals),FRL0,Provence-Alpes-Côte d’Azur,2019,,68.89,,,,,
dataflow,ESTAT:TGS00045(1.0),Animal populations by NUTS 2 region,A,Annual,A2000,Live bovine animals,THS_HD,Thousand heads (animals),FRL0,Provence-Alpes-Côte d’Azur,2020,,70.35,,,,,
dataflow,ESTAT:TGS00045(1.0),Animal populations by NUTS 2 region,A,Annual,A2000,Live bovine animals,THS_HD,Thousand heads (animals),FRL0,Provence-Alpes-Côte d’Azur,2021,,69.36,,,,,
dataflow,ESTAT:TGS00045(1.0),Animal populations by NUTS 2 region,A,Annual,A2000,Live bovine animals,THS_HD,Thousand heads (animals),FRL0,Provence-Alpes-Côte d’Azur,2022,,67.91,,,,,
dataflow,ESTAT:TGS00045(1.0),Animal populations by NUTS 2 region,A,Annual,A2000,Live bovine animals,THS_HD,Thousand heads (animals),FRL0,Provence-Alpes-Côte d’Azur,2023,,68.46,,,,,
dataflow,ESTAT:TGS00045(1.0),Animal populations by NUTS 2 region,A,Annual,A2000,Live bovine animals,THS_HD,Thousand heads (animals),FRL0,Provence-Alpes-Côte d’Azur,2024,,69.49,,,,,
dataflow,ESTAT:TGS00045(1.0),Animal populations by NUTS 2 region,A,Annual,A2000,Live bovine animals,THS_HD,Thousand heads (animals),FRL0,Provence-Alpes-Côte d’Azur,2025,,70.77,,,,,
dataflow,ESTAT:TGS00045(1.0),Animal populations by NUTS 2 region,A,Annual,A2000,Live bovine animals,THS_HD,Thousand heads (animals),FRM0,Corse,2014,,64,,,,,
dataflow,ESTAT:TGS00045(1.0),Animal populations by NUTS 2 region,A,Annual,A2000,Live bovine animals,THS_HD,Thousand heads (animals),FRM0,Corse,2015,,63,,,,,
dataflow,ESTAT:TGS00045(1.0),Animal populations by NUTS 2 region,A,Annual,A2000,Live bovine animals,THS_HD,Thousand heads (animals),FRM0,Corse,2016,,63,,,,,
dataflow,ESTAT:TGS00045(1.0),Animal populations by NUTS 2 region,A,Annual,A2000,Live bovine animals,THS_HD,Thousand heads (animals),FRM0,Corse,2017,,62.58,,,,,
dataflow,ESTAT:TGS00045(1.0),Animal populations by NUTS 2 region,A,Annual,A2000,Live bovine animals,THS_HD,Thousand heads (animals),FRM0,Corse,2018,,58.21,,,,,
dataflow,ESTAT:TGS00045(1.0),Animal populations by NUTS 2 region,A,Annual,A2000,Live bovine animals,THS_HD,Thousand heads (animals),FRM0,Corse,2019,,54.57,,,,,
dataflow,ESTAT:TGS00045(1.0),Animal populations by NUTS 2 region,A,Annual,A2000,Live bovine animals,THS_HD,Thousand heads (animals),FRM0,Corse,2020,,54.7,,,,,
dataflow,ESTAT:TGS00045(1.0),Animal populations by NUTS 2 region,A,Annual,A2000,Live bovine animals,THS_HD,Thousand heads (animals),FRM0,Corse,2021,,50.19,,,,,
dataflow,ESTAT:TGS00045(1.0),Animal populations by NUTS 2 region,A,Annual,A2000,Live bovine animals,THS_HD,Thousand heads (animals),FRM0,Corse,2022,,41.6,,,,,
dataflow,ESTAT:TGS00045(1.0),Animal populations by NUTS 2 region,A,Annual,A2000,Live bovine animals,THS_HD,Thousand heads (animals),FRM0,Corse,2023,,38.25,,,,,
dataflow,ESTAT:TGS00045(1.0),Animal populations by NUTS 2 region,A,Annual,A2000,Live bovine animals,THS_HD,Thousand heads (animals),FRM0,Corse,2024,,38.06,,,,,
dataflow,ESTAT:TGS00045(1.0),Animal populations by NUTS 2 region,A,Annual,A2000,Live bovine animals,THS_HD,Thousand heads (animals),FRM0,Corse,2025,,38.11,,,,,
dataflow,ESTAT:TGS00045(1.0),Animal populations by NUTS 2 region,A,Annual,A2000,Live bovine animals,THS_HD,Thousand heads (animals),FRY1,Guadeloupe,2014,,46,,,,,
dataflow,ESTAT:TGS00045(1.0),Animal populations by NUTS 2 region,A,Annual,A2000,Live bovine animals,THS_HD,Thousand heads (animals),FRY1,Guadeloupe,2015,,47,,,,,
dataflow,ESTAT:TGS00045(1.0),Animal populations by NUTS 2 region,A,Annual,A2000,Live bovine animals,THS_HD,Thousand heads (animals),FRY1,Guadeloupe,2016,,46,,,,,
dataflow,ESTAT:TGS00045(1.0),Animal populations by NUTS 2 region,A,Annual,A2000,Live bovine animals,THS_HD,Thousand heads (animals),FRY1,Guadeloupe,2017,,47.34,,,,,
dataflow,ESTAT:TGS00045(1.0),Animal populations by NUTS 2 region,A,Annual,A2000,Live bovine animals,THS_HD,Thousand heads (animals),FRY1,Guadeloupe,2018,,42.07,,,,,
dataflow,ESTAT:TGS00045(1.0),Animal populations by NUTS 2 region,A,Annual,A2000,Live bovine animals,THS_HD,Thousand heads (animals),FRY1,Guadeloupe,2019,,40.78,,,,,
dataflow,ESTAT:TGS00045(1.0),Animal populations by NUTS 2 region,A,Annual,A2000,Live bovine animals,THS_HD,Thousand heads (animals),FRY1,Guadeloupe,2020,,35.35,,,,,
dataflow,ESTAT:TGS00045(1.0),Animal populations by NUTS 2 region,A,Annual,A2000,Live bovine animals,THS_HD,Thousand heads (animals),FRY1,Guadeloupe,2021,,39.18,,,,,
dataflow,ESTAT:TGS00045(1.0),Animal populations by NUTS 2 region,A,Annual,A2000,Live bovine animals,THS_HD,Thousand heads (animals),FRY1,Guadeloupe,2022,,36.16,,,,,
dataflow,ESTAT:TGS00045(1.0),Animal populations by NUTS 2 region,A,Annual,A2000,Live bovine animals,THS_HD,Thousand heads (animals),FRY1,Guadeloupe,2023,,35.53,,,,,
dataflow,ESTAT:TGS00045(1.0),Animal populations by NUTS 2 region,A,Annual,A2000,Live bovine animals,THS_HD,Thousand heads (animals),FRY1,Guadeloupe,2024,,35.64,,,,,
dataflow,ESTAT:TGS00045(1.0),Animal populations by NUTS 2 region,A,Annual,A2000,Live bovine animals,THS_HD,Thousand heads (animals),FRY1,Guadeloupe,2025,,35.24,,,,,
dataflow,ESTAT:TGS00045(1.0),Animal populations by NUTS 2 region,A,Annual,A2000,Live bovine animals,THS_HD,Thousand heads (animals),FRY2,Martinique,2014,,38,,,,,
dataflow,ESTAT:TGS00045(1.0),Animal populations by NUTS 2 region,A,Annual,A2000,Live bovine animals,THS_HD,Thousand heads (animals),FRY2,Martinique,2015,,35,,,,,
dataflow,ESTAT:TGS00045(1.0),Animal populations by NUTS 2 region,A,Annual,A2000,Live bovine animals,THS_HD,Thousand heads (animals),FRY2,Martinique,2016,,32,,,,,
dataflow,ESTAT:TGS00045(1.0),Animal populations by NUTS 2 region,A,Annual,A2000,Live bovine animals,THS_HD,Thousand heads (animals),FRY2,Martinique,2017,,32.36,,,,,
dataflow,ESTAT:TGS00045(1.0),Animal populations by NUTS 2 region,A,Annual,A2000,Live bovine animals,THS_HD,Thousand heads (animals),FRY2,Martinique,2018,,30.71,,,,,
dataflow,ESTAT:TGS00045(1.0),Animal populations by NUTS 2 region,A,Annual,A2000,Live bovine animals,THS_HD,Thousand heads (animals),FRY2,Martinique,2019,,29.6,,,,,
dataflow,ESTAT:TGS00045(1.0),Animal populations by NUTS 2 region,A,Annual,A2000,Live bovine animals,THS_HD,Thousand heads (animals),FRY2,Martinique,2020,,14.14,,,,,
dataflow,ESTAT:TGS00045(1.0),Animal populations by NUTS 2 region,A,Annual,A2000,Live bovine animals,THS_HD,Thousand heads (animals),FRY2,Martinique,2021,,27.28,,,,,
dataflow,ESTAT:TGS00045(1.0),Animal populations by NUTS 2 region,A,Annual,A2000,Live bovine animals,THS_HD,Thousand heads (animals),FRY2,Martinique,2022,,23.38,,,,,
dataflow,ESTAT:TGS00045(1.0),Animal populations by NUTS 2 region,A,Annual,A2000,Live bovine animals,THS_HD,Thousand heads (animals),FRY2,Martinique,2023,,22.19,,,,,
dataflow,ESTAT:TGS00045(1.0),Animal populations by NUTS 2 region,A,Annual,A2000,Live bovine animals,THS_HD,Thousand heads (animals),FRY2,Martinique,2024,,22.14,,,,,
dataflow,ESTAT:TGS00045(1.0),Animal populations by NUTS 2 region,A,Annual,A2000,Live bovine animals,THS_HD,Thousand heads (animals),FRY2,Martinique,2025,,21.68,,,,,
dataflow,ESTAT:TGS00045(1.0),Animal populations by NUTS 2 region,A,Annual,A2000,Live bovine animals,THS_HD,Thousand heads (animals),FRY3,Guyane,2014,,18,,,,,
dataflow,ESTAT:TGS00045(1.0),Animal populations by NUTS 2 region,A,Annual,A2000,Live bovine animals,THS_HD,Thousand heads (animals),FRY3,Guyane,2015,,19,,,,,
dataflow,ESTAT:TGS00045(1.0),Animal populations by NUTS 2 region,A,Annual,A2000,Live bovine animals,THS_HD,Thousand heads (animals),FRY3,Guyane,2016,,19,,,,,
dataflow,ESTAT:TGS00045(1.0),Animal populations by NUTS 2 region,A,Annual,A2000,Live bovine animals,THS_HD,Thousand heads (animals),FRY3,Guyane,2017,,19.02,,,,,
dataflow,ESTAT:TGS00045(1.0),Animal populations by NUTS 2 region,A,Annual,A2000,Live bovine animals,THS_HD,Thousand heads (animals),FRY3,Guyane,2018,,18.19,,,,,
dataflow,ESTAT:TGS00045(1.0),Animal populations by NUTS 2 region,A,Annual,A2000,Live bovine animals,THS_HD,Thousand heads (animals),FRY3,Guyane,2019,,17.97,,,,,
dataflow,ESTAT:TGS00045(1.0),Animal populations by NUTS 2 region,A,Annual,A2000,Live bovine animals,THS_HD,Thousand heads (animals),FRY3,Guyane,2020,,17.2,,,,,
dataflow,ESTAT:TGS00045(1.0),Animal populations by NUTS 2 region,A,Annual,A2000,Live bovine animals,THS_HD,Thousand heads (animals),FRY3,Guyane,2021,,17.53,,,,,
dataflow,ESTAT:TGS00045(1.0),Animal populations by NUTS 2 region,A,Annual,A2000,Live bovine animals,THS_HD,Thousand heads (animals),FRY3,Guyane,2022,,16.21,,,,,
dataflow,ESTAT:TGS00045(1.0),Animal populations by NUTS 2 region,A,Annual,A2000,Live bovine animals,THS_HD,Thousand heads (animals),FRY3,Guyane,2023,,15.01,,,,,
dataflow,ESTAT:TGS00045(1.0),Animal populations by NUTS 2 region,A,Annual,A2000,Live bovine animals,THS_HD,Thousand heads (animals),FRY3,Guyane,2024,,14.59,,,,,
dataflow,ESTAT:TGS00045(1.0),Animal populations by NUTS 2 region,A,Annual,A2000,Live bovine animals,THS_HD,Thousand heads (animals),FRY3,Guyane,2025,,14.7,,,,,
dataflow,ESTAT:TGS00045(1.0),Animal populations by NUTS 2 region,A,Annual,A2000,Live bovine animals,THS_HD,Thousand heads (animals),FRY4,La Réunion,2014,,29,,,,,
dataflow,ESTAT:TGS00045(1.0),Animal populations by NUTS 2 region,A,Annual,A2000,Live bovine animals,THS_HD,Thousand heads (animals),FRY4,La Réunion,2015,,30,,,,,
dataflow,ESTAT:TGS00045(1.0),Animal populations by NUTS 2 region,A,Annual,A2000,Live bovine animals,THS_HD,Thousand heads (animals),FRY4,La Réunion,2016,,31,,,,,
dataflow,ESTAT:TGS00045(1.0),Animal populations by NUTS 2 region,A,Annual,A2000,Live bovine animals,THS_HD,Thousand heads (animals),FRY4,La Réunion,2017,,30.83,,,,,
dataflow,ESTAT:TGS00045(1.0),Animal populations by NUTS 2 region,A,Annual,A2000,Live bovine animals,THS_HD,Thousand heads (animals),FRY4,La Réunion,2018,,30.15,,,,,
dataflow,ESTAT:TGS00045(1.0),Animal populations by NUTS 2 region,A,Annual,A2000,Live bovine animals,THS_HD,Thousand heads (animals),FRY4,La Réunion,2019,,29.29,,,,,
dataflow,ESTAT:TGS00045(1.0),Animal populations by NUTS 2 region,A,Annual,A2000,Live bovine animals,THS_HD,Thousand heads (animals),FRY4,La Réunion,2020,,27.21,,,,,
dataflow,ESTAT:TGS00045(1.0),Animal populations by NUTS 2 region,A,Annual,A2000,Live bovine animals,THS_HD,Thousand heads (animals),FRY4,La Réunion,2021,,25.17,,,,,
dataflow,ESTAT:TGS00045(1.0),Animal populations by NUTS 2 region,A,Annual,A2000,Live bovine animals,THS_HD,Thousand heads (animals),FRY4,La Réunion,2022,,24.29,,,,,
dataflow,ESTAT:TGS00045(1.0),Animal populations by NUTS 2 region,A,Annual,A2000,Live bovine animals,THS_HD,Thousand heads (animals),FRY4,La Réunion,2023,,22.95,,,,,
dataflow,ESTAT:TGS00045(1.0),Animal populations by NUTS 2 region,A,Annual,A2000,Live bovine animals,THS_HD,Thousand heads (animals),FRY4,La Réunion,2024,,22.69,,,,,
dataflow,ESTAT:TGS00045(1.0),Animal populations by NUTS 2 region,A,Annual,A2000,Live bovine animals,THS_HD,Thousand heads (animals),FRY4,La Réunion,2025,,21.48,,,,,
dataflow,ESTAT:TGS00045(1.0),Animal populations by NUTS 2 region,A,Annual,A2000,Live bovine animals,THS_HD,Thousand heads (animals),FRY5,Mayotte,2016,,20,,,,,
dataflow,ESTAT:TGS00045(1.0),Animal populations by NUTS 2 region,A,Annual,A2000,Live bovine animals,THS_HD,Thousand heads (animals),FRY5,Mayotte,2017,,20.73,,,,,
dataflow,ESTAT:TGS00045(1.0),Animal populations by NUTS 2 region,A,Annual,A2000,Live bovine animals,THS_HD,Thousand heads (animals),FRY5,Mayotte,2018,,20.71,,,,,
dataflow,ESTAT:TGS00045(1.0),Animal populations by NUTS 2 region,A,Annual,A2000,Live bovine animals,THS_HD,Thousand heads (animals),FRY5,Mayotte,2019,,20.51,,,,,
dataflow,ESTAT:TGS00045(1.0),Animal populations by NUTS 2 region,A,Annual,A2000,Live bovine animals,THS_HD,Thousand heads (animals),FRY5,Mayotte,2020,,20.49,,,,,
dataflow,ESTAT:TGS00045(1.0),Animal populations by NUTS 2 region,A,Annual,A2000,Live bovine animals,THS_HD,Thousand heads (animals),FRY5,Mayotte,2021,,20.38,,,,,
dataflow,ESTAT:TGS00045(1.0),Animal populations by NUTS 2 region,A,Annual,A2000,Live bovine animals,THS_HD,Thousand heads (animals),FRY5,Mayotte,2022,,20.49,,,,,
dataflow,ESTAT:TGS00045(1.0),Animal populations by NUTS 2 region,A,Annual,A2000,Live bovine animals,THS_HD,Thousand heads (animals),FRY5,Mayotte,2023,,21.18,,,,,
dataflow,ESTAT:TGS00045(1.0),Animal populations by NUTS 2 region,A,Annual,A2000,Live bovine animals,THS_HD,Thousand heads (animals),FRY5,Mayotte,2024,,23.09,,,,,
dataflow,ESTAT:TGS00045(1.0),Animal populations by NUTS 2 region,A,Annual,A2000,Live bovine animals,THS_HD,Thousand heads (animals),FRY5,Mayotte,2025,,24.18,,,,,
dataflow,ESTAT:TGS00045(1.0),Animal populations by NUTS 2 region,A,Annual,A2000,Live bovine animals,THS_HD,Thousand heads (animals),HR02,Panonska Hrvatska,2022,,246.6,,b,break in time series,,
dataflow,ESTAT:TGS00045(1.0),Animal populations by NUTS 2 region,A,Annual,A2000,Live bovine animals,THS_HD,Thousand heads (animals),HR02,Panonska Hrvatska,2023,,245.4,,,,,
dataflow,ESTAT:TGS00045(1.0),Animal populations by NUTS 2 region,A,Annual,A2000,Live bovine animals,THS_HD,Thousand heads (animals),HR02,Panonska Hrvatska,2024,,244.4,,,,,
dataflow,ESTAT:TGS00045(1.0),Animal populations by NUTS 2 region,A,Annual,A2000,Live bovine animals,THS_HD,Thousand heads (animals),HR02,Panonska Hrvatska,2025,,239.2,,,,,
dataflow,ESTAT:TGS00045(1.0),Animal populations by NUTS 2 region,A,Annual,A2000,Live bovine animals,THS_HD,Thousand heads (animals),HR03,Jadranska Hrvatska,2014,,31.8,,,,,
dataflow,ESTAT:TGS00045(1.0),Animal populations by NUTS 2 region,A,Annual,A2000,Live bovine animals,THS_HD,Thousand heads (animals),HR03,Jadranska Hrvatska,2015,,32.4,,,,,
dataflow,ESTAT:TGS00045(1.0),Animal populations by NUTS 2 region,A,Annual,A2000,Live bovine animals,THS_HD,Thousand heads (animals),HR03,Jadranska Hrvatska,2016,,37.1,,,,,
dataflow,ESTAT:TGS00045(1.0),Animal populations by NUTS 2 region,A,Annual,A2000,Live bovine animals,THS_HD,Thousand heads (animals),HR03,Jadranska Hrvatska,2017,,46.7,,,,,
dataflow,ESTAT:TGS00045(1.0),Animal populations by NUTS 2 region,A,Annual,A2000,Live bovine animals,THS_HD,Thousand heads (animals),HR03,Jadranska Hrvatska,2018,,44.5,,b,break in time series,,
dataflow,ESTAT:TGS00045(1.0),Animal populations by NUTS 2 region,A,Annual,A2000,Live bovine animals,THS_HD,Thousand heads (animals),HR03,Jadranska Hrvatska,2019,,48.2,,,,,
dataflow,ESTAT:TGS00045(1.0),Animal populations by NUTS 2 region,A,Annual,A2000,Live bovine animals,THS_HD,Thousand heads (animals),HR03,Jadranska Hrvatska,2020,,55.3,,,,,
dataflow,ESTAT:TGS00045(1.0),Animal populations by NUTS 2 region,A,Annual,A2000,Live bovine animals,THS_HD,Thousand heads (animals),HR03,Jadranska Hrvatska,2021,,60.4,,,,,
dataflow,ESTAT:TGS00045(1.0),Animal populations by NUTS 2 region,A,Annual,A2000,Live bovine animals,THS_HD,Thousand heads (animals),HR03,Jadranska Hrvatska,2022,,63.2,,b,break in time series,,
dataflow,ESTAT:TGS00045(1.0),Animal populations by NUTS 2 region,A,Annual,A2000,Live bovine animals,THS_HD,Thousand heads (animals),HR03,Jadranska Hrvatska,2023,,64.3,,,,,
dataflow,ESTAT:TGS00045(1.0),Animal populations by NUTS 2 region,A,Annual,A2000,Live bovine animals,THS_HD,Thousand heads (animals),HR03,Jadranska Hrvatska,2024,,71.2,,,,,
dataflow,ESTAT:TGS00045(1.0),Animal populations by NUTS 2 region,A,Annual,A2000,Live bovine animals,THS_HD,Thousand heads (animals),HR03,Jadranska Hrvatska,2025,,73.6,,,,,
dataflow,ESTAT:TGS00045(1.0),Animal populations by NUTS 2 region,A,Annual,A2000,Live bovine animals,THS_HD,Thousand heads (animals),HR04,Kontinentalna Hrvatska (NUTS 2016),2014,,408.8,,,,,
dataflow,ESTAT:TGS00045(1.0),Animal populations by NUTS 2 region,A,Annual,A2000,Live bovine animals,THS_HD,Thousand heads (animals),HR04,Kontinentalna Hrvatska (NUTS 2016),2015,,421.9,,,,,
dataflow,ESTAT:TGS00045(1.0),Animal populations by NUTS 2 region,A,Annual,A2000,Live bovine animals,THS_HD,Thousand heads (animals),HR04,Kontinentalna Hrvatska (NUTS 2016),2016,,407.5,,,,,
dataflow,ESTAT:TGS00045(1.0),Animal populations by NUTS 2 region,A,Annual,A2000,Live bovine animals,THS_HD,Thousand heads (animals),HR04,Kontinentalna Hrvatska (NUTS 2016),2017,,404,,,,,
dataflow,ESTAT:TGS00045(1.0),Animal populations by NUTS 2 region,A,Annual,A2000,Live bovine animals,THS_HD,Thousand heads (animals),HR04,Kontinentalna Hrvatska (NUTS 2016),2018,,369.6,,b,break in time series,,
dataflow,ESTAT:TGS00045(1.0),Animal populations by NUTS 2 region,A,Annual,A2000,Live bovine animals,THS_HD,Thousand heads (animals),HR04,Kontinentalna Hrvatska (NUTS 2016),2019,,372,,,,,
dataflow,ESTAT:TGS00045(1.0),Animal populations by NUTS 2 region,A,Annual,A2000,Live bovine animals,THS_HD,Thousand heads (animals),HR04,Kontinentalna Hrvatska (NUTS 2016),2020,,367.6,,,,,
dataflow,ESTAT:TGS00045(1.0),Animal populations by NUTS 2 region,A,Annual,A2000,Live bovine animals,THS_HD,Thousand heads (animals),HR04,Kontinentalna Hrvatska (NUTS 2016),2021,,367.2,,,,,
dataflow,ESTAT:TGS00045(1.0),Animal populations by NUTS 2 region,A,Annual,A2000,Live bovine animals,THS_HD,Thousand heads (animals),HR05,Grad Zagreb,2022,,2.2,,b,break in time series,,
dataflow,ESTAT:TGS00045(1.0),Animal populations by NUTS 2 region,A,Annual,A2000,Live bovine animals,THS_HD,Thousand heads (animals),HR05,Grad Zagreb,2023,,4.6,,,,,
dataflow,ESTAT:TGS00045(1.0),Animal populations by NUTS 2 region,A,Annual,A2000,Live bovine animals,THS_HD,Thousand heads (animals),HR05,Grad Zagreb,2024,,1.8,,,,,
dataflow,ESTAT:TGS00045(1.0),Animal populations by NUTS 2 region,A,Annual,A2000,Live bovine animals,THS_HD,Thousand heads (animals),HR05,Grad Zagreb,2025,,1.7,,,,,
dataflow,ESTAT:TGS00045(1.0),Animal populations by NUTS 2 region,A,Annual,A2000,Live bovine animals,THS_HD,Thousand heads (animals),HR06,Sjeverna Hrvatska,2022,,109.8,,b,break in time series,,
dataflow,ESTAT:TGS00045(1.0),Animal populations by NUTS 2 region,A,Annual,A2000,Live bovine animals,THS_HD,Thousand heads (animals),HR06,Sjeverna Hrvatska,2023,,100.9,,,,,
dataflow,ESTAT:TGS00045(1.0),Animal populations by NUTS 2 region,A,Annual,A2000,Live bovine animals,THS_HD,Thousand heads (animals),HR06,Sjeverna Hrvatska,2024,,105.1,,,,,
dataflow,ESTAT:TGS00045(1.0),Animal populations by NUTS 2 region,A,Annual,A2000,Live bovine animals,THS_HD,Thousand heads (animals),HR06,Sjeverna Hrvatska,2025,,103.5,,,,,
dataflow,ESTAT:TGS00045(1.0),Animal populations by NUTS 2 region,A,Annual,A2000,Live bovine animals,THS_HD,Thousand heads (animals),HU10,Közép-Magyarország (NUTS 2013),2014,,64,,,,,
dataflow,ESTAT:TGS00045(1.0),Animal populations by NUTS 2 region,A,Annual,A2000,Live bovine animals,THS_HD,Thousand heads (animals),HU10,Közép-Magyarország (NUTS 2013),2015,,68,,,,,
dataflow,ESTAT:TGS00045(1.0),Animal populations by NUTS 2 region,A,Annual,A2000,Live bovine animals,THS_HD,Thousand heads (animals),HU10,Közép-Magyarország (NUTS 2013),2016,,74,,,,,
dataflow,ESTAT:TGS00045(1.0),Animal populations by NUTS 2 region,A,Annual,A2000,Live bovine animals,THS_HD,Thousand heads (animals),HU10,Közép-Magyarország (NUTS 2013),2017,,79,,,,,
dataflow,ESTAT:TGS00045(1.0),Animal populations by NUTS 2 region,A,Annual,A2000,Live bovine animals,THS_HD,Thousand heads (animals),HU10,Közép-Magyarország (NUTS 2013),2018,,80,,,,,
dataflow,ESTAT:TGS00045(1.0),Animal populations by NUTS 2 region,A,Annual,A2000,Live bovine animals,THS_HD,Thousand heads (animals),HU10,Közép-Magyarország (NUTS 2013),2019,,87,,,,,
dataflow,ESTAT:TGS00045(1.0),Animal populations by NUTS 2 region,A,Annual,A2000,Live bovine animals,THS_HD,Thousand heads (animals),HU10,Közép-Magyarország (NUTS 2013),2020,,87,,,,,
dataflow,ESTAT:TGS00045(1.0),Animal populations by NUTS 2 region,A,Annual,A2000,Live bovine animals,THS_HD,Thousand heads (animals),HU10,Közép-Magyarország (NUTS 2013),2021,,86.1,,,,,
dataflow,ESTAT:TGS00045(1.0),Animal populations by NUTS 2 region,A,Annual,A2000,Live bovine animals,THS_HD,Thousand heads (animals),HU11,Budapest,2017,,7,,,,,
dataflow,ESTAT:TGS00045(1.0),Animal populations by NUTS 2 region,A,Annual,A2000,Live bovine animals,THS_HD,Thousand heads (animals),HU11,Budapest,2018,,8,,,,,
dataflow,ESTAT:TGS00045(1.0),Animal populations by NUTS 2 region,A,Annual,A2000,Live bovine animals,THS_HD,Thousand heads (animals),HU11,Budapest,2019,,8,,,,,
dataflow,ESTAT:TGS00045(1.0),Animal populations by NUTS 2 region,A,Annual,A2000,Live bovine animals,THS_HD,Thousand heads (animals),HU11,Budapest,2020,,1.9,,,,,
dataflow,ESTAT:TGS00045(1.0),Animal populations by NUTS 2 region,A,Annual,A2000,Live bovine animals,THS_HD,Thousand heads (animals),HU11,Budapest,2021,,1.2,,,,,
dataflow,ESTAT:TGS00045(1.0),Animal populations by NUTS 2 region,A,Annual,A2000,Live bovine animals,THS_HD,Thousand heads (animals),HU11,Budapest,2022,,0.9,,,,,
dataflow,ESTAT:TGS00045(1.0),Animal populations by NUTS 2 region,A,Annual,A2000,Live bovine animals,THS_HD,Thousand heads (animals),HU11,Budapest,2023,,0.9,,,,,
dataflow,ESTAT:TGS00045(1.0),Animal populations by NUTS 2 region,A,Annual,A2000,Live bovine animals,THS_HD,Thousand heads (animals),HU11,Budapest,2024,,1.4,,,,,
dataflow,ESTAT:TGS00045(1.0),Animal populations by NUTS 2 region,A,Annual,A2000,Live bovine animals,THS_HD,Thousand heads (animals),HU11,Budapest,2025,,1.2,,,,,
dataflow,ESTAT:TGS00045(1.0),Animal populations by NUTS 2 region,A,Annual,A2000,Live bovine animals,THS_HD,Thousand heads (animals),HU12,Pest,2017,,72,,,,,
dataflow,ESTAT:TGS00045(1.0),Animal populations by NUTS 2 region,A,Annual,A2000,Live bovine animals,THS_HD,Thousand heads (animals),HU12,Pest,2018,,72,,,,,
dataflow,ESTAT:TGS00045(1.0),Animal populations by NUTS 2 region,A,Annual,A2000,Live bovine animals,THS_HD,Thousand heads (animals),HU12,Pest,2019,,79,,,,,
dataflow,ESTAT:TGS00045(1.0),Animal populations by NUTS 2 region,A,Annual,A2000,Live bovine animals,THS_HD,Thousand heads (animals),HU12,Pest,2020,,84.2,,,,,
dataflow,ESTAT:TGS00045(1.0),Animal populations by NUTS 2 region,A,Annual,A2000,Live bovine animals,THS_HD,Thousand heads (animals),HU12,Pest,2021,,86,,,,,
dataflow,ESTAT:TGS00045(1.0),Animal populations by NUTS 2 region,A,Annual,A2000,Live bovine animals,THS_HD,Thousand heads (animals),HU12,Pest,2022,,81.6,,,,,
dataflow,ESTAT:TGS00045(1.0),Animal populations by NUTS 2 region,A,Annual,A2000,Live bovine animals,THS_HD,Thousand heads (animals),HU12,Pest,2023,,77.6,,,,,
dataflow,ESTAT:TGS00045(1.0),Animal populations by NUTS 2 region,A,Annual,A2000,Live bovine animals,THS_HD,Thousand heads (animals),HU12,Pest,2024,,72.1,,,,,
dataflow,ESTAT:TGS00045(1.0),Animal populations by NUTS 2 region,A,Annual,A2000,Live bovine animals,THS_HD,Thousand heads (animals),HU12,Pest,2025,,80.4,,,,,
dataflow,ESTAT:TGS00045(1.0),Animal populations by NUTS 2 region,A,Annual,A2000,Live bovine animals,THS_HD,Thousand heads (animals),HU21,Közép-Dunántúl,2014,,97,,,,,
dataflow,ESTAT:TGS00045(1.0),Animal populations by NUTS 2 region,A,Annual,A2000,Live bovine animals,THS_HD,Thousand heads (animals),HU21,Közép-Dunántúl,2015,,101,,,,,
dataflow,ESTAT:TGS00045(1.0),Animal populations by NUTS 2 region,A,Annual,A2000,Live bovine animals,THS_HD,Thousand heads (animals),HU21,Közép-Dunántúl,2016,,111,,,,,
dataflow,ESTAT:TGS00045(1.0),Animal populations by NUTS 2 region,A,Annual,A2000,Live bovine animals,THS_HD,Thousand heads (animals),HU21,Közép-Dunántúl,2017,,112,,,,,
dataflow,ESTAT:TGS00045(1.0),Animal populations by NUTS 2 region,A,Annual,A2000,Live bovine animals,THS_HD,Thousand heads (animals),HU21,Közép-Dunántúl,2018,,108,,,,,
dataflow,ESTAT:TGS00045(1.0),Animal populations by NUTS 2 region,A,Annual,A2000,Live bovine animals,THS_HD,Thousand heads (animals),HU21,Közép-Dunántúl,2019,,111,,,,,
dataflow,ESTAT:TGS00045(1.0),Animal populations by NUTS 2 region,A,Annual,A2000,Live bovine animals,THS_HD,Thousand heads (animals),HU21,Közép-Dunántúl,2020,,119.9,,,,,
dataflow,ESTAT:TGS00045(1.0),Animal populations by NUTS 2 region,A,Annual,A2000,Live bovine animals,THS_HD,Thousand heads (animals),HU21,Közép-Dunántúl,2021,,110.3,,,,,
dataflow,ESTAT:TGS00045(1.0),Animal populations by NUTS 2 region,A,Annual,A2000,Live bovine animals,THS_HD,Thousand heads (animals),HU21,Közép-Dunántúl,2022,,112.4,,,,,
dataflow,ESTAT:TGS00045(1.0),Animal populations by NUTS 2 region,A,Annual,A2000,Live bovine animals,THS_HD,Thousand heads (animals),HU21,Közép-Dunántúl,2023,,111.8,,,,,
dataflow,ESTAT:TGS00045(1.0),Animal populations by NUTS 2 region,A,Annual,A2000,Live bovine animals,THS_HD,Thousand heads (animals),HU21,Közép-Dunántúl,2024,,115.4,,,,,
dataflow,ESTAT:TGS00045(1.0),Animal populations by NUTS 2 region,A,Annual,A2000,Live bovine animals,THS_HD,Thousand heads (animals),HU21,Közép-Dunántúl,2025,,113.9,,,,,
dataflow,ESTAT:TGS00045(1.0),Animal populations by NUTS 2 region,A,Annual,A2000,Live bovine animals,THS_HD,Thousand heads (animals),HU22,Nyugat-Dunántúl,2014,,108,,,,,
dataflow,ESTAT:TGS00045(1.0),Animal populations by NUTS 2 region,A,Annual,A2000,Live bovine animals,THS_HD,Thousand heads (animals),HU22,Nyugat-Dunántúl,2015,,110,,,,,
dataflow,ESTAT:TGS00045(1.0),Animal populations by NUTS 2 region,A,Annual,A2000,Live bovine animals,THS_HD,Thousand heads (animals),HU22,Nyugat-Dunántúl,2016,,113,,,,,
dataflow,ESTAT:TGS00045(1.0),Animal populations by NUTS 2 region,A,Annual,A2000,Live bovine animals,THS_HD,Thousand heads (animals),HU22,Nyugat-Dunántúl,2017,,116,,,,,
dataflow,ESTAT:TGS00045(1.0),Animal populations by NUTS 2 region,A,Annual,A2000,Live bovine animals,THS_HD,Thousand heads (animals),HU22,Nyugat-Dunántúl,2018,,116,,,,,
dataflow,ESTAT:TGS00045(1.0),Animal populations by NUTS 2 region,A,Annual,A2000,Live bovine animals,THS_HD,Thousand heads (animals),HU22,Nyugat-Dunántúl,2019,,118,,,,,
dataflow,ESTAT:TGS00045(1.0),Animal populations by NUTS 2 region,A,Annual,A2000,Live bovine animals,THS_HD,Thousand heads (animals),HU22,Nyugat-Dunántúl,2020,,117.6,,,,,
dataflow,ESTAT:TGS00045(1.0),Animal populations by NUTS 2 region,A,Annual,A2000,Live bovine animals,THS_HD,Thousand heads (animals),HU22,Nyugat-Dunántúl,2021,,118.1,,,,,
dataflow,ESTAT:TGS00045(1.0),Animal populations by NUTS 2 region,A,Annual,A2000,Live bovine animals,THS_HD,Thousand heads (animals),HU22,Nyugat-Dunántúl,2022,,118.8,,,,,
dataflow,ESTAT:TGS00045(1.0),Animal populations by NUTS 2 region,A,Annual,A2000,Live bovine animals,THS_HD,Thousand heads (animals),HU22,Nyugat-Dunántúl,2023,,100.2,,,,,
dataflow,ESTAT:TGS00045(1.0),Animal populations by NUTS 2 region,A,Annual,A2000,Live bovine animals,THS_HD,Thousand heads (animals),HU22,Nyugat-Dunántúl,2024,,100.2,,,,,
dataflow,ESTAT:TGS00045(1.0),Animal populations by NUTS 2 region,A,Annual,A2000,Live bovine animals,THS_HD,Thousand heads (animals),HU22,Nyugat-Dunántúl,2025,,98.9,,,,,
dataflow,ESTAT:TGS00045(1.0),Animal populations by NUTS 2 region,A,Annual,A2000,Live bovine animals,THS_HD,Thousand heads (animals),HU23,Dél-Dunántúl,2014,,102,,,,,
dataflow,ESTAT:TGS00045(1.0),Animal populations by NUTS 2 region,A,Annual,A2000,Live bovine animals,THS_HD,Thousand heads (animals),HU23,Dél-Dunántúl,2015,,108,,,,,
dataflow,ESTAT:TGS00045(1.0),Animal populations by NUTS 2 region,A,Annual,A2000,Live bovine animals,THS_HD,Thousand heads (animals),HU23,Dél-Dunántúl,2016,,105,,,,,
dataflow,ESTAT:TGS00045(1.0),Animal populations by NUTS 2 region,A,Annual,A2000,Live bovine animals,THS_HD,Thousand heads (animals),HU23,Dél-Dunántúl,2017,,106,,,,,
dataflow,ESTAT:TGS00045(1.0),Animal populations by NUTS 2 region,A,Annual,A2000,Live bovine animals,THS_HD,Thousand heads (animals),HU23,Dél-Dunántúl,2018,,110,,,,,
dataflow,ESTAT:TGS00045(1.0),Animal populations by NUTS 2 region,A,Annual,A2000,Live bovine animals,THS_HD,Thousand heads (animals),HU23,Dél-Dunántúl,2019,,113,,,,,
dataflow,ESTAT:TGS00045(1.0),Animal populations by NUTS 2 region,A,Annual,A2000,Live bovine animals,THS_HD,Thousand heads (animals),HU23,Dél-Dunántúl,2020,,110.4,,,,,
dataflow,ESTAT:TGS00045(1.0),Animal populations by NUTS 2 region,A,Annual,A2000,Live bovine animals,THS_HD,Thousand heads (animals),HU23,Dél-Dunántúl,2021,,91.2,,,,,
dataflow,ESTAT:TGS00045(1.0),Animal populations by NUTS 2 region,A,Annual,A2000,Live bovine animals,THS_HD,Thousand heads (animals),HU23,Dél-Dunántúl,2022,,97.3,,,,,
dataflow,ESTAT:TGS00045(1.0),Animal populations by NUTS 2 region,A,Annual,A2000,Live bovine animals,THS_HD,Thousand heads (animals),HU23,Dél-Dunántúl,2023,,101,,,,,
dataflow,ESTAT:TGS00045(1.0),Animal populations by NUTS 2 region,A,Annual,A2000,Live bovine animals,THS_HD,Thousand heads (animals),HU23,Dél-Dunántúl,2024,,101.4,,,,,
dataflow,ESTAT:TGS00045(1.0),Animal populations by NUTS 2 region,A,Annual,A2000,Live bovine animals,THS_HD,Thousand heads (animals),HU23,Dél-Dunántúl,2025,,100,,,,,
dataflow,ESTAT:TGS00045(1.0),Animal populations by NUTS 2 region,A,Annual,A2000,Live bovine animals,THS_HD,Thousand heads (animals),HU31,Észak-Magyarország,2014,,71,,,,,
dataflow,ESTAT:TGS00045(1.0),Animal populations by NUTS 2 region,A,Annual,A2000,Live bovine animals,THS_HD,Thousand heads (animals),HU31,Észak-Magyarország,2015,,71,,,,,
dataflow,ESTAT:TGS00045(1.0),Animal populations by NUTS 2 region,A,Annual,A2000,Live bovine animals,THS_HD,Thousand heads (animals),HU31,Észak-Magyarország,2016,,79,,,,,
dataflow,ESTAT:TGS00045(1.0),Animal populations by NUTS 2 region,A,Annual,A2000,Live bovine animals,THS_HD,Thousand heads (animals),HU31,Észak-Magyarország,2017,,84,,,,,
dataflow,ESTAT:TGS00045(1.0),Animal populations by NUTS 2 region,A,Annual,A2000,Live bovine animals,THS_HD,Thousand heads (animals),HU31,Észak-Magyarország,2018,,82,,,,,
dataflow,ESTAT:TGS00045(1.0),Animal populations by NUTS 2 region,A,Annual,A2000,Live bovine animals,THS_HD,Thousand heads (animals),HU31,Észak-Magyarország,2019,,84,,,,,
dataflow,ESTAT:TGS00045(1.0),Animal populations by NUTS 2 region,A,Annual,A2000,Live bovine animals,THS_HD,Thousand heads (animals),HU31,Észak-Magyarország,2020,,92.8,,,,,
dataflow,ESTAT:TGS00045(1.0),Animal populations by NUTS 2 region,A,Annual,A2000,Live bovine animals,THS_HD,Thousand heads (animals),HU31,Észak-Magyarország,2021,,88.5,,,,,
dataflow,ESTAT:TGS00045(1.0),Animal populations by NUTS 2 region,A,Annual,A2000,Live bovine animals,THS_HD,Thousand heads (animals),HU31,Észak-Magyarország,2022,,84.8,,,,,
dataflow,ESTAT:TGS00045(1.0),Animal populations by NUTS 2 region,A,Annual,A2000,Live bovine animals,THS_HD,Thousand heads (animals),HU31,Észak-Magyarország,2023,,93.2,,,,,
dataflow,ESTAT:TGS00045(1.0),Animal populations by NUTS 2 region,A,Annual,A2000,Live bovine animals,THS_HD,Thousand heads (animals),HU31,Észak-Magyarország,2024,,89.6,,,,,
dataflow,ESTAT:TGS00045(1.0),Animal populations by NUTS 2 region,A,Annual,A2000,Live bovine animals,THS_HD,Thousand heads (animals),HU31,Észak-Magyarország,2025,,92,,,,,
dataflow,ESTAT:TGS00045(1.0),Animal populations by NUTS 2 region,A,Annual,A2000,Live bovine animals,THS_HD,Thousand heads (animals),HU32,Észak-Alföld,2014,,192,,,,,
dataflow,ESTAT:TGS00045(1.0),Animal populations by NUTS 2 region,A,Annual,A2000,Live bovine animals,THS_HD,Thousand heads (animals),HU32,Észak-Alföld,2015,,195,,,,,
dataflow,ESTAT:TGS00045(1.0),Animal populations by NUTS 2 region,A,Annual,A2000,Live bovine animals,THS_HD,Thousand heads (animals),HU32,Észak-Alföld,2016,,200,,,,,
dataflow,ESTAT:TGS00045(1.0),Animal populations by NUTS 2 region,A,Annual,A2000,Live bovine animals,THS_HD,Thousand heads (animals),HU32,Észak-Alföld,2017,,196,,,,,
dataflow,ESTAT:TGS00045(1.0),Animal populations by NUTS 2 region,A,Annual,A2000,Live bovine animals,THS_HD,Thousand heads (animals),HU32,Észak-Alföld,2018,,210,,,,,
dataflow,ESTAT:TGS00045(1.0),Animal populations by NUTS 2 region,A,Annual,A2000,Live bovine animals,THS_HD,Thousand heads (animals),HU32,Észak-Alföld,2019,,216,,,,,
dataflow,ESTAT:TGS00045(1.0),Animal populations by NUTS 2 region,A,Annual,A2000,Live bovine animals,THS_HD,Thousand heads (animals),HU32,Észak-Alföld,2020,,220.4,,,,,
dataflow,ESTAT:TGS00045(1.0),Animal populations by NUTS 2 region,A,Annual,A2000,Live bovine animals,THS_HD,Thousand heads (animals),HU32,Észak-Alföld,2021,,234.4,,,,,
dataflow,ESTAT:TGS00045(1.0),Animal populations by NUTS 2 region,A,Annual,A2000,Live bovine animals,THS_HD,Thousand heads (animals),HU32,Észak-Alföld,2022,,221.1,,,,,
dataflow,ESTAT:TGS00045(1.0),Animal populations by NUTS 2 region,A,Annual,A2000,Live bovine animals,THS_HD,Thousand heads (animals),HU32,Észak-Alföld,2023,,207.4,,,,,
dataflow,ESTAT:TGS00045(1.0),Animal populations by NUTS 2 region,A,Annual,A2000,Live bovine animals,THS_HD,Thousand heads (animals),HU32,Észak-Alföld,2024,,209.5,,,,,
dataflow,ESTAT:TGS00045(1.0),Animal populations by NUTS 2 region,A,Annual,A2000,Live bovine animals,THS_HD,Thousand heads (animals),HU32,Észak-Alföld,2025,,216.3,,,,,
dataflow,ESTAT:TGS00045(1.0),Animal populations by NUTS 2 region,A,Annual,A2000,Live bovine animals,THS_HD,Thousand heads (animals),HU33,Dél-Alföld,2014,,169,,,,,
dataflow,ESTAT:TGS00045(1.0),Animal populations by NUTS 2 region,A,Annual,A2000,Live bovine animals,THS_HD,Thousand heads (animals),HU33,Dél-Alföld,2015,,169,,,,,
dataflow,ESTAT:TGS00045(1.0),Animal populations by NUTS 2 region,A,Annual,A2000,Live bovine animals,THS_HD,Thousand heads (animals),HU33,Dél-Alföld,2016,,171,,,,,
dataflow,ESTAT:TGS00045(1.0),Animal populations by NUTS 2 region,A,Annual,A2000,Live bovine animals,THS_HD,Thousand heads (animals),HU33,Dél-Alföld,2017,,177,,,,,
dataflow,ESTAT:TGS00045(1.0),Animal populations by NUTS 2 region,A,Annual,A2000,Live bovine animals,THS_HD,Thousand heads (animals),HU33,Dél-Alföld,2018,,179,,,,,
dataflow,ESTAT:TGS00045(1.0),Animal populations by NUTS 2 region,A,Annual,A2000,Live bovine animals,THS_HD,Thousand heads (animals),HU33,Dél-Alföld,2019,,181,,,,,
dataflow,ESTAT:TGS00045(1.0),Animal populations by NUTS 2 region,A,Annual,A2000,Live bovine animals,THS_HD,Thousand heads (animals),HU33,Dél-Alföld,2020,,185.9,,,,,
dataflow,ESTAT:TGS00045(1.0),Animal populations by NUTS 2 region,A,Annual,A2000,Live bovine animals,THS_HD,Thousand heads (animals),HU33,Dél-Alföld,2021,,180.3,,,,,
dataflow,ESTAT:TGS00045(1.0),Animal populations by NUTS 2 region,A,Annual,A2000,Live bovine animals,THS_HD,Thousand heads (animals),HU33,Dél-Alföld,2022,,177.2,,,,,
dataflow,ESTAT:TGS00045(1.0),Animal populations by NUTS 2 region,A,Annual,A2000,Live bovine animals,THS_HD,Thousand heads (animals),HU33,Dél-Alföld,2023,,177.7,,,,,
dataflow,ESTAT:TGS00045(1.0),Animal populations by NUTS 2 region,A,Annual,A2000,Live bovine animals,THS_HD,Thousand heads (animals),HU33,Dél-Alföld,2024,,180.3,,,,,
dataflow,ESTAT:TGS00045(1.0),Animal populations by NUTS 2 region,A,Annual,A2000,Live bovine animals,THS_HD,Thousand heads (animals),HU33,Dél-Alföld,2025,,180.3,,,,,
dataflow,ESTAT:TGS00045(1.0),Animal populations by NUTS 2 region,A,Annual,A2000,Live bovine animals,THS_HD,Thousand heads (animals),IE01,"Border, Midland and Western (NUTS 2013)",2014,,2379.91,,,,,
dataflow,ESTAT:TGS00045(1.0),Animal populations by NUTS 2 region,A,Annual,A2000,Live bovine animals,THS_HD,Thousand heads (animals),IE01,"Border, Midland and Western (NUTS 2013)",2015,,2442.1,,,,,
dataflow,ESTAT:TGS00045(1.0),Animal populations by NUTS 2 region,A,Annual,A2000,Live bovine animals,THS_HD,Thousand heads (animals),IE01,"Border, Midland and Western (NUTS 2013)",2016,,2510.33,,,,,
dataflow,ESTAT:TGS00045(1.0),Animal populations by NUTS 2 region,A,Annual,A2000,Live bovine animals,THS_HD,Thousand heads (animals),IE02,Southern and Eastern (NUTS 2013),2014,,3863.14,,,,,
dataflow,ESTAT:TGS00045(1.0),Animal populations by NUTS 2 region,A,Annual,A2000,Live bovine animals,THS_HD,Thousand heads (animals),IE02,Southern and Eastern (NUTS 2013),2015,,3980.13,,,,,
dataflow,ESTAT:TGS00045(1.0),Animal populations by NUTS 2 region,A,Annual,A2000,Live bovine animals,THS_HD,Thousand heads (animals),IE02,Southern and Eastern (NUTS 2013),2016,,4103.1,,,,,
dataflow,ESTAT:TGS00045(1.0),Animal populations by NUTS 2 region,A,Annual,A2000,Live bovine animals,THS_HD,Thousand heads (animals),IE04,Northern and Western,2014,,1573.62,,,,,
dataflow,ESTAT:TGS00045(1.0),Animal populations by NUTS 2 region,A,Annual,A2000,Live bovine animals,THS_HD,Thousand heads (animals),IE04,Northern and Western,2015,,1609.58,,,,,
dataflow,ESTAT:TGS00045(1.0),Animal populations by NUTS 2 region,A,Annual,A2000,Live bovine animals,THS_HD,Thousand heads (animals),IE04,Northern and Western,2016,,1641.19,,,,,
dataflow,ESTAT:TGS00045(1.0),Animal populations by NUTS 2 region,A,Annual,A2000,Live bovine animals,THS_HD,Thousand heads (animals),IE04,Northern and Western,2017,,1602.8,,,,,
dataflow,ESTAT:TGS00045(1.0),Animal populations by NUTS 2 region,A,Annual,A2000,Live bovine animals,THS_HD,Thousand heads (animals),IE04,Northern and Western,2018,,1595.93,,,,,
dataflow,ESTAT:TGS00045(1.0),Animal populations by NUTS 2 region,A,Annual,A2000,Live bovine animals,THS_HD,Thousand heads (animals),IE04,Northern and Western,2019,,1599.09,,,,,
dataflow,ESTAT:TGS00045(1.0),Animal populations by NUTS 2 region,A,Annual,A2000,Live bovine animals,THS_HD,Thousand heads (animals),IE04,Northern and Western,2020,,1591.68,,,,,
dataflow,ESTAT:TGS00045(1.0),Animal populations by NUTS 2 region,A,Annual,A2000,Live bovine animals,THS_HD,Thousand heads (animals),IE04,Northern and Western,2021,,1607.54,,,,,
dataflow,ESTAT:TGS00045(1.0),Animal populations by NUTS 2 region,A,Annual,A2000,Live bovine animals,THS_HD,Thousand heads (animals),IE04,Northern and Western,2022,,1576.34,,,,,
dataflow,ESTAT:TGS00045(1.0),Animal populations by NUTS 2 region,A,Annual,A2000,Live bovine animals,THS_HD,Thousand heads (animals),IE04,Northern and Western,2023,,1591.32,,,,,
dataflow,ESTAT:TGS00045(1.0),Animal populations by NUTS 2 region,A,Annual,A2000,Live bovine animals,THS_HD,Thousand heads (animals),IE04,Northern and Western,2024,,1553.09,,,,,
dataflow,ESTAT:TGS00045(1.0),Animal populations by NUTS 2 region,A,Annual,A2000,Live bovine animals,THS_HD,Thousand heads (animals),IE04,Northern and Western,2025,,1551.39,,,,,
dataflow,ESTAT:TGS00045(1.0),Animal populations by NUTS 2 region,A,Annual,A2000,Live bovine animals,THS_HD,Thousand heads (animals),IE05,Southern,2014,,3329.05,,,,,
dataflow,ESTAT:TGS00045(1.0),Animal populations by NUTS 2 region,A,Annual,A2000,Live bovine animals,THS_HD,Thousand heads (animals),IE05,Southern,2015,,3431.15,,,,,
dataflow,ESTAT:TGS00045(1.0),Animal populations by NUTS 2 region,A,Annual,A2000,Live bovine animals,THS_HD,Thousand heads (animals),IE05,Southern,2016,,3536.96,,,,,
dataflow,ESTAT:TGS00045(1.0),Animal populations by NUTS 2 region,A,Annual,A2000,Live bovine animals,THS_HD,Thousand heads (animals),IE05,Southern,2017,,3588.08,,,,,
dataflow,ESTAT:TGS00045(1.0),Animal populations by NUTS 2 region,A,Annual,A2000,Live bovine animals,THS_HD,Thousand heads (animals),IE05,Southern,2018,,3528.7,,,,,
dataflow,ESTAT:TGS00045(1.0),Animal populations by NUTS 2 region,A,Annual,A2000,Live bovine animals,THS_HD,Thousand heads (animals),IE05,Southern,2019,,3514.55,,,,,
dataflow,ESTAT:TGS00045(1.0),Animal populations by NUTS 2 region,A,Annual,A2000,Live bovine animals,THS_HD,Thousand heads (animals),IE05,Southern,2020,,3507.21,,,,,
dataflow,ESTAT:TGS00045(1.0),Animal populations by NUTS 2 region,A,Annual,A2000,Live bovine animals,THS_HD,Thousand heads (animals),IE05,Southern,2021,,3577.7,,,,,
dataflow,ESTAT:TGS00045(1.0),Animal populations by NUTS 2 region,A,Annual,A2000,Live bovine animals,THS_HD,Thousand heads (animals),IE05,Southern,2022,,3530.24,,,,,
dataflow,ESTAT:TGS00045(1.0),Animal populations by NUTS 2 region,A,Annual,A2000,Live bovine animals,THS_HD,Thousand heads (animals),IE05,Southern,2023,,3497.44,,,,,
dataflow,ESTAT:TGS00045(1.0),Animal populations by NUTS 2 region,A,Annual,A2000,Live bovine animals,THS_HD,Thousand heads (animals),IE05,Southern,2024,,3361.51,,,,,
dataflow,ESTAT:TGS00045(1.0),Animal populations by NUTS 2 region,A,Annual,A2000,Live bovine animals,THS_HD,Thousand heads (animals),IE05,Southern,2025,,3333.09,,,,,
dataflow,ESTAT:TGS00045(1.0),Animal populations by NUTS 2 region,A,Annual,A2000,Live bovine animals,THS_HD,Thousand heads (animals),IE06,Eastern and Midland,2014,,1340.38,,,,,
dataflow,ESTAT:TGS00045(1.0),Animal populations by NUTS 2 region,A,Annual,A2000,Live bovine animals,THS_HD,Thousand heads (animals),IE06,Eastern and Midland,2015,,1381.5,,,,,
dataflow,ESTAT:TGS00045(1.0),Animal populations by NUTS 2 region,A,Annual,A2000,Live bovine animals,THS_HD,Thousand heads (animals),IE06,Eastern and Midland,2016,,1435.29,,,,,
dataflow,ESTAT:TGS00045(1.0),Animal populations by NUTS 2 region,A,Annual,A2000,Live bovine animals,THS_HD,Thousand heads (animals),IE06,Eastern and Midland,2017,,1482.72,,,,,
dataflow,ESTAT:TGS00045(1.0),Animal populations by NUTS 2 region,A,Annual,A2000,Live bovine animals,THS_HD,Thousand heads (animals),IE06,Eastern and Midland,2018,,1468.86,,,,,
dataflow,ESTAT:TGS00045(1.0),Animal populations by NUTS 2 region,A,Annual,A2000,Live bovine animals,THS_HD,Thousand heads (animals),IE06,Eastern and Midland,2019,,1446.01,,,,,
dataflow,ESTAT:TGS00045(1.0),Animal populations by NUTS 2 region,A,Annual,A2000,Live bovine animals,THS_HD,Thousand heads (animals),IE06,Eastern and Midland,2020,,1430.55,,,,,
dataflow,ESTAT:TGS00045(1.0),Animal populations by NUTS 2 region,A,Annual,A2000,Live bovine animals,THS_HD,Thousand heads (animals),IE06,Eastern and Midland,2021,,1464.07,,,,,
dataflow,ESTAT:TGS00045(1.0),Animal populations by NUTS 2 region,A,Annual,A2000,Live bovine animals,THS_HD,Thousand heads (animals),IE06,Eastern and Midland,2022,,1445.25,,,,,
dataflow,ESTAT:TGS00045(1.0),Animal populations by NUTS 2 region,A,Annual,A2000,Live bovine animals,THS_HD,Thousand heads (animals),IE06,Eastern and Midland,2023,,1437.21,,,,,
dataflow,ESTAT:TGS00045(1.0),Animal populations by NUTS 2 region,A,Annual,A2000,Live bovine animals,THS_HD,Thousand heads (animals),IE06,Eastern and Midland,2024,,1393.7,,,,,
dataflow,ESTAT:TGS00045(1.0),Animal populations by NUTS 2 region,A,Annual,A2000,Live bovine animals,THS_HD,Thousand heads (animals),IE06,Eastern and Midland,2025,,1399.64,,,,,
dataflow,ESTAT:TGS00045(1.0),Animal populations by NUTS 2 region,A,Annual,A2000,Live bovine animals,THS_HD,Thousand heads (animals),IS00,Ísland,2014,,73.7,,,,,
dataflow,ESTAT:TGS00045(1.0),Animal populations by NUTS 2 region,A,Annual,A2000,Live bovine animals,THS_HD,Thousand heads (animals),IS00,Ísland,2015,,75.9,,,,,
dataflow,ESTAT:TGS00045(1.0),Animal populations by NUTS 2 region,A,Annual,A2000,Live bovine animals,THS_HD,Thousand heads (animals),IS00,Ísland,2016,,79.9,,,,,
dataflow,ESTAT:TGS00045(1.0),Animal populations by NUTS 2 region,A,Annual,A2000,Live bovine animals,THS_HD,Thousand heads (animals),IS00,Ísland,2017,,80.9,,,,,
dataflow,ESTAT:TGS00045(1.0),Animal populations by NUTS 2 region,A,Annual,A2000,Live bovine animals,THS_HD,Thousand heads (animals),IS00,Ísland,2018,,81.4,,,,,
dataflow,ESTAT:TGS00045(1.0),Animal populations by NUTS 2 region,A,Annual,A2000,Live bovine animals,THS_HD,Thousand heads (animals),IS00,Ísland,2019,,80.9,,,,,
dataflow,ESTAT:TGS00045(1.0),Animal populations by NUTS 2 region,A,Annual,A2000,Live bovine animals,THS_HD,Thousand heads (animals),IS00,Ísland,2020,,81.4,,,,,
dataflow,ESTAT:TGS00045(1.0),Animal populations by NUTS 2 region,A,Annual,A2000,Live bovine animals,THS_HD,Thousand heads (animals),IS00,Ísland,2022,,79.93,,,,,
dataflow,ESTAT:TGS00045(1.0),Animal populations by NUTS 2 region,A,Annual,A2000,Live bovine animals,THS_HD,Thousand heads (animals),IS00,Ísland,2023,,78.73,,,,,
dataflow,ESTAT:TGS00045(1.0),Animal populations by NUTS 2 region,A,Annual,A2000,Live bovine animals,THS_HD,Thousand heads (animals),IS00,Ísland,2024,,76.9,,,,,
dataflow,ESTAT:TGS00045(1.0),Animal populations by NUTS 2 region,A,Annual,A2000,Live bovine animals,THS_HD,Thousand heads (animals),ITC1,Piemonte,2014,,793.62,,,,,
dataflow,ESTAT:TGS00045(1.0),Animal populations by NUTS 2 region,A,Annual,A2000,Live bovine animals,THS_HD,Thousand heads (animals),ITC1,Piemonte,2015,,790.94,,,,,
dataflow,ESTAT:TGS00045(1.0),Animal populations by NUTS 2 region,A,Annual,A2000,Live bovine animals,THS_HD,Thousand heads (animals),ITC1,Piemonte,2016,,837.31,,,,,
dataflow,ESTAT:TGS00045(1.0),Animal populations by NUTS 2 region,A,Annual,A2000,Live bovine animals,THS_HD,Thousand heads (animals),ITC1,Piemonte,2017,,780.96,,,,,
dataflow,ESTAT:TGS00045(1.0),Animal populations by NUTS 2 region,A,Annual,A2000,Live bovine animals,THS_HD,Thousand heads (animals),ITC1,Piemonte,2018,,804.6,,,,,
dataflow,ESTAT:TGS00045(1.0),Animal populations by NUTS 2 region,A,Annual,A2000,Live bovine animals,THS_HD,Thousand heads (animals),ITC1,Piemonte,2019,,828.4,,,,,
dataflow,ESTAT:TGS00045(1.0),Animal populations by NUTS 2 region,A,Annual,A2000,Live bovine animals,THS_HD,Thousand heads (animals),ITC1,Piemonte,2020,,841.38,,,,,
dataflow,ESTAT:TGS00045(1.0),Animal populations by NUTS 2 region,A,Annual,A2000,Live bovine animals,THS_HD,Thousand heads (animals),ITC1,Piemonte,2021,,822.04,,,,,
dataflow,ESTAT:TGS00045(1.0),Animal populations by NUTS 2 region,A,Annual,A2000,Live bovine animals,THS_HD,Thousand heads (animals),ITC1,Piemonte,2022,,811.22,,b,break in time series,,
dataflow,ESTAT:TGS00045(1.0),Animal populations by NUTS 2 region,A,Annual,A2000,Live bovine animals,THS_HD,Thousand heads (animals),ITC1,Piemonte,2023,,793.9,,,,,
dataflow,ESTAT:TGS00045(1.0),Animal populations by NUTS 2 region,A,Annual,A2000,Live bovine animals,THS_HD,Thousand heads (animals),ITC1,Piemonte,2024,,754.94,,b,break in time series,,
dataflow,ESTAT:TGS00045(1.0),Animal populations by NUTS 2 region,A,Annual,A2000,Live bovine animals,THS_HD,Thousand heads (animals),ITC1,Piemonte,2025,,751.33,,,,,
dataflow,ESTAT:TGS00045(1.0),Animal populations by NUTS 2 region,A,Annual,A2000,Live bovine animals,THS_HD,Thousand heads (animals),ITC2,Valle d’Aosta/Vallée d’Aoste,2014,,35.24,,,,,
dataflow,ESTAT:TGS00045(1.0),Animal populations by NUTS 2 region,A,Annual,A2000,Live bovine animals,THS_HD,Thousand heads (animals),ITC2,Valle d’Aosta/Vallée d’Aoste,2015,,38.73,,,,,
dataflow,ESTAT:TGS00045(1.0),Animal populations by NUTS 2 region,A,Annual,A2000,Live bovine animals,THS_HD,Thousand heads (animals),ITC2,Valle d’Aosta/Vallée d’Aoste,2016,,37.51,,,,,
dataflow,ESTAT:TGS00045(1.0),Animal populations by NUTS 2 region,A,Annual,A2000,Live bovine animals,THS_HD,Thousand heads (animals),ITC2,Valle d’Aosta/Vallée d’Aoste,2017,,29.36,,,,,
dataflow,ESTAT:TGS00045(1.0),Animal populations by NUTS 2 region,A,Annual,A2000,Live bovine animals,THS_HD,Thousand heads (animals),ITC2,Valle d’Aosta/Vallée d’Aoste,2018,,30.15,,,,,
dataflow,ESTAT:TGS00045(1.0),Animal populations by NUTS 2 region,A,Annual,A2000,Live bovine animals,THS_HD,Thousand heads (animals),ITC2,Valle d’Aosta/Vallée d’Aoste,2019,,32.27,,,,,
dataflow,ESTAT:TGS00045(1.0),Animal populations by NUTS 2 region,A,Annual,A2000,Live bovine animals,THS_HD,Thousand heads (animals),ITC2,Valle d’Aosta/Vallée d’Aoste,2020,,32.08,,,,,
dataflow,ESTAT:TGS00045(1.0),Animal populations by NUTS 2 region,A,Annual,A2000,Live bovine animals,THS_HD,Thousand heads (animals),ITC2,Valle d’Aosta/Vallée d’Aoste,2021,,39.29,,,,,
dataflow,ESTAT:TGS00045(1.0),Animal populations by NUTS 2 region,A,Annual,A2000,Live bovine animals,THS_HD,Thousand heads (animals),ITC2,Valle d’Aosta/Vallée d’Aoste,2022,,37.92,,b,break in time series,,
dataflow,ESTAT:TGS00045(1.0),Animal populations by NUTS 2 region,A,Annual,A2000,Live bovine animals,THS_HD,Thousand heads (animals),ITC2,Valle d’Aosta/Vallée d’Aoste,2023,,35.46,,,,,
dataflow,ESTAT:TGS00045(1.0),Animal populations by NUTS 2 region,A,Annual,A2000,Live bovine animals,THS_HD,Thousand heads (animals),ITC2,Valle d’Aosta/Vallée d’Aoste,2024,,32.47,,b,break in time series,,
dataflow,ESTAT:TGS00045(1.0),Animal populations by NUTS 2 region,A,Annual,A2000,Live bovine animals,THS_HD,Thousand heads (animals),ITC2,Valle d’Aosta/Vallée d’Aoste,2025,,33.19,,,,,
dataflow,ESTAT:TGS00045(1.0),Animal populations by NUTS 2 region,A,Annual,A2000,Live bovine animals,THS_HD,Thousand heads (animals),ITC3,Liguria,2014,,13.78,,,,,
dataflow,ESTAT:TGS00045(1.0),Animal populations by NUTS 2 region,A,Annual,A2000,Live bovine animals,THS_HD,Thousand heads (animals),ITC3,Liguria,2015,,19.52,,,,,
dataflow,ESTAT:TGS00045(1.0),Animal populations by NUTS 2 region,A,Annual,A2000,Live bovine animals,THS_HD,Thousand heads (animals),ITC3,Liguria,2016,,19.27,,,,,
dataflow,ESTAT:TGS00045(1.0),Animal populations by NUTS 2 region,A,Annual,A2000,Live bovine animals,THS_HD,Thousand heads (animals),ITC3,Liguria,2017,,16.43,,,,,
dataflow,ESTAT:TGS00045(1.0),Animal populations by NUTS 2 region,A,Annual,A2000,Live bovine animals,THS_HD,Thousand heads (animals),ITC3,Liguria,2018,,17.15,,,,,
dataflow,ESTAT:TGS00045(1.0),Animal populations by NUTS 2 region,A,Annual,A2000,Live bovine animals,THS_HD,Thousand heads (animals),ITC3,Liguria,2019,,15.22,,,,,
dataflow,ESTAT:TGS00045(1.0),Animal populations by NUTS 2 region,A,Annual,A2000,Live bovine animals,THS_HD,Thousand heads (animals),ITC3,Liguria,2020,,15.14,,,,,
dataflow,ESTAT:TGS00045(1.0),Animal populations by NUTS 2 region,A,Annual,A2000,Live bovine animals,THS_HD,Thousand heads (animals),ITC3,Liguria,2021,,13.9,,,,,
dataflow,ESTAT:TGS00045(1.0),Animal populations by NUTS 2 region,A,Annual,A2000,Live bovine animals,THS_HD,Thousand heads (animals),ITC3,Liguria,2022,,11.8,,b,break in time series,,
dataflow,ESTAT:TGS00045(1.0),Animal populations by NUTS 2 region,A,Annual,A2000,Live bovine animals,THS_HD,Thousand heads (animals),ITC3,Liguria,2023,,11.93,,,,,
dataflow,ESTAT:TGS00045(1.0),Animal populations by NUTS 2 region,A,Annual,A2000,Live bovine animals,THS_HD,Thousand heads (animals),ITC3,Liguria,2024,,11.28,,b,break in time series,,
dataflow,ESTAT:TGS00045(1.0),Animal populations by NUTS 2 region,A,Annual,A2000,Live bovine animals,THS_HD,Thousand heads (animals),ITC3,Liguria,2025,,11.44,,,,,
dataflow,ESTAT:TGS00045(1.0),Animal populations by NUTS 2 region,A,Annual,A2000,Live bovine animals,THS_HD,Thousand heads (animals),ITC4,Lombardia,2014,,1431.74,,,,,
dataflow,ESTAT:TGS00045(1.0),Animal populations by NUTS 2 region,A,Annual,A2000,Live bovine animals,THS_HD,Thousand heads (animals),ITC4,Lombardia,2015,,1430.53,,,,,
dataflow,ESTAT:TGS00045(1.0),Animal populations by NUTS 2 region,A,Annual,A2000,Live bovine animals,THS_HD,Thousand heads (animals),ITC4,Lombardia,2016,,1459.47,,,,,
dataflow,ESTAT:TGS00045(1.0),Animal populations by NUTS 2 region,A,Annual,A2000,Live bovine animals,THS_HD,Thousand heads (animals),ITC4,Lombardia,2017,,1451.67,,,,,
dataflow,ESTAT:TGS00045(1.0),Animal populations by NUTS 2 region,A,Annual,A2000,Live bovine animals,THS_HD,Thousand heads (animals),ITC4,Lombardia,2018,,1478.16,,,,,
dataflow,ESTAT:TGS00045(1.0),Animal populations by NUTS 2 region,A,Annual,A2000,Live bovine animals,THS_HD,Thousand heads (animals),ITC4,Lombardia,2019,,1547.03,,,,,
dataflow,ESTAT:TGS00045(1.0),Animal populations by NUTS 2 region,A,Annual,A2000,Live bovine animals,THS_HD,Thousand heads (animals),ITC4,Lombardia,2020,,1549.99,,,,,
dataflow,ESTAT:TGS00045(1.0),Animal populations by NUTS 2 region,A,Annual,A2000,Live bovine animals,THS_HD,Thousand heads (animals),ITC4,Lombardia,2021,,1545.02,,,,,
dataflow,ESTAT:TGS00045(1.0),Animal populations by NUTS 2 region,A,Annual,A2000,Live bovine animals,THS_HD,Thousand heads (animals),ITC4,Lombardia,2022,,1538.47,,b,break in time series,,
dataflow,ESTAT:TGS00045(1.0),Animal populations by NUTS 2 region,A,Annual,A2000,Live bovine animals,THS_HD,Thousand heads (animals),ITC4,Lombardia,2023,,1535.56,,,,,
dataflow,ESTAT:TGS00045(1.0),Animal populations by NUTS 2 region,A,Annual,A2000,Live bovine animals,THS_HD,Thousand heads (animals),ITC4,Lombardia,2024,,1520.95,,b,break in time series,,
dataflow,ESTAT:TGS00045(1.0),Animal populations by NUTS 2 region,A,Annual,A2000,Live bovine animals,THS_HD,Thousand heads (animals),ITC4,Lombardia,2025,,1547.79,,,,,
dataflow,ESTAT:TGS00045(1.0),Animal populations by NUTS 2 region,A,Annual,A2000,Live bovine animals,THS_HD,Thousand heads (animals),ITF1,Abruzzo,2014,,58.53,,,,,
dataflow,ESTAT:TGS00045(1.0),Animal populations by NUTS 2 region,A,Annual,A2000,Live bovine animals,THS_HD,Thousand heads (animals),ITF1,Abruzzo,2015,,58.94,,,,,
dataflow,ESTAT:TGS00045(1.0),Animal populations by NUTS 2 region,A,Annual,A2000,Live bovine animals,THS_HD,Thousand heads (animals),ITF1,Abruzzo,2016,,61.5,,,,,
dataflow,ESTAT:TGS00045(1.0),Animal populations by NUTS 2 region,A,Annual,A2000,Live bovine animals,THS_HD,Thousand heads (animals),ITF1,Abruzzo,2017,,67.39,,,,,
dataflow,ESTAT:TGS00045(1.0),Animal populations by NUTS 2 region,A,Annual,A2000,Live bovine animals,THS_HD,Thousand heads (animals),ITF1,Abruzzo,2018,,64.86,,,,,
dataflow,ESTAT:TGS00045(1.0),Animal populations by NUTS 2 region,A,Annual,A2000,Live bovine animals,THS_HD,Thousand heads (animals),ITF1,Abruzzo,2019,,76.54,,,,,
dataflow,ESTAT:TGS00045(1.0),Animal populations by NUTS 2 region,A,Annual,A2000,Live bovine animals,THS_HD,Thousand heads (animals),ITF1,Abruzzo,2020,,79.69,,,,,
dataflow,ESTAT:TGS00045(1.0),Animal populations by NUTS 2 region,A,Annual,A2000,Live bovine animals,THS_HD,Thousand heads (animals),ITF1,Abruzzo,2021,,76.8,,,,,
dataflow,ESTAT:TGS00045(1.0),Animal populations by NUTS 2 region,A,Annual,A2000,Live bovine animals,THS_HD,Thousand heads (animals),ITF1,Abruzzo,2022,,67.2,,b,break in time series,,
dataflow,ESTAT:TGS00045(1.0),Animal populations by NUTS 2 region,A,Annual,A2000,Live bovine animals,THS_HD,Thousand heads (animals),ITF1,Abruzzo,2023,,66.78,,,,,
dataflow,ESTAT:TGS00045(1.0),Animal populations by NUTS 2 region,A,Annual,A2000,Live bovine animals,THS_HD,Thousand heads (animals),ITF1,Abruzzo,2024,,58.75,,b,break in time series,,
dataflow,ESTAT:TGS00045(1.0),Animal populations by NUTS 2 region,A,Annual,A2000,Live bovine animals,THS_HD,Thousand heads (animals),ITF1,Abruzzo,2025,,57.4,,,,,
dataflow,ESTAT:TGS00045(1.0),Animal populations by NUTS 2 region,A,Annual,A2000,Live bovine animals,THS_HD,Thousand heads (animals),ITF2,Molise,2014,,49.63,,,,,
dataflow,ESTAT:TGS00045(1.0),Animal populations by NUTS 2 region,A,Annual,A2000,Live bovine animals,THS_HD,Thousand heads (animals),ITF2,Molise,2015,,48.83,,,,,
dataflow,ESTAT:TGS00045(1.0),Animal populations by NUTS 2 region,A,Annual,A2000,Live bovine animals,THS_HD,Thousand heads (animals),ITF2,Molise,2016,,50.91,,,,,
dataflow,ESTAT:TGS00045(1.0),Animal populations by NUTS 2 region,A,Annual,A2000,Live bovine animals,THS_HD,Thousand heads (animals),ITF2,Molise,2017,,58.47,,,,,
dataflow,ESTAT:TGS00045(1.0),Animal populations by NUTS 2 region,A,Annual,A2000,Live bovine animals,THS_HD,Thousand heads (animals),ITF2,Molise,2018,,56.4,,,,,
dataflow,ESTAT:TGS00045(1.0),Animal populations by NUTS 2 region,A,Annual,A2000,Live bovine animals,THS_HD,Thousand heads (animals),ITF2,Molise,2019,,49.14,,,,,
dataflow,ESTAT:TGS00045(1.0),Animal populations by NUTS 2 region,A,Annual,A2000,Live bovine animals,THS_HD,Thousand heads (animals),ITF2,Molise,2020,,48.92,,,,,
dataflow,ESTAT:TGS00045(1.0),Animal populations by NUTS 2 region,A,Annual,A2000,Live bovine animals,THS_HD,Thousand heads (animals),ITF2,Molise,2021,,47.87,,,,,
dataflow,ESTAT:TGS00045(1.0),Animal populations by NUTS 2 region,A,Annual,A2000,Live bovine animals,THS_HD,Thousand heads (animals),ITF2,Molise,2022,,40.72,,b,break in time series,,
dataflow,ESTAT:TGS00045(1.0),Animal populations by NUTS 2 region,A,Annual,A2000,Live bovine animals,THS_HD,Thousand heads (animals),ITF2,Molise,2023,,39.9,,,,,
dataflow,ESTAT:TGS00045(1.0),Animal populations by NUTS 2 region,A,Annual,A2000,Live bovine animals,THS_HD,Thousand heads (animals),ITF2,Molise,2024,,32.56,,b,break in time series,,
dataflow,ESTAT:TGS00045(1.0),Animal populations by NUTS 2 region,A,Annual,A2000,Live bovine animals,THS_HD,Thousand heads (animals),ITF2,Molise,2025,,31.88,,,,,
dataflow,ESTAT:TGS00045(1.0),Animal populations by NUTS 2 region,A,Annual,A2000,Live bovine animals,THS_HD,Thousand heads (animals),ITF3,Campania,2014,,477.55,,,,,
dataflow,ESTAT:TGS00045(1.0),Animal populations by NUTS 2 region,A,Annual,A2000,Live bovine animals,THS_HD,Thousand heads (animals),ITF3,Campania,2015,,477.68,,,,,
dataflow,ESTAT:TGS00045(1.0),Animal populations by NUTS 2 region,A,Annual,A2000,Live bovine animals,THS_HD,Thousand heads (animals),ITF3,Campania,2016,,488.7,,,,,
dataflow,ESTAT:TGS00045(1.0),Animal populations by NUTS 2 region,A,Annual,A2000,Live bovine animals,THS_HD,Thousand heads (animals),ITF3,Campania,2017,,513.55,,,,,
dataflow,ESTAT:TGS00045(1.0),Animal populations by NUTS 2 region,A,Annual,A2000,Live bovine animals,THS_HD,Thousand heads (animals),ITF3,Campania,2018,,499.26,,,,,
dataflow,ESTAT:TGS00045(1.0),Animal populations by NUTS 2 region,A,Annual,A2000,Live bovine animals,THS_HD,Thousand heads (animals),ITF3,Campania,2019,,494.72,,,,,
dataflow,ESTAT:TGS00045(1.0),Animal populations by NUTS 2 region,A,Annual,A2000,Live bovine animals,THS_HD,Thousand heads (animals),ITF3,Campania,2020,,498.92,,,,,
dataflow,ESTAT:TGS00045(1.0),Animal populations by NUTS 2 region,A,Annual,A2000,Live bovine animals,THS_HD,Thousand heads (animals),ITF3,Campania,2021,,489.61,,,,,
dataflow,ESTAT:TGS00045(1.0),Animal populations by NUTS 2 region,A,Annual,A2000,Live bovine animals,THS_HD,Thousand heads (animals),ITF3,Campania,2022,,462.18,,b,break in time series,,
dataflow,ESTAT:TGS00045(1.0),Animal populations by NUTS 2 region,A,Annual,A2000,Live bovine animals,THS_HD,Thousand heads (animals),ITF3,Campania,2023,,452.65,,,,,
dataflow,ESTAT:TGS00045(1.0),Animal populations by NUTS 2 region,A,Annual,A2000,Live bovine animals,THS_HD,Thousand heads (animals),ITF3,Campania,2024,,447.19,,b,break in time series,,
dataflow,ESTAT:TGS00045(1.0),Animal populations by NUTS 2 region,A,Annual,A2000,Live bovine animals,THS_HD,Thousand heads (animals),ITF3,Campania,2025,,450.04,,,,,
dataflow,ESTAT:TGS00045(1.0),Animal populations by NUTS 2 region,A,Annual,A2000,Live bovine animals,THS_HD,Thousand heads (animals),ITF4,Puglia,2014,,219.31,,,,,
dataflow,ESTAT:TGS00045(1.0),Animal populations by NUTS 2 region,A,Annual,A2000,Live bovine animals,THS_HD,Thousand heads (animals),ITF4,Puglia,2015,,223.7,,,,,
dataflow,ESTAT:TGS00045(1.0),Animal populations by NUTS 2 region,A,Annual,A2000,Live bovine animals,THS_HD,Thousand heads (animals),ITF4,Puglia,2016,,231.18,,,,,
dataflow,ESTAT:TGS00045(1.0),Animal populations by NUTS 2 region,A,Annual,A2000,Live bovine animals,THS_HD,Thousand heads (animals),ITF4,Puglia,2017,,232.18,,,,,
dataflow,ESTAT:TGS00045(1.0),Animal populations by NUTS 2 region,A,Annual,A2000,Live bovine animals,THS_HD,Thousand heads (animals),ITF4,Puglia,2018,,229.76,,,,,
dataflow,ESTAT:TGS00045(1.0),Animal populations by NUTS 2 region,A,Annual,A2000,Live bovine animals,THS_HD,Thousand heads (animals),ITF4,Puglia,2019,,197.61,,,,,
dataflow,ESTAT:TGS00045(1.0),Animal populations by NUTS 2 region,A,Annual,A2000,Live bovine animals,THS_HD,Thousand heads (animals),ITF4,Puglia,2020,,200.25,,,,,
dataflow,ESTAT:TGS00045(1.0),Animal populations by NUTS 2 region,A,Annual,A2000,Live bovine animals,THS_HD,Thousand heads (animals),ITF4,Puglia,2021,,196.7,,,,,
dataflow,ESTAT:TGS00045(1.0),Animal populations by NUTS 2 region,A,Annual,A2000,Live bovine animals,THS_HD,Thousand heads (animals),ITF4,Puglia,2022,,183.42,,b,break in time series,,
dataflow,ESTAT:TGS00045(1.0),Animal populations by NUTS 2 region,A,Annual,A2000,Live bovine animals,THS_HD,Thousand heads (animals),ITF4,Puglia,2023,,184.74,,,,,
dataflow,ESTAT:TGS00045(1.0),Animal populations by NUTS 2 region,A,Annual,A2000,Live bovine animals,THS_HD,Thousand heads (animals),ITF4,Puglia,2024,,178.12,,b,break in time series,,
dataflow,ESTAT:TGS00045(1.0),Animal populations by NUTS 2 region,A,Annual,A2000,Live bovine animals,THS_HD,Thousand heads (animals),ITF4,Puglia,2025,,182.96,,,,,
dataflow,ESTAT:TGS00045(1.0),Animal populations by NUTS 2 region,A,Annual,A2000,Live bovine animals,THS_HD,Thousand heads (animals),ITF5,Basilicata,2014,,91.67,,,,,
dataflow,ESTAT:TGS00045(1.0),Animal populations by NUTS 2 region,A,Annual,A2000,Live bovine animals,THS_HD,Thousand heads (animals),ITF5,Basilicata,2015,,93.56,,,,,
dataflow,ESTAT:TGS00045(1.0),Animal populations by NUTS 2 region,A,Annual,A2000,Live bovine animals,THS_HD,Thousand heads (animals),ITF5,Basilicata,2016,,95.21,,,,,
dataflow,ESTAT:TGS00045(1.0),Animal populations by NUTS 2 region,A,Annual,A2000,Live bovine animals,THS_HD,Thousand heads (animals),ITF5,Basilicata,2017,,102.29,,,,,
dataflow,ESTAT:TGS00045(1.0),Animal populations by NUTS 2 region,A,Annual,A2000,Live bovine animals,THS_HD,Thousand heads (animals),ITF5,Basilicata,2018,,95.3,,,,,
dataflow,ESTAT:TGS00045(1.0),Animal populations by NUTS 2 region,A,Annual,A2000,Live bovine animals,THS_HD,Thousand heads (animals),ITF5,Basilicata,2019,,99.34,,,,,
dataflow,ESTAT:TGS00045(1.0),Animal populations by NUTS 2 region,A,Annual,A2000,Live bovine animals,THS_HD,Thousand heads (animals),ITF5,Basilicata,2020,,99.64,,,,,
dataflow,ESTAT:TGS00045(1.0),Animal populations by NUTS 2 region,A,Annual,A2000,Live bovine animals,THS_HD,Thousand heads (animals),ITF5,Basilicata,2021,,99.61,,,,,
dataflow,ESTAT:TGS00045(1.0),Animal populations by NUTS 2 region,A,Annual,A2000,Live bovine animals,THS_HD,Thousand heads (animals),ITF5,Basilicata,2022,,100.8,,b,break in time series,,
dataflow,ESTAT:TGS00045(1.0),Animal populations by NUTS 2 region,A,Annual,A2000,Live bovine animals,THS_HD,Thousand heads (animals),ITF5,Basilicata,2023,,99.87,,,,,
dataflow,ESTAT:TGS00045(1.0),Animal populations by NUTS 2 region,A,Annual,A2000,Live bovine animals,THS_HD,Thousand heads (animals),ITF5,Basilicata,2024,,98.65,,b,break in time series,,
dataflow,ESTAT:TGS00045(1.0),Animal populations by NUTS 2 region,A,Annual,A2000,Live bovine animals,THS_HD,Thousand heads (animals),ITF5,Basilicata,2025,,95.09,,,,,
dataflow,ESTAT:TGS00045(1.0),Animal populations by NUTS 2 region,A,Annual,A2000,Live bovine animals,THS_HD,Thousand heads (animals),ITF6,Calabria,2014,,120.72,,,,,
dataflow,ESTAT:TGS00045(1.0),Animal populations by NUTS 2 region,A,Annual,A2000,Live bovine animals,THS_HD,Thousand heads (animals),ITF6,Calabria,2015,,126.41,,,,,
dataflow,ESTAT:TGS00045(1.0),Animal populations by NUTS 2 region,A,Annual,A2000,Live bovine animals,THS_HD,Thousand heads (animals),ITF6,Calabria,2016,,127.37,,,,,
dataflow,ESTAT:TGS00045(1.0),Animal populations by NUTS 2 region,A,Annual,A2000,Live bovine animals,THS_HD,Thousand heads (animals),ITF6,Calabria,2017,,134.74,,,,,
dataflow,ESTAT:TGS00045(1.0),Animal populations by NUTS 2 region,A,Annual,A2000,Live bovine animals,THS_HD,Thousand heads (animals),ITF6,Calabria,2018,,134.55,,,,,
dataflow,ESTAT:TGS00045(1.0),Animal populations by NUTS 2 region,A,Annual,A2000,Live bovine animals,THS_HD,Thousand heads (animals),ITF6,Calabria,2019,,145.44,,,,,
dataflow,ESTAT:TGS00045(1.0),Animal populations by NUTS 2 region,A,Annual,A2000,Live bovine animals,THS_HD,Thousand heads (animals),ITF6,Calabria,2020,,145.77,,,,,
dataflow,ESTAT:TGS00045(1.0),Animal populations by NUTS 2 region,A,Annual,A2000,Live bovine animals,THS_HD,Thousand heads (animals),ITF6,Calabria,2021,,133.62,,,,,
dataflow,ESTAT:TGS00045(1.0),Animal populations by NUTS 2 region,A,Annual,A2000,Live bovine animals,THS_HD,Thousand heads (animals),ITF6,Calabria,2022,,117.41,,b,break in time series,,
dataflow,ESTAT:TGS00045(1.0),Animal populations by NUTS 2 region,A,Annual,A2000,Live bovine animals,THS_HD,Thousand heads (animals),ITF6,Calabria,2023,,116.01,,,,,
dataflow,ESTAT:TGS00045(1.0),Animal populations by NUTS 2 region,A,Annual,A2000,Live bovine animals,THS_HD,Thousand heads (animals),ITF6,Calabria,2024,,110.65,,b,break in time series,,
dataflow,ESTAT:TGS00045(1.0),Animal populations by NUTS 2 region,A,Annual,A2000,Live bovine animals,THS_HD,Thousand heads (animals),ITF6,Calabria,2025,,107.85,,,,,
dataflow,ESTAT:TGS00045(1.0),Animal populations by NUTS 2 region,A,Annual,A2000,Live bovine animals,THS_HD,Thousand heads (animals),ITG1,Sicilia,2014,,350.14,,,,,
dataflow,ESTAT:TGS00045(1.0),Animal populations by NUTS 2 region,A,Annual,A2000,Live bovine animals,THS_HD,Thousand heads (animals),ITG1,Sicilia,2015,,346.3,,,,,
dataflow,ESTAT:TGS00045(1.0),Animal populations by NUTS 2 region,A,Annual,A2000,Live bovine animals,THS_HD,Thousand heads (animals),ITG1,Sicilia,2016,,355.74,,,,,
dataflow,ESTAT:TGS00045(1.0),Animal populations by NUTS 2 region,A,Annual,A2000,Live bovine animals,THS_HD,Thousand heads (animals),ITG1,Sicilia,2017,,367.98,,,,,
dataflow,ESTAT:TGS00045(1.0),Animal populations by NUTS 2 region,A,Annual,A2000,Live bovine animals,THS_HD,Thousand heads (animals),ITG1,Sicilia,2018,,351.38,,,,,
dataflow,ESTAT:TGS00045(1.0),Animal populations by NUTS 2 region,A,Annual,A2000,Live bovine animals,THS_HD,Thousand heads (animals),ITG1,Sicilia,2019,,390.91,,,,,
dataflow,ESTAT:TGS00045(1.0),Animal populations by NUTS 2 region,A,Annual,A2000,Live bovine animals,THS_HD,Thousand heads (animals),ITG1,Sicilia,2020,,391.3,,,,,
dataflow,ESTAT:TGS00045(1.0),Animal populations by NUTS 2 region,A,Annual,A2000,Live bovine animals,THS_HD,Thousand heads (animals),ITG1,Sicilia,2021,,375.18,,,,,
dataflow,ESTAT:TGS00045(1.0),Animal populations by NUTS 2 region,A,Annual,A2000,Live bovine animals,THS_HD,Thousand heads (animals),ITG1,Sicilia,2022,,334.14,,b,break in time series,,
dataflow,ESTAT:TGS00045(1.0),Animal populations by NUTS 2 region,A,Annual,A2000,Live bovine animals,THS_HD,Thousand heads (animals),ITG1,Sicilia,2023,,325.04,,,,,
dataflow,ESTAT:TGS00045(1.0),Animal populations by NUTS 2 region,A,Annual,A2000,Live bovine animals,THS_HD,Thousand heads (animals),ITG1,Sicilia,2024,,314.53,,b,break in time series,,
dataflow,ESTAT:TGS00045(1.0),Animal populations by NUTS 2 region,A,Annual,A2000,Live bovine animals,THS_HD,Thousand heads (animals),ITG1,Sicilia,2025,,316.11,,,,,
dataflow,ESTAT:TGS00045(1.0),Animal populations by NUTS 2 region,A,Annual,A2000,Live bovine animals,THS_HD,Thousand heads (animals),ITG2,Sardegna,2014,,259.66,,,,,
dataflow,ESTAT:TGS00045(1.0),Animal populations by NUTS 2 region,A,Annual,A2000,Live bovine animals,THS_HD,Thousand heads (animals),ITG2,Sardegna,2015,,260.92,,,,,
dataflow,ESTAT:TGS00045(1.0),Animal populations by NUTS 2 region,A,Annual,A2000,Live bovine animals,THS_HD,Thousand heads (animals),ITG2,Sardegna,2016,,260.65,,,,,
dataflow,ESTAT:TGS00045(1.0),Animal populations by NUTS 2 region,A,Annual,A2000,Live bovine animals,THS_HD,Thousand heads (animals),ITG2,Sardegna,2017,,271.02,,,,,
dataflow,ESTAT:TGS00045(1.0),Animal populations by NUTS 2 region,A,Annual,A2000,Live bovine animals,THS_HD,Thousand heads (animals),ITG2,Sardegna,2018,,269.51,,,,,
dataflow,ESTAT:TGS00045(1.0),Animal populations by NUTS 2 region,A,Annual,A2000,Live bovine animals,THS_HD,Thousand heads (animals),ITG2,Sardegna,2019,,290.87,,,,,
dataflow,ESTAT:TGS00045(1.0),Animal populations by NUTS 2 region,A,Annual,A2000,Live bovine animals,THS_HD,Thousand heads (animals),ITG2,Sardegna,2020,,288.97,,,,,
dataflow,ESTAT:TGS00045(1.0),Animal populations by NUTS 2 region,A,Annual,A2000,Live bovine animals,THS_HD,Thousand heads (animals),ITG2,Sardegna,2021,,291.16,,,,,
dataflow,ESTAT:TGS00045(1.0),Animal populations by NUTS 2 region,A,Annual,A2000,Live bovine animals,THS_HD,Thousand heads (animals),ITG2,Sardegna,2022,,274.94,,b,break in time series,,
dataflow,ESTAT:TGS00045(1.0),Animal populations by NUTS 2 region,A,Annual,A2000,Live bovine animals,THS_HD,Thousand heads (animals),ITG2,Sardegna,2023,,276.25,,,,,
dataflow,ESTAT:TGS00045(1.0),Animal populations by NUTS 2 region,A,Annual,A2000,Live bovine animals,THS_HD,Thousand heads (animals),ITG2,Sardegna,2024,,279.13,,b,break in time series,,
dataflow,ESTAT:TGS00045(1.0),Animal populations by NUTS 2 region,A,Annual,A2000,Live bovine animals,THS_HD,Thousand heads (animals),ITG2,Sardegna,2025,,272.49,,,,,
dataflow,ESTAT:TGS00045(1.0),Animal populations by NUTS 2 region,A,Annual,A2000,Live bovine animals,THS_HD,Thousand heads (animals),ITH1,Provincia Autonoma di Bolzano/Bozen,2014,,127.24,,,,,
dataflow,ESTAT:TGS00045(1.0),Animal populations by NUTS 2 region,A,Annual,A2000,Live bovine animals,THS_HD,Thousand heads (animals),ITH1,Provincia Autonoma di Bolzano/Bozen,2015,,129.59,,,,,
dataflow,ESTAT:TGS00045(1.0),Animal populations by NUTS 2 region,A,Annual,A2000,Live bovine animals,THS_HD,Thousand heads (animals),ITH1,Provincia Autonoma di Bolzano/Bozen,2016,,136.33,,,,,
dataflow,ESTAT:TGS00045(1.0),Animal populations by NUTS 2 region,A,Annual,A2000,Live bovine animals,THS_HD,Thousand heads (animals),ITH1,Provincia Autonoma di Bolzano/Bozen,2017,,151.26,,,,,
dataflow,ESTAT:TGS00045(1.0),Animal populations by NUTS 2 region,A,Annual,A2000,Live bovine animals,THS_HD,Thousand heads (animals),ITH1,Provincia Autonoma di Bolzano/Bozen,2018,,129.16,,,,,
dataflow,ESTAT:TGS00045(1.0),Animal populations by NUTS 2 region,A,Annual,A2000,Live bovine animals,THS_HD,Thousand heads (animals),ITH1,Provincia Autonoma di Bolzano/Bozen,2019,,127.25,,,,,
dataflow,ESTAT:TGS00045(1.0),Animal populations by NUTS 2 region,A,Annual,A2000,Live bovine animals,THS_HD,Thousand heads (animals),ITH1,Provincia Autonoma di Bolzano/Bozen,2020,,122.68,,,,,
dataflow,ESTAT:TGS00045(1.0),Animal populations by NUTS 2 region,A,Annual,A2000,Live bovine animals,THS_HD,Thousand heads (animals),ITH1,Provincia Autonoma di Bolzano/Bozen,2021,,122.46,,,,,
dataflow,ESTAT:TGS00045(1.0),Animal populations by NUTS 2 region,A,Annual,A2000,Live bovine animals,THS_HD,Thousand heads (animals),ITH1,Provincia Autonoma di Bolzano/Bozen,2022,,122.66,,b,break in time series,,
dataflow,ESTAT:TGS00045(1.0),Animal populations by NUTS 2 region,A,Annual,A2000,Live bovine animals,THS_HD,Thousand heads (animals),ITH1,Provincia Autonoma di Bolzano/Bozen,2023,,121.5,,,,,
dataflow,ESTAT:TGS00045(1.0),Animal populations by NUTS 2 region,A,Annual,A2000,Live bovine animals,THS_HD,Thousand heads (animals),ITH1,Provincia Autonoma di Bolzano/Bozen,2024,,123.28,,b,break in time series,,
dataflow,ESTAT:TGS00045(1.0),Animal populations by NUTS 2 region,A,Annual,A2000,Live bovine animals,THS_HD,Thousand heads (animals),ITH1,Provincia Autonoma di Bolzano/Bozen,2025,,125.76,,,,,
dataflow,ESTAT:TGS00045(1.0),Animal populations by NUTS 2 region,A,Annual,A2000,Live bovine animals,THS_HD,Thousand heads (animals),ITH2,Provincia Autonoma di Trento,2014,,45.06,,,,,
dataflow,ESTAT:TGS00045(1.0),Animal populations by NUTS 2 region,A,Annual,A2000,Live bovine animals,THS_HD,Thousand heads (animals),ITH2,Provincia Autonoma di Trento,2015,,44.45,,,,,
dataflow,ESTAT:TGS00045(1.0),Animal populations by NUTS 2 region,A,Annual,A2000,Live bovine animals,THS_HD,Thousand heads (animals),ITH2,Provincia Autonoma di Trento,2016,,45.23,,,,,
dataflow,ESTAT:TGS00045(1.0),Animal populations by NUTS 2 region,A,Annual,A2000,Live bovine animals,THS_HD,Thousand heads (animals),ITH2,Provincia Autonoma di Trento,2017,,50.63,,,,,
dataflow,ESTAT:TGS00045(1.0),Animal populations by NUTS 2 region,A,Annual,A2000,Live bovine animals,THS_HD,Thousand heads (animals),ITH2,Provincia Autonoma di Trento,2018,,52.18,,,,,
dataflow,ESTAT:TGS00045(1.0),Animal populations by NUTS 2 region,A,Annual,A2000,Live bovine animals,THS_HD,Thousand heads (animals),ITH2,Provincia Autonoma di Trento,2019,,52.39,,,,,
dataflow,ESTAT:TGS00045(1.0),Animal populations by NUTS 2 region,A,Annual,A2000,Live bovine animals,THS_HD,Thousand heads (animals),ITH2,Provincia Autonoma di Trento,2020,,59.49,,,,,
dataflow,ESTAT:TGS00045(1.0),Animal populations by NUTS 2 region,A,Annual,A2000,Live bovine animals,THS_HD,Thousand heads (animals),ITH2,Provincia Autonoma di Trento,2021,,52.72,,,,,
dataflow,ESTAT:TGS00045(1.0),Animal populations by NUTS 2 region,A,Annual,A2000,Live bovine animals,THS_HD,Thousand heads (animals),ITH2,Provincia Autonoma di Trento,2022,,49.58,,b,break in time series,,
dataflow,ESTAT:TGS00045(1.0),Animal populations by NUTS 2 region,A,Annual,A2000,Live bovine animals,THS_HD,Thousand heads (animals),ITH2,Provincia Autonoma di Trento,2023,,50.53,,,,,
dataflow,ESTAT:TGS00045(1.0),Animal populations by NUTS 2 region,A,Annual,A2000,Live bovine animals,THS_HD,Thousand heads (animals),ITH2,Provincia Autonoma di Trento,2024,,41.16,,b,break in time series,,
dataflow,ESTAT:TGS00045(1.0),Animal populations by NUTS 2 region,A,Annual,A2000,Live bovine animals,THS_HD,Thousand heads (animals),ITH2,Provincia Autonoma di Trento,2025,,41.37,,,,,
dataflow,ESTAT:TGS00045(1.0),Animal populations by NUTS 2 region,A,Annual,A2000,Live bovine animals,THS_HD,Thousand heads (animals),ITH3,Veneto,2014,,832.7,,,,,
dataflow,ESTAT:TGS00045(1.0),Animal populations by NUTS 2 region,A,Annual,A2000,Live bovine animals,THS_HD,Thousand heads (animals),ITH3,Veneto,2015,,831.3,,,,,
dataflow,ESTAT:TGS00045(1.0),Animal populations by NUTS 2 region,A,Annual,A2000,Live bovine animals,THS_HD,Thousand heads (animals),ITH3,Veneto,2016,,852.03,,,,,
dataflow,ESTAT:TGS00045(1.0),Animal populations by NUTS 2 region,A,Annual,A2000,Live bovine animals,THS_HD,Thousand heads (animals),ITH3,Veneto,2017,,836.85,,,,,
dataflow,ESTAT:TGS00045(1.0),Animal populations by NUTS 2 region,A,Annual,A2000,Live bovine animals,THS_HD,Thousand heads (animals),ITH3,Veneto,2018,,834.61,,,,,
dataflow,ESTAT:TGS00045(1.0),Animal populations by NUTS 2 region,A,Annual,A2000,Live bovine animals,THS_HD,Thousand heads (animals),ITH3,Veneto,2019,,826.5,,,,,
dataflow,ESTAT:TGS00045(1.0),Animal populations by NUTS 2 region,A,Annual,A2000,Live bovine animals,THS_HD,Thousand heads (animals),ITH3,Veneto,2020,,825.21,,,,,
dataflow,ESTAT:TGS00045(1.0),Animal populations by NUTS 2 region,A,Annual,A2000,Live bovine animals,THS_HD,Thousand heads (animals),ITH3,Veneto,2021,,802.79,,,,,
dataflow,ESTAT:TGS00045(1.0),Animal populations by NUTS 2 region,A,Annual,A2000,Live bovine animals,THS_HD,Thousand heads (animals),ITH3,Veneto,2022,,777.49,,b,break in time series,,
dataflow,ESTAT:TGS00045(1.0),Animal populations by NUTS 2 region,A,Annual,A2000,Live bovine animals,THS_HD,Thousand heads (animals),ITH3,Veneto,2023,,765.24,,,,,
dataflow,ESTAT:TGS00045(1.0),Animal populations by NUTS 2 region,A,Annual,A2000,Live bovine animals,THS_HD,Thousand heads (animals),ITH3,Veneto,2024,,713.75,,b,break in time series,,
dataflow,ESTAT:TGS00045(1.0),Animal populations by NUTS 2 region,A,Annual,A2000,Live bovine animals,THS_HD,Thousand heads (animals),ITH3,Veneto,2025,,752.81,,,,,
dataflow,ESTAT:TGS00045(1.0),Animal populations by NUTS 2 region,A,Annual,A2000,Live bovine animals,THS_HD,Thousand heads (animals),ITH4,Friuli-Venezia Giulia,2014,,105.18,,,,,
dataflow,ESTAT:TGS00045(1.0),Animal populations by NUTS 2 region,A,Annual,A2000,Live bovine animals,THS_HD,Thousand heads (animals),ITH4,Friuli-Venezia Giulia,2015,,109.86,,,,,
dataflow,ESTAT:TGS00045(1.0),Animal populations by NUTS 2 region,A,Annual,A2000,Live bovine animals,THS_HD,Thousand heads (animals),ITH4,Friuli-Venezia Giulia,2016,,113.27,,,,,
dataflow,ESTAT:TGS00045(1.0),Animal populations by NUTS 2 region,A,Annual,A2000,Live bovine animals,THS_HD,Thousand heads (animals),ITH4,Friuli-Venezia Giulia,2017,,128.31,,,,,
dataflow,ESTAT:TGS00045(1.0),Animal populations by NUTS 2 region,A,Annual,A2000,Live bovine animals,THS_HD,Thousand heads (animals),ITH4,Friuli-Venezia Giulia,2018,,122.11,,,,,
dataflow,ESTAT:TGS00045(1.0),Animal populations by NUTS 2 region,A,Annual,A2000,Live bovine animals,THS_HD,Thousand heads (animals),ITH4,Friuli-Venezia Giulia,2019,,108.5,,,,,
dataflow,ESTAT:TGS00045(1.0),Animal populations by NUTS 2 region,A,Annual,A2000,Live bovine animals,THS_HD,Thousand heads (animals),ITH4,Friuli-Venezia Giulia,2020,,101.11,,,,,
dataflow,ESTAT:TGS00045(1.0),Animal populations by NUTS 2 region,A,Annual,A2000,Live bovine animals,THS_HD,Thousand heads (animals),ITH4,Friuli-Venezia Giulia,2021,,91.65,,,,,
dataflow,ESTAT:TGS00045(1.0),Animal populations by NUTS 2 region,A,Annual,A2000,Live bovine animals,THS_HD,Thousand heads (animals),ITH4,Friuli-Venezia Giulia,2022,,80.8,,b,break in time series,,
dataflow,ESTAT:TGS00045(1.0),Animal populations by NUTS 2 region,A,Annual,A2000,Live bovine animals,THS_HD,Thousand heads (animals),ITH4,Friuli-Venezia Giulia,2023,,77.67,,,,,
dataflow,ESTAT:TGS00045(1.0),Animal populations by NUTS 2 region,A,Annual,A2000,Live bovine animals,THS_HD,Thousand heads (animals),ITH4,Friuli-Venezia Giulia,2024,,70.95,,b,break in time series,,
dataflow,ESTAT:TGS00045(1.0),Animal populations by NUTS 2 region,A,Annual,A2000,Live bovine animals,THS_HD,Thousand heads (animals),ITH4,Friuli-Venezia Giulia,2025,,72.13,,,,,
dataflow,ESTAT:TGS00045(1.0),Animal populations by NUTS 2 region,A,Annual,A2000,Live bovine animals,THS_HD,Thousand heads (animals),ITH5,Emilia-Romagna,2014,,658.88,,,,,
dataflow,ESTAT:TGS00045(1.0),Animal populations by NUTS 2 region,A,Annual,A2000,Live bovine animals,THS_HD,Thousand heads (animals),ITH5,Emilia-Romagna,2015,,657.63,,,,,
dataflow,ESTAT:TGS00045(1.0),Animal populations by NUTS 2 region,A,Annual,A2000,Live bovine animals,THS_HD,Thousand heads (animals),ITH5,Emilia-Romagna,2016,,667.67,,,,,
dataflow,ESTAT:TGS00045(1.0),Animal populations by NUTS 2 region,A,Annual,A2000,Live bovine animals,THS_HD,Thousand heads (animals),ITH5,Emilia-Romagna,2017,,681.42,,,,,
dataflow,ESTAT:TGS00045(1.0),Animal populations by NUTS 2 region,A,Annual,A2000,Live bovine animals,THS_HD,Thousand heads (animals),ITH5,Emilia-Romagna,2018,,685.86,,,,,
dataflow,ESTAT:TGS00045(1.0),Animal populations by NUTS 2 region,A,Annual,A2000,Live bovine animals,THS_HD,Thousand heads (animals),ITH5,Emilia-Romagna,2019,,628.71,,,,,
dataflow,ESTAT:TGS00045(1.0),Animal populations by NUTS 2 region,A,Annual,A2000,Live bovine animals,THS_HD,Thousand heads (animals),ITH5,Emilia-Romagna,2020,,628.9,,,,,
dataflow,ESTAT:TGS00045(1.0),Animal populations by NUTS 2 region,A,Annual,A2000,Live bovine animals,THS_HD,Thousand heads (animals),ITH5,Emilia-Romagna,2021,,614.98,,,,,
dataflow,ESTAT:TGS00045(1.0),Animal populations by NUTS 2 region,A,Annual,A2000,Live bovine animals,THS_HD,Thousand heads (animals),ITH5,Emilia-Romagna,2022,,579.78,,b,break in time series,,
dataflow,ESTAT:TGS00045(1.0),Animal populations by NUTS 2 region,A,Annual,A2000,Live bovine animals,THS_HD,Thousand heads (animals),ITH5,Emilia-Romagna,2023,,583.76,,,,,
dataflow,ESTAT:TGS00045(1.0),Animal populations by NUTS 2 region,A,Annual,A2000,Live bovine animals,THS_HD,Thousand heads (animals),ITH5,Emilia-Romagna,2024,,549.26,,b,break in time series,,
dataflow,ESTAT:TGS00045(1.0),Animal populations by NUTS 2 region,A,Annual,A2000,Live bovine animals,THS_HD,Thousand heads (animals),ITH5,Emilia-Romagna,2025,,550.77,,,,,
dataflow,ESTAT:TGS00045(1.0),Animal populations by NUTS 2 region,A,Annual,A2000,Live bovine animals,THS_HD,Thousand heads (animals),ITI1,Toscana,2014,,75.86,,,,,
dataflow,ESTAT:TGS00045(1.0),Animal populations by NUTS 2 region,A,Annual,A2000,Live bovine animals,THS_HD,Thousand heads (animals),ITI1,Toscana,2015,,79.81,,,,,
dataflow,ESTAT:TGS00045(1.0),Animal populations by NUTS 2 region,A,Annual,A2000,Live bovine animals,THS_HD,Thousand heads (animals),ITI1,Toscana,2016,,85.88,,,,,
dataflow,ESTAT:TGS00045(1.0),Animal populations by NUTS 2 region,A,Annual,A2000,Live bovine animals,THS_HD,Thousand heads (animals),ITI1,Toscana,2017,,82.08,,,,,
dataflow,ESTAT:TGS00045(1.0),Animal populations by NUTS 2 region,A,Annual,A2000,Live bovine animals,THS_HD,Thousand heads (animals),ITI1,Toscana,2018,,83.94,,,,,
dataflow,ESTAT:TGS00045(1.0),Animal populations by NUTS 2 region,A,Annual,A2000,Live bovine animals,THS_HD,Thousand heads (animals),ITI1,Toscana,2019,,91.9,,,,,
dataflow,ESTAT:TGS00045(1.0),Animal populations by NUTS 2 region,A,Annual,A2000,Live bovine animals,THS_HD,Thousand heads (animals),ITI1,Toscana,2020,,92.56,,,,,
dataflow,ESTAT:TGS00045(1.0),Animal populations by NUTS 2 region,A,Annual,A2000,Live bovine animals,THS_HD,Thousand heads (animals),ITI1,Toscana,2021,,88.94,,,,,
dataflow,ESTAT:TGS00045(1.0),Animal populations by NUTS 2 region,A,Annual,A2000,Live bovine animals,THS_HD,Thousand heads (animals),ITI1,Toscana,2022,,88.57,,b,break in time series,,
dataflow,ESTAT:TGS00045(1.0),Animal populations by NUTS 2 region,A,Annual,A2000,Live bovine animals,THS_HD,Thousand heads (animals),ITI1,Toscana,2023,,91.27,,,,,
dataflow,ESTAT:TGS00045(1.0),Animal populations by NUTS 2 region,A,Annual,A2000,Live bovine animals,THS_HD,Thousand heads (animals),ITI1,Toscana,2024,,70.09,,b,break in time series,,
dataflow,ESTAT:TGS00045(1.0),Animal populations by NUTS 2 region,A,Annual,A2000,Live bovine animals,THS_HD,Thousand heads (animals),ITI1,Toscana,2025,,67.46,,,,,
dataflow,ESTAT:TGS00045(1.0),Animal populations by NUTS 2 region,A,Annual,A2000,Live bovine animals,THS_HD,Thousand heads (animals),ITI2,Umbria,2014,,50.84,,,,,
dataflow,ESTAT:TGS00045(1.0),Animal populations by NUTS 2 region,A,Annual,A2000,Live bovine animals,THS_HD,Thousand heads (animals),ITI2,Umbria,2015,,53.29,,,,,
dataflow,ESTAT:TGS00045(1.0),Animal populations by NUTS 2 region,A,Annual,A2000,Live bovine animals,THS_HD,Thousand heads (animals),ITI2,Umbria,2016,,54.45,,,,,
dataflow,ESTAT:TGS00045(1.0),Animal populations by NUTS 2 region,A,Annual,A2000,Live bovine animals,THS_HD,Thousand heads (animals),ITI2,Umbria,2017,,53.43,,,,,
dataflow,ESTAT:TGS00045(1.0),Animal populations by NUTS 2 region,A,Annual,A2000,Live bovine animals,THS_HD,Thousand heads (animals),ITI2,Umbria,2018,,53.45,,,,,
dataflow,ESTAT:TGS00045(1.0),Animal populations by NUTS 2 region,A,Annual,A2000,Live bovine animals,THS_HD,Thousand heads (animals),ITI2,Umbria,2019,,53.35,,,,,
dataflow,ESTAT:TGS00045(1.0),Animal populations by NUTS 2 region,A,Annual,A2000,Live bovine animals,THS_HD,Thousand heads (animals),ITI2,Umbria,2020,,53.85,,,,,
dataflow,ESTAT:TGS00045(1.0),Animal populations by NUTS 2 region,A,Annual,A2000,Live bovine animals,THS_HD,Thousand heads (animals),ITI2,Umbria,2021,,57.02,,,,,
dataflow,ESTAT:TGS00045(1.0),Animal populations by NUTS 2 region,A,Annual,A2000,Live bovine animals,THS_HD,Thousand heads (animals),ITI2,Umbria,2022,,55.37,,b,break in time series,,
dataflow,ESTAT:TGS00045(1.0),Animal populations by NUTS 2 region,A,Annual,A2000,Live bovine animals,THS_HD,Thousand heads (animals),ITI2,Umbria,2023,,54.73,,,,,
dataflow,ESTAT:TGS00045(1.0),Animal populations by NUTS 2 region,A,Annual,A2000,Live bovine animals,THS_HD,Thousand heads (animals),ITI2,Umbria,2024,,53.06,,b,break in time series,,
dataflow,ESTAT:TGS00045(1.0),Animal populations by NUTS 2 region,A,Annual,A2000,Live bovine animals,THS_HD,Thousand heads (animals),ITI2,Umbria,2025,,46.77,,,,,
dataflow,ESTAT:TGS00045(1.0),Animal populations by NUTS 2 region,A,Annual,A2000,Live bovine animals,THS_HD,Thousand heads (animals),ITI3,Marche,2014,,46.42,,,,,
dataflow,ESTAT:TGS00045(1.0),Animal populations by NUTS 2 region,A,Annual,A2000,Live bovine animals,THS_HD,Thousand heads (animals),ITI3,Marche,2015,,46.81,,,,,
dataflow,ESTAT:TGS00045(1.0),Animal populations by NUTS 2 region,A,Annual,A2000,Live bovine animals,THS_HD,Thousand heads (animals),ITI3,Marche,2016,,50.29,,,,,
dataflow,ESTAT:TGS00045(1.0),Animal populations by NUTS 2 region,A,Annual,A2000,Live bovine animals,THS_HD,Thousand heads (animals),ITI3,Marche,2017,,58.46,,,,,
dataflow,ESTAT:TGS00045(1.0),Animal populations by NUTS 2 region,A,Annual,A2000,Live bovine animals,THS_HD,Thousand heads (animals),ITI3,Marche,2018,,53.6,,,,,
dataflow,ESTAT:TGS00045(1.0),Animal populations by NUTS 2 region,A,Annual,A2000,Live bovine animals,THS_HD,Thousand heads (animals),ITI3,Marche,2019,,58.19,,,,,
dataflow,ESTAT:TGS00045(1.0),Animal populations by NUTS 2 region,A,Annual,A2000,Live bovine animals,THS_HD,Thousand heads (animals),ITI3,Marche,2020,,56.91,,,,,
dataflow,ESTAT:TGS00045(1.0),Animal populations by NUTS 2 region,A,Annual,A2000,Live bovine animals,THS_HD,Thousand heads (animals),ITI3,Marche,2021,,56.71,,,,,
dataflow,ESTAT:TGS00045(1.0),Animal populations by NUTS 2 region,A,Annual,A2000,Live bovine animals,THS_HD,Thousand heads (animals),ITI3,Marche,2022,,49.79,,b,break in time series,,
dataflow,ESTAT:TGS00045(1.0),Animal populations by NUTS 2 region,A,Annual,A2000,Live bovine animals,THS_HD,Thousand heads (animals),ITI3,Marche,2023,,52.26,,,,,
dataflow,ESTAT:TGS00045(1.0),Animal populations by NUTS 2 region,A,Annual,A2000,Live bovine animals,THS_HD,Thousand heads (animals),ITI3,Marche,2024,,40.34,,b,break in time series,,
dataflow,ESTAT:TGS00045(1.0),Animal populations by NUTS 2 region,A,Annual,A2000,Live bovine animals,THS_HD,Thousand heads (animals),ITI3,Marche,2025,,40.86,,,,,
dataflow,ESTAT:TGS00045(1.0),Animal populations by NUTS 2 region,A,Annual,A2000,Live bovine animals,THS_HD,Thousand heads (animals),ITI4,Lazio,2014,,281.65,,,,,
dataflow,ESTAT:TGS00045(1.0),Animal populations by NUTS 2 region,A,Annual,A2000,Live bovine animals,THS_HD,Thousand heads (animals),ITI4,Lazio,2015,,286.99,,,,,
dataflow,ESTAT:TGS00045(1.0),Animal populations by NUTS 2 region,A,Annual,A2000,Live bovine animals,THS_HD,Thousand heads (animals),ITI4,Lazio,2016,,284.94,,,,,
dataflow,ESTAT:TGS00045(1.0),Animal populations by NUTS 2 region,A,Annual,A2000,Live bovine animals,THS_HD,Thousand heads (animals),ITI4,Lazio,2017,,281.35,,,,,
dataflow,ESTAT:TGS00045(1.0),Animal populations by NUTS 2 region,A,Annual,A2000,Live bovine animals,THS_HD,Thousand heads (animals),ITI4,Lazio,2018,,265.18,,,,,
dataflow,ESTAT:TGS00045(1.0),Animal populations by NUTS 2 region,A,Annual,A2000,Live bovine animals,THS_HD,Thousand heads (animals),ITI4,Lazio,2019,,262.95,,,,,
dataflow,ESTAT:TGS00045(1.0),Animal populations by NUTS 2 region,A,Annual,A2000,Live bovine animals,THS_HD,Thousand heads (animals),ITI4,Lazio,2020,,267.29,,,,,
dataflow,ESTAT:TGS00045(1.0),Animal populations by NUTS 2 region,A,Annual,A2000,Live bovine animals,THS_HD,Thousand heads (animals),ITI4,Lazio,2021,,262.23,,,,,
dataflow,ESTAT:TGS00045(1.0),Animal populations by NUTS 2 region,A,Annual,A2000,Live bovine animals,THS_HD,Thousand heads (animals),ITI4,Lazio,2022,,264.55,,b,break in time series,,
dataflow,ESTAT:TGS00045(1.0),Animal populations by NUTS 2 region,A,Annual,A2000,Live bovine animals,THS_HD,Thousand heads (animals),ITI4,Lazio,2023,,263.55,,,,,
dataflow,ESTAT:TGS00045(1.0),Animal populations by NUTS 2 region,A,Annual,A2000,Live bovine animals,THS_HD,Thousand heads (animals),ITI4,Lazio,2024,,264.08,,b,break in time series,,
dataflow,ESTAT:TGS00045(1.0),Animal populations by NUTS 2 region,A,Annual,A2000,Live bovine animals,THS_HD,Thousand heads (animals),ITI4,Lazio,2025,,259.03,,,,,
dataflow,ESTAT:TGS00045(1.0),Animal populations by NUTS 2 region,A,Annual,A2000,Live bovine animals,THS_HD,Thousand heads (animals),LT00,Lietuva (NUTS 2013),2014,,736.7,,,,,
dataflow,ESTAT:TGS00045(1.0),Animal populations by NUTS 2 region,A,Annual,A2000,Live bovine animals,THS_HD,Thousand heads (animals),LT00,Lietuva (NUTS 2013),2015,,722.6,,,,,
dataflow,ESTAT:TGS00045(1.0),Animal populations by NUTS 2 region,A,Annual,A2000,Live bovine animals,THS_HD,Thousand heads (animals),LT00,Lietuva (NUTS 2013),2016,,694.8,,,,,
dataflow,ESTAT:TGS00045(1.0),Animal populations by NUTS 2 region,A,Annual,A2000,Live bovine animals,THS_HD,Thousand heads (animals),LT00,Lietuva (NUTS 2013),2017,,676.3,,,,,
dataflow,ESTAT:TGS00045(1.0),Animal populations by NUTS 2 region,A,Annual,A2000,Live bovine animals,THS_HD,Thousand heads (animals),LT00,Lietuva (NUTS 2013),2018,,653.5,,,,,
dataflow,ESTAT:TGS00045(1.0),Animal populations by NUTS 2 region,A,Annual,A2000,Live bovine animals,THS_HD,Thousand heads (animals),LT00,Lietuva (NUTS 2013),2019,,634.6,,,,,
dataflow,ESTAT:TGS00045(1.0),Animal populations by NUTS 2 region,A,Annual,A2000,Live bovine animals,THS_HD,Thousand heads (animals),LT00,Lietuva (NUTS 2013),2020,,629.5,,,,,
dataflow,ESTAT:TGS00045(1.0),Animal populations by NUTS 2 region,A,Annual,A2000,Live bovine animals,THS_HD,Thousand heads (animals),LT00,Lietuva (NUTS 2013),2021,,628.7,,,,,
dataflow,ESTAT:TGS00045(1.0),Animal populations by NUTS 2 region,A,Annual,A2000,Live bovine animals,THS_HD,Thousand heads (animals),LT01,Sostinės regionas,2014,,39.9,,,,,
dataflow,ESTAT:TGS00045(1.0),Animal populations by NUTS 2 region,A,Annual,A2000,Live bovine animals,THS_HD,Thousand heads (animals),LT01,Sostinės regionas,2015,,35.4,,,,,
dataflow,ESTAT:TGS00045(1.0),Animal populations by NUTS 2 region,A,Annual,A2000,Live bovine animals,THS_HD,Thousand heads (animals),LT01,Sostinės regionas,2016,,32.1,,,,,
dataflow,ESTAT:TGS00045(1.0),Animal populations by NUTS 2 region,A,Annual,A2000,Live bovine animals,THS_HD,Thousand heads (animals),LT01,Sostinės regionas,2017,,30.4,,,,,
dataflow,ESTAT:TGS00045(1.0),Animal populations by NUTS 2 region,A,Annual,A2000,Live bovine animals,THS_HD,Thousand heads (animals),LT01,Sostinės regionas,2018,,27.9,,,,,
dataflow,ESTAT:TGS00045(1.0),Animal populations by NUTS 2 region,A,Annual,A2000,Live bovine animals,THS_HD,Thousand heads (animals),LT01,Sostinės regionas,2019,,25.5,,,,,
dataflow,ESTAT:TGS00045(1.0),Animal populations by NUTS 2 region,A,Annual,A2000,Live bovine animals,THS_HD,Thousand heads (animals),LT01,Sostinės regionas,2020,,25.9,,,,,
dataflow,ESTAT:TGS00045(1.0),Animal populations by NUTS 2 region,A,Annual,A2000,Live bovine animals,THS_HD,Thousand heads (animals),LT01,Sostinės regionas,2021,,26.4,,,,,
dataflow,ESTAT:TGS00045(1.0),Animal populations by NUTS 2 region,A,Annual,A2000,Live bovine animals,THS_HD,Thousand heads (animals),LT01,Sostinės regionas,2022,,27.43,,,,,
dataflow,ESTAT:TGS00045(1.0),Animal populations by NUTS 2 region,A,Annual,A2000,Live bovine animals,THS_HD,Thousand heads (animals),LT01,Sostinės regionas,2023,,26.87,,,,,
dataflow,ESTAT:TGS00045(1.0),Animal populations by NUTS 2 region,A,Annual,A2000,Live bovine animals,THS_HD,Thousand heads (animals),LT01,Sostinės regionas,2024,,25.42,,,,,
dataflow,ESTAT:TGS00045(1.0),Animal populations by NUTS 2 region,A,Annual,A2000,Live bovine animals,THS_HD,Thousand heads (animals),LT01,Sostinės regionas,2025,,25.98,,,,,
dataflow,ESTAT:TGS00045(1.0),Animal populations by NUTS 2 region,A,Annual,A2000,Live bovine animals,THS_HD,Thousand heads (animals),LT02,Vidurio ir vakarų Lietuvos regionas,2014,,696.7,,,,,
dataflow,ESTAT:TGS00045(1.0),Animal populations by NUTS 2 region,A,Annual,A2000,Live bovine animals,THS_HD,Thousand heads (animals),LT02,Vidurio ir vakarų Lietuvos regionas,2015,,687.2,,,,,
dataflow,ESTAT:TGS00045(1.0),Animal populations by NUTS 2 region,A,Annual,A2000,Live bovine animals,THS_HD,Thousand heads (animals),LT02,Vidurio ir vakarų Lietuvos regionas,2016,,662.7,,,,,
dataflow,ESTAT:TGS00045(1.0),Animal populations by NUTS 2 region,A,Annual,A2000,Live bovine animals,THS_HD,Thousand heads (animals),LT02,Vidurio ir vakarų Lietuvos regionas,2017,,646.5,,,,,
dataflow,ESTAT:TGS00045(1.0),Animal populations by NUTS 2 region,A,Annual,A2000,Live bovine animals,THS_HD,Thousand heads (animals),LT02,Vidurio ir vakarų Lietuvos regionas,2018,,625.6,,,,,
dataflow,ESTAT:TGS00045(1.0),Animal populations by NUTS 2 region,A,Annual,A2000,Live bovine animals,THS_HD,Thousand heads (animals),LT02,Vidurio ir vakarų Lietuvos regionas,2019,,609.1,,,,,
dataflow,ESTAT:TGS00045(1.0),Animal populations by NUTS 2 region,A,Annual,A2000,Live bovine animals,THS_HD,Thousand heads (animals),LT02,Vidurio ir vakarų Lietuvos regionas,2020,,603.6,,,,,
dataflow,ESTAT:TGS00045(1.0),Animal populations by NUTS 2 region,A,Annual,A2000,Live bovine animals,THS_HD,Thousand heads (animals),LT02,Vidurio ir vakarų Lietuvos regionas,2021,,602.3,,,,,
dataflow,ESTAT:TGS00045(1.0),Animal populations by NUTS 2 region,A,Annual,A2000,Live bovine animals,THS_HD,Thousand heads (animals),LT02,Vidurio ir vakarų Lietuvos regionas,2022,,614.5,,,,,
dataflow,ESTAT:TGS00045(1.0),Animal populations by NUTS 2 region,A,Annual,A2000,Live bovine animals,THS_HD,Thousand heads (animals),LT02,Vidurio ir vakarų Lietuvos regionas,2023,,596.65,,,,,
dataflow,ESTAT:TGS00045(1.0),Animal populations by NUTS 2 region,A,Annual,A2000,Live bovine animals,THS_HD,Thousand heads (animals),LT02,Vidurio ir vakarų Lietuvos regionas,2024,,574.35,,,,,
dataflow,ESTAT:TGS00045(1.0),Animal populations by NUTS 2 region,A,Annual,A2000,Live bovine animals,THS_HD,Thousand heads (animals),LT02,Vidurio ir vakarų Lietuvos regionas,2025,,574.99,,,,,
dataflow,ESTAT:TGS00045(1.0),Animal populations by NUTS 2 region,A,Annual,A2000,Live bovine animals,THS_HD,Thousand heads (animals),LU00,Luxembourg,2014,,201.15,,,,,
dataflow,ESTAT:TGS00045(1.0),Animal populations by NUTS 2 region,A,Annual,A2000,Live bovine animals,THS_HD,Thousand heads (animals),LU00,Luxembourg,2015,,200.64,,,,,
dataflow,ESTAT:TGS00045(1.0),Animal populations by NUTS 2 region,A,Annual,A2000,Live bovine animals,THS_HD,Thousand heads (animals),LU00,Luxembourg,2016,,202.41,,,,,
dataflow,ESTAT:TGS00045(1.0),Animal populations by NUTS 2 region,A,Annual,A2000,Live bovine animals,THS_HD,Thousand heads (animals),LU00,Luxembourg,2017,,198.07,,,,,
dataflow,ESTAT:TGS00045(1.0),Animal populations by NUTS 2 region,A,Annual,A2000,Live bovine animals,THS_HD,Thousand heads (animals),LU00,Luxembourg,2018,,194.39,,,,,
dataflow,ESTAT:TGS00045(1.0),Animal populations by NUTS 2 region,A,Annual,A2000,Live bovine animals,THS_HD,Thousand heads (animals),LU00,Luxembourg,2019,,192.1,,,,,
dataflow,ESTAT:TGS00045(1.0),Animal populations by NUTS 2 region,A,Annual,A2000,Live bovine animals,THS_HD,Thousand heads (animals),LU00,Luxembourg,2020,,190.69,,,,,
dataflow,ESTAT:TGS00045(1.0),Animal populations by NUTS 2 region,A,Annual,A2000,Live bovine animals,THS_HD,Thousand heads (animals),LU00,Luxembourg,2021,,187.2,,,,,
dataflow,ESTAT:TGS00045(1.0),Animal populations by NUTS 2 region,A,Annual,A2000,Live bovine animals,THS_HD,Thousand heads (animals),LU00,Luxembourg,2022,,186.13,,,,,
dataflow,ESTAT:TGS00045(1.0),Animal populations by NUTS 2 region,A,Annual,A2000,Live bovine animals,THS_HD,Thousand heads (animals),LU00,Luxembourg,2023,,183.56,,,,,
dataflow,ESTAT:TGS00045(1.0),Animal populations by NUTS 2 region,A,Annual,A2000,Live bovine animals,THS_HD,Thousand heads (animals),LU00,Luxembourg,2024,,179.79,,,,,
dataflow,ESTAT:TGS00045(1.0),Animal populations by NUTS 2 region,A,Annual,A2000,Live bovine animals,THS_HD,Thousand heads (animals),LU00,Luxembourg,2025,,186.68,,,,,
dataflow,ESTAT:TGS00045(1.0),Animal populations by NUTS 2 region,A,Annual,A2000,Live bovine animals,THS_HD,Thousand heads (animals),LV00,Latvija,2014,,422.02,,,,,
dataflow,ESTAT:TGS00045(1.0),Animal populations by NUTS 2 region,A,Annual,A2000,Live bovine animals,THS_HD,Thousand heads (animals),LV00,Latvija,2015,,419.1,,,,,
dataflow,ESTAT:TGS00045(1.0),Animal populations by NUTS 2 region,A,Annual,A2000,Live bovine animals,THS_HD,Thousand heads (animals),LV00,Latvija,2016,,412.31,,,,,
dataflow,ESTAT:TGS00045(1.0),Animal populations by NUTS 2 region,A,Annual,A2000,Live bovine animals,THS_HD,Thousand heads (animals),LV00,Latvija,2017,,405.82,,,,,
dataflow,ESTAT:TGS00045(1.0),Animal populations by NUTS 2 region,A,Annual,A2000,Live bovine animals,THS_HD,Thousand heads (animals),LV00,Latvija,2018,,395.33,,,,,
dataflow,ESTAT:TGS00045(1.0),Animal populations by NUTS 2 region,A,Annual,A2000,Live bovine animals,THS_HD,Thousand heads (animals),LV00,Latvija,2019,,395.32,,,,,
dataflow,ESTAT:TGS00045(1.0),Animal populations by NUTS 2 region,A,Annual,A2000,Live bovine animals,THS_HD,Thousand heads (animals),LV00,Latvija,2020,,398.99,,,,,
dataflow,ESTAT:TGS00045(1.0),Animal populations by NUTS 2 region,A,Annual,A2000,Live bovine animals,THS_HD,Thousand heads (animals),LV00,Latvija,2021,,393.47,,,,,
dataflow,ESTAT:TGS00045(1.0),Animal populations by NUTS 2 region,A,Annual,A2000,Live bovine animals,THS_HD,Thousand heads (animals),LV00,Latvija,2022,,391.35,,,,,
dataflow,ESTAT:TGS00045(1.0),Animal populations by NUTS 2 region,A,Annual,A2000,Live bovine animals,THS_HD,Thousand heads (animals),LV00,Latvija,2023,,368.06,,,,,
dataflow,ESTAT:TGS00045(1.0),Animal populations by NUTS 2 region,A,Annual,A2000,Live bovine animals,THS_HD,Thousand heads (animals),LV00,Latvija,2024,,352.09,,p,provisional,,
dataflow,ESTAT:TGS00045(1.0),Animal populations by NUTS 2 region,A,Annual,A2000,Live bovine animals,THS_HD,Thousand heads (animals),LV00,Latvija,2025,,350.46,,,,,
dataflow,ESTAT:TGS00045(1.0),Animal populations by NUTS 2 region,A,Annual,A2000,Live bovine animals,THS_HD,Thousand heads (animals),ME00,Crna Gora,2014,,94,,,,,
dataflow,ESTAT:TGS00045(1.0),Animal populations by NUTS 2 region,A,Annual,A2000,Live bovine animals,THS_HD,Thousand heads (animals),ME00,Crna Gora,2015,,92,,,,,
dataflow,ESTAT:TGS00045(1.0),Animal populations by NUTS 2 region,A,Annual,A2000,Live bovine animals,THS_HD,Thousand heads (animals),ME00,Crna Gora,2016,,89,,,,,
dataflow,ESTAT:TGS00045(1.0),Animal populations by NUTS 2 region,A,Annual,A2000,Live bovine animals,THS_HD,Thousand heads (animals),ME00,Crna Gora,2017,,87,,,,,
dataflow,ESTAT:TGS00045(1.0),Animal populations by NUTS 2 region,A,Annual,A2000,Live bovine animals,THS_HD,Thousand heads (animals),ME00,Crna Gora,2018,,83.3,,,,,
dataflow,ESTAT:TGS00045(1.0),Animal populations by NUTS 2 region,A,Annual,A2000,Live bovine animals,THS_HD,Thousand heads (animals),ME00,Crna Gora,2019,,81.4,,,,,
dataflow,ESTAT:TGS00045(1.0),Animal populations by NUTS 2 region,A,Annual,A2000,Live bovine animals,THS_HD,Thousand heads (animals),ME00,Crna Gora,2020,,77.89,,,,,
dataflow,ESTAT:TGS00045(1.0),Animal populations by NUTS 2 region,A,Annual,A2000,Live bovine animals,THS_HD,Thousand heads (animals),ME00,Crna Gora,2021,,71.17,,,,,
dataflow,ESTAT:TGS00045(1.0),Animal populations by NUTS 2 region,A,Annual,A2000,Live bovine animals,THS_HD,Thousand heads (animals),ME00,Crna Gora,2022,,70.77,,,,,
dataflow,ESTAT:TGS00045(1.0),Animal populations by NUTS 2 region,A,Annual,A2000,Live bovine animals,THS_HD,Thousand heads (animals),ME00,Crna Gora,2023,,68.83,,,,,
dataflow,ESTAT:TGS00045(1.0),Animal populations by NUTS 2 region,A,Annual,A2000,Live bovine animals,THS_HD,Thousand heads (animals),ME00,Crna Gora,2024,,67.5,,p,provisional,,
dataflow,ESTAT:TGS00045(1.0),Animal populations by NUTS 2 region,A,Annual,A2000,Live bovine animals,THS_HD,Thousand heads (animals),ME00,Crna Gora,2025,,68.48,,,,,
dataflow,ESTAT:TGS00045(1.0),Animal populations by NUTS 2 region,A,Annual,A2000,Live bovine animals,THS_HD,Thousand heads (animals),MK00,Severna Makedonija,2014,,242,,,,,
dataflow,ESTAT:TGS00045(1.0),Animal populations by NUTS 2 region,A,Annual,A2000,Live bovine animals,THS_HD,Thousand heads (animals),MK00,Severna Makedonija,2015,,253,,,,,
dataflow,ESTAT:TGS00045(1.0),Animal populations by NUTS 2 region,A,Annual,A2000,Live bovine animals,THS_HD,Thousand heads (animals),MK00,Severna Makedonija,2016,,255,,,,,
dataflow,ESTAT:TGS00045(1.0),Animal populations by NUTS 2 region,A,Annual,A2000,Live bovine animals,THS_HD,Thousand heads (animals),MK00,Severna Makedonija,2017,,255,,,,,
dataflow,ESTAT:TGS00045(1.0),Animal populations by NUTS 2 region,A,Annual,A2000,Live bovine animals,THS_HD,Thousand heads (animals),MK00,Severna Makedonija,2018,,256,,,,,
dataflow,ESTAT:TGS00045(1.0),Animal populations by NUTS 2 region,A,Annual,A2000,Live bovine animals,THS_HD,Thousand heads (animals),MK00,Severna Makedonija,2019,,219,,,,,
dataflow,ESTAT:TGS00045(1.0),Animal populations by NUTS 2 region,A,Annual,A2000,Live bovine animals,THS_HD,Thousand heads (animals),MK00,Severna Makedonija,2020,,222,,,,,
dataflow,ESTAT:TGS00045(1.0),Animal populations by NUTS 2 region,A,Annual,A2000,Live bovine animals,THS_HD,Thousand heads (animals),MK00,Severna Makedonija,2021,,178,,,,,
dataflow,ESTAT:TGS00045(1.0),Animal populations by NUTS 2 region,A,Annual,A2000,Live bovine animals,THS_HD,Thousand heads (animals),MK00,Severna Makedonija,2022,,165,,,,,
dataflow,ESTAT:TGS00045(1.0),Animal populations by NUTS 2 region,A,Annual,A2000,Live bovine animals,THS_HD,Thousand heads (animals),MK00,Severna Makedonija,2023,,149,,,,,
dataflow,ESTAT:TGS00045(1.0),Animal populations by NUTS 2 region,A,Annual,A2000,Live bovine animals,THS_HD,Thousand heads (animals),MK00,Severna Makedonija,2024,,144,,,,,
dataflow,ESTAT:TGS00045(1.0),Animal populations by NUTS 2 region,A,Annual,A2000,Live bovine animals,THS_HD,Thousand heads (animals),MT00,Malta,2014,,14.88,,,,,
dataflow,ESTAT:TGS00045(1.0),Animal populations by NUTS 2 region,A,Annual,A2000,Live bovine animals,THS_HD,Thousand heads (animals),MT00,Malta,2015,,15.02,,,,,
dataflow,ESTAT:TGS00045(1.0),Animal populations by NUTS 2 region,A,Annual,A2000,Live bovine animals,THS_HD,Thousand heads (animals),MT00,Malta,2016,,14.36,,,,,
dataflow,ESTAT:TGS00045(1.0),Animal populations by NUTS 2 region,A,Annual,A2000,Live bovine animals,THS_HD,Thousand heads (animals),MT00,Malta,2017,,14.18,,,,,
dataflow,ESTAT:TGS00045(1.0),Animal populations by NUTS 2 region,A,Annual,A2000,Live bovine animals,THS_HD,Thousand heads (animals),MT00,Malta,2018,,14.12,,,,,
dataflow,ESTAT:TGS00045(1.0),Animal populations by NUTS 2 region,A,Annual,A2000,Live bovine animals,THS_HD,Thousand heads (animals),MT00,Malta,2019,,14,,,,,
dataflow,ESTAT:TGS00045(1.0),Animal populations by NUTS 2 region,A,Annual,A2000,Live bovine animals,THS_HD,Thousand heads (animals),MT00,Malta,2020,,14.29,,,,,
dataflow,ESTAT:TGS00045(1.0),Animal populations by NUTS 2 region,A,Annual,A2000,Live bovine animals,THS_HD,Thousand heads (animals),MT00,Malta,2021,,14.02,,,,,
dataflow,ESTAT:TGS00045(1.0),Animal populations by NUTS 2 region,A,Annual,A2000,Live bovine animals,THS_HD,Thousand heads (animals),MT00,Malta,2022,,14.2,,,,,
dataflow,ESTAT:TGS00045(1.0),Animal populations by NUTS 2 region,A,Annual,A2000,Live bovine animals,THS_HD,Thousand heads (animals),MT00,Malta,2023,,14.23,,,,,
dataflow,ESTAT:TGS00045(1.0),Animal populations by NUTS 2 region,A,Annual,A2000,Live bovine animals,THS_HD,Thousand heads (animals),MT00,Malta,2024,,13.8,,,,,
dataflow,ESTAT:TGS00045(1.0),Animal populations by NUTS 2 region,A,Annual,A2000,Live bovine animals,THS_HD,Thousand heads (animals),MT00,Malta,2025,,13.06,,,,,
dataflow,ESTAT:TGS00045(1.0),Animal populations by NUTS 2 region,A,Annual,A2000,Live bovine animals,THS_HD,Thousand heads (animals),NL11,Groningen,2014,,214,,,,,
dataflow,ESTAT:TGS00045(1.0),Animal populations by NUTS 2 region,A,Annual,A2000,Live bovine animals,THS_HD,Thousand heads (animals),NL11,Groningen,2015,,227,,,,,
dataflow,ESTAT:TGS00045(1.0),Animal populations by NUTS 2 region,A,Annual,A2000,Live bovine animals,THS_HD,Thousand heads (animals),NL11,Groningen,2016,,227,,,,,
dataflow,ESTAT:TGS00045(1.0),Animal populations by NUTS 2 region,A,Annual,A2000,Live bovine animals,THS_HD,Thousand heads (animals),NL11,Groningen,2017,,208,,,,,
dataflow,ESTAT:TGS00045(1.0),Animal populations by NUTS 2 region,A,Annual,A2000,Live bovine animals,THS_HD,Thousand heads (animals),NL11,Groningen,2018,,186,,,,,
dataflow,ESTAT:TGS00045(1.0),Animal populations by NUTS 2 region,A,Annual,A2000,Live bovine animals,THS_HD,Thousand heads (animals),NL11,Groningen,2019,,190,,,,,
dataflow,ESTAT:TGS00045(1.0),Animal populations by NUTS 2 region,A,Annual,A2000,Live bovine animals,THS_HD,Thousand heads (animals),NL11,Groningen,2020,,189,,,,,
dataflow,ESTAT:TGS00045(1.0),Animal populations by NUTS 2 region,A,Annual,A2000,Live bovine animals,THS_HD,Thousand heads (animals),NL11,Groningen,2021,,191,,,,,
dataflow,ESTAT:TGS00045(1.0),Animal populations by NUTS 2 region,A,Annual,A2000,Live bovine animals,THS_HD,Thousand heads (animals),NL11,Groningen,2022,,191,,,,,
dataflow,ESTAT:TGS00045(1.0),Animal populations by NUTS 2 region,A,Annual,A2000,Live bovine animals,THS_HD,Thousand heads (animals),NL11,Groningen,2023,,193,,,,,
dataflow,ESTAT:TGS00045(1.0),Animal populations by NUTS 2 region,A,Annual,A2000,Live bovine animals,THS_HD,Thousand heads (animals),NL11,Groningen,2024,,191,,,,,
dataflow,ESTAT:TGS00045(1.0),Animal populations by NUTS 2 region,A,Annual,A2000,Live bovine animals,THS_HD,Thousand heads (animals),NL11,Groningen,2025,,189.05,,,,,
dataflow,ESTAT:TGS00045(1.0),Animal populations by NUTS 2 region,A,Annual,A2000,Live bovine animals,THS_HD,Thousand heads (animals),NL12,Friesland (NL),2014,,567,,,,,
dataflow,ESTAT:TGS00045(1.0),Animal populations by NUTS 2 region,A,Annual,A2000,Live bovine animals,THS_HD,Thousand heads (animals),NL12,Friesland (NL),2015,,605,,,,,
dataflow,ESTAT:TGS00045(1.0),Animal populations by NUTS 2 region,A,Annual,A2000,Live bovine animals,THS_HD,Thousand heads (animals),NL12,Friesland (NL),2016,,602,,,,,
dataflow,ESTAT:TGS00045(1.0),Animal populations by NUTS 2 region,A,Annual,A2000,Live bovine animals,THS_HD,Thousand heads (animals),NL12,Friesland (NL),2017,,559,,,,,
dataflow,ESTAT:TGS00045(1.0),Animal populations by NUTS 2 region,A,Annual,A2000,Live bovine animals,THS_HD,Thousand heads (animals),NL12,Friesland (NL),2018,,506,,,,,
dataflow,ESTAT:TGS00045(1.0),Animal populations by NUTS 2 region,A,Annual,A2000,Live bovine animals,THS_HD,Thousand heads (animals),NL12,Friesland (NL),2019,,517,,,,,
dataflow,ESTAT:TGS00045(1.0),Animal populations by NUTS 2 region,A,Annual,A2000,Live bovine animals,THS_HD,Thousand heads (animals),NL12,Friesland (NL),2020,,530,,,,,
dataflow,ESTAT:TGS00045(1.0),Animal populations by NUTS 2 region,A,Annual,A2000,Live bovine animals,THS_HD,Thousand heads (animals),NL12,Friesland (NL),2021,,524,,,,,
dataflow,ESTAT:TGS00045(1.0),Animal populations by NUTS 2 region,A,Annual,A2000,Live bovine animals,THS_HD,Thousand heads (animals),NL12,Friesland (NL),2022,,535,,,,,
dataflow,ESTAT:TGS00045(1.0),Animal populations by NUTS 2 region,A,Annual,A2000,Live bovine animals,THS_HD,Thousand heads (animals),NL12,Friesland (NL),2023,,531,,,,,
dataflow,ESTAT:TGS00045(1.0),Animal populations by NUTS 2 region,A,Annual,A2000,Live bovine animals,THS_HD,Thousand heads (animals),NL12,Friesland (NL),2024,,517,,,,,
dataflow,ESTAT:TGS00045(1.0),Animal populations by NUTS 2 region,A,Annual,A2000,Live bovine animals,THS_HD,Thousand heads (animals),NL12,Friesland (NL),2025,,515.66,,,,,
dataflow,ESTAT:TGS00045(1.0),Animal populations by NUTS 2 region,A,Annual,A2000,Live bovine animals,THS_HD,Thousand heads (animals),NL13,Drenthe,2014,,248,,,,,
dataflow,ESTAT:TGS00045(1.0),Animal populations by NUTS 2 region,A,Annual,A2000,Live bovine animals,THS_HD,Thousand heads (animals),NL13,Drenthe,2015,,262,,,,,
dataflow,ESTAT:TGS00045(1.0),Animal populations by NUTS 2 region,A,Annual,A2000,Live bovine animals,THS_HD,Thousand heads (animals),NL13,Drenthe,2016,,261,,,,,
dataflow,ESTAT:TGS00045(1.0),Animal populations by NUTS 2 region,A,Annual,A2000,Live bovine animals,THS_HD,Thousand heads (animals),NL13,Drenthe,2017,,240,,,,,
dataflow,ESTAT:TGS00045(1.0),Animal populations by NUTS 2 region,A,Annual,A2000,Live bovine animals,THS_HD,Thousand heads (animals),NL13,Drenthe,2018,,218,,,,,
dataflow,ESTAT:TGS00045(1.0),Animal populations by NUTS 2 region,A,Annual,A2000,Live bovine animals,THS_HD,Thousand heads (animals),NL13,Drenthe,2019,,220,,,,,
dataflow,ESTAT:TGS00045(1.0),Animal populations by NUTS 2 region,A,Annual,A2000,Live bovine animals,THS_HD,Thousand heads (animals),NL13,Drenthe,2020,,217,,,,,
dataflow,ESTAT:TGS00045(1.0),Animal populations by NUTS 2 region,A,Annual,A2000,Live bovine animals,THS_HD,Thousand heads (animals),NL13,Drenthe,2021,,219,,,,,
dataflow,ESTAT:TGS00045(1.0),Animal populations by NUTS 2 region,A,Annual,A2000,Live bovine animals,THS_HD,Thousand heads (animals),NL13,Drenthe,2022,,219,,,,,
dataflow,ESTAT:TGS00045(1.0),Animal populations by NUTS 2 region,A,Annual,A2000,Live bovine animals,THS_HD,Thousand heads (animals),NL13,Drenthe,2023,,224,,,,,
dataflow,ESTAT:TGS00045(1.0),Animal populations by NUTS 2 region,A,Annual,A2000,Live bovine animals,THS_HD,Thousand heads (animals),NL13,Drenthe,2024,,215,,,,,
dataflow,ESTAT:TGS00045(1.0),Animal populations by NUTS 2 region,A,Annual,A2000,Live bovine animals,THS_HD,Thousand heads (animals),NL13,Drenthe,2025,,215.61,,,,,
dataflow,ESTAT:TGS00045(1.0),Animal populations by NUTS 2 region,A,Annual,A2000,Live bovine animals,THS_HD,Thousand heads (animals),NL21,Overijssel,2014,,653,,,,,
dataflow,ESTAT:TGS00045(1.0),Animal populations by NUTS 2 region,A,Annual,A2000,Live bovine animals,THS_HD,Thousand heads (animals),NL21,Overijssel,2015,,681,,,,,
dataflow,ESTAT:TGS00045(1.0),Animal populations by NUTS 2 region,A,Annual,A2000,Live bovine animals,THS_HD,Thousand heads (animals),NL21,Overijssel,2016,,670,,,,,
dataflow,ESTAT:TGS00045(1.0),Animal populations by NUTS 2 region,A,Annual,A2000,Live bovine animals,THS_HD,Thousand heads (animals),NL21,Overijssel,2017,,639,,,,,
dataflow,ESTAT:TGS00045(1.0),Animal populations by NUTS 2 region,A,Annual,A2000,Live bovine animals,THS_HD,Thousand heads (animals),NL21,Overijssel,2018,,593,,,,,
dataflow,ESTAT:TGS00045(1.0),Animal populations by NUTS 2 region,A,Annual,A2000,Live bovine animals,THS_HD,Thousand heads (animals),NL21,Overijssel,2019,,587,,,,,
dataflow,ESTAT:TGS00045(1.0),Animal populations by NUTS 2 region,A,Annual,A2000,Live bovine animals,THS_HD,Thousand heads (animals),NL21,Overijssel,2020,,590,,,,,
dataflow,ESTAT:TGS00045(1.0),Animal populations by NUTS 2 region,A,Annual,A2000,Live bovine animals,THS_HD,Thousand heads (animals),NL21,Overijssel,2021,,594,,,,,
dataflow,ESTAT:TGS00045(1.0),Animal populations by NUTS 2 region,A,Annual,A2000,Live bovine animals,THS_HD,Thousand heads (animals),NL21,Overijssel,2022,,610,,,,,
dataflow,ESTAT:TGS00045(1.0),Animal populations by NUTS 2 region,A,Annual,A2000,Live bovine animals,THS_HD,Thousand heads (animals),NL21,Overijssel,2023,,602,,,,,
dataflow,ESTAT:TGS00045(1.0),Animal populations by NUTS 2 region,A,Annual,A2000,Live bovine animals,THS_HD,Thousand heads (animals),NL21,Overijssel,2024,,585,,,,,
dataflow,ESTAT:TGS00045(1.0),Animal populations by NUTS 2 region,A,Annual,A2000,Live bovine animals,THS_HD,Thousand heads (animals),NL21,Overijssel,2025,,586.28,,,,,
dataflow,ESTAT:TGS00045(1.0),Animal populations by NUTS 2 region,A,Annual,A2000,Live bovine animals,THS_HD,Thousand heads (animals),NL22,Gelderland,2014,,956,,,,,
dataflow,ESTAT:TGS00045(1.0),Animal populations by NUTS 2 region,A,Annual,A2000,Live bovine animals,THS_HD,Thousand heads (animals),NL22,Gelderland,2015,,949,,,,,
dataflow,ESTAT:TGS00045(1.0),Animal populations by NUTS 2 region,A,Annual,A2000,Live bovine animals,THS_HD,Thousand heads (animals),NL22,Gelderland,2016,,949,,,,,
dataflow,ESTAT:TGS00045(1.0),Animal populations by NUTS 2 region,A,Annual,A2000,Live bovine animals,THS_HD,Thousand heads (animals),NL22,Gelderland,2017,,896,,,,,
dataflow,ESTAT:TGS00045(1.0),Animal populations by NUTS 2 region,A,Annual,A2000,Live bovine animals,THS_HD,Thousand heads (animals),NL22,Gelderland,2018,,869,,,,,
dataflow,ESTAT:TGS00045(1.0),Animal populations by NUTS 2 region,A,Annual,A2000,Live bovine animals,THS_HD,Thousand heads (animals),NL22,Gelderland,2019,,878,,,,,
dataflow,ESTAT:TGS00045(1.0),Animal populations by NUTS 2 region,A,Annual,A2000,Live bovine animals,THS_HD,Thousand heads (animals),NL22,Gelderland,2020,,850,,,,,
dataflow,ESTAT:TGS00045(1.0),Animal populations by NUTS 2 region,A,Annual,A2000,Live bovine animals,THS_HD,Thousand heads (animals),NL22,Gelderland,2021,,863,,,,,
dataflow,ESTAT:TGS00045(1.0),Animal populations by NUTS 2 region,A,Annual,A2000,Live bovine animals,THS_HD,Thousand heads (animals),NL22,Gelderland,2022,,875,,,,,
dataflow,ESTAT:TGS00045(1.0),Animal populations by NUTS 2 region,A,Annual,A2000,Live bovine animals,THS_HD,Thousand heads (animals),NL22,Gelderland,2023,,875,,,,,
dataflow,ESTAT:TGS00045(1.0),Animal populations by NUTS 2 region,A,Annual,A2000,Live bovine animals,THS_HD,Thousand heads (animals),NL22,Gelderland,2024,,790,,,,,
dataflow,ESTAT:TGS00045(1.0),Animal populations by NUTS 2 region,A,Annual,A2000,Live bovine animals,THS_HD,Thousand heads (animals),NL22,Gelderland,2025,,781.82,,,,,
dataflow,ESTAT:TGS00045(1.0),Animal populations by NUTS 2 region,A,Annual,A2000,Live bovine animals,THS_HD,Thousand heads (animals),NL23,Flevoland,2014,,71,,,,,
dataflow,ESTAT:TGS00045(1.0),Animal populations by NUTS 2 region,A,Annual,A2000,Live bovine animals,THS_HD,Thousand heads (animals),NL23,Flevoland,2015,,78,,,,,
dataflow,ESTAT:TGS00045(1.0),Animal populations by NUTS 2 region,A,Annual,A2000,Live bovine animals,THS_HD,Thousand heads (animals),NL23,Flevoland,2016,,78,,,,,
dataflow,ESTAT:TGS00045(1.0),Animal populations by NUTS 2 region,A,Annual,A2000,Live bovine animals,THS_HD,Thousand heads (animals),NL23,Flevoland,2017,,72,,,,,
dataflow,ESTAT:TGS00045(1.0),Animal populations by NUTS 2 region,A,Annual,A2000,Live bovine animals,THS_HD,Thousand heads (animals),NL23,Flevoland,2018,,65,,,,,
dataflow,ESTAT:TGS00045(1.0),Animal populations by NUTS 2 region,A,Annual,A2000,Live bovine animals,THS_HD,Thousand heads (animals),NL23,Flevoland,2019,,66,,,,,
dataflow,ESTAT:TGS00045(1.0),Animal populations by NUTS 2 region,A,Annual,A2000,Live bovine animals,THS_HD,Thousand heads (animals),NL23,Flevoland,2020,,63,,,,,
dataflow,ESTAT:TGS00045(1.0),Animal populations by NUTS 2 region,A,Annual,A2000,Live bovine animals,THS_HD,Thousand heads (animals),NL23,Flevoland,2021,,66,,,,,
dataflow,ESTAT:TGS00045(1.0),Animal populations by NUTS 2 region,A,Annual,A2000,Live bovine animals,THS_HD,Thousand heads (animals),NL23,Flevoland,2022,,67,,,,,
dataflow,ESTAT:TGS00045(1.0),Animal populations by NUTS 2 region,A,Annual,A2000,Live bovine animals,THS_HD,Thousand heads (animals),NL23,Flevoland,2023,,66,,,,,
dataflow,ESTAT:TGS00045(1.0),Animal populations by NUTS 2 region,A,Annual,A2000,Live bovine animals,THS_HD,Thousand heads (animals),NL23,Flevoland,2024,,63,,,,,
dataflow,ESTAT:TGS00045(1.0),Animal populations by NUTS 2 region,A,Annual,A2000,Live bovine animals,THS_HD,Thousand heads (animals),NL23,Flevoland,2025,,60.89,,,,,
dataflow,ESTAT:TGS00045(1.0),Animal populations by NUTS 2 region,A,Annual,A2000,Live bovine animals,THS_HD,Thousand heads (animals),NL31,Utrecht (NUTS 2021),2014,,201,,,,,
dataflow,ESTAT:TGS00045(1.0),Animal populations by NUTS 2 region,A,Annual,A2000,Live bovine animals,THS_HD,Thousand heads (animals),NL31,Utrecht (NUTS 2021),2015,,214,,,,,
dataflow,ESTAT:TGS00045(1.0),Animal populations by NUTS 2 region,A,Annual,A2000,Live bovine animals,THS_HD,Thousand heads (animals),NL31,Utrecht (NUTS 2021),2016,,208,,,,,
dataflow,ESTAT:TGS00045(1.0),Animal populations by NUTS 2 region,A,Annual,A2000,Live bovine animals,THS_HD,Thousand heads (animals),NL31,Utrecht (NUTS 2021),2017,,195,,,,,
dataflow,ESTAT:TGS00045(1.0),Animal populations by NUTS 2 region,A,Annual,A2000,Live bovine animals,THS_HD,Thousand heads (animals),NL31,Utrecht (NUTS 2021),2018,,178,,,,,
dataflow,ESTAT:TGS00045(1.0),Animal populations by NUTS 2 region,A,Annual,A2000,Live bovine animals,THS_HD,Thousand heads (animals),NL31,Utrecht (NUTS 2021),2019,,197,,,,,
dataflow,ESTAT:TGS00045(1.0),Animal populations by NUTS 2 region,A,Annual,A2000,Live bovine animals,THS_HD,Thousand heads (animals),NL31,Utrecht (NUTS 2021),2020,,201,,,,,
dataflow,ESTAT:TGS00045(1.0),Animal populations by NUTS 2 region,A,Annual,A2000,Live bovine animals,THS_HD,Thousand heads (animals),NL31,Utrecht (NUTS 2021),2021,,197,,,,,
dataflow,ESTAT:TGS00045(1.0),Animal populations by NUTS 2 region,A,Annual,A2000,Live bovine animals,THS_HD,Thousand heads (animals),NL31,Utrecht (NUTS 2021),2022,,202,,,,,
dataflow,ESTAT:TGS00045(1.0),Animal populations by NUTS 2 region,A,Annual,A2000,Live bovine animals,THS_HD,Thousand heads (animals),NL32,Noord-Holland,2014,,166,,,,,
dataflow,ESTAT:TGS00045(1.0),Animal populations by NUTS 2 region,A,Annual,A2000,Live bovine animals,THS_HD,Thousand heads (animals),NL32,Noord-Holland,2015,,178,,,,,
dataflow,ESTAT:TGS00045(1.0),Animal populations by NUTS 2 region,A,Annual,A2000,Live bovine animals,THS_HD,Thousand heads (animals),NL32,Noord-Holland,2016,,178,,,,,
dataflow,ESTAT:TGS00045(1.0),Animal populations by NUTS 2 region,A,Annual,A2000,Live bovine animals,THS_HD,Thousand heads (animals),NL32,Noord-Holland,2017,,166,,,,,
dataflow,ESTAT:TGS00045(1.0),Animal populations by NUTS 2 region,A,Annual,A2000,Live bovine animals,THS_HD,Thousand heads (animals),NL32,Noord-Holland,2018,,146,,,,,
dataflow,ESTAT:TGS00045(1.0),Animal populations by NUTS 2 region,A,Annual,A2000,Live bovine animals,THS_HD,Thousand heads (animals),NL32,Noord-Holland,2019,,151,,,,,
dataflow,ESTAT:TGS00045(1.0),Animal populations by NUTS 2 region,A,Annual,A2000,Live bovine animals,THS_HD,Thousand heads (animals),NL32,Noord-Holland,2020,,149,,,,,
dataflow,ESTAT:TGS00045(1.0),Animal populations by NUTS 2 region,A,Annual,A2000,Live bovine animals,THS_HD,Thousand heads (animals),NL32,Noord-Holland,2021,,150,,,,,
dataflow,ESTAT:TGS00045(1.0),Animal populations by NUTS 2 region,A,Annual,A2000,Live bovine animals,THS_HD,Thousand heads (animals),NL32,Noord-Holland,2022,,152,,,,,
dataflow,ESTAT:TGS00045(1.0),Animal populations by NUTS 2 region,A,Annual,A2000,Live bovine animals,THS_HD,Thousand heads (animals),NL32,Noord-Holland,2023,,149,,,,,
dataflow,ESTAT:TGS00045(1.0),Animal populations by NUTS 2 region,A,Annual,A2000,Live bovine animals,THS_HD,Thousand heads (animals),NL32,Noord-Holland,2024,,146,,,,,
dataflow,ESTAT:TGS00045(1.0),Animal populations by NUTS 2 region,A,Annual,A2000,Live bovine animals,THS_HD,Thousand heads (animals),NL32,Noord-Holland,2025,,145.14,,,,,
dataflow,ESTAT:TGS00045(1.0),Animal populations by NUTS 2 region,A,Annual,A2000,Live bovine animals,THS_HD,Thousand heads (animals),NL33,Zuid-Holland (NUTS 2021),2014,,196,,,,,
dataflow,ESTAT:TGS00045(1.0),Animal populations by NUTS 2 region,A,Annual,A2000,Live bovine animals,THS_HD,Thousand heads (animals),NL33,Zuid-Holland (NUTS 2021),2015,,206,,,,,
dataflow,ESTAT:TGS00045(1.0),Animal populations by NUTS 2 region,A,Annual,A2000,Live bovine animals,THS_HD,Thousand heads (animals),NL33,Zuid-Holland (NUTS 2021),2016,,205,,,,,
dataflow,ESTAT:TGS00045(1.0),Animal populations by NUTS 2 region,A,Annual,A2000,Live bovine animals,THS_HD,Thousand heads (animals),NL33,Zuid-Holland (NUTS 2021),2017,,188,,,,,
dataflow,ESTAT:TGS00045(1.0),Animal populations by NUTS 2 region,A,Annual,A2000,Live bovine animals,THS_HD,Thousand heads (animals),NL33,Zuid-Holland (NUTS 2021),2018,,168,,,,,
dataflow,ESTAT:TGS00045(1.0),Animal populations by NUTS 2 region,A,Annual,A2000,Live bovine animals,THS_HD,Thousand heads (animals),NL33,Zuid-Holland (NUTS 2021),2019,,154,,,,,
dataflow,ESTAT:TGS00045(1.0),Animal populations by NUTS 2 region,A,Annual,A2000,Live bovine animals,THS_HD,Thousand heads (animals),NL33,Zuid-Holland (NUTS 2021),2020,,156,,,,,
dataflow,ESTAT:TGS00045(1.0),Animal populations by NUTS 2 region,A,Annual,A2000,Live bovine animals,THS_HD,Thousand heads (animals),NL33,Zuid-Holland (NUTS 2021),2021,,155,,,,,
dataflow,ESTAT:TGS00045(1.0),Animal populations by NUTS 2 region,A,Annual,A2000,Live bovine animals,THS_HD,Thousand heads (animals),NL33,Zuid-Holland (NUTS 2021),2022,,157,,,,,
dataflow,ESTAT:TGS00045(1.0),Animal populations by NUTS 2 region,A,Annual,A2000,Live bovine animals,THS_HD,Thousand heads (animals),NL34,Zeeland,2014,,59,,,,,
dataflow,ESTAT:TGS00045(1.0),Animal populations by NUTS 2 region,A,Annual,A2000,Live bovine animals,THS_HD,Thousand heads (animals),NL34,Zeeland,2015,,60,,,,,
dataflow,ESTAT:TGS00045(1.0),Animal populations by NUTS 2 region,A,Annual,A2000,Live bovine animals,THS_HD,Thousand heads (animals),NL34,Zeeland,2016,,61,,,,,
dataflow,ESTAT:TGS00045(1.0),Animal populations by NUTS 2 region,A,Annual,A2000,Live bovine animals,THS_HD,Thousand heads (animals),NL34,Zeeland,2017,,57,,,,,
dataflow,ESTAT:TGS00045(1.0),Animal populations by NUTS 2 region,A,Annual,A2000,Live bovine animals,THS_HD,Thousand heads (animals),NL34,Zeeland,2018,,50,,,,,
dataflow,ESTAT:TGS00045(1.0),Animal populations by NUTS 2 region,A,Annual,A2000,Live bovine animals,THS_HD,Thousand heads (animals),NL34,Zeeland,2019,,51,,,,,
dataflow,ESTAT:TGS00045(1.0),Animal populations by NUTS 2 region,A,Annual,A2000,Live bovine animals,THS_HD,Thousand heads (animals),NL34,Zeeland,2020,,50,,,,,
dataflow,ESTAT:TGS00045(1.0),Animal populations by NUTS 2 region,A,Annual,A2000,Live bovine animals,THS_HD,Thousand heads (animals),NL34,Zeeland,2021,,51,,,,,
dataflow,ESTAT:TGS00045(1.0),Animal populations by NUTS 2 region,A,Annual,A2000,Live bovine animals,THS_HD,Thousand heads (animals),NL34,Zeeland,2022,,53,,,,,
dataflow,ESTAT:TGS00045(1.0),Animal populations by NUTS 2 region,A,Annual,A2000,Live bovine animals,THS_HD,Thousand heads (animals),NL34,Zeeland,2023,,53,,,,,
dataflow,ESTAT:TGS00045(1.0),Animal populations by NUTS 2 region,A,Annual,A2000,Live bovine animals,THS_HD,Thousand heads (animals),NL34,Zeeland,2024,,50,,,,,
dataflow,ESTAT:TGS00045(1.0),Animal populations by NUTS 2 region,A,Annual,A2000,Live bovine animals,THS_HD,Thousand heads (animals),NL34,Zeeland,2025,,49.84,,,,,
dataflow,ESTAT:TGS00045(1.0),Animal populations by NUTS 2 region,A,Annual,A2000,Live bovine animals,THS_HD,Thousand heads (animals),NL35,Utrecht,2023,,199,,,,,
dataflow,ESTAT:TGS00045(1.0),Animal populations by NUTS 2 region,A,Annual,A2000,Live bovine animals,THS_HD,Thousand heads (animals),NL35,Utrecht,2024,,189,,,,,
dataflow,ESTAT:TGS00045(1.0),Animal populations by NUTS 2 region,A,Annual,A2000,Live bovine animals,THS_HD,Thousand heads (animals),NL35,Utrecht,2025,,192.78,,,,,
dataflow,ESTAT:TGS00045(1.0),Animal populations by NUTS 2 region,A,Annual,A2000,Live bovine animals,THS_HD,Thousand heads (animals),NL36,Zuid-Holland,2023,,157,,,,,
dataflow,ESTAT:TGS00045(1.0),Animal populations by NUTS 2 region,A,Annual,A2000,Live bovine animals,THS_HD,Thousand heads (animals),NL36,Zuid-Holland,2024,,154,,,,,
dataflow,ESTAT:TGS00045(1.0),Animal populations by NUTS 2 region,A,Annual,A2000,Live bovine animals,THS_HD,Thousand heads (animals),NL36,Zuid-Holland,2025,,153.22,,,,,
dataflow,ESTAT:TGS00045(1.0),Animal populations by NUTS 2 region,A,Annual,A2000,Live bovine animals,THS_HD,Thousand heads (animals),NL41,Noord-Brabant,2014,,688,,,,,
dataflow,ESTAT:TGS00045(1.0),Animal populations by NUTS 2 region,A,Annual,A2000,Live bovine animals,THS_HD,Thousand heads (animals),NL41,Noord-Brabant,2015,,702,,,,,
dataflow,ESTAT:TGS00045(1.0),Animal populations by NUTS 2 region,A,Annual,A2000,Live bovine animals,THS_HD,Thousand heads (animals),NL41,Noord-Brabant,2016,,701,,,,,
dataflow,ESTAT:TGS00045(1.0),Animal populations by NUTS 2 region,A,Annual,A2000,Live bovine animals,THS_HD,Thousand heads (animals),NL41,Noord-Brabant,2017,,667,,,,,
dataflow,ESTAT:TGS00045(1.0),Animal populations by NUTS 2 region,A,Annual,A2000,Live bovine animals,THS_HD,Thousand heads (animals),NL41,Noord-Brabant,2018,,584,,,,,
dataflow,ESTAT:TGS00045(1.0),Animal populations by NUTS 2 region,A,Annual,A2000,Live bovine animals,THS_HD,Thousand heads (animals),NL41,Noord-Brabant,2019,,580,,,,,
dataflow,ESTAT:TGS00045(1.0),Animal populations by NUTS 2 region,A,Annual,A2000,Live bovine animals,THS_HD,Thousand heads (animals),NL41,Noord-Brabant,2020,,571,,,,,
dataflow,ESTAT:TGS00045(1.0),Animal populations by NUTS 2 region,A,Annual,A2000,Live bovine animals,THS_HD,Thousand heads (animals),NL41,Noord-Brabant,2021,,570,,,,,
dataflow,ESTAT:TGS00045(1.0),Animal populations by NUTS 2 region,A,Annual,A2000,Live bovine animals,THS_HD,Thousand heads (animals),NL41,Noord-Brabant,2022,,568,,,,,
dataflow,ESTAT:TGS00045(1.0),Animal populations by NUTS 2 region,A,Annual,A2000,Live bovine animals,THS_HD,Thousand heads (animals),NL41,Noord-Brabant,2023,,567,,,,,
dataflow,ESTAT:TGS00045(1.0),Animal populations by NUTS 2 region,A,Annual,A2000,Live bovine animals,THS_HD,Thousand heads (animals),NL41,Noord-Brabant,2024,,549,,,,,
dataflow,ESTAT:TGS00045(1.0),Animal populations by NUTS 2 region,A,Annual,A2000,Live bovine animals,THS_HD,Thousand heads (animals),NL41,Noord-Brabant,2025,,551.71,,,,,
dataflow,ESTAT:TGS00045(1.0),Animal populations by NUTS 2 region,A,Annual,A2000,Live bovine animals,THS_HD,Thousand heads (animals),NL42,Limburg (NL),2014,,150,,,,,
dataflow,ESTAT:TGS00045(1.0),Animal populations by NUTS 2 region,A,Annual,A2000,Live bovine animals,THS_HD,Thousand heads (animals),NL42,Limburg (NL),2015,,154,,,,,
dataflow,ESTAT:TGS00045(1.0),Animal populations by NUTS 2 region,A,Annual,A2000,Live bovine animals,THS_HD,Thousand heads (animals),NL42,Limburg (NL),2016,,156,,,,,
dataflow,ESTAT:TGS00045(1.0),Animal populations by NUTS 2 region,A,Annual,A2000,Live bovine animals,THS_HD,Thousand heads (animals),NL42,Limburg (NL),2017,,145,,,,,
dataflow,ESTAT:TGS00045(1.0),Animal populations by NUTS 2 region,A,Annual,A2000,Live bovine animals,THS_HD,Thousand heads (animals),NL42,Limburg (NL),2018,,125,,,,,
dataflow,ESTAT:TGS00045(1.0),Animal populations by NUTS 2 region,A,Annual,A2000,Live bovine animals,THS_HD,Thousand heads (animals),NL42,Limburg (NL),2019,,128,,,,,
dataflow,ESTAT:TGS00045(1.0),Animal populations by NUTS 2 region,A,Annual,A2000,Live bovine animals,THS_HD,Thousand heads (animals),NL42,Limburg (NL),2020,,123,,,,,
dataflow,ESTAT:TGS00045(1.0),Animal populations by NUTS 2 region,A,Annual,A2000,Live bovine animals,THS_HD,Thousand heads (animals),NL42,Limburg (NL),2021,,123,,,,,
dataflow,ESTAT:TGS00045(1.0),Animal populations by NUTS 2 region,A,Annual,A2000,Live bovine animals,THS_HD,Thousand heads (animals),NL42,Limburg (NL),2022,,121,,,,,
dataflow,ESTAT:TGS00045(1.0),Animal populations by NUTS 2 region,A,Annual,A2000,Live bovine animals,THS_HD,Thousand heads (animals),NL42,Limburg (NL),2023,,123,,,,,
dataflow,ESTAT:TGS00045(1.0),Animal populations by NUTS 2 region,A,Annual,A2000,Live bovine animals,THS_HD,Thousand heads (animals),NL42,Limburg (NL),2024,,113,,,,,
dataflow,ESTAT:TGS00045(1.0),Animal populations by NUTS 2 region,A,Annual,A2000,Live bovine animals,THS_HD,Thousand heads (animals),NL42,Limburg (NL),2025,,106.56,,,,,
dataflow,ESTAT:TGS00045(1.0),Animal populations by NUTS 2 region,A,Annual,A2000,Live bovine animals,THS_HD,Thousand heads (animals),PL11,Lódzkie (NUTS 2013),2014,,446.81,,,,,
dataflow,ESTAT:TGS00045(1.0),Animal populations by NUTS 2 region,A,Annual,A2000,Live bovine animals,THS_HD,Thousand heads (animals),PL11,Lódzkie (NUTS 2013),2015,,450.54,,,,,
dataflow,ESTAT:TGS00045(1.0),Animal populations by NUTS 2 region,A,Annual,A2000,Live bovine animals,THS_HD,Thousand heads (animals),PL11,Lódzkie (NUTS 2013),2016,,473.2,,,,,
dataflow,ESTAT:TGS00045(1.0),Animal populations by NUTS 2 region,A,Annual,A2000,Live bovine animals,THS_HD,Thousand heads (animals),PL12,Mazowieckie (NUTS 2013),2014,,1043.96,,,,,
dataflow,ESTAT:TGS00045(1.0),Animal populations by NUTS 2 region,A,Annual,A2000,Live bovine animals,THS_HD,Thousand heads (animals),PL12,Mazowieckie (NUTS 2013),2015,,1091.68,,,,,
dataflow,ESTAT:TGS00045(1.0),Animal populations by NUTS 2 region,A,Annual,A2000,Live bovine animals,THS_HD,Thousand heads (animals),PL12,Mazowieckie (NUTS 2013),2016,,1098.5,,,,,
dataflow,ESTAT:TGS00045(1.0),Animal populations by NUTS 2 region,A,Annual,A2000,Live bovine animals,THS_HD,Thousand heads (animals),PL21,Małopolskie,2014,,166.4,,,,,
dataflow,ESTAT:TGS00045(1.0),Animal populations by NUTS 2 region,A,Annual,A2000,Live bovine animals,THS_HD,Thousand heads (animals),PL21,Małopolskie,2015,,169.69,,,,,
dataflow,ESTAT:TGS00045(1.0),Animal populations by NUTS 2 region,A,Annual,A2000,Live bovine animals,THS_HD,Thousand heads (animals),PL21,Małopolskie,2016,,178.1,,,,,
dataflow,ESTAT:TGS00045(1.0),Animal populations by NUTS 2 region,A,Annual,A2000,Live bovine animals,THS_HD,Thousand heads (animals),PL21,Małopolskie,2017,,162.6,,,,,
dataflow,ESTAT:TGS00045(1.0),Animal populations by NUTS 2 region,A,Annual,A2000,Live bovine animals,THS_HD,Thousand heads (animals),PL21,Małopolskie,2018,,172.5,,,,,
dataflow,ESTAT:TGS00045(1.0),Animal populations by NUTS 2 region,A,Annual,A2000,Live bovine animals,THS_HD,Thousand heads (animals),PL21,Małopolskie,2019,,169,,,,,
dataflow,ESTAT:TGS00045(1.0),Animal populations by NUTS 2 region,A,Annual,A2000,Live bovine animals,THS_HD,Thousand heads (animals),PL21,Małopolskie,2020,,176.8,,,,,
dataflow,ESTAT:TGS00045(1.0),Animal populations by NUTS 2 region,A,Annual,A2000,Live bovine animals,THS_HD,Thousand heads (animals),PL21,Małopolskie,2021,,166,,,,,
dataflow,ESTAT:TGS00045(1.0),Animal populations by NUTS 2 region,A,Annual,A2000,Live bovine animals,THS_HD,Thousand heads (animals),PL21,Małopolskie,2022,,157.82,,,,,
dataflow,ESTAT:TGS00045(1.0),Animal populations by NUTS 2 region,A,Annual,A2000,Live bovine animals,THS_HD,Thousand heads (animals),PL21,Małopolskie,2023,,153.2,,,,,
dataflow,ESTAT:TGS00045(1.0),Animal populations by NUTS 2 region,A,Annual,A2000,Live bovine animals,THS_HD,Thousand heads (animals),PL21,Małopolskie,2024,,149.42,,,,,
dataflow,ESTAT:TGS00045(1.0),Animal populations by NUTS 2 region,A,Annual,A2000,Live bovine animals,THS_HD,Thousand heads (animals),PL21,Małopolskie,2025,,142.6,,,,,
dataflow,ESTAT:TGS00045(1.0),Animal populations by NUTS 2 region,A,Annual,A2000,Live bovine animals,THS_HD,Thousand heads (animals),PL22,Śląskie,2014,,116.47,,,,,
dataflow,ESTAT:TGS00045(1.0),Animal populations by NUTS 2 region,A,Annual,A2000,Live bovine animals,THS_HD,Thousand heads (animals),PL22,Śląskie,2015,,116.28,,,,,
dataflow,ESTAT:TGS00045(1.0),Animal populations by NUTS 2 region,A,Annual,A2000,Live bovine animals,THS_HD,Thousand heads (animals),PL22,Śląskie,2016,,122.7,,,,,
dataflow,ESTAT:TGS00045(1.0),Animal populations by NUTS 2 region,A,Annual,A2000,Live bovine animals,THS_HD,Thousand heads (animals),PL22,Śląskie,2017,,120.1,,,,,
dataflow,ESTAT:TGS00045(1.0),Animal populations by NUTS 2 region,A,Annual,A2000,Live bovine animals,THS_HD,Thousand heads (animals),PL22,Śląskie,2018,,124.8,,,,,
dataflow,ESTAT:TGS00045(1.0),Animal populations by NUTS 2 region,A,Annual,A2000,Live bovine animals,THS_HD,Thousand heads (animals),PL22,Śląskie,2019,,128.5,,,,,
dataflow,ESTAT:TGS00045(1.0),Animal populations by NUTS 2 region,A,Annual,A2000,Live bovine animals,THS_HD,Thousand heads (animals),PL22,Śląskie,2020,,127,,,,,
dataflow,ESTAT:TGS00045(1.0),Animal populations by NUTS 2 region,A,Annual,A2000,Live bovine animals,THS_HD,Thousand heads (animals),PL22,Śląskie,2021,,134.4,,,,,
dataflow,ESTAT:TGS00045(1.0),Animal populations by NUTS 2 region,A,Annual,A2000,Live bovine animals,THS_HD,Thousand heads (animals),PL22,Śląskie,2022,,134.01,,,,,
dataflow,ESTAT:TGS00045(1.0),Animal populations by NUTS 2 region,A,Annual,A2000,Live bovine animals,THS_HD,Thousand heads (animals),PL22,Śląskie,2023,,130.87,,,,,
dataflow,ESTAT:TGS00045(1.0),Animal populations by NUTS 2 region,A,Annual,A2000,Live bovine animals,THS_HD,Thousand heads (animals),PL22,Śląskie,2024,,131.07,,,,,
dataflow,ESTAT:TGS00045(1.0),Animal populations by NUTS 2 region,A,Annual,A2000,Live bovine animals,THS_HD,Thousand heads (animals),PL22,Śląskie,2025,,129.49,,,,,
dataflow,ESTAT:TGS00045(1.0),Animal populations by NUTS 2 region,A,Annual,A2000,Live bovine animals,THS_HD,Thousand heads (animals),PL31,Lubelskie (NUTS 2013),2014,,346.01,,,,,
dataflow,ESTAT:TGS00045(1.0),Animal populations by NUTS 2 region,A,Annual,A2000,Live bovine animals,THS_HD,Thousand heads (animals),PL31,Lubelskie (NUTS 2013),2015,,362.8,,,,,
dataflow,ESTAT:TGS00045(1.0),Animal populations by NUTS 2 region,A,Annual,A2000,Live bovine animals,THS_HD,Thousand heads (animals),PL31,Lubelskie (NUTS 2013),2016,,371.8,,,,,
dataflow,ESTAT:TGS00045(1.0),Animal populations by NUTS 2 region,A,Annual,A2000,Live bovine animals,THS_HD,Thousand heads (animals),PL32,Podkarpackie (NUTS 2013),2014,,89.11,,,,,
dataflow,ESTAT:TGS00045(1.0),Animal populations by NUTS 2 region,A,Annual,A2000,Live bovine animals,THS_HD,Thousand heads (animals),PL32,Podkarpackie (NUTS 2013),2015,,89.33,,,,,
dataflow,ESTAT:TGS00045(1.0),Animal populations by NUTS 2 region,A,Annual,A2000,Live bovine animals,THS_HD,Thousand heads (animals),PL32,Podkarpackie (NUTS 2013),2016,,84.4,,,,,
dataflow,ESTAT:TGS00045(1.0),Animal populations by NUTS 2 region,A,Annual,A2000,Live bovine animals,THS_HD,Thousand heads (animals),PL33,Swietokrzyskie (NUTS 2013),2014,,153.92,,,,,
dataflow,ESTAT:TGS00045(1.0),Animal populations by NUTS 2 region,A,Annual,A2000,Live bovine animals,THS_HD,Thousand heads (animals),PL33,Swietokrzyskie (NUTS 2013),2015,,161.94,,,,,
dataflow,ESTAT:TGS00045(1.0),Animal populations by NUTS 2 region,A,Annual,A2000,Live bovine animals,THS_HD,Thousand heads (animals),PL33,Swietokrzyskie (NUTS 2013),2016,,166.5,,,,,
dataflow,ESTAT:TGS00045(1.0),Animal populations by NUTS 2 region,A,Annual,A2000,Live bovine animals,THS_HD,Thousand heads (animals),PL34,Podlaskie (NUTS 2013),2014,,938.71,,,,,
dataflow,ESTAT:TGS00045(1.0),Animal populations by NUTS 2 region,A,Annual,A2000,Live bovine animals,THS_HD,Thousand heads (animals),PL34,Podlaskie (NUTS 2013),2015,,952.38,,,,,
dataflow,ESTAT:TGS00045(1.0),Animal populations by NUTS 2 region,A,Annual,A2000,Live bovine animals,THS_HD,Thousand heads (animals),PL34,Podlaskie (NUTS 2013),2016,,959.8,,,,,
dataflow,ESTAT:TGS00045(1.0),Animal populations by NUTS 2 region,A,Annual,A2000,Live bovine animals,THS_HD,Thousand heads (animals),PL41,Wielkopolskie,2014,,884.05,,,,,
dataflow,ESTAT:TGS00045(1.0),Animal populations by NUTS 2 region,A,Annual,A2000,Live bovine animals,THS_HD,Thousand heads (animals),PL41,Wielkopolskie,2015,,911.99,,,,,
dataflow,ESTAT:TGS00045(1.0),Animal populations by NUTS 2 region,A,Annual,A2000,Live bovine animals,THS_HD,Thousand heads (animals),PL41,Wielkopolskie,2016,,1003.3,,,,,
dataflow,ESTAT:TGS00045(1.0),Animal populations by NUTS 2 region,A,Annual,A2000,Live bovine animals,THS_HD,Thousand heads (animals),PL41,Wielkopolskie,2017,,999.3,,,,,
dataflow,ESTAT:TGS00045(1.0),Animal populations by NUTS 2 region,A,Annual,A2000,Live bovine animals,THS_HD,Thousand heads (animals),PL41,Wielkopolskie,2018,,1030.8,,,,,
dataflow,ESTAT:TGS00045(1.0),Animal populations by NUTS 2 region,A,Annual,A2000,Live bovine animals,THS_HD,Thousand heads (animals),PL41,Wielkopolskie,2019,,1042.1,,,,,
dataflow,ESTAT:TGS00045(1.0),Animal populations by NUTS 2 region,A,Annual,A2000,Live bovine animals,THS_HD,Thousand heads (animals),PL41,Wielkopolskie,2020,,1087.5,,,,,
dataflow,ESTAT:TGS00045(1.0),Animal populations by NUTS 2 region,A,Annual,A2000,Live bovine animals,THS_HD,Thousand heads (animals),PL41,Wielkopolskie,2021,,1157.5,,,,,
dataflow,ESTAT:TGS00045(1.0),Animal populations by NUTS 2 region,A,Annual,A2000,Live bovine animals,THS_HD,Thousand heads (animals),PL41,Wielkopolskie,2022,,1186.21,,,,,
dataflow,ESTAT:TGS00045(1.0),Animal populations by NUTS 2 region,A,Annual,A2000,Live bovine animals,THS_HD,Thousand heads (animals),PL41,Wielkopolskie,2023,,1174.86,,,,,
dataflow,ESTAT:TGS00045(1.0),Animal populations by NUTS 2 region,A,Annual,A2000,Live bovine animals,THS_HD,Thousand heads (animals),PL41,Wielkopolskie,2024,,1188.17,,,,,
dataflow,ESTAT:TGS00045(1.0),Animal populations by NUTS 2 region,A,Annual,A2000,Live bovine animals,THS_HD,Thousand heads (animals),PL41,Wielkopolskie,2025,,1231.09,,,,,
dataflow,ESTAT:TGS00045(1.0),Animal populations by NUTS 2 region,A,Annual,A2000,Live bovine animals,THS_HD,Thousand heads (animals),PL42,Zachodniopomorskie,2014,,95.73,,,,,
dataflow,ESTAT:TGS00045(1.0),Animal populations by NUTS 2 region,A,Annual,A2000,Live bovine animals,THS_HD,Thousand heads (animals),PL42,Zachodniopomorskie,2015,,95.89,,,,,
dataflow,ESTAT:TGS00045(1.0),Animal populations by NUTS 2 region,A,Annual,A2000,Live bovine animals,THS_HD,Thousand heads (animals),PL42,Zachodniopomorskie,2016,,92.5,,,,,
dataflow,ESTAT:TGS00045(1.0),Animal populations by NUTS 2 region,A,Annual,A2000,Live bovine animals,THS_HD,Thousand heads (animals),PL42,Zachodniopomorskie,2017,,92.5,,,,,
dataflow,ESTAT:TGS00045(1.0),Animal populations by NUTS 2 region,A,Annual,A2000,Live bovine animals,THS_HD,Thousand heads (animals),PL42,Zachodniopomorskie,2018,,107,,,,,
dataflow,ESTAT:TGS00045(1.0),Animal populations by NUTS 2 region,A,Annual,A2000,Live bovine animals,THS_HD,Thousand heads (animals),PL42,Zachodniopomorskie,2019,,110.8,,,,,
dataflow,ESTAT:TGS00045(1.0),Animal populations by NUTS 2 region,A,Annual,A2000,Live bovine animals,THS_HD,Thousand heads (animals),PL42,Zachodniopomorskie,2020,,115.7,,,,,
dataflow,ESTAT:TGS00045(1.0),Animal populations by NUTS 2 region,A,Annual,A2000,Live bovine animals,THS_HD,Thousand heads (animals),PL42,Zachodniopomorskie,2021,,112.1,,,,,
dataflow,ESTAT:TGS00045(1.0),Animal populations by NUTS 2 region,A,Annual,A2000,Live bovine animals,THS_HD,Thousand heads (animals),PL42,Zachodniopomorskie,2022,,112.61,,,,,
dataflow,ESTAT:TGS00045(1.0),Animal populations by NUTS 2 region,A,Annual,A2000,Live bovine animals,THS_HD,Thousand heads (animals),PL42,Zachodniopomorskie,2023,,109.05,,,,,
dataflow,ESTAT:TGS00045(1.0),Animal populations by NUTS 2 region,A,Annual,A2000,Live bovine animals,THS_HD,Thousand heads (animals),PL42,Zachodniopomorskie,2024,,111.5,,,,,
dataflow,ESTAT:TGS00045(1.0),Animal populations by NUTS 2 region,A,Annual,A2000,Live bovine animals,THS_HD,Thousand heads (animals),PL42,Zachodniopomorskie,2025,,111.78,,,,,
dataflow,ESTAT:TGS00045(1.0),Animal populations by NUTS 2 region,A,Annual,A2000,Live bovine animals,THS_HD,Thousand heads (animals),PL43,Lubuskie,2014,,75.34,,,,,
dataflow,ESTAT:TGS00045(1.0),Animal populations by NUTS 2 region,A,Annual,A2000,Live bovine animals,THS_HD,Thousand heads (animals),PL43,Lubuskie,2015,,72.74,,,,,
dataflow,ESTAT:TGS00045(1.0),Animal populations by NUTS 2 region,A,Annual,A2000,Live bovine animals,THS_HD,Thousand heads (animals),PL43,Lubuskie,2016,,73,,,,,
dataflow,ESTAT:TGS00045(1.0),Animal populations by NUTS 2 region,A,Annual,A2000,Live bovine animals,THS_HD,Thousand heads (animals),PL43,Lubuskie,2017,,77.6,,,,,
dataflow,ESTAT:TGS00045(1.0),Animal populations by NUTS 2 region,A,Annual,A2000,Live bovine animals,THS_HD,Thousand heads (animals),PL43,Lubuskie,2018,,81.2,,,,,
dataflow,ESTAT:TGS00045(1.0),Animal populations by NUTS 2 region,A,Annual,A2000,Live bovine animals,THS_HD,Thousand heads (animals),PL43,Lubuskie,2019,,82.4,,,,,
dataflow,ESTAT:TGS00045(1.0),Animal populations by NUTS 2 region,A,Annual,A2000,Live bovine animals,THS_HD,Thousand heads (animals),PL43,Lubuskie,2020,,86.9,,,,,
dataflow,ESTAT:TGS00045(1.0),Animal populations by NUTS 2 region,A,Annual,A2000,Live bovine animals,THS_HD,Thousand heads (animals),PL43,Lubuskie,2021,,81.3,,,,,
dataflow,ESTAT:TGS00045(1.0),Animal populations by NUTS 2 region,A,Annual,A2000,Live bovine animals,THS_HD,Thousand heads (animals),PL43,Lubuskie,2022,,90.78,,,,,
dataflow,ESTAT:TGS00045(1.0),Animal populations by NUTS 2 region,A,Annual,A2000,Live bovine animals,THS_HD,Thousand heads (animals),PL43,Lubuskie,2023,,91.39,,,,,
dataflow,ESTAT:TGS00045(1.0),Animal populations by NUTS 2 region,A,Annual,A2000,Live bovine animals,THS_HD,Thousand heads (animals),PL43,Lubuskie,2024,,97.33,,,,,
dataflow,ESTAT:TGS00045(1.0),Animal populations by NUTS 2 region,A,Annual,A2000,Live bovine animals,THS_HD,Thousand heads (animals),PL43,Lubuskie,2025,,95.93,,,,,
dataflow,ESTAT:TGS00045(1.0),Animal populations by NUTS 2 region,A,Annual,A2000,Live bovine animals,THS_HD,Thousand heads (animals),PL51,Dolnośląskie,2014,,102.76,,,,,
dataflow,ESTAT:TGS00045(1.0),Animal populations by NUTS 2 region,A,Annual,A2000,Live bovine animals,THS_HD,Thousand heads (animals),PL51,Dolnośląskie,2015,,104.52,,,,,
dataflow,ESTAT:TGS00045(1.0),Animal populations by NUTS 2 region,A,Annual,A2000,Live bovine animals,THS_HD,Thousand heads (animals),PL51,Dolnośląskie,2016,,102.5,,,,,
dataflow,ESTAT:TGS00045(1.0),Animal populations by NUTS 2 region,A,Annual,A2000,Live bovine animals,THS_HD,Thousand heads (animals),PL51,Dolnośląskie,2017,,100.3,,,,,
dataflow,ESTAT:TGS00045(1.0),Animal populations by NUTS 2 region,A,Annual,A2000,Live bovine animals,THS_HD,Thousand heads (animals),PL51,Dolnośląskie,2018,,100.8,,,,,
dataflow,ESTAT:TGS00045(1.0),Animal populations by NUTS 2 region,A,Annual,A2000,Live bovine animals,THS_HD,Thousand heads (animals),PL51,Dolnośląskie,2019,,104.8,,,,,
dataflow,ESTAT:TGS00045(1.0),Animal populations by NUTS 2 region,A,Annual,A2000,Live bovine animals,THS_HD,Thousand heads (animals),PL51,Dolnośląskie,2020,,104.2,,,,,
dataflow,ESTAT:TGS00045(1.0),Animal populations by NUTS 2 region,A,Annual,A2000,Live bovine animals,THS_HD,Thousand heads (animals),PL51,Dolnośląskie,2021,,97.3,,,,,
dataflow,ESTAT:TGS00045(1.0),Animal populations by NUTS 2 region,A,Annual,A2000,Live bovine animals,THS_HD,Thousand heads (animals),PL51,Dolnośląskie,2022,,108.77,,,,,
dataflow,ESTAT:TGS00045(1.0),Animal populations by NUTS 2 region,A,Annual,A2000,Live bovine animals,THS_HD,Thousand heads (animals),PL51,Dolnośląskie,2023,,105.93,,,,,
dataflow,ESTAT:TGS00045(1.0),Animal populations by NUTS 2 region,A,Annual,A2000,Live bovine animals,THS_HD,Thousand heads (animals),PL51,Dolnośląskie,2024,,103.19,,,,,
dataflow,ESTAT:TGS00045(1.0),Animal populations by NUTS 2 region,A,Annual,A2000,Live bovine animals,THS_HD,Thousand heads (animals),PL51,Dolnośląskie,2025,,103.32,,,,,
dataflow,ESTAT:TGS00045(1.0),Animal populations by NUTS 2 region,A,Annual,A2000,Live bovine animals,THS_HD,Thousand heads (animals),PL52,Opolskie,2014,,109.23,,,,,
dataflow,ESTAT:TGS00045(1.0),Animal populations by NUTS 2 region,A,Annual,A2000,Live bovine animals,THS_HD,Thousand heads (animals),PL52,Opolskie,2015,,116.81,,,,,
dataflow,ESTAT:TGS00045(1.0),Animal populations by NUTS 2 region,A,Annual,A2000,Live bovine animals,THS_HD,Thousand heads (animals),PL52,Opolskie,2016,,122.9,,,,,
dataflow,ESTAT:TGS00045(1.0),Animal populations by NUTS 2 region,A,Annual,A2000,Live bovine animals,THS_HD,Thousand heads (animals),PL52,Opolskie,2017,,122.9,,,,,
dataflow,ESTAT:TGS00045(1.0),Animal populations by NUTS 2 region,A,Annual,A2000,Live bovine animals,THS_HD,Thousand heads (animals),PL52,Opolskie,2018,,126.6,,,,,
dataflow,ESTAT:TGS00045(1.0),Animal populations by NUTS 2 region,A,Annual,A2000,Live bovine animals,THS_HD,Thousand heads (animals),PL52,Opolskie,2019,,125.3,,,,,
dataflow,ESTAT:TGS00045(1.0),Animal populations by NUTS 2 region,A,Annual,A2000,Live bovine animals,THS_HD,Thousand heads (animals),PL52,Opolskie,2020,,129,,,,,
dataflow,ESTAT:TGS00045(1.0),Animal populations by NUTS 2 region,A,Annual,A2000,Live bovine animals,THS_HD,Thousand heads (animals),PL52,Opolskie,2021,,134.7,,,,,
dataflow,ESTAT:TGS00045(1.0),Animal populations by NUTS 2 region,A,Annual,A2000,Live bovine animals,THS_HD,Thousand heads (animals),PL52,Opolskie,2022,,138.91,,,,,
dataflow,ESTAT:TGS00045(1.0),Animal populations by NUTS 2 region,A,Annual,A2000,Live bovine animals,THS_HD,Thousand heads (animals),PL52,Opolskie,2023,,138.78,,,,,
dataflow,ESTAT:TGS00045(1.0),Animal populations by NUTS 2 region,A,Annual,A2000,Live bovine animals,THS_HD,Thousand heads (animals),PL52,Opolskie,2024,,139.85,,,,,
dataflow,ESTAT:TGS00045(1.0),Animal populations by NUTS 2 region,A,Annual,A2000,Live bovine animals,THS_HD,Thousand heads (animals),PL52,Opolskie,2025,,139.08,,,,,
dataflow,ESTAT:TGS00045(1.0),Animal populations by NUTS 2 region,A,Annual,A2000,Live bovine animals,THS_HD,Thousand heads (animals),PL61,Kujawsko-pomorskie,2014,,476.04,,,,,
dataflow,ESTAT:TGS00045(1.0),Animal populations by NUTS 2 region,A,Annual,A2000,Live bovine animals,THS_HD,Thousand heads (animals),PL61,Kujawsko-pomorskie,2015,,466.36,,,,,
dataflow,ESTAT:TGS00045(1.0),Animal populations by NUTS 2 region,A,Annual,A2000,Live bovine animals,THS_HD,Thousand heads (animals),PL61,Kujawsko-pomorskie,2016,,492.6,,,,,
dataflow,ESTAT:TGS00045(1.0),Animal populations by NUTS 2 region,A,Annual,A2000,Live bovine animals,THS_HD,Thousand heads (animals),PL61,Kujawsko-pomorskie,2017,,518.7,,,,,
dataflow,ESTAT:TGS00045(1.0),Animal populations by NUTS 2 region,A,Annual,A2000,Live bovine animals,THS_HD,Thousand heads (animals),PL61,Kujawsko-pomorskie,2018,,512.8,,,,,
dataflow,ESTAT:TGS00045(1.0),Animal populations by NUTS 2 region,A,Annual,A2000,Live bovine animals,THS_HD,Thousand heads (animals),PL61,Kujawsko-pomorskie,2019,,516.9,,,,,
dataflow,ESTAT:TGS00045(1.0),Animal populations by NUTS 2 region,A,Annual,A2000,Live bovine animals,THS_HD,Thousand heads (animals),PL61,Kujawsko-pomorskie,2020,,506.8,,,,,
dataflow,ESTAT:TGS00045(1.0),Animal populations by NUTS 2 region,A,Annual,A2000,Live bovine animals,THS_HD,Thousand heads (animals),PL61,Kujawsko-pomorskie,2021,,502.5,,,,,
dataflow,ESTAT:TGS00045(1.0),Animal populations by NUTS 2 region,A,Annual,A2000,Live bovine animals,THS_HD,Thousand heads (animals),PL61,Kujawsko-pomorskie,2022,,510.03,,,,,
dataflow,ESTAT:TGS00045(1.0),Animal populations by NUTS 2 region,A,Annual,A2000,Live bovine animals,THS_HD,Thousand heads (animals),PL61,Kujawsko-pomorskie,2023,,494.54,,,,,
dataflow,ESTAT:TGS00045(1.0),Animal populations by NUTS 2 region,A,Annual,A2000,Live bovine animals,THS_HD,Thousand heads (animals),PL61,Kujawsko-pomorskie,2024,,494.22,,,,,
dataflow,ESTAT:TGS00045(1.0),Animal populations by NUTS 2 region,A,Annual,A2000,Live bovine animals,THS_HD,Thousand heads (animals),PL61,Kujawsko-pomorskie,2025,,491.21,,,,,
dataflow,ESTAT:TGS00045(1.0),Animal populations by NUTS 2 region,A,Annual,A2000,Live bovine animals,THS_HD,Thousand heads (animals),PL62,Warmińsko-mazurskie,2014,,425.95,,,,,
dataflow,ESTAT:TGS00045(1.0),Animal populations by NUTS 2 region,A,Annual,A2000,Live bovine animals,THS_HD,Thousand heads (animals),PL62,Warmińsko-mazurskie,2015,,405.72,,,,,
dataflow,ESTAT:TGS00045(1.0),Animal populations by NUTS 2 region,A,Annual,A2000,Live bovine animals,THS_HD,Thousand heads (animals),PL62,Warmińsko-mazurskie,2016,,419.1,,,,,
dataflow,ESTAT:TGS00045(1.0),Animal populations by NUTS 2 region,A,Annual,A2000,Live bovine animals,THS_HD,Thousand heads (animals),PL62,Warmińsko-mazurskie,2017,,452.2,,,,,
dataflow,ESTAT:TGS00045(1.0),Animal populations by NUTS 2 region,A,Annual,A2000,Live bovine animals,THS_HD,Thousand heads (animals),PL62,Warmińsko-mazurskie,2018,,451.7,,,,,
dataflow,ESTAT:TGS00045(1.0),Animal populations by NUTS 2 region,A,Annual,A2000,Live bovine animals,THS_HD,Thousand heads (animals),PL62,Warmińsko-mazurskie,2019,,473,,,,,
dataflow,ESTAT:TGS00045(1.0),Animal populations by NUTS 2 region,A,Annual,A2000,Live bovine animals,THS_HD,Thousand heads (animals),PL62,Warmińsko-mazurskie,2020,,489,,,,,
dataflow,ESTAT:TGS00045(1.0),Animal populations by NUTS 2 region,A,Annual,A2000,Live bovine animals,THS_HD,Thousand heads (animals),PL62,Warmińsko-mazurskie,2021,,483.6,,,,,
dataflow,ESTAT:TGS00045(1.0),Animal populations by NUTS 2 region,A,Annual,A2000,Live bovine animals,THS_HD,Thousand heads (animals),PL62,Warmińsko-mazurskie,2022,,479.61,,,,,
dataflow,ESTAT:TGS00045(1.0),Animal populations by NUTS 2 region,A,Annual,A2000,Live bovine animals,THS_HD,Thousand heads (animals),PL62,Warmińsko-mazurskie,2023,,456.57,,,,,
dataflow,ESTAT:TGS00045(1.0),Animal populations by NUTS 2 region,A,Annual,A2000,Live bovine animals,THS_HD,Thousand heads (animals),PL62,Warmińsko-mazurskie,2024,,441.3,,,,,
dataflow,ESTAT:TGS00045(1.0),Animal populations by NUTS 2 region,A,Annual,A2000,Live bovine animals,THS_HD,Thousand heads (animals),PL62,Warmińsko-mazurskie,2025,,437.17,,,,,
dataflow,ESTAT:TGS00045(1.0),Animal populations by NUTS 2 region,A,Annual,A2000,Live bovine animals,THS_HD,Thousand heads (animals),PL63,Pomorskie,2014,,189.79,,,,,
dataflow,ESTAT:TGS00045(1.0),Animal populations by NUTS 2 region,A,Annual,A2000,Live bovine animals,THS_HD,Thousand heads (animals),PL63,Pomorskie,2015,,193.86,,,,,
dataflow,ESTAT:TGS00045(1.0),Animal populations by NUTS 2 region,A,Annual,A2000,Live bovine animals,THS_HD,Thousand heads (animals),PL63,Pomorskie,2016,,209.4,,,,,
dataflow,ESTAT:TGS00045(1.0),Animal populations by NUTS 2 region,A,Annual,A2000,Live bovine animals,THS_HD,Thousand heads (animals),PL63,Pomorskie,2017,,210.2,,,,,
dataflow,ESTAT:TGS00045(1.0),Animal populations by NUTS 2 region,A,Annual,A2000,Live bovine animals,THS_HD,Thousand heads (animals),PL63,Pomorskie,2018,,210.9,,,,,
dataflow,ESTAT:TGS00045(1.0),Animal populations by NUTS 2 region,A,Annual,A2000,Live bovine animals,THS_HD,Thousand heads (animals),PL63,Pomorskie,2019,,219.1,,,,,
dataflow,ESTAT:TGS00045(1.0),Animal populations by NUTS 2 region,A,Annual,A2000,Live bovine animals,THS_HD,Thousand heads (animals),PL63,Pomorskie,2020,,217.9,,,,,
dataflow,ESTAT:TGS00045(1.0),Animal populations by NUTS 2 region,A,Annual,A2000,Live bovine animals,THS_HD,Thousand heads (animals),PL63,Pomorskie,2021,,223.8,,,,,
dataflow,ESTAT:TGS00045(1.0),Animal populations by NUTS 2 region,A,Annual,A2000,Live bovine animals,THS_HD,Thousand heads (animals),PL63,Pomorskie,2022,,236.51,,,,,
dataflow,ESTAT:TGS00045(1.0),Animal populations by NUTS 2 region,A,Annual,A2000,Live bovine animals,THS_HD,Thousand heads (animals),PL63,Pomorskie,2023,,228.1,,,,,
dataflow,ESTAT:TGS00045(1.0),Animal populations by NUTS 2 region,A,Annual,A2000,Live bovine animals,THS_HD,Thousand heads (animals),PL63,Pomorskie,2024,,225.6,,,,,
dataflow,ESTAT:TGS00045(1.0),Animal populations by NUTS 2 region,A,Annual,A2000,Live bovine animals,THS_HD,Thousand heads (animals),PL63,Pomorskie,2025,,225.13,,,,,
dataflow,ESTAT:TGS00045(1.0),Animal populations by NUTS 2 region,A,Annual,A2000,Live bovine animals,THS_HD,Thousand heads (animals),PL71,Łódzkie,2014,,446.81,,,,,
dataflow,ESTAT:TGS00045(1.0),Animal populations by NUTS 2 region,A,Annual,A2000,Live bovine animals,THS_HD,Thousand heads (animals),PL71,Łódzkie,2015,,450.54,,,,,
dataflow,ESTAT:TGS00045(1.0),Animal populations by NUTS 2 region,A,Annual,A2000,Live bovine animals,THS_HD,Thousand heads (animals),PL71,Łódzkie,2016,,473.2,,,,,
dataflow,ESTAT:TGS00045(1.0),Animal populations by NUTS 2 region,A,Annual,A2000,Live bovine animals,THS_HD,Thousand heads (animals),PL71,Łódzkie,2017,,465,,,,,
dataflow,ESTAT:TGS00045(1.0),Animal populations by NUTS 2 region,A,Annual,A2000,Live bovine animals,THS_HD,Thousand heads (animals),PL71,Łódzkie,2018,,475.3,,,,,
dataflow,ESTAT:TGS00045(1.0),Animal populations by NUTS 2 region,A,Annual,A2000,Live bovine animals,THS_HD,Thousand heads (animals),PL71,Łódzkie,2019,,491,,,,,
dataflow,ESTAT:TGS00045(1.0),Animal populations by NUTS 2 region,A,Annual,A2000,Live bovine animals,THS_HD,Thousand heads (animals),PL71,Łódzkie,2020,,468.3,,,,,
dataflow,ESTAT:TGS00045(1.0),Animal populations by NUTS 2 region,A,Annual,A2000,Live bovine animals,THS_HD,Thousand heads (animals),PL71,Łódzkie,2021,,446.1,,,,,
dataflow,ESTAT:TGS00045(1.0),Animal populations by NUTS 2 region,A,Annual,A2000,Live bovine animals,THS_HD,Thousand heads (animals),PL71,Łódzkie,2022,,449.1,,,,,
dataflow,ESTAT:TGS00045(1.0),Animal populations by NUTS 2 region,A,Annual,A2000,Live bovine animals,THS_HD,Thousand heads (animals),PL71,Łódzkie,2023,,430.36,,,,,
dataflow,ESTAT:TGS00045(1.0),Animal populations by NUTS 2 region,A,Annual,A2000,Live bovine animals,THS_HD,Thousand heads (animals),PL71,Łódzkie,2024,,421.81,,,,,
dataflow,ESTAT:TGS00045(1.0),Animal populations by NUTS 2 region,A,Annual,A2000,Live bovine animals,THS_HD,Thousand heads (animals),PL71,Łódzkie,2025,,408.81,,,,,
dataflow,ESTAT:TGS00045(1.0),Animal populations by NUTS 2 region,A,Annual,A2000,Live bovine animals,THS_HD,Thousand heads (animals),PL72,Świętokrzyskie,2017,,157,,,,,
dataflow,ESTAT:TGS00045(1.0),Animal populations by NUTS 2 region,A,Annual,A2000,Live bovine animals,THS_HD,Thousand heads (animals),PL72,Świętokrzyskie,2018,,153.4,,,,,
dataflow,ESTAT:TGS00045(1.0),Animal populations by NUTS 2 region,A,Annual,A2000,Live bovine animals,THS_HD,Thousand heads (animals),PL72,Świętokrzyskie,2019,,158.3,,,,,
dataflow,ESTAT:TGS00045(1.0),Animal populations by NUTS 2 region,A,Annual,A2000,Live bovine animals,THS_HD,Thousand heads (animals),PL72,Świętokrzyskie,2020,,154.9,,,,,
dataflow,ESTAT:TGS00045(1.0),Animal populations by NUTS 2 region,A,Annual,A2000,Live bovine animals,THS_HD,Thousand heads (animals),PL72,Świętokrzyskie,2021,,144.6,,,,,
dataflow,ESTAT:TGS00045(1.0),Animal populations by NUTS 2 region,A,Annual,A2000,Live bovine animals,THS_HD,Thousand heads (animals),PL72,Świętokrzyskie,2022,,144.53,,,,,
dataflow,ESTAT:TGS00045(1.0),Animal populations by NUTS 2 region,A,Annual,A2000,Live bovine animals,THS_HD,Thousand heads (animals),PL72,Świętokrzyskie,2023,,135.21,,,,,
dataflow,ESTAT:TGS00045(1.0),Animal populations by NUTS 2 region,A,Annual,A2000,Live bovine animals,THS_HD,Thousand heads (animals),PL72,Świętokrzyskie,2024,,131.32,,,,,
dataflow,ESTAT:TGS00045(1.0),Animal populations by NUTS 2 region,A,Annual,A2000,Live bovine animals,THS_HD,Thousand heads (animals),PL72,Świętokrzyskie,2025,,124.1,,,,,
dataflow,ESTAT:TGS00045(1.0),Animal populations by NUTS 2 region,A,Annual,A2000,Live bovine animals,THS_HD,Thousand heads (animals),PL81,Lubelskie,2014,,346.01,,,,,
dataflow,ESTAT:TGS00045(1.0),Animal populations by NUTS 2 region,A,Annual,A2000,Live bovine animals,THS_HD,Thousand heads (animals),PL81,Lubelskie,2015,,362.8,,,,,
dataflow,ESTAT:TGS00045(1.0),Animal populations by NUTS 2 region,A,Annual,A2000,Live bovine animals,THS_HD,Thousand heads (animals),PL81,Lubelskie,2016,,371.8,,,,,
dataflow,ESTAT:TGS00045(1.0),Animal populations by NUTS 2 region,A,Annual,A2000,Live bovine animals,THS_HD,Thousand heads (animals),PL81,Lubelskie,2017,,361.7,,,,,
dataflow,ESTAT:TGS00045(1.0),Animal populations by NUTS 2 region,A,Annual,A2000,Live bovine animals,THS_HD,Thousand heads (animals),PL81,Lubelskie,2018,,378.3,,,,,
dataflow,ESTAT:TGS00045(1.0),Animal populations by NUTS 2 region,A,Annual,A2000,Live bovine animals,THS_HD,Thousand heads (animals),PL81,Lubelskie,2019,,389.1,,,,,
dataflow,ESTAT:TGS00045(1.0),Animal populations by NUTS 2 region,A,Annual,A2000,Live bovine animals,THS_HD,Thousand heads (animals),PL81,Lubelskie,2020,,379.5,,,,,
dataflow,ESTAT:TGS00045(1.0),Animal populations by NUTS 2 region,A,Annual,A2000,Live bovine animals,THS_HD,Thousand heads (animals),PL81,Lubelskie,2021,,363.4,,,,,
dataflow,ESTAT:TGS00045(1.0),Animal populations by NUTS 2 region,A,Annual,A2000,Live bovine animals,THS_HD,Thousand heads (animals),PL81,Lubelskie,2022,,360.18,,,,,
dataflow,ESTAT:TGS00045(1.0),Animal populations by NUTS 2 region,A,Annual,A2000,Live bovine animals,THS_HD,Thousand heads (animals),PL81,Lubelskie,2023,,343.7,,,,,
dataflow,ESTAT:TGS00045(1.0),Animal populations by NUTS 2 region,A,Annual,A2000,Live bovine animals,THS_HD,Thousand heads (animals),PL81,Lubelskie,2024,,334.79,,,,,
dataflow,ESTAT:TGS00045(1.0),Animal populations by NUTS 2 region,A,Annual,A2000,Live bovine animals,THS_HD,Thousand heads (animals),PL81,Lubelskie,2025,,324.05,,,,,
dataflow,ESTAT:TGS00045(1.0),Animal populations by NUTS 2 region,A,Annual,A2000,Live bovine animals,THS_HD,Thousand heads (animals),PL82,Podkarpackie,2014,,89.11,,,,,
dataflow,ESTAT:TGS00045(1.0),Animal populations by NUTS 2 region,A,Annual,A2000,Live bovine animals,THS_HD,Thousand heads (animals),PL82,Podkarpackie,2015,,89.33,,,,,
dataflow,ESTAT:TGS00045(1.0),Animal populations by NUTS 2 region,A,Annual,A2000,Live bovine animals,THS_HD,Thousand heads (animals),PL82,Podkarpackie,2016,,84.4,,,,,
dataflow,ESTAT:TGS00045(1.0),Animal populations by NUTS 2 region,A,Annual,A2000,Live bovine animals,THS_HD,Thousand heads (animals),PL82,Podkarpackie,2017,,80.5,,,,,
dataflow,ESTAT:TGS00045(1.0),Animal populations by NUTS 2 region,A,Annual,A2000,Live bovine animals,THS_HD,Thousand heads (animals),PL82,Podkarpackie,2018,,76.1,,,,,
dataflow,ESTAT:TGS00045(1.0),Animal populations by NUTS 2 region,A,Annual,A2000,Live bovine animals,THS_HD,Thousand heads (animals),PL82,Podkarpackie,2019,,70,,,,,
dataflow,ESTAT:TGS00045(1.0),Animal populations by NUTS 2 region,A,Annual,A2000,Live bovine animals,THS_HD,Thousand heads (animals),PL82,Podkarpackie,2020,,68.4,,,,,
dataflow,ESTAT:TGS00045(1.0),Animal populations by NUTS 2 region,A,Annual,A2000,Live bovine animals,THS_HD,Thousand heads (animals),PL82,Podkarpackie,2021,,71.3,,,,,
dataflow,ESTAT:TGS00045(1.0),Animal populations by NUTS 2 region,A,Annual,A2000,Live bovine animals,THS_HD,Thousand heads (animals),PL82,Podkarpackie,2022,,74.32,,,,,
dataflow,ESTAT:TGS00045(1.0),Animal populations by NUTS 2 region,A,Annual,A2000,Live bovine animals,THS_HD,Thousand heads (animals),PL82,Podkarpackie,2023,,72.54,,,,,
dataflow,ESTAT:TGS00045(1.0),Animal populations by NUTS 2 region,A,Annual,A2000,Live bovine animals,THS_HD,Thousand heads (animals),PL82,Podkarpackie,2024,,69.9,,,,,
dataflow,ESTAT:TGS00045(1.0),Animal populations by NUTS 2 region,A,Annual,A2000,Live bovine animals,THS_HD,Thousand heads (animals),PL82,Podkarpackie,2025,,67.04,,,,,
dataflow,ESTAT:TGS00045(1.0),Animal populations by NUTS 2 region,A,Annual,A2000,Live bovine animals,THS_HD,Thousand heads (animals),PL84,Podlaskie,2014,,938.71,,,,,
dataflow,ESTAT:TGS00045(1.0),Animal populations by NUTS 2 region,A,Annual,A2000,Live bovine animals,THS_HD,Thousand heads (animals),PL84,Podlaskie,2015,,952.38,,,,,
dataflow,ESTAT:TGS00045(1.0),Animal populations by NUTS 2 region,A,Annual,A2000,Live bovine animals,THS_HD,Thousand heads (animals),PL84,Podlaskie,2016,,959.8,,,,,
dataflow,ESTAT:TGS00045(1.0),Animal populations by NUTS 2 region,A,Annual,A2000,Live bovine animals,THS_HD,Thousand heads (animals),PL84,Podlaskie,2017,,992.8,,,,,
dataflow,ESTAT:TGS00045(1.0),Animal populations by NUTS 2 region,A,Annual,A2000,Live bovine animals,THS_HD,Thousand heads (animals),PL84,Podlaskie,2018,,1006.9,,,,,
dataflow,ESTAT:TGS00045(1.0),Animal populations by NUTS 2 region,A,Annual,A2000,Live bovine animals,THS_HD,Thousand heads (animals),PL84,Podlaskie,2019,,1017.6,,,,,
dataflow,ESTAT:TGS00045(1.0),Animal populations by NUTS 2 region,A,Annual,A2000,Live bovine animals,THS_HD,Thousand heads (animals),PL84,Podlaskie,2020,,1023.8,,,,,
dataflow,ESTAT:TGS00045(1.0),Animal populations by NUTS 2 region,A,Annual,A2000,Live bovine animals,THS_HD,Thousand heads (animals),PL84,Podlaskie,2021,,1095.4,,,,,
dataflow,ESTAT:TGS00045(1.0),Animal populations by NUTS 2 region,A,Annual,A2000,Live bovine animals,THS_HD,Thousand heads (animals),PL84,Podlaskie,2022,,1058.73,,,,,
dataflow,ESTAT:TGS00045(1.0),Animal populations by NUTS 2 region,A,Annual,A2000,Live bovine animals,THS_HD,Thousand heads (animals),PL84,Podlaskie,2023,,1037.64,,,,,
dataflow,ESTAT:TGS00045(1.0),Animal populations by NUTS 2 region,A,Annual,A2000,Live bovine animals,THS_HD,Thousand heads (animals),PL84,Podlaskie,2024,,1019.39,,,,,
dataflow,ESTAT:TGS00045(1.0),Animal populations by NUTS 2 region,A,Annual,A2000,Live bovine animals,THS_HD,Thousand heads (animals),PL84,Podlaskie,2025,,1003.26,,,,,
dataflow,ESTAT:TGS00045(1.0),Animal populations by NUTS 2 region,A,Annual,A2000,Live bovine animals,THS_HD,Thousand heads (animals),PL91,Warszawski stołeczny,2017,,57,,,,,
dataflow,ESTAT:TGS00045(1.0),Animal populations by NUTS 2 region,A,Annual,A2000,Live bovine animals,THS_HD,Thousand heads (animals),PL91,Warszawski stołeczny,2018,,63.4,,,,,
dataflow,ESTAT:TGS00045(1.0),Animal populations by NUTS 2 region,A,Annual,A2000,Live bovine animals,THS_HD,Thousand heads (animals),PL91,Warszawski stołeczny,2019,,62.1,,,,,
dataflow,ESTAT:TGS00045(1.0),Animal populations by NUTS 2 region,A,Annual,A2000,Live bovine animals,THS_HD,Thousand heads (animals),PL91,Warszawski stołeczny,2020,,57.5,,,,,
dataflow,ESTAT:TGS00045(1.0),Animal populations by NUTS 2 region,A,Annual,A2000,Live bovine animals,THS_HD,Thousand heads (animals),PL91,Warszawski stołeczny,2021,,65.5,,,,,
dataflow,ESTAT:TGS00045(1.0),Animal populations by NUTS 2 region,A,Annual,A2000,Live bovine animals,THS_HD,Thousand heads (animals),PL91,Warszawski stołeczny,2022,,68.72,,,,,
dataflow,ESTAT:TGS00045(1.0),Animal populations by NUTS 2 region,A,Annual,A2000,Live bovine animals,THS_HD,Thousand heads (animals),PL91,Warszawski stołeczny,2023,,66.02,,,,,
dataflow,ESTAT:TGS00045(1.0),Animal populations by NUTS 2 region,A,Annual,A2000,Live bovine animals,THS_HD,Thousand heads (animals),PL91,Warszawski stołeczny,2024,,61.64,,,,,
dataflow,ESTAT:TGS00045(1.0),Animal populations by NUTS 2 region,A,Annual,A2000,Live bovine animals,THS_HD,Thousand heads (animals),PL91,Warszawski stołeczny,2025,,58.53,,,,,
dataflow,ESTAT:TGS00045(1.0),Animal populations by NUTS 2 region,A,Annual,A2000,Live bovine animals,THS_HD,Thousand heads (animals),PL92,Mazowiecki regionalny,2017,,1065.3,,,,,
dataflow,ESTAT:TGS00045(1.0),Animal populations by NUTS 2 region,A,Annual,A2000,Live bovine animals,THS_HD,Thousand heads (animals),PL92,Mazowiecki regionalny,2018,,1110.8,,,,,
dataflow,ESTAT:TGS00045(1.0),Animal populations by NUTS 2 region,A,Annual,A2000,Live bovine animals,THS_HD,Thousand heads (animals),PL92,Mazowiecki regionalny,2019,,1101.3,,,,,
dataflow,ESTAT:TGS00045(1.0),Animal populations by NUTS 2 region,A,Annual,A2000,Live bovine animals,THS_HD,Thousand heads (animals),PL92,Mazowiecki regionalny,2020,,1085.6,,,,,
dataflow,ESTAT:TGS00045(1.0),Animal populations by NUTS 2 region,A,Annual,A2000,Live bovine animals,THS_HD,Thousand heads (animals),PL92,Mazowiecki regionalny,2021,,1099.2,,,,,
dataflow,ESTAT:TGS00045(1.0),Animal populations by NUTS 2 region,A,Annual,A2000,Live bovine animals,THS_HD,Thousand heads (animals),PL92,Mazowiecki regionalny,2022,,1137.45,,,,,
dataflow,ESTAT:TGS00045(1.0),Animal populations by NUTS 2 region,A,Annual,A2000,Live bovine animals,THS_HD,Thousand heads (animals),PL92,Mazowiecki regionalny,2023,,1098.71,,,,,
dataflow,ESTAT:TGS00045(1.0),Animal populations by NUTS 2 region,A,Annual,A2000,Live bovine animals,THS_HD,Thousand heads (animals),PL92,Mazowiecki regionalny,2024,,1070.45,,,,,
dataflow,ESTAT:TGS00045(1.0),Animal populations by NUTS 2 region,A,Annual,A2000,Live bovine animals,THS_HD,Thousand heads (animals),PL92,Mazowiecki regionalny,2025,,1050.72,,,,,
dataflow,ESTAT:TGS00045(1.0),Animal populations by NUTS 2 region,A,Annual,A2000,Live bovine animals,THS_HD,Thousand heads (animals),PT11,Norte,2014,,326.63,,,,,
dataflow,ESTAT:TGS00045(1.0),Animal populations by NUTS 2 region,A,Annual,A2000,Live bovine animals,THS_HD,Thousand heads (animals),PT11,Norte,2015,,330.85,,,,,
dataflow,ESTAT:TGS00045(1.0),Animal populations by NUTS 2 region,A,Annual,A2000,Live bovine animals,THS_HD,Thousand heads (animals),PT11,Norte,2016,,319.85,,,,,
dataflow,ESTAT:TGS00045(1.0),Animal populations by NUTS 2 region,A,Annual,A2000,Live bovine animals,THS_HD,Thousand heads (animals),PT11,Norte,2017,,315.05,,,,,
dataflow,ESTAT:TGS00045(1.0),Animal populations by NUTS 2 region,A,Annual,A2000,Live bovine animals,THS_HD,Thousand heads (animals),PT11,Norte,2018,,305.33,,,,,
dataflow,ESTAT:TGS00045(1.0),Animal populations by NUTS 2 region,A,Annual,A2000,Live bovine animals,THS_HD,Thousand heads (animals),PT11,Norte,2019,,308.1,,,,,
dataflow,ESTAT:TGS00045(1.0),Animal populations by NUTS 2 region,A,Annual,A2000,Live bovine animals,THS_HD,Thousand heads (animals),PT11,Norte,2020,,308.86,,,,,
dataflow,ESTAT:TGS00045(1.0),Animal populations by NUTS 2 region,A,Annual,A2000,Live bovine animals,THS_HD,Thousand heads (animals),PT11,Norte,2021,,306.41,,,,,
dataflow,ESTAT:TGS00045(1.0),Animal populations by NUTS 2 region,A,Annual,A2000,Live bovine animals,THS_HD,Thousand heads (animals),PT11,Norte,2022,,300.92,,,,,
dataflow,ESTAT:TGS00045(1.0),Animal populations by NUTS 2 region,A,Annual,A2000,Live bovine animals,THS_HD,Thousand heads (animals),PT11,Norte,2023,,299.66,,,,,
dataflow,ESTAT:TGS00045(1.0),Animal populations by NUTS 2 region,A,Annual,A2000,Live bovine animals,THS_HD,Thousand heads (animals),PT11,Norte,2024,,290.84,,,,,
dataflow,ESTAT:TGS00045(1.0),Animal populations by NUTS 2 region,A,Annual,A2000,Live bovine animals,THS_HD,Thousand heads (animals),PT11,Norte,2025,,286.37,,,,,
dataflow,ESTAT:TGS00045(1.0),Animal populations by NUTS 2 region,A,Annual,A2000,Live bovine animals,THS_HD,Thousand heads (animals),PT15,Algarve,2014,,10.27,,,,,
dataflow,ESTAT:TGS00045(1.0),Animal populations by NUTS 2 region,A,Annual,A2000,Live bovine animals,THS_HD,Thousand heads (animals),PT15,Algarve,2015,,10.27,,,,,
dataflow,ESTAT:TGS00045(1.0),Animal populations by NUTS 2 region,A,Annual,A2000,Live bovine animals,THS_HD,Thousand heads (animals),PT15,Algarve,2016,,10,,,,,
dataflow,ESTAT:TGS00045(1.0),Animal populations by NUTS 2 region,A,Annual,A2000,Live bovine animals,THS_HD,Thousand heads (animals),PT15,Algarve,2017,,9.87,,,,,
dataflow,ESTAT:TGS00045(1.0),Animal populations by NUTS 2 region,A,Annual,A2000,Live bovine animals,THS_HD,Thousand heads (animals),PT15,Algarve,2018,,8.81,,,,,
dataflow,ESTAT:TGS00045(1.0),Animal populations by NUTS 2 region,A,Annual,A2000,Live bovine animals,THS_HD,Thousand heads (animals),PT15,Algarve,2019,,9.18,,,,,
dataflow,ESTAT:TGS00045(1.0),Animal populations by NUTS 2 region,A,Annual,A2000,Live bovine animals,THS_HD,Thousand heads (animals),PT15,Algarve,2020,,8.8,,,,,
dataflow,ESTAT:TGS00045(1.0),Animal populations by NUTS 2 region,A,Annual,A2000,Live bovine animals,THS_HD,Thousand heads (animals),PT15,Algarve,2021,,8.87,,,,,
dataflow,ESTAT:TGS00045(1.0),Animal populations by NUTS 2 region,A,Annual,A2000,Live bovine animals,THS_HD,Thousand heads (animals),PT15,Algarve,2022,,8.21,,,,,
dataflow,ESTAT:TGS00045(1.0),Animal populations by NUTS 2 region,A,Annual,A2000,Live bovine animals,THS_HD,Thousand heads (animals),PT15,Algarve,2023,,8.5,,,,,
dataflow,ESTAT:TGS00045(1.0),Animal populations by NUTS 2 region,A,Annual,A2000,Live bovine animals,THS_HD,Thousand heads (animals),PT15,Algarve,2024,,7.76,,,,,
dataflow,ESTAT:TGS00045(1.0),Animal populations by NUTS 2 region,A,Annual,A2000,Live bovine animals,THS_HD,Thousand heads (animals),PT15,Algarve,2025,,7.27,,,,,
dataflow,ESTAT:TGS00045(1.0),Animal populations by NUTS 2 region,A,Annual,A2000,Live bovine animals,THS_HD,Thousand heads (animals),PT16,Centro (PT) (NUTS 2021),2014,,193.72,,,,,
dataflow,ESTAT:TGS00045(1.0),Animal populations by NUTS 2 region,A,Annual,A2000,Live bovine animals,THS_HD,Thousand heads (animals),PT16,Centro (PT) (NUTS 2021),2015,,197.96,,,,,
dataflow,ESTAT:TGS00045(1.0),Animal populations by NUTS 2 region,A,Annual,A2000,Live bovine animals,THS_HD,Thousand heads (animals),PT16,Centro (PT) (NUTS 2021),2016,,192.98,,,,,
dataflow,ESTAT:TGS00045(1.0),Animal populations by NUTS 2 region,A,Annual,A2000,Live bovine animals,THS_HD,Thousand heads (animals),PT16,Centro (PT) (NUTS 2021),2017,,198.32,,,,,
dataflow,ESTAT:TGS00045(1.0),Animal populations by NUTS 2 region,A,Annual,A2000,Live bovine animals,THS_HD,Thousand heads (animals),PT16,Centro (PT) (NUTS 2021),2018,,195.53,,,,,
dataflow,ESTAT:TGS00045(1.0),Animal populations by NUTS 2 region,A,Annual,A2000,Live bovine animals,THS_HD,Thousand heads (animals),PT16,Centro (PT) (NUTS 2021),2019,,196.31,,,,,
dataflow,ESTAT:TGS00045(1.0),Animal populations by NUTS 2 region,A,Annual,A2000,Live bovine animals,THS_HD,Thousand heads (animals),PT16,Centro (PT) (NUTS 2021),2020,,195.51,,,,,
dataflow,ESTAT:TGS00045(1.0),Animal populations by NUTS 2 region,A,Annual,A2000,Live bovine animals,THS_HD,Thousand heads (animals),PT16,Centro (PT) (NUTS 2021),2021,,190.22,,,,,
dataflow,ESTAT:TGS00045(1.0),Animal populations by NUTS 2 region,A,Annual,A2000,Live bovine animals,THS_HD,Thousand heads (animals),PT16,Centro (PT) (NUTS 2021),2022,,189.4,,,,,
dataflow,ESTAT:TGS00045(1.0),Animal populations by NUTS 2 region,A,Annual,A2000,Live bovine animals,THS_HD,Thousand heads (animals),PT17,Área Metropolitana de Lisboa (NUTS 2021),2014,,54.05,,,,,
dataflow,ESTAT:TGS00045(1.0),Animal populations by NUTS 2 region,A,Annual,A2000,Live bovine animals,THS_HD,Thousand heads (animals),PT17,Área Metropolitana de Lisboa (NUTS 2021),2015,,56.79,,,,,
dataflow,ESTAT:TGS00045(1.0),Animal populations by NUTS 2 region,A,Annual,A2000,Live bovine animals,THS_HD,Thousand heads (animals),PT17,Área Metropolitana de Lisboa (NUTS 2021),2016,,76.89,,,,,
dataflow,ESTAT:TGS00045(1.0),Animal populations by NUTS 2 region,A,Annual,A2000,Live bovine animals,THS_HD,Thousand heads (animals),PT17,Área Metropolitana de Lisboa (NUTS 2021),2017,,88.02,,,,,
dataflow,ESTAT:TGS00045(1.0),Animal populations by NUTS 2 region,A,Annual,A2000,Live bovine animals,THS_HD,Thousand heads (animals),PT17,Área Metropolitana de Lisboa (NUTS 2021),2018,,75.34,,,,,
dataflow,ESTAT:TGS00045(1.0),Animal populations by NUTS 2 region,A,Annual,A2000,Live bovine animals,THS_HD,Thousand heads (animals),PT17,Área Metropolitana de Lisboa (NUTS 2021),2019,,71.63,,,,,
dataflow,ESTAT:TGS00045(1.0),Animal populations by NUTS 2 region,A,Annual,A2000,Live bovine animals,THS_HD,Thousand heads (animals),PT17,Área Metropolitana de Lisboa (NUTS 2021),2020,,74.54,,,,,
dataflow,ESTAT:TGS00045(1.0),Animal populations by NUTS 2 region,A,Annual,A2000,Live bovine animals,THS_HD,Thousand heads (animals),PT17,Área Metropolitana de Lisboa (NUTS 2021),2021,,70.67,,,,,
dataflow,ESTAT:TGS00045(1.0),Animal populations by NUTS 2 region,A,Annual,A2000,Live bovine animals,THS_HD,Thousand heads (animals),PT17,Área Metropolitana de Lisboa (NUTS 2021),2022,,59.07,,,,,
dataflow,ESTAT:TGS00045(1.0),Animal populations by NUTS 2 region,A,Annual,A2000,Live bovine animals,THS_HD,Thousand heads (animals),PT18,Alentejo (NUTS 2021),2014,,693.67,,,,,
dataflow,ESTAT:TGS00045(1.0),Animal populations by NUTS 2 region,A,Annual,A2000,Live bovine animals,THS_HD,Thousand heads (animals),PT18,Alentejo (NUTS 2021),2015,,729.45,,,,,
dataflow,ESTAT:TGS00045(1.0),Animal populations by NUTS 2 region,A,Annual,A2000,Live bovine animals,THS_HD,Thousand heads (animals),PT18,Alentejo (NUTS 2021),2016,,758.68,,,,,
dataflow,ESTAT:TGS00045(1.0),Animal populations by NUTS 2 region,A,Annual,A2000,Live bovine animals,THS_HD,Thousand heads (animals),PT18,Alentejo (NUTS 2021),2017,,776.77,,,,,
dataflow,ESTAT:TGS00045(1.0),Animal populations by NUTS 2 region,A,Annual,A2000,Live bovine animals,THS_HD,Thousand heads (animals),PT18,Alentejo (NUTS 2021),2018,,764.46,,,,,
dataflow,ESTAT:TGS00045(1.0),Animal populations by NUTS 2 region,A,Annual,A2000,Live bovine animals,THS_HD,Thousand heads (animals),PT18,Alentejo (NUTS 2021),2019,,804.85,,,,,
dataflow,ESTAT:TGS00045(1.0),Animal populations by NUTS 2 region,A,Annual,A2000,Live bovine animals,THS_HD,Thousand heads (animals),PT18,Alentejo (NUTS 2021),2020,,810.11,,,,,
dataflow,ESTAT:TGS00045(1.0),Animal populations by NUTS 2 region,A,Annual,A2000,Live bovine animals,THS_HD,Thousand heads (animals),PT18,Alentejo (NUTS 2021),2021,,770.67,,,,,
dataflow,ESTAT:TGS00045(1.0),Animal populations by NUTS 2 region,A,Annual,A2000,Live bovine animals,THS_HD,Thousand heads (animals),PT18,Alentejo (NUTS 2021),2022,,739.31,,,,,
dataflow,ESTAT:TGS00045(1.0),Animal populations by NUTS 2 region,A,Annual,A2000,Live bovine animals,THS_HD,Thousand heads (animals),PT19,Centro (PT),2023,,146.49,,,,,
dataflow,ESTAT:TGS00045(1.0),Animal populations by NUTS 2 region,A,Annual,A2000,Live bovine animals,THS_HD,Thousand heads (animals),PT19,Centro (PT),2024,,140.18,,,,,
dataflow,ESTAT:TGS00045(1.0),Animal populations by NUTS 2 region,A,Annual,A2000,Live bovine animals,THS_HD,Thousand heads (animals),PT19,Centro (PT),2025,,136.54,,,,,
dataflow,ESTAT:TGS00045(1.0),Animal populations by NUTS 2 region,A,Annual,A2000,Live bovine animals,THS_HD,Thousand heads (animals),PT1A,Grande Lisboa,2023,,13.41,,,,,
dataflow,ESTAT:TGS00045(1.0),Animal populations by NUTS 2 region,A,Annual,A2000,Live bovine animals,THS_HD,Thousand heads (animals),PT1A,Grande Lisboa,2024,,12.89,,,,,
dataflow,ESTAT:TGS00045(1.0),Animal populations by NUTS 2 region,A,Annual,A2000,Live bovine animals,THS_HD,Thousand heads (animals),PT1A,Grande Lisboa,2025,,12.51,,,,,
dataflow,ESTAT:TGS00045(1.0),Animal populations by NUTS 2 region,A,Annual,A2000,Live bovine animals,THS_HD,Thousand heads (animals),PT1B,Península de Setúbal,2023,,38.68,,,,,
dataflow,ESTAT:TGS00045(1.0),Animal populations by NUTS 2 region,A,Annual,A2000,Live bovine animals,THS_HD,Thousand heads (animals),PT1B,Península de Setúbal,2024,,30.28,,,,,
dataflow,ESTAT:TGS00045(1.0),Animal populations by NUTS 2 region,A,Annual,A2000,Live bovine animals,THS_HD,Thousand heads (animals),PT1B,Península de Setúbal,2025,,28.32,,,,,
dataflow,ESTAT:TGS00045(1.0),Animal populations by NUTS 2 region,A,Annual,A2000,Live bovine animals,THS_HD,Thousand heads (animals),PT1C,Alentejo,2023,,628.99,,,,,
dataflow,ESTAT:TGS00045(1.0),Animal populations by NUTS 2 region,A,Annual,A2000,Live bovine animals,THS_HD,Thousand heads (animals),PT1C,Alentejo,2024,,628.6,,,,,
dataflow,ESTAT:TGS00045(1.0),Animal populations by NUTS 2 region,A,Annual,A2000,Live bovine animals,THS_HD,Thousand heads (animals),PT1C,Alentejo,2025,,626.35,,,,,
dataflow,ESTAT:TGS00045(1.0),Animal populations by NUTS 2 region,A,Annual,A2000,Live bovine animals,THS_HD,Thousand heads (animals),PT1D,Oeste e Vale do Tejo,2023,,108.33,,,,,
dataflow,ESTAT:TGS00045(1.0),Animal populations by NUTS 2 region,A,Annual,A2000,Live bovine animals,THS_HD,Thousand heads (animals),PT1D,Oeste e Vale do Tejo,2024,,100.37,,,,,
dataflow,ESTAT:TGS00045(1.0),Animal populations by NUTS 2 region,A,Annual,A2000,Live bovine animals,THS_HD,Thousand heads (animals),PT1D,Oeste e Vale do Tejo,2025,,104.07,,,,,
dataflow,ESTAT:TGS00045(1.0),Animal populations by NUTS 2 region,A,Annual,A2000,Live bovine animals,THS_HD,Thousand heads (animals),PT20,Região Autónoma dos Açores,2014,,266.57,,,,,
dataflow,ESTAT:TGS00045(1.0),Animal populations by NUTS 2 region,A,Annual,A2000,Live bovine animals,THS_HD,Thousand heads (animals),PT20,Região Autónoma dos Açores,2015,,276.81,,,,,
dataflow,ESTAT:TGS00045(1.0),Animal populations by NUTS 2 region,A,Annual,A2000,Live bovine animals,THS_HD,Thousand heads (animals),PT20,Região Autónoma dos Açores,2016,,272.91,,,,,
dataflow,ESTAT:TGS00045(1.0),Animal populations by NUTS 2 region,A,Annual,A2000,Live bovine animals,THS_HD,Thousand heads (animals),PT20,Região Autónoma dos Açores,2017,,278.19,,,,,
dataflow,ESTAT:TGS00045(1.0),Animal populations by NUTS 2 region,A,Annual,A2000,Live bovine animals,THS_HD,Thousand heads (animals),PT20,Região Autónoma dos Açores,2018,,279.26,,,,,
dataflow,ESTAT:TGS00045(1.0),Animal populations by NUTS 2 region,A,Annual,A2000,Live bovine animals,THS_HD,Thousand heads (animals),PT20,Região Autónoma dos Açores,2019,,281.17,,,,,
dataflow,ESTAT:TGS00045(1.0),Animal populations by NUTS 2 region,A,Annual,A2000,Live bovine animals,THS_HD,Thousand heads (animals),PT20,Região Autónoma dos Açores,2020,,289.96,,,,,
dataflow,ESTAT:TGS00045(1.0),Animal populations by NUTS 2 region,A,Annual,A2000,Live bovine animals,THS_HD,Thousand heads (animals),PT20,Região Autónoma dos Açores,2021,,290.28,,,,,
dataflow,ESTAT:TGS00045(1.0),Animal populations by NUTS 2 region,A,Annual,A2000,Live bovine animals,THS_HD,Thousand heads (animals),PT20,Região Autónoma dos Açores,2022,,278.85,,,,,
dataflow,ESTAT:TGS00045(1.0),Animal populations by NUTS 2 region,A,Annual,A2000,Live bovine animals,THS_HD,Thousand heads (animals),PT20,Região Autónoma dos Açores,2023,,280.46,,,,,
dataflow,ESTAT:TGS00045(1.0),Animal populations by NUTS 2 region,A,Annual,A2000,Live bovine animals,THS_HD,Thousand heads (animals),PT20,Região Autónoma dos Açores,2024,,273.02,,,,,
dataflow,ESTAT:TGS00045(1.0),Animal populations by NUTS 2 region,A,Annual,A2000,Live bovine animals,THS_HD,Thousand heads (animals),PT20,Região Autónoma dos Açores,2025,,267.93,,,,,
dataflow,ESTAT:TGS00045(1.0),Animal populations by NUTS 2 region,A,Annual,A2000,Live bovine animals,THS_HD,Thousand heads (animals),PT30,Região Autónoma da Madeira,2014,,3.7,,,,,
dataflow,ESTAT:TGS00045(1.0),Animal populations by NUTS 2 region,A,Annual,A2000,Live bovine animals,THS_HD,Thousand heads (animals),PT30,Região Autónoma da Madeira,2015,,3.73,,,,,
dataflow,ESTAT:TGS00045(1.0),Animal populations by NUTS 2 region,A,Annual,A2000,Live bovine animals,THS_HD,Thousand heads (animals),PT30,Região Autónoma da Madeira,2016,,3.7,,,,,
dataflow,ESTAT:TGS00045(1.0),Animal populations by NUTS 2 region,A,Annual,A2000,Live bovine animals,THS_HD,Thousand heads (animals),PT30,Região Autónoma da Madeira,2017,,3.8,,,,,
dataflow,ESTAT:TGS00045(1.0),Animal populations by NUTS 2 region,A,Annual,A2000,Live bovine animals,THS_HD,Thousand heads (animals),PT30,Região Autónoma da Madeira,2018,,3.68,,,,,
dataflow,ESTAT:TGS00045(1.0),Animal populations by NUTS 2 region,A,Annual,A2000,Live bovine animals,THS_HD,Thousand heads (animals),PT30,Região Autónoma da Madeira,2019,,3.73,,,,,
dataflow,ESTAT:TGS00045(1.0),Animal populations by NUTS 2 region,A,Annual,A2000,Live bovine animals,THS_HD,Thousand heads (animals),PT30,Região Autónoma da Madeira,2020,,3.55,,,,,
dataflow,ESTAT:TGS00045(1.0),Animal populations by NUTS 2 region,A,Annual,A2000,Live bovine animals,THS_HD,Thousand heads (animals),PT30,Região Autónoma da Madeira,2021,,3.53,,,,,
dataflow,ESTAT:TGS00045(1.0),Animal populations by NUTS 2 region,A,Annual,A2000,Live bovine animals,THS_HD,Thousand heads (animals),PT30,Região Autónoma da Madeira,2022,,3.38,,,,,
dataflow,ESTAT:TGS00045(1.0),Animal populations by NUTS 2 region,A,Annual,A2000,Live bovine animals,THS_HD,Thousand heads (animals),PT30,Região Autónoma da Madeira,2023,,3.22,,,,,
dataflow,ESTAT:TGS00045(1.0),Animal populations by NUTS 2 region,A,Annual,A2000,Live bovine animals,THS_HD,Thousand heads (animals),PT30,Região Autónoma da Madeira,2024,,2.96,,,,,
dataflow,ESTAT:TGS00045(1.0),Animal populations by NUTS 2 region,A,Annual,A2000,Live bovine animals,THS_HD,Thousand heads (animals),PT30,Região Autónoma da Madeira,2025,,2.74,,,,,
dataflow,ESTAT:TGS00045(1.0),Animal populations by NUTS 2 region,A,Annual,A2000,Live bovine animals,THS_HD,Thousand heads (animals),RO11,Nord-Vest,2014,,366.9,,,,,
dataflow,ESTAT:TGS00045(1.0),Animal populations by NUTS 2 region,A,Annual,A2000,Live bovine animals,THS_HD,Thousand heads (animals),RO11,Nord-Vest,2015,,369.1,,,,,
dataflow,ESTAT:TGS00045(1.0),Animal populations by NUTS 2 region,A,Annual,A2000,Live bovine animals,THS_HD,Thousand heads (animals),RO11,Nord-Vest,2016,,373.4,,,,,
dataflow,ESTAT:TGS00045(1.0),Animal populations by NUTS 2 region,A,Annual,A2000,Live bovine animals,THS_HD,Thousand heads (animals),RO11,Nord-Vest,2017,,366.2,,,,,
dataflow,ESTAT:TGS00045(1.0),Animal populations by NUTS 2 region,A,Annual,A2000,Live bovine animals,THS_HD,Thousand heads (animals),RO11,Nord-Vest,2018,,365.3,,,,,
dataflow,ESTAT:TGS00045(1.0),Animal populations by NUTS 2 region,A,Annual,A2000,Live bovine animals,THS_HD,Thousand heads (animals),RO11,Nord-Vest,2019,,368.9,,,,,
dataflow,ESTAT:TGS00045(1.0),Animal populations by NUTS 2 region,A,Annual,A2000,Live bovine animals,THS_HD,Thousand heads (animals),RO11,Nord-Vest,2020,,361.4,,,,,
dataflow,ESTAT:TGS00045(1.0),Animal populations by NUTS 2 region,A,Annual,A2000,Live bovine animals,THS_HD,Thousand heads (animals),RO11,Nord-Vest,2021,,355.1,,,,,
dataflow,ESTAT:TGS00045(1.0),Animal populations by NUTS 2 region,A,Annual,A2000,Live bovine animals,THS_HD,Thousand heads (animals),RO11,Nord-Vest,2022,,374.6,,,,,
dataflow,ESTAT:TGS00045(1.0),Animal populations by NUTS 2 region,A,Annual,A2000,Live bovine animals,THS_HD,Thousand heads (animals),RO11,Nord-Vest,2023,,383.4,,,,,
dataflow,ESTAT:TGS00045(1.0),Animal populations by NUTS 2 region,A,Annual,A2000,Live bovine animals,THS_HD,Thousand heads (animals),RO11,Nord-Vest,2024,,378.3,,,,,
dataflow,ESTAT:TGS00045(1.0),Animal populations by NUTS 2 region,A,Annual,A2000,Live bovine animals,THS_HD,Thousand heads (animals),RO11,Nord-Vest,2025,,383,,,,,
dataflow,ESTAT:TGS00045(1.0),Animal populations by NUTS 2 region,A,Annual,A2000,Live bovine animals,THS_HD,Thousand heads (animals),RO12,Centru,2014,,332.4,,,,,
dataflow,ESTAT:TGS00045(1.0),Animal populations by NUTS 2 region,A,Annual,A2000,Live bovine animals,THS_HD,Thousand heads (animals),RO12,Centru,2015,,339.6,,,,,
dataflow,ESTAT:TGS00045(1.0),Animal populations by NUTS 2 region,A,Annual,A2000,Live bovine animals,THS_HD,Thousand heads (animals),RO12,Centru,2016,,339.7,,,,,
dataflow,ESTAT:TGS00045(1.0),Animal populations by NUTS 2 region,A,Annual,A2000,Live bovine animals,THS_HD,Thousand heads (animals),RO12,Centru,2017,,347.4,,,,,
dataflow,ESTAT:TGS00045(1.0),Animal populations by NUTS 2 region,A,Annual,A2000,Live bovine animals,THS_HD,Thousand heads (animals),RO12,Centru,2018,,345.7,,,,,
dataflow,ESTAT:TGS00045(1.0),Animal populations by NUTS 2 region,A,Annual,A2000,Live bovine animals,THS_HD,Thousand heads (animals),RO12,Centru,2019,,341,,,,,
dataflow,ESTAT:TGS00045(1.0),Animal populations by NUTS 2 region,A,Annual,A2000,Live bovine animals,THS_HD,Thousand heads (animals),RO12,Centru,2020,,353.4,,,,,
dataflow,ESTAT:TGS00045(1.0),Animal populations by NUTS 2 region,A,Annual,A2000,Live bovine animals,THS_HD,Thousand heads (animals),RO12,Centru,2021,,374.1,,,,,
dataflow,ESTAT:TGS00045(1.0),Animal populations by NUTS 2 region,A,Annual,A2000,Live bovine animals,THS_HD,Thousand heads (animals),RO12,Centru,2022,,380.5,,,,,
dataflow,ESTAT:TGS00045(1.0),Animal populations by NUTS 2 region,A,Annual,A2000,Live bovine animals,THS_HD,Thousand heads (animals),RO12,Centru,2023,,386.3,,,,,
dataflow,ESTAT:TGS00045(1.0),Animal populations by NUTS 2 region,A,Annual,A2000,Live bovine animals,THS_HD,Thousand heads (animals),RO12,Centru,2024,,389.1,,,,,
dataflow,ESTAT:TGS00045(1.0),Animal populations by NUTS 2 region,A,Annual,A2000,Live bovine animals,THS_HD,Thousand heads (animals),RO12,Centru,2025,,392.5,,,,,
dataflow,ESTAT:TGS00045(1.0),Animal populations by NUTS 2 region,A,Annual,A2000,Live bovine animals,THS_HD,Thousand heads (animals),RO21,Nord-Est,2014,,530.2,,,,,
dataflow,ESTAT:TGS00045(1.0),Animal populations by NUTS 2 region,A,Annual,A2000,Live bovine animals,THS_HD,Thousand heads (animals),RO21,Nord-Est,2015,,533.8,,,,,
dataflow,ESTAT:TGS00045(1.0),Animal populations by NUTS 2 region,A,Annual,A2000,Live bovine animals,THS_HD,Thousand heads (animals),RO21,Nord-Est,2016,,511.8,,,,,
dataflow,ESTAT:TGS00045(1.0),Animal populations by NUTS 2 region,A,Annual,A2000,Live bovine animals,THS_HD,Thousand heads (animals),RO21,Nord-Est,2017,,499.7,,,,,
dataflow,ESTAT:TGS00045(1.0),Animal populations by NUTS 2 region,A,Annual,A2000,Live bovine animals,THS_HD,Thousand heads (animals),RO21,Nord-Est,2018,,486.5,,,,,
dataflow,ESTAT:TGS00045(1.0),Animal populations by NUTS 2 region,A,Annual,A2000,Live bovine animals,THS_HD,Thousand heads (animals),RO21,Nord-Est,2019,,466.3,,,,,
dataflow,ESTAT:TGS00045(1.0),Animal populations by NUTS 2 region,A,Annual,A2000,Live bovine animals,THS_HD,Thousand heads (animals),RO21,Nord-Est,2020,,455.4,,,,,
dataflow,ESTAT:TGS00045(1.0),Animal populations by NUTS 2 region,A,Annual,A2000,Live bovine animals,THS_HD,Thousand heads (animals),RO21,Nord-Est,2021,,422.3,,,,,
dataflow,ESTAT:TGS00045(1.0),Animal populations by NUTS 2 region,A,Annual,A2000,Live bovine animals,THS_HD,Thousand heads (animals),RO21,Nord-Est,2022,,408.2,,,,,
dataflow,ESTAT:TGS00045(1.0),Animal populations by NUTS 2 region,A,Annual,A2000,Live bovine animals,THS_HD,Thousand heads (animals),RO21,Nord-Est,2023,,399.8,,,,,
dataflow,ESTAT:TGS00045(1.0),Animal populations by NUTS 2 region,A,Annual,A2000,Live bovine animals,THS_HD,Thousand heads (animals),RO21,Nord-Est,2024,,392.3,,,,,
dataflow,ESTAT:TGS00045(1.0),Animal populations by NUTS 2 region,A,Annual,A2000,Live bovine animals,THS_HD,Thousand heads (animals),RO21,Nord-Est,2025,,384.7,,,,,
dataflow,ESTAT:TGS00045(1.0),Animal populations by NUTS 2 region,A,Annual,A2000,Live bovine animals,THS_HD,Thousand heads (animals),RO22,Sud-Est,2014,,242.9,,,,,
dataflow,ESTAT:TGS00045(1.0),Animal populations by NUTS 2 region,A,Annual,A2000,Live bovine animals,THS_HD,Thousand heads (animals),RO22,Sud-Est,2015,,245.1,,,,,
dataflow,ESTAT:TGS00045(1.0),Animal populations by NUTS 2 region,A,Annual,A2000,Live bovine animals,THS_HD,Thousand heads (animals),RO22,Sud-Est,2016,,229.9,,,,,
dataflow,ESTAT:TGS00045(1.0),Animal populations by NUTS 2 region,A,Annual,A2000,Live bovine animals,THS_HD,Thousand heads (animals),RO22,Sud-Est,2017,,229.7,,,,,
dataflow,ESTAT:TGS00045(1.0),Animal populations by NUTS 2 region,A,Annual,A2000,Live bovine animals,THS_HD,Thousand heads (animals),RO22,Sud-Est,2018,,230.3,,,,,
dataflow,ESTAT:TGS00045(1.0),Animal populations by NUTS 2 region,A,Annual,A2000,Live bovine animals,THS_HD,Thousand heads (animals),RO22,Sud-Est,2019,,216.2,,,,,
dataflow,ESTAT:TGS00045(1.0),Animal populations by NUTS 2 region,A,Annual,A2000,Live bovine animals,THS_HD,Thousand heads (animals),RO22,Sud-Est,2020,,190.7,,,,,
dataflow,ESTAT:TGS00045(1.0),Animal populations by NUTS 2 region,A,Annual,A2000,Live bovine animals,THS_HD,Thousand heads (animals),RO22,Sud-Est,2021,,190.1,,,,,
dataflow,ESTAT:TGS00045(1.0),Animal populations by NUTS 2 region,A,Annual,A2000,Live bovine animals,THS_HD,Thousand heads (animals),RO22,Sud-Est,2022,,190.9,,,,,
dataflow,ESTAT:TGS00045(1.0),Animal populations by NUTS 2 region,A,Annual,A2000,Live bovine animals,THS_HD,Thousand heads (animals),RO22,Sud-Est,2023,,177.8,,,,,
dataflow,ESTAT:TGS00045(1.0),Animal populations by NUTS 2 region,A,Annual,A2000,Live bovine animals,THS_HD,Thousand heads (animals),RO22,Sud-Est,2024,,174,,,,,
dataflow,ESTAT:TGS00045(1.0),Animal populations by NUTS 2 region,A,Annual,A2000,Live bovine animals,THS_HD,Thousand heads (animals),RO22,Sud-Est,2025,,172.5,,,,,
dataflow,ESTAT:TGS00045(1.0),Animal populations by NUTS 2 region,A,Annual,A2000,Live bovine animals,THS_HD,Thousand heads (animals),RO31,Sud-Muntenia,2014,,235.3,,,,,
dataflow,ESTAT:TGS00045(1.0),Animal populations by NUTS 2 region,A,Annual,A2000,Live bovine animals,THS_HD,Thousand heads (animals),RO31,Sud-Muntenia,2015,,241.8,,,,,
dataflow,ESTAT:TGS00045(1.0),Animal populations by NUTS 2 region,A,Annual,A2000,Live bovine animals,THS_HD,Thousand heads (animals),RO31,Sud-Muntenia,2016,,233.8,,,,,
dataflow,ESTAT:TGS00045(1.0),Animal populations by NUTS 2 region,A,Annual,A2000,Live bovine animals,THS_HD,Thousand heads (animals),RO31,Sud-Muntenia,2017,,225.7,,,,,
dataflow,ESTAT:TGS00045(1.0),Animal populations by NUTS 2 region,A,Annual,A2000,Live bovine animals,THS_HD,Thousand heads (animals),RO31,Sud-Muntenia,2018,,215.5,,,,,
dataflow,ESTAT:TGS00045(1.0),Animal populations by NUTS 2 region,A,Annual,A2000,Live bovine animals,THS_HD,Thousand heads (animals),RO31,Sud-Muntenia,2019,,206.2,,,,,
dataflow,ESTAT:TGS00045(1.0),Animal populations by NUTS 2 region,A,Annual,A2000,Live bovine animals,THS_HD,Thousand heads (animals),RO31,Sud-Muntenia,2020,,195.5,,,,,
dataflow,ESTAT:TGS00045(1.0),Animal populations by NUTS 2 region,A,Annual,A2000,Live bovine animals,THS_HD,Thousand heads (animals),RO31,Sud-Muntenia,2021,,185.3,,,,,
dataflow,ESTAT:TGS00045(1.0),Animal populations by NUTS 2 region,A,Annual,A2000,Live bovine animals,THS_HD,Thousand heads (animals),RO31,Sud-Muntenia,2022,,186.2,,,,,
dataflow,ESTAT:TGS00045(1.0),Animal populations by NUTS 2 region,A,Annual,A2000,Live bovine animals,THS_HD,Thousand heads (animals),RO31,Sud-Muntenia,2023,,178.6,,,,,
dataflow,ESTAT:TGS00045(1.0),Animal populations by NUTS 2 region,A,Annual,A2000,Live bovine animals,THS_HD,Thousand heads (animals),RO31,Sud-Muntenia,2024,,178,,,,,
dataflow,ESTAT:TGS00045(1.0),Animal populations by NUTS 2 region,A,Annual,A2000,Live bovine animals,THS_HD,Thousand heads (animals),RO31,Sud-Muntenia,2025,,177.9,,,,,
dataflow,ESTAT:TGS00045(1.0),Animal populations by NUTS 2 region,A,Annual,A2000,Live bovine animals,THS_HD,Thousand heads (animals),RO32,Bucureşti-Ilfov,2014,,7.7,,,,,
dataflow,ESTAT:TGS00045(1.0),Animal populations by NUTS 2 region,A,Annual,A2000,Live bovine animals,THS_HD,Thousand heads (animals),RO32,Bucureşti-Ilfov,2015,,7,,,,,
dataflow,ESTAT:TGS00045(1.0),Animal populations by NUTS 2 region,A,Annual,A2000,Live bovine animals,THS_HD,Thousand heads (animals),RO32,Bucureşti-Ilfov,2016,,7.7,,,,,
dataflow,ESTAT:TGS00045(1.0),Animal populations by NUTS 2 region,A,Annual,A2000,Live bovine animals,THS_HD,Thousand heads (animals),RO32,Bucureşti-Ilfov,2017,,6.9,,,,,
dataflow,ESTAT:TGS00045(1.0),Animal populations by NUTS 2 region,A,Annual,A2000,Live bovine animals,THS_HD,Thousand heads (animals),RO32,Bucureşti-Ilfov,2018,,5.3,,,,,
dataflow,ESTAT:TGS00045(1.0),Animal populations by NUTS 2 region,A,Annual,A2000,Live bovine animals,THS_HD,Thousand heads (animals),RO32,Bucureşti-Ilfov,2019,,4.6,,,,,
dataflow,ESTAT:TGS00045(1.0),Animal populations by NUTS 2 region,A,Annual,A2000,Live bovine animals,THS_HD,Thousand heads (animals),RO32,Bucureşti-Ilfov,2020,,4.5,,,,,
dataflow,ESTAT:TGS00045(1.0),Animal populations by NUTS 2 region,A,Annual,A2000,Live bovine animals,THS_HD,Thousand heads (animals),RO32,Bucureşti-Ilfov,2021,,3.7,,,,,
dataflow,ESTAT:TGS00045(1.0),Animal populations by NUTS 2 region,A,Annual,A2000,Live bovine animals,THS_HD,Thousand heads (animals),RO32,Bucureşti-Ilfov,2022,,3.7,,,,,
dataflow,ESTAT:TGS00045(1.0),Animal populations by NUTS 2 region,A,Annual,A2000,Live bovine animals,THS_HD,Thousand heads (animals),RO32,Bucureşti-Ilfov,2023,,3.5,,,,,
dataflow,ESTAT:TGS00045(1.0),Animal populations by NUTS 2 region,A,Annual,A2000,Live bovine animals,THS_HD,Thousand heads (animals),RO32,Bucureşti-Ilfov,2024,,3.2,,,,,
dataflow,ESTAT:TGS00045(1.0),Animal populations by NUTS 2 region,A,Annual,A2000,Live bovine animals,THS_HD,Thousand heads (animals),RO32,Bucureşti-Ilfov,2025,,3,,,,,
dataflow,ESTAT:TGS00045(1.0),Animal populations by NUTS 2 region,A,Annual,A2000,Live bovine animals,THS_HD,Thousand heads (animals),RO41,Sud-Vest Oltenia,2014,,196.1,,,,,
dataflow,ESTAT:TGS00045(1.0),Animal populations by NUTS 2 region,A,Annual,A2000,Live bovine animals,THS_HD,Thousand heads (animals),RO41,Sud-Vest Oltenia,2015,,196.5,,,,,
dataflow,ESTAT:TGS00045(1.0),Animal populations by NUTS 2 region,A,Annual,A2000,Live bovine animals,THS_HD,Thousand heads (animals),RO41,Sud-Vest Oltenia,2016,,191.9,,,,,
dataflow,ESTAT:TGS00045(1.0),Animal populations by NUTS 2 region,A,Annual,A2000,Live bovine animals,THS_HD,Thousand heads (animals),RO41,Sud-Vest Oltenia,2017,,178.2,,,,,
dataflow,ESTAT:TGS00045(1.0),Animal populations by NUTS 2 region,A,Annual,A2000,Live bovine animals,THS_HD,Thousand heads (animals),RO41,Sud-Vest Oltenia,2018,,173.2,,,,,
dataflow,ESTAT:TGS00045(1.0),Animal populations by NUTS 2 region,A,Annual,A2000,Live bovine animals,THS_HD,Thousand heads (animals),RO41,Sud-Vest Oltenia,2019,,165.3,,,,,
dataflow,ESTAT:TGS00045(1.0),Animal populations by NUTS 2 region,A,Annual,A2000,Live bovine animals,THS_HD,Thousand heads (animals),RO41,Sud-Vest Oltenia,2020,,160,,,,,
dataflow,ESTAT:TGS00045(1.0),Animal populations by NUTS 2 region,A,Annual,A2000,Live bovine animals,THS_HD,Thousand heads (animals),RO41,Sud-Vest Oltenia,2021,,144.3,,,,,
dataflow,ESTAT:TGS00045(1.0),Animal populations by NUTS 2 region,A,Annual,A2000,Live bovine animals,THS_HD,Thousand heads (animals),RO41,Sud-Vest Oltenia,2022,,140.4,,,,,
dataflow,ESTAT:TGS00045(1.0),Animal populations by NUTS 2 region,A,Annual,A2000,Live bovine animals,THS_HD,Thousand heads (animals),RO41,Sud-Vest Oltenia,2023,,134.9,,,,,
dataflow,ESTAT:TGS00045(1.0),Animal populations by NUTS 2 region,A,Annual,A2000,Live bovine animals,THS_HD,Thousand heads (animals),RO41,Sud-Vest Oltenia,2024,,132.5,,,,,
dataflow,ESTAT:TGS00045(1.0),Animal populations by NUTS 2 region,A,Annual,A2000,Live bovine animals,THS_HD,Thousand heads (animals),RO41,Sud-Vest Oltenia,2025,,137,,,,,
dataflow,ESTAT:TGS00045(1.0),Animal populations by NUTS 2 region,A,Annual,A2000,Live bovine animals,THS_HD,Thousand heads (animals),RO42,Vest,2014,,157.4,,,,,
dataflow,ESTAT:TGS00045(1.0),Animal populations by NUTS 2 region,A,Annual,A2000,Live bovine animals,THS_HD,Thousand heads (animals),RO42,Vest,2015,,159.5,,,,,
dataflow,ESTAT:TGS00045(1.0),Animal populations by NUTS 2 region,A,Annual,A2000,Live bovine animals,THS_HD,Thousand heads (animals),RO42,Vest,2016,,161.5,,,,,
dataflow,ESTAT:TGS00045(1.0),Animal populations by NUTS 2 region,A,Annual,A2000,Live bovine animals,THS_HD,Thousand heads (animals),RO42,Vest,2017,,157.3,,,,,
dataflow,ESTAT:TGS00045(1.0),Animal populations by NUTS 2 region,A,Annual,A2000,Live bovine animals,THS_HD,Thousand heads (animals),RO42,Vest,2018,,155.4,,,,,
dataflow,ESTAT:TGS00045(1.0),Animal populations by NUTS 2 region,A,Annual,A2000,Live bovine animals,THS_HD,Thousand heads (animals),RO42,Vest,2019,,154.8,,,,,
dataflow,ESTAT:TGS00045(1.0),Animal populations by NUTS 2 region,A,Annual,A2000,Live bovine animals,THS_HD,Thousand heads (animals),RO42,Vest,2020,,154.3,,,,,
dataflow,ESTAT:TGS00045(1.0),Animal populations by NUTS 2 region,A,Annual,A2000,Live bovine animals,THS_HD,Thousand heads (animals),RO42,Vest,2021,,151.9,,,,,
dataflow,ESTAT:TGS00045(1.0),Animal populations by NUTS 2 region,A,Annual,A2000,Live bovine animals,THS_HD,Thousand heads (animals),RO42,Vest,2022,,149.2,,,,,
dataflow,ESTAT:TGS00045(1.0),Animal populations by NUTS 2 region,A,Annual,A2000,Live bovine animals,THS_HD,Thousand heads (animals),RO42,Vest,2023,,150.4,,,,,
dataflow,ESTAT:TGS00045(1.0),Animal populations by NUTS 2 region,A,Annual,A2000,Live bovine animals,THS_HD,Thousand heads (animals),RO42,Vest,2024,,162,,,,,
dataflow,ESTAT:TGS00045(1.0),Animal populations by NUTS 2 region,A,Annual,A2000,Live bovine animals,THS_HD,Thousand heads (animals),RO42,Vest,2025,,162.4,,,,,
dataflow,ESTAT:TGS00045(1.0),Animal populations by NUTS 2 region,A,Annual,A2000,Live bovine animals,THS_HD,Thousand heads (animals),RS11,Beogradski region,2014,,61.26,,,,,
dataflow,ESTAT:TGS00045(1.0),Animal populations by NUTS 2 region,A,Annual,A2000,Live bovine animals,THS_HD,Thousand heads (animals),RS11,Beogradski region,2015,,56.98,,,,,
dataflow,ESTAT:TGS00045(1.0),Animal populations by NUTS 2 region,A,Annual,A2000,Live bovine animals,THS_HD,Thousand heads (animals),RS11,Beogradski region,2016,,48.25,,,,,
dataflow,ESTAT:TGS00045(1.0),Animal populations by NUTS 2 region,A,Annual,A2000,Live bovine animals,THS_HD,Thousand heads (animals),RS11,Beogradski region,2017,,48,,,,,
dataflow,ESTAT:TGS00045(1.0),Animal populations by NUTS 2 region,A,Annual,A2000,Live bovine animals,THS_HD,Thousand heads (animals),RS11,Beogradski region,2018,,47,,,,,
dataflow,ESTAT:TGS00045(1.0),Animal populations by NUTS 2 region,A,Annual,A2000,Live bovine animals,THS_HD,Thousand heads (animals),RS11,Beogradski region,2019,,46,,,,,
dataflow,ESTAT:TGS00045(1.0),Animal populations by NUTS 2 region,A,Annual,A2000,Live bovine animals,THS_HD,Thousand heads (animals),RS11,Beogradski region,2020,,46,,,,,
dataflow,ESTAT:TGS00045(1.0),Animal populations by NUTS 2 region,A,Annual,A2000,Live bovine animals,THS_HD,Thousand heads (animals),RS11,Beogradski region,2021,,46,,,,,
dataflow,ESTAT:TGS00045(1.0),Animal populations by NUTS 2 region,A,Annual,A2000,Live bovine animals,THS_HD,Thousand heads (animals),RS11,Beogradski region,2022,,41.46,,,,,
dataflow,ESTAT:TGS00045(1.0),Animal populations by NUTS 2 region,A,Annual,A2000,Live bovine animals,THS_HD,Thousand heads (animals),RS11,Beogradski region,2023,,34.66,,,,,
dataflow,ESTAT:TGS00045(1.0),Animal populations by NUTS 2 region,A,Annual,A2000,Live bovine animals,THS_HD,Thousand heads (animals),RS11,Beogradski region,2024,,32.99,,,,,
dataflow,ESTAT:TGS00045(1.0),Animal populations by NUTS 2 region,A,Annual,A2000,Live bovine animals,THS_HD,Thousand heads (animals),RS11,Beogradski region,2025,,31.25,,,,,
dataflow,ESTAT:TGS00045(1.0),Animal populations by NUTS 2 region,A,Annual,A2000,Live bovine animals,THS_HD,Thousand heads (animals),RS12,Region Vojvodine,2014,,262.22,,,,,
dataflow,ESTAT:TGS00045(1.0),Animal populations by NUTS 2 region,A,Annual,A2000,Live bovine animals,THS_HD,Thousand heads (animals),RS12,Region Vojvodine,2015,,248.55,,,,,
dataflow,ESTAT:TGS00045(1.0),Animal populations by NUTS 2 region,A,Annual,A2000,Live bovine animals,THS_HD,Thousand heads (animals),RS12,Region Vojvodine,2016,,250.94,,,,,
dataflow,ESTAT:TGS00045(1.0),Animal populations by NUTS 2 region,A,Annual,A2000,Live bovine animals,THS_HD,Thousand heads (animals),RS12,Region Vojvodine,2017,,260,,,,,
dataflow,ESTAT:TGS00045(1.0),Animal populations by NUTS 2 region,A,Annual,A2000,Live bovine animals,THS_HD,Thousand heads (animals),RS12,Region Vojvodine,2018,,256,,,,,
dataflow,ESTAT:TGS00045(1.0),Animal populations by NUTS 2 region,A,Annual,A2000,Live bovine animals,THS_HD,Thousand heads (animals),RS12,Region Vojvodine,2019,,264,,,,,
dataflow,ESTAT:TGS00045(1.0),Animal populations by NUTS 2 region,A,Annual,A2000,Live bovine animals,THS_HD,Thousand heads (animals),RS12,Region Vojvodine,2020,,260,,,,,
dataflow,ESTAT:TGS00045(1.0),Animal populations by NUTS 2 region,A,Annual,A2000,Live bovine animals,THS_HD,Thousand heads (animals),RS12,Region Vojvodine,2021,,257,,,,,
dataflow,ESTAT:TGS00045(1.0),Animal populations by NUTS 2 region,A,Annual,A2000,Live bovine animals,THS_HD,Thousand heads (animals),RS12,Region Vojvodine,2022,,243.95,,,,,
dataflow,ESTAT:TGS00045(1.0),Animal populations by NUTS 2 region,A,Annual,A2000,Live bovine animals,THS_HD,Thousand heads (animals),RS12,Region Vojvodine,2023,,230.33,,,,,
dataflow,ESTAT:TGS00045(1.0),Animal populations by NUTS 2 region,A,Annual,A2000,Live bovine animals,THS_HD,Thousand heads (animals),RS12,Region Vojvodine,2024,,228.01,,,,,
dataflow,ESTAT:TGS00045(1.0),Animal populations by NUTS 2 region,A,Annual,A2000,Live bovine animals,THS_HD,Thousand heads (animals),RS12,Region Vojvodine,2025,,225.67,,,,,
dataflow,ESTAT:TGS00045(1.0),Animal populations by NUTS 2 region,A,Annual,A2000,Live bovine animals,THS_HD,Thousand heads (animals),RS21,Region Sumadije i Zapadne Srbije,2014,,416.05,,,,,
dataflow,ESTAT:TGS00045(1.0),Animal populations by NUTS 2 region,A,Annual,A2000,Live bovine animals,THS_HD,Thousand heads (animals),RS21,Region Sumadije i Zapadne Srbije,2015,,432,,,,,
dataflow,ESTAT:TGS00045(1.0),Animal populations by NUTS 2 region,A,Annual,A2000,Live bovine animals,THS_HD,Thousand heads (animals),RS21,Region Sumadije i Zapadne Srbije,2016,,411.86,,,,,
dataflow,ESTAT:TGS00045(1.0),Animal populations by NUTS 2 region,A,Annual,A2000,Live bovine animals,THS_HD,Thousand heads (animals),RS21,Region Sumadije i Zapadne Srbije,2017,,412,,,,,
dataflow,ESTAT:TGS00045(1.0),Animal populations by NUTS 2 region,A,Annual,A2000,Live bovine animals,THS_HD,Thousand heads (animals),RS21,Region Sumadije i Zapadne Srbije,2018,,410,,,,,
dataflow,ESTAT:TGS00045(1.0),Animal populations by NUTS 2 region,A,Annual,A2000,Live bovine animals,THS_HD,Thousand heads (animals),RS21,Region Sumadije i Zapadne Srbije,2019,,415,,,,,
dataflow,ESTAT:TGS00045(1.0),Animal populations by NUTS 2 region,A,Annual,A2000,Live bovine animals,THS_HD,Thousand heads (animals),RS21,Region Sumadije i Zapadne Srbije,2020,,411,,,,,
dataflow,ESTAT:TGS00045(1.0),Animal populations by NUTS 2 region,A,Annual,A2000,Live bovine animals,THS_HD,Thousand heads (animals),RS21,Region Sumadije i Zapadne Srbije,2021,,392,,,,,
dataflow,ESTAT:TGS00045(1.0),Animal populations by NUTS 2 region,A,Annual,A2000,Live bovine animals,THS_HD,Thousand heads (animals),RS21,Region Sumadije i Zapadne Srbije,2022,,361.06,,,,,
dataflow,ESTAT:TGS00045(1.0),Animal populations by NUTS 2 region,A,Annual,A2000,Live bovine animals,THS_HD,Thousand heads (animals),RS21,Region Sumadije i Zapadne Srbije,2023,,330,,,,,
dataflow,ESTAT:TGS00045(1.0),Animal populations by NUTS 2 region,A,Annual,A2000,Live bovine animals,THS_HD,Thousand heads (animals),RS21,Region Sumadije i Zapadne Srbije,2024,,318.44,,,,,
dataflow,ESTAT:TGS00045(1.0),Animal populations by NUTS 2 region,A,Annual,A2000,Live bovine animals,THS_HD,Thousand heads (animals),RS21,Region Sumadije i Zapadne Srbije,2025,,324.17,,,,,
dataflow,ESTAT:TGS00045(1.0),Animal populations by NUTS 2 region,A,Annual,A2000,Live bovine animals,THS_HD,Thousand heads (animals),RS22,Region Juzne i Istocne Srbije,2014,,180.54,,,,,
dataflow,ESTAT:TGS00045(1.0),Animal populations by NUTS 2 region,A,Annual,A2000,Live bovine animals,THS_HD,Thousand heads (animals),RS22,Region Juzne i Istocne Srbije,2015,,178.11,,,,,
dataflow,ESTAT:TGS00045(1.0),Animal populations by NUTS 2 region,A,Annual,A2000,Live bovine animals,THS_HD,Thousand heads (animals),RS22,Region Juzne i Istocne Srbije,2016,,181.7,,,,,
dataflow,ESTAT:TGS00045(1.0),Animal populations by NUTS 2 region,A,Annual,A2000,Live bovine animals,THS_HD,Thousand heads (animals),RS22,Region Juzne i Istocne Srbije,2017,,179,,,,,
dataflow,ESTAT:TGS00045(1.0),Animal populations by NUTS 2 region,A,Annual,A2000,Live bovine animals,THS_HD,Thousand heads (animals),RS22,Region Juzne i Istocne Srbije,2018,,166,,,,,
dataflow,ESTAT:TGS00045(1.0),Animal populations by NUTS 2 region,A,Annual,A2000,Live bovine animals,THS_HD,Thousand heads (animals),RS22,Region Juzne i Istocne Srbije,2019,,173,,,,,
dataflow,ESTAT:TGS00045(1.0),Animal populations by NUTS 2 region,A,Annual,A2000,Live bovine animals,THS_HD,Thousand heads (animals),RS22,Region Juzne i Istocne Srbije,2020,,170,,,,,
dataflow,ESTAT:TGS00045(1.0),Animal populations by NUTS 2 region,A,Annual,A2000,Live bovine animals,THS_HD,Thousand heads (animals),RS22,Region Juzne i Istocne Srbije,2021,,165,,,,,
dataflow,ESTAT:TGS00045(1.0),Animal populations by NUTS 2 region,A,Annual,A2000,Live bovine animals,THS_HD,Thousand heads (animals),RS22,Region Juzne i Istocne Srbije,2022,,153.37,,,,,
dataflow,ESTAT:TGS00045(1.0),Animal populations by NUTS 2 region,A,Annual,A2000,Live bovine animals,THS_HD,Thousand heads (animals),RS22,Region Juzne i Istocne Srbije,2023,,130.42,,,,,
dataflow,ESTAT:TGS00045(1.0),Animal populations by NUTS 2 region,A,Annual,A2000,Live bovine animals,THS_HD,Thousand heads (animals),RS22,Region Juzne i Istocne Srbije,2024,,119.17,,,,,
dataflow,ESTAT:TGS00045(1.0),Animal populations by NUTS 2 region,A,Annual,A2000,Live bovine animals,THS_HD,Thousand heads (animals),RS22,Region Juzne i Istocne Srbije,2025,,117.79,,,,,
dataflow,ESTAT:TGS00045(1.0),Animal populations by NUTS 2 region,A,Annual,A2000,Live bovine animals,THS_HD,Thousand heads (animals),SE11,Stockholm,2014,,16.3,,,,,
dataflow,ESTAT:TGS00045(1.0),Animal populations by NUTS 2 region,A,Annual,A2000,Live bovine animals,THS_HD,Thousand heads (animals),SE11,Stockholm,2015,,16.11,,,,,
dataflow,ESTAT:TGS00045(1.0),Animal populations by NUTS 2 region,A,Annual,A2000,Live bovine animals,THS_HD,Thousand heads (animals),SE11,Stockholm,2016,,16,,,,,
dataflow,ESTAT:TGS00045(1.0),Animal populations by NUTS 2 region,A,Annual,A2000,Live bovine animals,THS_HD,Thousand heads (animals),SE11,Stockholm,2017,,16.44,,,,,
dataflow,ESTAT:TGS00045(1.0),Animal populations by NUTS 2 region,A,Annual,A2000,Live bovine animals,THS_HD,Thousand heads (animals),SE11,Stockholm,2018,,15.23,,,,,
dataflow,ESTAT:TGS00045(1.0),Animal populations by NUTS 2 region,A,Annual,A2000,Live bovine animals,THS_HD,Thousand heads (animals),SE11,Stockholm,2019,,15.04,,,,,
dataflow,ESTAT:TGS00045(1.0),Animal populations by NUTS 2 region,A,Annual,A2000,Live bovine animals,THS_HD,Thousand heads (animals),SE11,Stockholm,2020,,14.99,,,,,
dataflow,ESTAT:TGS00045(1.0),Animal populations by NUTS 2 region,A,Annual,A2000,Live bovine animals,THS_HD,Thousand heads (animals),SE11,Stockholm,2021,,15.38,,,,,
dataflow,ESTAT:TGS00045(1.0),Animal populations by NUTS 2 region,A,Annual,A2000,Live bovine animals,THS_HD,Thousand heads (animals),SE11,Stockholm,2022,,15,,,,,
dataflow,ESTAT:TGS00045(1.0),Animal populations by NUTS 2 region,A,Annual,A2000,Live bovine animals,THS_HD,Thousand heads (animals),SE11,Stockholm,2023,,15,,,,,
dataflow,ESTAT:TGS00045(1.0),Animal populations by NUTS 2 region,A,Annual,A2000,Live bovine animals,THS_HD,Thousand heads (animals),SE11,Stockholm,2024,,14.22,,,,,
dataflow,ESTAT:TGS00045(1.0),Animal populations by NUTS 2 region,A,Annual,A2000,Live bovine animals,THS_HD,Thousand heads (animals),SE11,Stockholm,2025,,14.17,,,,,
dataflow,ESTAT:TGS00045(1.0),Animal populations by NUTS 2 region,A,Annual,A2000,Live bovine animals,THS_HD,Thousand heads (animals),SE12,Östra Mellansverige,2014,,240.2,,,,,
dataflow,ESTAT:TGS00045(1.0),Animal populations by NUTS 2 region,A,Annual,A2000,Live bovine animals,THS_HD,Thousand heads (animals),SE12,Östra Mellansverige,2015,,238.05,,,,,
dataflow,ESTAT:TGS00045(1.0),Animal populations by NUTS 2 region,A,Annual,A2000,Live bovine animals,THS_HD,Thousand heads (animals),SE12,Östra Mellansverige,2016,,239.47,,,,,
dataflow,ESTAT:TGS00045(1.0),Animal populations by NUTS 2 region,A,Annual,A2000,Live bovine animals,THS_HD,Thousand heads (animals),SE12,Östra Mellansverige,2017,,241.71,,,,,
dataflow,ESTAT:TGS00045(1.0),Animal populations by NUTS 2 region,A,Annual,A2000,Live bovine animals,THS_HD,Thousand heads (animals),SE12,Östra Mellansverige,2018,,238.58,,,,,
dataflow,ESTAT:TGS00045(1.0),Animal populations by NUTS 2 region,A,Annual,A2000,Live bovine animals,THS_HD,Thousand heads (animals),SE12,Östra Mellansverige,2019,,233.83,,,,,
dataflow,ESTAT:TGS00045(1.0),Animal populations by NUTS 2 region,A,Annual,A2000,Live bovine animals,THS_HD,Thousand heads (animals),SE12,Östra Mellansverige,2020,,232.96,,,,,
dataflow,ESTAT:TGS00045(1.0),Animal populations by NUTS 2 region,A,Annual,A2000,Live bovine animals,THS_HD,Thousand heads (animals),SE12,Östra Mellansverige,2021,,233.29,,,,,
dataflow,ESTAT:TGS00045(1.0),Animal populations by NUTS 2 region,A,Annual,A2000,Live bovine animals,THS_HD,Thousand heads (animals),SE12,Östra Mellansverige,2022,,230,,,,,
dataflow,ESTAT:TGS00045(1.0),Animal populations by NUTS 2 region,A,Annual,A2000,Live bovine animals,THS_HD,Thousand heads (animals),SE12,Östra Mellansverige,2023,,225,,,,,
dataflow,ESTAT:TGS00045(1.0),Animal populations by NUTS 2 region,A,Annual,A2000,Live bovine animals,THS_HD,Thousand heads (animals),SE12,Östra Mellansverige,2024,,217.46,,,,,
dataflow,ESTAT:TGS00045(1.0),Animal populations by NUTS 2 region,A,Annual,A2000,Live bovine animals,THS_HD,Thousand heads (animals),SE12,Östra Mellansverige,2025,,218.45,,,,,
dataflow,ESTAT:TGS00045(1.0),Animal populations by NUTS 2 region,A,Annual,A2000,Live bovine animals,THS_HD,Thousand heads (animals),SE21,Småland med öarna,2014,,390.62,,,,,
dataflow,ESTAT:TGS00045(1.0),Animal populations by NUTS 2 region,A,Annual,A2000,Live bovine animals,THS_HD,Thousand heads (animals),SE21,Småland med öarna,2015,,388.19,,,,,
dataflow,ESTAT:TGS00045(1.0),Animal populations by NUTS 2 region,A,Annual,A2000,Live bovine animals,THS_HD,Thousand heads (animals),SE21,Småland med öarna,2016,,389.66,,,,,
dataflow,ESTAT:TGS00045(1.0),Animal populations by NUTS 2 region,A,Annual,A2000,Live bovine animals,THS_HD,Thousand heads (animals),SE21,Småland med öarna,2017,,391.91,,,,,
dataflow,ESTAT:TGS00045(1.0),Animal populations by NUTS 2 region,A,Annual,A2000,Live bovine animals,THS_HD,Thousand heads (animals),SE21,Småland med öarna,2018,,386.64,,,,,
dataflow,ESTAT:TGS00045(1.0),Animal populations by NUTS 2 region,A,Annual,A2000,Live bovine animals,THS_HD,Thousand heads (animals),SE21,Småland med öarna,2019,,377,,,,,
dataflow,ESTAT:TGS00045(1.0),Animal populations by NUTS 2 region,A,Annual,A2000,Live bovine animals,THS_HD,Thousand heads (animals),SE21,Småland med öarna,2020,,374.67,,,,,
dataflow,ESTAT:TGS00045(1.0),Animal populations by NUTS 2 region,A,Annual,A2000,Live bovine animals,THS_HD,Thousand heads (animals),SE21,Småland med öarna,2021,,372.96,,,,,
dataflow,ESTAT:TGS00045(1.0),Animal populations by NUTS 2 region,A,Annual,A2000,Live bovine animals,THS_HD,Thousand heads (animals),SE21,Småland med öarna,2022,,374,,,,,
dataflow,ESTAT:TGS00045(1.0),Animal populations by NUTS 2 region,A,Annual,A2000,Live bovine animals,THS_HD,Thousand heads (animals),SE21,Småland med öarna,2023,,367,,,,,
dataflow,ESTAT:TGS00045(1.0),Animal populations by NUTS 2 region,A,Annual,A2000,Live bovine animals,THS_HD,Thousand heads (animals),SE21,Småland med öarna,2024,,360.62,,,,,
dataflow,ESTAT:TGS00045(1.0),Animal populations by NUTS 2 region,A,Annual,A2000,Live bovine animals,THS_HD,Thousand heads (animals),SE21,Småland med öarna,2025,,370.62,,,,,
dataflow,ESTAT:TGS00045(1.0),Animal populations by NUTS 2 region,A,Annual,A2000,Live bovine animals,THS_HD,Thousand heads (animals),SE22,Sydsverige,2014,,225.47,,,,,
dataflow,ESTAT:TGS00045(1.0),Animal populations by NUTS 2 region,A,Annual,A2000,Live bovine animals,THS_HD,Thousand heads (animals),SE22,Sydsverige,2015,,225.37,,,,,
dataflow,ESTAT:TGS00045(1.0),Animal populations by NUTS 2 region,A,Annual,A2000,Live bovine animals,THS_HD,Thousand heads (animals),SE22,Sydsverige,2016,,227.21,,,,,
dataflow,ESTAT:TGS00045(1.0),Animal populations by NUTS 2 region,A,Annual,A2000,Live bovine animals,THS_HD,Thousand heads (animals),SE22,Sydsverige,2017,,229.18,,,,,
dataflow,ESTAT:TGS00045(1.0),Animal populations by NUTS 2 region,A,Annual,A2000,Live bovine animals,THS_HD,Thousand heads (animals),SE22,Sydsverige,2018,,227.13,,,,,
dataflow,ESTAT:TGS00045(1.0),Animal populations by NUTS 2 region,A,Annual,A2000,Live bovine animals,THS_HD,Thousand heads (animals),SE22,Sydsverige,2019,,223.43,,,,,
dataflow,ESTAT:TGS00045(1.0),Animal populations by NUTS 2 region,A,Annual,A2000,Live bovine animals,THS_HD,Thousand heads (animals),SE22,Sydsverige,2020,,217.84,,,,,
dataflow,ESTAT:TGS00045(1.0),Animal populations by NUTS 2 region,A,Annual,A2000,Live bovine animals,THS_HD,Thousand heads (animals),SE22,Sydsverige,2021,,218.41,,,,,
dataflow,ESTAT:TGS00045(1.0),Animal populations by NUTS 2 region,A,Annual,A2000,Live bovine animals,THS_HD,Thousand heads (animals),SE22,Sydsverige,2022,,221,,,,,
dataflow,ESTAT:TGS00045(1.0),Animal populations by NUTS 2 region,A,Annual,A2000,Live bovine animals,THS_HD,Thousand heads (animals),SE22,Sydsverige,2023,,218,,,,,
dataflow,ESTAT:TGS00045(1.0),Animal populations by NUTS 2 region,A,Annual,A2000,Live bovine animals,THS_HD,Thousand heads (animals),SE22,Sydsverige,2024,,211.84,,,,,
dataflow,ESTAT:TGS00045(1.0),Animal populations by NUTS 2 region,A,Annual,A2000,Live bovine animals,THS_HD,Thousand heads (animals),SE22,Sydsverige,2025,,211.45,,,,,
dataflow,ESTAT:TGS00045(1.0),Animal populations by NUTS 2 region,A,Annual,A2000,Live bovine animals,THS_HD,Thousand heads (animals),SE23,Västsverige,2014,,334.23,,,,,
dataflow,ESTAT:TGS00045(1.0),Animal populations by NUTS 2 region,A,Annual,A2000,Live bovine animals,THS_HD,Thousand heads (animals),SE23,Västsverige,2015,,334.26,,,,,
dataflow,ESTAT:TGS00045(1.0),Animal populations by NUTS 2 region,A,Annual,A2000,Live bovine animals,THS_HD,Thousand heads (animals),SE23,Västsverige,2016,,337.02,,,,,
dataflow,ESTAT:TGS00045(1.0),Animal populations by NUTS 2 region,A,Annual,A2000,Live bovine animals,THS_HD,Thousand heads (animals),SE23,Västsverige,2017,,340.59,,,,,
dataflow,ESTAT:TGS00045(1.0),Animal populations by NUTS 2 region,A,Annual,A2000,Live bovine animals,THS_HD,Thousand heads (animals),SE23,Västsverige,2018,,341.65,,,,,
dataflow,ESTAT:TGS00045(1.0),Animal populations by NUTS 2 region,A,Annual,A2000,Live bovine animals,THS_HD,Thousand heads (animals),SE23,Västsverige,2019,,333.6,,,,,
dataflow,ESTAT:TGS00045(1.0),Animal populations by NUTS 2 region,A,Annual,A2000,Live bovine animals,THS_HD,Thousand heads (animals),SE23,Västsverige,2020,,332.06,,,,,
dataflow,ESTAT:TGS00045(1.0),Animal populations by NUTS 2 region,A,Annual,A2000,Live bovine animals,THS_HD,Thousand heads (animals),SE23,Västsverige,2021,,331.14,,,,,
dataflow,ESTAT:TGS00045(1.0),Animal populations by NUTS 2 region,A,Annual,A2000,Live bovine animals,THS_HD,Thousand heads (animals),SE23,Västsverige,2022,,331,,,,,
dataflow,ESTAT:TGS00045(1.0),Animal populations by NUTS 2 region,A,Annual,A2000,Live bovine animals,THS_HD,Thousand heads (animals),SE23,Västsverige,2023,,328,,,,,
dataflow,ESTAT:TGS00045(1.0),Animal populations by NUTS 2 region,A,Annual,A2000,Live bovine animals,THS_HD,Thousand heads (animals),SE23,Västsverige,2024,,322.01,,,,,
dataflow,ESTAT:TGS00045(1.0),Animal populations by NUTS 2 region,A,Annual,A2000,Live bovine animals,THS_HD,Thousand heads (animals),SE23,Västsverige,2025,,320.92,,,,,
dataflow,ESTAT:TGS00045(1.0),Animal populations by NUTS 2 region,A,Annual,A2000,Live bovine animals,THS_HD,Thousand heads (animals),SE31,Norra Mellansverige,2014,,115.41,,,,,
dataflow,ESTAT:TGS00045(1.0),Animal populations by NUTS 2 region,A,Annual,A2000,Live bovine animals,THS_HD,Thousand heads (animals),SE31,Norra Mellansverige,2015,,116.19,,,,,
dataflow,ESTAT:TGS00045(1.0),Animal populations by NUTS 2 region,A,Annual,A2000,Live bovine animals,THS_HD,Thousand heads (animals),SE31,Norra Mellansverige,2016,,117.54,,,,,
dataflow,ESTAT:TGS00045(1.0),Animal populations by NUTS 2 region,A,Annual,A2000,Live bovine animals,THS_HD,Thousand heads (animals),SE31,Norra Mellansverige,2017,,121.1,,,,,
dataflow,ESTAT:TGS00045(1.0),Animal populations by NUTS 2 region,A,Annual,A2000,Live bovine animals,THS_HD,Thousand heads (animals),SE31,Norra Mellansverige,2018,,119.46,,,,,
dataflow,ESTAT:TGS00045(1.0),Animal populations by NUTS 2 region,A,Annual,A2000,Live bovine animals,THS_HD,Thousand heads (animals),SE31,Norra Mellansverige,2019,,116.88,,,,,
dataflow,ESTAT:TGS00045(1.0),Animal populations by NUTS 2 region,A,Annual,A2000,Live bovine animals,THS_HD,Thousand heads (animals),SE31,Norra Mellansverige,2020,,114.6,,,,,
dataflow,ESTAT:TGS00045(1.0),Animal populations by NUTS 2 region,A,Annual,A2000,Live bovine animals,THS_HD,Thousand heads (animals),SE31,Norra Mellansverige,2021,,115.12,,,,,
dataflow,ESTAT:TGS00045(1.0),Animal populations by NUTS 2 region,A,Annual,A2000,Live bovine animals,THS_HD,Thousand heads (animals),SE31,Norra Mellansverige,2022,,115,,,,,
dataflow,ESTAT:TGS00045(1.0),Animal populations by NUTS 2 region,A,Annual,A2000,Live bovine animals,THS_HD,Thousand heads (animals),SE31,Norra Mellansverige,2023,,113,,,,,
dataflow,ESTAT:TGS00045(1.0),Animal populations by NUTS 2 region,A,Annual,A2000,Live bovine animals,THS_HD,Thousand heads (animals),SE31,Norra Mellansverige,2024,,109.38,,,,,
dataflow,ESTAT:TGS00045(1.0),Animal populations by NUTS 2 region,A,Annual,A2000,Live bovine animals,THS_HD,Thousand heads (animals),SE31,Norra Mellansverige,2025,,111.68,,,,,
dataflow,ESTAT:TGS00045(1.0),Animal populations by NUTS 2 region,A,Annual,A2000,Live bovine animals,THS_HD,Thousand heads (animals),SE32,Mellersta Norrland,2014,,56.92,,,,,
dataflow,ESTAT:TGS00045(1.0),Animal populations by NUTS 2 region,A,Annual,A2000,Live bovine animals,THS_HD,Thousand heads (animals),SE32,Mellersta Norrland,2015,,55.07,,,,,
dataflow,ESTAT:TGS00045(1.0),Animal populations by NUTS 2 region,A,Annual,A2000,Live bovine animals,THS_HD,Thousand heads (animals),SE32,Mellersta Norrland,2016,,54.98,,,,,
dataflow,ESTAT:TGS00045(1.0),Animal populations by NUTS 2 region,A,Annual,A2000,Live bovine animals,THS_HD,Thousand heads (animals),SE32,Mellersta Norrland,2017,,53.76,,,,,
dataflow,ESTAT:TGS00045(1.0),Animal populations by NUTS 2 region,A,Annual,A2000,Live bovine animals,THS_HD,Thousand heads (animals),SE32,Mellersta Norrland,2018,,53.39,,,,,
dataflow,ESTAT:TGS00045(1.0),Animal populations by NUTS 2 region,A,Annual,A2000,Live bovine animals,THS_HD,Thousand heads (animals),SE32,Mellersta Norrland,2019,,52.95,,,,,
dataflow,ESTAT:TGS00045(1.0),Animal populations by NUTS 2 region,A,Annual,A2000,Live bovine animals,THS_HD,Thousand heads (animals),SE32,Mellersta Norrland,2020,,52.42,,,,,
dataflow,ESTAT:TGS00045(1.0),Animal populations by NUTS 2 region,A,Annual,A2000,Live bovine animals,THS_HD,Thousand heads (animals),SE32,Mellersta Norrland,2021,,52.5,,,,,
dataflow,ESTAT:TGS00045(1.0),Animal populations by NUTS 2 region,A,Annual,A2000,Live bovine animals,THS_HD,Thousand heads (animals),SE32,Mellersta Norrland,2022,,54,,,,,
dataflow,ESTAT:TGS00045(1.0),Animal populations by NUTS 2 region,A,Annual,A2000,Live bovine animals,THS_HD,Thousand heads (animals),SE32,Mellersta Norrland,2023,,54,,,,,
dataflow,ESTAT:TGS00045(1.0),Animal populations by NUTS 2 region,A,Annual,A2000,Live bovine animals,THS_HD,Thousand heads (animals),SE32,Mellersta Norrland,2024,,51.32,,,,,
dataflow,ESTAT:TGS00045(1.0),Animal populations by NUTS 2 region,A,Annual,A2000,Live bovine animals,THS_HD,Thousand heads (animals),SE32,Mellersta Norrland,2025,,50.61,,,,,
dataflow,ESTAT:TGS00045(1.0),Animal populations by NUTS 2 region,A,Annual,A2000,Live bovine animals,THS_HD,Thousand heads (animals),SE33,Övre Norrland,2014,,57.39,,,,,
dataflow,ESTAT:TGS00045(1.0),Animal populations by NUTS 2 region,A,Annual,A2000,Live bovine animals,THS_HD,Thousand heads (animals),SE33,Övre Norrland,2015,,55.17,,,,,
dataflow,ESTAT:TGS00045(1.0),Animal populations by NUTS 2 region,A,Annual,A2000,Live bovine animals,THS_HD,Thousand heads (animals),SE33,Övre Norrland,2016,,54.17,,,,,
dataflow,ESTAT:TGS00045(1.0),Animal populations by NUTS 2 region,A,Annual,A2000,Live bovine animals,THS_HD,Thousand heads (animals),SE33,Övre Norrland,2017,,53.91,,,,,
dataflow,ESTAT:TGS00045(1.0),Animal populations by NUTS 2 region,A,Annual,A2000,Live bovine animals,THS_HD,Thousand heads (animals),SE33,Övre Norrland,2018,,53.39,,,,,
dataflow,ESTAT:TGS00045(1.0),Animal populations by NUTS 2 region,A,Annual,A2000,Live bovine animals,THS_HD,Thousand heads (animals),SE33,Övre Norrland,2019,,51.94,,,,,
dataflow,ESTAT:TGS00045(1.0),Animal populations by NUTS 2 region,A,Annual,A2000,Live bovine animals,THS_HD,Thousand heads (animals),SE33,Övre Norrland,2020,,51.43,,,,,
dataflow,ESTAT:TGS00045(1.0),Animal populations by NUTS 2 region,A,Annual,A2000,Live bovine animals,THS_HD,Thousand heads (animals),SE33,Övre Norrland,2021,,51.1,,,,,
dataflow,ESTAT:TGS00045(1.0),Animal populations by NUTS 2 region,A,Annual,A2000,Live bovine animals,THS_HD,Thousand heads (animals),SE33,Övre Norrland,2022,,50,,,,,
dataflow,ESTAT:TGS00045(1.0),Animal populations by NUTS 2 region,A,Annual,A2000,Live bovine animals,THS_HD,Thousand heads (animals),SE33,Övre Norrland,2023,,50,,,,,
dataflow,ESTAT:TGS00045(1.0),Animal populations by NUTS 2 region,A,Annual,A2000,Live bovine animals,THS_HD,Thousand heads (animals),SE33,Övre Norrland,2024,,46.99,,,,,
dataflow,ESTAT:TGS00045(1.0),Animal populations by NUTS 2 region,A,Annual,A2000,Live bovine animals,THS_HD,Thousand heads (animals),SE33,Övre Norrland,2025,,46.62,,,,,
dataflow,ESTAT:TGS00045(1.0),Animal populations by NUTS 2 region,A,Annual,A2000,Live bovine animals,THS_HD,Thousand heads (animals),SI03,Vzhodna Slovenija,2014,,324.03,,,,,
dataflow,ESTAT:TGS00045(1.0),Animal populations by NUTS 2 region,A,Annual,A2000,Live bovine animals,THS_HD,Thousand heads (animals),SI03,Vzhodna Slovenija,2015,,336.54,,,,,
dataflow,ESTAT:TGS00045(1.0),Animal populations by NUTS 2 region,A,Annual,A2000,Live bovine animals,THS_HD,Thousand heads (animals),SI03,Vzhodna Slovenija,2016,,339.93,,,,,
dataflow,ESTAT:TGS00045(1.0),Animal populations by NUTS 2 region,A,Annual,A2000,Live bovine animals,THS_HD,Thousand heads (animals),SI03,Vzhodna Slovenija,2017,,333.99,,,,,
dataflow,ESTAT:TGS00045(1.0),Animal populations by NUTS 2 region,A,Annual,A2000,Live bovine animals,THS_HD,Thousand heads (animals),SI03,Vzhodna Slovenija,2018,,332.63,,,,,
dataflow,ESTAT:TGS00045(1.0),Animal populations by NUTS 2 region,A,Annual,A2000,Live bovine animals,THS_HD,Thousand heads (animals),SI03,Vzhodna Slovenija,2019,,337.96,,,,,
dataflow,ESTAT:TGS00045(1.0),Animal populations by NUTS 2 region,A,Annual,A2000,Live bovine animals,THS_HD,Thousand heads (animals),SI03,Vzhodna Slovenija,2020,,339.74,,,,,
dataflow,ESTAT:TGS00045(1.0),Animal populations by NUTS 2 region,A,Annual,A2000,Live bovine animals,THS_HD,Thousand heads (animals),SI03,Vzhodna Slovenija,2021,,338.32,,,,,
dataflow,ESTAT:TGS00045(1.0),Animal populations by NUTS 2 region,A,Annual,A2000,Live bovine animals,THS_HD,Thousand heads (animals),SI03,Vzhodna Slovenija,2022,,327.96,,,,,
dataflow,ESTAT:TGS00045(1.0),Animal populations by NUTS 2 region,A,Annual,A2000,Live bovine animals,THS_HD,Thousand heads (animals),SI03,Vzhodna Slovenija,2023,,321.31,,,,,
dataflow,ESTAT:TGS00045(1.0),Animal populations by NUTS 2 region,A,Annual,A2000,Live bovine animals,THS_HD,Thousand heads (animals),SI03,Vzhodna Slovenija,2024,,319.04,,,,,
dataflow,ESTAT:TGS00045(1.0),Animal populations by NUTS 2 region,A,Annual,A2000,Live bovine animals,THS_HD,Thousand heads (animals),SI03,Vzhodna Slovenija,2025,,320.46,,,,,
dataflow,ESTAT:TGS00045(1.0),Animal populations by NUTS 2 region,A,Annual,A2000,Live bovine animals,THS_HD,Thousand heads (animals),SI04,Zahodna Slovenija,2014,,144.23,,,,,
dataflow,ESTAT:TGS00045(1.0),Animal populations by NUTS 2 region,A,Annual,A2000,Live bovine animals,THS_HD,Thousand heads (animals),SI04,Zahodna Slovenija,2015,,147.54,,,,,
dataflow,ESTAT:TGS00045(1.0),Animal populations by NUTS 2 region,A,Annual,A2000,Live bovine animals,THS_HD,Thousand heads (animals),SI04,Zahodna Slovenija,2016,,148.67,,,,,
dataflow,ESTAT:TGS00045(1.0),Animal populations by NUTS 2 region,A,Annual,A2000,Live bovine animals,THS_HD,Thousand heads (animals),SI04,Zahodna Slovenija,2017,,145.62,,,,,
dataflow,ESTAT:TGS00045(1.0),Animal populations by NUTS 2 region,A,Annual,A2000,Live bovine animals,THS_HD,Thousand heads (animals),SI04,Zahodna Slovenija,2018,,144.18,,,,,
dataflow,ESTAT:TGS00045(1.0),Animal populations by NUTS 2 region,A,Annual,A2000,Live bovine animals,THS_HD,Thousand heads (animals),SI04,Zahodna Slovenija,2019,,145.11,,,,,
dataflow,ESTAT:TGS00045(1.0),Animal populations by NUTS 2 region,A,Annual,A2000,Live bovine animals,THS_HD,Thousand heads (animals),SI04,Zahodna Slovenija,2020,,145.87,,,,,
dataflow,ESTAT:TGS00045(1.0),Animal populations by NUTS 2 region,A,Annual,A2000,Live bovine animals,THS_HD,Thousand heads (animals),SI04,Zahodna Slovenija,2021,,144.3,,,,,
dataflow,ESTAT:TGS00045(1.0),Animal populations by NUTS 2 region,A,Annual,A2000,Live bovine animals,THS_HD,Thousand heads (animals),SI04,Zahodna Slovenija,2022,,136.95,,,,,
dataflow,ESTAT:TGS00045(1.0),Animal populations by NUTS 2 region,A,Annual,A2000,Live bovine animals,THS_HD,Thousand heads (animals),SI04,Zahodna Slovenija,2023,,134.74,,,,,
dataflow,ESTAT:TGS00045(1.0),Animal populations by NUTS 2 region,A,Annual,A2000,Live bovine animals,THS_HD,Thousand heads (animals),SI04,Zahodna Slovenija,2024,,134.85,,,,,
dataflow,ESTAT:TGS00045(1.0),Animal populations by NUTS 2 region,A,Annual,A2000,Live bovine animals,THS_HD,Thousand heads (animals),SI04,Zahodna Slovenija,2025,,135.45,,,,,
dataflow,ESTAT:TGS00045(1.0),Animal populations by NUTS 2 region,A,Annual,A2000,Live bovine animals,THS_HD,Thousand heads (animals),SK01,Bratislavský kraj,2014,,13.95,,,,,
dataflow,ESTAT:TGS00045(1.0),Animal populations by NUTS 2 region,A,Annual,A2000,Live bovine animals,THS_HD,Thousand heads (animals),SK01,Bratislavský kraj,2015,,14.23,,,,,
dataflow,ESTAT:TGS00045(1.0),Animal populations by NUTS 2 region,A,Annual,A2000,Live bovine animals,THS_HD,Thousand heads (animals),SK01,Bratislavský kraj,2016,,14.77,,,,,
dataflow,ESTAT:TGS00045(1.0),Animal populations by NUTS 2 region,A,Annual,A2000,Live bovine animals,THS_HD,Thousand heads (animals),SK01,Bratislavský kraj,2017,,14.28,,,,,
dataflow,ESTAT:TGS00045(1.0),Animal populations by NUTS 2 region,A,Annual,A2000,Live bovine animals,THS_HD,Thousand heads (animals),SK01,Bratislavský kraj,2018,,13.67,,,,,
dataflow,ESTAT:TGS00045(1.0),Animal populations by NUTS 2 region,A,Annual,A2000,Live bovine animals,THS_HD,Thousand heads (animals),SK01,Bratislavský kraj,2019,,12.91,,,,,
dataflow,ESTAT:TGS00045(1.0),Animal populations by NUTS 2 region,A,Annual,A2000,Live bovine animals,THS_HD,Thousand heads (animals),SK01,Bratislavský kraj,2020,,13.67,,,,,
dataflow,ESTAT:TGS00045(1.0),Animal populations by NUTS 2 region,A,Annual,A2000,Live bovine animals,THS_HD,Thousand heads (animals),SK01,Bratislavský kraj,2021,,12.82,,,,,
dataflow,ESTAT:TGS00045(1.0),Animal populations by NUTS 2 region,A,Annual,A2000,Live bovine animals,THS_HD,Thousand heads (animals),SK01,Bratislavský kraj,2022,,12.7,,,,,
dataflow,ESTAT:TGS00045(1.0),Animal populations by NUTS 2 region,A,Annual,A2000,Live bovine animals,THS_HD,Thousand heads (animals),SK01,Bratislavský kraj,2023,,12.81,,,,,
dataflow,ESTAT:TGS00045(1.0),Animal populations by NUTS 2 region,A,Annual,A2000,Live bovine animals,THS_HD,Thousand heads (animals),SK01,Bratislavský kraj,2024,,12.31,,,,,
dataflow,ESTAT:TGS00045(1.0),Animal populations by NUTS 2 region,A,Annual,A2000,Live bovine animals,THS_HD,Thousand heads (animals),SK01,Bratislavský kraj,2025,,11.81,,,,,
dataflow,ESTAT:TGS00045(1.0),Animal populations by NUTS 2 region,A,Annual,A2000,Live bovine animals,THS_HD,Thousand heads (animals),SK02,Západné Slovensko,2014,,176.86,,,,,
dataflow,ESTAT:TGS00045(1.0),Animal populations by NUTS 2 region,A,Annual,A2000,Live bovine animals,THS_HD,Thousand heads (animals),SK02,Západné Slovensko,2015,,169.5,,,,,
dataflow,ESTAT:TGS00045(1.0),Animal populations by NUTS 2 region,A,Annual,A2000,Live bovine animals,THS_HD,Thousand heads (animals),SK02,Západné Slovensko,2016,,158.92,,,,,
dataflow,ESTAT:TGS00045(1.0),Animal populations by NUTS 2 region,A,Annual,A2000,Live bovine animals,THS_HD,Thousand heads (animals),SK02,Západné Slovensko,2017,,154.48,,,,,
dataflow,ESTAT:TGS00045(1.0),Animal populations by NUTS 2 region,A,Annual,A2000,Live bovine animals,THS_HD,Thousand heads (animals),SK02,Západné Slovensko,2018,,152.09,,,,,
dataflow,ESTAT:TGS00045(1.0),Animal populations by NUTS 2 region,A,Annual,A2000,Live bovine animals,THS_HD,Thousand heads (animals),SK02,Západné Slovensko,2019,,149.83,,,,,
dataflow,ESTAT:TGS00045(1.0),Animal populations by NUTS 2 region,A,Annual,A2000,Live bovine animals,THS_HD,Thousand heads (animals),SK02,Západné Slovensko,2020,,153.82,,,,,
dataflow,ESTAT:TGS00045(1.0),Animal populations by NUTS 2 region,A,Annual,A2000,Live bovine animals,THS_HD,Thousand heads (animals),SK02,Západné Slovensko,2021,,152.69,,,,,
dataflow,ESTAT:TGS00045(1.0),Animal populations by NUTS 2 region,A,Annual,A2000,Live bovine animals,THS_HD,Thousand heads (animals),SK02,Západné Slovensko,2022,,148.44,,,,,
dataflow,ESTAT:TGS00045(1.0),Animal populations by NUTS 2 region,A,Annual,A2000,Live bovine animals,THS_HD,Thousand heads (animals),SK02,Západné Slovensko,2023,,147.49,,,,,
dataflow,ESTAT:TGS00045(1.0),Animal populations by NUTS 2 region,A,Annual,A2000,Live bovine animals,THS_HD,Thousand heads (animals),SK02,Západné Slovensko,2024,,141.12,,,,,
dataflow,ESTAT:TGS00045(1.0),Animal populations by NUTS 2 region,A,Annual,A2000,Live bovine animals,THS_HD,Thousand heads (animals),SK02,Západné Slovensko,2025,,138.76,,,,,
dataflow,ESTAT:TGS00045(1.0),Animal populations by NUTS 2 region,A,Annual,A2000,Live bovine animals,THS_HD,Thousand heads (animals),SK03,Stredné Slovensko,2014,,145.54,,,,,
dataflow,ESTAT:TGS00045(1.0),Animal populations by NUTS 2 region,A,Annual,A2000,Live bovine animals,THS_HD,Thousand heads (animals),SK03,Stredné Slovensko,2015,,143.28,,,,,
dataflow,ESTAT:TGS00045(1.0),Animal populations by NUTS 2 region,A,Annual,A2000,Live bovine animals,THS_HD,Thousand heads (animals),SK03,Stredné Slovensko,2016,,140.81,,,,,
dataflow,ESTAT:TGS00045(1.0),Animal populations by NUTS 2 region,A,Annual,A2000,Live bovine animals,THS_HD,Thousand heads (animals),SK03,Stredné Slovensko,2017,,139.99,,,,,
dataflow,ESTAT:TGS00045(1.0),Animal populations by NUTS 2 region,A,Annual,A2000,Live bovine animals,THS_HD,Thousand heads (animals),SK03,Stredné Slovensko,2018,,141.23,,,,,
dataflow,ESTAT:TGS00045(1.0),Animal populations by NUTS 2 region,A,Annual,A2000,Live bovine animals,THS_HD,Thousand heads (animals),SK03,Stredné Slovensko,2019,,138.71,,,,,
dataflow,ESTAT:TGS00045(1.0),Animal populations by NUTS 2 region,A,Annual,A2000,Live bovine animals,THS_HD,Thousand heads (animals),SK03,Stredné Slovensko,2020,,140.02,,,,,
dataflow,ESTAT:TGS00045(1.0),Animal populations by NUTS 2 region,A,Annual,A2000,Live bovine animals,THS_HD,Thousand heads (animals),SK03,Stredné Slovensko,2021,,140.3,,,,,
dataflow,ESTAT:TGS00045(1.0),Animal populations by NUTS 2 region,A,Annual,A2000,Live bovine animals,THS_HD,Thousand heads (animals),SK03,Stredné Slovensko,2022,,140.91,,,,,
dataflow,ESTAT:TGS00045(1.0),Animal populations by NUTS 2 region,A,Annual,A2000,Live bovine animals,THS_HD,Thousand heads (animals),SK03,Stredné Slovensko,2023,,138.91,,,,,
dataflow,ESTAT:TGS00045(1.0),Animal populations by NUTS 2 region,A,Annual,A2000,Live bovine animals,THS_HD,Thousand heads (animals),SK03,Stredné Slovensko,2024,,135.28,,,,,
dataflow,ESTAT:TGS00045(1.0),Animal populations by NUTS 2 region,A,Annual,A2000,Live bovine animals,THS_HD,Thousand heads (animals),SK03,Stredné Slovensko,2025,,135.6,,,,,
dataflow,ESTAT:TGS00045(1.0),Animal populations by NUTS 2 region,A,Annual,A2000,Live bovine animals,THS_HD,Thousand heads (animals),SK04,Východné Slovensko,2014,,129.19,,,,,
dataflow,ESTAT:TGS00045(1.0),Animal populations by NUTS 2 region,A,Annual,A2000,Live bovine animals,THS_HD,Thousand heads (animals),SK04,Východné Slovensko,2015,,130.57,,,,,
dataflow,ESTAT:TGS00045(1.0),Animal populations by NUTS 2 region,A,Annual,A2000,Live bovine animals,THS_HD,Thousand heads (animals),SK04,Východné Slovensko,2016,,131.61,,,,,
dataflow,ESTAT:TGS00045(1.0),Animal populations by NUTS 2 region,A,Annual,A2000,Live bovine animals,THS_HD,Thousand heads (animals),SK04,Východné Slovensko,2017,,131.08,,,,,
dataflow,ESTAT:TGS00045(1.0),Animal populations by NUTS 2 region,A,Annual,A2000,Live bovine animals,THS_HD,Thousand heads (animals),SK04,Východné Slovensko,2018,,131.87,,,,,
dataflow,ESTAT:TGS00045(1.0),Animal populations by NUTS 2 region,A,Annual,A2000,Live bovine animals,THS_HD,Thousand heads (animals),SK04,Východné Slovensko,2019,,130.81,,,,,
dataflow,ESTAT:TGS00045(1.0),Animal populations by NUTS 2 region,A,Annual,A2000,Live bovine animals,THS_HD,Thousand heads (animals),SK04,Východné Slovensko,2020,,134.77,,,,,
dataflow,ESTAT:TGS00045(1.0),Animal populations by NUTS 2 region,A,Annual,A2000,Live bovine animals,THS_HD,Thousand heads (animals),SK04,Východné Slovensko,2021,,128.28,,,,,
dataflow,ESTAT:TGS00045(1.0),Animal populations by NUTS 2 region,A,Annual,A2000,Live bovine animals,THS_HD,Thousand heads (animals),SK04,Východné Slovensko,2022,,131.13,,,,,
dataflow,ESTAT:TGS00045(1.0),Animal populations by NUTS 2 region,A,Annual,A2000,Live bovine animals,THS_HD,Thousand heads (animals),SK04,Východné Slovensko,2023,,130.52,,,,,
dataflow,ESTAT:TGS00045(1.0),Animal populations by NUTS 2 region,A,Annual,A2000,Live bovine animals,THS_HD,Thousand heads (animals),SK04,Východné Slovensko,2024,,127.98,,,,,
dataflow,ESTAT:TGS00045(1.0),Animal populations by NUTS 2 region,A,Annual,A2000,Live bovine animals,THS_HD,Thousand heads (animals),SK04,Východné Slovensko,2025,,127.3,,,,,
dataflow,ESTAT:TGS00045(1.0),Animal populations by NUTS 2 region,A,Annual,A2000,Live bovine animals,THS_HD,Thousand heads (animals),TR10,İstanbul,2023,,89.01,,,,,
dataflow,ESTAT:TGS00045(1.0),Animal populations by NUTS 2 region,A,Annual,A2000,Live bovine animals,THS_HD,Thousand heads (animals),TR10,İstanbul,2024,,80.67,,,,,
dataflow,ESTAT:TGS00045(1.0),Animal populations by NUTS 2 region,A,Annual,A2000,Live bovine animals,THS_HD,Thousand heads (animals),TR10,İstanbul,2025,,85.85,,,,,
dataflow,ESTAT:TGS00045(1.0),Animal populations by NUTS 2 region,A,Annual,A2000,Live bovine animals,THS_HD,Thousand heads (animals),TR21,"Tekirdağ, Edirne, Kırklareli",2023,,436.16,,,,,
dataflow,ESTAT:TGS00045(1.0),Animal populations by NUTS 2 region,A,Annual,A2000,Live bovine animals,THS_HD,Thousand heads (animals),TR21,"Tekirdağ, Edirne, Kırklareli",2024,,437.06,,,,,
dataflow,ESTAT:TGS00045(1.0),Animal populations by NUTS 2 region,A,Annual,A2000,Live bovine animals,THS_HD,Thousand heads (animals),TR21,"Tekirdağ, Edirne, Kırklareli",2025,,419.27,,,,,
dataflow,ESTAT:TGS00045(1.0),Animal populations by NUTS 2 region,A,Annual,A2000,Live bovine animals,THS_HD,Thousand heads (animals),TR22,"Balıkesir, Çanakkale",2023,,738.53,,,,,
dataflow,ESTAT:TGS00045(1.0),Animal populations by NUTS 2 region,A,Annual,A2000,Live bovine animals,THS_HD,Thousand heads (animals),TR22,"Balıkesir, Çanakkale",2024,,786.88,,,,,
dataflow,ESTAT:TGS00045(1.0),Animal populations by NUTS 2 region,A,Annual,A2000,Live bovine animals,THS_HD,Thousand heads (animals),TR22,"Balıkesir, Çanakkale",2025,,835.84,,,,,
dataflow,ESTAT:TGS00045(1.0),Animal populations by NUTS 2 region,A,Annual,A2000,Live bovine animals,THS_HD,Thousand heads (animals),TR31,İzmir,2023,,816.34,,,,,
dataflow,ESTAT:TGS00045(1.0),Animal populations by NUTS 2 region,A,Annual,A2000,Live bovine animals,THS_HD,Thousand heads (animals),TR31,İzmir,2024,,883.65,,,,,
dataflow,ESTAT:TGS00045(1.0),Animal populations by NUTS 2 region,A,Annual,A2000,Live bovine animals,THS_HD,Thousand heads (animals),TR31,İzmir,2025,,929.79,,,,,
dataflow,ESTAT:TGS00045(1.0),Animal populations by NUTS 2 region,A,Annual,A2000,Live bovine animals,THS_HD,Thousand heads (animals),TR32,"Aydın, Denizli, Muğla",2023,,993.92,,,,,
dataflow,ESTAT:TGS00045(1.0),Animal populations by NUTS 2 region,A,Annual,A2000,Live bovine animals,THS_HD,Thousand heads (animals),TR32,"Aydın, Denizli, Muğla",2024,,1023.17,,,,,
dataflow,ESTAT:TGS00045(1.0),Animal populations by NUTS 2 region,A,Annual,A2000,Live bovine animals,THS_HD,Thousand heads (animals),TR32,"Aydın, Denizli, Muğla",2025,,1065.46,,,,,
dataflow,ESTAT:TGS00045(1.0),Animal populations by NUTS 2 region,A,Annual,A2000,Live bovine animals,THS_HD,Thousand heads (animals),TR33,"Manisa, Afyonkarahisar, Kütahya, Uşak",2023,,926.84,,,,,
dataflow,ESTAT:TGS00045(1.0),Animal populations by NUTS 2 region,A,Annual,A2000,Live bovine animals,THS_HD,Thousand heads (animals),TR33,"Manisa, Afyonkarahisar, Kütahya, Uşak",2024,,967.69,,,,,
dataflow,ESTAT:TGS00045(1.0),Animal populations by NUTS 2 region,A,Annual,A2000,Live bovine animals,THS_HD,Thousand heads (animals),TR33,"Manisa, Afyonkarahisar, Kütahya, Uşak",2025,,996.9,,,,,
dataflow,ESTAT:TGS00045(1.0),Animal populations by NUTS 2 region,A,Annual,A2000,Live bovine animals,THS_HD,Thousand heads (animals),TR41,"Bursa, Eskişehir, Bilecik",2023,,406.25,,,,,
dataflow,ESTAT:TGS00045(1.0),Animal populations by NUTS 2 region,A,Annual,A2000,Live bovine animals,THS_HD,Thousand heads (animals),TR41,"Bursa, Eskişehir, Bilecik",2024,,407.57,,,,,
dataflow,ESTAT:TGS00045(1.0),Animal populations by NUTS 2 region,A,Annual,A2000,Live bovine animals,THS_HD,Thousand heads (animals),TR41,"Bursa, Eskişehir, Bilecik",2025,,421.28,,,,,
dataflow,ESTAT:TGS00045(1.0),Animal populations by NUTS 2 region,A,Annual,A2000,Live bovine animals,THS_HD,Thousand heads (animals),TR42,"Kocaeli, Sakarya, Düzce, Bolu, Yalova",2023,,491.56,,,,,
dataflow,ESTAT:TGS00045(1.0),Animal populations by NUTS 2 region,A,Annual,A2000,Live bovine animals,THS_HD,Thousand heads (animals),TR42,"Kocaeli, Sakarya, Düzce, Bolu, Yalova",2024,,515.17,,,,,
dataflow,ESTAT:TGS00045(1.0),Animal populations by NUTS 2 region,A,Annual,A2000,Live bovine animals,THS_HD,Thousand heads (animals),TR42,"Kocaeli, Sakarya, Düzce, Bolu, Yalova",2025,,528.7,,,,,
dataflow,ESTAT:TGS00045(1.0),Animal populations by NUTS 2 region,A,Annual,A2000,Live bovine animals,THS_HD,Thousand heads (animals),TR51,Ankara,2023,,610.51,,,,,
dataflow,ESTAT:TGS00045(1.0),Animal populations by NUTS 2 region,A,Annual,A2000,Live bovine animals,THS_HD,Thousand heads (animals),TR51,Ankara,2024,,630.21,,,,,
dataflow,ESTAT:TGS00045(1.0),Animal populations by NUTS 2 region,A,Annual,A2000,Live bovine animals,THS_HD,Thousand heads (animals),TR51,Ankara,2025,,666.35,,,,,
dataflow,ESTAT:TGS00045(1.0),Animal populations by NUTS 2 region,A,Annual,A2000,Live bovine animals,THS_HD,Thousand heads (animals),TR52,"Konya, Karaman",2023,,989.29,,,,,
dataflow,ESTAT:TGS00045(1.0),Animal populations by NUTS 2 region,A,Annual,A2000,Live bovine animals,THS_HD,Thousand heads (animals),TR52,"Konya, Karaman",2024,,1007.19,,,,,
dataflow,ESTAT:TGS00045(1.0),Animal populations by NUTS 2 region,A,Annual,A2000,Live bovine animals,THS_HD,Thousand heads (animals),TR52,"Konya, Karaman",2025,,1029.14,,,,,
dataflow,ESTAT:TGS00045(1.0),Animal populations by NUTS 2 region,A,Annual,A2000,Live bovine animals,THS_HD,Thousand heads (animals),TR61,"Antalya, Isparta, Burdur",2023,,500.78,,,,,
dataflow,ESTAT:TGS00045(1.0),Animal populations by NUTS 2 region,A,Annual,A2000,Live bovine animals,THS_HD,Thousand heads (animals),TR61,"Antalya, Isparta, Burdur",2024,,503.66,,,,,
dataflow,ESTAT:TGS00045(1.0),Animal populations by NUTS 2 region,A,Annual,A2000,Live bovine animals,THS_HD,Thousand heads (animals),TR61,"Antalya, Isparta, Burdur",2025,,534.92,,,,,
dataflow,ESTAT:TGS00045(1.0),Animal populations by NUTS 2 region,A,Annual,A2000,Live bovine animals,THS_HD,Thousand heads (animals),TR62,"Adana, Mersin",2023,,351.39,,,,,
dataflow,ESTAT:TGS00045(1.0),Animal populations by NUTS 2 region,A,Annual,A2000,Live bovine animals,THS_HD,Thousand heads (animals),TR62,"Adana, Mersin",2024,,351.97,,,,,
dataflow,ESTAT:TGS00045(1.0),Animal populations by NUTS 2 region,A,Annual,A2000,Live bovine animals,THS_HD,Thousand heads (animals),TR62,"Adana, Mersin",2025,,368.37,,,,,
dataflow,ESTAT:TGS00045(1.0),Animal populations by NUTS 2 region,A,Annual,A2000,Live bovine animals,THS_HD,Thousand heads (animals),TR63,"Hatay, Kahramanmaraş, Osmaniye",2023,,440.79,,,,,
dataflow,ESTAT:TGS00045(1.0),Animal populations by NUTS 2 region,A,Annual,A2000,Live bovine animals,THS_HD,Thousand heads (animals),TR63,"Hatay, Kahramanmaraş, Osmaniye",2024,,435.78,,,,,
dataflow,ESTAT:TGS00045(1.0),Animal populations by NUTS 2 region,A,Annual,A2000,Live bovine animals,THS_HD,Thousand heads (animals),TR63,"Hatay, Kahramanmaraş, Osmaniye",2025,,473.16,,,,,
dataflow,ESTAT:TGS00045(1.0),Animal populations by NUTS 2 region,A,Annual,A2000,Live bovine animals,THS_HD,Thousand heads (animals),TR71,"Kırıkkale, Aksaray, Niğde, Nevşehir, Kırşehir",2023,,956.41,,,,,
dataflow,ESTAT:TGS00045(1.0),Animal populations by NUTS 2 region,A,Annual,A2000,Live bovine animals,THS_HD,Thousand heads (animals),TR71,"Kırıkkale, Aksaray, Niğde, Nevşehir, Kırşehir",2024,,1013.16,,,,,
dataflow,ESTAT:TGS00045(1.0),Animal populations by NUTS 2 region,A,Annual,A2000,Live bovine animals,THS_HD,Thousand heads (animals),TR71,"Kırıkkale, Aksaray, Niğde, Nevşehir, Kırşehir",2025,,1129.37,,,,,
dataflow,ESTAT:TGS00045(1.0),Animal populations by NUTS 2 region,A,Annual,A2000,Live bovine animals,THS_HD,Thousand heads (animals),TR72,"Kayseri, Sivas, Yozgat",2023,,1044.23,,,,,
dataflow,ESTAT:TGS00045(1.0),Animal populations by NUTS 2 region,A,Annual,A2000,Live bovine animals,THS_HD,Thousand heads (animals),TR72,"Kayseri, Sivas, Yozgat",2024,,1032.71,,,,,
dataflow,ESTAT:TGS00045(1.0),Animal populations by NUTS 2 region,A,Annual,A2000,Live bovine animals,THS_HD,Thousand heads (animals),TR72,"Kayseri, Sivas, Yozgat",2025,,1046.67,,,,,
dataflow,ESTAT:TGS00045(1.0),Animal populations by NUTS 2 region,A,Annual,A2000,Live bovine animals,THS_HD,Thousand heads (animals),TR81,"Zonguldak, Karabük, Bartın",2023,,148.64,,,,,
dataflow,ESTAT:TGS00045(1.0),Animal populations by NUTS 2 region,A,Annual,A2000,Live bovine animals,THS_HD,Thousand heads (animals),TR81,"Zonguldak, Karabük, Bartın",2024,,148.77,,,,,
dataflow,ESTAT:TGS00045(1.0),Animal populations by NUTS 2 region,A,Annual,A2000,Live bovine animals,THS_HD,Thousand heads (animals),TR81,"Zonguldak, Karabük, Bartın",2025,,164.7,,,,,
dataflow,ESTAT:TGS00045(1.0),Animal populations by NUTS 2 region,A,Annual,A2000,Live bovine animals,THS_HD,Thousand heads (animals),TR82,"Kastamonu, Çankırı, Sinop",2023,,497.05,,,,,
dataflow,ESTAT:TGS00045(1.0),Animal populations by NUTS 2 region,A,Annual,A2000,Live bovine animals,THS_HD,Thousand heads (animals),TR82,"Kastamonu, Çankırı, Sinop",2024,,501.09,,,,,
dataflow,ESTAT:TGS00045(1.0),Animal populations by NUTS 2 region,A,Annual,A2000,Live bovine animals,THS_HD,Thousand heads (animals),TR82,"Kastamonu, Çankırı, Sinop",2025,,526.8,,,,,
dataflow,ESTAT:TGS00045(1.0),Animal populations by NUTS 2 region,A,Annual,A2000,Live bovine animals,THS_HD,Thousand heads (animals),TR83,"Samsun, Tokat, Çorum, Amasya",2023,,1029.06,,,,,
dataflow,ESTAT:TGS00045(1.0),Animal populations by NUTS 2 region,A,Annual,A2000,Live bovine animals,THS_HD,Thousand heads (animals),TR83,"Samsun, Tokat, Çorum, Amasya",2024,,1017.59,,,,,
dataflow,ESTAT:TGS00045(1.0),Animal populations by NUTS 2 region,A,Annual,A2000,Live bovine animals,THS_HD,Thousand heads (animals),TR83,"Samsun, Tokat, Çorum, Amasya",2025,,1053.51,,,,,
dataflow,ESTAT:TGS00045(1.0),Animal populations by NUTS 2 region,A,Annual,A2000,Live bovine animals,THS_HD,Thousand heads (animals),TR90,"Trabzon, Ordu, Giresun, Rize, Artvin, Gümüşhane",2023,,483.68,,,,,
dataflow,ESTAT:TGS00045(1.0),Animal populations by NUTS 2 region,A,Annual,A2000,Live bovine animals,THS_HD,Thousand heads (animals),TR90,"Trabzon, Ordu, Giresun, Rize, Artvin, Gümüşhane",2024,,502.18,,,,,
dataflow,ESTAT:TGS00045(1.0),Animal populations by NUTS 2 region,A,Annual,A2000,Live bovine animals,THS_HD,Thousand heads (animals),TR90,"Trabzon, Ordu, Giresun, Rize, Artvin, Gümüşhane",2025,,516.25,,,,,
dataflow,ESTAT:TGS00045(1.0),Animal populations by NUTS 2 region,A,Annual,A2000,Live bovine animals,THS_HD,Thousand heads (animals),TRA1,"Erzurum, Erzincan, Bayburt",2023,,878.71,,,,,
dataflow,ESTAT:TGS00045(1.0),Animal populations by NUTS 2 region,A,Annual,A2000,Live bovine animals,THS_HD,Thousand heads (animals),TRA1,"Erzurum, Erzincan, Bayburt",2024,,893.9,,,,,
dataflow,ESTAT:TGS00045(1.0),Animal populations by NUTS 2 region,A,Annual,A2000,Live bovine animals,THS_HD,Thousand heads (animals),TRA1,"Erzurum, Erzincan, Bayburt",2025,,975.08,,,,,
dataflow,ESTAT:TGS00045(1.0),Animal populations by NUTS 2 region,A,Annual,A2000,Live bovine animals,THS_HD,Thousand heads (animals),TRA2,"Ağrı, Kars, Iğdır, Ardahan",2023,,1325.61,,,,,
dataflow,ESTAT:TGS00045(1.0),Animal populations by NUTS 2 region,A,Annual,A2000,Live bovine animals,THS_HD,Thousand heads (animals),TRA2,"Ağrı, Kars, Iğdır, Ardahan",2024,,1342.4,,,,,
dataflow,ESTAT:TGS00045(1.0),Animal populations by NUTS 2 region,A,Annual,A2000,Live bovine animals,THS_HD,Thousand heads (animals),TRA2,"Ağrı, Kars, Iğdır, Ardahan",2025,,1355.01,,,,,
dataflow,ESTAT:TGS00045(1.0),Animal populations by NUTS 2 region,A,Annual,A2000,Live bovine animals,THS_HD,Thousand heads (animals),TRB1,"Malatya, Elazığ, Bingöl, Tunceli",2023,,488.16,,,,,
dataflow,ESTAT:TGS00045(1.0),Animal populations by NUTS 2 region,A,Annual,A2000,Live bovine animals,THS_HD,Thousand heads (animals),TRB1,"Malatya, Elazığ, Bingöl, Tunceli",2024,,493.23,,,,,
dataflow,ESTAT:TGS00045(1.0),Animal populations by NUTS 2 region,A,Annual,A2000,Live bovine animals,THS_HD,Thousand heads (animals),TRB1,"Malatya, Elazığ, Bingöl, Tunceli",2025,,516.4,,,,,
dataflow,ESTAT:TGS00045(1.0),Animal populations by NUTS 2 region,A,Annual,A2000,Live bovine animals,THS_HD,Thousand heads (animals),TRB2,"Van, Muş, Bitlis, Hakkari",2023,,474.11,,,,,
dataflow,ESTAT:TGS00045(1.0),Animal populations by NUTS 2 region,A,Annual,A2000,Live bovine animals,THS_HD,Thousand heads (animals),TRB2,"Van, Muş, Bitlis, Hakkari",2024,,502.32,,,,,
dataflow,ESTAT:TGS00045(1.0),Animal populations by NUTS 2 region,A,Annual,A2000,Live bovine animals,THS_HD,Thousand heads (animals),TRB2,"Van, Muş, Bitlis, Hakkari",2025,,515.68,,,,,
dataflow,ESTAT:TGS00045(1.0),Animal populations by NUTS 2 region,A,Annual,A2000,Live bovine animals,THS_HD,Thousand heads (animals),TRC1,"Gaziantep, Adıyaman, Kilis",2023,,320.2,,,,,
dataflow,ESTAT:TGS00045(1.0),Animal populations by NUTS 2 region,A,Annual,A2000,Live bovine animals,THS_HD,Thousand heads (animals),TRC1,"Gaziantep, Adıyaman, Kilis",2024,,307.57,,,,,
dataflow,ESTAT:TGS00045(1.0),Animal populations by NUTS 2 region,A,Annual,A2000,Live bovine animals,THS_HD,Thousand heads (animals),TRC1,"Gaziantep, Adıyaman, Kilis",2025,,325.78,,,,,
dataflow,ESTAT:TGS00045(1.0),Animal populations by NUTS 2 region,A,Annual,A2000,Live bovine animals,THS_HD,Thousand heads (animals),TRC2,"Şanlıurfa, Diyarbakır",2023,,894.85,,,,,
dataflow,ESTAT:TGS00045(1.0),Animal populations by NUTS 2 region,A,Annual,A2000,Live bovine animals,THS_HD,Thousand heads (animals),TRC2,"Şanlıurfa, Diyarbakır",2024,,924.99,,,,,
dataflow,ESTAT:TGS00045(1.0),Animal populations by NUTS 2 region,A,Annual,A2000,Live bovine animals,THS_HD,Thousand heads (animals),TRC2,"Şanlıurfa, Diyarbakır",2025,,940.96,,,,,
dataflow,ESTAT:TGS00045(1.0),Animal populations by NUTS 2 region,A,Annual,A2000,Live bovine animals,THS_HD,Thousand heads (animals),TRC3,"Mardin, Batman, Şırnak, Siirt",2023,,250.92,,,,,
dataflow,ESTAT:TGS00045(1.0),Animal populations by NUTS 2 region,A,Annual,A2000,Live bovine animals,THS_HD,Thousand heads (animals),TRC3,"Mardin, Batman, Şırnak, Siirt",2024,,275.73,,,,,
dataflow,ESTAT:TGS00045(1.0),Animal populations by NUTS 2 region,A,Annual,A2000,Live bovine animals,THS_HD,Thousand heads (animals),TRC3,"Mardin, Batman, Şırnak, Siirt",2025,,287.76,,,,,
dataflow,ESTAT:TGS00045(1.0),Animal populations by NUTS 2 region,A,Annual,A2000,Live bovine animals,THS_HD,Thousand heads (animals),UKN0,Northern Ireland (UK) (NUTS 2021),2014,,1564,,,,,
dataflow,ESTAT:TGS00045(1.0),Animal populations by NUTS 2 region,A,Annual,A2000,Live bovine animals,THS_HD,Thousand heads (animals),UKN0,Northern Ireland (UK) (NUTS 2021),2015,,1610,,,,,
dataflow,ESTAT:TGS00045(1.0),Animal populations by NUTS 2 region,A,Annual,A2000,Live bovine animals,THS_HD,Thousand heads (animals),UKN0,Northern Ireland (UK) (NUTS 2021),2016,,1625,,,,,
dataflow,ESTAT:TGS00045(1.0),Animal populations by NUTS 2 region,A,Annual,A2000,Live bovine animals,THS_HD,Thousand heads (animals),UKN0,Northern Ireland (UK) (NUTS 2021),2017,,1627,,,,,
dataflow,ESTAT:TGS00045(1.0),Animal populations by NUTS 2 region,A,Annual,A2000,Live bovine animals,THS_HD,Thousand heads (animals),UKN0,Northern Ireland (UK) (NUTS 2021),2018,,1586,,,,,
dataflow,ESTAT:TGS00045(1.0),Animal populations by NUTS 2 region,A,Annual,A2000,Live bovine animals,THS_HD,Thousand heads (animals),UKN0,Northern Ireland (UK) (NUTS 2021),2019,,1564,,,,,
